window,sensorid,start,end_exclusive,review_rows,n,days,bins_2h,median_step_s,modal_step_s,max_gap_h,edge_start_h,edge_end_h,observed_span_days,insufficient
0,1275,2025-04-29 00:00:00,2025-05-29 00:00:00,729,729,30,360,3535.99999999999,3536,1.0591666666666697,0.055,0.16638888888888914,29.99077546296296,
0,996,2025-04-29 00:00:00,2025-05-29 00:00:00,9,2869,30,360,900.0000000000256,900,0.5002777777777965,0.0002777777777777778,0.2500000000000284,29.98957175925926,
0,1012,2025-04-29 00:00:00,2025-05-29 00:00:00,9,2872,30,360,900.0000000000256,900,0.5002777777777965,0.0002777777777777778,0.2500000000000284,29.98957175925926,
0,1035,2025-04-29 00:00:00,2025-05-29 00:00:00,8,2827,30,355,900.0000000000256,900,0.5002777777777965,10.500277777777779,0.2500000000000284,29.55207175925926,
1,1275,2025-04-30 00:00:00,2025-05-30 00:00:00,728,728,30,360,3535.99999999999,3536,1.0591666666666697,0.7658333333333331,0.436666666666639,29.949895833333336,
1,996,2025-04-30 00:00:00,2025-05-30 00:00:00,10,2868,30,360,900.0000000000256,900,0.5002777777777965,0.0,0.24972222222220353,29.989594907407408,
1,1012,2025-04-30 00:00:00,2025-05-30 00:00:00,9,2872,30,360,900.0000000000256,900,0.5002777777777965,0.0,0.24972222222220353,29.989594907407408,
1,1035,2025-04-30 00:00:00,2025-05-30 00:00:00,8,2870,30,360,900.0000000000256,900,0.5002777777777965,0.0,0.24972222222220353,29.989594907407408,
2,1275,2025-05-01 00:00:00,2025-05-31 00:00:00,728,728,30,360,3535.99999999999,3536,1.0591666666666697,0.49472222222222584,0.7072222222222138,29.94991898148148,
2,996,2025-05-01 00:00:00,2025-05-31 00:00:00,11,2867,30,360,900.0000000000256,900,0.5002777777777965,0.0,0.2500000000000284,29.989583333333332,
2,1012,2025-05-01 00:00:00,2025-05-31 00:00:00,9,2872,30,360,900.0000000000256,900,0.5002777777777965,0.0,0.2500000000000284,29.989583333333332,
2,1035,2025-05-01 00:00:00,2025-05-31 00:00:00,8,2870,30,360,900.0000000000256,900,0.5002777777777965,0.0,0.2500000000000284,29.989583333333332,
3,1275,2025-05-02 00:00:00,2025-06-01 00:00:00,728,728,30,360,3535.99999999999,3536,1.0591666666666697,0.22222222222221788,0.9774999999999636,29.950011574074075,
3,996,2025-05-02 00:00:00,2025-06-01 00:00:00,11,2867,30,360,900.0000000000256,900,0.5002777777777965,0.0,0.24972222222220353,29.989594907407408,
3,1012,2025-05-02 00:00:00,2025-06-01 00:00:00,9,2871,30,360,900.0000000000256,900,0.5002777777777965,0.0,0.24972222222220353,29.989594907407408,
3,1035,2025-05-02 00:00:00,2025-06-01 00:00:00,8,2870,30,360,900.0000000000256,900,0.5002777777777965,0.0,0.24972222222220353,29.989594907407408,
4,1275,2025-05-03 00:00:00,2025-06-02 00:00:00,728,728,30,360,3535.99999999999,3536,1.0591666666666697,0.93194444444444,0.26749999999992724,29.95002314814815,
4,996,2025-05-03 00:00:00,2025-06-02 00:00:00,11,2868,30,360,900.0000000000256,900,0.5002777777777965,0.0,0.24999999999994316,29.989583333333336,
4,1012,2025-05-03 00:00:00,2025-06-02 00:00:00,9,2870,30,360,900.0000000000256,900,0.5002777777777965,0.0,0.24999999999994316,29.989583333333336,
4,1035,2025-05-03 00:00:00,2025-06-02 00:00:00,8,2869,30,360,900.0000000000256,900,0.5002777777777965,0.0,0.24999999999994316,29.989583333333336,
5,1275,2025-05-04 00:00:00,2025-06-03 00:00:00,728,728,30,360,3535.99999999999,3536,1.0591666666666697,0.6591666666666711,0.5402777777777601,29.950023148148148,
5,996,2025-05-04 00:00:00,2025-06-03 00:00:00,12,2866,30,360,900.0000000000256,900,0.5002777777777965,0.0,0.24972222222220353,29.989594907407408,
5,1012,2025-05-04 00:00:00,2025-06-03 00:00:00,10,2870,30,360,900.0000000000256,900,0.5002777777777965,0.0,0.24972222222220353,29.989594907407408,
5,1035,2025-05-04 00:00:00,2025-06-03 00:00:00,8,2868,30,360,900.0000000000256,900,0.5002777777777965,0.0,0.24972222222220353,29.989594907407408,
6,1275,2025-05-05 00:00:00,2025-06-04 00:00:00,728,728,30,360,3535.99999999999,3536,1.0591666666666697,0.3858333333333377,0.813055555555593,29.950046296296293,
6,996,2025-05-05 00:00:00,2025-06-04 00:00:00,11,2866,30,360,900.0000000000256,900,0.5002777777777965,0.0,0.24999999999994316,29.989583333333336,
6,1012,2025-05-05 00:00:00,2025-06-04 00:00:00,10,2868,30,360,900.0000000000256,900,0.5002777777777965,0.0,0.24999999999994316,29.989583333333336,
6,1035,2025-05-05 00:00:00,2025-06-04 00:00:00,8,2868,30,360,900.0000000000256,900,0.5002777777777965,0.0,0.24999999999994316,29.989583333333336,
7,1275,2025-05-06 00:00:00,2025-06-05 00:00:00,729,729,30,360,3535.99999999999,3536,1.0591666666666697,0.11277777777778653,0.10388888888894598,29.99097222222222,
7,996,2025-05-06 00:00:00,2025-06-05 00:00:00,11,2866,30,360,900.0000000001023,900,0.5002777777777965,0.0002777777777822621,0.24972222222220353,29.989583333333336,
7,1012,2025-05-06 00:00:00,2025-06-05 00:00:00,10,2868,30,360,900.0000000001023,900,0.5002777777777965,0.0002777777777822621,0.24972222222220353,29.989583333333336,
7,1035,2025-05-06 00:00:00,2025-06-05 00:00:00,7,2869,30,360,900.0000000001023,900,0.5002777777777965,0.0002777777777822621,0.24972222222220353,29.989583333333336,
8,1275,2025-05-07 00:00:00,2025-06-06 00:00:00,728,728,30,360,3535.99999999999,3536,1.0591666666666697,0.822777777777759,0.3772222222222581,29.95,
8,996,2025-05-07 00:00:00,2025-06-06 00:00:00,10,2865,30,360,900.0000000001023,900,0.5002777777777965,0.0002777777777822621,0.24999999999994316,29.989571759259263,
8,1012,2025-05-07 00:00:00,2025-06-06 00:00:00,11,2868,30,360,900.0000000001023,900,0.5002777777777965,0.0002777777777822621,0.24999999999994316,29.989571759259263,
8,1035,2025-05-07 00:00:00,2025-06-06 00:00:00,6,2869,30,360,900.0000000001023,900,0.5002777777777965,0.0002777777777822621,0.24999999999994316,29.989571759259263,
9,1275,2025-05-08 00:00:00,2025-06-07 00:00:00,728,728,30,360,3535.99999999999,3536,1.0591666666666697,0.55138888888888,0.6477777777778329,29.95003472222222,
9,996,2025-05-08 00:00:00,2025-06-07 00:00:00,10,2865,30,360,900.0000000001023,900,0.5002777777777965,0.0002777777777822621,0.24999999999994316,29.989571759259263,
9,1012,2025-05-08 00:00:00,2025-06-07 00:00:00,10,2867,30,360,900.0000000001023,900,0.5002777777777965,0.0002777777777822621,0.24999999999994316,29.989571759259263,
9,1035,2025-05-08 00:00:00,2025-06-07 00:00:00,6,2869,30,360,900.0000000001023,900,0.5002777777777965,0.0002777777777822621,0.24999999999994316,29.989571759259263,
10,1275,2025-05-09 00:00:00,2025-06-08 00:00:00,728,728,30,360,3535.99999999999,3536,1.0591666666666697,0.2797222222222189,0.9180555555554974,29.950092592592597,
10,996,2025-05-09 00:00:00,2025-06-08 00:00:00,10,2865,30,360,900.0000000001023,900,0.5002777777777965,0.0,0.24972222222220353,29.989594907407408,
10,1012,2025-05-09 00:00:00,2025-06-08 00:00:00,10,2866,30,360,900.0000000001023,900,0.5002777777777112,0.0,0.24972222222220353,29.989594907407408,
10,1035,2025-05-09 00:00:00,2025-06-08 00:00:00,6,2869,30,360,900.0000000001023,900,0.5002777777777965,0.0,0.24972222222220353,29.989594907407408,
11,1275,2025-05-10 00:00:00,2025-06-09 00:00:00,729,729,30,360,3535.99999999999,3536,1.0591666666666697,0.007499999999993179,0.20638888888885276,29.991087962962965,
11,996,2025-05-10 00:00:00,2025-06-09 00:00:00,11,2865,30,360,900.0000000001023,900,0.5002777777777965,0.0,0.24999999999994316,29.989583333333336,
11,1012,2025-05-10 00:00:00,2025-06-09 00:00:00,11,2866,30,360,900.0000000001023,900,0.5002777777777112,0.0,0.24999999999994316,29.989583333333336,
11,1035,2025-05-10 00:00:00,2025-06-09 00:00:00,6,2867,30,360,900.0000000001023,900,0.5002777777777965,0.0,0.24999999999994316,29.989583333333336,
12,1275,2025-05-11 00:00:00,2025-06-10 00:00:00,728,728,30,360,3535.99999999999,3536,1.0591666666666697,0.718611111111116,0.4769444444444275,29.950185185185184,
12,996,2025-05-11 00:00:00,2025-06-10 00:00:00,11,2866,30,360,900.0000000001023,900,0.5002777777777965,0.0,0.24972222222220353,29.989594907407408,
12,1012,2025-05-11 00:00:00,2025-06-10 00:00:00,11,2866,30,360,900.0000000001023,900,0.5002777777777112,0.0,0.24972222222220353,29.989594907407408,
12,1035,2025-05-11 00:00:00,2025-06-10 00:00:00,7,2868,30,360,900.0000000001023,900,0.5002777777777965,0.0,0.24972222222220353,29.989594907407408,
13,1275,2025-05-12 00:00:00,2025-06-11 00:00:00,728,728,30,360,3535.99999999999,3536,1.0591666666666697,0.44722222222223706,0.7475000000000023,29.95021990740741,
13,996,2025-05-12 00:00:00,2025-06-11 00:00:00,12,2866,30,360,900.0000000001023,900,0.5002777777777965,0.0,0.24972222222220353,29.989594907407408,
13,1012,2025-05-12 00:00:00,2025-06-11 00:00:00,11,2866,30,360,900.0000000001023,900,0.5002777777777112,0.0,0.24972222222220353,29.989594907407408,
13,1035,2025-05-12 00:00:00,2025-06-11 00:00:00,6,2868,30,360,900.0000000001023,900,0.5002777777777965,0.0,0.24972222222220353,29.989594907407408,
14,1275,2025-05-13 00:00:00,2025-06-12 00:00:00,729,729,30,360,3535.99999999999,3536,1.0591666666666697,0.17527777777779363,0.035833333333357587,29.991203703703704,
14,996,2025-05-13 00:00:00,2025-06-12 00:00:00,12,2866,30,360,900.0000000001023,900,0.5002777777777965,0.0002777777777822621,0.24972222222220353,29.989583333333336,
14,1012,2025-05-13 00:00:00,2025-06-12 00:00:00,11,2866,30,360,900.0000000001023,900,0.5002777777777112,0.0002777777777822621,0.24972222222220353,29.989583333333336,
14,1035,2025-05-13 00:00:00,2025-06-12 00:00:00,6,2869,30,360,900.0000000001023,900,0.5002777777777965,0.0002777777777822621,0.24972222222220353,29.989583333333336,
15,1275,2025-05-14 00:00:00,2025-06-13 00:00:00,728,728,30,360,3535.99999999999,3536,1.0591666666666697,0.8861111111110915,0.30638888888893234,29.9503125,
15,996,2025-05-14 00:00:00,2025-06-13 00:00:00,12,2867,30,360,900.0000000001023,900,0.5002777777777965,0.0,0.24972222222220353,29.989594907407408,
15,1012,2025-05-14 00:00:00,2025-06-13 00:00:00,11,2865,30,360,900.0000000001023,900,0.5002777777777112,0.0,0.24972222222220353,29.989594907407408,
15,1035,2025-05-14 00:00:00,2025-06-13 00:00:00,6,2869,30,360,900.0000000001023,900,0.5002777777777965,0.0,0.24972222222220353,29.989594907407408,
16,1275,2025-05-15 00:00:00,2025-06-14 00:00:00,728,728,30,360,3535.99999999999,3536,1.0591666666666697,0.6133333333333439,0.5769444444445071,29.95040509259259,
16,996,2025-05-15 00:00:00,2025-06-14 00:00:00,12,2867,30,360,900.0000000001023,900,0.5002777777777965,0.0,0.24999999999994316,29.989583333333336,
16,1012,2025-05-15 00:00:00,2025-06-14 00:00:00,11,2864,30,360,900.0000000001023,900,0.5002777777777965,0.0,0.24999999999994316,29.989583333333336,
16,1035,2025-05-15 00:00:00,2025-06-14 00:00:00,6,2869,30,360,900.0000000001023,900,0.5002777777777965,0.0,0.24999999999994316,29.989583333333336,
17,1275,2025-05-16 00:00:00,2025-06-15 00:00:00,728,728,30,360,3535.99999999999,3536,1.0591666666666697,0.3413888888889005,0.8469444444444321,29.95048611111111,
17,996,2025-05-16 00:00:00,2025-06-15 00:00:00,12,2867,30,360,899.9999999997954,900,0.5002777777777965,0.00027777777773962953,0.24999999999994316,29.989571759259263,
17,1012,2025-05-16 00:00:00,2025-06-15 00:00:00,10,2864,30,360,899.9999999997954,900,0.5002777777777965,0.00027777777773962953,0.24999999999994316,29.989571759259263,
17,1035,2025-05-16 00:00:00,2025-06-15 00:00:00,7,2868,30,360,899.9999999997954,900,0.5002777777777965,0.00027777777773962953,0.24999999999994316,29.989571759259263,
18,1275,2025-05-17 00:00:00,2025-06-16 00:00:00,729,729,30,360,3535.99999999999,3536,1.0591666666666697,0.06944444444445708,0.1347222222221376,29.99149305555556,
18,996,2025-05-17 00:00:00,2025-06-16 00:00:00,13,2867,30,360,899.9999999997954,900,0.5002777777777965,0.00027777777773962953,0.24972222222220353,29.989583333333336,
18,1012,2025-05-17 00:00:00,2025-06-16 00:00:00,10,2864,30,360,899.9999999997954,900,0.5002777777777965,0.00027777777773962953,0.24972222222220353,29.989583333333336,
18,1035,2025-05-17 00:00:00,2025-06-16 00:00:00,7,2868,30,360,899.9999999997954,900,0.5002777777777965,0.00027777777773962953,0.24972222222220353,29.989583333333336,
19,1275,2025-05-18 00:00:00,2025-06-17 00:00:00,728,728,30,360,3535.99999999999,3536,1.0591666666666697,0.7799999999999727,0.40583333333336213,29.950590277777778,
19,996,2025-05-18 00:00:00,2025-06-17 00:00:00,12,2867,30,360,899.9999999997954,900,0.5002777777777965,0.00027777777773962953,0.24999999999994316,29.989571759259263,
19,1012,2025-05-18 00:00:00,2025-06-17 00:00:00,9,2864,30,360,899.9999999997954,900,0.5002777777777965,0.00027777777773962953,0.24999999999994316,29.989571759259263,
19,1035,2025-05-18 00:00:00,2025-06-17 00:00:00,7,2868,30,360,899.9999999997954,900,0.5002777777777965,0.00027777777773962953,0.24999999999994316,29.989571759259263,
20,1275,2025-05-19 00:00:00,2025-06-18 00:00:00,728,728,30,360,3535.99999999999,3536,1.0591666666666697,0.5080555555555293,0.6761111111110267,29.950659722222227,
20,996,2025-05-19 00:00:00,2025-06-18 00:00:00,12,2867,30,360,899.9999999997954,900,0.5002777777777965,0.0,0.24999999999994316,29.989583333333336,
20,1012,2025-05-19 00:00:00,2025-06-18 00:00:00,9,2865,30,360,899.9999999997954,900,0.5002777777777965,0.0,0.24999999999994316,29.989583333333336,
20,1035,2025-05-19 00:00:00,2025-06-18 00:00:00,7,2867,30,360,899.9999999997954,900,0.5002777777777965,0.0,0.24999999999994316,29.989583333333336,
21,1275,2025-05-20 00:00:00,2025-06-19 00:00:00,721,721,30,357,3535.99999999999,3536,8.015277777777783,0.23611111111108585,0.874444444444407,29.953726851851854,
21,996,2025-05-20 00:00:00,2025-06-19 00:00:00,12,2867,30,360,899.9999999997954,900,0.5002777777777965,0.0,0.24972222222220353,29.989594907407408,
21,1012,2025-05-20 00:00:00,2025-06-19 00:00:00,11,2865,30,360,899.9999999997954,900,0.5002777777777965,0.0,0.24972222222220353,29.989594907407408,
21,1035,2025-05-20 00:00:00,2025-06-19 00:00:00,7,2869,30,360,899.9999999997954,900,0.5002777777777965,0.0,0.24972222222220353,29.989594907407408,
22,1275,2025-05-21 00:00:00,2025-06-20 00:00:00,722,722,30,357,3535.99999999999,3536,8.015277777777783,1.0227777777777476,0.20499999999998408,29.948842592592595,
22,996,2025-05-21 00:00:00,2025-06-20 00:00:00,11,2867,30,360,899.9999999997954,900,0.5002777777777965,0.0,0.24999999999994316,29.989583333333336,
22,1012,2025-05-21 00:00:00,2025-06-20 00:00:00,11,2865,30,360,899.9999999997954,900,0.5002777777777965,0.0,0.24999999999994316,29.989583333333336,
22,1035,2025-05-21 00:00:00,2025-06-20 00:00:00,5,2868,30,360,899.9999999997954,900,0.5002777777777965,0.0,0.24999999999994316,29.989583333333336,
23,1275,2025-05-22 00:00:00,2025-06-21 00:00:00,723,723,30,357,3535.99999999999,3536,8.015277777777783,0.751111111111129,0.3672222222222672,29.953402777777775,
23,996,2025-05-22 00:00:00,2025-06-21 00:00:00,11,2868,30,360,899.9999999997954,900,0.5002777777777965,0.0,0.24972222222220353,29.989594907407408,
23,1012,2025-05-22 00:00:00,2025-06-21 00:00:00,9,2865,30,360,899.9999999997954,900,0.5002777777777965,0.0,0.24972222222220353,29.989594907407408,
23,1035,2025-05-22 00:00:00,2025-06-21 00:00:00,4,2868,30,360,899.9999999997954,900,0.5002777777777965,0.0,0.24972222222220353,29.989594907407408,
24,1275,2025-05-23 00:00:00,2025-06-22 00:00:00,723,723,30,357,3535.99999999999,3536,8.015277777777783,0.47944444444442524,0.6280555555555907,29.953854166666666,
24,996,2025-05-23 00:00:00,2025-06-22 00:00:00,9,2868,30,360,899.9999999997954,900,0.5002777777777965,0.0,0.24999999999994316,29.989583333333336,
24,1012,2025-05-23 00:00:00,2025-06-22 00:00:00,9,2864,30,360,899.9999999997954,900,0.5002777777777965,0.0,0.24999999999994316,29.989583333333336,
24,1035,2025-05-23 00:00:00,2025-06-22 00:00:00,4,2868,30,360,899.9999999997954,900,0.5002777777777965,0.0,0.24999999999994316,29.989583333333336,
25,1275,2025-05-24 00:00:00,2025-06-23 00:00:00,723,723,30,357,3535.99999999999,3536,8.015277777777783,0.20722222222224218,0.8886111111111745,29.954340277777774,
25,996,2025-05-24 00:00:00,2025-06-23 00:00:00,9,2868,30,360,899.9999999997954,900,0.5002777777777965,0.0,0.24972222222220353,29.989594907407408,
25,1012,2025-05-24 00:00:00,2025-06-23 00:00:00,9,2865,30,360,899.9999999997954,900,0.5002777777777965,0.0,0.24972222222220353,29.989594907407408,
25,1035,2025-05-24 00:00:00,2025-06-23 00:00:00,4,2866,30,360,899.9999999997954,900,0.5002777777777965,0.0,0.24972222222220353,29.989594907407408,
26,1275,2025-05-25 00:00:00,2025-06-24 00:00:00,723,723,30,357,3535.99999999999,3536,8.015277777777783,0.9175000000000182,0.08916666666669926,29.958055555555553,
26,996,2025-05-25 00:00:00,2025-06-24 00:00:00,9,2867,30,360,899.9999999997954,900,0.5002777777777965,0.0,0.24972222222220353,29.989594907407408,
26,1012,2025-05-25 00:00:00,2025-06-24 00:00:00,8,2863,30,360,899.9999999997954,900,0.5002777777777965,0.0,0.24972222222220353,29.989594907407408,
26,1035,2025-05-25 00:00:00,2025-06-24 00:00:00,6,2866,30,360,899.9999999997954,900,0.5002777777777965,0.0,0.24972222222220353,29.989594907407408,
27,1275,2025-05-26 00:00:00,2025-06-25 00:00:00,723,723,30,357,3536.9999999998527,3536,8.015277777777783,0.6455555555555748,0.35027777777776237,29.958506944444444,
27,996,2025-05-26 00:00:00,2025-06-25 00:00:00,9,2865,30,360,899.9999999997954,900,0.5002777777777965,0.0,0.24972222222220353,29.989594907407408,
27,1012,2025-05-26 00:00:00,2025-06-25 00:00:00,8,2863,30,360,899.9999999997954,900,0.5002777777777965,0.0,0.24972222222220353,29.989594907407408,
27,1035,2025-05-26 00:00:00,2025-06-25 00:00:00,5,2866,30,360,899.9999999997954,900,0.5002777777777965,0.0,0.24972222222220353,29.989594907407408,
28,1275,2025-05-27 00:00:00,2025-06-26 00:00:00,723,723,30,357,3536.9999999998527,3536,8.015277777777783,0.37472222222226037,0.6108333333333462,29.958935185185183,
28,996,2025-05-27 00:00:00,2025-06-26 00:00:00,9,2864,30,360,899.9999999997954,900,0.5002777777777965,0.00027777777773962953,0.4997222222221467,29.97916666666667,
28,1012,2025-05-27 00:00:00,2025-06-26 00:00:00,8,2863,30,360,899.9999999997954,900,0.5002777777777965,0.00027777777773962953,0.24972222222220353,29.989583333333336,
28,1035,2025-05-27 00:00:00,2025-06-26 00:00:00,5,2867,30,360,899.9999999997954,900,0.5002777777777965,0.00027777777773962953,0.24972222222220353,29.989583333333336,
29,1275,2025-05-28 00:00:00,2025-06-27 00:00:00,723,723,30,357,3536.9999999998527,3536,8.015277777777783,0.10444444444442524,0.8708333333332803,29.95936342592593,
29,996,2025-05-28 00:00:00,2025-06-27 00:00:00,9,2864,30,360,899.9999999997954,900,0.5002777777777965,0.0,0.24972222222220353,29.989594907407408,
29,1012,2025-05-28 00:00:00,2025-06-27 00:00:00,8,2864,30,360,899.9999999997954,900,0.5002777777777965,0.0,0.24972222222220353,29.989594907407408,
29,1035,2025-05-28 00:00:00,2025-06-27 00:00:00,5,2868,30,360,899.9999999997954,900,0.5002777777777965,0.0,0.24972222222220353,29.989594907407408,
30,1275,2025-05-29 00:00:00,2025-06-28 00:00:00,723,723,30,357,3536.9999999998527,3536,8.015277777777783,0.8158333333333303,0.14861111111116543,29.959814814814813,
30,996,2025-05-29 00:00:00,2025-06-28 00:00:00,9,2865,30,360,899.9999999997954,900,0.5002777777777965,0.0,0.24972222222220353,29.989594907407408,
30,1012,2025-05-29 00:00:00,2025-06-28 00:00:00,7,2862,30,360,899.9999999997954,900,0.5002777777777965,0.0,0.24972222222220353,29.989594907407408,
30,1035,2025-05-29 00:00:00,2025-06-28 00:00:00,6,2867,30,360,899.9999999997954,900,0.5002777777777965,0.0,0.24972222222220353,29.989594907407408,
31,1275,2025-05-30 00:00:00,2025-06-29 00:00:00,723,723,30,357,3536.9999999998527,3536,8.015277777777783,0.5455555555555804,0.4094444444444889,29.96020833333333,
31,996,2025-05-30 00:00:00,2025-06-29 00:00:00,8,2866,30,360,899.9999999997954,900,0.5002777777777965,0.0,0.24999999999994316,29.989583333333336,
31,1012,2025-05-30 00:00:00,2025-06-29 00:00:00,7,2861,30,360,899.9999999997954,900,0.5002777777777965,0.0,0.24999999999994316,29.989583333333336,
31,1035,2025-05-30 00:00:00,2025-06-29 00:00:00,7,2866,30,360,899.9999999997954,900,0.5002777777777965,0.0,0.24999999999994316,29.989583333333336,
32,1275,2025-05-31 00:00:00,2025-06-30 00:00:00,723,723,30,357,3536.9999999998527,3536,8.015277777777783,0.2749999999999204,0.670555555555552,29.960601851851855,
32,996,2025-05-31 00:00:00,2025-06-30 00:00:00,7,2867,30,360,899.9999999997954,900,0.5002777777777965,0.0,0.24972222222220353,29.989594907407408,
32,1012,2025-05-31 00:00:00,2025-06-30 00:00:00,7,2861,30,360,899.9999999997954,900,0.5002777777777965,0.0,0.24972222222220353,29.989594907407408,
32,1035,2025-05-31 00:00:00,2025-06-30 00:00:00,8,2866,30,360,899.9999999997954,900,0.5002777777777965,0.0,0.24972222222220353,29.989594907407408,
33,1275,2025-06-01 00:00:00,2025-07-01 00:00:00,723,723,30,357,3536.9999999998527,3536,8.015277777777783,0.004722222222255823,0.9302777777777465,29.961041666666667,
33,996,2025-06-01 00:00:00,2025-07-01 00:00:00,7,2866,30,360,899.9999999997954,900,0.5002777777777965,0.00027777777773962953,0.24972222222220353,29.989583333333336,
33,1012,2025-06-01 00:00:00,2025-07-01 00:00:00,8,2862,30,360,899.9999999997954,900,0.5002777777777965,0.00027777777773962953,0.24972222222220353,29.989583333333336,
33,1035,2025-06-01 00:00:00,2025-07-01 00:00:00,8,2865,30,360,899.9999999997954,900,0.5002777777777965,0.00027777777773962953,0.24972222222220353,29.989583333333336,
34,1275,2025-06-02 00:00:00,2025-07-02 00:00:00,723,723,30,357,3536.9999999998527,3536,8.015277777777783,0.7147222222222922,0.21055555555562933,29.961446759259253,
34,996,2025-06-02 00:00:00,2025-07-02 00:00:00,8,2866,30,360,899.9999999997954,900,0.5002777777777965,0.00027777777773962953,0.24972222222220353,29.989583333333336,
34,1012,2025-06-02 00:00:00,2025-07-02 00:00:00,8,2863,30,360,899.9999999997954,900,0.5002777777777965,0.00027777777773962953,0.24972222222220353,29.989583333333336,
34,1035,2025-06-02 00:00:00,2025-07-02 00:00:00,8,2866,30,360,899.9999999997954,900,0.5002777777777965,0.00027777777773962953,0.24972222222220353,29.989583333333336,
35,1275,2025-06-03 00:00:00,2025-07-03 00:00:00,723,723,30,357,3536.9999999998527,3536,8.015277777777783,0.44194444444445935,0.9827777777778692,29.94063657407407,
35,996,2025-06-03 00:00:00,2025-07-03 00:00:00,7,2867,30,360,899.9999999997954,900,0.5002777777777965,0.00027777777773962953,0.24972222222220353,29.989583333333336,
35,1012,2025-06-03 00:00:00,2025-07-03 00:00:00,7,2863,30,360,899.9999999997954,900,0.5002777777777965,0.00027777777773962953,0.24972222222220353,29.989583333333336,
35,1035,2025-06-03 00:00:00,2025-07-03 00:00:00,8,2866,30,360,899.9999999997954,900,0.5002777777777965,0.00027777777773962953,0.24972222222220353,29.989583333333336,
36,1275,2025-06-04 00:00:00,2025-07-04 00:00:00,724,724,30,357,3536.9999999998527,3538,8.015277777777783,0.1691666666666265,0.2622222222223627,29.98202546296296,
36,996,2025-06-04 00:00:00,2025-07-04 00:00:00,8,2867,30,360,899.9999999997954,900,0.5002777777777965,0.00027777777773962953,0.24972222222220353,29.989583333333336,
36,1012,2025-06-04 00:00:00,2025-07-04 00:00:00,7,2864,30,360,899.9999999997954,900,0.5002777777777965,0.00027777777773962953,0.24972222222220353,29.989583333333336,
36,1035,2025-06-04 00:00:00,2025-07-04 00:00:00,8,2865,30,360,899.9999999997954,900,0.5002777777777965,0.00027777777773962953,0.24972222222220353,29.989583333333336,
37,1275,2025-06-05 00:00:00,2025-07-05 00:00:00,723,723,30,357,3536.9999999998527,3538,8.015277777777783,0.8783333333332735,0.5252777777777737,29.941516203703706,
37,996,2025-06-05 00:00:00,2025-07-05 00:00:00,9,2867,30,360,899.9999999997954,900,0.5002777777777965,0.0,0.24972222222220353,29.989594907407408,
37,1012,2025-06-05 00:00:00,2025-07-05 00:00:00,7,2864,30,360,899.9999999997954,900,0.5002777777777965,0.0,0.24972222222220353,29.989594907407408,
37,1035,2025-06-05 00:00:00,2025-07-05 00:00:00,8,2865,30,360,899.9999999997954,900,0.5002777777777965,0.0,0.24972222222220353,29.989594907407408,
38,1275,2025-06-06 00:00:00,2025-07-06 00:00:00,723,723,30,357,3537.0000000004666,3538,8.015277777777783,0.6049999999999613,0.7883333333331848,29.941944444444452,
38,996,2025-06-06 00:00:00,2025-07-06 00:00:00,10,2868,30,360,899.9999999997954,900,0.5002777777777965,0.0,0.24972222222220353,29.989594907407408,
38,1012,2025-06-06 00:00:00,2025-07-06 00:00:00,6,2865,30,360,899.9999999997954,900,0.5002777777777965,0.0,0.24972222222220353,29.989594907407408,
38,1035,2025-06-06 00:00:00,2025-07-06 00:00:00,8,2865,30,360,899.9999999997954,900,0.5002777777777965,0.0,0.24972222222220353,29.989594907407408,
39,1275,2025-06-07 00:00:00,2025-07-07 00:00:00,724,724,30,357,3537.0000000004666,3538,8.015277777777783,0.33472222222229675,0.06666666666671972,29.983275462962958,
39,996,2025-06-07 00:00:00,2025-07-07 00:00:00,10,2868,30,360,899.9999999997954,900,0.5002777777777965,0.0,0.24972222222220353,29.989594907407408,
39,1012,2025-06-07 00:00:00,2025-07-07 00:00:00,7,2865,30,360,899.9999999997954,900,0.5002777777777965,0.0,0.24972222222220353,29.989594907407408,
39,1035,2025-06-07 00:00:00,2025-07-07 00:00:00,8,2864,30,360,899.9999999997954,900,0.5002777777777965,0.0,0.24972222222220353,29.989594907407408,
40,1275,2025-06-08 00:00:00,2025-07-08 00:00:00,724,724,30,357,3537.0000000004666,3538,8.015277777777783,0.06444444444446162,0.32749999999987267,29.983668981481486,
40,996,2025-06-08 00:00:00,2025-07-08 00:00:00,11,2868,30,360,899.9999999997954,900,0.5002777777777965,0.00027777777773962953,0.2500000000001137,29.989571759259256,
40,1012,2025-06-08 00:00:00,2025-07-08 00:00:00,7,2867,30,360,899.9999999997954,900,0.5002777777777965,0.00027777777773962953,0.2500000000001137,29.989571759259256,
40,1035,2025-06-08 00:00:00,2025-07-08 00:00:00,8,2865,30,360,899.9999999997954,900,0.5002777777777965,0.00027777777773962953,0.2500000000001137,29.989571759259256,
41,1275,2025-06-09 00:00:00,2025-07-09 00:00:00,723,723,30,357,3537.9999999991014,3538,8.015277777777783,0.7761111111111063,0.5891666666667561,29.943113425925922,
41,996,2025-06-09 00:00:00,2025-07-09 00:00:00,10,2868,30,360,899.9999999997954,900,0.5002777777777965,0.0,0.2500000000001137,29.98958333333333,
41,1012,2025-06-09 00:00:00,2025-07-09 00:00:00,8,2866,30,360,899.9999999997954,900,0.5002777777777965,0.0,0.2500000000001137,29.98958333333333,
41,1035,2025-06-09 00:00:00,2025-07-09 00:00:00,8,2866,30,360,899.9999999997954,900,0.5002777777777965,0.0,0.2500000000001137,29.98958333333333,
42,1275,2025-06-10 00:00:00,2025-07-10 00:00:00,723,723,30,357,3537.9999999991014,3538,8.015277777777783,0.5052777777777919,0.18638888888904148,29.97118055555555,
42,996,2025-06-10 00:00:00,2025-07-10 00:00:00,10,2868,30,360,899.9999999997954,900,0.5002777777777965,0.00027777777773962953,0.24972222222220353,29.989583333333336,
42,1012,2025-06-10 00:00:00,2025-07-10 00:00:00,8,2866,30,360,899.9999999997954,900,0.5002777777777965,0.00027777777773962953,0.24972222222220353,29.989583333333336,
42,1035,2025-06-10 00:00:00,2025-07-10 00:00:00,8,2866,30,360,899.9999999997954,900,0.5002777777777965,0.00027777777773962953,0.24972222222220353,29.989583333333336,
43,1275,2025-06-11 00:00:00,2025-07-11 00:00:00,723,723,30,357,3537.9999999997153,3538,8.015277777777783,0.2349999999999568,0.446388888888805,29.9716087962963,
43,996,2025-06-11 00:00:00,2025-07-11 00:00:00,10,2867,30,360,899.9999999997954,900,0.5002777777777965,0.00027777777773962953,0.2500000000001137,29.989571759259256,
43,1012,2025-06-11 00:00:00,2025-07-11 00:00:00,9,2865,30,360,899.9999999997954,900,0.5002777777777965,0.00027777777773962953,0.2500000000001137,29.989571759259256,
43,1035,2025-06-11 00:00:00,2025-07-11 00:00:00,10,2864,30,360,899.9999999997954,900,0.5002777777777965,0.00027777777773962953,0.2500000000001137,29.989571759259256,
44,1275,2025-06-12 00:00:00,2025-07-12 00:00:00,722,722,30,357,3537.9999999997153,3538,8.015277777777783,0.9463888888888619,0.7069444444443889,29.931111111111115,
44,996,2025-06-12 00:00:00,2025-07-12 00:00:00,10,2867,30,360,899.9999999997954,900,0.5002777777777965,0.00027777777773962953,0.24972222222220353,29.989583333333336,
44,1012,2025-06-12 00:00:00,2025-07-12 00:00:00,9,2863,30,360,899.9999999997954,900,0.5002777777777965,0.00027777777773962953,0.24972222222220353,29.989583333333336,
44,1035,2025-06-12 00:00:00,2025-07-12 00:00:00,10,2863,30,360,899.9999999997954,900,0.5002777777777965,0.00027777777773962953,0.24972222222220353,29.989583333333336,
45,1275,2025-06-13 00:00:00,2025-07-13 00:00:00,722,722,30,357,3537.9999999997153,3538,8.015277777777783,0.6761111111110267,0.9666666666665833,29.931550925925933,
45,996,2025-06-13 00:00:00,2025-07-13 00:00:00,10,2867,30,360,899.9999999997954,900,0.5002777777777965,0.00027777777773962953,0.24972222222220353,29.989583333333336,
45,1012,2025-06-13 00:00:00,2025-07-13 00:00:00,12,2863,30,360,899.9999999997954,900,0.5002777777777965,0.00027777777773962953,0.24972222222220353,29.989583333333336,
45,1035,2025-06-13 00:00:00,2025-07-13 00:00:00,10,2862,30,360,899.9999999997954,900,0.5002777777777965,0.00027777777773962953,0.24972222222220353,29.989583333333336,
46,1275,2025-06-14 00:00:00,2025-07-14 00:00:00,723,723,30,357,3537.9999999997153,3538,8.015277777777783,0.4055555555556225,0.24416666666672882,29.972928240740735,
46,996,2025-06-14 00:00:00,2025-07-14 00:00:00,10,2868,30,360,899.9999999997954,900,0.5002777777777965,0.0,0.24972222222220353,29.989594907407408,
46,1012,2025-06-14 00:00:00,2025-07-14 00:00:00,12,2863,30,360,899.9999999997954,900,0.5002777777777965,0.0,0.24972222222220353,29.989594907407408,
46,1035,2025-06-14 00:00:00,2025-07-14 00:00:00,11,2861,30,360,899.9999999997954,900,0.5002777777777965,0.0,0.24972222222220353,29.989594907407408,
47,1275,2025-06-15 00:00:00,2025-07-15 00:00:00,723,723,30,357,3537.9999999997153,3538,8.015277777777783,0.135555555555527,0.9016666666666424,29.95678240740741,
47,996,2025-06-15 00:00:00,2025-07-15 00:00:00,10,2867,30,360,899.9999999997954,900,0.5002777777777965,0.00027777777773962953,0.24972222222220353,29.989583333333336,
47,1012,2025-06-15 00:00:00,2025-07-15 00:00:00,12,2862,30,360,899.9999999997954,900,0.5002777777777965,0.00027777777773962953,0.4997222222223172,29.979166666666664,
47,1035,2025-06-15 00:00:00,2025-07-15 00:00:00,10,2860,30,360,899.9999999997954,900,0.5002777777777965,0.00027777777773962953,0.24972222222220353,29.989583333333336,
48,1275,2025-06-16 00:00:00,2025-07-16 00:00:00,723,723,30,357,3537.9999999997153,3538,8.015277777777783,0.8477777777778215,0.332222222222299,29.95083333333333,
48,996,2025-06-16 00:00:00,2025-07-16 00:00:00,11,2867,30,360,899.9999999997954,900,0.5002777777777965,0.00027777777773962953,0.2500000000001137,29.989571759259256,
48,1012,2025-06-16 00:00:00,2025-07-16 00:00:00,13,2862,30,360,899.9999999997954,900,0.5002777777777965,0.00027777777773962953,0.2500000000001137,29.989571759259256,
48,1035,2025-06-16 00:00:00,2025-07-16 00:00:00,10,2860,30,360,900.0000000004093,900,0.5002777777777965,0.00027777777773962953,0.2500000000001137,29.989571759259256,
49,1275,2025-06-17 00:00:00,2025-07-17 00:00:00,723,723,30,357,3537.9999999997153,3538,8.015277777777783,0.5763888888888573,0.745833333333394,29.944907407407406,
49,996,2025-06-17 00:00:00,2025-07-17 00:00:00,10,2867,30,360,900.0000000004093,900,0.5002777777777965,0.00027777777773962953,0.2500000000001137,29.989571759259256,
49,1012,2025-06-17 00:00:00,2025-07-17 00:00:00,15,2861,30,360,900.0000000004093,900,0.5002777777777965,0.00027777777773962953,0.2500000000001137,29.989571759259256,
49,1035,2025-06-17 00:00:00,2025-07-17 00:00:00,12,2859,30,360,900.0000000004093,900,0.5002777777777965,0.00027777777773962953,0.2500000000001137,29.989571759259256,
50,1275,2025-06-18 00:00:00,2025-07-18 00:00:00,724,724,30,357,3538.0000000003292,3538,8.015277777777783,0.3061111111111927,0.09916666666651963,29.98311342592593,
50,996,2025-06-18 00:00:00,2025-07-18 00:00:00,9,2868,30,360,900.0000000004093,900,0.5002777777777965,0.00027777777773962953,0.24972222222220353,29.989583333333336,
50,1012,2025-06-18 00:00:00,2025-07-18 00:00:00,15,2861,30,360,900.0000000004093,900,0.5002777777777965,0.00027777777773962953,0.24972222222220353,29.989583333333336,
50,1035,2025-06-18 00:00:00,2025-07-18 00:00:00,12,2860,30,360,900.0000000004093,900,0.5002777777777965,0.00027777777773962953,0.24972222222220353,29.989583333333336,
51,1275,2025-06-19 00:00:00,2025-07-19 00:00:00,731,731,30,360,3538.0000000003292,3538,1.7233333333333576,0.1072222222221626,0.3594444444445344,29.980555555555554,
51,996,2025-06-19 00:00:00,2025-07-19 00:00:00,10,2869,30,360,900.0000000004093,900,0.5002777777777965,0.00027777777773962953,0.2500000000001137,29.989571759259256,
51,1012,2025-06-19 00:00:00,2025-07-19 00:00:00,12,2860,30,360,900.0000000004093,900,0.5002777777777965,0.00027777777773962953,0.2500000000001137,29.989571759259256,
51,1035,2025-06-19 00:00:00,2025-07-19 00:00:00,13,2859,30,360,900.0000000004093,900,0.5002777777777965,0.00027777777773962953,0.2500000000001137,29.989571759259256,
52,1275,2025-06-20 00:00:00,2025-07-20 00:00:00,729,729,30,360,3538.0000000003292,3538,1.7233333333333576,0.777499999999975,0.6188888888888187,29.941817129629634,
52,996,2025-06-20 00:00:00,2025-07-20 00:00:00,10,2869,30,360,900.0000000004093,900,0.5002777777777965,0.0,0.2500000000001137,29.98958333333333,
52,1012,2025-06-20 00:00:00,2025-07-20 00:00:00,12,2859,30,360,900.0000000004093,900,0.5002777777777965,0.0,0.2500000000001137,29.98958333333333,
52,1035,2025-06-20 00:00:00,2025-07-20 00:00:00,13,2860,30,360,900.0000000004093,900,0.5002777777777965,0.0,0.2500000000001137,29.98958333333333,
53,1275,2025-06-21 00:00:00,2025-07-21 00:00:00,728,728,30,360,3538.0000000003292,3538,1.7233333333333576,0.6925000000000523,0.8777777777776237,29.934571759259264,
53,996,2025-06-21 00:00:00,2025-07-21 00:00:00,10,2868,30,360,900.0000000004093,900,0.5002777777777965,0.0,0.24972222222220353,29.989594907407408,
53,1012,2025-06-21 00:00:00,2025-07-21 00:00:00,12,2861,30,360,900.0000000004093,900,0.5002777777777965,0.0,0.24972222222220353,29.989594907407408,
53,1035,2025-06-21 00:00:00,2025-07-21 00:00:00,13,2860,30,360,900.0000000004093,900,0.5002777777777965,0.0,0.24972222222220353,29.989594907407408,
54,1275,2025-06-22 00:00:00,2025-07-22 00:00:00,729,729,30,360,3538.0000000003292,3538,1.7233333333333576,0.43138888888881866,0.15666666666663787,29.97549768518519,
54,996,2025-06-22 00:00:00,2025-07-22 00:00:00,14,2869,30,360,900.0000000004093,900,0.5002777777777965,0.0,0.2500000000001137,29.98958333333333,
54,1012,2025-06-22 00:00:00,2025-07-22 00:00:00,12,2862,30,360,900.0000000004093,900,0.5002777777777965,0.0,0.2500000000001137,29.98958333333333,
54,1035,2025-06-22 00:00:00,2025-07-22 00:00:00,13,2860,30,360,900.0000000004093,900,0.5002777777777965,0.0,0.2500000000001137,29.98958333333333,
55,1275,2025-06-23 00:00:00,2025-07-23 00:00:00,729,729,30,360,3538.0000000003292,3538,1.7233333333333576,0.17083333333340533,0.41666666666674246,29.975520833333327,
55,996,2025-06-23 00:00:00,2025-07-23 00:00:00,14,2869,30,360,900.0000000004093,900,0.5002777777777965,0.0,0.24972222222220353,29.989594907407408,
55,1012,2025-06-23 00:00:00,2025-07-23 00:00:00,13,2862,30,360,900.0000000004093,900,0.5002777777777965,0.0,0.24972222222220353,29.989594907407408,
55,1035,2025-06-23 00:00:00,2025-07-23 00:00:00,13,2863,30,360,900.0000000004093,900,0.5002777777777965,0.0,0.24972222222220353,29.989594907407408,
56,1275,2025-06-24 00:00:00,2025-07-24 00:00:00,728,728,30,360,3538.0000000003292,3538,1.7233333333333576,0.89361111111117,0.31722222222231267,29.949548611111105,
56,996,2025-06-24 00:00:00,2025-07-24 00:00:00,14,2870,30,360,900.0000000004093,900,0.5002777777777965,0.00027777777773962953,0.24972222222220353,29.989583333333336,
56,1012,2025-06-24 00:00:00,2025-07-24 00:00:00,13,2862,30,360,900.0000000004093,900,0.5002777777777965,0.00027777777773962953,0.24972222222220353,29.989583333333336,
56,1035,2025-06-24 00:00:00,2025-07-24 00:00:00,11,2862,30,360,900.0000000004093,900,0.5002777777777965,0.00027777777773962953,0.24972222222220353,29.989583333333336,
57,1275,2025-06-25 00:00:00,2025-07-25 00:00:00,713,713,30,353,3538.0000000003292,3538,1.7233333333333576,0.6324999999999363,15.475555555555388,29.328831018518528,
57,996,2025-06-25 00:00:00,2025-07-25 00:00:00,14,2871,30,360,900.0000000004093,900,0.5002777777777965,0.00027777777773962953,0.2500000000001137,29.989571759259256,
57,1012,2025-06-25 00:00:00,2025-07-25 00:00:00,14,2861,30,360,900.0000000004093,900,0.5002777777777965,0.00027777777773962953,0.2500000000001137,29.989571759259256,
57,1035,2025-06-25 00:00:00,2025-07-25 00:00:00,11,2862,30,360,900.0000000004093,900,0.5002777777777965,0.00027777777773962953,0.2500000000001137,29.989571759259256,
58,1275,2025-06-26 00:00:00,2025-07-26 00:00:00,701,701,30,349,3538.0000000003292,3538,25.215277777777487,0.371944444444523,0.03166666666675155,29.983182870370364,
58,996,2025-06-26 00:00:00,2025-07-26 00:00:00,14,2871,30,360,900.0000000004093,900,0.5002777777777965,0.00027777777773962953,0.2500000000001137,29.989571759259256,
58,1012,2025-06-26 00:00:00,2025-07-26 00:00:00,15,2860,30,360,900.0000000004093,900,0.5002777777777965,0.00027777777773962953,0.2500000000001137,29.989571759259256,
58,1035,2025-06-26 00:00:00,2025-07-26 00:00:00,11,2862,30,360,900.0000000004093,900,0.5002777777777965,0.00027777777773962953,0.2500000000001137,29.989571759259256,
59,1275,2025-06-27 00:00:00,2025-07-27 00:00:00,693,693,30,349,3538.0000000003292,3538,25.215277777777487,0.11194444444441842,1.1602777777778783,29.946990740740738,
59,996,2025-06-27 00:00:00,2025-07-27 00:00:00,14,2871,30,360,900.0000000004093,900,0.5002777777777965,0.0,0.2500000000001137,29.98958333333333,
59,1012,2025-06-27 00:00:00,2025-07-27 00:00:00,17,2860,30,360,900.0000000004093,900,0.5002777777777965,0.0,0.2500000000001137,29.98958333333333,
59,1035,2025-06-27 00:00:00,2025-07-27 00:00:00,11,2861,30,360,900.0000000004093,900,0.5002777777777965,0.0,0.2500000000001137,29.98958333333333,
60,1275,2025-06-28 00:00:00,2025-07-28 00:00:00,685,685,30,349,3538.0000000003292,3538,25.215277777777487,0.8338888888889642,0.9838888888888278,29.92425925925926,
60,996,2025-06-28 00:00:00,2025-07-28 00:00:00,17,2871,30,360,900.0000000004093,900,0.5002777777777965,0.00027777777773962953,0.2500000000001137,29.989571759259256,
60,1012,2025-06-28 00:00:00,2025-07-28 00:00:00,17,2861,30,360,900.0000000004093,900,0.5002777777777965,0.00027777777773962953,0.2500000000001137,29.989571759259256,
60,1035,2025-06-28 00:00:00,2025-07-28 00:00:00,11,2862,30,360,900.0000000004093,900,0.5002777777777965,0.00027777777773962953,0.2500000000001137,29.989571759259256,
61,1275,2025-06-29 00:00:00,2025-07-29 00:00:00,678,678,30,349,3538.0000000003292,3538,25.215277777777487,0.5730555555556407,0.8075000000001182,29.942476851851843,
61,996,2025-06-29 00:00:00,2025-07-29 00:00:00,19,2870,30,360,900.0000000004093,900,0.5002777777777965,0.0,0.24972222222220353,29.989594907407408,
61,1012,2025-06-29 00:00:00,2025-07-29 00:00:00,17,2861,30,360,900.0000000004093,900,0.5002777777777965,0.0,0.24972222222220353,29.989594907407408,
61,1035,2025-06-29 00:00:00,2025-07-29 00:00:00,10,2863,30,360,900.0000000004093,900,0.5002777777777965,0.0,0.24972222222220353,29.989594907407408,
62,1275,2025-06-30 00:00:00,2025-07-30 00:00:00,663,663,30,344,3538.0000000003292,3538,25.215277777777487,0.31250000000005684,11.95583333333343,29.488819444444438,
62,996,2025-06-30 00:00:00,2025-07-30 00:00:00,19,2869,30,360,900.0000000004093,900,0.5002777777777965,0.0,0.24972222222220353,29.989594907407408,
62,1012,2025-06-30 00:00:00,2025-07-30 00:00:00,17,2860,30,360,900.0000000004093,900,0.5002777777777965,0.0,0.24972222222220353,29.989594907407408,
62,1035,2025-06-30 00:00:00,2025-07-30 00:00:00,9,2863,30,360,900.0000000004093,900,0.5002777777777965,0.0,0.24972222222220353,29.989594907407408,
63,1275,2025-07-01 00:00:00,2025-07-31 00:00:00,647,647,30,338,3538.0000000003292,3538,25.688055555555824,0.05249999999995225,0.3591666666666242,29.982847222222226,
63,996,2025-07-01 00:00:00,2025-07-31 00:00:00,19,2870,30,360,900.0000000004093,900,0.5002777777777965,0.00027777777773962953,0.2500000000001137,29.989571759259256,
63,1012,2025-07-01 00:00:00,2025-07-31 00:00:00,16,2859,30,360,900.0000000004093,900,0.5002777777777965,0.00027777777773962953,0.2500000000001137,29.989571759259256,
63,1035,2025-07-01 00:00:00,2025-07-31 00:00:00,9,2864,30,360,900.0000000004093,900,0.5002777777777965,0.00027777777773962953,0.2500000000001137,29.989571759259256,
64,1275,2025-07-02 00:00:00,2025-08-01 00:00:00,639,639,30,338,3538.0000000003292,3538,25.688055555555824,0.7719444444443297,0.07361111111106311,29.964768518518525,
64,996,2025-07-02 00:00:00,2025-08-01 00:00:00,18,2870,30,360,900.0000000004093,900,0.5002777777777965,0.0002777777779101598,0.24972222222220353,29.98958333333333,
64,1012,2025-07-02 00:00:00,2025-08-01 00:00:00,17,2858,30,360,900.0000000004093,900,0.5002777777777965,0.0002777777779101598,0.24972222222220353,29.98958333333333,
64,1035,2025-07-02 00:00:00,2025-08-01 00:00:00,9,2864,30,360,900.0000000004093,900,0.5002777777777965,0.0002777777779101598,0.24972222222220353,29.98958333333333,
65,1275,2025-07-03 00:00:00,2025-08-02 00:00:00,631,631,30,338,3538.0000000003292,3538,25.688055555555824,0.0,1.3141666666667788,29.94524305555555,
65,996,2025-07-03 00:00:00,2025-08-02 00:00:00,18,2871,30,360,900.0000000004093,900,0.5002777777777965,0.0,0.24972222222220353,29.989594907407408,
65,1012,2025-07-03 00:00:00,2025-08-02 00:00:00,17,2858,30,360,900.0000000004093,900,0.5002777777777965,0.0,0.24972222222220353,29.989594907407408,
65,1035,2025-07-03 00:00:00,2025-08-02 00:00:00,9,2864,30,360,900.0000000004093,900,0.5002777777777965,0.0,0.24972222222220353,29.989594907407408,
66,1275,2025-07-04 00:00:00,2025-08-03 00:00:00,623,623,30,338,3538.0000000003292,3538,25.688055555555824,0.7205555555555065,1.139444444444507,29.9225,
66,996,2025-07-04 00:00:00,2025-08-03 00:00:00,17,2871,30,360,900.0000000004093,900,0.5002777777777965,0.0002777777779101598,0.24972222222220353,29.98958333333333,
66,1012,2025-07-04 00:00:00,2025-08-03 00:00:00,17,2858,30,360,900.0000000004093,900,0.5002777777777965,0.0002777777779101598,0.24972222222220353,29.98958333333333,
66,1035,2025-07-04 00:00:00,2025-08-03 00:00:00,10,2864,30,360,900.0000000004093,900,0.5002777777777965,0.0002777777779101598,0.24972222222220353,29.98958333333333,
67,1275,2025-07-05 00:00:00,2025-08-04 00:00:00,616,616,30,338,3538.0000000003292,3538,25.688055555555824,0.4575000000000955,0.8547222222223354,29.945324074074065,
67,996,2025-07-05 00:00:00,2025-08-04 00:00:00,16,2870,30,360,900.0000000004093,900,0.5002777777777965,0.0002777777779101598,0.2500000000001137,29.98957175925925,
67,1012,2025-07-05 00:00:00,2025-08-04 00:00:00,17,2858,30,360,900.0000000004093,900,0.5002777777777965,0.0002777777779101598,0.2500000000001137,29.98957175925925,
67,1035,2025-07-05 00:00:00,2025-08-04 00:00:00,10,2863,30,360,900.0000000004093,900,0.5002777777777965,0.0002777777779101598,0.4999999999998863,29.979155092592592,
68,1275,2025-07-06 00:00:00,2025-08-05 00:00:00,609,609,30,338,3538.0000000003292,3538,25.688055555555824,0.1941666666667743,0.6802777777776328,29.963564814814816,
68,996,2025-07-06 00:00:00,2025-08-05 00:00:00,15,2869,30,360,900.0000000004093,900,0.5002777777777965,0.0002777777779101598,0.2500000000001137,29.98957175925925,
68,1012,2025-07-06 00:00:00,2025-08-05 00:00:00,18,2857,30,360,900.0000000004093,900,0.5002777777777965,0.0002777777779101598,0.2500000000001137,29.98957175925925,
68,1035,2025-07-06 00:00:00,2025-08-05 00:00:00,10,2863,30,360,900.0000000004093,900,0.5002777777777965,0.0002777777779101598,0.2500000000001137,29.98957175925925,
69,1275,2025-07-07 00:00:00,2025-08-06 00:00:00,601,601,30,338,3538.0000000003292,3538,25.688055555555824,0.9161111111111495,0.3961111111112814,29.945324074074065,
69,996,2025-07-07 00:00:00,2025-08-06 00:00:00,15,2869,30,360,900.0000000004093,900,0.5002777777777965,0.0,0.2500000000001137,29.98958333333333,
69,1012,2025-07-07 00:00:00,2025-08-06 00:00:00,18,2858,30,360,900.0000000004093,900,0.5002777777777965,0.0,0.2500000000001137,29.98958333333333,
69,1035,2025-07-07 00:00:00,2025-08-06 00:00:00,10,2863,30,360,900.0000000004093,900,0.5002777777777965,0.0,0.2500000000001137,29.98958333333333,
70,1275,2025-07-08 00:00:00,2025-08-07 00:00:00,594,594,30,338,3538.0000000003292,3538,25.688055555555824,0.6552777777776555,0.22166666666657875,29.963460648148157,
70,996,2025-07-08 00:00:00,2025-08-07 00:00:00,14,2868,30,360,900.0000000004093,900,0.5002777777777965,0.0,0.2500000000001137,29.98958333333333,
70,1012,2025-07-08 00:00:00,2025-08-07 00:00:00,18,2857,30,360,900.0000000004093,900,0.5002777777777965,0.0,0.2500000000001137,29.98958333333333,
70,1035,2025-07-08 00:00:00,2025-08-07 00:00:00,10,2862,30,360,900.0000000004093,900,0.5002777777777965,0.0,0.2500000000001137,29.98958333333333,
71,1275,2025-07-09 00:00:00,2025-08-08 00:00:00,587,587,30,338,3538.0000000003292,3538,25.688055555555824,0.39361111111111313,0.04694444444430701,29.981643518518524,
71,996,2025-07-09 00:00:00,2025-08-08 00:00:00,14,2867,30,360,900.0000000004093,900,0.5002777777777965,0.0002777777779101598,0.2500000000001137,29.98957175925925,
71,1012,2025-07-09 00:00:00,2025-08-08 00:00:00,16,2858,30,360,900.0000000004093,900,0.5002777777777965,0.0002777777779101598,0.2500000000001137,29.98957175925925,
71,1035,2025-07-09 00:00:00,2025-08-08 00:00:00,10,2862,30,360,900.0000000004093,900,0.5002777777777965,0.0002777777779101598,0.2500000000001137,29.98957175925925,
72,1275,2025-07-10 00:00:00,2025-08-09 00:00:00,579,579,30,338,3538.0000000003292,3538,25.688055555555824,0.7966666666667379,1.1777777777776919,29.917731481481482,
72,996,2025-07-10 00:00:00,2025-08-09 00:00:00,14,2867,30,360,900.0000000004093,900,0.5002777777777965,0.0002777777779101598,0.24972222222220353,29.98958333333333,
72,1012,2025-07-10 00:00:00,2025-08-09 00:00:00,16,2857,30,360,900.0000000004093,900,0.5002777777777965,0.0002777777779101598,0.24972222222220353,29.98958333333333,
72,1035,2025-07-10 00:00:00,2025-08-09 00:00:00,9,2862,30,360,900.0000000004093,900,0.5002777777777965,0.0002777777779101598,0.24972222222220353,29.98958333333333,
73,1275,2025-07-11 00:00:00,2025-08-10 00:00:00,572,572,30,338,3538.999999999578,3538,25.688055555555824,0.5363888888887232,1.002777777777851,29.93586805555556,
73,996,2025-07-11 00:00:00,2025-08-10 00:00:00,14,2868,30,360,900.0000000004093,900,0.5002777777777965,0.0,0.2500000000001137,29.98958333333333,
73,1012,2025-07-11 00:00:00,2025-08-10 00:00:00,15,2857,30,360,900.0000000004093,900,0.5002777777777965,0.0,0.2500000000001137,29.98958333333333,
73,1035,2025-07-11 00:00:00,2025-08-10 00:00:00,7,2864,30,360,900.0000000004093,900,0.5002777777777965,0.0,0.2500000000001137,29.98958333333333,
74,1275,2025-07-12 00:00:00,2025-08-11 00:00:00,565,565,30,338,3539.000000000806,3538,25.688055555555824,0.27583333333348037,0.7172222222222899,29.958622685185176,
74,996,2025-07-12 00:00:00,2025-08-11 00:00:00,14,2868,30,360,900.0000000004093,900,0.5002777777777965,0.0,0.24972222222220353,29.989594907407408,
74,1012,2025-07-12 00:00:00,2025-08-11 00:00:00,15,2858,30,360,900.0000000004093,900,0.5002777777777965,0.0,0.24972222222220353,29.989594907407408,
74,1035,2025-07-12 00:00:00,2025-08-11 00:00:00,7,2864,30,360,900.0000000004093,900,0.5002777777777965,0.0,0.24972222222220353,29.989594907407408,
75,1275,2025-07-13 00:00:00,2025-08-12 00:00:00,551,551,30,333,3815.00000000035,3538,25.688055555555824,0.016388888888855035,10.560833333333335,29.55928240740741,
75,996,2025-07-13 00:00:00,2025-08-12 00:00:00,14,2867,30,360,900.0000000004093,900,0.5002777777777965,0.0002777777779101598,0.2500000000001137,29.98957175925925,
75,1012,2025-07-13 00:00:00,2025-08-12 00:00:00,12,2859,30,360,900.0000000004093,900,0.5002777777777965,0.0002777777779101598,0.2500000000001137,29.98957175925925,
75,1035,2025-07-13 00:00:00,2025-08-12 00:00:00,10,2865,30,360,900.0000000004093,900,0.5002777777777965,0.0002777777779101598,0.2500000000001137,29.98957175925925,
76,1275,2025-07-14 00:00:00,2025-08-13 00:00:00,526,526,29,321,5095.000000000755,5096,25.688055555555824,0.7386111111111404,34.560833333333335,28.529189814814814,
76,996,2025-07-14 00:00:00,2025-08-13 00:00:00,14,2867,30,360,900.0000000004093,900,0.5002777777777965,0.0002777777779101598,0.24972222222220353,29.98958333333333,
76,1012,2025-07-14 00:00:00,2025-08-13 00:00:00,12,2858,30,360,900.0000000004093,900,0.5002777777777965,0.0002777777779101598,0.24972222222220353,29.98958333333333,
76,1035,2025-07-14 00:00:00,2025-08-13 00:00:00,9,2865,30,360,900.0000000004093,900,0.5002777777777965,0.0002777777779101598,0.24972222222220353,29.98958333333333,
77,1275,2025-07-15 00:00:00,2025-08-14 00:00:00,513,513,29,317,5096.000000000004,5096,43.33416666666676,0.08111111111122682,1.0683333333332712,29.95210648148148,
77,996,2025-07-15 00:00:00,2025-08-14 00:00:00,15,2867,30,360,900.0000000004093,900,0.5002777777777965,0.0,0.2500000000001137,29.98958333333333,
77,1012,2025-07-15 00:00:00,2025-08-14 00:00:00,12,2859,30,360,900.0000000004093,900,0.5002777777777965,0.0,0.2500000000001137,29.98958333333333,
77,1035,2025-07-15 00:00:00,2025-08-14 00:00:00,10,2867,30,360,900.0000000004093,900,0.5002777777777965,0.0,0.2500000000001137,29.98958333333333,
78,1275,2025-07-16 00:00:00,2025-08-15 00:00:00,505,505,29,317,5096.000000000004,5096,43.33416666666676,0.6508333333334804,0.7777777777777146,29.940474537037034,
78,996,2025-07-16 00:00:00,2025-08-15 00:00:00,13,2867,30,360,900.0000000004093,900,0.5002777777777965,0.0002777777779101598,0.24972222222220353,29.98958333333333,
78,1012,2025-07-16 00:00:00,2025-08-15 00:00:00,11,2859,30,360,900.0000000004093,900,0.5002777777777965,0.0002777777779101598,0.24972222222220353,29.98958333333333,
78,1035,2025-07-16 00:00:00,2025-08-15 00:00:00,10,2865,30,360,900.0000000004093,900,0.5002777777777965,0.0002777777779101598,0.24972222222220353,29.98958333333333,
79,1275,2025-07-17 00:00:00,2025-08-16 00:00:00,498,498,29,317,5096.000000000004,5096,43.33416666666676,0.23694444444447527,0.5974999999999682,29.96523148148148,
79,996,2025-07-17 00:00:00,2025-08-16 00:00:00,13,2867,30,360,900.0000000004093,900,0.5002777777777965,0.0,0.2500000000001137,29.98958333333333,
79,1012,2025-07-17 00:00:00,2025-08-16 00:00:00,9,2859,30,360,900.0000000004093,900,0.5002777777777965,0.0,0.2500000000001137,29.98958333333333,
79,1035,2025-07-17 00:00:00,2025-08-16 00:00:00,8,2867,30,360,900.0000000004093,900,0.5002777777777965,0.0,0.2500000000001137,29.98958333333333,
80,1275,2025-07-18 00:00:00,2025-08-17 00:00:00,490,490,29,317,5096.000000000004,5096,43.33416666666676,0.8836111111110085,0.30638888888893234,29.95041666666667,
80,996,2025-07-18 00:00:00,2025-08-17 00:00:00,13,2866,30,360,900.0000000004093,900,0.5002777777777965,0.0002777777779101598,0.2500000000001137,29.98957175925925,
80,1012,2025-07-18 00:00:00,2025-08-17 00:00:00,10,2859,30,360,900.0000000004093,900,0.5002777777777965,0.0002777777779101598,0.2500000000001137,29.98957175925925,
80,1035,2025-07-18 00:00:00,2025-08-17 00:00:00,9,2865,30,360,900.0000000004093,900,0.5002777777777965,0.0002777777779101598,0.2500000000001137,29.98957175925925,
81,1275,2025-07-19 00:00:00,2025-08-18 00:00:00,483,483,29,317,5096.000000000004,5096,43.33416666666676,0.623611111111245,0.12527777777779647,29.96879629629629,
81,996,2025-07-19 00:00:00,2025-08-18 00:00:00,12,2866,30,360,900.0000000004093,900,0.5002777777777965,0.0,0.2500000000001137,29.98958333333333,
81,1012,2025-07-19 00:00:00,2025-08-18 00:00:00,10,2860,30,360,900.0000000004093,900,0.5002777777777965,0.0,0.2500000000001137,29.98958333333333,
81,1035,2025-07-19 00:00:00,2025-08-18 00:00:00,8,2865,30,360,900.0000000004093,900,0.5002777777777965,0.0,0.2500000000001137,29.98958333333333,
82,1275,2025-07-20 00:00:00,2025-08-19 00:00:00,475,475,29,317,5096.000000000004,5096,43.33416666666676,0.3638888888890506,1.3605555555556066,29.92814814814814,
82,996,2025-07-20 00:00:00,2025-08-19 00:00:00,13,2866,30,360,900.0000000004093,900,0.5002777777777965,0.0002777777779101598,0.2500000000001137,29.98957175925925,
82,1012,2025-07-20 00:00:00,2025-08-19 00:00:00,10,2860,30,360,900.0000000004093,900,0.5002777777777965,0.0002777777779101598,0.2500000000001137,29.98957175925925,
82,1035,2025-07-20 00:00:00,2025-08-19 00:00:00,8,2865,30,360,900.0000000004093,900,0.5002777777777965,0.0002777777779101598,0.2500000000001137,29.98957175925925,
83,1275,2025-07-21 00:00:00,2025-08-20 00:00:00,468,468,29,317,5096.000000000004,5096,43.33416666666676,0.1047222222223354,1.07000000000005,29.951053240740734,
83,996,2025-07-21 00:00:00,2025-08-20 00:00:00,12,2867,30,360,900.0000000004093,900,0.5002777777777965,0.0002777777779101598,0.24972222222220353,29.98958333333333,
83,1012,2025-07-21 00:00:00,2025-08-20 00:00:00,12,2860,30,360,900.0000000004093,900,0.5002777777777965,0.0002777777779101598,0.24972222222220353,29.98958333333333,
83,1035,2025-07-21 00:00:00,2025-08-20 00:00:00,8,2865,30,360,900.0000000004093,900,0.5002777777777965,0.0002777777779101598,0.24972222222220353,29.98958333333333,
84,1275,2025-07-22 00:00:00,2025-08-21 00:00:00,460,460,29,317,5096.000000000004,5096,43.33416666666676,0.8261111111112314,0.8891666666668243,29.92853009259258,
84,996,2025-07-22 00:00:00,2025-08-21 00:00:00,8,2867,30,360,900.0000000004093,900,0.5002777777777965,0.0,0.2500000000001137,29.98958333333333,
84,1012,2025-07-22 00:00:00,2025-08-21 00:00:00,13,2859,30,360,900.0000000004093,900,0.5002777777777965,0.0,0.2500000000001137,29.98958333333333,
84,1035,2025-07-22 00:00:00,2025-08-21 00:00:00,8,2864,30,360,900.0000000004093,900,0.5002777777777965,0.0,0.2500000000001137,29.98958333333333,
85,1275,2025-07-23 00:00:00,2025-08-22 00:00:00,453,453,29,317,5096.499999999628,5096,43.33416666666676,0.5661111111111268,0.5974999999999682,29.951516203703704,
85,996,2025-07-23 00:00:00,2025-08-22 00:00:00,9,2866,30,360,900.0000000004093,900,0.5002777777777965,0.0,0.24972222222220353,29.989594907407408,
85,1012,2025-07-23 00:00:00,2025-08-22 00:00:00,12,2858,30,360,900.0000000004093,900,0.5002777777777965,0.0,0.24972222222220353,29.989594907407408,
85,1035,2025-07-23 00:00:00,2025-08-22 00:00:00,8,2864,30,360,900.0000000004093,900,0.5002777777777965,0.0,0.24972222222220353,29.989594907407408,
86,1275,2025-07-24 00:00:00,2025-08-23 00:00:00,446,446,29,317,5096.999999999252,5096,43.33416666666676,0.6652777777776464,0.42138888888882775,29.95472222222223,
86,996,2025-07-24 00:00:00,2025-08-23 00:00:00,10,2866,30,360,900.0000000004093,900,0.5002777777777965,0.0002777777779101598,0.24972222222220353,29.98958333333333,
86,1012,2025-07-24 00:00:00,2025-08-23 00:00:00,12,2860,30,360,900.0000000004093,900,0.5002777777777965,0.0002777777779101598,0.24972222222220353,29.98958333333333,
86,1035,2025-07-24 00:00:00,2025-08-23 00:00:00,10,2864,30,360,900.0000000004093,900,0.5002777777777965,0.0002777777779101598,0.24972222222220353,29.98958333333333,
87,1275,2025-07-25 00:00:00,2025-08-24 00:00:00,454,454,29,324,5096.999999999252,5096,43.33416666666676,9.739722222222099,0.24027777777769188,29.584166666666675,
87,996,2025-07-25 00:00:00,2025-08-24 00:00:00,10,2867,30,360,900.0000000004093,900,0.5002777777777965,0.0,0.24972222222220353,29.989594907407408,
87,1012,2025-07-25 00:00:00,2025-08-24 00:00:00,11,2862,30,360,900.0000000004093,900,0.5002777777777965,0.0,0.24972222222220353,29.989594907407408,
87,1035,2025-07-25 00:00:00,2025-08-24 00:00:00,10,2864,30,360,900.0000000004093,900,0.5002777777777965,0.0,0.24972222222220353,29.989594907407408,
88,1275,2025-07-26 00:00:00,2025-08-25 00:00:00,458,458,29,328,5096.999999999252,5096,43.33416666666676,1.383888888888805,1.3652777777776919,29.885451388888896,
88,996,2025-07-26 00:00:00,2025-08-25 00:00:00,10,2867,30,360,900.0000000004093,900,0.5002777777777965,0.0002777777779101598,0.2500000000001137,29.98957175925925,
88,1012,2025-07-26 00:00:00,2025-08-25 00:00:00,10,2863,30,360,900.0000000004093,900,0.5002777777777965,0.0002777777779101598,0.2500000000001137,29.98957175925925,
88,1035,2025-07-26 00:00:00,2025-08-25 00:00:00,11,2864,30,360,900.0000000004093,900,0.5002777777777965,0.0002777777779101598,0.2500000000001137,29.98957175925925,
89,1275,2025-07-27 00:00:00,2025-08-26 00:00:00,459,459,29,328,5096.999999999252,5097,43.33416666666676,0.2555555555555884,1.184166666666556,29.940011574074077,
89,996,2025-07-27 00:00:00,2025-08-26 00:00:00,10,2868,30,360,900.0000000004093,900,0.5002777777777965,0.0002777777779101598,0.2500000000001137,29.98957175925925,
89,1012,2025-07-27 00:00:00,2025-08-26 00:00:00,9,2863,30,360,900.0000000004093,900,0.5002777777777965,0.0002777777779101598,0.2500000000001137,29.98957175925925,
89,1035,2025-07-27 00:00:00,2025-08-26 00:00:00,11,2865,30,360,900.0000000004093,900,0.5002777777777965,0.0002777777779101598,0.2500000000001137,29.98957175925925,
90,1275,2025-07-28 00:00:00,2025-08-27 00:00:00,459,459,29,328,5096.999999999252,5097,43.33416666666676,0.4316666666667288,0.8930555555555202,29.94480324074074,
90,996,2025-07-28 00:00:00,2025-08-27 00:00:00,7,2867,30,360,900.0000000004093,900,0.5002777777777965,0.0,0.2500000000001137,29.98958333333333,
90,1012,2025-07-28 00:00:00,2025-08-27 00:00:00,9,2864,30,360,900.0000000004093,900,0.5002777777777965,0.0,0.2500000000001137,29.98958333333333,
90,1035,2025-07-28 00:00:00,2025-08-27 00:00:00,9,2865,30,360,900.0000000004093,900,0.5002777777777965,0.0,0.2500000000001137,29.98958333333333,
91,1275,2025-07-29 00:00:00,2025-08-28 00:00:00,459,459,29,328,5097.00000000048,5097,43.33416666666676,0.7183333333332484,0.7127777777777737,29.940370370370374,
91,996,2025-07-29 00:00:00,2025-08-28 00:00:00,5,2868,30,360,900.0000000004093,900,0.5002777777777965,0.0002777777779101598,0.2500000000001137,29.98957175925925,
91,1012,2025-07-29 00:00:00,2025-08-28 00:00:00,13,2865,30,360,900.0000000004093,900,0.5002777777777965,0.0002777777779101598,0.2500000000001137,29.98957175925925,
91,1035,2025-07-29 00:00:00,2025-08-28 00:00:00,12,2865,30,360,900.0000000004093,900,0.5002777777777965,0.0002777777779101598,0.2500000000001137,29.98957175925925,
92,1275,2025-07-30 00:00:00,2025-08-29 00:00:00,467,467,29,333,5097.00000000048,5097,43.33416666666676,13.73222222222239,0.531944444444548,29.40565972222221,
92,996,2025-07-30 00:00:00,2025-08-29 00:00:00,5,2869,30,360,900.0000000004093,900,0.5002777777777965,0.0002777777779101598,0.2500000000001137,29.98957175925925,
92,1012,2025-07-30 00:00:00,2025-08-29 00:00:00,13,2866,30,360,900.0000000004093,900,0.5002777777777965,0.0002777777779101598,0.2500000000001137,29.98957175925925,
92,1035,2025-07-30 00:00:00,2025-08-29 00:00:00,12,2865,30,360,900.0000000004093,900,0.5002777777777965,0.0002777777779101598,0.2500000000001137,29.98957175925925,
93,1275,2025-07-31 00:00:00,2025-08-30 00:00:00,476,476,29,339,5097.00000000048,5097,43.33416666666676,1.0566666666665014,0.24166666666656056,29.94590277777779,
93,996,2025-07-31 00:00:00,2025-08-30 00:00:00,6,2869,30,360,900.0000000004093,900,0.5002777777777965,0.0,0.24972222222220353,29.989594907407408,
93,1012,2025-07-31 00:00:00,2025-08-30 00:00:00,13,2866,30,360,900.0000000004093,900,0.5002777777777965,0.0,0.24972222222220353,29.989594907407408,
93,1035,2025-07-31 00:00:00,2025-08-30 00:00:00,12,2864,30,360,900.0000000004093,900,0.5002777777777965,0.0,0.24972222222220353,29.989594907407408,
94,1275,2025-08-01 00:00:00,2025-08-31 00:00:00,476,476,29,339,5097.00000000048,5097,43.33416666666676,1.3422222222220626,0.05999999999994543,29.941574074074083,
94,996,2025-08-01 00:00:00,2025-08-31 00:00:00,7,2868,30,360,900.0000000004093,900,0.5002777777777965,0.0002777777779101598,0.24972222222220353,29.98958333333333,
94,1012,2025-08-01 00:00:00,2025-08-31 00:00:00,12,2866,30,360,900.0000000004093,900,0.5002777777777965,0.0002777777779101598,0.24972222222220353,29.98958333333333,
94,1035,2025-08-01 00:00:00,2025-08-31 00:00:00,12,2864,30,360,900.0000000004093,900,0.5002777777777965,0.0002777777779101598,0.24972222222220353,29.98958333333333,
95,1275,2025-08-02 00:00:00,2025-09-01 00:00:00,476,476,29,339,5097.00000000048,5097,43.33416666666676,0.10138888888877773,1.1855555555554247,29.946377314814825,
95,996,2025-08-02 00:00:00,2025-09-01 00:00:00,7,2868,30,360,900.0000000004093,900,0.5002777777777965,0.0002777777779101598,0.2500000000001137,29.98957175925925,
95,1012,2025-08-02 00:00:00,2025-09-01 00:00:00,12,2866,30,360,900.0000000004093,900,0.5002777777777965,0.0002777777779101598,0.2500000000001137,29.98957175925925,
95,1035,2025-08-02 00:00:00,2025-09-01 00:00:00,13,2865,30,360,900.0000000004093,900,0.5002777777777965,0.0002777777779101598,0.2500000000001137,29.98957175925925,
96,1275,2025-08-03 00:00:00,2025-09-02 00:00:00,476,476,29,339,5097.00000000048,5097,43.33416666666676,0.27611111111104947,1.004722222222199,29.946631944444448,
96,996,2025-08-03 00:00:00,2025-09-02 00:00:00,8,2867,30,360,900.0000000004093,900,0.5002777777777965,0.0002777777779101598,0.24972222222220353,29.98958333333333,
96,1012,2025-08-03 00:00:00,2025-09-02 00:00:00,13,2867,30,360,900.0000000004093,900,0.5002777777777965,0.0002777777779101598,0.24972222222220353,29.98958333333333,
96,1035,2025-08-03 00:00:00,2025-09-02 00:00:00,12,2866,30,360,900.0000000004093,900,0.5002777777777965,0.0002777777779101598,0.24972222222220353,29.98958333333333,
97,1275,2025-08-04 00:00:00,2025-09-03 00:00:00,476,476,29,339,5097.00000000048,5097,43.33416666666676,0.5608333333332212,0.8244444444444525,29.942280092592597,
97,996,2025-08-04 00:00:00,2025-09-03 00:00:00,8,2868,30,360,900.0000000004093,900,0.5002777777777965,0.0002777777779101598,0.24972222222220353,29.98958333333333,
97,1012,2025-08-04 00:00:00,2025-09-03 00:00:00,13,2867,30,360,900.0000000004093,900,0.5002777777777965,0.0002777777779101598,0.24972222222220353,29.98958333333333,
97,1035,2025-08-04 00:00:00,2025-09-03 00:00:00,14,2866,30,360,900.0000000004093,900,0.5002777777777965,0.0002777777779101598,0.24972222222220353,29.98958333333333,
98,1275,2025-08-05 00:00:00,2025-09-04 00:00:00,476,476,29,339,5097.00000000048,5097,43.33416666666676,0.7352777777779238,0.5347222222222854,29.947083333333325,
98,996,2025-08-05 00:00:00,2025-09-04 00:00:00,8,2869,30,360,900.0000000004093,900,0.5002777777777965,0.0,0.2500000000001137,29.98958333333333,
98,1012,2025-08-05 00:00:00,2025-09-04 00:00:00,13,2866,30,360,900.0000000004093,900,0.5002777777777965,0.0,0.2500000000001137,29.98958333333333,
98,1035,2025-08-05 00:00:00,2025-09-04 00:00:00,14,2866,30,360,900.0000000004093,900,0.5002777777777965,0.0,0.2500000000001137,29.98958333333333,
99,1275,2025-08-06 00:00:00,2025-09-05 00:00:00,476,476,29,339,5097.00000000048,5097,43.33416666666676,1.0197222222221853,0.3550000000000182,29.942719907407408,
99,996,2025-08-06 00:00:00,2025-09-05 00:00:00,9,2867,30,360,900.0000000004093,900,0.5002777777777965,0.0002777777779101598,0.24999999999977263,29.989571759259263,
99,1012,2025-08-06 00:00:00,2025-09-05 00:00:00,12,2866,30,360,900.0000000004093,900,0.5002777777777965,0.0002777777779101598,0.24999999999977263,29.989571759259263,
99,1035,2025-08-06 00:00:00,2025-09-05 00:00:00,14,2867,30,360,900.0000000004093,900,0.5002777777777965,0.0002777777779101598,0.24999999999977263,29.989571759259263,
100,1275,2025-08-07 00:00:00,2025-09-06 00:00:00,476,476,29,339,5097.00000000048,5097,43.33416666666676,1.1938888888889778,0.06527777777750998,29.94753472222223,
100,996,2025-08-07 00:00:00,2025-09-06 00:00:00,9,2868,30,360,900.0000000004093,900,0.5002777777777965,0.0002777777779101598,0.2497222222225446,29.989583333333314,
100,1012,2025-08-07 00:00:00,2025-09-06 00:00:00,12,2867,30,360,900.0000000004093,900,0.5002777777777965,0.0002777777779101598,0.2497222222225446,29.989583333333314,
100,1035,2025-08-07 00:00:00,2025-09-06 00:00:00,14,2867,30,360,900.0000000004093,900,0.5002777777777965,0.0002777777779101598,0.2497222222225446,29.989583333333314,
101,1275,2025-08-08 00:00:00,2025-09-07 00:00:00,475,475,29,339,5097.00000000048,5097,43.33416666666676,1.3686111111112496,1.3011111111111404,29.888761574074067,
101,996,2025-08-08 00:00:00,2025-09-07 00:00:00,9,2869,30,360,900.0000000004093,900,0.5002777777777965,0.0,0.2497222222225446,29.989594907407394,
101,1012,2025-08-08 00:00:00,2025-09-07 00:00:00,13,2867,30,360,900.0000000004093,900,0.5002777777777965,0.0,0.2497222222225446,29.989594907407394,
101,1035,2025-08-08 00:00:00,2025-09-07 00:00:00,16,2867,30,360,900.0000000004093,900,0.5002777777777965,0.0,0.2497222222225446,29.989594907407394,
102,1275,2025-08-09 00:00:00,2025-09-08 00:00:00,476,476,29,339,5097.00000000048,5097,43.33416666666676,0.23777777777786469,1.1216666666664423,29.943356481481487,
102,996,2025-08-09 00:00:00,2025-09-08 00:00:00,10,2869,30,360,900.0000000004093,900,0.5002777777777965,0.0,0.24999999999977263,29.989583333333343,
102,1012,2025-08-09 00:00:00,2025-09-08 00:00:00,13,2867,30,360,900.0000000004093,900,0.5002777777777965,0.0,0.24999999999977263,29.989583333333343,
102,1035,2025-08-09 00:00:00,2025-09-08 00:00:00,16,2867,30,360,900.0000000004093,900,0.5002777777777965,0.0,0.24999999999977263,29.989583333333343,
103,1275,2025-08-10 00:00:00,2025-09-09 00:00:00,476,476,29,339,5097.00000000048,5097,43.33416666666676,0.4127777777777055,0.8299999999999272,29.9482175925926,
103,996,2025-08-10 00:00:00,2025-09-09 00:00:00,9,2869,30,360,900.0000000004093,900,0.5002777777777965,0.0,0.24999999999977263,29.989583333333343,
103,1012,2025-08-10 00:00:00,2025-09-09 00:00:00,13,2868,30,360,900.0000000004093,900,0.5002777777777965,0.0,0.24999999999977263,29.989583333333343,
103,1035,2025-08-10 00:00:00,2025-09-09 00:00:00,16,2866,30,360,900.0000000004093,900,0.5002777777777965,0.0,0.24999999999977263,29.989583333333343,
104,1275,2025-08-11 00:00:00,2025-09-10 00:00:00,476,476,29,339,5097.00000000048,5097,43.33416666666676,0.6986111111111768,0.6486111111112223,29.943865740740733,
104,996,2025-08-11 00:00:00,2025-09-10 00:00:00,9,2869,30,360,900.0000000004093,900,0.5002777777777965,0.0002777777779101598,0.24999999999977263,29.989571759259263,
104,1012,2025-08-11 00:00:00,2025-09-10 00:00:00,13,2869,30,360,900.0000000004093,900,0.5002777777777965,0.0002777777779101598,0.24999999999977263,29.989571759259263,
104,1035,2025-08-11 00:00:00,2025-09-10 00:00:00,16,2865,30,360,900.0000000004093,900,0.5002777777777965,0.0002777777779101598,0.24999999999977263,29.989571759259263,
105,1275,2025-08-12 00:00:00,2025-09-11 00:00:00,483,483,29,344,5097.00000000048,5097,1.526388888889187,32.773333333333426,0.35638888888888687,28.619594907407404,
105,996,2025-08-12 00:00:00,2025-09-11 00:00:00,9,2870,30,360,900.0000000004093,900,0.5002777777777965,0.0002777777779101598,0.24999999999977263,29.989571759259263,
105,1012,2025-08-12 00:00:00,2025-09-11 00:00:00,13,2868,30,360,900.0000000004093,900,0.5002777777777965,0.0002777777779101598,0.24999999999977263,29.989571759259263,
105,1035,2025-08-12 00:00:00,2025-09-11 00:00:00,13,2864,30,360,900.0000000004093,900,0.5002777777777965,0.0002777777779101598,0.24999999999977263,29.989571759259263,
106,1275,2025-08-13 00:00:00,2025-09-12 00:00:00,500,500,30,356,5097.00000000048,5097,1.526388888889187,8.773333333333426,0.17416666666645142,29.627187500000005,
106,996,2025-08-13 00:00:00,2025-09-12 00:00:00,9,2869,30,360,900.0000000004093,900,0.5002777777777965,0.0002777777779101598,0.24999999999977263,29.989571759259263,
106,1012,2025-08-13 00:00:00,2025-09-12 00:00:00,14,2870,30,360,900.0000000004093,900,0.5002777777777965,0.0002777777779101598,0.24999999999977263,29.989571759259263,
106,1035,2025-08-13 00:00:00,2025-09-12 00:00:00,13,2865,30,360,900.0000000004093,900,0.5002777777777965,0.0002777777779101598,0.24999999999977263,29.989571759259263,
107,1275,2025-08-14 00:00:00,2025-09-13 00:00:00,505,505,30,360,5097.00000000048,5097,1.526388888889187,0.3474999999998545,1.4086111111112132,29.926828703703706,
107,996,2025-08-14 00:00:00,2025-09-13 00:00:00,8,2870,30,360,900.0000000004093,900,0.5002777777777965,0.0,0.2497222222225446,29.989594907407394,
107,1012,2025-08-14 00:00:00,2025-09-13 00:00:00,14,2870,30,360,900.0000000004093,900,0.5002777777777965,0.0,0.2497222222225446,29.989594907407394,
107,1035,2025-08-14 00:00:00,2025-09-13 00:00:00,12,2865,30,360,900.0000000004093,900,0.5002777777777965,0.0,0.2497222222225446,29.989594907407394,
108,1275,2025-08-15 00:00:00,2025-09-14 00:00:00,505,505,30,360,5097.00000000048,5097,1.526388888889187,0.6383333333333212,1.116666666666788,29.926874999999995,
108,996,2025-08-15 00:00:00,2025-09-14 00:00:00,8,2870,30,360,900.0000000004093,900,0.5002777777777965,0.0002777777779101598,0.24999999999977263,29.989571759259263,
108,1012,2025-08-15 00:00:00,2025-09-14 00:00:00,14,2870,30,360,900.0000000004093,900,0.5002777777777965,0.0002777777779101598,0.24999999999977263,29.989571759259263,
108,1035,2025-08-15 00:00:00,2025-09-14 00:00:00,12,2866,30,360,900.0000000004093,900,0.5002777777777965,0.0002777777779101598,0.24999999999977263,29.989571759259263,
109,1275,2025-08-16 00:00:00,2025-09-15 00:00:00,505,505,30,360,5097.00000000048,5097,1.526388888889187,0.8183333333334986,0.9350000000001728,29.92694444444443,
109,996,2025-08-16 00:00:00,2025-09-15 00:00:00,8,2870,30,360,900.0000000004093,900,0.5002777777777965,0.0,0.2497222222225446,29.989594907407394,
109,1012,2025-08-16 00:00:00,2025-09-15 00:00:00,14,2871,30,360,900.0000000004093,900,0.5002777777777965,0.0,0.2497222222225446,29.989594907407394,
109,1035,2025-08-16 00:00:00,2025-09-15 00:00:00,12,2865,30,360,900.0000000004093,900,0.5002777777777965,0.0,0.2497222222225446,29.989594907407394,
110,1275,2025-08-17 00:00:00,2025-09-16 00:00:00,505,505,30,360,5097.00000000048,5097,1.526388888889187,1.1097222222221035,0.6424999999999272,29.92699074074075,
110,996,2025-08-17 00:00:00,2025-09-16 00:00:00,8,2871,30,360,900.0000000004093,900,0.5002777777777965,0.0002777777779101598,0.24999999999977263,29.989571759259263,
110,1012,2025-08-17 00:00:00,2025-09-16 00:00:00,13,2870,30,360,900.0000000004093,900,0.5002777777777965,0.0002777777779101598,0.24999999999977263,29.989571759259263,
110,1035,2025-08-17 00:00:00,2025-09-16 00:00:00,11,2867,30,360,900.0000000004093,900,0.5002777777777965,0.0002777777779101598,0.24999999999977263,29.989571759259263,
111,1275,2025-08-18 00:00:00,2025-09-17 00:00:00,505,505,30,360,5097.00000000048,5097,1.526388888889187,1.2905555555556703,0.4608333333333121,29.92702546296296,
111,996,2025-08-18 00:00:00,2025-09-17 00:00:00,10,2871,30,360,900.0000000004093,900,0.5002777777777965,0.0,0.24999999999977263,29.989583333333343,
111,1012,2025-08-18 00:00:00,2025-09-17 00:00:00,14,2870,30,360,900.0000000004093,900,0.5002777777777965,0.0,0.24999999999977263,29.989583333333343,
111,1035,2025-08-18 00:00:00,2025-09-17 00:00:00,11,2868,30,360,900.0000000004093,900,0.5002777777777965,0.0,0.24999999999977263,29.989583333333343,
112,1275,2025-08-19 00:00:00,2025-09-18 00:00:00,506,506,30,360,5097.00000000048,5097,1.526388888889187,0.05527777777786014,0.16833333333306655,29.990682870370378,
112,996,2025-08-19 00:00:00,2025-09-18 00:00:00,9,2871,30,360,900.0000000004093,900,0.5002777777777965,0.0002777777779101598,0.2497222222225446,29.989583333333314,
112,1012,2025-08-19 00:00:00,2025-09-18 00:00:00,14,2871,30,360,900.0000000004093,900,0.5002777777777965,0.0002777777779101598,0.2497222222225446,29.989583333333314,
112,1035,2025-08-19 00:00:00,2025-09-18 00:00:00,11,2868,30,360,900.0000000004093,900,0.5002777777777965,0.0002777777779101598,0.2497222222225446,29.989583333333314,
113,1275,2025-08-20 00:00:00,2025-09-19 00:00:00,505,505,30,360,5097.00000000048,5097,1.526388888889187,0.3461111111109858,1.402222222222008,29.927152777777792,
113,996,2025-08-20 00:00:00,2025-09-19 00:00:00,9,2871,30,360,899.9999999991815,900,0.5002777777777965,0.0002777777779101598,0.24999999999977263,29.989571759259263,
113,1012,2025-08-20 00:00:00,2025-09-19 00:00:00,12,2870,30,360,899.9999999991815,900,0.5002777777777965,0.0002777777779101598,0.24999999999977263,29.989571759259263,
113,1035,2025-08-20 00:00:00,2025-09-19 00:00:00,11,2866,30,360,899.9999999991815,900,0.5002777777777965,0.0002777777779101598,0.24999999999977263,29.989571759259263,
114,1275,2025-08-21 00:00:00,2025-09-20 00:00:00,505,505,30,360,5097.00000000048,5097,1.526388888889187,0.5266666666666424,1.2197222222223445,29.927233796296292,
114,996,2025-08-21 00:00:00,2025-09-20 00:00:00,9,2871,30,360,899.9999999991815,900,0.5002777777777965,0.0,0.2497222222225446,29.989594907407394,
114,1012,2025-08-21 00:00:00,2025-09-20 00:00:00,12,2871,30,360,899.9999999991815,900,0.5002777777777965,0.0,0.2497222222225446,29.989594907407394,
114,1035,2025-08-21 00:00:00,2025-09-20 00:00:00,12,2866,30,360,899.9999999991815,900,0.5002777777777965,0.0,0.2497222222225446,29.989594907407394,
115,1275,2025-08-22 00:00:00,2025-09-21 00:00:00,505,505,30,360,5097.00000000048,5097,1.526388888889187,0.8183333333334986,0.9277777777779193,29.927245370370358,
115,996,2025-08-22 00:00:00,2025-09-21 00:00:00,8,2871,30,360,899.9999999991815,900,0.5002777777777965,0.0,0.24999999999977263,29.989583333333343,
115,1012,2025-08-22 00:00:00,2025-09-21 00:00:00,12,2872,30,360,899.9999999991815,900,0.5002777777777965,0.0,0.24999999999977263,29.989583333333343,
115,1035,2025-08-22 00:00:00,2025-09-21 00:00:00,12,2866,30,360,899.9999999991815,900,0.5002777777777965,0.0,0.24999999999977263,29.989583333333343,
116,1275,2025-08-23 00:00:00,2025-09-22 00:00:00,505,505,30,360,5097.00000000048,5097,1.526388888889187,0.9944444444442979,0.7466666666664423,29.92745370370372,
116,996,2025-08-23 00:00:00,2025-09-22 00:00:00,9,2870,30,360,899.9999999991815,900,0.5002777777777965,0.0002777777779101598,0.2497222222225446,29.989583333333314,
116,1012,2025-08-23 00:00:00,2025-09-22 00:00:00,14,2872,30,360,899.9999999991815,900,0.5002777777777965,0.0002777777779101598,0.2497222222225446,29.989583333333314,
116,1035,2025-08-23 00:00:00,2025-09-22 00:00:00,10,2866,30,360,899.9999999991815,900,0.5002777777777965,0.0002777777779101598,0.2497222222225446,29.989583333333314,
117,1275,2025-08-24 00:00:00,2025-09-23 00:00:00,505,505,30,360,5097.00000000048,5097,1.526388888889187,1.285833333333244,0.4544444444441069,29.927488425925944,
117,996,2025-08-24 00:00:00,2025-09-23 00:00:00,10,2870,30,360,899.9999999991815,900,0.5002777777777965,0.0002777777779101598,0.24999999999977263,29.989571759259263,
117,1012,2025-08-24 00:00:00,2025-09-23 00:00:00,14,2871,30,360,899.9999999991815,900,0.5002777777777965,0.0002777777779101598,0.24999999999977263,29.989571759259263,
117,1035,2025-08-24 00:00:00,2025-09-23 00:00:00,10,2866,30,360,899.9999999991815,900,0.5002777777777965,0.0002777777779101598,0.24999999999977263,29.989571759259263,
118,1275,2025-08-25 00:00:00,2025-09-24 00:00:00,506,506,30,360,5097.00000000048,5097,1.526388888889187,0.050555555555433784,0.27305555555540195,29.986516203703715,
118,996,2025-08-25 00:00:00,2025-09-24 00:00:00,10,2871,30,360,899.9999999991815,900,0.5002777777777965,0.0002777777779101598,0.24999999999977263,29.989571759259263,
118,1012,2025-08-25 00:00:00,2025-09-24 00:00:00,14,2871,30,360,899.9999999991815,900,0.5002777777777965,0.0002777777779101598,0.24999999999977263,29.989571759259263,
118,1035,2025-08-25 00:00:00,2025-09-24 00:00:00,9,2866,30,360,899.9999999991815,900,0.5002777777777965,0.0002777777779101598,0.24999999999977263,29.989571759259263,
119,1275,2025-08-26 00:00:00,2025-09-25 00:00:00,506,506,30,360,5097.00000000048,5097,1.526388888889187,0.2319444444444798,0.09083333333364862,29.98655092592591,
119,996,2025-08-26 00:00:00,2025-09-25 00:00:00,10,2871,30,360,899.9999999991815,900,0.5002777777777965,0.0,0.24999999999977263,29.989583333333343,
119,1012,2025-08-26 00:00:00,2025-09-25 00:00:00,13,2871,30,360,899.9999999991815,900,0.5002777777777965,0.0,0.24999999999977263,29.989583333333343,
119,1035,2025-08-26 00:00:00,2025-09-25 00:00:00,9,2866,30,360,899.9999999991815,900,0.5002777777777965,0.0,0.24999999999977263,29.989583333333343,
120,1275,2025-08-27 00:00:00,2025-09-26 00:00:00,505,505,30,360,5097.00000000048,5097,1.526388888889187,0.5227777777779465,1.2155555555557385,29.92756944444443,
120,996,2025-08-27 00:00:00,2025-09-26 00:00:00,10,2872,30,360,899.9999999991815,900,0.5002777777777965,0.0002777777779101598,0.2497222222225446,29.989583333333314,
120,1012,2025-08-27 00:00:00,2025-09-26 00:00:00,13,2871,30,360,899.9999999991815,900,0.5002777777777965,0.0002777777779101598,0.2497222222225446,29.989583333333314,
120,1035,2025-08-27 00:00:00,2025-09-26 00:00:00,10,2866,30,360,899.9999999991815,900,0.5002777777777965,0.0002777777779101598,0.2497222222225446,29.989583333333314,
121,1275,2025-08-28 00:00:00,2025-09-27 00:00:00,506,506,30,360,5097.00000000048,5097,1.526388888889187,0.703055555555693,0.5688888888892052,29.947002314814796,
121,996,2025-08-28 00:00:00,2025-09-27 00:00:00,10,2872,30,360,899.9999999991815,900,0.5002777777777965,0.0,0.24999999999977263,29.989583333333343,
121,1012,2025-08-28 00:00:00,2025-09-27 00:00:00,9,2871,30,360,899.9999999991815,900,0.5002777777777965,0.0,0.24999999999977263,29.989583333333343,
121,1035,2025-08-28 00:00:00,2025-09-27 00:00:00,8,2866,30,360,899.9999999991815,900,0.5002777777777965,0.0,0.24999999999977263,29.989583333333343,
122,1275,2025-08-29 00:00:00,2025-09-28 00:00:00,506,506,30,360,5097.00000000048,5097,1.526388888889187,0.9941666666667288,0.2827777777774827,29.94679398148149,
122,996,2025-08-29 00:00:00,2025-09-28 00:00:00,11,2872,30,360,899.9999999991815,900,0.5002777777777965,0.0,0.2497222222225446,29.989594907407394,
122,1012,2025-08-29 00:00:00,2025-09-28 00:00:00,9,2870,30,360,899.9999999991815,900,0.5002777777777965,0.0,0.2497222222225446,29.989594907407394,
122,1035,2025-08-29 00:00:00,2025-09-28 00:00:00,8,2866,30,360,899.9999999991815,900,0.5002777777777965,0.0,0.2497222222225446,29.989594907407394,
123,1275,2025-08-30 00:00:00,2025-09-29 00:00:00,506,506,30,360,5097.00000000048,5097,1.526388888889187,1.1744444444444753,0.10638888888911424,29.946631944444434,
123,996,2025-08-30 00:00:00,2025-09-29 00:00:00,10,2871,30,360,899.9999999991815,900,0.5002777777777965,0.0,0.2497222222225446,29.989594907407394,
123,1012,2025-08-30 00:00:00,2025-09-29 00:00:00,9,2870,30,360,899.9999999991815,900,0.5002777777781375,0.0,0.2497222222225446,29.989594907407394,
123,1035,2025-08-30 00:00:00,2025-09-29 00:00:00,9,2867,30,360,899.9999999991815,900,0.5002777777774554,0.0,0.2497222222225446,29.989594907407394,
124,1275,2025-08-31 00:00:00,2025-09-30 00:00:00,505,505,30,360,5097.00000000048,5097,1.526388888889187,1.3561111111110904,1.3449999999998,29.887453703703713,
124,996,2025-08-31 00:00:00,2025-09-30 00:00:00,10,2872,30,360,899.9999999991815,900,0.5002777777777965,0.0002777777779101598,0.24999999999977263,29.989571759259263,
124,1012,2025-08-31 00:00:00,2025-09-30 00:00:00,8,2871,30,360,899.9999999991815,900,0.5002777777781375,0.0002777777779101598,0.24999999999977263,29.989571759259263,
124,1035,2025-08-31 00:00:00,2025-09-30 00:00:00,9,2867,30,360,899.9999999991815,900,0.5002777777774554,0.0002777777779101598,0.24999999999977263,29.989571759259263,
125,1275,2025-09-01 00:00:00,2025-10-01 00:00:00,506,506,30,360,5097.00000000048,5097,1.526388888889187,0.23027777777770098,1.0583333333336213,29.94630787037036,
125,996,2025-09-01 00:00:00,2025-10-01 00:00:00,10,2871,30,360,899.9999999991815,900,0.5002777777781375,0.0,0.24999999999977263,29.989583333333343,
125,1012,2025-09-01 00:00:00,2025-10-01 00:00:00,8,2871,30,360,899.9999999991815,900,0.5002777777781375,0.0,0.24999999999977263,29.989583333333343,
125,1035,2025-09-01 00:00:00,2025-10-01 00:00:00,8,2867,30,360,899.9999999991815,900,0.5002777777774554,0.0,0.24999999999977263,29.989583333333343,
126,1275,2025-09-02 00:00:00,2025-10-02 00:00:00,506,506,30,360,5097.00000000048,5097,1.526388888889187,0.41138888888883685,0.8827777777776191,29.946076388888898,
126,996,2025-09-02 00:00:00,2025-10-02 00:00:00,9,2873,30,360,899.9999999991815,900,0.5002777777781375,0.0,0.2497222222225446,29.989594907407394,
126,1012,2025-09-02 00:00:00,2025-10-02 00:00:00,7,2871,30,360,899.9999999991815,900,0.5002777777781375,0.0,0.2497222222225446,29.989594907407394,
126,1035,2025-09-02 00:00:00,2025-10-02 00:00:00,8,2867,30,360,899.9999999991815,900,0.5002777777774554,0.0,0.2497222222225446,29.989594907407394,
127,1275,2025-09-03 00:00:00,2025-10-03 00:00:00,506,506,30,360,5097.00000000048,5097,1.526388888889187,0.7013888888889142,0.5986111111112677,29.945833333333326,
127,996,2025-09-03 00:00:00,2025-10-03 00:00:00,9,2873,30,360,899.9999999991815,900,0.5002777777781375,0.0002777777779101598,0.24999999999977263,29.989571759259263,
127,1012,2025-09-03 00:00:00,2025-10-03 00:00:00,7,2871,30,360,899.9999999991815,900,0.5002777777781375,0.0002777777779101598,0.24999999999977263,29.989571759259263,
127,1035,2025-09-03 00:00:00,2025-10-03 00:00:00,7,2868,30,360,899.9999999991815,900,0.5002777777774554,0.0002777777779101598,0.24999999999977263,29.989571759259263,
128,1275,2025-09-04 00:00:00,2025-10-04 00:00:00,503,503,30,358,5097.00000000048,5097,5.75583333333293,0.8811111111108403,0.44000000000028194,29.944953703703703,
128,996,2025-09-04 00:00:00,2025-10-04 00:00:00,9,2873,30,360,899.9999999991815,900,0.5002777777781375,0.0,0.24999999999977263,29.989583333333343,
128,1012,2025-09-04 00:00:00,2025-10-04 00:00:00,6,2872,30,360,899.9999999991815,900,0.5002777777781375,0.0,0.24999999999977263,29.989583333333343,
128,1035,2025-09-04 00:00:00,2025-10-04 00:00:00,8,2868,30,360,899.9999999991815,900,0.5002777777774554,0.0,0.24999999999977263,29.989583333333343,
129,1275,2025-09-05 00:00:00,2025-10-05 00:00:00,503,503,30,358,5097.00000000048,5097,5.75583333333293,1.0608333333334485,0.2644444444442797,29.944780092592595,
129,996,2025-09-05 00:00:00,2025-10-05 00:00:00,9,2875,30,360,899.9999999991815,900,0.5002777777781375,0.0,0.24999999999977263,29.989583333333343,
129,1012,2025-09-05 00:00:00,2025-10-05 00:00:00,7,2872,30,360,899.9999999991815,900,0.5002777777781375,0.0,0.24999999999977263,29.989583333333343,
129,1035,2025-09-05 00:00:00,2025-10-05 00:00:00,8,2868,30,360,899.9999999991815,900,0.5002777777774554,0.0,0.24999999999977263,29.989583333333343,
130,1275,2025-09-06 00:00:00,2025-10-06 00:00:00,502,502,30,358,5097.00000000048,5097,5.75583333333293,1.3505555555552746,1.3947222222225264,29.885613425925925,
130,996,2025-09-06 00:00:00,2025-10-06 00:00:00,9,2871,30,360,899.9999999991815,900,0.5002777777781375,0.0,0.24999999999977263,29.989583333333343,
130,1012,2025-09-06 00:00:00,2025-10-06 00:00:00,8,2872,30,360,899.9999999991815,900,0.5002777777781375,0.0,0.24999999999977263,29.989583333333343,
130,1035,2025-09-06 00:00:00,2025-10-06 00:00:00,8,2867,30,360,899.9999999991815,900,0.5002777777781375,0.0,0.24999999999977263,29.989583333333343,
131,1275,2025-09-07 00:00:00,2025-10-07 00:00:00,502,502,30,358,5097.00000000048,5097,5.75583333333293,0.11472222222232631,1.9413888888891506,29.91432870370369,
131,996,2025-09-07 00:00:00,2025-10-07 00:00:00,9,2870,30,360,899.9999999991815,900,0.5002777777781375,0.0002777777779101598,0.2497222222225446,29.989583333333314,
131,1012,2025-09-07 00:00:00,2025-10-07 00:00:00,7,2872,30,360,899.9999999991815,900,0.5002777777781375,0.0002777777779101598,0.2497222222225446,29.989583333333314,
131,1035,2025-09-07 00:00:00,2025-10-07 00:00:00,6,2868,30,360,899.9999999991815,900,0.5002777777781375,0.0002777777779101598,0.2497222222225446,29.989583333333314,
132,1275,2025-09-08 00:00:00,2025-10-08 00:00:00,497,497,30,358,5097.00000000048,5097,5.75583333333293,0.4044444444441524,1.815555555555875,29.9075,
132,996,2025-09-08 00:00:00,2025-10-08 00:00:00,8,2869,30,360,899.9999999991815,900,0.5002777777781375,0.0,0.24999999999977263,29.989583333333343,
132,1012,2025-09-08 00:00:00,2025-10-08 00:00:00,7,2873,30,360,899.9999999991815,900,0.5002777777781375,0.0,0.24999999999977263,29.989583333333343,
132,1035,2025-09-08 00:00:00,2025-10-08 00:00:00,6,2868,30,360,899.9999999991815,900,0.5002777777781375,0.0,0.24999999999977263,29.989583333333343,
133,1275,2025-09-09 00:00:00,2025-10-09 00:00:00,492,492,30,358,5097.00000000048,5097,5.75583333333293,0.5858333333335395,1.823888888889087,29.89959490740739,
133,996,2025-09-09 00:00:00,2025-10-09 00:00:00,10,2869,30,360,899.9999999991815,900,0.5002777777781375,0.0,0.24999999999977263,29.989583333333343,
133,1012,2025-09-09 00:00:00,2025-10-09 00:00:00,7,2873,30,360,899.9999999991815,900,0.5002777777781375,0.0,0.24999999999977263,29.989583333333343,
133,1035,2025-09-09 00:00:00,2025-10-09 00:00:00,7,2868,30,360,899.9999999991815,900,0.5002777777781375,0.0,0.24999999999977263,29.989583333333343,
134,1275,2025-09-10 00:00:00,2025-10-10 00:00:00,487,487,30,358,5097.00000000048,5097,5.75583333333293,0.7675000000001546,1.815555555555875,29.892372685185165,
134,996,2025-09-10 00:00:00,2025-10-10 00:00:00,10,2868,30,360,899.9999999991815,900,0.5002777777781375,0.0,0.24999999999977263,29.989583333333343,
134,1012,2025-09-10 00:00:00,2025-10-10 00:00:00,7,2873,30,360,899.9999999991815,900,0.5002777777781375,0.0,0.24999999999977263,29.989583333333343,
134,1035,2025-09-10 00:00:00,2025-10-10 00:00:00,7,2870,30,360,899.9999999991815,900,0.5002777777781375,0.0,0.24999999999977263,29.989583333333343,
135,1275,2025-09-11 00:00:00,2025-10-11 00:00:00,482,482,30,358,5097.00000000048,5097,5.75583333333293,1.05972222222249,1.815555555555875,29.880196759259235,
135,996,2025-09-11 00:00:00,2025-10-11 00:00:00,10,2868,30,360,899.9999999991815,900,0.5002777777781375,0.0,0.24999999999977263,29.989583333333343,
135,1012,2025-09-11 00:00:00,2025-10-11 00:00:00,7,2874,30,360,899.9999999991815,900,0.5002777777781375,0.0,0.24999999999977263,29.989583333333343,
135,1035,2025-09-11 00:00:00,2025-10-11 00:00:00,7,2870,30,360,899.9999999991815,900,0.5002777777781375,0.0,0.24999999999977263,29.989583333333343,
136,1275,2025-09-12 00:00:00,2025-10-12 00:00:00,477,477,30,358,5097.00000000048,5097,5.75583333333293,1.2416666666663332,1.815555555555875,29.87261574074074,
136,996,2025-09-12 00:00:00,2025-10-12 00:00:00,10,2869,30,360,899.9999999991815,900,0.5002777777781375,0.0,0.24999999999977263,29.989583333333343,
136,1012,2025-09-12 00:00:00,2025-10-12 00:00:00,6,2874,30,360,899.9999999991815,900,0.5002777777781375,0.0,0.24999999999977263,29.989583333333343,
136,1035,2025-09-12 00:00:00,2025-10-12 00:00:00,7,2870,30,360,899.9999999991815,900,0.5002777777781375,0.0,0.24999999999977263,29.989583333333343,
137,1275,2025-09-13 00:00:00,2025-10-13 00:00:00,473,473,30,358,5097.00000000048,5097,5.75583333333293,0.1172222222221535,1.815555555555875,29.919467592592582,
137,996,2025-09-13 00:00:00,2025-10-13 00:00:00,10,2869,30,360,899.9999999991815,900,0.5002777777781375,0.0002777777779101598,0.24999999999977263,29.989571759259263,
137,1012,2025-09-13 00:00:00,2025-10-13 00:00:00,6,2874,30,360,899.9999999991815,900,0.5002777777781375,0.0002777777779101598,0.24999999999977263,29.989571759259263,
137,1035,2025-09-13 00:00:00,2025-10-13 00:00:00,7,2870,30,360,899.9999999991815,900,0.5002777777781375,0.0002777777779101598,0.24999999999977263,29.989571759259263,
138,1275,2025-09-14 00:00:00,2025-10-14 00:00:00,468,468,30,358,5097.00000000048,5097,5.75583333333293,0.29944444444458895,1.8241666666669971,29.911516203703684,
138,996,2025-09-14 00:00:00,2025-10-14 00:00:00,10,2869,30,360,899.9999999991815,900,0.5002777777781375,0.0,0.24999999999977263,29.989583333333343,
138,1012,2025-09-14 00:00:00,2025-10-14 00:00:00,6,2874,30,360,899.9999999991815,900,0.5002777777781375,0.0,0.24999999999977263,29.989583333333343,
138,1035,2025-09-14 00:00:00,2025-10-14 00:00:00,7,2871,30,360,899.9999999991815,900,0.5002777777781375,0.0,0.24999999999977263,29.989583333333343,
139,1275,2025-09-15 00:00:00,2025-10-15 00:00:00,463,463,30,358,5097.00000000048,5097,5.75583333333293,0.4811111111112041,1.815555555555875,29.90430555555554,
139,996,2025-09-15 00:00:00,2025-10-15 00:00:00,11,2869,30,360,899.9999999991815,900,0.5002777777781375,0.0,0.24999999999977263,29.989583333333343,
139,1012,2025-09-15 00:00:00,2025-10-15 00:00:00,6,2874,30,360,899.9999999991815,900,0.5002777777781375,0.0,0.24999999999977263,29.989583333333343,
139,1035,2025-09-15 00:00:00,2025-10-15 00:00:00,7,2871,30,360,899.9999999991815,900,0.5002777777781375,0.0,0.24999999999977263,29.989583333333343,
140,1275,2025-09-16 00:00:00,2025-10-16 00:00:00,458,458,30,358,5097.00000000048,5097,5.75583333333293,0.7736111111114496,1.815555555555875,29.892118055555528,
140,996,2025-09-16 00:00:00,2025-10-16 00:00:00,11,2866,30,360,899.9999999991815,900,0.5002777777781375,0.0,0.2497222222225446,29.989594907407394,
140,1012,2025-09-16 00:00:00,2025-10-16 00:00:00,6,2875,30,360,899.9999999991815,900,0.5002777777781375,0.0,0.2497222222225446,29.989594907407394,
140,1035,2025-09-16 00:00:00,2025-10-16 00:00:00,8,2870,30,360,899.9999999991815,900,0.5002777777781375,0.0,0.2497222222225446,29.989594907407394,
141,1275,2025-09-17 00:00:00,2025-10-17 00:00:00,453,453,30,358,5097.999999998501,5097,5.75583333333293,0.9550000000001546,1.815555555555875,29.884560185185165,
141,996,2025-09-17 00:00:00,2025-10-17 00:00:00,9,2866,30,360,899.9999999991815,900,0.5002777777781375,0.0002777777779101598,0.24999999999977263,29.989571759259263,
141,1012,2025-09-17 00:00:00,2025-10-17 00:00:00,5,2874,30,360,899.9999999991815,900,0.5002777777781375,0.0002777777779101598,0.24999999999977263,29.989571759259263,
141,1035,2025-09-17 00:00:00,2025-10-17 00:00:00,8,2870,30,360,899.9999999991815,900,0.5002777777781375,0.0002777777779101598,0.24999999999977263,29.989571759259263,
142,1275,2025-09-18 00:00:00,2025-10-18 00:00:00,448,448,30,358,5097.999999998501,5097,5.75583333333293,1.2477777777776282,1.815555555555875,29.872361111111104,
142,996,2025-09-18 00:00:00,2025-10-18 00:00:00,9,2865,30,360,899.9999999991815,900,0.5002777777781375,0.0002777777779101598,0.24999999999977263,29.989571759259263,
142,1012,2025-09-18 00:00:00,2025-10-18 00:00:00,6,2874,30,360,899.9999999991815,900,0.5002777777781375,0.0002777777779101598,0.24999999999977263,29.989571759259263,
142,1035,2025-09-18 00:00:00,2025-10-18 00:00:00,8,2869,30,360,899.9999999991815,900,0.5002777777781375,0.0002777777779101598,0.24999999999977263,29.989571759259263,
143,1275,2025-09-19 00:00:00,2025-10-19 00:00:00,444,444,30,358,5097.999999998501,7200,5.75583333333293,0.01361111111077662,1.823888888889087,29.923437500000006,
143,996,2025-09-19 00:00:00,2025-10-19 00:00:00,10,2864,30,360,899.9999999991815,900,0.5002777777781375,0.0,0.2497222222225446,29.989594907407394,
143,1012,2025-09-19 00:00:00,2025-10-19 00:00:00,6,2875,30,360,899.9999999991815,900,0.5002777777781375,0.0,0.2497222222225446,29.989594907407394,
143,1035,2025-09-19 00:00:00,2025-10-19 00:00:00,8,2871,30,360,899.9999999991815,900,0.5002777777781375,0.0,0.2497222222225446,29.989594907407394,
144,1275,2025-09-20 00:00:00,2025-10-20 00:00:00,439,439,30,358,5097.999999998501,7200,5.75583333333293,0.1963888888890324,1.815555555555875,29.916168981481462,
144,996,2025-09-20 00:00:00,2025-10-20 00:00:00,12,2864,30,360,899.9999999991815,900,0.5002777777781375,0.0002777777779101598,0.24999999999977263,29.989571759259263,
144,1012,2025-09-20 00:00:00,2025-10-20 00:00:00,6,2874,30,360,899.9999999991815,900,0.5002777777781375,0.0002777777779101598,0.24999999999977263,29.989571759259263,
144,1035,2025-09-20 00:00:00,2025-10-20 00:00:00,8,2871,30,360,899.9999999991815,900,0.5002777777781375,0.0002777777779101598,0.24999999999977263,29.989571759259263,
145,1275,2025-09-21 00:00:00,2025-10-21 00:00:00,434,434,30,358,5098.000000000957,7200,5.75583333333293,0.48833333333345763,1.815555555555875,29.90400462962961,
145,996,2025-09-21 00:00:00,2025-10-21 00:00:00,12,2865,30,360,899.9999999991815,900,0.5002777777781375,0.0,0.24999999999977263,29.989583333333343,
145,1012,2025-09-21 00:00:00,2025-10-21 00:00:00,6,2874,30,360,899.9999999991815,900,0.5002777777781375,0.0,0.24999999999977263,29.989583333333343,
145,1035,2025-09-21 00:00:00,2025-10-21 00:00:00,9,2871,30,360,899.9999999991815,900,0.5002777777781375,0.0,0.24999999999977263,29.989583333333343,
146,1275,2025-09-22 00:00:00,2025-10-22 00:00:00,429,429,30,358,5098.000000000957,7200,5.75583333333293,0.6694444444442524,1.815555555555875,29.896458333333328,
146,996,2025-09-22 00:00:00,2025-10-22 00:00:00,10,2866,30,360,899.9999999991815,900,0.5002777777781375,0.0,0.24999999999977263,29.989583333333343,
146,1012,2025-09-22 00:00:00,2025-10-22 00:00:00,4,2874,30,360,899.9999999991815,900,0.5002777777781375,0.0,0.24999999999977263,29.989583333333343,
146,1035,2025-09-22 00:00:00,2025-10-22 00:00:00,10,2872,30,360,899.9999999991815,900,0.5002777777781375,0.0,0.24999999999977263,29.989583333333343,
147,1275,2025-09-23 00:00:00,2025-10-23 00:00:00,424,424,30,358,5491.9999999996435,7200,5.75583333333293,0.9613888888886777,1.815555555555875,29.884293981481477,
147,996,2025-09-23 00:00:00,2025-10-23 00:00:00,10,2866,30,360,899.9999999991815,900,0.5002777777781375,0.0,0.24999999999977263,29.989583333333343,
147,1012,2025-09-23 00:00:00,2025-10-23 00:00:00,6,2875,30,360,899.9999999991815,900,0.5002777777781375,0.0,0.24999999999977263,29.989583333333343,
147,1035,2025-09-23 00:00:00,2025-10-23 00:00:00,10,2872,30,360,899.9999999991815,900,0.5002777777781375,0.0,0.24999999999977263,29.989583333333343,
148,1275,2025-09-24 00:00:00,2025-10-24 00:00:00,419,419,30,358,6331.49999999946,7200,5.75583333333293,1.1430555555552928,1.823888888889087,29.876377314814818,
148,996,2025-09-24 00:00:00,2025-10-24 00:00:00,11,2866,30,360,899.9999999991815,900,0.5002777777781375,0.0,0.2497222222225446,29.989594907407394,
148,1012,2025-09-24 00:00:00,2025-10-24 00:00:00,6,2874,30,360,899.9999999991815,900,0.5002777777781375,0.0,0.2497222222225446,29.989594907407394,
148,1035,2025-09-24 00:00:00,2025-10-24 00:00:00,10,2870,30,360,899.9999999991815,900,0.5002777777781375,0.0,0.2497222222225446,29.989594907407394,
149,1275,2025-09-25 00:00:00,2025-10-25 00:00:00,414,414,30,358,7170.000000001255,7200,5.75583333333293,1.324999999999818,1.815555555555875,29.869143518518513,
149,996,2025-09-25 00:00:00,2025-10-25 00:00:00,11,2865,30,360,899.9999999991815,900,0.5002777777781375,0.0,0.2497222222225446,29.989594907407394,
149,1012,2025-09-25 00:00:00,2025-10-25 00:00:00,6,2874,30,360,899.9999999991815,900,0.5002777777781375,0.0,0.2497222222225446,29.989594907407394,
149,1035,2025-09-25 00:00:00,2025-10-25 00:00:00,10,2870,30,360,899.9999999991815,900,0.5002777777781375,0.0,0.2497222222225446,29.989594907407394,
150,1275,2025-09-26 00:00:00,2025-10-26 00:00:00,410,410,30,358,7199.999999998363,7200,5.75583333333293,0.20027777777772826,1.815555555555875,29.916006944444433,
150,996,2025-09-26 00:00:00,2025-10-26 00:00:00,11,2865,30,360,899.9999999991815,900,0.5002777777781375,0.0,0.24999999999977263,29.989583333333343,
150,1012,2025-09-26 00:00:00,2025-10-26 00:00:00,7,2873,30,360,899.9999999991815,900,0.5002777777781375,0.0,0.24999999999977263,29.989583333333343,
150,1035,2025-09-26 00:00:00,2025-10-26 00:00:00,9,2870,30,360,899.9999999991815,900,0.5002777777781375,0.0,0.24999999999977263,29.989583333333343,
151,1275,2025-09-27 00:00:00,2025-10-27 00:00:00,404,404,30,358,7199.999999998363,7200,5.75583333333293,0.8469444444442615,1.815555555555875,29.889062499999994,
151,996,2025-09-27 00:00:00,2025-10-27 00:00:00,11,2865,30,360,899.9999999991815,900,0.5002777777781375,0.0,0.2497222222225446,29.989594907407394,
151,1012,2025-09-27 00:00:00,2025-10-27 00:00:00,7,2873,30,360,899.9999999991815,900,0.5002777777781375,0.0,0.2497222222225446,29.989594907407394,
151,1035,2025-09-27 00:00:00,2025-10-27 00:00:00,8,2870,30,360,899.9999999991815,900,0.5002777777781375,0.0,0.2497222222225446,29.989594907407394,
152,1275,2025-09-28 00:00:00,2025-10-28 00:00:00,399,399,30,358,7199.999999998363,7200,5.75583333333293,1.1327777777780739,1.815555555555875,29.877152777777752,
152,996,2025-09-28 00:00:00,2025-10-28 00:00:00,12,2863,30,360,899.9999999991815,900,0.5002777777781375,0.0002777777779101598,0.2497222222225446,29.989583333333314,
152,1012,2025-09-28 00:00:00,2025-10-28 00:00:00,9,2874,30,360,899.9999999991815,900,0.5002777777781375,0.0002777777779101598,0.2497222222225446,29.989583333333314,
152,1035,2025-09-28 00:00:00,2025-10-28 00:00:00,9,2869,30,360,899.9999999991815,900,0.5002777777781375,0.0002777777779101598,0.2497222222225446,29.989583333333314,
153,1275,2025-09-29 00:00:00,2025-10-29 00:00:00,394,394,30,358,7199.999999998363,7200,5.75583333333293,1.3094444444443525,1.823888888889087,29.86944444444444,
153,996,2025-09-29 00:00:00,2025-10-29 00:00:00,12,2863,30,360,899.9999999991815,900,0.5002777777781375,0.0,0.24999999999977263,29.989583333333343,
153,1012,2025-09-29 00:00:00,2025-10-29 00:00:00,10,2875,30,360,899.9999999991815,900,0.5002777777774554,0.0,0.24999999999977263,29.989583333333343,
153,1035,2025-09-29 00:00:00,2025-10-29 00:00:00,8,2868,30,360,899.9999999991815,900,0.5002777777781375,0.0,0.24999999999977263,29.989583333333343,
154,1275,2025-09-30 00:00:00,2025-10-30 00:00:00,390,390,30,358,7199.999999998363,7200,5.75583333333293,0.07083333333366681,1.815555555555875,29.921400462962936,
154,996,2025-09-30 00:00:00,2025-10-30 00:00:00,13,2863,30,360,899.9999999991815,900,0.5002777777781375,0.0,0.2497222222225446,29.989594907407394,
154,1012,2025-09-30 00:00:00,2025-10-30 00:00:00,10,2875,30,360,899.9999999991815,900,0.5002777777774554,0.0,0.2497222222225446,29.989594907407394,
154,1035,2025-09-30 00:00:00,2025-10-30 00:00:00,8,2866,30,360,899.9999999991815,900,0.5002777777781375,0.0,0.2497222222225446,29.989594907407394,
155,1275,2025-10-01 00:00:00,2025-10-31 00:00:00,385,385,30,358,7199.999999998363,7200,5.75583333333293,0.3574999999998454,1.815555555555875,29.90945601851851,
155,996,2025-10-01 00:00:00,2025-10-31 00:00:00,13,2864,30,360,899.9999999991815,900,0.5002777777781375,0.0002777777779101598,0.24999999999977263,29.989571759259263,
155,1012,2025-10-01 00:00:00,2025-10-31 00:00:00,10,2874,30,360,899.9999999991815,900,0.5002777777774554,0.0002777777779101598,0.24999999999977263,29.989571759259263,
155,1035,2025-10-01 00:00:00,2025-10-31 00:00:00,9,2866,30,360,899.9999999991815,900,0.5002777777781375,0.0002777777779101598,0.24999999999977263,29.989571759259263,
156,1275,2025-10-02 00:00:00,2025-11-01 00:00:00,380,380,30,358,7200.0000000008185,7200,5.75583333333293,0.5327777777779374,1.815555555555875,29.902152777777758,
156,996,2025-10-02 00:00:00,2025-11-01 00:00:00,14,2864,30,360,899.9999999991815,900,0.5002777777781375,0.0002777777779101598,0.24999999999977263,29.989571759259263,
156,1012,2025-10-02 00:00:00,2025-11-01 00:00:00,10,2872,30,360,899.9999999991815,900,0.5002777777774554,0.0002777777779101598,0.24999999999977263,29.989571759259263,
156,1035,2025-10-02 00:00:00,2025-11-01 00:00:00,9,2866,30,360,899.9999999991815,900,0.5002777777781375,0.0002777777779101598,0.24999999999977263,29.989571759259263,
157,1275,2025-10-03 00:00:00,2025-11-02 00:00:00,375,375,30,358,7200.0000000008185,7200,5.75583333333293,0.817222222222199,1.815555555555875,29.890300925925914,
157,996,2025-10-03 00:00:00,2025-11-02 00:00:00,14,2864,30,360,899.9999999991815,900,0.5002777777781375,0.0,0.24999999999977263,29.989583333333343,
157,1012,2025-10-03 00:00:00,2025-11-02 00:00:00,10,2872,30,360,899.9999999991815,900,0.5002777777774554,0.0,0.24999999999977263,29.989583333333343,
157,1035,2025-10-03 00:00:00,2025-11-02 00:00:00,9,2865,30,360,899.9999999991815,900,0.5002777777781375,0.0,0.24999999999977263,29.989583333333343,
158,1275,2025-10-04 00:00:00,2025-11-03 00:00:00,373,373,30,360,7200.0000000008185,7200,2.125833333332821,0.9755555555552746,1.823888888889087,29.883356481481485,
158,996,2025-10-04 00:00:00,2025-11-03 00:00:00,14,2862,30,360,899.9999999991815,900,0.5002777777781375,0.0,0.24999999999977263,29.989583333333343,
158,1012,2025-10-04 00:00:00,2025-11-03 00:00:00,10,2873,30,360,899.9999999991815,900,0.5002777777774554,0.0,0.24999999999977263,29.989583333333343,
158,1035,2025-10-04 00:00:00,2025-11-03 00:00:00,10,2864,30,360,899.9999999991815,900,0.5002777777781375,0.0,0.24999999999977263,29.989583333333343,
159,1275,2025-10-05 00:00:00,2025-11-04 00:00:00,368,368,30,360,7200.0000000008185,7200,2.125833333332821,1.2611111111111768,1.815555555555875,29.87180555555554,
159,996,2025-10-05 00:00:00,2025-11-04 00:00:00,14,2861,30,360,899.9999999991815,900,0.5002777777781375,0.0,0.2497222222225446,29.989594907407394,
159,1012,2025-10-05 00:00:00,2025-11-04 00:00:00,9,2873,30,360,899.9999999991815,900,0.5002777777774554,0.0,0.2497222222225446,29.989594907407394,
159,1035,2025-10-05 00:00:00,2025-11-04 00:00:00,10,2864,30,360,899.9999999991815,900,0.5002777777781375,0.0,0.2497222222225446,29.989594907407394,
160,1275,2025-10-06 00:00:00,2025-11-05 00:00:00,364,364,30,360,7200.0000000008185,7200,2.125833333332821,0.02083333333303017,1.815555555555875,29.923483796296296,
160,996,2025-10-06 00:00:00,2025-11-05 00:00:00,15,2865,30,360,899.9999999991815,900,0.5002777777781375,0.0,0.2497222222225446,29.989594907407394,
160,1012,2025-10-06 00:00:00,2025-11-05 00:00:00,8,2872,30,360,899.9999999991815,900,0.5002777777781375,0.0,0.2497222222225446,29.989594907407394,
160,1035,2025-10-06 00:00:00,2025-11-05 00:00:00,10,2866,30,360,899.9999999991815,900,0.5002777777774554,0.0,0.2497222222225446,29.989594907407394,
161,1275,2025-10-07 00:00:00,2025-11-06 00:00:00,360,360,30,360,7200.0000000008185,7200,2.125833333332821,0.05861111111107675,1.815555555555875,29.92190972222221,
161,996,2025-10-07 00:00:00,2025-11-06 00:00:00,16,2866,30,360,899.9999999991815,900,0.5002777777781375,0.0002777777779101598,0.2497222222225446,29.989583333333314,
161,1012,2025-10-07 00:00:00,2025-11-06 00:00:00,8,2871,30,360,899.9999999991815,900,0.5002777777781375,0.0002777777779101598,0.2497222222225446,29.989583333333314,
161,1035,2025-10-07 00:00:00,2025-11-06 00:00:00,11,2866,30,360,899.9999999991815,900,0.5002777777774554,0.0002777777779101598,0.2497222222225446,29.989583333333314,
162,1275,2025-10-08 00:00:00,2025-11-07 00:00:00,360,360,30,360,7200.0000000008185,7200,2.0086111111113496,0.18444444444435248,1.815555555555875,29.916666666666657,
162,996,2025-10-08 00:00:00,2025-11-07 00:00:00,17,2867,30,360,899.9999999991815,900,0.5002777777781375,0.0002777777779101598,0.24999999999977263,29.989571759259263,
162,1012,2025-10-08 00:00:00,2025-11-07 00:00:00,8,2871,30,360,899.9999999991815,900,0.5002777777781375,0.0002777777779101598,0.24999999999977263,29.989571759259263,
162,1035,2025-10-08 00:00:00,2025-11-07 00:00:00,11,2865,30,360,899.9999999991815,900,0.5002777777774554,0.0002777777779101598,0.24999999999977263,29.989571759259263,
163,1275,2025-10-09 00:00:00,2025-11-08 00:00:00,360,360,30,360,7200.0000000008185,7200,2.0086111111113496,0.18444444444435248,1.823888888889087,29.91631944444444,
163,996,2025-10-09 00:00:00,2025-11-08 00:00:00,15,2867,30,360,899.9999999991815,900,0.5002777777781375,0.0,0.2497222222225446,29.989594907407394,
163,1012,2025-10-09 00:00:00,2025-11-08 00:00:00,9,2871,30,360,899.9999999991815,900,0.5002777777781375,0.0,0.2497222222225446,29.989594907407394,
163,1035,2025-10-09 00:00:00,2025-11-08 00:00:00,11,2865,30,360,899.9999999991815,900,0.5002777777774554,0.0,0.2497222222225446,29.989594907407394,
164,1275,2025-10-10 00:00:00,2025-11-09 00:00:00,360,360,30,360,7200.0000000008185,7200,2.0086111111113496,0.18444444444435248,1.815555555555875,29.916666666666657,
164,996,2025-10-10 00:00:00,2025-11-09 00:00:00,15,2868,30,360,899.9999999991815,900,0.5002777777781375,0.0,0.24999999999977263,29.989583333333343,
164,1012,2025-10-10 00:00:00,2025-11-09 00:00:00,10,2871,30,360,899.9999999991815,900,0.5002777777781375,0.0,0.24999999999977263,29.989583333333343,
164,1035,2025-10-10 00:00:00,2025-11-09 00:00:00,13,2864,30,360,899.9999999991815,900,0.5002777777774554,0.0,0.24999999999977263,29.989583333333343,
165,1275,2025-10-11 00:00:00,2025-11-10 00:00:00,360,360,30,360,7200.0000000008185,7200,2.0086111111113496,0.18444444444435248,1.815555555555875,29.916666666666657,
165,996,2025-10-11 00:00:00,2025-11-10 00:00:00,15,2866,30,360,899.9999999991815,900,0.5002777777781375,0.0,0.2497222222225446,29.989594907407394,
165,1012,2025-10-11 00:00:00,2025-11-10 00:00:00,12,2871,30,360,899.9999999991815,900,0.5002777777781375,0.0,0.2497222222225446,29.989594907407394,
165,1035,2025-10-11 00:00:00,2025-11-10 00:00:00,14,2865,30,360,899.9999999991815,900,0.5002777777774554,0.0,0.2497222222225446,29.989594907407394,
166,1275,2025-10-12 00:00:00,2025-11-11 00:00:00,360,360,30,360,7200.0000000008185,7200,2.0086111111113496,0.18444444444435248,1.815555555555875,29.916666666666657,
166,996,2025-10-12 00:00:00,2025-11-11 00:00:00,15,2865,30,360,899.9999999991815,900,0.5002777777781375,0.0,0.24999999999977263,29.989583333333343,
166,1012,2025-10-12 00:00:00,2025-11-11 00:00:00,12,2871,30,360,899.9999999991815,900,0.5002777777781375,0.0,0.24999999999977263,29.989583333333343,
166,1035,2025-10-12 00:00:00,2025-11-11 00:00:00,15,2865,30,360,899.9999999991815,900,0.5002777777774554,0.0,0.24999999999977263,29.989583333333343,
167,1275,2025-10-13 00:00:00,2025-11-12 00:00:00,360,360,30,360,7200.0000000008185,7200,2.0086111111113496,0.18444444444435248,1.815555555555875,29.916666666666657,
167,996,2025-10-13 00:00:00,2025-11-12 00:00:00,15,2865,30,360,899.9999999991815,900,0.5002777777781375,0.0,0.24999999999977263,29.989583333333343,
167,1012,2025-10-13 00:00:00,2025-11-12 00:00:00,13,2870,30,360,899.9999999991815,900,0.5002777777781375,0.0,0.24999999999977263,29.989583333333343,
167,1035,2025-10-13 00:00:00,2025-11-12 00:00:00,15,2864,30,360,899.9999999991815,900,0.5002777777781375,0.0,0.24999999999977263,29.989583333333343,
168,1275,2025-10-14 00:00:00,2025-11-13 00:00:00,360,360,30,360,7200.0000000008185,7200,2.0086111111113496,0.18444444444435248,1.823888888889087,29.91631944444444,
168,996,2025-10-14 00:00:00,2025-11-13 00:00:00,16,2865,30,360,899.9999999991815,900,0.5002777777781375,0.0002777777779101598,0.24999999999977263,29.989571759259263,
168,1012,2025-10-14 00:00:00,2025-11-13 00:00:00,13,2869,30,360,899.9999999991815,900,0.5002777777781375,0.0002777777779101598,0.24999999999977263,29.989571759259263,
168,1035,2025-10-14 00:00:00,2025-11-13 00:00:00,18,2863,30,360,899.9999999991815,900,0.5002777777781375,0.0002777777779101598,0.24999999999977263,29.989571759259263,
169,1275,2025-10-15 00:00:00,2025-11-14 00:00:00,360,360,30,360,7200.0000000008185,7200,2.0086111111113496,0.18444444444435248,1.815555555555875,29.916666666666657,
169,996,2025-10-15 00:00:00,2025-11-14 00:00:00,15,2864,30,360,899.9999999991815,900,0.5002777777781375,0.0002777777779101598,0.2497222222225446,29.989583333333314,
169,1012,2025-10-15 00:00:00,2025-11-14 00:00:00,13,2869,30,360,899.9999999991815,900,0.5002777777781375,0.0002777777779101598,0.2497222222225446,29.989583333333314,
169,1035,2025-10-15 00:00:00,2025-11-14 00:00:00,18,2863,30,360,899.9999999991815,900,0.5002777777781375,0.0002777777779101598,0.2497222222225446,29.989583333333314,
170,1275,2025-10-16 00:00:00,2025-11-15 00:00:00,360,360,30,360,7200.0000000008185,7200,2.0086111111113496,0.18444444444435248,1.815555555555875,29.916666666666657,
170,996,2025-10-16 00:00:00,2025-11-15 00:00:00,15,2867,30,360,899.9999999991815,900,0.5002777777781375,0.0002777777779101598,0.2497222222225446,29.989583333333314,
170,1012,2025-10-16 00:00:00,2025-11-15 00:00:00,13,2869,30,360,899.9999999991815,900,0.5002777777781375,0.24999999999977263,0.2497222222225446,29.979178240740737,
170,1035,2025-10-16 00:00:00,2025-11-15 00:00:00,19,2864,30,360,899.9999999991815,900,0.5002777777781375,0.0002777777779101598,0.2497222222225446,29.989583333333314,
171,1275,2025-10-17 00:00:00,2025-11-16 00:00:00,360,360,30,360,7200.0000000008185,7200,2.0086111111113496,0.18444444444435248,1.815555555555875,29.916666666666657,
171,996,2025-10-17 00:00:00,2025-11-16 00:00:00,15,2867,30,360,899.9999999991815,900,0.5002777777781375,0.0002777777779101598,0.24999999999977263,29.989571759259263,
171,1012,2025-10-17 00:00:00,2025-11-16 00:00:00,14,2870,30,360,899.9999999991815,900,0.5002777777781375,0.0002777777779101598,0.24999999999977263,29.989571759259263,
171,1035,2025-10-17 00:00:00,2025-11-16 00:00:00,20,2864,30,360,899.9999999991815,900,0.5002777777781375,0.0002777777779101598,0.24999999999977263,29.989571759259263,
172,1275,2025-10-18 00:00:00,2025-11-17 00:00:00,360,360,30,360,7200.0000000008185,7200,2.0086111111113496,0.18444444444435248,1.815555555555875,29.916666666666657,
172,996,2025-10-18 00:00:00,2025-11-17 00:00:00,16,2867,30,360,899.9999999991815,900,0.5002777777781375,0.0,0.2497222222225446,29.989594907407394,
172,1012,2025-10-18 00:00:00,2025-11-17 00:00:00,14,2870,30,360,899.9999999991815,900,0.5002777777781375,0.0,0.2497222222225446,29.989594907407394,
172,1035,2025-10-18 00:00:00,2025-11-17 00:00:00,21,2865,30,360,899.9999999991815,900,0.5002777777781375,0.0,0.2497222222225446,29.989594907407394,
173,1275,2025-10-19 00:00:00,2025-11-18 00:00:00,360,360,30,360,7200.0000000008185,7200,2.0086111111113496,0.18444444444435248,1.815555555555875,29.916666666666657,
173,996,2025-10-19 00:00:00,2025-11-18 00:00:00,15,2867,30,360,899.9999999991815,900,0.5002777777781375,0.0,0.2497222222225446,29.989594907407394,
173,1012,2025-10-19 00:00:00,2025-11-18 00:00:00,14,2868,30,360,899.9999999991815,900,0.5002777777781375,0.0,0.2497222222225446,29.989594907407394,
173,1035,2025-10-19 00:00:00,2025-11-18 00:00:00,22,2865,30,360,899.9999999991815,900,0.5002777777781375,0.0,0.2497222222225446,29.989594907407394,
174,1275,2025-10-20 00:00:00,2025-11-19 00:00:00,354,354,30,354,7200.0000000008185,7200,2.0086111111113496,0.18444444444435248,13.815555555555875,29.416666666666657,
174,996,2025-10-20 00:00:00,2025-11-19 00:00:00,14,2867,30,360,899.9999999991815,900,0.5002777777781375,0.0,0.2497222222225446,29.989594907407394,
174,1012,2025-10-20 00:00:00,2025-11-19 00:00:00,13,2869,30,360,899.9999999991815,900,0.5002777777781375,0.0,0.2497222222225446,29.989594907407394,
174,1035,2025-10-20 00:00:00,2025-11-19 00:00:00,21,2866,30,360,899.9999999991815,900,0.5002777777781375,0.0,0.2497222222225446,29.989594907407394,
175,1275,2025-10-21 00:00:00,2025-11-20 00:00:00,347,347,30,347,7200.0000000008185,7200,28.99611111111153,0.18444444444435248,0.8155555555554201,29.958333333333343,
175,996,2025-10-21 00:00:00,2025-11-20 00:00:00,14,2866,30,360,899.9999999991815,900,0.5005555555553656,0.0,0.24999999999977263,29.989583333333343,
175,1012,2025-10-21 00:00:00,2025-11-20 00:00:00,13,2869,30,360,899.9999999991815,900,0.5002777777781375,0.0,0.24999999999977263,29.989583333333343,
175,1035,2025-10-21 00:00:00,2025-11-20 00:00:00,22,2866,30,360,899.9999999991815,900,0.5002777777781375,0.0,0.24999999999977263,29.989583333333343,
176,1275,2025-10-22 00:00:00,2025-11-21 00:00:00,347,347,30,347,7200.0000000008185,7200,28.99611111111153,0.18444444444435248,0.8155555555554201,29.958333333333343,
176,996,2025-10-22 00:00:00,2025-11-21 00:00:00,14,2866,30,360,899.9999999991815,900,0.5005555555553656,0.0,0.24999999999977263,29.989583333333343,
176,1012,2025-10-22 00:00:00,2025-11-21 00:00:00,13,2868,30,360,899.9999999991815,900,0.5002777777781375,0.0,0.24999999999977263,29.989583333333343,
176,1035,2025-10-22 00:00:00,2025-11-21 00:00:00,23,2866,30,360,899.9999999991815,900,0.5002777777781375,0.0,0.24999999999977263,29.989583333333343,
177,1275,2025-10-23 00:00:00,2025-11-22 00:00:00,347,347,30,347,7200.0000000008185,7200,28.99611111111153,0.18444444444435248,0.8238888888886322,29.957986111111126,
177,996,2025-10-23 00:00:00,2025-11-22 00:00:00,14,2866,30,360,899.9999999991815,900,0.5005555555553656,0.0,0.24999999999977263,29.989583333333343,
177,1012,2025-10-23 00:00:00,2025-11-22 00:00:00,12,2868,30,360,899.9999999991815,900,0.5002777777781375,0.0,0.24999999999977263,29.989583333333343,
177,1035,2025-10-23 00:00:00,2025-11-22 00:00:00,23,2866,30,360,899.9999999991815,900,0.5002777777781375,0.0,0.24999999999977263,29.989583333333343,
178,1275,2025-10-24 00:00:00,2025-11-23 00:00:00,347,347,30,347,7200.0000000008185,7200,28.99611111111153,0.18444444444435248,0.8155555555554201,29.958333333333343,
178,996,2025-10-24 00:00:00,2025-11-23 00:00:00,13,2865,30,360,899.9999999991815,900,0.5005555555553656,0.0,0.24999999999977263,29.989583333333343,
178,1012,2025-10-24 00:00:00,2025-11-23 00:00:00,13,2869,30,360,899.9999999991815,900,0.5002777777781375,0.0,0.24999999999977263,29.989583333333343,
178,1035,2025-10-24 00:00:00,2025-11-23 00:00:00,23,2868,30,360,899.9999999991815,900,0.5002777777781375,0.0,0.24999999999977263,29.989583333333343,
179,1275,2025-10-25 00:00:00,2025-11-24 00:00:00,347,347,30,347,7200.0000000008185,7200,28.99611111111153,0.18444444444435248,0.8155555555554201,29.958333333333343,
179,996,2025-10-25 00:00:00,2025-11-24 00:00:00,13,2866,30,360,899.9999999991815,900,0.5005555555553656,0.0,0.24999999999977263,29.989583333333343,
179,1012,2025-10-25 00:00:00,2025-11-24 00:00:00,13,2869,30,360,899.9999999991815,900,0.5002777777781375,0.0,0.24999999999977263,29.989583333333343,
179,1035,2025-10-25 00:00:00,2025-11-24 00:00:00,23,2867,30,360,899.9999999991815,900,0.5002777777781375,0.0,0.24999999999977263,29.989583333333343,
180,1275,2025-10-26 00:00:00,2025-11-25 00:00:00,347,347,30,347,7200.0000000008185,7200,28.99611111111153,0.18444444444435248,0.8155555555554201,29.958333333333343,
180,996,2025-10-26 00:00:00,2025-11-25 00:00:00,13,2866,30,360,899.9999999991815,900,0.5005555555553656,0.0,0.2497222222225446,29.989594907407394,
180,1012,2025-10-26 00:00:00,2025-11-25 00:00:00,12,2869,30,360,899.9999999991815,900,0.5002777777781375,0.0,0.2497222222225446,29.989594907407394,
180,1035,2025-10-26 00:00:00,2025-11-25 00:00:00,23,2867,30,360,899.9999999991815,900,0.5002777777781375,0.0,0.2497222222225446,29.989594907407394,
181,1275,2025-10-27 00:00:00,2025-11-26 00:00:00,347,347,30,347,7200.0000000008185,7200,28.99611111111153,0.18444444444435248,0.8155555555554201,29.958333333333343,
181,996,2025-10-27 00:00:00,2025-11-26 00:00:00,14,2866,30,360,899.9999999991815,900,0.5005555555553656,0.0002777777779101598,0.24999999999977263,29.989571759259263,
181,1012,2025-10-27 00:00:00,2025-11-26 00:00:00,13,2869,30,360,899.9999999991815,900,0.5002777777781375,0.0002777777779101598,0.24999999999977263,29.989571759259263,
181,1035,2025-10-27 00:00:00,2025-11-26 00:00:00,24,2867,30,360,899.9999999991815,900,0.5002777777781375,0.0002777777779101598,0.24999999999977263,29.989571759259263,
182,1275,2025-10-28 00:00:00,2025-11-27 00:00:00,347,347,30,347,7200.0000000008185,7200,28.99611111111153,0.18444444444435248,0.8238888888886322,29.957986111111126,
182,996,2025-10-28 00:00:00,2025-11-27 00:00:00,12,2868,30,360,899.9999999991815,900,0.5005555555553656,0.0002777777779101598,0.2497222222225446,29.989583333333314,
182,1012,2025-10-28 00:00:00,2025-11-27 00:00:00,11,2869,30,360,899.9999999991815,900,0.5002777777781375,0.0002777777779101598,0.2497222222225446,29.989583333333314,
182,1035,2025-10-28 00:00:00,2025-11-27 00:00:00,23,2868,30,360,899.9999999991815,900,0.5002777777781375,0.0002777777779101598,0.2497222222225446,29.989583333333314,
183,1275,2025-10-29 00:00:00,2025-11-28 00:00:00,347,347,30,347,7200.0000000008185,7200,28.99611111111153,0.18444444444435248,0.8155555555554201,29.958333333333343,
183,996,2025-10-29 00:00:00,2025-11-28 00:00:00,12,2868,30,360,899.9999999991815,900,0.5005555555553656,0.0002777777779101598,0.24999999999977263,29.989571759259263,
183,1012,2025-10-29 00:00:00,2025-11-28 00:00:00,10,2869,30,360,899.9999999991815,900,0.5002777777781375,0.0002777777779101598,0.24999999999977263,29.989571759259263,
183,1035,2025-10-29 00:00:00,2025-11-28 00:00:00,24,2866,30,360,899.9999999991815,900,0.5002777777781375,0.0002777777779101598,0.24999999999977263,29.989571759259263,
184,1275,2025-10-30 00:00:00,2025-11-29 00:00:00,347,347,30,347,7200.0000000008185,7200,28.99611111111153,0.18444444444435248,0.8155555555554201,29.958333333333343,
184,996,2025-10-30 00:00:00,2025-11-29 00:00:00,11,2868,30,360,899.9999999991815,900,0.5005555555553656,0.0002777777779101598,0.24999999999977263,29.989571759259263,
184,1012,2025-10-30 00:00:00,2025-11-29 00:00:00,10,2868,30,360,899.9999999991815,900,0.5002777777781375,0.0002777777779101598,0.24999999999977263,29.989571759259263,
184,1035,2025-10-30 00:00:00,2025-11-29 00:00:00,24,2868,30,360,899.9999999991815,900,0.5002777777781375,0.0002777777779101598,0.24999999999977263,29.989571759259263,
185,1275,2025-10-31 00:00:00,2025-11-30 00:00:00,347,347,30,347,7200.0000000008185,7200,28.99611111111153,0.18444444444435248,0.8155555555554201,29.958333333333343,
185,996,2025-10-31 00:00:00,2025-11-30 00:00:00,11,2868,30,360,899.9999999991815,900,0.5005555555553656,0.0002777777779101598,0.2497222222225446,29.989583333333314,
185,1012,2025-10-31 00:00:00,2025-11-30 00:00:00,10,2868,30,360,899.9999999991815,900,0.5002777777781375,0.0002777777779101598,0.2497222222225446,29.989583333333314,
185,1035,2025-10-31 00:00:00,2025-11-30 00:00:00,24,2867,30,360,899.9999999991815,900,0.5002777777781375,0.0002777777779101598,0.2497222222225446,29.989583333333314,
186,1275,2025-11-01 00:00:00,2025-12-01 00:00:00,347,347,30,347,7200.0000000008185,7200,28.99611111111153,0.18444444444435248,0.8155555555554201,29.958333333333343,
186,996,2025-11-01 00:00:00,2025-12-01 00:00:00,10,2868,30,360,899.9999999991815,900,0.5005555555553656,0.0,0.24999999999977263,29.989583333333343,
186,1012,2025-11-01 00:00:00,2025-12-01 00:00:00,10,2870,30,360,899.9999999991815,900,0.5002777777781375,0.0,0.24999999999977263,29.989583333333343,
186,1035,2025-11-01 00:00:00,2025-12-01 00:00:00,24,2866,30,360,899.9999999991815,900,0.5002777777781375,0.0,0.24999999999977263,29.989583333333343,
187,1275,2025-11-02 00:00:00,2025-12-02 00:00:00,347,347,30,347,7200.0000000008185,7200,28.99611111111153,0.18444444444435248,0.8238888888886322,29.957986111111126,
187,996,2025-11-02 00:00:00,2025-12-02 00:00:00,11,2868,30,360,899.9999999991815,900,0.5005555555553656,0.0002777777779101598,0.2497222222225446,29.989583333333314,
187,1012,2025-11-02 00:00:00,2025-12-02 00:00:00,10,2870,30,360,899.9999999991815,900,0.5002777777781375,0.0002777777779101598,0.2497222222225446,29.989583333333314,
187,1035,2025-11-02 00:00:00,2025-12-02 00:00:00,23,2867,30,360,899.9999999991815,900,0.5002777777781375,0.0002777777779101598,0.2497222222225446,29.989583333333314,
188,1275,2025-11-03 00:00:00,2025-12-03 00:00:00,347,347,30,347,7200.0000000008185,7200,28.99611111111153,0.18444444444435248,0.8155555555554201,29.958333333333343,
188,996,2025-11-03 00:00:00,2025-12-03 00:00:00,11,2870,30,360,899.9999999991815,900,0.5005555555553656,0.0,0.24999999999977263,29.989583333333343,
188,1012,2025-11-03 00:00:00,2025-12-03 00:00:00,10,2870,30,360,899.9999999991815,900,0.5002777777781375,0.0,0.24999999999977263,29.989583333333343,
188,1035,2025-11-03 00:00:00,2025-12-03 00:00:00,21,2867,30,360,899.9999999991815,900,0.5002777777781375,0.0,0.24999999999977263,29.989583333333343,
189,1275,2025-11-04 00:00:00,2025-12-04 00:00:00,347,347,30,347,7200.0000000008185,7200,28.99611111111153,0.18444444444435248,0.8155555555554201,29.958333333333343,
189,996,2025-11-04 00:00:00,2025-12-04 00:00:00,12,2871,30,360,899.9999999991815,900,0.5005555555553656,0.0,0.2497222222225446,29.989594907407394,
189,1012,2025-11-04 00:00:00,2025-12-04 00:00:00,13,2869,30,360,899.9999999991815,900,0.5002777777781375,0.0,0.2497222222225446,29.989594907407394,
189,1035,2025-11-04 00:00:00,2025-12-04 00:00:00,22,2867,30,360,899.9999999991815,900,0.5002777777781375,0.0,0.2497222222225446,29.989594907407394,
190,1275,2025-11-05 00:00:00,2025-12-05 00:00:00,347,347,30,347,7200.0000000008185,7200,28.99611111111153,0.18444444444435248,0.8155555555554201,29.958333333333343,
190,996,2025-11-05 00:00:00,2025-12-05 00:00:00,11,2870,30,360,899.9999999991815,900,0.5005555555553656,0.0,0.2497222222225446,29.989594907407394,
190,1012,2025-11-05 00:00:00,2025-12-05 00:00:00,13,2870,30,360,899.9999999991815,900,0.5002777777774554,0.0,0.2497222222225446,29.989594907407394,
190,1035,2025-11-05 00:00:00,2025-12-05 00:00:00,24,2866,30,360,899.9999999991815,900,0.5002777777781375,0.0,0.2497222222225446,29.989594907407394,
191,1275,2025-11-06 00:00:00,2025-12-06 00:00:00,347,347,30,347,7200.0000000008185,7200,28.99611111111153,0.18444444444435248,0.8155555555554201,29.958333333333343,
191,996,2025-11-06 00:00:00,2025-12-06 00:00:00,11,2870,30,360,899.9999999991815,900,0.5005555555553656,0.0,0.2497222222225446,29.989594907407394,
191,1012,2025-11-06 00:00:00,2025-12-06 00:00:00,14,2869,30,360,899.9999999991815,900,0.5002777777781375,0.0,0.2497222222225446,29.989594907407394,
191,1035,2025-11-06 00:00:00,2025-12-06 00:00:00,25,2865,30,360,899.9999999991815,900,0.5002777777781375,0.0,0.2497222222225446,29.989594907407394,
192,1275,2025-11-07 00:00:00,2025-12-07 00:00:00,347,347,30,347,7200.0000000008185,7200,28.99611111111153,0.18444444444435248,0.8238888888886322,29.957986111111126,
192,996,2025-11-07 00:00:00,2025-12-07 00:00:00,10,2869,30,360,899.9999999991815,900,0.5005555555553656,0.0,0.2497222222225446,29.989594907407394,
192,1012,2025-11-07 00:00:00,2025-12-07 00:00:00,14,2869,30,360,899.9999999991815,900,0.5002777777781375,0.0,0.2497222222225446,29.989594907407394,
192,1035,2025-11-07 00:00:00,2025-12-07 00:00:00,25,2865,30,360,899.9999999991815,900,0.5002777777781375,0.0,0.2497222222225446,29.989594907407394,
193,1275,2025-11-08 00:00:00,2025-12-08 00:00:00,347,347,30,347,7200.0000000008185,7200,28.99611111111153,0.18444444444435248,0.8155555555554201,29.958333333333343,
193,996,2025-11-08 00:00:00,2025-12-08 00:00:00,10,2869,30,360,899.9999999991815,900,0.5005555555553656,0.0002777777779101598,0.2497222222225446,29.989583333333314,
193,1012,2025-11-08 00:00:00,2025-12-08 00:00:00,13,2869,30,360,899.9999999991815,900,0.5002777777781375,0.0002777777779101598,0.2497222222225446,29.989583333333314,
193,1035,2025-11-08 00:00:00,2025-12-08 00:00:00,25,2866,30,360,899.9999999991815,900,0.5002777777781375,0.0002777777779101598,0.2497222222225446,29.989583333333314,
194,1275,2025-11-09 00:00:00,2025-12-09 00:00:00,347,347,30,347,7200.0000000008185,7200,28.99611111111153,0.18444444444435248,0.8155555555554201,29.958333333333343,
194,996,2025-11-09 00:00:00,2025-12-09 00:00:00,10,2869,30,360,899.9999999991815,900,0.5005555555553656,0.0002777777779101598,0.24999999999977263,29.989571759259263,
194,1012,2025-11-09 00:00:00,2025-12-09 00:00:00,12,2869,30,360,899.9999999991815,900,0.5002777777781375,0.0002777777779101598,0.24999999999977263,29.989571759259263,
194,1035,2025-11-09 00:00:00,2025-12-09 00:00:00,25,2867,30,360,899.9999999991815,900,0.5002777777781375,0.0002777777779101598,0.24999999999977263,29.989571759259263,
195,1275,2025-11-10 00:00:00,2025-12-10 00:00:00,347,347,30,347,7200.0000000008185,7200,28.99611111111153,0.18444444444435248,0.8155555555554201,29.958333333333343,
195,996,2025-11-10 00:00:00,2025-12-10 00:00:00,11,2870,30,360,899.9999999991815,900,0.5005555555553656,0.0002777777779101598,0.24999999999977263,29.989571759259263,
195,1012,2025-11-10 00:00:00,2025-12-10 00:00:00,10,2869,30,360,899.9999999991815,900,0.5002777777781375,0.0002777777779101598,0.24999999999977263,29.989571759259263,
195,1035,2025-11-10 00:00:00,2025-12-10 00:00:00,25,2867,30,360,899.9999999991815,900,0.5002777777781375,0.0002777777779101598,0.24999999999977263,29.989571759259263,
196,1275,2025-11-11 00:00:00,2025-12-11 00:00:00,347,347,30,347,7200.0000000008185,7200,28.99611111111153,0.18444444444435248,0.8155555555554201,29.958333333333343,
196,996,2025-11-11 00:00:00,2025-12-11 00:00:00,11,2871,30,360,899.9999999991815,900,0.5005555555553656,0.0,0.2497222222225446,29.989594907407394,
196,1012,2025-11-11 00:00:00,2025-12-11 00:00:00,10,2867,30,360,899.9999999991815,900,0.5002777777781375,0.0,0.2497222222225446,29.989594907407394,
196,1035,2025-11-11 00:00:00,2025-12-11 00:00:00,24,2866,30,360,899.9999999991815,900,0.5002777777781375,0.0,0.2497222222225446,29.989594907407394,
197,1275,2025-11-12 00:00:00,2025-12-12 00:00:00,347,347,30,347,7200.0000000008185,7200,28.99611111111153,0.18444444444435248,0.8238888888886322,29.957986111111126,
197,996,2025-11-12 00:00:00,2025-12-12 00:00:00,11,2871,30,360,899.9999999991815,900,0.5005555555553656,0.0,0.24999999999977263,29.989583333333343,
197,1012,2025-11-12 00:00:00,2025-12-12 00:00:00,9,2868,30,360,899.9999999991815,900,0.5002777777781375,0.0,0.24999999999977263,29.989583333333343,
197,1035,2025-11-12 00:00:00,2025-12-12 00:00:00,24,2867,30,360,899.9999999991815,900,0.5002777777781375,0.0,0.24999999999977263,29.989583333333343,
198,1275,2025-11-13 00:00:00,2025-12-13 00:00:00,347,347,30,347,7200.0000000008185,7200,28.99611111111153,0.18444444444435248,0.8155555555554201,29.958333333333343,
198,996,2025-11-13 00:00:00,2025-12-13 00:00:00,10,2871,30,360,899.9999999991815,900,0.5005555555553656,0.0,0.24999999999977263,29.989583333333343,
198,1012,2025-11-13 00:00:00,2025-12-13 00:00:00,10,2869,30,360,899.9999999991815,900,0.5002777777781375,0.0,0.24999999999977263,29.989583333333343,
198,1035,2025-11-13 00:00:00,2025-12-13 00:00:00,22,2867,30,360,899.9999999991815,900,0.5000000000002274,0.0,0.24999999999977263,29.989583333333343,
199,1275,2025-11-14 00:00:00,2025-12-14 00:00:00,347,347,30,347,7200.0000000008185,7200,28.99611111111153,0.18444444444435248,0.8155555555554201,29.958333333333343,
199,996,2025-11-14 00:00:00,2025-12-14 00:00:00,10,2872,30,360,899.9999999991815,900,0.5005555555553656,0.0002777777779101598,0.2497222222225446,29.989583333333314,
199,1012,2025-11-14 00:00:00,2025-12-14 00:00:00,11,2868,30,360,899.9999999991815,900,0.5002777777781375,0.0002777777779101598,0.2497222222225446,29.989583333333314,
199,1035,2025-11-14 00:00:00,2025-12-14 00:00:00,22,2867,30,360,899.9999999991815,900,0.5000000000002274,0.0002777777779101598,0.2497222222225446,29.989583333333314,
200,1275,2025-11-15 00:00:00,2025-12-15 00:00:00,347,347,30,347,7200.0000000008185,7200,28.99611111111153,0.18444444444435248,0.8155555555554201,29.958333333333343,
200,996,2025-11-15 00:00:00,2025-12-15 00:00:00,10,2871,30,360,899.9999999991815,900,0.5005555555553656,0.0002777777779101598,0.24999999999977263,29.989571759259263,
200,1012,2025-11-15 00:00:00,2025-12-15 00:00:00,11,2868,30,360,899.9999999991815,900,0.5002777777781375,0.0002777777779101598,0.24999999999977263,29.989571759259263,
200,1035,2025-11-15 00:00:00,2025-12-15 00:00:00,20,2867,30,360,899.9999999991815,900,0.5000000000002274,0.0002777777779101598,0.24999999999977263,29.989571759259263,
201,1275,2025-11-16 00:00:00,2025-12-16 00:00:00,347,347,30,347,7200.0000000008185,7200,28.99611111111153,0.18444444444435248,0.8155555555554201,29.958333333333343,
201,996,2025-11-16 00:00:00,2025-12-16 00:00:00,11,2870,30,360,899.9999999991815,900,0.5005555555553656,0.0,0.2497222222225446,29.989594907407394,
201,1012,2025-11-16 00:00:00,2025-12-16 00:00:00,10,2868,30,360,899.9999999991815,900,0.5002777777781375,0.0,0.2497222222225446,29.989594907407394,
201,1035,2025-11-16 00:00:00,2025-12-16 00:00:00,19,2867,30,360,899.9999999991815,900,0.5000000000002274,0.0,0.2497222222225446,29.989594907407394,
202,1275,2025-11-17 00:00:00,2025-12-17 00:00:00,347,347,30,347,7200.0000000008185,7200,28.99611111111153,0.18444444444435248,0.8238888888886322,29.957986111111126,
202,996,2025-11-17 00:00:00,2025-12-17 00:00:00,10,2871,30,360,899.9999999991815,900,0.5005555555553656,0.0002777777779101598,0.24999999999977263,29.989571759259263,
202,1012,2025-11-17 00:00:00,2025-12-17 00:00:00,9,2867,30,360,899.9999999991815,900,0.5002777777781375,0.0002777777779101598,0.24999999999977263,29.989571759259263,
202,1035,2025-11-17 00:00:00,2025-12-17 00:00:00,18,2867,30,360,899.9999999991815,900,0.5000000000002274,0.0002777777779101598,0.24999999999977263,29.989571759259263,
203,1275,2025-11-18 00:00:00,2025-12-18 00:00:00,347,347,30,347,7200.0000000008185,7200,28.99611111111153,0.18444444444435248,0.8155555555554201,29.958333333333343,
203,996,2025-11-18 00:00:00,2025-12-18 00:00:00,10,2872,30,360,899.9999999991815,900,0.5005555555553656,0.0002777777779101598,0.24999999999977263,29.989571759259263,
203,1012,2025-11-18 00:00:00,2025-12-18 00:00:00,10,2869,30,360,899.9999999991815,900,0.5002777777781375,0.0002777777779101598,0.24999999999977263,29.989571759259263,
203,1035,2025-11-18 00:00:00,2025-12-18 00:00:00,17,2867,30,360,899.9999999991815,900,0.5000000000002274,0.0002777777779101598,0.24999999999977263,29.989571759259263,
204,1275,2025-11-19 00:00:00,2025-12-19 00:00:00,353,353,30,353,7200.0000000008185,7200,2.0083333333334394,15.180555555555657,0.8155555555554201,29.333495370370372,
204,996,2025-11-19 00:00:00,2025-12-19 00:00:00,9,2872,30,360,899.9999999991815,900,0.5005555555553656,0.0,0.24999999999977263,29.989583333333343,
204,1012,2025-11-19 00:00:00,2025-12-19 00:00:00,11,2869,30,360,899.9999999991815,900,0.5002777777781375,0.0,0.24999999999977263,29.989583333333343,
204,1035,2025-11-19 00:00:00,2025-12-19 00:00:00,17,2865,30,360,899.9999999991815,900,0.5002777777774554,0.0,0.24999999999977263,29.989583333333343,
205,1275,2025-11-20 00:00:00,2025-12-20 00:00:00,360,360,30,360,7200.0000000008185,7200,2.0083333333334394,1.184444444444125,0.8155555555554201,29.916666666666686,
205,996,2025-11-20 00:00:00,2025-12-20 00:00:00,9,2870,30,360,899.9999999991815,900,0.5002777777774554,0.0002777777779101598,0.2497222222225446,29.989583333333314,
205,1012,2025-11-20 00:00:00,2025-12-20 00:00:00,11,2868,30,360,899.9999999991815,900,0.5002777777781375,0.0002777777779101598,0.2497222222225446,29.989583333333314,
205,1035,2025-11-20 00:00:00,2025-12-20 00:00:00,15,2863,30,360,899.9999999991815,900,0.5002777777774554,0.0002777777779101598,0.2497222222225446,29.989583333333314,
206,1275,2025-11-21 00:00:00,2025-12-21 00:00:00,360,360,30,360,7200.0000000008185,7200,2.0083333333334394,1.184444444444125,0.8155555555554201,29.916666666666686,
206,996,2025-11-21 00:00:00,2025-12-21 00:00:00,9,2870,30,360,899.9999999991815,900,0.5002777777774554,0.0,0.2497222222225446,29.989594907407394,
206,1012,2025-11-21 00:00:00,2025-12-21 00:00:00,11,2868,30,360,899.9999999991815,900,0.5002777777781375,0.0,0.2497222222225446,29.989594907407394,
206,1035,2025-11-21 00:00:00,2025-12-21 00:00:00,13,2863,30,360,899.9999999991815,900,0.5002777777774554,0.0,0.2497222222225446,29.989594907407394,
207,1275,2025-11-22 00:00:00,2025-12-22 00:00:00,360,360,30,360,7200.0000000008185,7200,2.0083333333334394,1.184444444444125,0.8238888888886322,29.91631944444447,
207,996,2025-11-22 00:00:00,2025-12-22 00:00:00,8,2870,30,360,899.9999999991815,900,0.5002777777774554,0.0,0.24999999999977263,29.989583333333343,
207,1012,2025-11-22 00:00:00,2025-12-22 00:00:00,10,2867,30,360,899.9999999991815,900,0.5002777777781375,0.0,0.24999999999977263,29.989583333333343,
207,1035,2025-11-22 00:00:00,2025-12-22 00:00:00,13,2862,30,360,899.9999999991815,900,0.5002777777774554,0.0,0.24999999999977263,29.989583333333343,
208,1275,2025-11-23 00:00:00,2025-12-23 00:00:00,360,360,30,360,7200.0000000008185,7200,2.0083333333334394,1.184444444444125,0.8155555555554201,29.916666666666686,
208,996,2025-11-23 00:00:00,2025-12-23 00:00:00,8,2870,30,360,899.9999999991815,900,0.5002777777774554,0.0,0.2497222222225446,29.989594907407394,
208,1012,2025-11-23 00:00:00,2025-12-23 00:00:00,9,2867,30,360,899.9999999991815,900,0.5002777777781375,0.0,0.2497222222225446,29.989594907407394,
208,1035,2025-11-23 00:00:00,2025-12-23 00:00:00,13,2862,30,360,899.9999999991815,900,0.5002777777774554,0.0,0.2497222222225446,29.989594907407394,
209,1275,2025-11-24 00:00:00,2025-12-24 00:00:00,360,360,30,360,7200.0000000008185,7200,2.0083333333334394,1.184444444444125,0.8155555555554201,29.916666666666686,
209,996,2025-11-24 00:00:00,2025-12-24 00:00:00,8,2868,30,360,899.9999999991815,900,0.5002777777774554,0.0002777777779101598,0.2497222222225446,29.989583333333314,
209,1012,2025-11-24 00:00:00,2025-12-24 00:00:00,10,2867,30,360,899.9999999991815,900,0.5002777777781375,0.0002777777779101598,0.2497222222225446,29.989583333333314,
209,1035,2025-11-24 00:00:00,2025-12-24 00:00:00,14,2863,30,360,899.9999999991815,900,0.5002777777774554,0.0002777777779101598,0.2497222222225446,29.989583333333314,
210,1275,2025-11-25 00:00:00,2025-12-25 00:00:00,360,360,30,360,7200.0000000008185,7200,2.0083333333334394,1.184444444444125,0.8155555555554201,29.916666666666686,
210,996,2025-11-25 00:00:00,2025-12-25 00:00:00,9,2867,30,360,899.9999999991815,900,0.5002777777774554,0.0,0.2497222222225446,29.989594907407394,
210,1012,2025-11-25 00:00:00,2025-12-25 00:00:00,11,2868,30,360,899.9999999991815,900,0.5002777777781375,0.0,0.2497222222225446,29.989594907407394,
210,1035,2025-11-25 00:00:00,2025-12-25 00:00:00,14,2863,30,360,899.9999999991815,900,0.5002777777774554,0.0,0.2497222222225446,29.989594907407394,
211,1275,2025-11-26 00:00:00,2025-12-26 00:00:00,360,360,30,360,7200.0000000008185,7200,2.0083333333334394,1.184444444444125,0.8155555555554201,29.916666666666686,
211,996,2025-11-26 00:00:00,2025-12-26 00:00:00,8,2865,30,360,899.9999999991815,900,0.5002777777774554,0.0,0.2497222222225446,29.989594907407394,
211,1012,2025-11-26 00:00:00,2025-12-26 00:00:00,10,2868,30,360,899.9999999991815,900,0.5002777777781375,0.0,0.2497222222225446,29.989594907407394,
211,1035,2025-11-26 00:00:00,2025-12-26 00:00:00,14,2862,30,360,899.9999999991815,900,0.5002777777774554,0.0,0.2497222222225446,29.989594907407394,
212,1275,2025-11-27 00:00:00,2025-12-27 00:00:00,360,360,30,360,7200.0000000008185,7200,2.0083333333334394,1.184444444444125,0.8238888888886322,29.91631944444447,
212,996,2025-11-27 00:00:00,2025-12-27 00:00:00,9,2865,30,360,899.9999999991815,900,0.5002777777774554,0.0,0.2497222222225446,29.989594907407394,
212,1012,2025-11-27 00:00:00,2025-12-27 00:00:00,10,2867,30,360,899.9999999991815,900,0.5002777777781375,0.0,0.2497222222225446,29.989594907407394,
212,1035,2025-11-27 00:00:00,2025-12-27 00:00:00,14,2861,30,360,899.9999999991815,900,0.5002777777774554,0.0,0.2497222222225446,29.989594907407394,
213,1275,2025-11-28 00:00:00,2025-12-28 00:00:00,360,360,30,360,7200.0000000008185,7200,2.0083333333334394,1.184444444444125,0.8155555555554201,29.916666666666686,
213,996,2025-11-28 00:00:00,2025-12-28 00:00:00,9,2866,30,360,899.9999999991815,900,0.5002777777774554,0.0,0.24999999999977263,29.989583333333343,
213,1012,2025-11-28 00:00:00,2025-12-28 00:00:00,10,2866,30,360,899.9999999991815,900,0.5002777777781375,0.0,0.24999999999977263,29.989583333333343,
213,1035,2025-11-28 00:00:00,2025-12-28 00:00:00,15,2862,30,360,899.9999999991815,900,0.5002777777774554,0.0,0.24999999999977263,29.989583333333343,
214,1275,2025-11-29 00:00:00,2025-12-29 00:00:00,360,360,30,360,7200.0000000008185,7200,2.0083333333334394,1.184444444444125,0.8155555555554201,29.916666666666686,
214,996,2025-11-29 00:00:00,2025-12-29 00:00:00,8,2865,30,360,899.9999999991815,900,0.5002777777774554,0.0,0.2497222222225446,29.989594907407394,
214,1012,2025-11-29 00:00:00,2025-12-29 00:00:00,10,2866,30,360,899.9999999991815,900,0.5002777777781375,0.0,0.2497222222225446,29.989594907407394,
214,1035,2025-11-29 00:00:00,2025-12-29 00:00:00,15,2862,30,360,899.9999999991815,900,0.5002777777774554,0.0,0.2497222222225446,29.989594907407394,
215,1275,2025-11-30 00:00:00,2025-12-30 00:00:00,360,360,30,360,7200.0000000008185,7200,2.0083333333334394,1.184444444444125,0.8155555555554201,29.916666666666686,
215,996,2025-11-30 00:00:00,2025-12-30 00:00:00,8,2865,30,360,899.9999999991815,900,0.5002777777774554,0.0002777777779101598,0.2497222222225446,29.989583333333314,
215,1012,2025-11-30 00:00:00,2025-12-30 00:00:00,10,2867,30,360,899.9999999991815,900,0.5002777777781375,0.0002777777779101598,0.2497222222225446,29.989583333333314,
215,1035,2025-11-30 00:00:00,2025-12-30 00:00:00,14,2862,30,360,899.9999999991815,900,0.5002777777774554,0.0002777777779101598,0.2497222222225446,29.989583333333314,
216,1275,2025-12-01 00:00:00,2025-12-31 00:00:00,360,360,30,360,7200.0000000008185,7200,2.0083333333334394,1.184444444444125,0.8155555555554201,29.916666666666686,
216,996,2025-12-01 00:00:00,2025-12-31 00:00:00,9,2864,30,360,899.9999999991815,900,0.5002777777781375,0.0002777777779101598,0.2497222222225446,29.989583333333314,
216,1012,2025-12-01 00:00:00,2025-12-31 00:00:00,10,2867,30,360,899.9999999991815,900,0.5002777777781375,0.0002777777779101598,0.2497222222225446,29.989583333333314,
216,1035,2025-12-01 00:00:00,2025-12-31 00:00:00,14,2862,30,360,899.9999999991815,900,0.5002777777774554,0.0002777777779101598,0.2497222222225446,29.989583333333314,
217,1275,2025-12-02 00:00:00,2026-01-01 00:00:00,360,360,30,360,7200.0000000008185,7200,2.0083333333334394,1.184444444444125,0.8238888888886322,29.91631944444447,
217,996,2025-12-02 00:00:00,2026-01-01 00:00:00,8,2864,30,360,899.9999999991815,900,0.5002777777781375,0.0,0.24999999999977263,29.989583333333343,
217,1012,2025-12-02 00:00:00,2026-01-01 00:00:00,10,2867,30,360,899.9999999991815,900,0.5002777777781375,0.0,0.24999999999977263,29.989583333333343,
217,1035,2025-12-02 00:00:00,2026-01-01 00:00:00,16,2862,30,360,899.9999999991815,900,0.5002777777774554,0.0,0.24999999999977263,29.989583333333343,
218,1275,2025-12-03 00:00:00,2026-01-02 00:00:00,360,360,30,360,7200.0000000008185,7200,2.0083333333334394,1.184444444444125,0.8155555555554201,29.916666666666686,
218,996,2025-12-03 00:00:00,2026-01-02 00:00:00,8,2862,30,360,899.9999999991815,900,0.5002777777781375,0.0,0.24999999999977263,29.989583333333343,
218,1012,2025-12-03 00:00:00,2026-01-02 00:00:00,11,2867,30,360,899.9999999991815,900,0.5002777777781375,0.0,0.24999999999977263,29.989583333333343,
218,1035,2025-12-03 00:00:00,2026-01-02 00:00:00,17,2863,30,360,899.9999999991815,900,0.5002777777774554,0.0,0.24999999999977263,29.989583333333343,
219,1275,2025-12-04 00:00:00,2026-01-03 00:00:00,360,360,30,360,7200.0000000008185,7200,2.0083333333334394,1.184444444444125,0.8155555555554201,29.916666666666686,
219,996,2025-12-04 00:00:00,2026-01-03 00:00:00,6,2862,30,360,899.9999999991815,900,0.5002777777781375,0.0,0.2497222222225446,29.989594907407394,
219,1012,2025-12-04 00:00:00,2026-01-03 00:00:00,8,2868,30,360,899.9999999991815,900,0.5002777777781375,0.0,0.2497222222225446,29.989594907407394,
219,1035,2025-12-04 00:00:00,2026-01-03 00:00:00,16,2863,30,360,899.9999999991815,900,0.5002777777774554,0.0,0.2497222222225446,29.989594907407394,
220,1275,2025-12-05 00:00:00,2026-01-04 00:00:00,360,360,30,360,7200.0000000008185,7200,2.0083333333334394,1.184444444444125,0.8155555555554201,29.916666666666686,
220,996,2025-12-05 00:00:00,2026-01-04 00:00:00,6,2863,30,360,899.9999999991815,900,0.5002777777781375,0.0002777777779101598,0.2497222222225446,29.989583333333314,
220,1012,2025-12-05 00:00:00,2026-01-04 00:00:00,8,2868,30,360,899.9999999991815,900,0.5002777777781375,0.0002777777779101598,0.2497222222225446,29.989583333333314,
220,1035,2025-12-05 00:00:00,2026-01-04 00:00:00,15,2864,30,360,899.9999999991815,900,0.5002777777774554,0.0002777777779101598,0.2497222222225446,29.989583333333314,
221,1275,2025-12-06 00:00:00,2026-01-05 00:00:00,360,360,30,360,7200.0000000008185,7200,2.0083333333334394,1.184444444444125,0.8155555555554201,29.916666666666686,
221,996,2025-12-06 00:00:00,2026-01-05 00:00:00,5,2862,30,360,899.9999999991815,900,0.5002777777781375,0.0002777777779101598,0.2497222222225446,29.989583333333314,
221,1012,2025-12-06 00:00:00,2026-01-05 00:00:00,7,2869,30,360,899.9999999991815,900,0.5002777777774554,0.0002777777779101598,0.2497222222225446,29.989583333333314,
221,1035,2025-12-06 00:00:00,2026-01-05 00:00:00,13,2865,30,360,899.9999999991815,900,0.5002777777774554,0.0002777777779101598,0.2497222222225446,29.989583333333314,
222,1275,2025-12-07 00:00:00,2026-01-06 00:00:00,360,360,30,360,7200.0000000008185,7200,2.0083333333334394,1.184444444444125,0.8238888888886322,29.91631944444447,
222,996,2025-12-07 00:00:00,2026-01-06 00:00:00,5,2863,30,360,899.9999999991815,900,0.5002777777781375,0.0002777777779101598,0.2497222222225446,29.989583333333314,
222,1012,2025-12-07 00:00:00,2026-01-06 00:00:00,7,2869,30,360,899.9999999991815,900,0.5002777777774554,0.0002777777779101598,0.2497222222225446,29.989583333333314,
222,1035,2025-12-07 00:00:00,2026-01-06 00:00:00,14,2865,30,360,899.9999999991815,900,0.5002777777774554,0.0002777777779101598,0.2497222222225446,29.989583333333314,
223,1275,2025-12-08 00:00:00,2026-01-07 00:00:00,360,360,30,360,7200.0000000008185,7200,2.0083333333334394,1.184444444444125,0.8155555555554201,29.916666666666686,
223,996,2025-12-08 00:00:00,2026-01-07 00:00:00,8,2862,30,360,899.9999999991815,900,0.5002777777781375,0.0002777777779101598,0.24999999999977263,29.989571759259263,
223,1012,2025-12-08 00:00:00,2026-01-07 00:00:00,7,2869,30,360,899.9999999991815,900,0.5002777777774554,0.0002777777779101598,0.24999999999977263,29.989571759259263,
223,1035,2025-12-08 00:00:00,2026-01-07 00:00:00,13,2865,30,360,899.9999999991815,900,0.5002777777774554,0.0002777777779101598,0.24999999999977263,29.989571759259263,
224,1275,2025-12-09 00:00:00,2026-01-08 00:00:00,360,360,30,360,7200.0000000008185,7200,2.0083333333334394,1.184444444444125,0.8155555555554201,29.916666666666686,
224,996,2025-12-09 00:00:00,2026-01-08 00:00:00,8,2858,30,360,899.9999999991815,900,0.5002777777781375,0.0,0.2497222222225446,29.989594907407394,
224,1012,2025-12-09 00:00:00,2026-01-08 00:00:00,7,2869,30,360,899.9999999991815,900,0.5002777777774554,0.0,0.2497222222225446,29.989594907407394,
224,1035,2025-12-09 00:00:00,2026-01-08 00:00:00,13,2864,30,360,899.9999999991815,900,0.5002777777774554,0.0,0.2497222222225446,29.989594907407394,
225,1275,2025-12-10 00:00:00,2026-01-09 00:00:00,360,360,30,360,7200.0000000008185,7200,2.0083333333334394,1.184444444444125,0.8155555555554201,29.916666666666686,
225,996,2025-12-10 00:00:00,2026-01-09 00:00:00,8,2859,30,360,899.9999999991815,900,0.5002777777781375,0.0,0.2497222222225446,29.989594907407394,
225,1012,2025-12-10 00:00:00,2026-01-09 00:00:00,8,2868,30,360,899.9999999991815,900,0.5002777777774554,0.0,0.2497222222225446,29.989594907407394,
225,1035,2025-12-10 00:00:00,2026-01-09 00:00:00,12,2864,30,360,899.9999999991815,900,0.5002777777774554,0.0,0.2497222222225446,29.989594907407394,
226,1275,2025-12-11 00:00:00,2026-01-10 00:00:00,360,360,30,360,7200.0000000008185,7200,2.0083333333334394,1.184444444444125,0.8155555555554201,29.916666666666686,
226,996,2025-12-11 00:00:00,2026-01-10 00:00:00,9,2858,30,360,899.9999999991815,900,0.5002777777781375,0.0002777777779101598,0.2497222222225446,29.989583333333314,
226,1012,2025-12-11 00:00:00,2026-01-10 00:00:00,8,2869,30,360,899.9999999991815,900,0.5002777777774554,0.0002777777779101598,0.2497222222225446,29.989583333333314,
226,1035,2025-12-11 00:00:00,2026-01-10 00:00:00,12,2864,30,360,899.9999999991815,900,0.5002777777774554,0.0002777777779101598,0.2497222222225446,29.989583333333314,
227,1275,2025-12-12 00:00:00,2026-01-11 00:00:00,360,360,30,360,7200.0000000008185,7200,2.0083333333341216,1.184444444444125,0.8238888888886322,29.91631944444447,
227,996,2025-12-12 00:00:00,2026-01-11 00:00:00,9,2857,30,360,899.9999999991815,900,0.5002777777781375,0.0,0.24972222222186247,29.989594907407422,
227,1012,2025-12-12 00:00:00,2026-01-11 00:00:00,8,2869,30,360,899.9999999991815,900,0.5002777777774554,0.0,0.24972222222186247,29.989594907407422,
227,1035,2025-12-12 00:00:00,2026-01-11 00:00:00,12,2863,30,360,899.9999999991815,900,0.5002777777774554,0.0,0.24972222222186247,29.989594907407422,
228,1275,2025-12-13 00:00:00,2026-01-12 00:00:00,360,360,30,360,7200.0000000008185,7200,2.0083333333341216,1.184444444444125,0.8155555555554201,29.916666666666686,
228,996,2025-12-13 00:00:00,2026-01-12 00:00:00,11,2856,30,360,899.9999999991815,900,0.5002777777781375,0.0,0.24972222222186247,29.989594907407422,
228,1012,2025-12-13 00:00:00,2026-01-12 00:00:00,7,2868,30,360,899.9999999991815,900,0.5002777777774554,0.0,0.24972222222186247,29.989594907407422,
228,1035,2025-12-13 00:00:00,2026-01-12 00:00:00,11,2864,30,360,899.9999999991815,900,0.5002777777774554,0.0,0.24972222222186247,29.989594907407422,
229,1275,2025-12-14 00:00:00,2026-01-13 00:00:00,360,360,30,360,7200.0000000008185,7200,2.0083333333341216,1.184444444444125,0.8155555555554201,29.916666666666686,
229,996,2025-12-14 00:00:00,2026-01-13 00:00:00,11,2856,30,360,899.9999999991815,900,0.5002777777781375,0.0002777777779101598,0.24972222222186247,29.989583333333343,
229,1012,2025-12-14 00:00:00,2026-01-13 00:00:00,7,2869,30,360,899.9999999991815,900,0.5002777777774554,0.0002777777779101598,0.24972222222186247,29.989583333333343,
229,1035,2025-12-14 00:00:00,2026-01-13 00:00:00,11,2864,30,360,899.9999999991815,900,0.5002777777774554,0.0002777777779101598,0.24972222222186247,29.989583333333343,
230,1275,2025-12-15 00:00:00,2026-01-14 00:00:00,360,360,30,360,7200.0000000008185,7200,2.0083333333341216,1.184444444444125,0.8155555555554201,29.916666666666686,
230,996,2025-12-15 00:00:00,2026-01-14 00:00:00,16,2856,30,360,899.9999999991815,900,0.5002777777781375,0.0,0.24972222222186247,29.989594907407422,
230,1012,2025-12-15 00:00:00,2026-01-14 00:00:00,7,2868,30,360,899.9999999991815,900,0.5002777777774554,0.0,0.24972222222186247,29.989594907407422,
230,1035,2025-12-15 00:00:00,2026-01-14 00:00:00,11,2864,30,360,899.9999999991815,900,0.5002777777774554,0.0,0.24972222222186247,29.989594907407422,
231,1275,2025-12-16 00:00:00,2026-01-15 00:00:00,360,360,30,360,7200.0000000008185,7200,2.0083333333341216,1.184444444444125,0.8155555555554201,29.916666666666686,
231,996,2025-12-16 00:00:00,2026-01-15 00:00:00,15,2857,30,360,899.9999999991815,900,0.5002777777781375,0.0,0.25000000000045475,29.989583333333314,
231,1012,2025-12-16 00:00:00,2026-01-15 00:00:00,7,2868,30,360,899.9999999991815,900,0.5002777777774554,0.0,0.25000000000045475,29.989583333333314,
231,1035,2025-12-16 00:00:00,2026-01-15 00:00:00,11,2864,30,360,899.9999999991815,900,0.5002777777774554,0.0,0.25000000000045475,29.989583333333314,
232,1275,2025-12-17 00:00:00,2026-01-16 00:00:00,360,360,30,360,7200.0000000008185,7200,2.0083333333341216,1.184444444444125,0.8238888888886322,29.91631944444447,
232,996,2025-12-17 00:00:00,2026-01-16 00:00:00,15,2857,30,360,899.9999999991815,900,0.5002777777781375,0.0,0.24972222222186247,29.989594907407422,
232,1012,2025-12-17 00:00:00,2026-01-16 00:00:00,7,2867,30,360,899.9999999991815,900,0.5002777777781375,0.0,0.24972222222186247,29.989594907407422,
232,1035,2025-12-17 00:00:00,2026-01-16 00:00:00,14,2863,30,360,899.9999999991815,900,0.5002777777781375,0.0,0.24972222222186247,29.989594907407422,
233,1275,2025-12-18 00:00:00,2026-01-17 00:00:00,360,360,30,360,7200.0000000008185,7200,2.0083333333341216,1.184444444444125,0.8155555555554201,29.916666666666686,
233,996,2025-12-18 00:00:00,2026-01-17 00:00:00,16,2857,30,360,899.9999999991815,900,0.5002777777781375,0.0,0.25000000000045475,29.989583333333314,
233,1012,2025-12-18 00:00:00,2026-01-17 00:00:00,6,2866,30,360,899.9999999991815,900,0.5002777777781375,0.0,0.25000000000045475,29.989583333333314,
233,1035,2025-12-18 00:00:00,2026-01-17 00:00:00,18,2862,30,360,899.9999999991815,900,0.5002777777781375,0.0,0.25000000000045475,29.989583333333314,
234,1275,2025-12-19 00:00:00,2026-01-18 00:00:00,360,360,30,360,7200.0000000008185,7200,2.0083333333341216,1.184444444444125,0.8155555555554201,29.916666666666686,
234,996,2025-12-19 00:00:00,2026-01-18 00:00:00,16,2857,30,360,899.9999999991815,900,0.5002777777781375,0.0,0.24972222222186247,29.989594907407422,
234,1012,2025-12-19 00:00:00,2026-01-18 00:00:00,6,2866,30,360,899.9999999991815,900,0.5002777777781375,0.0,0.24972222222186247,29.989594907407422,
234,1035,2025-12-19 00:00:00,2026-01-18 00:00:00,18,2863,30,360,899.9999999991815,900,0.5002777777781375,0.0,0.24972222222186247,29.989594907407422,
235,1275,2025-12-20 00:00:00,2026-01-19 00:00:00,360,360,30,360,7200.0000000008185,7200,2.0083333333341216,1.184444444444125,0.8155555555554201,29.916666666666686,
235,996,2025-12-20 00:00:00,2026-01-19 00:00:00,18,2860,30,360,899.9999999991815,900,0.5002777777781375,0.0002777777779101598,0.24972222222186247,29.989583333333343,
235,1012,2025-12-20 00:00:00,2026-01-19 00:00:00,9,2867,30,360,899.9999999991815,900,0.5002777777781375,0.0002777777779101598,0.24972222222186247,29.989583333333343,
235,1035,2025-12-20 00:00:00,2026-01-19 00:00:00,21,2864,30,360,899.9999999991815,900,0.5002777777781375,0.0002777777779101598,0.24972222222186247,29.989583333333343,
236,1275,2025-12-21 00:00:00,2026-01-20 00:00:00,360,360,30,360,7200.0000000008185,7200,2.0083333333341216,1.184444444444125,0.8155555555554201,29.916666666666686,
236,996,2025-12-21 00:00:00,2026-01-20 00:00:00,18,2860,30,360,899.9999999991815,900,0.5002777777781375,0.0,0.25000000000045475,29.989583333333314,
236,1012,2025-12-21 00:00:00,2026-01-20 00:00:00,9,2867,30,360,899.9999999991815,900,0.5002777777781375,0.0,0.25000000000045475,29.989583333333314,
236,1035,2025-12-21 00:00:00,2026-01-20 00:00:00,22,2863,30,360,899.9999999991815,900,0.5002777777781375,0.0,0.25000000000045475,29.989583333333314,
237,1275,2025-12-22 00:00:00,2026-01-21 00:00:00,360,360,30,360,7200.0000000008185,7200,2.0083333333341216,1.184444444444125,0.8238888888886322,29.91631944444447,
237,996,2025-12-22 00:00:00,2026-01-21 00:00:00,18,2860,30,360,899.9999999991815,900,0.5002777777781375,0.0,0.24972222222186247,29.989594907407422,
237,1012,2025-12-22 00:00:00,2026-01-21 00:00:00,10,2868,30,360,899.9999999991815,900,0.5002777777781375,0.0,0.24972222222186247,29.989594907407422,
237,1035,2025-12-22 00:00:00,2026-01-21 00:00:00,22,2864,30,360,899.9999999991815,900,0.5002777777781375,0.0,0.24972222222186247,29.989594907407422,
238,1275,2025-12-23 00:00:00,2026-01-22 00:00:00,360,360,30,360,7200.0000000008185,7200,2.0083333333341216,1.184444444444125,0.8155555555554201,29.916666666666686,
238,996,2025-12-23 00:00:00,2026-01-22 00:00:00,22,2860,30,360,899.9999999991815,900,0.5002777777781375,0.0,0.25000000000045475,29.989583333333314,
238,1012,2025-12-23 00:00:00,2026-01-22 00:00:00,10,2866,30,360,899.9999999991815,900,0.5002777777781375,0.0,0.25000000000045475,29.989583333333314,
238,1035,2025-12-23 00:00:00,2026-01-22 00:00:00,23,2864,30,360,899.9999999991815,900,0.5002777777781375,0.0,0.25000000000045475,29.989583333333314,
239,1275,2025-12-24 00:00:00,2026-01-23 00:00:00,360,360,30,360,7200.0000000008185,7200,2.0083333333341216,1.184444444444125,0.8155555555554201,29.916666666666686,
239,996,2025-12-24 00:00:00,2026-01-23 00:00:00,22,2862,30,360,899.9999999991815,900,0.5002777777781375,0.0002777777779101598,0.24972222222186247,29.989583333333343,
239,1012,2025-12-24 00:00:00,2026-01-23 00:00:00,9,2865,30,360,899.9999999991815,900,0.5002777777781375,0.0002777777779101598,0.24972222222186247,29.989583333333343,
239,1035,2025-12-24 00:00:00,2026-01-23 00:00:00,23,2864,30,360,899.9999999991815,900,0.5002777777781375,0.0002777777779101598,0.24972222222186247,29.989583333333343,
240,1275,2025-12-25 00:00:00,2026-01-24 00:00:00,360,360,30,360,7200.0000000008185,7200,2.0083333333341216,1.184444444444125,0.8155555555554201,29.916666666666686,
240,996,2025-12-25 00:00:00,2026-01-24 00:00:00,21,2863,30,360,899.9999999991815,900,0.5002777777781375,0.0,0.25000000000045475,29.989583333333314,
240,1012,2025-12-25 00:00:00,2026-01-24 00:00:00,8,2864,30,360,899.9999999991815,900,0.5002777777781375,0.0,0.25000000000045475,29.989583333333314,
240,1035,2025-12-25 00:00:00,2026-01-24 00:00:00,24,2862,30,360,899.9999999991815,900,0.5002777777781375,0.0,0.25000000000045475,29.989583333333314,
241,1275,2025-12-26 00:00:00,2026-01-25 00:00:00,360,360,30,360,7200.0000000008185,7200,2.0083333333341216,1.184444444444125,0.8155555555554201,29.916666666666686,
241,996,2025-12-26 00:00:00,2026-01-25 00:00:00,21,2865,30,360,899.9999999991815,900,0.5002777777781375,0.0002777777779101598,0.25000000000045475,29.989571759259235,
241,1012,2025-12-26 00:00:00,2026-01-25 00:00:00,9,2864,30,360,899.9999999991815,900,0.5002777777781375,0.0002777777779101598,0.25000000000045475,29.989571759259235,
241,1035,2025-12-26 00:00:00,2026-01-25 00:00:00,23,2863,30,360,899.9999999991815,900,0.5002777777781375,0.0002777777779101598,0.25000000000045475,29.989571759259235,
242,1275,2025-12-27 00:00:00,2026-01-26 00:00:00,360,360,30,360,7199.999999998363,7200,2.0083333333341216,1.184444444444125,0.8238888888886322,29.91631944444447,
242,996,2025-12-27 00:00:00,2026-01-26 00:00:00,20,2865,30,360,900.0000000016371,900,0.5002777777781375,0.0002777777779101598,0.25000000000045475,29.989571759259235,
242,1012,2025-12-27 00:00:00,2026-01-26 00:00:00,10,2865,30,360,900.0000000016371,900,0.5002777777781375,0.0002777777779101598,0.25000000000045475,29.989571759259235,
242,1035,2025-12-27 00:00:00,2026-01-26 00:00:00,23,2864,30,360,900.0000000016371,900,0.5002777777781375,0.0002777777779101598,0.25000000000045475,29.989571759259235,
243,1275,2025-12-28 00:00:00,2026-01-27 00:00:00,360,360,30,360,7199.999999998363,7200,2.0083333333341216,1.184444444444125,0.8155555555554201,29.916666666666686,
243,996,2025-12-28 00:00:00,2026-01-27 00:00:00,20,2863,30,360,900.0000000016371,900,0.5002777777781375,0.0,0.25000000000045475,29.989583333333314,
243,1012,2025-12-28 00:00:00,2026-01-27 00:00:00,10,2866,30,360,900.0000000016371,900,0.5002777777781375,0.0,0.25000000000045475,29.989583333333314,
243,1035,2025-12-28 00:00:00,2026-01-27 00:00:00,21,2866,30,360,900.0000000016371,900,0.5002777777781375,0.0,0.25000000000045475,29.989583333333314,
244,1275,2025-12-29 00:00:00,2026-01-28 00:00:00,360,360,30,360,7199.999999998363,7200,2.0083333333341216,1.184444444444125,0.8155555555554201,29.916666666666686,
244,996,2025-12-29 00:00:00,2026-01-28 00:00:00,20,2864,30,360,900.0000000016371,900,0.5002777777781375,0.0,0.25000000000045475,29.989583333333314,
244,1012,2025-12-29 00:00:00,2026-01-28 00:00:00,11,2867,30,360,900.0000000016371,900,0.5002777777781375,0.0,0.25000000000045475,29.989583333333314,
244,1035,2025-12-29 00:00:00,2026-01-28 00:00:00,21,2866,30,360,900.0000000016371,900,0.5002777777781375,0.0,0.25000000000045475,29.989583333333314,
245,1275,2025-12-30 00:00:00,2026-01-29 00:00:00,360,360,30,360,7199.999999998363,7200,2.0083333333341216,1.184444444444125,0.8155555555554201,29.916666666666686,
245,996,2025-12-30 00:00:00,2026-01-29 00:00:00,21,2863,30,360,900.0000000016371,900,0.5002777777781375,0.0002777777779101598,0.24972222222186247,29.989583333333343,
245,1012,2025-12-30 00:00:00,2026-01-29 00:00:00,11,2867,30,360,900.0000000016371,900,0.5002777777781375,0.0002777777779101598,0.24972222222186247,29.989583333333343,
245,1035,2025-12-30 00:00:00,2026-01-29 00:00:00,21,2867,30,360,900.0000000016371,900,0.5002777777781375,0.0002777777779101598,0.24972222222186247,29.989583333333343,
246,1275,2025-12-31 00:00:00,2026-01-30 00:00:00,360,360,30,360,7199.999999998363,7200,2.0083333333341216,1.184444444444125,0.8155555555554201,29.916666666666686,
246,996,2025-12-31 00:00:00,2026-01-30 00:00:00,20,2864,30,360,900.0000000016371,900,0.5002777777781375,0.0,0.25000000000045475,29.989583333333314,
246,1012,2025-12-31 00:00:00,2026-01-30 00:00:00,12,2867,30,360,900.0000000016371,900,0.5002777777781375,0.0,0.25000000000045475,29.989583333333314,
246,1035,2025-12-31 00:00:00,2026-01-30 00:00:00,21,2868,30,360,900.0000000016371,900,0.5002777777781375,0.0,0.25000000000045475,29.989583333333314,
247,1275,2026-01-01 00:00:00,2026-01-31 00:00:00,360,360,30,360,7199.999999998363,7200,2.0083333333341216,1.184444444444125,0.8238888888886322,29.91631944444447,
247,996,2026-01-01 00:00:00,2026-01-31 00:00:00,20,2864,30,360,900.0000000016371,900,0.5002777777781375,0.0,0.25000000000045475,29.989583333333314,
247,1012,2026-01-01 00:00:00,2026-01-31 00:00:00,12,2866,30,360,900.0000000016371,900,0.5002777777781375,0.0,0.25000000000045475,29.989583333333314,
247,1035,2026-01-01 00:00:00,2026-01-31 00:00:00,19,2868,30,360,900.0000000016371,900,0.5002777777781375,0.0,0.25000000000045475,29.989583333333314,
248,1275,2026-01-02 00:00:00,2026-02-01 00:00:00,360,360,30,360,7199.999999998363,7200,2.0083333333341216,1.184444444444125,0.8155555555554201,29.916666666666686,
248,996,2026-01-02 00:00:00,2026-02-01 00:00:00,20,2866,30,360,900.0000000016371,900,0.5002777777781375,0.0002777777779101598,0.24972222222186247,29.989583333333343,
248,1012,2026-01-02 00:00:00,2026-02-01 00:00:00,11,2865,30,360,900.0000000016371,900,0.5002777777781375,0.0002777777779101598,0.24972222222186247,29.989583333333343,
248,1035,2026-01-02 00:00:00,2026-02-01 00:00:00,19,2868,30,360,900.0000000016371,900,0.5002777777781375,0.0002777777779101598,0.24972222222186247,29.989583333333343,
249,1275,2026-01-03 00:00:00,2026-02-02 00:00:00,360,360,30,360,7199.999999998363,7200,2.0083333333341216,1.184444444444125,0.8155555555554201,29.916666666666686,
249,996,2026-01-03 00:00:00,2026-02-02 00:00:00,20,2865,30,360,900.0000000016371,900,0.5002777777781375,0.0002777777779101598,0.24972222222186247,29.989583333333343,
249,1012,2026-01-03 00:00:00,2026-02-02 00:00:00,13,2865,30,360,900.0000000016371,900,0.5002777777781375,0.0002777777779101598,0.24972222222186247,29.989583333333343,
249,1035,2026-01-03 00:00:00,2026-02-02 00:00:00,19,2868,30,360,900.0000000016371,900,0.5002777777781375,0.0002777777779101598,0.24972222222186247,29.989583333333343,
250,1275,2026-01-04 00:00:00,2026-02-03 00:00:00,360,360,30,360,7199.999999998363,7200,2.0083333333341216,1.184444444444125,0.8155555555554201,29.916666666666686,
250,996,2026-01-04 00:00:00,2026-02-03 00:00:00,20,2865,30,360,900.0000000016371,900,0.5002777777781375,0.0002777777779101598,0.24972222222186247,29.989583333333343,
250,1012,2026-01-04 00:00:00,2026-02-03 00:00:00,13,2864,30,360,900.0000000016371,900,0.5002777777781375,0.0002777777779101598,0.24972222222186247,29.989583333333343,
250,1035,2026-01-04 00:00:00,2026-02-03 00:00:00,18,2866,30,360,900.0000000016371,900,0.5002777777781375,0.0002777777779101598,0.24972222222186247,29.989583333333343,
251,1275,2026-01-05 00:00:00,2026-02-04 00:00:00,360,360,30,360,7199.999999998363,7200,2.0083333333341216,1.184444444444125,0.8155555555554201,29.916666666666686,
251,996,2026-01-05 00:00:00,2026-02-04 00:00:00,21,2865,30,360,900.0000000016371,900,0.5002777777781375,0.0002777777779101598,0.24972222222186247,29.989583333333343,
251,1012,2026-01-05 00:00:00,2026-02-04 00:00:00,13,2865,30,360,900.0000000016371,900,0.5002777777781375,0.0002777777779101598,0.24972222222186247,29.989583333333343,
251,1035,2026-01-05 00:00:00,2026-02-04 00:00:00,20,2866,30,360,900.0000000016371,900,0.5002777777781375,0.0002777777779101598,0.24972222222186247,29.989583333333343,
252,1275,2026-01-06 00:00:00,2026-02-05 00:00:00,360,360,30,360,7199.999999998363,7200,2.0083333333341216,1.184444444444125,0.8238888888886322,29.91631944444447,
252,996,2026-01-06 00:00:00,2026-02-05 00:00:00,21,2863,30,360,900.0000000016371,900,0.5002777777781375,0.0,0.24972222222186247,29.989594907407422,
252,1012,2026-01-06 00:00:00,2026-02-05 00:00:00,13,2863,30,360,900.0000000016371,900,0.5002777777781375,0.0,0.24972222222186247,29.989594907407422,
252,1035,2026-01-06 00:00:00,2026-02-05 00:00:00,19,2864,30,360,900.0000000016371,900,0.5002777777781375,0.0,0.24972222222186247,29.989594907407422,
253,1275,2026-01-07 00:00:00,2026-02-06 00:00:00,360,360,30,360,7199.999999998363,7200,2.0083333333341216,1.184444444444125,0.8155555555554201,29.916666666666686,
253,996,2026-01-07 00:00:00,2026-02-06 00:00:00,20,2864,30,360,900.0000000016371,900,0.5002777777781375,0.0,0.24972222222186247,29.989594907407422,
253,1012,2026-01-07 00:00:00,2026-02-06 00:00:00,13,2863,30,360,900.0000000016371,900,0.5002777777781375,0.0,0.24972222222186247,29.989594907407422,
253,1035,2026-01-07 00:00:00,2026-02-06 00:00:00,20,2863,30,360,900.0000000016371,900,0.5002777777781375,0.0,0.24972222222186247,29.989594907407422,
254,1275,2026-01-08 00:00:00,2026-02-07 00:00:00,360,360,30,360,7199.999999998363,7200,2.0083333333341216,1.184444444444125,0.8155555555554201,29.916666666666686,
254,996,2026-01-08 00:00:00,2026-02-07 00:00:00,22,2868,30,360,900.0000000016371,900,0.5002777777781375,0.0002777777779101598,0.24972222222186247,29.989583333333343,
254,1012,2026-01-08 00:00:00,2026-02-07 00:00:00,14,2863,30,360,900.0000000016371,900,0.5002777777781375,0.0002777777779101598,0.24972222222186247,29.989583333333343,
254,1035,2026-01-08 00:00:00,2026-02-07 00:00:00,19,2864,30,360,900.0000000016371,900,0.5002777777781375,0.0002777777779101598,0.24972222222186247,29.989583333333343,
255,1275,2026-01-09 00:00:00,2026-02-08 00:00:00,360,360,30,360,7199.999999998363,7200,2.0083333333341216,1.184444444444125,0.8155555555554201,29.916666666666686,
255,996,2026-01-09 00:00:00,2026-02-08 00:00:00,21,2867,30,360,900.0000000016371,900,0.5002777777781375,0.0002777777779101598,0.25000000000045475,29.989571759259235,
255,1012,2026-01-09 00:00:00,2026-02-08 00:00:00,13,2863,30,360,900.0000000016371,900,0.5002777777781375,0.0002777777779101598,0.25000000000045475,29.989571759259235,
255,1035,2026-01-09 00:00:00,2026-02-08 00:00:00,20,2862,30,360,900.0000000016371,900,0.5002777777781375,0.0002777777779101598,0.25000000000045475,29.989571759259235,
256,1275,2026-01-10 00:00:00,2026-02-09 00:00:00,360,360,30,360,7199.999999998363,7200,2.0083333333341216,1.184444444444125,0.8155555555554201,29.916666666666686,
256,996,2026-01-10 00:00:00,2026-02-09 00:00:00,20,2868,30,360,900.0000000016371,900,0.5002777777781375,0.00027777777722803876,0.24972222222186247,29.98958333333337,
256,1012,2026-01-10 00:00:00,2026-02-09 00:00:00,13,2864,30,360,900.0000000016371,900,0.5002777777781375,0.00027777777722803876,0.24972222222186247,29.98958333333337,
256,1035,2026-01-10 00:00:00,2026-02-09 00:00:00,21,2862,30,360,900.0000000016371,900,0.5002777777781375,0.00027777777722803876,0.24972222222186247,29.98958333333337,
257,1275,2026-01-11 00:00:00,2026-02-10 00:00:00,360,360,30,360,7199.999999998363,7200,2.0083333333341216,1.184444444444125,0.8238888888886322,29.91631944444447,
257,996,2026-01-11 00:00:00,2026-02-10 00:00:00,22,2868,30,360,900.0000000016371,900,0.5002777777781375,0.0,0.24972222222186247,29.989594907407422,
257,1012,2026-01-11 00:00:00,2026-02-10 00:00:00,13,2864,30,360,900.0000000016371,900,0.5002777777781375,0.0,0.24972222222186247,29.989594907407422,
257,1035,2026-01-11 00:00:00,2026-02-10 00:00:00,21,2863,30,360,900.0000000016371,900,0.5002777777781375,0.0,0.24972222222186247,29.989594907407422,
258,1275,2026-01-12 00:00:00,2026-02-11 00:00:00,360,360,30,360,7199.999999998363,7200,2.0083333333341216,1.184444444444125,0.8155555555554201,29.916666666666686,
258,996,2026-01-12 00:00:00,2026-02-11 00:00:00,21,2869,30,360,900.0000000016371,900,0.5002777777781375,0.00027777777722803876,0.24972222222186247,29.98958333333337,
258,1012,2026-01-12 00:00:00,2026-02-11 00:00:00,13,2864,30,360,900.0000000016371,900,0.5002777777781375,0.00027777777722803876,0.24972222222186247,29.98958333333337,
258,1035,2026-01-12 00:00:00,2026-02-11 00:00:00,21,2862,30,360,900.0000000016371,900,0.5002777777781375,0.00027777777722803876,0.24972222222186247,29.98958333333337,
259,1275,2026-01-13 00:00:00,2026-02-12 00:00:00,360,360,30,360,7199.999999998363,7200,2.0083333333341216,1.184444444444125,0.8155555555554201,29.916666666666686,
259,996,2026-01-13 00:00:00,2026-02-12 00:00:00,22,2868,30,360,900.0000000016371,900,0.5002777777781375,0.0,0.24972222222186247,29.989594907407422,
259,1012,2026-01-13 00:00:00,2026-02-12 00:00:00,12,2864,30,360,900.0000000016371,900,0.5002777777781375,0.0,0.24972222222186247,29.989594907407422,
259,1035,2026-01-13 00:00:00,2026-02-12 00:00:00,21,2863,30,360,900.0000000016371,900,0.5002777777781375,0.0,0.24972222222186247,29.989594907407422,
260,1275,2026-01-14 00:00:00,2026-02-13 00:00:00,360,360,30,360,7199.999999998363,7200,2.0083333333341216,1.184444444444125,0.8155555555554201,29.916666666666686,
260,996,2026-01-14 00:00:00,2026-02-13 00:00:00,18,2869,30,360,900.0000000016371,900,0.5002777777781375,0.0,0.24972222222186247,29.989594907407422,
260,1012,2026-01-14 00:00:00,2026-02-13 00:00:00,12,2865,30,360,900.0000000016371,900,0.5002777777781375,0.0,0.24972222222186247,29.989594907407422,
260,1035,2026-01-14 00:00:00,2026-02-13 00:00:00,22,2863,30,360,900.0000000016371,900,0.5002777777781375,0.0,0.24972222222186247,29.989594907407422,
261,1275,2026-01-15 00:00:00,2026-02-14 00:00:00,360,360,30,360,7199.999999998363,7200,2.0083333333341216,1.184444444444125,0.8155555555554201,29.916666666666686,
261,996,2026-01-15 00:00:00,2026-02-14 00:00:00,18,2867,30,360,900.0000000016371,900,0.5002777777781375,0.00027777777722803876,0.24972222222186247,29.98958333333337,
261,1012,2026-01-15 00:00:00,2026-02-14 00:00:00,12,2864,30,360,900.0000000016371,900,0.5002777777781375,0.00027777777722803876,0.24972222222186247,29.98958333333337,
261,1035,2026-01-15 00:00:00,2026-02-14 00:00:00,22,2862,30,360,900.0000000016371,900,0.5002777777781375,0.00027777777722803876,0.24972222222186247,29.98958333333337,
262,1275,2026-01-16 00:00:00,2026-02-15 00:00:00,360,360,30,360,7199.999999998363,7200,2.0083333333341216,1.184444444444125,0.8238888888886322,29.91631944444447,
262,996,2026-01-16 00:00:00,2026-02-15 00:00:00,18,2867,30,360,900.0000000016371,900,0.5002777777781375,0.0,0.24972222222186247,29.989594907407422,
262,1012,2026-01-16 00:00:00,2026-02-15 00:00:00,12,2865,30,360,900.0000000016371,900,0.5002777777781375,0.0,0.24972222222186247,29.989594907407422,
262,1035,2026-01-16 00:00:00,2026-02-15 00:00:00,19,2863,30,360,900.0000000016371,900,0.5002777777781375,0.0,0.24972222222186247,29.989594907407422,
263,1275,2026-01-17 00:00:00,2026-02-16 00:00:00,360,360,30,360,7199.999999998363,7200,2.0083333333341216,1.184444444444125,0.8155555555554201,29.916666666666686,
263,996,2026-01-17 00:00:00,2026-02-16 00:00:00,17,2867,30,360,900.0000000016371,900,0.5002777777781375,0.00027777777722803876,0.24972222222186247,29.98958333333337,
263,1012,2026-01-17 00:00:00,2026-02-16 00:00:00,12,2865,30,360,900.0000000016371,900,0.5002777777781375,0.00027777777722803876,0.24972222222186247,29.98958333333337,
263,1035,2026-01-17 00:00:00,2026-02-16 00:00:00,17,2863,30,360,900.0000000016371,900,0.5002777777781375,0.00027777777722803876,0.24972222222186247,29.98958333333337,
264,1275,2026-01-18 00:00:00,2026-02-17 00:00:00,360,360,30,360,7199.999999998363,7200,2.0083333333341216,1.184444444444125,0.8155555555554201,29.916666666666686,
264,996,2026-01-18 00:00:00,2026-02-17 00:00:00,18,2867,30,360,900.0000000016371,900,0.5002777777781375,0.0,0.24972222222186247,29.989594907407422,
264,1012,2026-01-18 00:00:00,2026-02-17 00:00:00,13,2865,30,360,900.0000000016371,900,0.5002777777781375,0.0,0.24972222222186247,29.989594907407422,
264,1035,2026-01-18 00:00:00,2026-02-17 00:00:00,19,2864,30,360,900.0000000016371,900,0.5002777777781375,0.0,0.24972222222186247,29.989594907407422,
265,1275,2026-01-19 00:00:00,2026-02-18 00:00:00,360,360,30,360,7199.999999998363,7200,2.0083333333341216,1.184444444444125,0.8155555555554201,29.916666666666686,
265,996,2026-01-19 00:00:00,2026-02-18 00:00:00,16,2867,30,360,900.0000000016371,900,0.5002777777781375,0.00027777777722803876,0.24972222222186247,29.98958333333337,
265,1012,2026-01-19 00:00:00,2026-02-18 00:00:00,10,2864,30,360,900.0000000016371,900,0.5002777777781375,0.00027777777722803876,0.24972222222186247,29.98958333333337,
265,1035,2026-01-19 00:00:00,2026-02-18 00:00:00,16,2865,30,360,900.0000000016371,900,0.5002777777781375,0.00027777777722803876,0.24972222222186247,29.98958333333337,
266,1275,2026-01-20 00:00:00,2026-02-19 00:00:00,360,360,30,360,7199.999999998363,7200,2.0083333333341216,1.184444444444125,0.8155555555554201,29.916666666666686,
266,996,2026-01-20 00:00:00,2026-02-19 00:00:00,16,2867,30,360,900.0000000016371,900,0.5002777777781375,0.0,0.25000000000045475,29.989583333333314,
266,1012,2026-01-20 00:00:00,2026-02-19 00:00:00,10,2864,30,360,900.0000000016371,900,0.5002777777781375,0.0,0.25000000000045475,29.989583333333314,
266,1035,2026-01-20 00:00:00,2026-02-19 00:00:00,15,2865,30,360,900.0000000016371,900,0.5002777777781375,0.0,0.25000000000045475,29.989583333333314,
267,1275,2026-01-21 00:00:00,2026-02-20 00:00:00,360,360,30,360,7199.999999998363,7200,2.0083333333341216,1.184444444444125,0.8238888888886322,29.91631944444447,
267,996,2026-01-21 00:00:00,2026-02-20 00:00:00,16,2867,30,360,900.0000000016371,900,0.5002777777781375,0.00027777777722803876,0.25000000000045475,29.989571759259263,
267,1012,2026-01-21 00:00:00,2026-02-20 00:00:00,9,2863,30,360,900.0000000016371,900,0.5002777777781375,0.00027777777722803876,0.25000000000045475,29.989571759259263,
267,1035,2026-01-21 00:00:00,2026-02-20 00:00:00,19,2865,30,360,900.0000000016371,900,0.5002777777781375,0.00027777777722803876,0.25000000000045475,29.989571759259263,
268,1275,2026-01-22 00:00:00,2026-02-21 00:00:00,360,360,30,360,7199.999999998363,7200,2.0083333333341216,1.184444444444125,0.8155555555554201,29.916666666666686,
268,996,2026-01-22 00:00:00,2026-02-21 00:00:00,12,2868,30,360,900.0000000016371,900,0.5002777777767733,0.0,0.25000000000045475,29.989583333333314,
268,1012,2026-01-22 00:00:00,2026-02-21 00:00:00,11,2865,30,360,900.0000000016371,900,0.5002777777781375,0.0,0.25000000000045475,29.989583333333314,
268,1035,2026-01-22 00:00:00,2026-02-21 00:00:00,19,2865,30,360,900.0000000016371,900,0.5002777777781375,0.0,0.25000000000045475,29.989583333333314,
269,1275,2026-01-23 00:00:00,2026-02-22 00:00:00,360,360,30,360,7199.999999998363,7200,2.0083333333341216,1.184444444444125,0.8155555555554201,29.916666666666686,
269,996,2026-01-23 00:00:00,2026-02-22 00:00:00,13,2868,30,360,900.0000000016371,900,0.5002777777767733,0.0,0.24972222222186247,29.989594907407422,
269,1012,2026-01-23 00:00:00,2026-02-22 00:00:00,11,2866,30,360,900.0000000016371,900,0.5002777777781375,0.0,0.24972222222186247,29.989594907407422,
269,1035,2026-01-23 00:00:00,2026-02-22 00:00:00,18,2865,30,360,900.0000000016371,900,0.5002777777781375,0.0,0.24972222222186247,29.989594907407422,
270,1275,2026-01-24 00:00:00,2026-02-23 00:00:00,360,360,30,360,7199.999999998363,7200,2.0083333333341216,1.184444444444125,0.8155555555554201,29.916666666666686,
270,996,2026-01-24 00:00:00,2026-02-23 00:00:00,13,2868,30,360,900.0000000016371,900,0.5002777777767733,0.0,0.24972222222186247,29.989594907407422,
270,1012,2026-01-24 00:00:00,2026-02-23 00:00:00,12,2867,30,360,900.0000000016371,900,0.5002777777781375,0.0,0.24972222222186247,29.989594907407422,
270,1035,2026-01-24 00:00:00,2026-02-23 00:00:00,17,2866,30,360,900.0000000016371,900,0.5002777777781375,0.0,0.24972222222186247,29.989594907407422,
271,1275,2026-01-25 00:00:00,2026-02-24 00:00:00,360,360,30,360,7199.999999998363,7200,2.0083333333341216,1.184444444444125,0.8155555555554201,29.916666666666686,
271,996,2026-01-25 00:00:00,2026-02-24 00:00:00,13,2868,30,360,900.0000000016371,900,0.5002777777767733,0.00027777777722803876,0.25000000000045475,29.989571759259263,
271,1012,2026-01-25 00:00:00,2026-02-24 00:00:00,11,2866,30,360,900.0000000016371,900,0.5002777777781375,0.00027777777722803876,0.25000000000045475,29.989571759259263,
271,1035,2026-01-25 00:00:00,2026-02-24 00:00:00,17,2866,30,360,900.0000000016371,900,0.5002777777781375,0.00027777777722803876,0.25000000000045475,29.989571759259263,
272,1275,2026-01-26 00:00:00,2026-02-25 00:00:00,360,360,30,360,7199.999999998363,7200,2.0083333333341216,1.184444444444125,0.8238888888886322,29.91631944444447,
272,996,2026-01-26 00:00:00,2026-02-25 00:00:00,13,2867,30,360,900.0000000016371,900,0.5002777777767733,0.00027777777722803876,0.24972222222186247,29.98958333333337,
272,1012,2026-01-26 00:00:00,2026-02-25 00:00:00,10,2866,30,360,900.0000000016371,900,0.5002777777781375,0.00027777777722803876,0.24972222222186247,29.98958333333337,
272,1035,2026-01-26 00:00:00,2026-02-25 00:00:00,17,2863,30,360,900.0000000016371,900,0.5002777777781375,0.00027777777722803876,0.24972222222186247,29.98958333333337,
273,1275,2026-01-27 00:00:00,2026-02-26 00:00:00,360,360,30,360,7199.999999998363,7200,2.0083333333341216,1.184444444444125,0.8155555555554201,29.916666666666686,
273,996,2026-01-27 00:00:00,2026-02-26 00:00:00,13,2869,30,360,900.0000000016371,900,0.5000000000009095,0.0,0.24972222222186247,29.989594907407422,
273,1012,2026-01-27 00:00:00,2026-02-26 00:00:00,11,2866,30,360,900.0000000016371,900,0.5002777777781375,0.0,0.24972222222186247,29.989594907407422,
273,1035,2026-01-27 00:00:00,2026-02-26 00:00:00,17,2863,30,360,900.0000000016371,900,0.5002777777781375,0.00027777777722803876,0.24972222222186247,29.98958333333337,
274,1275,2026-01-28 00:00:00,2026-02-27 00:00:00,360,360,30,360,7199.999999998363,7200,2.0083333333341216,1.184444444444125,0.8155555555554201,29.916666666666686,
274,996,2026-01-28 00:00:00,2026-02-27 00:00:00,14,2868,30,360,900.0000000016371,900,0.5000000000009095,0.0,0.24972222222186247,29.989594907407422,
274,1012,2026-01-28 00:00:00,2026-02-27 00:00:00,12,2866,30,360,900.0000000016371,900,0.5002777777781375,0.0,0.24972222222186247,29.989594907407422,
274,1035,2026-01-28 00:00:00,2026-02-27 00:00:00,17,2862,30,360,900.0000000016371,900,0.5002777777781375,0.0,0.24972222222186247,29.989594907407422,
275,1275,2026-01-29 00:00:00,2026-02-28 00:00:00,360,360,30,360,7199.999999998363,7200,2.0083333333341216,1.184444444444125,0.8155555555554201,29.916666666666686,
275,996,2026-01-29 00:00:00,2026-02-28 00:00:00,13,2867,30,360,900.0000000016371,900,0.5000000000009095,0.0,0.24972222222186247,29.989594907407422,
275,1012,2026-01-29 00:00:00,2026-02-28 00:00:00,12,2866,30,360,900.0000000016371,900,0.5002777777781375,0.0,0.24972222222186247,29.989594907407422,
275,1035,2026-01-29 00:00:00,2026-02-28 00:00:00,17,2862,30,360,900.0000000016371,900,0.5002777777781375,0.0,0.24972222222186247,29.989594907407422,
276,1275,2026-01-30 00:00:00,2026-03-01 00:00:00,360,360,30,360,7199.999999998363,7200,2.0083333333341216,1.184444444444125,0.8155555555554201,29.916666666666686,
276,996,2026-01-30 00:00:00,2026-03-01 00:00:00,13,2867,30,360,900.0000000016371,900,0.5000000000009095,0.0,0.24972222222186247,29.989594907407422,
276,1012,2026-01-30 00:00:00,2026-03-01 00:00:00,11,2866,30,360,900.0000000016371,900,0.5002777777781375,0.0,0.24972222222186247,29.989594907407422,
276,1035,2026-01-30 00:00:00,2026-03-01 00:00:00,17,2862,30,360,900.0000000016371,900,0.5002777777781375,0.0,0.24972222222186247,29.989594907407422,
277,1275,2026-01-31 00:00:00,2026-03-02 00:00:00,360,360,30,360,7199.999999998363,7200,2.0083333333341216,1.184444444444125,0.8238888888886322,29.91631944444447,
277,996,2026-01-31 00:00:00,2026-03-02 00:00:00,15,2867,30,360,900.0000000016371,900,0.5000000000009095,0.0,0.24972222222186247,29.989594907407422,
277,1012,2026-01-31 00:00:00,2026-03-02 00:00:00,12,2867,30,360,900.0000000016371,900,0.5002777777781375,0.0,0.24972222222186247,29.989594907407422,
277,1035,2026-01-31 00:00:00,2026-03-02 00:00:00,18,2861,30,360,900.0000000016371,900,0.5002777777781375,0.0,0.24972222222186247,29.989594907407422,
278,1275,2026-02-01 00:00:00,2026-03-03 00:00:00,360,360,30,360,7199.999999998363,7200,2.0083333333341216,1.184444444444125,0.8155555555554201,29.916666666666686,
278,996,2026-02-01 00:00:00,2026-03-03 00:00:00,15,2866,30,360,900.0000000016371,900,0.5000000000009095,0.0,0.24972222222186247,29.989594907407422,
278,1012,2026-02-01 00:00:00,2026-03-03 00:00:00,12,2868,30,360,900.0000000016371,900,0.5002777777781375,0.0,0.24972222222186247,29.989594907407422,
278,1035,2026-02-01 00:00:00,2026-03-03 00:00:00,17,2861,30,360,900.0000000016371,900,0.5002777777781375,0.0,0.24972222222186247,29.989594907407422,
279,1275,2026-02-02 00:00:00,2026-03-04 00:00:00,360,360,30,360,7199.999999998363,7200,2.0083333333341216,1.184444444444125,0.8155555555554201,29.916666666666686,
279,996,2026-02-02 00:00:00,2026-03-04 00:00:00,15,2867,30,360,900.0000000016371,900,0.5000000000009095,0.00027777777722803876,0.25000000000045475,29.989571759259263,
279,1012,2026-02-02 00:00:00,2026-03-04 00:00:00,10,2867,30,360,900.0000000016371,900,0.5002777777781375,0.00027777777722803876,0.25000000000045475,29.989571759259263,
279,1035,2026-02-02 00:00:00,2026-03-04 00:00:00,17,2861,30,360,900.0000000016371,900,0.5002777777781375,0.00027777777722803876,0.25000000000045475,29.989571759259263,
280,1275,2026-02-03 00:00:00,2026-03-05 00:00:00,360,360,30,360,7199.999999998363,7200,2.0083333333341216,1.184444444444125,0.8155555555554201,29.916666666666686,
280,996,2026-02-03 00:00:00,2026-03-05 00:00:00,15,2867,30,360,900.0000000016371,900,0.5000000000009095,0.00027777777722803876,0.24972222222186247,29.98958333333337,
280,1012,2026-02-03 00:00:00,2026-03-05 00:00:00,10,2867,30,360,900.0000000016371,900,0.5002777777781375,0.00027777777722803876,0.24972222222186247,29.98958333333337,
280,1035,2026-02-03 00:00:00,2026-03-05 00:00:00,18,2862,30,360,900.0000000016371,900,0.5002777777781375,0.00027777777722803876,0.24972222222186247,29.98958333333337,
281,1275,2026-02-04 00:00:00,2026-03-06 00:00:00,360,360,30,360,7199.999999998363,7200,2.0083333333341216,1.184444444444125,0.8155555555554201,29.916666666666686,
281,996,2026-02-04 00:00:00,2026-03-06 00:00:00,14,2868,30,360,900.0000000016371,900,0.5000000000009095,0.00027777777722803876,0.24972222222186247,29.98958333333337,
281,1012,2026-02-04 00:00:00,2026-03-06 00:00:00,11,2867,30,360,900.0000000016371,900,0.5002777777781375,0.00027777777722803876,0.24972222222186247,29.98958333333337,
281,1035,2026-02-04 00:00:00,2026-03-06 00:00:00,17,2861,30,360,900.0000000016371,900,0.5002777777781375,0.00027777777722803876,0.24972222222186247,29.98958333333337,
282,1275,2026-02-05 00:00:00,2026-03-07 00:00:00,360,360,30,360,7199.999999998363,7200,2.0083333333341216,1.184444444444125,0.8238888888886322,29.91631944444447,
282,996,2026-02-05 00:00:00,2026-03-07 00:00:00,14,2869,30,360,900.0000000016371,900,0.5002777777781375,0.00027777777722803876,0.25000000000045475,29.989571759259263,
282,1012,2026-02-05 00:00:00,2026-03-07 00:00:00,11,2869,30,360,900.0000000016371,900,0.5002777777781375,0.00027777777722803876,0.25000000000045475,29.989571759259263,
282,1035,2026-02-05 00:00:00,2026-03-07 00:00:00,17,2864,30,360,900.0000000016371,900,0.5002777777781375,0.00027777777722803876,0.25000000000045475,29.989571759259263,
283,1275,2026-02-06 00:00:00,2026-03-08 00:00:00,360,360,30,360,7199.999999998363,7200,2.0083333333341216,1.184444444444125,0.8155555555554201,29.916666666666686,
283,996,2026-02-06 00:00:00,2026-03-08 00:00:00,12,2869,30,360,900.0000000016371,900,0.5002777777781375,0.00027777777722803876,0.25000000000045475,29.989571759259263,
283,1012,2026-02-06 00:00:00,2026-03-08 00:00:00,11,2869,30,360,900.0000000016371,900,0.5002777777781375,0.00027777777722803876,0.25000000000045475,29.989571759259263,
283,1035,2026-02-06 00:00:00,2026-03-08 00:00:00,16,2865,30,360,900.0000000016371,900,0.5002777777781375,0.00027777777722803876,0.25000000000045475,29.989571759259263,
284,1275,2026-02-07 00:00:00,2026-03-09 00:00:00,360,360,30,360,7199.999999998363,7200,2.0083333333341216,1.184444444444125,0.8155555555554201,29.916666666666686,
284,996,2026-02-07 00:00:00,2026-03-09 00:00:00,10,2869,30,360,900.0000000016371,900,0.5002777777781375,0.00027777777722803876,0.25000000000045475,29.989571759259263,
284,1012,2026-02-07 00:00:00,2026-03-09 00:00:00,10,2869,30,360,900.0000000016371,900,0.5002777777781375,0.00027777777722803876,0.25000000000045475,29.989571759259263,
284,1035,2026-02-07 00:00:00,2026-03-09 00:00:00,15,2864,30,360,900.0000000016371,900,0.5002777777781375,0.00027777777722803876,0.25000000000045475,29.989571759259263,
285,1275,2026-02-08 00:00:00,2026-03-10 00:00:00,360,360,30,360,7199.999999998363,7200,2.0083333333341216,1.184444444444125,0.8155555555554201,29.916666666666686,
285,996,2026-02-08 00:00:00,2026-03-10 00:00:00,10,2870,30,360,900.0000000016371,900,0.5002777777781375,0.0,0.25000000000045475,29.989583333333314,
285,1012,2026-02-08 00:00:00,2026-03-10 00:00:00,10,2870,30,360,900.0000000016371,900,0.5002777777781375,0.0,0.25000000000045475,29.989583333333314,
285,1035,2026-02-08 00:00:00,2026-03-10 00:00:00,14,2866,30,360,900.0000000016371,900,0.5002777777781375,0.0,0.25000000000045475,29.989583333333314,
286,1275,2026-02-09 00:00:00,2026-03-11 00:00:00,360,360,30,360,7199.999999998363,7200,2.0083333333341216,1.184444444444125,0.8155555555554201,29.916666666666686,
286,996,2026-02-09 00:00:00,2026-03-11 00:00:00,10,2870,30,360,900.0000000016371,900,0.5002777777781375,0.0,0.25000000000045475,29.989583333333314,
286,1012,2026-02-09 00:00:00,2026-03-11 00:00:00,10,2870,30,360,900.0000000016371,900,0.5002777777781375,0.0,0.25000000000045475,29.989583333333314,
286,1035,2026-02-09 00:00:00,2026-03-11 00:00:00,13,2865,30,360,900.0000000016371,900,0.5002777777781375,0.0,0.25000000000045475,29.989583333333314,
287,1275,2026-02-10 00:00:00,2026-03-12 00:00:00,360,360,30,360,7199.999999998363,7200,2.0083333333341216,1.184444444444125,0.8238888888886322,29.91631944444447,
287,996,2026-02-10 00:00:00,2026-03-12 00:00:00,8,2866,30,360,900.0000000016371,900,1.2502777777781375,0.00027777777722803876,0.24972222222186247,29.98958333333337,
287,1012,2026-02-10 00:00:00,2026-03-12 00:00:00,11,2866,30,360,900.0000000016371,900,1.2502777777781375,0.00027777777722803876,0.24972222222186247,29.98958333333337,
287,1035,2026-02-10 00:00:00,2026-03-12 00:00:00,13,2861,30,360,900.0000000016371,900,1.2502777777781375,0.00027777777722803876,0.24972222222186247,29.98958333333337,
288,1275,2026-02-11 00:00:00,2026-03-13 00:00:00,360,360,30,360,7199.999999998363,7200,2.0083333333341216,1.184444444444125,0.8155555555554201,29.916666666666686,
288,996,2026-02-11 00:00:00,2026-03-13 00:00:00,8,2866,30,360,900.0000000016371,900,1.2502777777781375,0.00027777777722803876,0.25000000000045475,29.989571759259263,
288,1012,2026-02-11 00:00:00,2026-03-13 00:00:00,11,2866,30,360,900.0000000016371,900,1.2502777777781375,0.00027777777722803876,0.25000000000045475,29.989571759259263,
288,1035,2026-02-11 00:00:00,2026-03-13 00:00:00,13,2862,30,360,900.0000000016371,900,1.2502777777781375,0.00027777777722803876,0.25000000000045475,29.989571759259263,
289,1275,2026-02-12 00:00:00,2026-03-14 00:00:00,360,360,30,360,7199.999999998363,7200,2.0083333333341216,1.184444444444125,0.8155555555554201,29.916666666666686,
289,996,2026-02-12 00:00:00,2026-03-14 00:00:00,9,2866,30,360,900.0000000016371,900,1.2502777777781375,0.0,0.24972222222186247,29.989594907407422,
289,1012,2026-02-12 00:00:00,2026-03-14 00:00:00,11,2866,30,360,900.0000000016371,900,1.2502777777781375,0.0,0.24972222222186247,29.989594907407422,
289,1035,2026-02-12 00:00:00,2026-03-14 00:00:00,14,2861,30,360,900.0000000016371,900,1.2502777777781375,0.0,0.24972222222186247,29.989594907407422,
290,1275,2026-02-13 00:00:00,2026-03-15 00:00:00,360,360,30,360,7199.999999998363,7200,2.0083333333341216,1.184444444444125,0.8155555555554201,29.916666666666686,
290,996,2026-02-13 00:00:00,2026-03-15 00:00:00,9,2866,30,360,900.0000000016371,900,1.2502777777781375,0.00027777777722803876,0.24972222222186247,29.98958333333337,
290,1012,2026-02-13 00:00:00,2026-03-15 00:00:00,11,2864,30,360,900.0000000016371,900,1.2502777777781375,0.00027777777722803876,0.24972222222186247,29.98958333333337,
290,1035,2026-02-13 00:00:00,2026-03-15 00:00:00,13,2861,30,360,900.0000000016371,900,1.2502777777781375,0.00027777777722803876,0.24972222222186247,29.98958333333337,
291,1275,2026-02-14 00:00:00,2026-03-16 00:00:00,360,360,30,360,7199.999999998363,7200,2.0083333333341216,1.184444444444125,0.8155555555554201,29.916666666666686,
291,996,2026-02-14 00:00:00,2026-03-16 00:00:00,10,2868,30,360,900.0000000016371,900,1.2502777777781375,0.00027777777722803876,0.24972222222186247,29.98958333333337,
291,1012,2026-02-14 00:00:00,2026-03-16 00:00:00,12,2865,30,360,900.0000000016371,900,1.2502777777781375,0.00027777777722803876,0.24972222222186247,29.98958333333337,
291,1035,2026-02-14 00:00:00,2026-03-16 00:00:00,13,2862,30,360,900.0000000016371,900,1.2502777777781375,0.00027777777722803876,0.24972222222186247,29.98958333333337,
292,1275,2026-02-15 00:00:00,2026-03-17 00:00:00,360,360,30,360,7199.999999998363,7200,2.0083333333341216,1.184444444444125,0.8238888888886322,29.91631944444447,
292,996,2026-02-15 00:00:00,2026-03-17 00:00:00,10,2868,30,360,900.0000000016371,900,1.2502777777781375,0.00027777777722803876,0.25000000000045475,29.989571759259263,
292,1012,2026-02-15 00:00:00,2026-03-17 00:00:00,13,2866,30,360,900.0000000016371,900,1.2502777777781375,0.00027777777722803876,0.25000000000045475,29.989571759259263,
292,1035,2026-02-15 00:00:00,2026-03-17 00:00:00,13,2859,30,360,900.0000000016371,900,1.2502777777781375,0.00027777777722803876,0.25000000000045475,29.989571759259263,
293,1275,2026-02-16 00:00:00,2026-03-18 00:00:00,360,360,30,360,7199.999999998363,7200,2.0083333333341216,1.184444444444125,0.8155555555554201,29.916666666666686,
293,996,2026-02-16 00:00:00,2026-03-18 00:00:00,10,2868,30,360,900.0000000016371,900,1.2502777777781375,0.00027777777722803876,0.24972222222186247,29.98958333333337,
293,1012,2026-02-16 00:00:00,2026-03-18 00:00:00,13,2867,30,360,900.0000000016371,900,1.2502777777781375,0.00027777777722803876,0.24972222222186247,29.98958333333337,
293,1035,2026-02-16 00:00:00,2026-03-18 00:00:00,11,2860,30,360,900.0000000016371,900,1.2502777777781375,0.00027777777722803876,0.24972222222186247,29.98958333333337,
294,1275,2026-02-17 00:00:00,2026-03-19 00:00:00,360,360,30,360,7199.999999998363,7200,2.0083333333341216,1.184444444444125,0.8155555555554201,29.916666666666686,
294,996,2026-02-17 00:00:00,2026-03-19 00:00:00,9,2867,30,360,900.0000000016371,900,1.2502777777781375,0.00027777777722803876,0.24972222222186247,29.98958333333337,
294,1012,2026-02-17 00:00:00,2026-03-19 00:00:00,11,2867,30,360,900.0000000016371,900,1.2502777777781375,0.00027777777722803876,0.24972222222186247,29.98958333333337,
294,1035,2026-02-17 00:00:00,2026-03-19 00:00:00,9,2858,30,360,900.0000000016371,900,1.2502777777781375,0.00027777777722803876,0.24972222222186247,29.98958333333337,
295,1275,2026-02-18 00:00:00,2026-03-20 00:00:00,360,360,30,360,7199.999999998363,7200,2.0083333333341216,1.184444444444125,0.8155555555554201,29.916666666666686,
295,996,2026-02-18 00:00:00,2026-03-20 00:00:00,9,2867,30,360,900.0000000016371,900,1.2502777777781375,0.0,0.24972222222186247,29.989594907407422,
295,1012,2026-02-18 00:00:00,2026-03-20 00:00:00,12,2868,30,360,900.0000000016371,900,1.2502777777781375,0.0,0.24972222222186247,29.989594907407422,
295,1035,2026-02-18 00:00:00,2026-03-20 00:00:00,11,2858,30,360,900.0000000016371,900,1.2502777777781375,0.0,0.24972222222186247,29.989594907407422,
296,1275,2026-02-19 00:00:00,2026-03-21 00:00:00,360,360,30,360,7199.999999998363,7200,2.0083333333341216,1.184444444444125,0.8155555555554201,29.916666666666686,
296,996,2026-02-19 00:00:00,2026-03-21 00:00:00,9,2867,30,360,900.0000000016371,900,1.2502777777781375,0.00027777777722803876,0.25000000000045475,29.989571759259263,
296,1012,2026-02-19 00:00:00,2026-03-21 00:00:00,13,2869,30,360,900.0000000016371,900,1.2502777777781375,0.00027777777722803876,0.25000000000045475,29.989571759259263,
296,1035,2026-02-19 00:00:00,2026-03-21 00:00:00,12,2859,30,360,900.0000000016371,900,1.2502777777781375,0.00027777777722803876,0.25000000000045475,29.989571759259263,
297,1275,2026-02-20 00:00:00,2026-03-22 00:00:00,360,360,30,360,7199.999999998363,7200,2.0083333333341216,1.184444444444125,0.8238888888886322,29.91631944444447,
297,996,2026-02-20 00:00:00,2026-03-22 00:00:00,9,2867,30,360,900.0000000016371,900,1.2502777777781375,0.0,0.25000000000045475,29.989583333333314,
297,1012,2026-02-20 00:00:00,2026-03-22 00:00:00,14,2870,30,360,900.0000000016371,900,1.2502777777781375,0.0,0.25000000000045475,29.989583333333314,
297,1035,2026-02-20 00:00:00,2026-03-22 00:00:00,8,2857,30,360,900.0000000016371,900,1.2502777777781375,0.0,0.25000000000045475,29.989583333333314,
298,1275,2026-02-21 00:00:00,2026-03-23 00:00:00,360,360,30,360,7199.999999998363,7200,2.0083333333341216,1.184444444444125,0.8155555555554201,29.916666666666686,
298,996,2026-02-21 00:00:00,2026-03-23 00:00:00,9,2867,30,360,900.0000000016371,900,1.2502777777781375,0.0,0.25000000000045475,29.989583333333314,
298,1012,2026-02-21 00:00:00,2026-03-23 00:00:00,12,2870,30,360,900.0000000016371,900,1.2502777777781375,0.0,0.25000000000045475,29.989583333333314,
298,1035,2026-02-21 00:00:00,2026-03-23 00:00:00,7,2857,30,360,900.0000000016371,900,1.2502777777781375,0.0,0.25000000000045475,29.989583333333314,
299,1275,2026-02-22 00:00:00,2026-03-24 00:00:00,360,360,30,360,7199.999999998363,7200,2.0083333333341216,1.184444444444125,0.8155555555554201,29.916666666666686,
299,996,2026-02-22 00:00:00,2026-03-24 00:00:00,8,2866,30,360,900.0000000016371,900,1.2502777777781375,0.00027777777722803876,0.25000000000045475,29.989571759259263,
299,1012,2026-02-22 00:00:00,2026-03-24 00:00:00,12,2870,30,360,900.0000000016371,900,1.2502777777781375,0.00027777777722803876,0.25000000000045475,29.989571759259263,
299,1035,2026-02-22 00:00:00,2026-03-24 00:00:00,7,2856,30,360,900.0000000016371,900,1.2502777777781375,0.00027777777722803876,0.25000000000045475,29.989571759259263,
300,1275,2026-02-23 00:00:00,2026-03-25 00:00:00,360,360,30,360,7199.999999998363,7200,2.0083333333341216,1.184444444444125,0.8155555555554201,29.916666666666686,
300,996,2026-02-23 00:00:00,2026-03-25 00:00:00,8,2864,30,360,900.0000000016371,900,1.2502777777781375,0.00027777777722803876,0.25000000000045475,29.989571759259263,
300,1012,2026-02-23 00:00:00,2026-03-25 00:00:00,11,2870,30,360,900.0000000016371,900,1.2502777777781375,0.00027777777722803876,0.25000000000045475,29.989571759259263,
300,1035,2026-02-23 00:00:00,2026-03-25 00:00:00,7,2857,30,360,900.0000000016371,900,1.2502777777781375,0.00027777777722803876,0.25000000000045475,29.989571759259263,
301,1275,2026-02-24 00:00:00,2026-03-26 00:00:00,360,360,30,360,7199.999999998363,7200,2.0083333333341216,1.184444444444125,0.8155555555554201,29.916666666666686,
301,996,2026-02-24 00:00:00,2026-03-26 00:00:00,9,2863,30,360,900.0000000016371,900,1.2502777777781375,0.00027777777722803876,0.24972222222186247,29.98958333333337,
301,1012,2026-02-24 00:00:00,2026-03-26 00:00:00,11,2868,30,360,900.0000000016371,900,1.2502777777781375,0.00027777777722803876,0.24972222222186247,29.98958333333337,
301,1035,2026-02-24 00:00:00,2026-03-26 00:00:00,7,2856,30,360,900.0000000016371,900,1.2502777777781375,0.00027777777722803876,0.24972222222186247,29.98958333333337,
302,1275,2026-02-25 00:00:00,2026-03-27 00:00:00,360,360,30,360,7199.999999998363,7200,2.0083333333341216,1.184444444444125,0.8238888888886322,29.91631944444447,
302,996,2026-02-25 00:00:00,2026-03-27 00:00:00,9,2864,30,360,900.0000000016371,900,1.2502777777781375,0.0,0.25000000000045475,29.989583333333314,
302,1012,2026-02-25 00:00:00,2026-03-27 00:00:00,11,2867,30,360,900.0000000016371,900,1.2502777777781375,0.0,0.25000000000045475,29.989583333333314,
302,1035,2026-02-25 00:00:00,2026-03-27 00:00:00,7,2858,30,360,900.0000000016371,900,1.2502777777781375,0.0,0.25000000000045475,29.989583333333314,
303,1275,2026-02-26 00:00:00,2026-03-28 00:00:00,360,360,30,360,7199.999999998363,7200,2.0083333333341216,1.184444444444125,0.8155555555554201,29.916666666666686,
303,996,2026-02-26 00:00:00,2026-03-28 00:00:00,9,2864,30,360,900.0000000016371,900,1.2502777777781375,0.00027777777722803876,0.25000000000045475,29.989571759259263,
303,1012,2026-02-26 00:00:00,2026-03-28 00:00:00,10,2867,30,360,900.0000000016371,900,1.2502777777781375,0.00027777777722803876,0.25000000000045475,29.989571759259263,
303,1035,2026-02-26 00:00:00,2026-03-28 00:00:00,7,2858,30,360,900.0000000016371,900,1.2502777777781375,0.00027777777722803876,0.25000000000045475,29.989571759259263,
304,1275,2026-02-27 00:00:00,2026-03-29 00:00:00,360,360,30,360,7199.999999998363,7200,2.0083333333341216,1.184444444444125,0.8155555555554201,29.916666666666686,
304,996,2026-02-27 00:00:00,2026-03-29 00:00:00,8,2865,30,360,900.0000000016371,900,1.2502777777781375,0.00027777777722803876,0.25000000000045475,29.989571759259263,
304,1012,2026-02-27 00:00:00,2026-03-29 00:00:00,8,2867,30,360,900.0000000016371,900,1.2502777777781375,0.00027777777722803876,0.25000000000045475,29.989571759259263,
304,1035,2026-02-27 00:00:00,2026-03-29 00:00:00,8,2859,30,360,900.0000000016371,900,1.2502777777781375,0.00027777777722803876,0.25000000000045475,29.989571759259263,
305,1275,2026-02-28 00:00:00,2026-03-30 00:00:00,360,360,30,360,7199.999999998363,7200,2.0083333333341216,1.184444444444125,0.8155555555554201,29.916666666666686,
305,996,2026-02-28 00:00:00,2026-03-30 00:00:00,8,2867,30,360,900.0000000016371,900,1.2502777777781375,0.00027777777722803876,0.25000000000045475,29.989571759259263,
305,1012,2026-02-28 00:00:00,2026-03-30 00:00:00,8,2867,30,360,900.0000000016371,900,1.2502777777781375,0.00027777777722803876,0.25000000000045475,29.989571759259263,
305,1035,2026-02-28 00:00:00,2026-03-30 00:00:00,8,2859,30,360,900.0000000016371,900,1.2502777777781375,0.00027777777722803876,0.25000000000045475,29.989571759259263,
306,1275,2026-03-01 00:00:00,2026-03-31 00:00:00,360,360,30,360,7199.999999998363,7200,2.0083333333341216,1.184444444444125,0.8155555555554201,29.916666666666686,
306,996,2026-03-01 00:00:00,2026-03-31 00:00:00,8,2867,30,360,900.0000000016371,900,1.2502777777781375,0.00027777777722803876,0.25000000000045475,29.989571759259263,
306,1012,2026-03-01 00:00:00,2026-03-31 00:00:00,8,2867,30,360,900.0000000016371,900,1.2502777777781375,0.00027777777722803876,0.25000000000045475,29.989571759259263,
306,1035,2026-03-01 00:00:00,2026-03-31 00:00:00,9,2859,30,360,900.0000000016371,900,1.2502777777781375,0.00027777777722803876,0.25000000000045475,29.989571759259263,
307,1275,2026-03-02 00:00:00,2026-04-01 00:00:00,360,360,30,360,7199.999999998363,7200,2.0083333333341216,1.184444444444125,0.8238888888886322,29.91631944444447,
307,996,2026-03-02 00:00:00,2026-04-01 00:00:00,6,2866,30,360,900.0000000016371,900,1.2502777777781375,0.00027777777722803876,0.24972222222186247,29.98958333333337,
307,1012,2026-03-02 00:00:00,2026-04-01 00:00:00,7,2865,30,360,900.0000000016371,900,1.2502777777781375,0.00027777777722803876,0.24972222222186247,29.98958333333337,
307,1035,2026-03-02 00:00:00,2026-04-01 00:00:00,9,2859,30,360,900.0000000016371,900,1.2502777777781375,0.00027777777722803876,0.24972222222186247,29.98958333333337,
308,1275,2026-03-03 00:00:00,2026-04-02 00:00:00,360,360,30,360,7199.999999998363,7200,2.0083333333341216,1.184444444444125,0.8155555555554201,29.916666666666686,
308,996,2026-03-03 00:00:00,2026-04-02 00:00:00,6,2866,30,360,900.0000000016371,900,1.2502777777781375,0.00027777777722803876,0.25000000000045475,29.989571759259263,
308,1012,2026-03-03 00:00:00,2026-04-02 00:00:00,7,2864,30,360,900.0000000016371,900,1.2502777777781375,0.00027777777722803876,0.25000000000045475,29.989571759259263,
308,1035,2026-03-03 00:00:00,2026-04-02 00:00:00,9,2858,30,360,900.0000000016371,900,1.2502777777781375,0.00027777777722803876,0.25000000000045475,29.989571759259263,
309,1275,2026-03-04 00:00:00,2026-04-03 00:00:00,360,360,30,360,7199.999999998363,7200,2.0083333333341216,1.184444444444125,0.8155555555554201,29.916666666666686,
309,996,2026-03-04 00:00:00,2026-04-03 00:00:00,7,2866,30,360,900.0000000016371,900,1.2502777777781375,0.0,0.24972222222186247,29.989594907407422,
309,1012,2026-03-04 00:00:00,2026-04-03 00:00:00,7,2865,30,360,900.0000000016371,900,1.2502777777781375,0.0,0.24972222222186247,29.989594907407422,
309,1035,2026-03-04 00:00:00,2026-04-03 00:00:00,9,2858,30,360,900.0000000016371,900,1.2502777777781375,0.0,0.24972222222186247,29.989594907407422,
310,1275,2026-03-05 00:00:00,2026-04-04 00:00:00,360,360,30,360,7199.999999998363,7200,2.0083333333341216,1.184444444444125,0.8155555555554201,29.916666666666686,
310,996,2026-03-05 00:00:00,2026-04-04 00:00:00,7,2866,30,360,900.0000000016371,900,1.2502777777781375,0.0,0.24972222222186247,29.989594907407422,
310,1012,2026-03-05 00:00:00,2026-04-04 00:00:00,7,2866,30,360,900.0000000016371,900,1.2502777777781375,0.0,0.24972222222186247,29.989594907407422,
310,1035,2026-03-05 00:00:00,2026-04-04 00:00:00,8,2859,30,360,900.0000000016371,900,1.2502777777781375,0.0,0.24972222222186247,29.989594907407422,
311,1275,2026-03-06 00:00:00,2026-04-05 00:00:00,360,360,30,360,7199.999999998363,7200,2.0083333333341216,1.184444444444125,0.8155555555554201,29.916666666666686,
311,996,2026-03-06 00:00:00,2026-04-05 00:00:00,8,2866,30,360,900.0000000016371,900,1.2502777777781375,0.00027777777722803876,0.24972222222186247,29.98958333333337,
311,1012,2026-03-06 00:00:00,2026-04-05 00:00:00,6,2865,30,360,900.0000000016371,900,1.2502777777781375,0.00027777777722803876,0.24972222222186247,29.98958333333337,
311,1035,2026-03-06 00:00:00,2026-04-05 00:00:00,8,2860,30,360,900.0000000016371,900,1.2502777777781375,0.00027777777722803876,0.24972222222186247,29.98958333333337,
312,1275,2026-03-07 00:00:00,2026-04-06 00:00:00,360,360,30,360,7199.999999998363,7200,2.0083333333341216,1.184444444444125,0.8238888888886322,29.91631944444447,
312,996,2026-03-07 00:00:00,2026-04-06 00:00:00,8,2866,30,360,900.0000000016371,900,1.2502777777781375,0.0,0.25000000000045475,29.989583333333314,
312,1012,2026-03-07 00:00:00,2026-04-06 00:00:00,7,2865,30,360,900.0000000016371,900,1.2502777777781375,0.0,0.25000000000045475,29.989583333333314,
312,1035,2026-03-07 00:00:00,2026-04-06 00:00:00,8,2858,30,360,900.0000000016371,900,1.2502777777781375,0.0,0.25000000000045475,29.989583333333314,
313,1275,2026-03-08 00:00:00,2026-04-07 00:00:00,360,360,30,360,7199.999999998363,7200,2.0083333333341216,1.184444444444125,0.8155555555554201,29.916666666666686,
313,996,2026-03-08 00:00:00,2026-04-07 00:00:00,8,2866,30,360,900.0000000016371,900,1.2502777777781375,0.0,0.25000000000045475,29.989583333333314,
313,1012,2026-03-08 00:00:00,2026-04-07 00:00:00,7,2865,30,360,900.0000000016371,900,1.2502777777781375,0.0,0.25000000000045475,29.989583333333314,
313,1035,2026-03-08 00:00:00,2026-04-07 00:00:00,9,2858,30,360,900.0000000016371,900,1.2502777777781375,0.0,0.25000000000045475,29.989583333333314,
314,1275,2026-03-09 00:00:00,2026-04-08 00:00:00,360,360,30,360,7199.999999998363,7200,2.0083333333341216,1.184444444444125,0.8155555555554201,29.916666666666686,
314,996,2026-03-09 00:00:00,2026-04-08 00:00:00,8,2865,30,360,900.0000000016371,900,1.2502777777781375,0.0,0.25000000000045475,29.989583333333314,
314,1012,2026-03-09 00:00:00,2026-04-08 00:00:00,8,2865,30,360,900.0000000016371,900,1.2502777777781375,0.0,0.25000000000045475,29.989583333333314,
314,1035,2026-03-09 00:00:00,2026-04-08 00:00:00,9,2859,30,360,900.0000000016371,900,1.2502777777781375,0.0,0.25000000000045475,29.989583333333314,
315,1275,2026-03-10 00:00:00,2026-04-09 00:00:00,360,360,30,360,7199.999999998363,7200,2.0083333333341216,1.184444444444125,0.8155555555554201,29.916666666666686,
315,996,2026-03-10 00:00:00,2026-04-09 00:00:00,8,2864,30,360,900.0000000016371,900,1.2502777777781375,0.0,0.25000000000045475,29.989583333333314,
315,1012,2026-03-10 00:00:00,2026-04-09 00:00:00,9,2864,30,360,900.0000000016371,900,1.2502777777781375,0.0,0.25000000000045475,29.989583333333314,
315,1035,2026-03-10 00:00:00,2026-04-09 00:00:00,9,2858,30,360,900.0000000016371,900,1.2502777777781375,0.0,0.25000000000045475,29.989583333333314,
316,1275,2026-03-11 00:00:00,2026-04-10 00:00:00,360,360,30,360,7199.999999998363,7200,2.0083333333341216,1.184444444444125,0.8155555555554201,29.916666666666686,
316,996,2026-03-11 00:00:00,2026-04-10 00:00:00,8,2862,30,360,900.0000000016371,900,1.2502777777781375,0.0,0.24972222222186247,29.989594907407422,
316,1012,2026-03-11 00:00:00,2026-04-10 00:00:00,9,2864,30,360,900.0000000016371,900,1.2502777777781375,0.0,0.24972222222186247,29.989594907407422,
316,1035,2026-03-11 00:00:00,2026-04-10 00:00:00,11,2860,30,360,900.0000000016371,900,1.2502777777781375,0.0,0.24972222222186247,29.989594907407422,
317,1275,2026-03-12 00:00:00,2026-04-11 00:00:00,360,360,30,360,7199.999999998363,7200,2.0083333333341216,1.184444444444125,0.8238888888886322,29.91631944444447,
317,996,2026-03-12 00:00:00,2026-04-11 00:00:00,8,2867,30,360,900.0000000016371,900,0.5002777777781375,0.0030555555549653945,0.24972222222186247,29.989467592592632,
317,1012,2026-03-12 00:00:00,2026-04-11 00:00:00,8,2866,30,360,900.0000000016371,900,0.5002777777781375,0.0030555555549653945,0.24972222222186247,29.989467592592632,
317,1035,2026-03-12 00:00:00,2026-04-11 00:00:00,12,2863,30,360,900.0000000016371,900,0.5002777777781375,0.0030555555549653945,0.24972222222186247,29.989467592592632,
318,1275,2026-03-13 00:00:00,2026-04-12 00:00:00,360,360,30,360,7199.999999998363,7200,2.0083333333341216,1.184444444444125,0.8155555555554201,29.916666666666686,
318,996,2026-03-13 00:00:00,2026-04-12 00:00:00,7,2867,30,360,900.0000000016371,900,0.5002777777781375,0.0,0.24972222222186247,29.989594907407422,
318,1012,2026-03-13 00:00:00,2026-04-12 00:00:00,8,2867,30,360,900.0000000016371,900,0.5002777777781375,0.0,0.24972222222186247,29.989594907407422,
318,1035,2026-03-13 00:00:00,2026-04-12 00:00:00,12,2863,30,360,900.0000000016371,900,0.5002777777781375,0.0,0.24972222222186247,29.989594907407422,
319,1275,2026-03-14 00:00:00,2026-04-13 00:00:00,360,360,30,360,7199.999999998363,7200,2.0083333333341216,1.184444444444125,0.8155555555554201,29.916666666666686,
319,996,2026-03-14 00:00:00,2026-04-13 00:00:00,5,2868,30,360,900.0000000016371,900,0.5002777777781375,0.00027777777722803876,0.24972222222186247,29.98958333333337,
319,1012,2026-03-14 00:00:00,2026-04-13 00:00:00,8,2866,30,360,900.0000000016371,900,0.5002777777781375,0.00027777777722803876,0.24972222222186247,29.98958333333337,
319,1035,2026-03-14 00:00:00,2026-04-13 00:00:00,11,2864,30,360,900.0000000016371,900,0.5002777777781375,0.00027777777722803876,0.24972222222186247,29.98958333333337,
320,1275,2026-03-15 00:00:00,2026-04-14 00:00:00,360,360,30,360,7199.999999998363,7200,2.0083333333341216,1.184444444444125,0.8155555555554201,29.916666666666686,
320,996,2026-03-15 00:00:00,2026-04-14 00:00:00,5,2866,30,360,900.0000000016371,900,0.5002777777781375,0.0,0.24972222222186247,29.989594907407422,
320,1012,2026-03-15 00:00:00,2026-04-14 00:00:00,11,2868,30,360,900.0000000016371,900,0.5002777777781375,0.0,0.24972222222186247,29.989594907407422,
320,1035,2026-03-15 00:00:00,2026-04-14 00:00:00,11,2864,30,360,900.0000000016371,900,0.5002777777781375,0.0,0.24972222222186247,29.989594907407422,
321,1275,2026-03-16 00:00:00,2026-04-15 00:00:00,360,360,30,360,7199.999999998363,7200,2.0083333333341216,1.184444444444125,0.8155555555554201,29.916666666666686,
321,996,2026-03-16 00:00:00,2026-04-15 00:00:00,4,2866,30,360,900.0000000016371,900,0.5002777777781375,0.0,0.25000000000045475,29.989583333333314,
321,1012,2026-03-16 00:00:00,2026-04-15 00:00:00,10,2868,30,360,900.0000000016371,900,0.5002777777781375,0.0,0.25000000000045475,29.989583333333314,
321,1035,2026-03-16 00:00:00,2026-04-15 00:00:00,11,2864,30,360,900.0000000016371,900,0.5002777777781375,0.0,0.25000000000045475,29.989583333333314,
322,1275,2026-03-17 00:00:00,2026-04-16 00:00:00,360,360,30,360,7199.999999998363,7200,2.0083333333341216,1.184444444444125,0.8238888888886322,29.91631944444447,
322,996,2026-03-17 00:00:00,2026-04-16 00:00:00,4,2866,30,360,900.0000000016371,900,0.5002777777781375,0.0,0.25000000000045475,29.989583333333314,
322,1012,2026-03-17 00:00:00,2026-04-16 00:00:00,10,2867,30,360,900.0000000016371,900,0.5002777777781375,0.0,0.25000000000045475,29.989583333333314,
322,1035,2026-03-17 00:00:00,2026-04-16 00:00:00,11,2867,30,360,900.0000000016371,900,0.5002777777781375,0.0,0.25000000000045475,29.989583333333314,
323,1275,2026-03-18 00:00:00,2026-04-17 00:00:00,360,360,30,360,7199.999999998363,7200,2.0083333333341216,1.184444444444125,0.8155555555554201,29.916666666666686,
323,996,2026-03-18 00:00:00,2026-04-17 00:00:00,5,2866,30,360,900.0000000016371,900,0.5002777777781375,0.0,0.24972222222186247,29.989594907407422,
323,1012,2026-03-18 00:00:00,2026-04-17 00:00:00,10,2867,30,360,900.0000000016371,900,0.5002777777781375,0.0,0.24972222222186247,29.989594907407422,
323,1035,2026-03-18 00:00:00,2026-04-17 00:00:00,12,2866,30,360,900.0000000016371,900,0.5002777777781375,0.0,0.24972222222186247,29.989594907407422,
324,1275,2026-03-19 00:00:00,2026-04-18 00:00:00,360,360,30,360,7199.999999998363,7200,2.0083333333341216,1.184444444444125,0.8155555555554201,29.916666666666686,
324,996,2026-03-19 00:00:00,2026-04-18 00:00:00,5,2866,30,360,900.0000000016371,900,0.5002777777781375,0.00027777777722803876,0.25000000000045475,29.989571759259263,
324,1012,2026-03-19 00:00:00,2026-04-18 00:00:00,12,2867,30,360,900.0000000016371,900,0.5002777777781375,0.00027777777722803876,0.25000000000045475,29.989571759259263,
324,1035,2026-03-19 00:00:00,2026-04-18 00:00:00,12,2868,30,360,900.0000000016371,900,0.5002777777781375,0.00027777777722803876,0.25000000000045475,29.989571759259263,
325,1275,2026-03-20 00:00:00,2026-04-19 00:00:00,360,360,30,360,7199.999999998363,7200,2.0083333333341216,1.184444444444125,0.8155555555554201,29.916666666666686,
325,996,2026-03-20 00:00:00,2026-04-19 00:00:00,5,2866,30,360,900.0000000016371,900,0.5002777777781375,0.00027777777722803876,0.24972222222186247,29.98958333333337,
325,1012,2026-03-20 00:00:00,2026-04-19 00:00:00,11,2866,30,360,900.0000000016371,900,0.5002777777781375,0.00027777777722803876,0.24972222222186247,29.98958333333337,
325,1035,2026-03-20 00:00:00,2026-04-19 00:00:00,10,2867,30,360,900.0000000016371,900,0.5002777777781375,0.00027777777722803876,0.24972222222186247,29.98958333333337,
326,1275,2026-03-21 00:00:00,2026-04-20 00:00:00,360,360,30,360,7199.999999998363,7200,2.0083333333341216,1.184444444444125,0.8155555555554201,29.916666666666686,
326,996,2026-03-21 00:00:00,2026-04-20 00:00:00,5,2866,30,360,900.0000000016371,900,0.5002777777781375,0.00027777777722803876,0.25000000000045475,29.989571759259263,
326,1012,2026-03-21 00:00:00,2026-04-20 00:00:00,12,2865,30,360,900.0000000016371,900,0.5002777777781375,0.00027777777722803876,0.25000000000045475,29.989571759259263,
326,1035,2026-03-21 00:00:00,2026-04-20 00:00:00,9,2867,30,360,900.0000000016371,900,0.5002777777781375,0.00027777777722803876,0.25000000000045475,29.989571759259263,
327,1275,2026-03-22 00:00:00,2026-04-21 00:00:00,360,360,30,360,7199.999999998363,7200,2.0083333333341216,1.184444444444125,0.8238888888886322,29.91631944444447,
327,996,2026-03-22 00:00:00,2026-04-21 00:00:00,5,2866,30,360,900.0000000016371,900,0.5002777777781375,0.0,0.25000000000045475,29.989583333333314,
327,1012,2026-03-22 00:00:00,2026-04-21 00:00:00,11,2864,30,360,900.0000000016371,900,0.5002777777781375,0.0,0.25000000000045475,29.989583333333314,
327,1035,2026-03-22 00:00:00,2026-04-21 00:00:00,10,2869,30,360,900.0000000016371,900,0.5002777777781375,0.0,0.25000000000045475,29.989583333333314,
328,1275,2026-03-23 00:00:00,2026-04-22 00:00:00,360,360,30,360,7199.999999998363,7200,2.0083333333341216,1.184444444444125,0.8155555555554201,29.916666666666686,
328,996,2026-03-23 00:00:00,2026-04-22 00:00:00,5,2866,30,360,900.0000000016371,900,0.5002777777781375,0.0,0.24972222222186247,29.989594907407422,
328,1012,2026-03-23 00:00:00,2026-04-22 00:00:00,11,2863,30,360,900.0000000016371,900,0.5002777777781375,0.0,0.24972222222186247,29.989594907407422,
328,1035,2026-03-23 00:00:00,2026-04-22 00:00:00,10,2869,30,360,900.0000000016371,900,0.5002777777781375,0.0,0.24972222222186247,29.989594907407422,
329,1275,2026-03-24 00:00:00,2026-04-23 00:00:00,360,360,30,360,7199.999999998363,7200,2.0083333333341216,1.184444444444125,0.8155555555554201,29.916666666666686,
329,996,2026-03-24 00:00:00,2026-04-23 00:00:00,5,2866,30,360,900.0000000016371,900,0.5002777777781375,0.0,0.25000000000045475,29.989583333333314,
329,1012,2026-03-24 00:00:00,2026-04-23 00:00:00,12,2863,30,360,900.0000000016371,900,0.5002777777781375,0.0,0.25000000000045475,29.989583333333314,
329,1035,2026-03-24 00:00:00,2026-04-23 00:00:00,10,2870,30,360,900.0000000016371,900,0.5002777777781375,0.0,0.25000000000045475,29.989583333333314,
330,1275,2026-03-25 00:00:00,2026-04-24 00:00:00,360,360,30,360,7199.999999998363,7200,2.0083333333341216,1.184444444444125,0.8155555555554201,29.916666666666686,
330,996,2026-03-25 00:00:00,2026-04-24 00:00:00,5,2867,30,360,900.0000000016371,900,0.5002777777781375,0.0,0.25000000000045475,29.989583333333314,
330,1012,2026-03-25 00:00:00,2026-04-24 00:00:00,12,2862,30,360,900.0000000016371,900,0.5002777777781375,0.0,0.25000000000045475,29.989583333333314,
330,1035,2026-03-25 00:00:00,2026-04-24 00:00:00,10,2870,30,360,900.0000000016371,900,0.5002777777781375,0.0,0.25000000000045475,29.989583333333314,
331,1275,2026-03-26 00:00:00,2026-04-25 00:00:00,360,360,30,360,7199.999999998363,7200,2.0083333333341216,1.184444444444125,0.8155555555554201,29.916666666666686,
331,996,2026-03-26 00:00:00,2026-04-25 00:00:00,4,2868,30,360,900.0000000016371,900,0.5002777777781375,0.00027777777722803876,0.24972222222186247,29.98958333333337,
331,1012,2026-03-26 00:00:00,2026-04-25 00:00:00,13,2865,30,360,900.0000000016371,900,0.5002777777781375,0.00027777777722803876,0.24972222222186247,29.98958333333337,
331,1035,2026-03-26 00:00:00,2026-04-25 00:00:00,10,2869,30,360,900.0000000016371,900,0.5002777777781375,0.00027777777722803876,0.24972222222186247,29.98958333333337,
332,1275,2026-03-27 00:00:00,2026-04-26 00:00:00,360,360,30,360,7199.999999998363,7200,2.0083333333341216,1.184444444444125,0.8238888888886322,29.91631944444447,
332,996,2026-03-27 00:00:00,2026-04-26 00:00:00,4,2867,30,360,900.0000000016371,900,0.5002777777781375,0.00027777777722803876,0.24972222222186247,29.98958333333337,
332,1012,2026-03-27 00:00:00,2026-04-26 00:00:00,13,2866,30,360,900.0000000016371,900,0.5002777777767733,0.00027777777722803876,0.24972222222186247,29.98958333333337,
332,1035,2026-03-27 00:00:00,2026-04-26 00:00:00,10,2869,30,360,900.0000000016371,900,0.5002777777781375,0.00027777777722803876,0.24972222222186247,29.98958333333337,
333,1275,2026-03-28 00:00:00,2026-04-27 00:00:00,360,360,30,360,7199.999999998363,7200,2.0083333333341216,1.184444444444125,0.8155555555554201,29.916666666666686,
333,996,2026-03-28 00:00:00,2026-04-27 00:00:00,5,2866,30,360,900.0000000016371,900,0.5002777777781375,0.00027777777722803876,0.24972222222186247,29.98958333333337,
333,1012,2026-03-28 00:00:00,2026-04-27 00:00:00,14,2866,30,360,900.0000000016371,900,0.5002777777767733,0.00027777777722803876,0.24972222222186247,29.98958333333337,
333,1035,2026-03-28 00:00:00,2026-04-27 00:00:00,10,2868,30,360,900.0000000016371,900,0.5002777777781375,0.00027777777722803876,0.24972222222186247,29.98958333333337,
334,1275,2026-03-29 00:00:00,2026-04-28 00:00:00,360,360,30,360,7199.999999998363,7200,2.0083333333341216,1.184444444444125,0.8155555555554201,29.916666666666686,
334,996,2026-03-29 00:00:00,2026-04-28 00:00:00,6,2866,30,360,900.0000000016371,900,0.5002777777781375,0.00027777777722803876,0.25000000000045475,29.989571759259263,
334,1012,2026-03-29 00:00:00,2026-04-28 00:00:00,14,2866,30,360,900.0000000016371,900,0.5002777777767733,0.00027777777722803876,0.25000000000045475,29.989571759259263,
334,1035,2026-03-29 00:00:00,2026-04-28 00:00:00,10,2868,30,360,900.0000000016371,900,0.5002777777781375,0.00027777777722803876,0.25000000000045475,29.989571759259263,
335,1275,2026-03-30 00:00:00,2026-04-29 00:00:00,360,360,30,360,7199.999999998363,7200,2.0083333333341216,1.184444444444125,0.8155555555554201,29.916666666666686,
335,996,2026-03-30 00:00:00,2026-04-29 00:00:00,6,2866,30,360,900.0000000016371,900,0.5002777777781375,0.00027777777722803876,0.24972222222186247,29.98958333333337,
335,1012,2026-03-30 00:00:00,2026-04-29 00:00:00,14,2865,30,360,900.0000000016371,900,0.5002777777767733,0.00027777777722803876,0.24972222222186247,29.98958333333337,
335,1035,2026-03-30 00:00:00,2026-04-29 00:00:00,10,2868,30,360,900.0000000016371,900,0.5002777777781375,0.00027777777722803876,0.24972222222186247,29.98958333333337,
336,1275,2026-03-31 00:00:00,2026-04-30 00:00:00,360,360,30,360,7199.999999998363,7200,2.0083333333341216,1.184444444444125,0.8155555555554201,29.916666666666686,
336,996,2026-03-31 00:00:00,2026-04-30 00:00:00,6,2863,30,360,900.0000000016371,900,0.5002777777781375,0.0,0.25000000000045475,29.989583333333314,
336,1012,2026-03-31 00:00:00,2026-04-30 00:00:00,14,2864,30,360,900.0000000016371,900,0.5002777777767733,0.0,0.25000000000045475,29.989583333333314,
336,1035,2026-03-31 00:00:00,2026-04-30 00:00:00,9,2867,30,360,900.0000000016371,900,0.5002777777781375,0.0,0.25000000000045475,29.989583333333314,
337,1275,2026-04-01 00:00:00,2026-05-01 00:00:00,360,360,30,360,7199.999999998363,7200,2.0083333333341216,1.184444444444125,0.8155555555554201,29.916666666666686,
337,996,2026-04-01 00:00:00,2026-05-01 00:00:00,6,2864,30,360,900.0000000016371,900,0.5002777777781375,0.00027777777722803876,0.25000000000045475,29.989571759259263,
337,1012,2026-04-01 00:00:00,2026-05-01 00:00:00,15,2866,30,360,900.0000000016371,900,0.5002777777767733,0.00027777777722803876,0.25000000000045475,29.989571759259263,
337,1035,2026-04-01 00:00:00,2026-05-01 00:00:00,8,2868,30,360,900.0000000016371,900,0.5002777777781375,0.00027777777722803876,0.25000000000045475,29.989571759259263,
338,1275,2026-04-02 00:00:00,2026-05-02 00:00:00,360,360,30,360,7199.999999998363,7200,2.0083333333341216,1.184444444444125,0.8238888888886322,29.91631944444447,
338,996,2026-04-02 00:00:00,2026-05-02 00:00:00,6,2865,30,360,900.0000000016371,900,0.5002777777781375,0.00027777777722803876,0.24972222222186247,29.98958333333337,
338,1012,2026-04-02 00:00:00,2026-05-02 00:00:00,15,2867,30,360,900.0000000016371,900,0.5002777777767733,0.00027777777722803876,0.24972222222186247,29.98958333333337,
338,1035,2026-04-02 00:00:00,2026-05-02 00:00:00,8,2868,30,360,900.0000000016371,900,0.5002777777781375,0.00027777777722803876,0.24972222222186247,29.98958333333337,
339,1275,2026-04-03 00:00:00,2026-05-03 00:00:00,360,360,30,360,7199.999999998363,7200,2.0083333333341216,1.184444444444125,0.8155555555554201,29.916666666666686,
339,996,2026-04-03 00:00:00,2026-05-03 00:00:00,6,2865,30,360,900.0000000016371,900,0.5002777777781375,0.0,0.25000000000045475,29.989583333333314,
339,1012,2026-04-03 00:00:00,2026-05-03 00:00:00,15,2866,30,360,900.0000000016371,900,0.5002777777767733,0.0,0.25000000000045475,29.989583333333314,
339,1035,2026-04-03 00:00:00,2026-05-03 00:00:00,10,2867,30,360,900.0000000016371,900,0.5002777777781375,0.0,0.25000000000045475,29.989583333333314,
340,1275,2026-04-04 00:00:00,2026-05-04 00:00:00,360,360,30,360,7199.999999998363,7200,2.0083333333341216,1.184444444444125,0.8155555555554201,29.916666666666686,
340,996,2026-04-04 00:00:00,2026-05-04 00:00:00,6,2865,30,360,900.0000000016371,900,0.5002777777781375,0.00027777777722803876,0.25000000000045475,29.989571759259263,
340,1012,2026-04-04 00:00:00,2026-05-04 00:00:00,16,2866,30,360,900.0000000016371,900,0.5002777777767733,0.00027777777722803876,0.25000000000045475,29.989571759259263,
340,1035,2026-04-04 00:00:00,2026-05-04 00:00:00,11,2867,30,360,900.0000000016371,900,0.5002777777781375,0.00027777777722803876,0.25000000000045475,29.989571759259263,
341,1275,2026-04-05 00:00:00,2026-05-05 00:00:00,360,360,30,360,7199.999999998363,7200,2.0083333333341216,1.184444444444125,0.8155555555554201,29.916666666666686,
341,996,2026-04-05 00:00:00,2026-05-05 00:00:00,5,2864,30,360,900.0000000016371,900,0.5002777777781375,0.0,0.25000000000045475,29.989583333333314,
341,1012,2026-04-05 00:00:00,2026-05-05 00:00:00,16,2867,30,360,900.0000000016371,900,0.5002777777767733,0.0,0.25000000000045475,29.989583333333314,
341,1035,2026-04-05 00:00:00,2026-05-05 00:00:00,10,2865,30,360,900.0000000016371,900,0.5002777777781375,0.2502777777776828,0.25000000000045475,29.979155092592578,
342,1275,2026-04-06 00:00:00,2026-05-06 00:00:00,360,360,30,360,7199.999999998363,7200,2.0083333333341216,1.184444444444125,0.8155555555554201,29.916666666666686,
342,996,2026-04-06 00:00:00,2026-05-06 00:00:00,5,2865,30,360,900.0000000016371,900,0.5002777777781375,0.0,0.24972222222186247,29.989594907407422,
342,1012,2026-04-06 00:00:00,2026-05-06 00:00:00,16,2867,30,360,900.0000000016371,900,0.5002777777767733,0.0,0.24972222222186247,29.989594907407422,
342,1035,2026-04-06 00:00:00,2026-05-06 00:00:00,10,2866,30,360,900.0000000016371,900,0.5002777777781375,0.0,0.24972222222186247,29.989594907407422,
343,1275,2026-04-07 00:00:00,2026-05-07 00:00:00,360,360,30,360,7199.999999998363,7200,2.0083333333341216,1.184444444444125,0.8238888888886322,29.91631944444447,
343,996,2026-04-07 00:00:00,2026-05-07 00:00:00,5,2865,30,360,900.0000000016371,900,0.5002777777781375,0.0,0.24972222222186247,29.989594907407422,
343,1012,2026-04-07 00:00:00,2026-05-07 00:00:00,16,2864,30,360,900.0000000016371,900,0.5002777777781375,0.0,0.24972222222186247,29.989594907407422,
343,1035,2026-04-07 00:00:00,2026-05-07 00:00:00,9,2865,30,360,900.0000000016371,900,0.5002777777781375,0.0,0.24972222222186247,29.989594907407422,
344,1275,2026-04-08 00:00:00,2026-05-08 00:00:00,360,360,30,360,7199.999999998363,7200,2.0083333333341216,1.184444444444125,0.8155555555554201,29.916666666666686,
344,996,2026-04-08 00:00:00,2026-05-08 00:00:00,6,2866,30,360,900.0000000016371,900,0.5002777777781375,0.00027777777722803876,0.24972222222186247,29.98958333333337,
344,1012,2026-04-08 00:00:00,2026-05-08 00:00:00,16,2864,30,360,900.0000000016371,900,0.5002777777781375,0.00027777777722803876,0.24972222222186247,29.98958333333337,
344,1035,2026-04-08 00:00:00,2026-05-08 00:00:00,9,2862,30,360,900.0000000016371,900,0.5002777777781375,0.00027777777722803876,0.24972222222186247,29.98958333333337,
345,1275,2026-04-09 00:00:00,2026-05-09 00:00:00,360,360,30,360,7199.999999998363,7200,2.0083333333341216,1.184444444444125,0.8155555555554201,29.916666666666686,
345,996,2026-04-09 00:00:00,2026-05-09 00:00:00,6,2866,30,360,900.0000000016371,900,0.5002777777781375,0.0,0.25000000000045475,29.989583333333314,
345,1012,2026-04-09 00:00:00,2026-05-09 00:00:00,15,2865,30,360,900.0000000016371,900,0.5002777777781375,0.0,0.25000000000045475,29.989583333333314,
345,1035,2026-04-09 00:00:00,2026-05-09 00:00:00,11,2862,30,360,900.0000000016371,900,0.5002777777781375,0.0,0.25000000000045475,29.989583333333314,
346,1275,2026-04-10 00:00:00,2026-05-10 00:00:00,360,360,30,360,7199.999999998363,7200,2.0083333333341216,1.184444444444125,0.8155555555554201,29.916666666666686,
346,996,2026-04-10 00:00:00,2026-05-10 00:00:00,6,2868,30,360,900.0000000016371,900,0.5002777777781375,0.00027777777722803876,0.25000000000045475,29.989571759259263,
346,1012,2026-04-10 00:00:00,2026-05-10 00:00:00,15,2864,30,360,900.0000000016371,900,0.5002777777781375,0.00027777777722803876,0.25000000000045475,29.989571759259263,
346,1035,2026-04-10 00:00:00,2026-05-10 00:00:00,10,2861,30,360,900.0000000016371,900,0.5002777777781375,0.00027777777722803876,0.25000000000045475,29.989571759259263,
347,1275,2026-04-11 00:00:00,2026-05-11 00:00:00,360,360,30,360,7199.999999998363,7200,2.0083333333341216,1.184444444444125,0.8155555555554201,29.916666666666686,
347,996,2026-04-11 00:00:00,2026-05-11 00:00:00,6,2867,30,360,900.0000000016371,900,0.5002777777781375,0.00027777777722803876,0.24972222222186247,29.98958333333337,
347,1012,2026-04-11 00:00:00,2026-05-11 00:00:00,15,2866,30,360,900.0000000016371,900,0.5002777777781375,0.00027777777722803876,0.24972222222186247,29.98958333333337,
347,1035,2026-04-11 00:00:00,2026-05-11 00:00:00,9,2862,30,360,900.0000000016371,900,0.5002777777781375,0.00027777777722803876,0.24972222222186247,29.98958333333337,
348,1275,2026-04-12 00:00:00,2026-05-12 00:00:00,358,358,30,358,7199.999999998363,7200,4.996111111110167,1.184444444444125,1.815555555555875,29.875,
348,996,2026-04-12 00:00:00,2026-05-12 00:00:00,6,2867,30,360,900.0000000016371,900,0.5002777777781375,0.0,0.25000000000045475,29.989583333333314,
348,1012,2026-04-12 00:00:00,2026-05-12 00:00:00,15,2866,30,360,900.0000000016371,900,0.5002777777781375,0.0,0.25000000000045475,29.989583333333314,
348,1035,2026-04-12 00:00:00,2026-05-12 00:00:00,9,2862,30,360,900.0000000016371,900,0.5002777777781375,0.0,0.25000000000045475,29.989583333333314,
349,1275,2026-04-13 00:00:00,2026-05-13 00:00:00,358,358,30,358,7199.999999998363,7200,4.996111111110167,1.184444444444125,1.815555555555875,29.875,
349,996,2026-04-13 00:00:00,2026-05-13 00:00:00,6,2866,30,360,900.0000000016371,900,0.5002777777781375,0.0,0.25000000000045475,29.989583333333314,
349,1012,2026-04-13 00:00:00,2026-05-13 00:00:00,15,2867,30,360,900.0000000016371,900,0.5002777777781375,0.0,0.25000000000045475,29.989583333333314,
349,1035,2026-04-13 00:00:00,2026-05-13 00:00:00,9,2862,30,360,900.0000000016371,900,0.5002777777781375,0.0,0.25000000000045475,29.989583333333314,
350,1275,2026-04-14 00:00:00,2026-05-14 00:00:00,358,358,30,358,7199.999999998363,7200,4.996111111110167,1.184444444444125,1.815555555555875,29.875,
350,996,2026-04-14 00:00:00,2026-05-14 00:00:00,5,2867,30,360,900.0000000016371,900,0.5002777777781375,0.0,0.25000000000045475,29.989583333333314,
350,1012,2026-04-14 00:00:00,2026-05-14 00:00:00,13,2866,30,360,900.0000000016371,900,0.5002777777781375,0.0,0.25000000000045475,29.989583333333314,
350,1035,2026-04-14 00:00:00,2026-05-14 00:00:00,9,2861,30,360,900.0000000016371,900,0.5002777777781375,0.0,0.25000000000045475,29.989583333333314,
351,1275,2026-04-15 00:00:00,2026-05-15 00:00:00,358,358,30,358,7199.999999998363,7200,4.996111111110167,1.184444444444125,1.815555555555875,29.875,
351,996,2026-04-15 00:00:00,2026-05-15 00:00:00,5,2867,30,360,900.0000000016371,900,0.5002777777781375,0.00027777777722803876,0.25000000000045475,29.989571759259263,
351,1012,2026-04-15 00:00:00,2026-05-15 00:00:00,13,2866,30,360,900.0000000016371,900,0.5002777777781375,0.00027777777722803876,0.25000000000045475,29.989571759259263,
351,1035,2026-04-15 00:00:00,2026-05-15 00:00:00,9,2860,30,360,900.0000000016371,900,0.5002777777781375,0.00027777777722803876,0.25000000000045475,29.989571759259263,
352,1275,2026-04-16 00:00:00,2026-05-16 00:00:00,358,358,30,358,7199.999999998363,7200,4.996111111110167,1.184444444444125,1.815555555555875,29.875,
352,996,2026-04-16 00:00:00,2026-05-16 00:00:00,5,2867,30,360,900.0000000016371,900,0.5002777777781375,0.00027777777722803876,0.24972222222186247,29.98958333333337,
352,1012,2026-04-16 00:00:00,2026-05-16 00:00:00,12,2866,30,360,900.0000000016371,900,0.5002777777781375,0.00027777777722803876,0.24972222222186247,29.98958333333337,
352,1035,2026-04-16 00:00:00,2026-05-16 00:00:00,9,2859,30,360,900.0000000016371,900,0.5002777777781375,0.00027777777722803876,0.24972222222186247,29.98958333333337,
353,1275,2026-04-17 00:00:00,2026-05-17 00:00:00,358,358,30,358,7199.999999998363,7200,4.996111111110167,1.184444444444125,1.815555555555875,29.875,
353,996,2026-04-17 00:00:00,2026-05-17 00:00:00,4,2866,30,360,900.0000000016371,900,0.5002777777781375,0.00027777777722803876,0.24972222222186247,29.98958333333337,
353,1012,2026-04-17 00:00:00,2026-05-17 00:00:00,12,2866,30,360,900.0000000016371,900,0.5002777777781375,0.00027777777722803876,0.24972222222186247,29.98958333333337,
353,1035,2026-04-17 00:00:00,2026-05-17 00:00:00,8,2859,30,360,900.0000000016371,900,0.5002777777781375,0.00027777777722803876,0.24972222222186247,29.98958333333337,
354,1275,2026-04-18 00:00:00,2026-05-18 00:00:00,358,358,30,358,7199.999999998363,7200,4.996111111110167,1.184444444444125,1.815555555555875,29.875,
354,996,2026-04-18 00:00:00,2026-05-18 00:00:00,4,2865,30,360,900.0000000016371,900,0.5002777777781375,0.0,0.25000000000045475,29.989583333333314,
354,1012,2026-04-18 00:00:00,2026-05-18 00:00:00,10,2866,30,360,900.0000000016371,900,0.5002777777781375,0.0,0.25000000000045475,29.989583333333314,
354,1035,2026-04-18 00:00:00,2026-05-18 00:00:00,8,2859,30,360,900.0000000016371,900,0.5002777777781375,0.0,0.25000000000045475,29.989583333333314,
355,1275,2026-04-19 00:00:00,2026-05-19 00:00:00,358,358,30,358,7199.999999998363,7200,4.996111111110167,1.184444444444125,1.815555555555875,29.875,
355,996,2026-04-19 00:00:00,2026-05-19 00:00:00,4,2864,30,360,900.0000000016371,900,0.5002777777781375,0.0,0.25000000000045475,29.989583333333314,
355,1012,2026-04-19 00:00:00,2026-05-19 00:00:00,11,2866,30,360,900.0000000016371,900,0.5002777777781375,0.0,0.25000000000045475,29.989583333333314,
355,1035,2026-04-19 00:00:00,2026-05-19 00:00:00,8,2860,30,360,900.0000000016371,900,0.5002777777781375,0.0,0.25000000000045475,29.989583333333314,
356,1275,2026-04-20 00:00:00,2026-05-20 00:00:00,358,358,30,358,7199.999999998363,7200,4.996111111110167,1.184444444444125,1.815555555555875,29.875,
356,996,2026-04-20 00:00:00,2026-05-20 00:00:00,5,2864,30,360,900.0000000016371,900,0.5002777777781375,0.0,0.24972222222186247,29.989594907407422,
356,1012,2026-04-20 00:00:00,2026-05-20 00:00:00,10,2866,30,360,900.0000000016371,900,0.5002777777781375,0.0,0.24972222222186247,29.989594907407422,
356,1035,2026-04-20 00:00:00,2026-05-20 00:00:00,9,2860,30,360,900.0000000016371,900,0.5002777777781375,0.0,0.24972222222186247,29.989594907407422,
357,1275,2026-04-21 00:00:00,2026-05-21 00:00:00,358,358,30,358,7199.999999998363,7200,4.996111111110167,1.184444444444125,1.815555555555875,29.875,
357,996,2026-04-21 00:00:00,2026-05-21 00:00:00,5,2863,30,360,900.0000000016371,900,0.5002777777781375,0.00027777777722803876,0.24972222222186247,29.98958333333337,
357,1012,2026-04-21 00:00:00,2026-05-21 00:00:00,10,2866,30,360,900.0000000016371,900,0.5002777777781375,0.00027777777722803876,0.24972222222186247,29.98958333333337,
357,1035,2026-04-21 00:00:00,2026-05-21 00:00:00,8,2859,30,360,900.0000000016371,900,0.5002777777781375,0.00027777777722803876,0.24972222222186247,29.98958333333337,
358,1275,2026-04-22 00:00:00,2026-05-22 00:00:00,358,358,30,358,7199.999999998363,7200,4.996111111110167,1.184444444444125,1.815555555555875,29.875,
358,996,2026-04-22 00:00:00,2026-05-22 00:00:00,5,2863,30,360,900.0000000016371,900,0.5002777777781375,0.00027777777722803876,0.25000000000045475,29.989571759259263,
358,1012,2026-04-22 00:00:00,2026-05-22 00:00:00,10,2867,30,360,900.0000000016371,900,0.5002777777781375,0.00027777777722803876,0.25000000000045475,29.989571759259263,
358,1035,2026-04-22 00:00:00,2026-05-22 00:00:00,8,2858,30,360,900.0000000016371,900,0.5002777777781375,0.00027777777722803876,0.25000000000045475,29.989571759259263,
359,1275,2026-04-23 00:00:00,2026-05-23 00:00:00,358,358,30,358,7199.999999998363,7200,4.996111111110167,1.184444444444125,1.815555555555875,29.875,
359,996,2026-04-23 00:00:00,2026-05-23 00:00:00,6,2864,30,360,900.0000000016371,900,0.5002777777781375,0.00027777777722803876,0.25000000000045475,29.989571759259263,
359,1012,2026-04-23 00:00:00,2026-05-23 00:00:00,9,2867,30,360,900.0000000016371,900,0.5002777777781375,0.00027777777722803876,0.25000000000045475,29.989571759259263,
359,1035,2026-04-23 00:00:00,2026-05-23 00:00:00,8,2858,30,360,900.0000000016371,900,0.5002777777781375,0.00027777777722803876,0.25000000000045475,29.989571759259263,
360,1275,2026-04-24 00:00:00,2026-05-24 00:00:00,358,358,30,358,7199.999999998363,7200,4.996111111110167,1.184444444444125,1.815555555555875,29.875,
360,996,2026-04-24 00:00:00,2026-05-24 00:00:00,7,2864,30,360,900.0000000016371,900,0.5002777777781375,0.0,0.24972222222186247,29.989594907407422,
360,1012,2026-04-24 00:00:00,2026-05-24 00:00:00,9,2868,30,360,900.0000000016371,900,0.5002777777781375,0.0,0.24972222222186247,29.989594907407422,
360,1035,2026-04-24 00:00:00,2026-05-24 00:00:00,9,2858,30,360,900.0000000016371,900,0.5002777777781375,0.0,0.24972222222186247,29.989594907407422,
361,1275,2026-04-25 00:00:00,2026-05-25 00:00:00,358,358,30,358,7199.999999998363,7200,4.996111111110167,1.184444444444125,1.815555555555875,29.875,
361,996,2026-04-25 00:00:00,2026-05-25 00:00:00,7,2864,30,360,900.0000000016371,900,0.5002777777781375,0.0005555555558203196,0.24972222222186247,29.989571759259263,
361,1012,2026-04-25 00:00:00,2026-05-25 00:00:00,8,2868,30,360,900.0000000016371,900,0.5002777777781375,0.0005555555558203196,0.24972222222186247,29.989571759259263,
361,1035,2026-04-25 00:00:00,2026-05-25 00:00:00,9,2858,30,360,900.0000000016371,900,0.5002777777781375,0.0005555555558203196,0.24972222222186247,29.989571759259263,
362,1275,2026-04-26 00:00:00,2026-05-26 00:00:00,358,358,30,358,7199.999999998363,7200,4.996111111110167,1.184444444444125,1.815555555555875,29.875,
362,996,2026-04-26 00:00:00,2026-05-26 00:00:00,7,2865,30,360,900.0000000016371,900,0.5002777777781375,0.0,0.24972222222186247,29.989594907407422,
362,1012,2026-04-26 00:00:00,2026-05-26 00:00:00,9,2867,30,360,900.0000000016371,900,0.5002777777781375,0.0,0.24972222222186247,29.989594907407422,
362,1035,2026-04-26 00:00:00,2026-05-26 00:00:00,9,2859,30,360,900.0000000016371,900,0.5002777777781375,0.0,0.24972222222186247,29.989594907407422,
363,1275,2026-04-27 00:00:00,2026-05-27 00:00:00,358,358,30,358,7199.999999998363,7200,4.996111111110167,1.184444444444125,1.815555555555875,29.875,
363,996,2026-04-27 00:00:00,2026-05-27 00:00:00,6,2866,30,360,900.0000000016371,900,0.5002777777781375,0.0,0.25000000000045475,29.989583333333314,
363,1012,2026-04-27 00:00:00,2026-05-27 00:00:00,8,2866,30,360,900.0000000016371,900,0.5002777777781375,0.0,0.25000000000045475,29.989583333333314,
363,1035,2026-04-27 00:00:00,2026-05-27 00:00:00,10,2860,30,360,900.0000000016371,900,0.5002777777781375,0.0,0.25000000000045475,29.989583333333314,
364,1275,2026-04-28 00:00:00,2026-05-28 00:00:00,358,358,30,358,7199.999999998363,7200,4.996111111110167,1.184444444444125,1.815555555555875,29.875,
364,996,2026-04-28 00:00:00,2026-05-28 00:00:00,5,2866,30,360,900.0000000016371,900,0.5002777777781375,0.00027777777722803876,0.24972222222186247,29.98958333333337,
364,1012,2026-04-28 00:00:00,2026-05-28 00:00:00,8,2866,30,360,900.0000000016371,900,0.5002777777781375,0.00027777777722803876,0.24972222222186247,29.98958333333337,
364,1035,2026-04-28 00:00:00,2026-05-28 00:00:00,9,2858,30,360,900.0000000016371,900,0.5002777777781375,0.00027777777722803876,0.24972222222186247,29.98958333333337,
365,1275,2026-04-29 00:00:00,2026-05-29 00:00:00,358,358,30,358,7199.999999998363,7200,4.996111111110167,1.184444444444125,1.815555555555875,29.875,
365,996,2026-04-29 00:00:00,2026-05-29 00:00:00,5,2866,30,360,900.0000000016371,900,0.5002777777781375,0.00027777777722803876,0.24972222222186247,29.98958333333337,
365,1012,2026-04-29 00:00:00,2026-05-29 00:00:00,9,2867,30,360,900.0000000016371,900,0.5002777777781375,0.00027777777722803876,0.24972222222186247,29.98958333333337,
365,1035,2026-04-29 00:00:00,2026-05-29 00:00:00,9,2857,30,360,900.0000000016371,900,0.5002777777781375,0.00027777777722803876,0.24972222222186247,29.98958333333337,
366,1275,2026-04-30 00:00:00,2026-05-30 00:00:00,358,358,30,358,7199.999999998363,7200,4.996111111110167,1.184444444444125,1.815555555555875,29.875,
366,996,2026-04-30 00:00:00,2026-05-30 00:00:00,5,2869,30,360,900.0000000016371,900,0.5002777777781375,0.0,0.24972222222186247,29.989594907407422,
366,1012,2026-04-30 00:00:00,2026-05-30 00:00:00,11,2868,30,360,900.0000000016371,900,0.5002777777781375,0.0,0.24972222222186247,29.989594907407422,
366,1035,2026-04-30 00:00:00,2026-05-30 00:00:00,10,2857,30,360,900.0000000016371,900,0.5002777777781375,0.0,0.24972222222186247,29.989594907407422,
367,1275,2026-05-01 00:00:00,2026-05-31 00:00:00,358,358,30,358,7199.999999998363,7200,4.996111111110167,1.184444444444125,1.815555555555875,29.875,
367,996,2026-05-01 00:00:00,2026-05-31 00:00:00,5,2869,30,360,900.0000000016371,900,0.5002777777781375,0.00027777777722803876,0.25000000000045475,29.989571759259263,
367,1012,2026-05-01 00:00:00,2026-05-31 00:00:00,10,2866,30,360,900.0000000016371,900,0.5002777777781375,0.00027777777722803876,0.25000000000045475,29.989571759259263,
367,1035,2026-05-01 00:00:00,2026-05-31 00:00:00,10,2857,30,360,900.0000000016371,900,0.5002777777781375,0.00027777777722803876,0.25000000000045475,29.989571759259263,
368,1275,2026-05-02 00:00:00,2026-06-01 00:00:00,358,358,30,358,7199.999999998363,7200,4.996111111110167,1.184444444444125,1.815555555555875,29.875,
368,996,2026-05-02 00:00:00,2026-06-01 00:00:00,5,2869,30,360,900.0000000016371,900,0.5002777777781375,0.00027777777722803876,0.24972222222186247,29.98958333333337,
368,1012,2026-05-02 00:00:00,2026-06-01 00:00:00,12,2866,30,360,900.0000000016371,900,0.5002777777781375,0.00027777777722803876,0.24972222222186247,29.98958333333337,
368,1035,2026-05-02 00:00:00,2026-06-01 00:00:00,11,2858,30,360,900.0000000016371,900,0.5002777777781375,0.00027777777722803876,0.24972222222186247,29.98958333333337,
369,1275,2026-05-03 00:00:00,2026-06-02 00:00:00,358,358,30,358,7199.999999998363,7200,4.996111111110167,1.184444444444125,1.815555555555875,29.875,
369,996,2026-05-03 00:00:00,2026-06-02 00:00:00,4,2869,30,360,900.0000000016371,900,0.5002777777781375,0.00027777777722803876,0.25000000000045475,29.989571759259263,
369,1012,2026-05-03 00:00:00,2026-06-02 00:00:00,12,2865,30,360,900.0000000016371,900,0.5002777777781375,0.00027777777722803876,0.25000000000045475,29.989571759259263,
369,1035,2026-05-03 00:00:00,2026-06-02 00:00:00,9,2859,30,360,900.0000000016371,900,0.5002777777781375,0.00027777777722803876,0.25000000000045475,29.989571759259263,
370,1275,2026-05-04 00:00:00,2026-06-03 00:00:00,358,358,30,358,7199.999999998363,7200,4.996111111110167,1.184444444444125,1.815555555555875,29.875,
370,996,2026-05-04 00:00:00,2026-06-03 00:00:00,4,2868,30,360,900.0000000016371,900,0.5002777777781375,0.0,0.25000000000045475,29.989583333333314,
370,1012,2026-05-04 00:00:00,2026-06-03 00:00:00,11,2864,30,360,900.0000000016371,900,0.5002777777781375,0.0,0.25000000000045475,29.989583333333314,
370,1035,2026-05-04 00:00:00,2026-06-03 00:00:00,9,2859,30,360,900.0000000016371,900,0.5002777777781375,0.0,0.25000000000045475,29.989583333333314,
371,1275,2026-05-05 00:00:00,2026-06-04 00:00:00,358,358,30,358,7199.999999998363,7200,4.996111111110167,1.184444444444125,1.815555555555875,29.875,
371,996,2026-05-05 00:00:00,2026-06-04 00:00:00,4,2867,30,360,900.0000000016371,900,0.5002777777781375,0.0,0.25000000000045475,29.989583333333314,
371,1012,2026-05-05 00:00:00,2026-06-04 00:00:00,11,2863,30,360,900.0000000016371,900,0.5002777777781375,0.0,0.25000000000045475,29.989583333333314,
371,1035,2026-05-05 00:00:00,2026-06-04 00:00:00,9,2859,30,360,900.0000000016371,900,0.5002777777781375,0.0,0.25000000000045475,29.989583333333314,
372,1275,2026-05-06 00:00:00,2026-06-05 00:00:00,358,358,30,358,7199.999999998363,7200,4.996111111110167,1.184444444444125,1.815555555555875,29.875,
372,996,2026-05-06 00:00:00,2026-06-05 00:00:00,4,2867,30,360,900.0000000016371,900,0.5002777777781375,0.0,0.24972222222186247,29.989594907407422,
372,1012,2026-05-06 00:00:00,2026-06-05 00:00:00,10,2862,30,360,900.0000000016371,900,0.5002777777781375,0.0,0.24972222222186247,29.989594907407422,
372,1035,2026-05-06 00:00:00,2026-06-05 00:00:00,9,2859,30,360,900.0000000016371,900,0.5002777777781375,0.0,0.24972222222186247,29.989594907407422,
373,1275,2026-05-07 00:00:00,2026-06-06 00:00:00,358,358,30,358,7199.999999998363,7200,4.996111111110167,1.184444444444125,1.815555555555875,29.875,
373,996,2026-05-07 00:00:00,2026-06-06 00:00:00,4,2867,30,360,900.0000000016371,900,0.5002777777781375,0.00027777777722803876,0.24972222222186247,29.98958333333337,
373,1012,2026-05-07 00:00:00,2026-06-06 00:00:00,10,2864,30,360,900.0000000016371,900,0.5002777777767733,0.00027777777722803876,0.24972222222186247,29.98958333333337,
373,1035,2026-05-07 00:00:00,2026-06-06 00:00:00,9,2860,30,360,900.0000000016371,900,0.5002777777781375,0.00027777777722803876,0.24972222222186247,29.98958333333337,
374,1275,2026-05-08 00:00:00,2026-06-07 00:00:00,358,358,30,358,7199.999999998363,7200,4.996111111110167,1.184444444444125,1.815555555555875,29.875,
374,996,2026-05-08 00:00:00,2026-06-07 00:00:00,3,2866,30,360,900.0000000016371,900,0.5002777777781375,0.00027777777722803876,0.24972222222186247,29.98958333333337,
374,1012,2026-05-08 00:00:00,2026-06-07 00:00:00,10,2864,30,360,900.0000000016371,900,0.5002777777767733,0.00027777777722803876,0.24972222222186247,29.98958333333337,
374,1035,2026-05-08 00:00:00,2026-06-07 00:00:00,9,2863,30,360,900.0000000016371,900,0.5002777777781375,0.00027777777722803876,0.24972222222186247,29.98958333333337,
375,1275,2026-05-09 00:00:00,2026-06-08 00:00:00,358,358,30,358,7199.999999998363,7200,4.996111111110167,1.184444444444125,1.815555555555875,29.875,
375,996,2026-05-09 00:00:00,2026-06-08 00:00:00,4,2867,30,360,900.0000000016371,900,0.5002777777781375,0.00027777777722803876,0.24972222222186247,29.98958333333337,
375,1012,2026-05-09 00:00:00,2026-06-08 00:00:00,11,2863,30,360,900.0000000016371,900,0.5002777777781375,0.00027777777722803876,0.24972222222186247,29.98958333333337,
375,1035,2026-05-09 00:00:00,2026-06-08 00:00:00,7,2864,30,360,900.0000000016371,900,0.5002777777781375,0.00027777777722803876,0.24972222222186247,29.98958333333337,
376,1275,2026-05-10 00:00:00,2026-06-09 00:00:00,358,358,30,358,7199.999999998363,7200,4.996111111110167,1.184444444444125,1.815555555555875,29.875,
376,996,2026-05-10 00:00:00,2026-06-09 00:00:00,6,2866,30,360,900.0000000016371,900,0.5002777777781375,0.0,0.24972222222186247,29.989594907407422,
376,1012,2026-05-10 00:00:00,2026-06-09 00:00:00,11,2864,30,360,900.0000000016371,900,0.5002777777781375,0.0,0.24972222222186247,29.989594907407422,
376,1035,2026-05-10 00:00:00,2026-06-09 00:00:00,6,2865,30,360,900.0000000016371,900,0.5002777777781375,0.0,0.24972222222186247,29.989594907407422,
377,1275,2026-05-11 00:00:00,2026-06-10 00:00:00,358,358,30,358,7199.999999998363,7200,4.996111111110167,1.184444444444125,1.815555555555875,29.875,
377,996,2026-05-11 00:00:00,2026-06-10 00:00:00,6,2867,30,360,900.0000000016371,900,0.5002777777781375,0.0,0.25000000000045475,29.989583333333314,
377,1012,2026-05-11 00:00:00,2026-06-10 00:00:00,11,2864,30,360,900.0000000016371,900,0.5002777777781375,0.0,0.25000000000045475,29.989583333333314,
377,1035,2026-05-11 00:00:00,2026-06-10 00:00:00,6,2864,30,360,900.0000000016371,900,0.5002777777781375,0.0,0.25000000000045475,29.989583333333314,
378,1275,2026-05-12 00:00:00,2026-06-11 00:00:00,360,360,30,360,7199.999999998363,7200,2.0083333333341216,0.1844444444450346,1.815555555555875,29.91666666666663,
378,996,2026-05-12 00:00:00,2026-06-11 00:00:00,6,2866,30,360,900.0000000016371,900,0.5002777777781375,0.0,0.24972222222186247,29.989594907407422,
378,1012,2026-05-12 00:00:00,2026-06-11 00:00:00,12,2862,30,360,900.0000000016371,900,0.5002777777781375,0.0,0.24972222222186247,29.989594907407422,
378,1035,2026-05-12 00:00:00,2026-06-11 00:00:00,6,2862,30,360,900.0000000016371,900,0.5002777777781375,0.0,0.24972222222186247,29.989594907407422,
379,1275,2026-05-13 00:00:00,2026-06-12 00:00:00,360,360,30,360,7199.999999998363,7200,2.0083333333341216,0.1844444444450346,1.815555555555875,29.91666666666663,
379,996,2026-05-13 00:00:00,2026-06-12 00:00:00,6,2867,30,360,900.0000000016371,900,0.5002777777781375,0.00027777777722803876,0.25000000000045475,29.989571759259263,
379,1012,2026-05-13 00:00:00,2026-06-12 00:00:00,12,2862,30,360,900.0000000016371,900,0.5002777777781375,0.00027777777722803876,0.25000000000045475,29.989571759259263,
379,1035,2026-05-13 00:00:00,2026-06-12 00:00:00,7,2862,30,360,900.0000000016371,900,0.5002777777781375,0.00027777777722803876,0.25000000000045475,29.989571759259263,
380,1275,2026-05-14 00:00:00,2026-06-13 00:00:00,360,360,30,360,7199.999999998363,7200,2.0083333333341216,0.1844444444450346,1.815555555555875,29.91666666666663,
380,996,2026-05-14 00:00:00,2026-06-13 00:00:00,7,2868,30,360,900.0000000016371,900,0.5002777777781375,0.0,0.25000000000045475,29.989583333333314,
380,1012,2026-05-14 00:00:00,2026-06-13 00:00:00,11,2861,30,360,900.0000000016371,900,0.5002777777781375,0.0,0.25000000000045475,29.989583333333314,
380,1035,2026-05-14 00:00:00,2026-06-13 00:00:00,7,2863,30,360,900.0000000016371,900,0.5002777777781375,0.0,0.25000000000045475,29.989583333333314,
381,1275,2026-05-15 00:00:00,2026-06-14 00:00:00,360,360,30,360,7199.999999998363,7200,2.0083333333341216,0.1761111111104583,1.815555555555875,29.917013888888903,
381,996,2026-05-15 00:00:00,2026-06-14 00:00:00,7,2868,30,360,900.0000000016371,900,0.5002777777781375,0.00027777777722803876,0.24972222222186247,29.98958333333337,
381,1012,2026-05-15 00:00:00,2026-06-14 00:00:00,13,2861,30,360,900.0000000016371,900,0.5002777777781375,0.00027777777722803876,0.24972222222186247,29.98958333333337,
381,1035,2026-05-15 00:00:00,2026-06-14 00:00:00,7,2864,30,360,900.0000000016371,900,0.5002777777781375,0.00027777777722803876,0.24972222222186247,29.98958333333337,
382,1275,2026-05-16 00:00:00,2026-06-15 00:00:00,360,360,30,360,7199.999999998363,7200,2.0083333333341216,0.1844444444450346,1.815555555555875,29.91666666666663,
382,996,2026-05-16 00:00:00,2026-06-15 00:00:00,7,2867,30,360,900.0000000016371,900,0.5002777777781375,0.00027777777722803876,0.24972222222186247,29.98958333333337,
382,1012,2026-05-16 00:00:00,2026-06-15 00:00:00,13,2860,30,360,900.0000000016371,900,0.5002777777781375,0.00027777777722803876,0.24972222222186247,29.98958333333337,
382,1035,2026-05-16 00:00:00,2026-06-15 00:00:00,9,2865,30,360,900.0000000016371,900,0.5002777777781375,0.00027777777722803876,0.24972222222186247,29.98958333333337,
383,1275,2026-05-17 00:00:00,2026-06-16 00:00:00,360,360,30,360,7199.999999998363,7200,2.0083333333341216,0.1844444444450346,1.815555555555875,29.91666666666663,
383,996,2026-05-17 00:00:00,2026-06-16 00:00:00,8,2867,30,360,900.0000000016371,900,0.5002777777781375,0.00027777777722803876,0.24972222222186247,29.98958333333337,
383,1012,2026-05-17 00:00:00,2026-06-16 00:00:00,15,2859,30,360,900.0000000016371,900,0.5002777777781375,0.00027777777722803876,0.24972222222186247,29.98958333333337,
383,1035,2026-05-17 00:00:00,2026-06-16 00:00:00,10,2866,30,360,900.0000000016371,900,0.5002777777781375,0.00027777777722803876,0.24972222222186247,29.98958333333337,
384,1275,2026-05-18 00:00:00,2026-06-17 00:00:00,360,360,30,360,7199.999999998363,7200,2.0083333333341216,0.1844444444450346,1.815555555555875,29.91666666666663,
384,996,2026-05-18 00:00:00,2026-06-17 00:00:00,9,2868,30,360,900.0000000016371,900,0.5002777777781375,0.0,0.25000000000045475,29.989583333333314,
384,1012,2026-05-18 00:00:00,2026-06-17 00:00:00,16,2858,30,360,900.0000000016371,900,0.5002777777781375,0.0,0.25000000000045475,29.989583333333314,
384,1035,2026-05-18 00:00:00,2026-06-17 00:00:00,10,2866,30,360,900.0000000016371,900,0.5002777777781375,0.0,0.25000000000045475,29.989583333333314,
385,1275,2026-05-19 00:00:00,2026-06-18 00:00:00,360,360,30,360,7199.999999998363,7200,2.0083333333341216,0.1844444444450346,1.815555555555875,29.91666666666663,
385,996,2026-05-19 00:00:00,2026-06-18 00:00:00,10,2868,30,360,900.0000000016371,900,0.5002777777781375,0.0,0.25000000000045475,29.989583333333314,
385,1012,2026-05-19 00:00:00,2026-06-18 00:00:00,15,2859,30,360,900.0000000016371,900,0.5002777777781375,0.0,0.25000000000045475,29.989583333333314,
385,1035,2026-05-19 00:00:00,2026-06-18 00:00:00,10,2866,30,360,900.0000000016371,900,0.5002777777781375,0.0,0.25000000000045475,29.989583333333314,
386,1275,2026-05-20 00:00:00,2026-06-19 00:00:00,360,360,30,360,7199.999999998363,7200,2.0083333333341216,0.1761111111104583,1.815555555555875,29.917013888888903,
386,996,2026-05-20 00:00:00,2026-06-19 00:00:00,9,2867,30,360,900.0000000016371,900,0.5002777777781375,0.00027777777722803876,0.24972222222186247,29.98958333333337,
386,1012,2026-05-20 00:00:00,2026-06-19 00:00:00,14,2860,30,360,900.0000000016371,900,0.5002777777781375,0.00027777777722803876,0.24972222222186247,29.98958333333337,
386,1035,2026-05-20 00:00:00,2026-06-19 00:00:00,9,2866,30,360,900.0000000016371,900,0.5002777777781375,0.00027777777722803876,0.24972222222186247,29.98958333333337,
387,1275,2026-05-21 00:00:00,2026-06-20 00:00:00,360,360,30,360,7199.999999998363,7200,2.0083333333341216,0.1844444444450346,1.815555555555875,29.91666666666663,
387,996,2026-05-21 00:00:00,2026-06-20 00:00:00,9,2868,30,360,900.0000000016371,900,0.5002777777781375,0.0,0.25000000000045475,29.989583333333314,
387,1012,2026-05-21 00:00:00,2026-06-20 00:00:00,14,2861,30,360,900.0000000016371,900,0.5002777777781375,0.0,0.25000000000045475,29.989583333333314,
387,1035,2026-05-21 00:00:00,2026-06-20 00:00:00,9,2867,30,360,900.0000000016371,900,0.5002777777781375,0.0,0.25000000000045475,29.989583333333314,
388,1275,2026-05-22 00:00:00,2026-06-21 00:00:00,360,360,30,360,7199.999999998363,7200,2.0083333333341216,0.1844444444450346,1.815555555555875,29.91666666666663,
388,996,2026-05-22 00:00:00,2026-06-21 00:00:00,9,2868,30,360,900.0000000016371,900,0.5002777777781375,0.00027777777722803876,0.24972222222186247,29.98958333333337,
388,1012,2026-05-22 00:00:00,2026-06-21 00:00:00,14,2860,30,360,900.0000000016371,900,0.5002777777781375,0.00027777777722803876,0.24972222222186247,29.98958333333337,
388,1035,2026-05-22 00:00:00,2026-06-21 00:00:00,9,2867,30,360,900.0000000016371,900,0.5002777777781375,0.00027777777722803876,0.24972222222186247,29.98958333333337,
389,1275,2026-05-23 00:00:00,2026-06-22 00:00:00,360,360,30,360,7199.999999998363,7200,2.0083333333341216,0.1844444444450346,1.815555555555875,29.91666666666663,
389,996,2026-05-23 00:00:00,2026-06-22 00:00:00,8,2867,30,360,900.0000000016371,900,0.5002777777781375,0.00027777777722803876,0.24972222222186247,29.98958333333337,
389,1012,2026-05-23 00:00:00,2026-06-22 00:00:00,14,2859,30,360,900.0000000016371,900,0.5002777777781375,0.00027777777722803876,0.24972222222186247,29.98958333333337,
389,1035,2026-05-23 00:00:00,2026-06-22 00:00:00,9,2866,30,360,900.0000000016371,900,0.5002777777781375,0.00027777777722803876,0.24972222222186247,29.98958333333337,
390,1275,2026-05-24 00:00:00,2026-06-23 00:00:00,360,360,30,360,7199.999999998363,7200,2.0083333333341216,0.1844444444450346,1.815555555555875,29.91666666666663,
390,996,2026-05-24 00:00:00,2026-06-23 00:00:00,7,2868,30,360,900.0000000016371,900,0.5002777777781375,0.0,0.25000000000045475,29.989583333333314,
390,1012,2026-05-24 00:00:00,2026-06-23 00:00:00,14,2858,30,360,900.0000000016371,900,0.5002777777781375,0.0,0.25000000000045475,29.989583333333314,
390,1035,2026-05-24 00:00:00,2026-06-23 00:00:00,8,2866,30,360,900.0000000016371,900,0.5002777777781375,0.0,0.25000000000045475,29.989583333333314,
391,1275,2026-05-25 00:00:00,2026-06-24 00:00:00,360,360,30,360,7199.999999998363,7200,2.0083333333341216,0.1761111111104583,1.815555555555875,29.917013888888903,
391,996,2026-05-25 00:00:00,2026-06-24 00:00:00,9,2868,30,360,900.0000000016371,900,0.5002777777781375,0.00027777777722803876,0.25000000000045475,29.989571759259263,
391,1012,2026-05-25 00:00:00,2026-06-24 00:00:00,14,2858,30,360,900.0000000016371,900,0.5002777777781375,0.00027777777722803876,0.25000000000045475,29.989571759259263,
391,1035,2026-05-25 00:00:00,2026-06-24 00:00:00,8,2868,30,360,900.0000000016371,900,0.5002777777781375,0.00027777777722803876,0.25000000000045475,29.989571759259263,
392,1275,2026-05-26 00:00:00,2026-06-25 00:00:00,360,360,30,360,7199.999999998363,7200,2.0083333333341216,0.1844444444450346,1.815555555555875,29.91666666666663,
392,996,2026-05-26 00:00:00,2026-06-25 00:00:00,12,2867,30,360,900.0000000016371,900,0.5002777777781375,0.00027777777722803876,0.24972222222186247,29.98958333333337,
392,1012,2026-05-26 00:00:00,2026-06-25 00:00:00,14,2859,30,360,900.0000000016371,900,0.5002777777781375,0.00027777777722803876,0.24972222222186247,29.98958333333337,
392,1035,2026-05-26 00:00:00,2026-06-25 00:00:00,8,2868,30,360,900.0000000016371,900,0.5002777777781375,0.00027777777722803876,0.24972222222186247,29.98958333333337,
393,1275,2026-05-27 00:00:00,2026-06-26 00:00:00,360,360,30,360,7199.999999998363,7200,2.0083333333341216,0.1844444444450346,1.815555555555875,29.91666666666663,
393,996,2026-05-27 00:00:00,2026-06-26 00:00:00,12,2867,30,360,900.0000000016371,900,0.5002777777781375,0.0,0.24972222222186247,29.989594907407422,
393,1012,2026-05-27 00:00:00,2026-06-26 00:00:00,15,2860,30,360,900.0000000016371,900,0.5002777777781375,0.0,0.24972222222186247,29.989594907407422,
393,1035,2026-05-27 00:00:00,2026-06-26 00:00:00,9,2868,30,360,900.0000000016371,900,0.5002777777781375,0.0,0.24972222222186247,29.989594907407422,
394,1275,2026-05-28 00:00:00,2026-06-27 00:00:00,361,361,30,360,7199.999999998363,7200,2.0083333333341216,0.1844444444450346,0.8155555555554201,29.958333333333314,
394,996,2026-05-28 00:00:00,2026-06-27 00:00:00,12,2867,30,360,900.0000000016371,900,0.5002777777781375,0.0,0.25000000000045475,29.989583333333314,
394,1012,2026-05-28 00:00:00,2026-06-27 00:00:00,16,2858,30,360,900.0000000016371,900,0.5002777777781375,0.0,0.25000000000045475,29.989583333333314,
394,1035,2026-05-28 00:00:00,2026-06-27 00:00:00,9,2869,30,360,900.0000000016371,900,0.5002777777781375,0.0,0.25000000000045475,29.989583333333314,
395,1275,2026-05-29 00:00:00,2026-06-28 00:00:00,361,361,30,360,7199.999999998363,7200,2.0083333333341216,0.1844444444450346,0.8238888888886322,29.957986111111097,
395,996,2026-05-29 00:00:00,2026-06-28 00:00:00,13,2867,30,360,900.0000000016371,900,0.5002777777781375,0.0,0.24972222222186247,29.989594907407422,
395,1012,2026-05-29 00:00:00,2026-06-28 00:00:00,15,2858,30,360,900.0000000016371,900,0.5002777777781375,0.0,0.24972222222186247,29.989594907407422,
395,1035,2026-05-29 00:00:00,2026-06-28 00:00:00,11,2870,30,360,900.0000000016371,900,0.5002777777781375,0.0,0.24972222222186247,29.989594907407422,
396,1275,2026-05-30 00:00:00,2026-06-29 00:00:00,361,361,30,360,7199.999999998363,7200,2.0083333333341216,0.1761111111104583,0.8155555555554201,29.95868055555559,
396,996,2026-05-30 00:00:00,2026-06-29 00:00:00,13,2866,30,360,900.0000000016371,900,0.5002777777781375,0.0,0.25000000000045475,29.989583333333314,
396,1012,2026-05-30 00:00:00,2026-06-29 00:00:00,14,2857,30,360,900.0000000016371,900,0.5002777777781375,0.0,0.25000000000045475,29.989583333333314,
396,1035,2026-05-30 00:00:00,2026-06-29 00:00:00,10,2871,30,360,900.0000000016371,900,0.5002777777781375,0.0,0.25000000000045475,29.989583333333314,
397,1275,2026-05-31 00:00:00,2026-06-30 00:00:00,361,361,30,360,7199.999999998363,7200,2.0083333333341216,0.1844444444450346,0.8155555555554201,29.958333333333314,
397,996,2026-05-31 00:00:00,2026-06-30 00:00:00,14,2866,30,360,900.0000000016371,900,0.5002777777781375,0.0,0.24972222222186247,29.989594907407422,
397,1012,2026-05-31 00:00:00,2026-06-30 00:00:00,15,2858,30,360,900.0000000016371,900,0.5002777777781375,0.0,0.24972222222186247,29.989594907407422,
397,1035,2026-05-31 00:00:00,2026-06-30 00:00:00,10,2871,30,360,900.0000000016371,900,0.5002777777781375,0.0,0.24972222222186247,29.989594907407422,
398,1275,2026-06-01 00:00:00,2026-07-01 00:00:00,361,361,30,360,7199.999999998363,7200,2.0083333333341216,0.1844444444450346,0.8155555555554201,29.958333333333314,
398,996,2026-06-01 00:00:00,2026-07-01 00:00:00,14,2866,30,360,900.0000000016371,900,0.5002777777781375,0.0,0.24972222222186247,29.989594907407422,
398,1012,2026-06-01 00:00:00,2026-07-01 00:00:00,13,2857,30,360,900.0000000016371,900,0.5002777777781375,0.0,0.24972222222186247,29.989594907407422,
398,1035,2026-06-01 00:00:00,2026-07-01 00:00:00,9,2870,30,360,900.0000000016371,900,0.5002777777781375,0.0,0.24972222222186247,29.989594907407422,
399,1275,2026-06-02 00:00:00,2026-07-02 00:00:00,361,361,30,360,7199.999999998363,7200,2.0083333333341216,0.1844444444450346,0.8155555555554201,29.958333333333314,
399,996,2026-06-02 00:00:00,2026-07-02 00:00:00,14,2865,30,360,900.0000000016371,900,0.5002777777781375,0.00027777777722803876,0.24972222222186247,29.98958333333337,
399,1012,2026-06-02 00:00:00,2026-07-02 00:00:00,14,2859,30,360,900.0000000016371,900,0.5002777777781375,0.00027777777722803876,0.24972222222186247,29.98958333333337,
399,1035,2026-06-02 00:00:00,2026-07-02 00:00:00,10,2870,30,360,900.0000000016371,900,0.5002777777781375,0.00027777777722803876,0.24972222222186247,29.98958333333337,
400,1275,2026-06-03 00:00:00,2026-07-03 00:00:00,361,361,30,360,7199.999999998363,7200,2.0083333333341216,0.1844444444450346,0.8238888888886322,29.957986111111097,
400,996,2026-06-03 00:00:00,2026-07-03 00:00:00,14,2866,30,360,900.0000000016371,900,0.5002777777781375,0.00027777777722803876,0.24972222222186247,29.98958333333337,
400,1012,2026-06-03 00:00:00,2026-07-03 00:00:00,14,2860,30,360,900.0000000016371,900,0.5002777777781375,0.00027777777722803876,0.24972222222186247,29.98958333333337,
400,1035,2026-06-03 00:00:00,2026-07-03 00:00:00,9,2870,30,360,900.0000000016371,900,0.5002777777781375,0.00027777777722803876,0.24972222222186247,29.98958333333337,
401,1275,2026-06-04 00:00:00,2026-07-04 00:00:00,361,361,30,360,7199.999999998363,7200,2.0083333333341216,0.1761111111104583,0.8155555555554201,29.95868055555559,
401,996,2026-06-04 00:00:00,2026-07-04 00:00:00,14,2868,30,360,900.0000000016371,900,0.5002777777781375,0.0,0.25000000000045475,29.989583333333314,
401,1012,2026-06-04 00:00:00,2026-07-04 00:00:00,14,2860,30,360,900.0000000016371,900,0.5002777777781375,0.0,0.25000000000045475,29.989583333333314,
401,1035,2026-06-04 00:00:00,2026-07-04 00:00:00,9,2872,30,360,900.0000000016371,900,0.5002777777781375,0.0,0.25000000000045475,29.989583333333314,
402,1275,2026-06-05 00:00:00,2026-07-05 00:00:00,361,361,30,360,7199.999999998363,7200,2.0083333333341216,0.1844444444450346,0.8155555555554201,29.958333333333314,
402,996,2026-06-05 00:00:00,2026-07-05 00:00:00,16,2868,30,360,900.0000000016371,900,0.5002777777781375,0.00027777777722803876,0.25000000000045475,29.989571759259263,
402,1012,2026-06-05 00:00:00,2026-07-05 00:00:00,14,2861,30,360,900.0000000016371,900,0.5002777777781375,0.00027777777722803876,0.25000000000045475,29.989571759259263,
402,1035,2026-06-05 00:00:00,2026-07-05 00:00:00,9,2873,30,360,900.0000000016371,900,0.5002777777781375,0.00027777777722803876,0.25000000000045475,29.989571759259263,
403,1275,2026-06-06 00:00:00,2026-07-06 00:00:00,361,361,30,360,7199.999999998363,7200,2.0083333333341216,0.1844444444450346,0.8155555555554201,29.958333333333314,
403,996,2026-06-06 00:00:00,2026-07-06 00:00:00,16,2865,30,360,900.0000000016371,900,0.5002777777781375,0.0,0.25000000000045475,29.989583333333314,
403,1012,2026-06-06 00:00:00,2026-07-06 00:00:00,14,2862,30,360,900.0000000016371,900,0.5002777777781375,0.0,0.25000000000045475,29.989583333333314,
403,1035,2026-06-06 00:00:00,2026-07-06 00:00:00,10,2873,30,360,900.0000000016371,900,0.5002777777781375,0.0,0.25000000000045475,29.989583333333314,
404,1275,2026-06-07 00:00:00,2026-07-07 00:00:00,361,361,30,360,7199.999999998363,7200,2.0083333333341216,0.1844444444450346,0.8155555555554201,29.958333333333314,
404,996,2026-06-07 00:00:00,2026-07-07 00:00:00,17,2866,30,360,900.0000000016371,900,0.5002777777781375,0.00027777777722803876,0.24972222222186247,29.98958333333337,
404,1012,2026-06-07 00:00:00,2026-07-07 00:00:00,13,2862,30,360,900.0000000016371,900,0.5002777777781375,0.00027777777722803876,0.24972222222186247,29.98958333333337,
404,1035,2026-06-07 00:00:00,2026-07-07 00:00:00,10,2873,30,360,900.0000000016371,900,0.5002777777781375,0.00027777777722803876,0.24972222222186247,29.98958333333337,
405,1275,2026-06-08 00:00:00,2026-07-08 00:00:00,361,361,30,360,7199.999999998363,7200,2.0083333333341216,0.1844444444450346,0.8238888888886322,29.957986111111097,
405,996,2026-06-08 00:00:00,2026-07-08 00:00:00,16,2866,30,360,900.0000000016371,900,0.5002777777781375,0.00027777777722803876,0.24972222222186247,29.98958333333337,
405,1012,2026-06-08 00:00:00,2026-07-08 00:00:00,12,2862,30,360,900.0000000016371,900,0.5002777777781375,0.00027777777722803876,0.24972222222186247,29.98958333333337,
405,1035,2026-06-08 00:00:00,2026-07-08 00:00:00,11,2872,30,360,900.0000000016371,900,0.5002777777781375,0.00027777777722803876,0.24972222222186247,29.98958333333337,
406,1275,2026-06-09 00:00:00,2026-07-09 00:00:00,361,361,30,360,7199.999999998363,7200,2.0083333333341216,0.1761111111104583,0.8155555555554201,29.95868055555559,
406,996,2026-06-09 00:00:00,2026-07-09 00:00:00,16,2867,30,360,900.0000000016371,900,0.5002777777781375,0.00027777777722803876,0.24972222222186247,29.98958333333337,
406,1012,2026-06-09 00:00:00,2026-07-09 00:00:00,12,2862,30,360,900.0000000016371,900,0.5002777777781375,0.00027777777722803876,0.24972222222186247,29.98958333333337,
406,1035,2026-06-09 00:00:00,2026-07-09 00:00:00,11,2872,30,360,900.0000000016371,900,0.5002777777781375,0.00027777777722803876,0.24972222222186247,29.98958333333337,
407,1275,2026-06-10 00:00:00,2026-07-10 00:00:00,361,361,30,360,7199.999999998363,7200,2.0083333333341216,0.1844444444450346,0.8155555555554201,29.958333333333314,
407,996,2026-06-10 00:00:00,2026-07-10 00:00:00,16,2867,30,360,900.0000000016371,900,0.5002777777781375,0.0,0.24972222222186247,29.989594907407422,
407,1012,2026-06-10 00:00:00,2026-07-10 00:00:00,12,2862,30,360,900.0000000016371,900,0.5002777777781375,0.0,0.24972222222186247,29.989594907407422,
407,1035,2026-06-10 00:00:00,2026-07-10 00:00:00,13,2872,30,360,900.0000000016371,900,0.5002777777781375,0.0,0.24972222222186247,29.989594907407422,
408,1275,2026-06-11 00:00:00,2026-07-11 00:00:00,361,361,30,360,7199.999999998363,7200,2.0083333333341216,0.1844444444450346,0.8155555555554201,29.958333333333314,
408,996,2026-06-11 00:00:00,2026-07-11 00:00:00,16,2868,30,360,900.0000000016371,900,0.5002777777781375,0.00027777777722803876,0.25000000000045475,29.989571759259263,
408,1012,2026-06-11 00:00:00,2026-07-11 00:00:00,11,2863,30,360,900.0000000016371,900,0.5002777777781375,0.00027777777722803876,0.25000000000045475,29.989571759259263,
408,1035,2026-06-11 00:00:00,2026-07-11 00:00:00,14,2874,30,360,900.0000000016371,900,0.5002777777781375,0.00027777777722803876,0.25000000000045475,29.989571759259263,
409,1275,2026-06-12 00:00:00,2026-07-12 00:00:00,361,361,30,360,7199.999999998363,7200,2.0083333333341216,0.1844444444450346,0.8155555555554201,29.958333333333314,
409,996,2026-06-12 00:00:00,2026-07-12 00:00:00,16,2867,30,360,900.0000000016371,900,0.5002777777781375,0.0,0.24972222222186247,29.989594907407422,
409,1012,2026-06-12 00:00:00,2026-07-12 00:00:00,11,2863,30,360,900.0000000016371,900,0.5002777777781375,0.0,0.24972222222186247,29.989594907407422,
409,1035,2026-06-12 00:00:00,2026-07-12 00:00:00,14,2874,30,360,900.0000000016371,900,0.5002777777781375,0.0,0.24972222222186247,29.989594907407422,
410,1275,2026-06-13 00:00:00,2026-07-13 00:00:00,361,361,30,360,7199.999999998363,7200,2.0083333333341216,0.1844444444450346,0.8238888888886322,29.957986111111097,
410,996,2026-06-13 00:00:00,2026-07-13 00:00:00,15,2867,30,360,900.0000000016371,900,0.5002777777781375,0.0005555555558203196,0.25000000000045475,29.989560185185155,
410,1012,2026-06-13 00:00:00,2026-07-13 00:00:00,14,2864,30,360,900.0000000016371,900,0.5002777777781375,0.0005555555558203196,0.25000000000045475,29.989560185185155,
410,1035,2026-06-13 00:00:00,2026-07-13 00:00:00,14,2873,30,360,900.0000000016371,900,0.5002777777781375,0.0005555555558203196,0.25000000000045475,29.989560185185155,
411,1275,2026-06-14 00:00:00,2026-07-14 00:00:00,361,361,30,360,7199.999999998363,7200,2.0083333333341216,0.1761111111104583,0.8155555555554201,29.95868055555559,
411,996,2026-06-14 00:00:00,2026-07-14 00:00:00,16,2866,30,360,900.0000000016371,900,0.5002777777781375,0.0005555555558203196,0.25000000000045475,29.989560185185155,
411,1012,2026-06-14 00:00:00,2026-07-14 00:00:00,13,2864,30,360,900.0000000016371,900,0.5002777777781375,0.0005555555558203196,0.25000000000045475,29.989560185185155,
411,1035,2026-06-14 00:00:00,2026-07-14 00:00:00,14,2873,30,360,900.0000000016371,900,0.5002777777781375,0.0005555555558203196,0.25000000000045475,29.989560185185155,
412,1275,2026-06-15 00:00:00,2026-07-15 00:00:00,361,361,30,360,7199.999999998363,7200,2.0083333333341216,0.1844444444450346,0.8155555555554201,29.958333333333314,
412,996,2026-06-15 00:00:00,2026-07-15 00:00:00,16,2867,30,360,900.0000000016371,900,0.5000000000009095,0.00027777777722803876,0.24972222222186247,29.98958333333337,
412,1012,2026-06-15 00:00:00,2026-07-15 00:00:00,13,2866,30,360,900.0000000016371,900,0.5002777777781375,0.00027777777722803876,0.24972222222186247,29.98958333333337,
412,1035,2026-06-15 00:00:00,2026-07-15 00:00:00,12,2870,30,360,900.0000000016371,900,0.5002777777781375,0.00027777777722803876,0.24972222222186247,29.98958333333337,
413,1275,2026-06-16 00:00:00,2026-07-16 00:00:00,361,361,30,360,7199.999999998363,7200,2.0083333333341216,0.1844444444450346,0.8155555555554201,29.958333333333314,
413,996,2026-06-16 00:00:00,2026-07-16 00:00:00,15,2867,30,360,900.0000000016371,900,0.5002777777767733,0.00027777777722803876,0.24972222222186247,29.98958333333337,
413,1012,2026-06-16 00:00:00,2026-07-16 00:00:00,12,2866,30,360,900.0000000016371,900,0.5002777777781375,0.00027777777722803876,0.24972222222186247,29.98958333333337,
413,1035,2026-06-16 00:00:00,2026-07-16 00:00:00,13,2868,30,360,900.0000000016371,900,0.5002777777781375,0.00027777777722803876,0.24972222222186247,29.98958333333337,
414,1275,2026-06-17 00:00:00,2026-07-17 00:00:00,361,361,30,360,7199.999999998363,7200,2.0083333333341216,0.1844444444450346,0.8155555555554201,29.958333333333314,
414,996,2026-06-17 00:00:00,2026-07-17 00:00:00,14,2868,30,360,900.0000000016371,900,0.5002777777767733,0.00027777777722803876,0.25000000000045475,29.989571759259263,
414,1012,2026-06-17 00:00:00,2026-07-17 00:00:00,11,2866,30,360,900.0000000016371,900,0.5002777777781375,0.00027777777722803876,0.25000000000045475,29.989571759259263,
414,1035,2026-06-17 00:00:00,2026-07-17 00:00:00,13,2865,30,360,900.0000000016371,900,0.5002777777781375,0.00027777777722803876,0.25000000000045475,29.989571759259263,
415,1275,2026-06-18 00:00:00,2026-07-18 00:00:00,361,361,30,360,7199.999999998363,7200,2.0083333333341216,0.1844444444450346,0.8238888888886322,29.957986111111097,
415,996,2026-06-18 00:00:00,2026-07-18 00:00:00,13,2868,30,360,900.0000000016371,900,0.5002777777767733,0.0,0.25000000000045475,29.989583333333314,
415,1012,2026-06-18 00:00:00,2026-07-18 00:00:00,11,2865,30,360,900.0000000016371,900,0.5002777777781375,0.0,0.25000000000045475,29.989583333333314,
415,1035,2026-06-18 00:00:00,2026-07-18 00:00:00,13,2864,30,360,900.0000000016371,900,0.5002777777781375,0.0,0.25000000000045475,29.989583333333314,
416,1275,2026-06-19 00:00:00,2026-07-19 00:00:00,361,361,30,360,7199.999999998363,7200,2.0083333333341216,0.1761111111104583,0.8155555555554201,29.95868055555559,
416,996,2026-06-19 00:00:00,2026-07-19 00:00:00,13,2869,30,360,900.0000000016371,900,0.5002777777767733,0.0,0.25000000000045475,29.989583333333314,
416,1012,2026-06-19 00:00:00,2026-07-19 00:00:00,11,2865,30,360,900.0000000016371,900,0.5002777777781375,0.0,0.25000000000045475,29.989583333333314,
416,1035,2026-06-19 00:00:00,2026-07-19 00:00:00,14,2864,30,360,900.0000000016371,900,0.5002777777781375,0.0,0.25000000000045475,29.989583333333314,
417,1275,2026-06-20 00:00:00,2026-07-20 00:00:00,361,361,30,360,7199.999999998363,7200,2.0083333333341216,0.1844444444450346,0.8155555555554201,29.958333333333314,
417,996,2026-06-20 00:00:00,2026-07-20 00:00:00,14,2869,30,360,900.0000000016371,900,0.5002777777767733,0.0,0.25000000000045475,29.989583333333314,
417,1012,2026-06-20 00:00:00,2026-07-20 00:00:00,12,2864,30,360,900.0000000016371,900,0.5002777777781375,0.0,0.25000000000045475,29.989583333333314,
417,1035,2026-06-20 00:00:00,2026-07-20 00:00:00,16,2864,30,360,900.0000000016371,900,0.5002777777781375,0.0,0.25000000000045475,29.989583333333314,
418,1275,2026-06-21 00:00:00,2026-07-21 00:00:00,361,361,30,360,7199.999999998363,7200,2.0083333333341216,0.1844444444450346,0.8155555555554201,29.958333333333314,
418,996,2026-06-21 00:00:00,2026-07-21 00:00:00,15,2869,30,360,900.0000000016371,900,0.5002777777767733,0.0,0.25000000000045475,29.989583333333314,
418,1012,2026-06-21 00:00:00,2026-07-21 00:00:00,14,2864,30,360,900.0000000016371,900,0.5002777777781375,0.0,0.25000000000045475,29.989583333333314,
418,1035,2026-06-21 00:00:00,2026-07-21 00:00:00,16,2865,30,360,900.0000000016371,900,0.5002777777781375,0.0,0.25000000000045475,29.989583333333314,
419,1275,2026-06-22 00:00:00,2026-07-22 00:00:00,361,361,30,360,7199.999999998363,7200,2.0083333333341216,0.1844444444450346,0.8155555555554201,29.958333333333314,
419,996,2026-06-22 00:00:00,2026-07-22 00:00:00,15,2868,30,360,900.0000000016371,900,0.5002777777767733,0.00027777777722803876,0.25000000000045475,29.989571759259263,
419,1012,2026-06-22 00:00:00,2026-07-22 00:00:00,14,2865,30,360,900.0000000016371,900,0.5002777777781375,0.00027777777722803876,0.25000000000045475,29.989571759259263,
419,1035,2026-06-22 00:00:00,2026-07-22 00:00:00,16,2866,30,360,900.0000000016371,900,0.5002777777781375,0.00027777777722803876,0.25000000000045475,29.989571759259263,
420,1275,2026-06-23 00:00:00,2026-07-23 00:00:00,361,361,30,360,7199.999999998363,7200,2.0083333333341216,0.1844444444450346,0.8238888888886322,29.957986111111097,
420,996,2026-06-23 00:00:00,2026-07-23 00:00:00,15,2867,30,360,900.0000000016371,900,0.5002777777767733,0.0,0.24972222222186247,29.989594907407422,
420,1012,2026-06-23 00:00:00,2026-07-23 00:00:00,15,2864,30,360,900.0000000016371,900,0.5002777777781375,0.0,0.24972222222186247,29.989594907407422,
420,1035,2026-06-23 00:00:00,2026-07-23 00:00:00,16,2864,30,360,900.0000000016371,900,0.5002777777781375,0.0,0.24972222222186247,29.989594907407422,
421,1275,2026-06-24 00:00:00,2026-07-24 00:00:00,361,361,30,360,7199.999999998363,7200,2.0083333333341216,0.1761111111104583,0.8155555555554201,29.95868055555559,
421,996,2026-06-24 00:00:00,2026-07-24 00:00:00,14,2867,30,360,900.0000000016371,900,0.5002777777767733,0.0,0.24972222222186247,29.989594907407422,
421,1012,2026-06-24 00:00:00,2026-07-24 00:00:00,16,2864,30,360,900.0000000016371,900,0.5002777777781375,0.0,0.24972222222186247,29.989594907407422,
421,1035,2026-06-24 00:00:00,2026-07-24 00:00:00,17,2864,30,360,900.0000000016371,900,0.5002777777781375,0.0,0.24972222222186247,29.989594907407422,
422,1275,2026-06-25 00:00:00,2026-07-25 00:00:00,361,361,30,360,7199.999999998363,7200,2.0083333333341216,0.1844444444450346,0.8155555555554201,29.958333333333314,
422,996,2026-06-25 00:00:00,2026-07-25 00:00:00,11,2868,30,360,900.0000000016371,900,0.5002777777767733,0.0,0.25000000000045475,29.989583333333314,
422,1012,2026-06-25 00:00:00,2026-07-25 00:00:00,16,2864,30,360,900.0000000016371,900,0.5002777777781375,0.0,0.25000000000045475,29.989583333333314,
422,1035,2026-06-25 00:00:00,2026-07-25 00:00:00,17,2864,30,360,900.0000000016371,900,0.5002777777781375,0.0,0.25000000000045475,29.989583333333314,
423,1275,2026-06-26 00:00:00,2026-07-26 00:00:00,361,361,30,360,7199.999999998363,7200,2.0083333333341216,0.1844444444450346,0.8155555555554201,29.958333333333314,
423,996,2026-06-26 00:00:00,2026-07-26 00:00:00,11,2868,30,360,900.0000000016371,900,0.5002777777767733,0.00027777777722803876,0.24972222222186247,29.98958333333337,
423,1012,2026-06-26 00:00:00,2026-07-26 00:00:00,15,2863,30,360,900.0000000016371,900,0.5002777777781375,0.00027777777722803876,0.24972222222186247,29.98958333333337,
423,1035,2026-06-26 00:00:00,2026-07-26 00:00:00,15,2864,30,360,900.0000000016371,900,0.5002777777781375,0.00027777777722803876,0.24972222222186247,29.98958333333337,
424,1275,2026-06-27 00:00:00,2026-07-27 00:00:00,360,360,30,360,7199.999999998363,7200,2.0083333333341216,1.184444444444125,0.8155555555554201,29.916666666666686,
424,996,2026-06-27 00:00:00,2026-07-27 00:00:00,11,2868,30,360,900.0000000016371,900,0.5002777777767733,0.00027777777722803876,0.25000000000045475,29.989571759259263,
424,1012,2026-06-27 00:00:00,2026-07-27 00:00:00,14,2865,30,360,900.0000000016371,900,0.5002777777781375,0.00027777777722803876,0.25000000000045475,29.989571759259263,
424,1035,2026-06-27 00:00:00,2026-07-27 00:00:00,15,2865,30,360,900.0000000016371,900,0.5002777777781375,0.00027777777722803876,0.25000000000045475,29.989571759259263,
425,1275,2026-06-28 00:00:00,2026-07-28 00:00:00,360,360,30,360,7199.999999998363,7200,2.0083333333341216,1.184444444444125,0.8238888888886322,29.91631944444447,
425,996,2026-06-28 00:00:00,2026-07-28 00:00:00,11,2867,30,360,900.0000000016371,900,0.5002777777767733,0.0,0.24972222222186247,29.989594907407422,
425,1012,2026-06-28 00:00:00,2026-07-28 00:00:00,14,2865,30,360,900.0000000016371,900,0.5002777777781375,0.0,0.24972222222186247,29.989594907407422,
425,1035,2026-06-28 00:00:00,2026-07-28 00:00:00,13,2864,30,360,900.0000000016371,900,0.5002777777781375,0.0,0.24972222222186247,29.989594907407422,
426,1275,2026-06-29 00:00:00,2026-07-29 00:00:00,360,360,30,360,7199.999999998363,7200,2.0083333333341216,1.184444444444125,0.8155555555554201,29.916666666666686,
426,996,2026-06-29 00:00:00,2026-07-29 00:00:00,11,2867,30,360,900.0000000016371,900,0.5002777777767733,0.0,0.25000000000045475,29.989583333333314,
426,1012,2026-06-29 00:00:00,2026-07-29 00:00:00,14,2866,30,360,900.0000000016371,900,0.5002777777781375,0.0,0.25000000000045475,29.989583333333314,
426,1035,2026-06-29 00:00:00,2026-07-29 00:00:00,13,2863,30,360,900.0000000016371,900,0.5002777777781375,0.0,0.25000000000045475,29.989583333333314,
427,1275,2026-06-30 00:00:00,2026-07-30 00:00:00,360,360,30,360,7199.999999998363,7200,2.0083333333341216,1.184444444444125,0.8155555555554201,29.916666666666686,
427,996,2026-06-30 00:00:00,2026-07-30 00:00:00,10,2866,30,360,900.0000000016371,900,0.5002777777767733,0.0,0.24972222222186247,29.989594907407422,
427,1012,2026-06-30 00:00:00,2026-07-30 00:00:00,13,2866,30,360,900.0000000016371,900,0.5002777777781375,0.0,0.24972222222186247,29.989594907407422,
427,1035,2026-06-30 00:00:00,2026-07-30 00:00:00,13,2863,30,360,900.0000000016371,900,0.5002777777781375,0.0,0.24972222222186247,29.989594907407422,
428,1275,2026-07-01 00:00:00,2026-07-31 00:00:00,360,360,30,360,7199.999999998363,7200,2.0083333333341216,1.184444444444125,0.8155555555554201,29.916666666666686,
428,996,2026-07-01 00:00:00,2026-07-31 00:00:00,10,2866,30,360,900.0000000016371,900,0.5002777777767733,0.00027777777722803876,0.24972222222186247,29.98958333333337,
428,1012,2026-07-01 00:00:00,2026-07-31 00:00:00,13,2867,30,360,900.0000000016371,900,0.5002777777781375,0.00027777777722803876,0.24972222222186247,29.98958333333337,
428,1035,2026-07-01 00:00:00,2026-07-31 00:00:00,13,2864,30,360,900.0000000016371,900,0.5002777777781375,0.00027777777722803876,0.24972222222186247,29.98958333333337,
429,1275,2026-07-02 00:00:00,2026-08-01 00:00:00,360,360,30,360,7199.999999998363,7200,2.0083333333341216,1.184444444444125,0.8155555555554201,29.916666666666686,
429,996,2026-07-02 00:00:00,2026-08-01 00:00:00,10,2867,30,360,900.0000000016371,900,0.5002777777767733,0.00027777777722803876,0.24972222222186247,29.98958333333337,
429,1012,2026-07-02 00:00:00,2026-08-01 00:00:00,12,2866,30,360,900.0000000016371,900,0.5002777777781375,0.00027777777722803876,0.24972222222186247,29.98958333333337,
429,1035,2026-07-02 00:00:00,2026-08-01 00:00:00,12,2864,30,360,900.0000000016371,900,0.5002777777781375,0.00027777777722803876,0.24972222222186247,29.98958333333337,
430,1275,2026-07-03 00:00:00,2026-08-02 00:00:00,360,360,30,360,7199.999999998363,7200,2.0083333333341216,1.184444444444125,0.8238888888886322,29.91631944444447,
430,996,2026-07-03 00:00:00,2026-08-02 00:00:00,10,2867,30,360,900.0000000016371,900,0.5002777777767733,0.00027777777722803876,0.25000000000045475,29.989571759259263,
430,1012,2026-07-03 00:00:00,2026-08-02 00:00:00,13,2865,30,360,900.0000000016371,900,0.5002777777781375,0.00027777777722803876,0.25000000000045475,29.989571759259263,
430,1035,2026-07-03 00:00:00,2026-08-02 00:00:00,15,2864,30,360,900.0000000016371,900,0.5002777777781375,0.00027777777722803876,0.25000000000045475,29.989571759259263,
431,1275,2026-07-04 00:00:00,2026-08-03 00:00:00,360,360,30,360,7199.999999998363,7200,2.0083333333341216,1.184444444444125,0.8155555555554201,29.916666666666686,
431,996,2026-07-04 00:00:00,2026-08-03 00:00:00,10,2867,30,360,900.0000000016371,900,0.5002777777767733,0.0,0.24972222222186247,29.989594907407422,
431,1012,2026-07-04 00:00:00,2026-08-03 00:00:00,13,2865,30,360,900.0000000016371,900,0.5002777777781375,0.0,0.24972222222186247,29.989594907407422,
431,1035,2026-07-04 00:00:00,2026-08-03 00:00:00,15,2863,30,360,900.0000000016371,900,0.5002777777781375,0.0,0.24972222222186247,29.989594907407422,
432,1275,2026-07-05 00:00:00,2026-08-04 00:00:00,360,360,30,360,7199.999999998363,7200,2.0083333333341216,1.184444444444125,0.8155555555554201,29.916666666666686,
432,996,2026-07-05 00:00:00,2026-08-04 00:00:00,9,2866,30,360,900.0000000016371,900,0.5002777777767733,0.0,0.24972222222186247,29.989594907407422,
432,1012,2026-07-05 00:00:00,2026-08-04 00:00:00,13,2864,30,360,900.0000000016371,900,0.5002777777781375,0.0,0.24972222222186247,29.989594907407422,
432,1035,2026-07-05 00:00:00,2026-08-04 00:00:00,15,2862,30,360,900.0000000016371,900,0.5002777777781375,0.0,0.24972222222186247,29.989594907407422,
433,1275,2026-07-06 00:00:00,2026-08-05 00:00:00,360,360,30,360,7199.999999998363,7200,2.0083333333341216,1.184444444444125,0.8155555555554201,29.916666666666686,
433,996,2026-07-06 00:00:00,2026-08-05 00:00:00,9,2869,30,360,900.0000000016371,900,0.5002777777767733,0.00027777777722803876,0.24972222222186247,29.98958333333337,
433,1012,2026-07-06 00:00:00,2026-08-05 00:00:00,14,2863,30,360,900.0000000016371,900,0.5002777777781375,0.00027777777722803876,0.24972222222186247,29.98958333333337,
433,1035,2026-07-06 00:00:00,2026-08-05 00:00:00,14,2861,30,360,900.0000000016371,900,0.5002777777781375,0.00027777777722803876,0.24972222222186247,29.98958333333337,
434,1275,2026-07-07 00:00:00,2026-08-06 00:00:00,360,360,30,360,7199.999999998363,7200,2.0083333333341216,1.184444444444125,0.8155555555554201,29.916666666666686,
434,996,2026-07-07 00:00:00,2026-08-06 00:00:00,9,2869,30,360,900.0000000016371,900,0.5002777777767733,0.0,0.24972222222186247,29.989594907407422,
434,1012,2026-07-07 00:00:00,2026-08-06 00:00:00,15,2863,30,360,900.0000000016371,900,0.5002777777781375,0.0,0.24972222222186247,29.989594907407422,
434,1035,2026-07-07 00:00:00,2026-08-06 00:00:00,14,2860,30,360,900.0000000016371,900,0.5002777777781375,0.0,0.24972222222186247,29.989594907407422,
435,1275,2026-07-08 00:00:00,2026-08-07 00:00:00,360,360,30,360,7199.999999998363,7200,2.0083333333341216,1.184444444444125,0.8238888888886322,29.91631944444447,
435,996,2026-07-08 00:00:00,2026-08-07 00:00:00,9,2869,30,360,900.0000000016371,900,0.5002777777767733,0.0,0.25000000000045475,29.989583333333314,
435,1012,2026-07-08 00:00:00,2026-08-07 00:00:00,15,2863,30,360,900.0000000016371,900,0.5002777777781375,0.0,0.25000000000045475,29.989583333333314,
435,1035,2026-07-08 00:00:00,2026-08-07 00:00:00,13,2861,30,360,900.0000000016371,900,0.5002777777781375,0.0,0.25000000000045475,29.989583333333314,
436,1275,2026-07-09 00:00:00,2026-08-08 00:00:00,360,360,30,360,7199.999999998363,7200,2.0083333333341216,1.184444444444125,0.8155555555554201,29.916666666666686,
436,996,2026-07-09 00:00:00,2026-08-08 00:00:00,7,2869,30,360,900.0000000016371,900,0.5002777777767733,0.00027777777722803876,0.24972222222186247,29.98958333333337,
436,1012,2026-07-09 00:00:00,2026-08-08 00:00:00,16,2861,30,360,900.0000000016371,900,0.5002777777781375,0.00027777777722803876,0.24972222222186247,29.98958333333337,
436,1035,2026-07-09 00:00:00,2026-08-08 00:00:00,13,2861,30,360,900.0000000016371,900,0.5002777777781375,0.00027777777722803876,0.24972222222186247,29.98958333333337,
437,1275,2026-07-10 00:00:00,2026-08-09 00:00:00,360,360,30,360,7199.999999998363,7200,2.0083333333341216,1.184444444444125,0.8155555555554201,29.916666666666686,
437,996,2026-07-10 00:00:00,2026-08-09 00:00:00,7,2866,30,360,900.0000000016371,900,0.5002777777781375,0.0,0.25000000000045475,29.989583333333314,
437,1012,2026-07-10 00:00:00,2026-08-09 00:00:00,16,2860,30,360,900.0000000016371,900,0.5002777777781375,0.0,0.25000000000045475,29.989583333333314,
437,1035,2026-07-10 00:00:00,2026-08-09 00:00:00,12,2862,30,360,900.0000000016371,900,0.5002777777781375,0.0,0.25000000000045475,29.989583333333314,
438,1275,2026-07-11 00:00:00,2026-08-10 00:00:00,360,360,30,360,7199.999999998363,7200,2.0083333333341216,1.184444444444125,0.8155555555554201,29.916666666666686,
438,996,2026-07-11 00:00:00,2026-08-10 00:00:00,7,2866,30,360,900.0000000016371,900,0.5002777777781375,0.0,0.25000000000045475,29.989583333333314,
438,1012,2026-07-11 00:00:00,2026-08-10 00:00:00,16,2861,30,360,900.0000000016371,900,0.5002777777781375,0.0,0.25000000000045475,29.989583333333314,
438,1035,2026-07-11 00:00:00,2026-08-10 00:00:00,12,2862,30,360,900.0000000016371,900,0.5002777777781375,0.0,0.25000000000045475,29.989583333333314,
439,1275,2026-07-12 00:00:00,2026-08-11 00:00:00,360,360,30,360,7199.999999998363,7200,2.0083333333341216,1.184444444444125,0.8155555555554201,29.916666666666686,
439,996,2026-07-12 00:00:00,2026-08-11 00:00:00,7,2867,30,360,900.0000000016371,900,0.5002777777781375,0.00027777777722803876,0.25000000000045475,29.989571759259263,
439,1012,2026-07-12 00:00:00,2026-08-11 00:00:00,16,2861,30,360,900.0000000016371,900,0.5002777777781375,0.00027777777722803876,0.25000000000045475,29.989571759259263,
439,1035,2026-07-12 00:00:00,2026-08-11 00:00:00,11,2862,30,360,900.0000000016371,900,0.5002777777781375,0.00027777777722803876,0.25000000000045475,29.989571759259263,
440,1275,2026-07-13 00:00:00,2026-08-12 00:00:00,360,360,30,360,7199.999999998363,7200,2.0083333333341216,1.184444444444125,0.8238888888886322,29.91631944444447,
440,996,2026-07-13 00:00:00,2026-08-12 00:00:00,7,2867,30,360,900.0000000016371,900,0.5002777777781375,0.00027777777722803876,0.25000000000045475,29.989571759259263,
440,1012,2026-07-13 00:00:00,2026-08-12 00:00:00,13,2862,30,360,900.0000000016371,900,0.5002777777781375,0.00027777777722803876,0.25000000000045475,29.989571759259263,
440,1035,2026-07-13 00:00:00,2026-08-12 00:00:00,11,2863,30,360,900.0000000016371,900,0.5002777777781375,0.00027777777722803876,0.25000000000045475,29.989571759259263,
441,1275,2026-07-14 00:00:00,2026-08-13 00:00:00,360,360,30,360,7199.999999998363,7200,2.0083333333341216,1.184444444444125,0.8155555555554201,29.916666666666686,
441,996,2026-07-14 00:00:00,2026-08-13 00:00:00,6,2867,30,360,900.0000000016371,900,0.5002777777781375,0.0,0.24972222222186247,29.989594907407422,
441,1012,2026-07-14 00:00:00,2026-08-13 00:00:00,12,2861,30,360,900.0000000016371,900,0.5002777777781375,0.0,0.24972222222186247,29.989594907407422,
441,1035,2026-07-14 00:00:00,2026-08-13 00:00:00,11,2862,30,360,900.0000000016371,900,0.5002777777781375,0.0,0.24972222222186247,29.989594907407422,
442,1275,2026-07-15 00:00:00,2026-08-14 00:00:00,360,360,30,360,7199.999999998363,7200,2.0083333333341216,1.184444444444125,0.8155555555554201,29.916666666666686,
442,996,2026-07-15 00:00:00,2026-08-14 00:00:00,8,2866,30,360,900.0000000016371,900,0.5002777777781375,0.0,0.24972222222186247,29.989594907407422,
442,1012,2026-07-15 00:00:00,2026-08-14 00:00:00,13,2860,30,360,900.0000000016371,900,0.5002777777781375,0.0,0.24972222222186247,29.989594907407422,
442,1035,2026-07-15 00:00:00,2026-08-14 00:00:00,11,2863,30,360,900.0000000016371,900,0.5002777777781375,0.0,0.24972222222186247,29.989594907407422,
443,1275,2026-07-16 00:00:00,2026-08-15 00:00:00,360,360,30,360,7199.999999998363,7200,2.0083333333341216,1.184444444444125,0.8155555555554201,29.916666666666686,
443,996,2026-07-16 00:00:00,2026-08-15 00:00:00,9,2867,30,360,900.0000000016371,900,0.5002777777781375,0.00027777777722803876,0.24972222222186247,29.98958333333337,
443,1012,2026-07-16 00:00:00,2026-08-15 00:00:00,12,2861,30,360,900.0000000016371,900,0.5002777777781375,0.00027777777722803876,0.24972222222186247,29.98958333333337,
443,1035,2026-07-16 00:00:00,2026-08-15 00:00:00,9,2865,30,360,900.0000000016371,900,0.5002777777781375,0.00027777777722803876,0.24972222222186247,29.98958333333337,
444,1275,2026-07-17 00:00:00,2026-08-16 00:00:00,360,360,30,360,7199.999999998363,7200,2.0083333333341216,1.184444444444125,0.8155555555554201,29.916666666666686,
444,996,2026-07-17 00:00:00,2026-08-16 00:00:00,9,2867,30,360,900.0000000016371,900,0.5002777777781375,0.00027777777722803876,0.25000000000045475,29.989571759259263,
444,1012,2026-07-17 00:00:00,2026-08-16 00:00:00,13,2861,30,360,900.0000000016371,900,0.5002777777781375,0.00027777777722803876,0.25000000000045475,29.989571759259263,
444,1035,2026-07-17 00:00:00,2026-08-16 00:00:00,9,2868,30,360,900.0000000016371,900,0.5002777777781375,0.00027777777722803876,0.25000000000045475,29.989571759259263,
445,1275,2026-07-18 00:00:00,2026-08-17 00:00:00,360,360,30,360,7199.999999998363,7200,2.0083333333341216,1.184444444444125,0.8238888888886322,29.91631944444447,
445,996,2026-07-18 00:00:00,2026-08-17 00:00:00,10,2868,30,360,900.0000000016371,900,0.5002777777781375,0.00027777777722803876,0.25000000000045475,29.989571759259263,
445,1012,2026-07-18 00:00:00,2026-08-17 00:00:00,13,2862,30,360,900.0000000016371,900,0.5002777777781375,0.00027777777722803876,0.25000000000045475,29.989571759259263,
445,1035,2026-07-18 00:00:00,2026-08-17 00:00:00,9,2869,30,360,900.0000000016371,900,0.5002777777781375,0.00027777777722803876,0.25000000000045475,29.989571759259263,
446,1275,2026-07-19 00:00:00,2026-08-18 00:00:00,360,360,30,360,7199.999999998363,7200,2.0083333333341216,1.184444444444125,0.8155555555554201,29.916666666666686,
446,996,2026-07-19 00:00:00,2026-08-18 00:00:00,12,2868,30,360,900.0000000016371,900,0.5002777777781375,0.0,0.24972222222186247,29.989594907407422,
446,1012,2026-07-19 00:00:00,2026-08-18 00:00:00,13,2862,30,360,900.0000000016371,900,0.5002777777781375,0.0,0.24972222222186247,29.989594907407422,
446,1035,2026-07-19 00:00:00,2026-08-18 00:00:00,8,2869,30,360,900.0000000016371,900,0.5002777777781375,0.0,0.24972222222186247,29.989594907407422,
447,1275,2026-07-20 00:00:00,2026-08-19 00:00:00,360,360,30,360,7199.999999998363,7200,2.0083333333341216,1.184444444444125,0.8155555555554201,29.916666666666686,
447,996,2026-07-20 00:00:00,2026-08-19 00:00:00,11,2868,30,360,900.0000000016371,900,0.5002777777781375,0.0,0.25000000000045475,29.989583333333314,
447,1012,2026-07-20 00:00:00,2026-08-19 00:00:00,13,2862,30,360,900.0000000016371,900,0.5002777777781375,0.0,0.25000000000045475,29.989583333333314,
447,1035,2026-07-20 00:00:00,2026-08-19 00:00:00,6,2869,30,360,900.0000000016371,900,0.5002777777781375,0.0,0.25000000000045475,29.989583333333314,
448,1275,2026-07-21 00:00:00,2026-08-20 00:00:00,360,360,30,360,7199.999999998363,7200,2.0083333333341216,1.184444444444125,0.8155555555554201,29.916666666666686,
448,996,2026-07-21 00:00:00,2026-08-20 00:00:00,10,2867,30,360,900.0000000016371,900,0.5002777777781375,0.0,0.25000000000045475,29.989583333333314,
448,1012,2026-07-21 00:00:00,2026-08-20 00:00:00,12,2862,30,360,900.0000000016371,900,0.5002777777781375,0.0,0.25000000000045475,29.989583333333314,
448,1035,2026-07-21 00:00:00,2026-08-20 00:00:00,7,2868,30,360,900.0000000016371,900,0.5002777777781375,0.0,0.25000000000045475,29.989583333333314,
449,1275,2026-07-22 00:00:00,2026-08-21 00:00:00,360,360,30,360,7199.999999998363,7200,2.0083333333341216,1.184444444444125,0.8155555555554201,29.916666666666686,
449,996,2026-07-22 00:00:00,2026-08-21 00:00:00,10,2869,30,360,900.0000000016371,900,0.5002777777781375,0.00027777777722803876,0.24972222222186247,29.98958333333337,
449,1012,2026-07-22 00:00:00,2026-08-21 00:00:00,13,2862,30,360,900.0000000016371,900,0.5002777777781375,0.00027777777722803876,0.24972222222186247,29.98958333333337,
449,1035,2026-07-22 00:00:00,2026-08-21 00:00:00,7,2868,30,360,900.0000000016371,900,0.5002777777781375,0.00027777777722803876,0.24972222222186247,29.98958333333337,
450,1275,2026-07-23 00:00:00,2026-08-22 00:00:00,360,360,30,360,7199.999999998363,7200,2.0083333333341216,1.184444444444125,0.8238888888886322,29.91631944444447,
450,996,2026-07-23 00:00:00,2026-08-22 00:00:00,10,2870,30,360,900.0000000016371,900,0.5002777777781375,0.0,0.25000000000045475,29.989583333333314,
450,1012,2026-07-23 00:00:00,2026-08-22 00:00:00,12,2864,30,360,900.0000000016371,900,0.5002777777781375,0.0,0.25000000000045475,29.989583333333314,
450,1035,2026-07-23 00:00:00,2026-08-22 00:00:00,8,2870,30,360,900.0000000016371,900,0.5002777777781375,0.0,0.25000000000045475,29.989583333333314,
451,1275,2026-07-24 00:00:00,2026-08-23 00:00:00,360,360,30,360,7199.999999998363,7200,2.0083333333341216,1.184444444444125,0.8155555555554201,29.916666666666686,
451,996,2026-07-24 00:00:00,2026-08-23 00:00:00,9,2869,30,360,900.0000000016371,900,0.5002777777781375,0.00027777777722803876,0.25000000000045475,29.989571759259263,
451,1012,2026-07-24 00:00:00,2026-08-23 00:00:00,11,2864,30,360,900.0000000016371,900,0.5002777777781375,0.00027777777722803876,0.25000000000045475,29.989571759259263,
451,1035,2026-07-24 00:00:00,2026-08-23 00:00:00,8,2870,30,360,900.0000000016371,900,0.5002777777781375,0.00027777777722803876,0.25000000000045475,29.989571759259263,
452,1275,2026-07-25 00:00:00,2026-08-24 00:00:00,360,360,30,360,7199.999999998363,7200,2.0083333333341216,1.184444444444125,0.8155555555554201,29.916666666666686,
452,996,2026-07-25 00:00:00,2026-08-24 00:00:00,9,2869,30,360,900.0000000016371,900,0.5002777777781375,0.0,0.24972222222186247,29.989594907407422,
452,1012,2026-07-25 00:00:00,2026-08-24 00:00:00,11,2864,30,360,900.0000000016371,900,0.5002777777781375,0.0,0.24972222222186247,29.989594907407422,
452,1035,2026-07-25 00:00:00,2026-08-24 00:00:00,8,2870,30,360,900.0000000016371,900,0.5002777777781375,0.0,0.24972222222186247,29.989594907407422,
453,1275,2026-07-26 00:00:00,2026-08-25 00:00:00,360,360,30,360,7199.999999998363,7200,2.0083333333341216,1.184444444444125,0.8155555555554201,29.916666666666686,
453,996,2026-07-26 00:00:00,2026-08-25 00:00:00,10,2868,30,360,900.0000000016371,900,0.5002777777781375,0.0,0.24972222222186247,29.989594907407422,
453,1012,2026-07-26 00:00:00,2026-08-25 00:00:00,11,2865,30,360,900.0000000016371,900,0.5002777777781375,0.0,0.24972222222186247,29.989594907407422,
453,1035,2026-07-26 00:00:00,2026-08-25 00:00:00,8,2870,30,360,900.0000000016371,900,0.5002777777781375,0.0,0.24972222222186247,29.989594907407422,
454,1275,2026-07-27 00:00:00,2026-08-26 00:00:00,360,360,30,360,7199.999999998363,7200,2.0083333333341216,1.184444444444125,0.8155555555554201,29.916666666666686,
454,996,2026-07-27 00:00:00,2026-08-26 00:00:00,10,2867,30,360,900.0000000016371,900,0.5002777777781375,0.0,0.24972222222186247,29.989594907407422,
454,1012,2026-07-27 00:00:00,2026-08-26 00:00:00,11,2865,30,360,900.0000000016371,900,0.5002777777781375,0.0,0.24972222222186247,29.989594907407422,
454,1035,2026-07-27 00:00:00,2026-08-26 00:00:00,8,2866,30,360,900.0000000016371,900,0.5002777777781375,0.0,0.24972222222186247,29.989594907407422,
455,1275,2026-07-28 00:00:00,2026-08-27 00:00:00,360,360,30,360,7199.999999998363,7200,2.0083333333341216,1.184444444444125,0.8238888888886322,29.91631944444447,
455,996,2026-07-28 00:00:00,2026-08-27 00:00:00,9,2866,30,360,900.0000000016371,900,0.5002777777781375,0.00027777777722803876,0.24972222222186247,29.98958333333337,
455,1012,2026-07-28 00:00:00,2026-08-27 00:00:00,11,2863,30,360,900.0000000016371,900,0.5002777777781375,0.00027777777722803876,0.24972222222186247,29.98958333333337,
455,1035,2026-07-28 00:00:00,2026-08-27 00:00:00,9,2866,30,360,900.0000000016371,900,0.5002777777781375,0.00027777777722803876,0.24972222222186247,29.98958333333337,
456,1275,2026-07-29 00:00:00,2026-08-28 00:00:00,360,360,30,360,7199.999999998363,7200,2.0083333333341216,1.184444444444125,0.8155555555554201,29.916666666666686,
456,996,2026-07-29 00:00:00,2026-08-28 00:00:00,9,2867,30,360,900.0000000016371,900,0.5002777777781375,0.0,0.24972222222186247,29.989594907407422,
456,1012,2026-07-29 00:00:00,2026-08-28 00:00:00,10,2863,30,360,900.0000000016371,900,0.5002777777781375,0.0,0.24972222222186247,29.989594907407422,
456,1035,2026-07-29 00:00:00,2026-08-28 00:00:00,9,2867,30,360,900.0000000016371,900,0.5002777777781375,0.0,0.24972222222186247,29.989594907407422,
457,1275,2026-07-30 00:00:00,2026-08-29 00:00:00,360,360,30,360,7199.999999998363,7200,2.0083333333341216,1.184444444444125,0.8155555555554201,29.916666666666686,
457,996,2026-07-30 00:00:00,2026-08-29 00:00:00,10,2867,30,360,900.0000000016371,900,0.5002777777781375,0.0,0.25000000000045475,29.989583333333314,
457,1012,2026-07-30 00:00:00,2026-08-29 00:00:00,13,2864,30,360,900.0000000016371,900,0.5002777777781375,0.0,0.25000000000045475,29.989583333333314,
457,1035,2026-07-30 00:00:00,2026-08-29 00:00:00,9,2866,30,360,900.0000000016371,900,0.5002777777781375,0.0,0.25000000000045475,29.989583333333314,
458,1275,2026-07-31 00:00:00,2026-08-30 00:00:00,360,360,30,360,7199.999999998363,7200,2.0083333333341216,1.184444444444125,0.8155555555554201,29.916666666666686,
458,996,2026-07-31 00:00:00,2026-08-30 00:00:00,10,2867,30,360,900.0000000016371,900,0.5002777777781375,0.0,0.24972222222186247,29.989594907407422,
458,1012,2026-07-31 00:00:00,2026-08-30 00:00:00,15,2864,30,360,900.0000000016371,900,0.5002777777781375,0.0,0.24972222222186247,29.989594907407422,
458,1035,2026-07-31 00:00:00,2026-08-30 00:00:00,9,2866,30,360,900.0000000016371,900,0.5002777777781375,0.0,0.24972222222186247,29.989594907407422,
459,1275,2026-08-01 00:00:00,2026-08-31 00:00:00,360,360,30,360,7199.999999998363,7200,2.0083333333341216,1.184444444444125,0.8155555555554201,29.916666666666686,
459,996,2026-08-01 00:00:00,2026-08-31 00:00:00,10,2867,30,360,900.0000000016371,900,0.5002777777781375,0.00027777777722803876,0.24972222222186247,29.98958333333337,
459,1012,2026-08-01 00:00:00,2026-08-31 00:00:00,15,2863,30,360,900.0000000016371,900,0.5002777777767733,0.00027777777722803876,0.24972222222186247,29.98958333333337,
459,1035,2026-08-01 00:00:00,2026-08-31 00:00:00,9,2865,30,360,900.0000000016371,900,0.5002777777781375,0.00027777777722803876,0.24972222222186247,29.98958333333337,
460,1275,2026-08-02 00:00:00,2026-09-01 00:00:00,360,360,30,360,7199.999999998363,7200,2.0083333333341216,1.184444444444125,0.8238888888886322,29.91631944444447,
460,996,2026-08-02 00:00:00,2026-09-01 00:00:00,13,2867,30,360,900.0000000016371,900,0.5002777777781375,0.0,0.24972222222186247,29.989594907407422,
460,1012,2026-08-02 00:00:00,2026-09-01 00:00:00,14,2864,30,360,900.0000000016371,900,0.5002777777767733,0.0,0.24972222222186247,29.989594907407422,
460,1035,2026-08-02 00:00:00,2026-09-01 00:00:00,6,2865,30,360,900.0000000016371,900,0.5002777777781375,0.0,0.24972222222186247,29.989594907407422,
461,1275,2026-08-03 00:00:00,2026-09-02 00:00:00,360,360,30,360,7199.999999998363,7200,2.0083333333341216,1.184444444444125,0.8155555555554201,29.916666666666686,
461,996,2026-08-03 00:00:00,2026-09-02 00:00:00,13,2867,30,360,900.0000000016371,900,0.5002777777781375,0.0,0.25000000000045475,29.989583333333314,
461,1012,2026-08-03 00:00:00,2026-09-02 00:00:00,14,2865,30,360,900.0000000016371,900,0.5002777777767733,0.0,0.25000000000045475,29.989583333333314,
461,1035,2026-08-03 00:00:00,2026-09-02 00:00:00,6,2865,30,360,900.0000000016371,900,0.5002777777781375,0.0,0.25000000000045475,29.989583333333314,
462,1275,2026-08-04 00:00:00,2026-09-03 00:00:00,360,360,30,360,7199.999999998363,7200,2.0083333333341216,1.184444444444125,0.8155555555554201,29.916666666666686,
462,996,2026-08-04 00:00:00,2026-09-03 00:00:00,12,2868,30,360,900.0000000016371,900,0.5002777777781375,0.0,0.25000000000045475,29.989583333333314,
462,1012,2026-08-04 00:00:00,2026-09-03 00:00:00,15,2866,30,360,900.0000000016371,900,0.5002777777767733,0.0,0.25000000000045475,29.989583333333314,
462,1035,2026-08-04 00:00:00,2026-09-03 00:00:00,6,2866,30,360,900.0000000016371,900,0.5002777777767733,0.0,0.25000000000045475,29.989583333333314,
463,1275,2026-08-05 00:00:00,2026-09-04 00:00:00,360,360,30,360,7199.999999998363,7200,2.0083333333341216,1.184444444444125,0.8155555555554201,29.916666666666686,
463,996,2026-08-05 00:00:00,2026-09-04 00:00:00,14,2868,30,360,900.0000000016371,900,0.5002777777781375,0.0,0.25000000000045475,29.989583333333314,
463,1012,2026-08-05 00:00:00,2026-09-04 00:00:00,14,2867,30,360,900.0000000016371,900,0.5002777777767733,0.0,0.25000000000045475,29.989583333333314,
463,1035,2026-08-05 00:00:00,2026-09-04 00:00:00,6,2866,30,360,900.0000000016371,900,0.5002777777767733,0.0,0.25000000000045475,29.989583333333314,
464,1275,2026-08-06 00:00:00,2026-09-05 00:00:00,360,360,30,360,7199.999999998363,7200,2.0083333333341216,1.184444444444125,0.8155555555554201,29.916666666666686,
464,996,2026-08-06 00:00:00,2026-09-05 00:00:00,14,2868,30,360,900.0000000016371,900,0.5002777777781375,0.00027777777722803876,0.25000000000045475,29.989571759259263,
464,1012,2026-08-06 00:00:00,2026-09-05 00:00:00,13,2866,30,360,900.0000000016371,900,0.5002777777767733,0.00027777777722803876,0.25000000000045475,29.989571759259263,
464,1035,2026-08-06 00:00:00,2026-09-05 00:00:00,6,2867,30,360,900.0000000016371,900,0.5002777777767733,0.00027777777722803876,0.25000000000045475,29.989571759259263,
465,1275,2026-08-07 00:00:00,2026-09-06 00:00:00,360,360,30,360,7199.999999998363,7200,2.0083333333341216,1.184444444444125,0.8238888888886322,29.91631944444447,
465,996,2026-08-07 00:00:00,2026-09-06 00:00:00,14,2867,30,360,900.0000000016371,900,0.5002777777781375,0.00027777777722803876,0.25000000000045475,29.989571759259263,
465,1012,2026-08-07 00:00:00,2026-09-06 00:00:00,14,2867,30,360,900.0000000016371,900,0.5002777777767733,0.00027777777722803876,0.25000000000045475,29.989571759259263,
465,1035,2026-08-07 00:00:00,2026-09-06 00:00:00,6,2867,30,360,900.0000000016371,900,0.5002777777767733,0.00027777777722803876,0.25000000000045475,29.989571759259263,
466,1275,2026-08-08 00:00:00,2026-09-07 00:00:00,360,360,30,360,7199.999999998363,7200,2.0083333333341216,1.184444444444125,0.8155555555554201,29.916666666666686,
466,996,2026-08-08 00:00:00,2026-09-07 00:00:00,14,2865,30,360,900.0000000016371,900,0.5002777777781375,0.00027777777722803876,0.24972222222186247,29.98958333333337,
466,1012,2026-08-08 00:00:00,2026-09-07 00:00:00,13,2869,30,360,900.0000000016371,900,0.5002777777767733,0.00027777777722803876,0.24972222222186247,29.98958333333337,
466,1035,2026-08-08 00:00:00,2026-09-07 00:00:00,6,2867,30,360,900.0000000016371,900,0.5002777777767733,0.00027777777722803876,0.24972222222186247,29.98958333333337,
467,1275,2026-08-09 00:00:00,2026-09-08 00:00:00,360,360,30,360,7199.999999998363,7200,2.0083333333341216,1.184444444444125,0.8155555555554201,29.916666666666686,
467,996,2026-08-09 00:00:00,2026-09-08 00:00:00,15,2867,30,360,900.0000000016371,900,0.5002777777781375,0.0,0.25000000000045475,29.989583333333314,
467,1012,2026-08-09 00:00:00,2026-09-08 00:00:00,13,2870,30,360,900.0000000016371,900,0.5002777777767733,0.0,0.25000000000045475,29.989583333333314,
467,1035,2026-08-09 00:00:00,2026-09-08 00:00:00,6,2867,30,360,900.0000000016371,900,0.5002777777767733,0.0,0.25000000000045475,29.989583333333314,
468,1275,2026-08-10 00:00:00,2026-09-09 00:00:00,360,360,30,360,7199.999999998363,7200,2.0083333333341216,1.184444444444125,0.8155555555554201,29.916666666666686,
468,996,2026-08-10 00:00:00,2026-09-09 00:00:00,16,2867,30,360,900.0000000016371,900,0.5002777777781375,0.0,0.24972222222186247,29.989594907407422,
468,1012,2026-08-10 00:00:00,2026-09-09 00:00:00,13,2870,30,360,900.0000000016371,900,0.5002777777767733,0.0,0.24972222222186247,29.989594907407422,
468,1035,2026-08-10 00:00:00,2026-09-09 00:00:00,5,2866,30,360,900.0000000016371,900,0.5002777777767733,0.0,0.24972222222186247,29.989594907407422,
469,1275,2026-08-11 00:00:00,2026-09-10 00:00:00,360,360,30,360,7199.999999998363,7200,2.0083333333341216,1.184444444444125,0.8155555555554201,29.916666666666686,
469,996,2026-08-11 00:00:00,2026-09-10 00:00:00,17,2867,30,360,900.0000000016371,900,0.5002777777781375,0.0,0.24972222222186247,29.989594907407422,
469,1012,2026-08-11 00:00:00,2026-09-10 00:00:00,13,2870,30,360,900.0000000016371,900,0.5002777777767733,0.0,0.24972222222186247,29.989594907407422,
469,1035,2026-08-11 00:00:00,2026-09-10 00:00:00,6,2866,30,360,900.0000000016371,900,0.5002777777767733,0.0,0.24972222222186247,29.989594907407422,
470,1275,2026-08-12 00:00:00,2026-09-11 00:00:00,360,360,30,360,7199.999999998363,7200,2.0083333333341216,1.184444444444125,0.8238888888886322,29.91631944444447,
470,996,2026-08-12 00:00:00,2026-09-11 00:00:00,17,2866,30,360,900.0000000016371,900,0.5002777777781375,0.0,0.25000000000045475,29.989583333333314,
470,1012,2026-08-12 00:00:00,2026-09-11 00:00:00,14,2870,30,360,900.0000000016371,900,0.5002777777767733,0.0,0.25000000000045475,29.989583333333314,
470,1035,2026-08-12 00:00:00,2026-09-11 00:00:00,6,2866,30,360,900.0000000016371,900,0.5002777777767733,0.0,0.25000000000045475,29.989583333333314,
471,1275,2026-08-13 00:00:00,2026-09-12 00:00:00,360,360,30,360,7199.999999998363,7200,2.0083333333341216,1.184444444444125,0.8155555555554201,29.916666666666686,
471,996,2026-08-13 00:00:00,2026-09-12 00:00:00,18,2867,30,360,900.0000000016371,900,0.5002777777781375,0.00027777777722803876,0.25000000000045475,29.989571759259263,
471,1012,2026-08-13 00:00:00,2026-09-12 00:00:00,14,2871,30,360,900.0000000016371,900,0.5002777777767733,0.00027777777722803876,0.25000000000045475,29.989571759259263,
471,1035,2026-08-13 00:00:00,2026-09-12 00:00:00,6,2866,30,360,900.0000000016371,900,0.5002777777767733,0.25000000000045475,0.25000000000045475,29.97916666666663,
472,1275,2026-08-14 00:00:00,2026-09-13 00:00:00,360,360,30,360,7199.999999998363,7200,2.0083333333341216,1.184444444444125,0.8155555555554201,29.916666666666686,
472,996,2026-08-14 00:00:00,2026-09-13 00:00:00,17,2867,30,360,900.0000000016371,900,0.5002777777781375,0.00027777777722803876,0.25000000000045475,29.989571759259263,
472,1012,2026-08-14 00:00:00,2026-09-13 00:00:00,13,2872,30,360,900.0000000016371,900,0.5002777777767733,0.00027777777722803876,0.25000000000045475,29.989571759259263,
472,1035,2026-08-14 00:00:00,2026-09-13 00:00:00,7,2868,30,360,900.0000000016371,900,0.5002777777767733,0.00027777777722803876,0.25000000000045475,29.989571759259263,
473,1275,2026-08-15 00:00:00,2026-09-14 00:00:00,360,360,30,360,7199.999999998363,7200,2.0083333333341216,1.184444444444125,0.8155555555554201,29.916666666666686,
473,996,2026-08-15 00:00:00,2026-09-14 00:00:00,16,2867,30,360,900.0000000016371,900,0.5002777777781375,0.00027777777722803876,0.25000000000045475,29.989571759259263,
473,1012,2026-08-15 00:00:00,2026-09-14 00:00:00,13,2872,30,360,900.0000000016371,900,0.5002777777767733,0.00027777777722803876,0.25000000000045475,29.989571759259263,
473,1035,2026-08-15 00:00:00,2026-09-14 00:00:00,11,2867,30,360,900.0000000016371,900,0.5002777777767733,0.00027777777722803876,0.25000000000045475,29.989571759259263,
474,1275,2026-08-16 00:00:00,2026-09-15 00:00:00,360,360,30,360,7199.999999998363,7200,2.0083333333341216,1.184444444444125,0.8155555555554201,29.916666666666686,
474,996,2026-08-16 00:00:00,2026-09-15 00:00:00,17,2867,30,360,900.0000000016371,900,0.5002777777781375,0.00027777777722803876,0.25000000000045475,29.989571759259263,
474,1012,2026-08-16 00:00:00,2026-09-15 00:00:00,12,2872,30,360,900.0000000016371,900,0.5002777777781375,0.00027777777722803876,0.25000000000045475,29.989571759259263,
474,1035,2026-08-16 00:00:00,2026-09-15 00:00:00,13,2866,30,360,900.0000000016371,900,0.5002777777767733,0.00027777777722803876,0.25000000000045475,29.989571759259263,
475,1275,2026-08-17 00:00:00,2026-09-16 00:00:00,360,360,30,360,7199.999999998363,7200,2.0083333333341216,1.184444444444125,0.8238888888886322,29.91631944444447,
475,996,2026-08-17 00:00:00,2026-09-16 00:00:00,16,2867,30,360,900.0000000016371,900,0.5002777777781375,0.00027777777722803876,0.25000000000045475,29.989571759259263,
475,1012,2026-08-17 00:00:00,2026-09-16 00:00:00,12,2871,30,360,900.0000000016371,900,0.5002777777781375,0.00027777777722803876,0.25000000000045475,29.989571759259263,
475,1035,2026-08-17 00:00:00,2026-09-16 00:00:00,13,2866,30,360,900.0000000016371,900,0.5002777777767733,0.00027777777722803876,0.25000000000045475,29.989571759259263,
476,1275,2026-08-18 00:00:00,2026-09-17 00:00:00,360,360,30,360,7199.999999998363,7200,2.0083333333341216,1.184444444444125,0.8155555555554201,29.916666666666686,
476,996,2026-08-18 00:00:00,2026-09-17 00:00:00,14,2866,30,360,900.0000000016371,900,0.5002777777781375,0.0,0.24972222222186247,29.989594907407422,
476,1012,2026-08-18 00:00:00,2026-09-17 00:00:00,14,2870,30,360,900.0000000016371,900,0.5002777777781375,0.0,0.24972222222186247,29.989594907407422,
476,1035,2026-08-18 00:00:00,2026-09-17 00:00:00,13,2865,30,360,900.0000000016371,900,0.5002777777767733,0.0,0.24972222222186247,29.989594907407422,
477,1275,2026-08-19 00:00:00,2026-09-18 00:00:00,360,360,30,360,7199.999999998363,7200,2.0083333333341216,1.184444444444125,0.8155555555554201,29.916666666666686,
477,996,2026-08-19 00:00:00,2026-09-18 00:00:00,14,2866,30,360,900.0000000016371,900,0.5002777777781375,0.0,0.24972222222186247,29.989594907407422,
477,1012,2026-08-19 00:00:00,2026-09-18 00:00:00,13,2871,30,360,900.0000000016371,900,0.5002777777781375,0.0,0.24972222222186247,29.989594907407422,
477,1035,2026-08-19 00:00:00,2026-09-18 00:00:00,13,2864,30,360,900.0000000016371,900,0.5002777777781375,0.0,0.24972222222186247,29.989594907407422,
478,1275,2026-08-20 00:00:00,2026-09-19 00:00:00,360,360,30,360,7199.999999998363,7200,2.0083333333341216,1.184444444444125,0.8155555555554201,29.916666666666686,
478,996,2026-08-20 00:00:00,2026-09-19 00:00:00,14,2867,30,360,900.0000000016371,900,0.5002777777781375,0.00027777777722803876,0.25000000000045475,29.989571759259263,
478,1012,2026-08-20 00:00:00,2026-09-19 00:00:00,12,2870,30,360,900.0000000016371,900,0.5002777777781375,0.00027777777722803876,0.25000000000045475,29.989571759259263,
478,1035,2026-08-20 00:00:00,2026-09-19 00:00:00,12,2865,30,360,900.0000000016371,900,0.5002777777781375,0.00027777777722803876,0.25000000000045475,29.989571759259263,
479,1275,2026-08-21 00:00:00,2026-09-20 00:00:00,360,360,30,360,7199.999999998363,7200,2.0083333333341216,1.184444444444125,0.8155555555554201,29.916666666666686,
479,996,2026-08-21 00:00:00,2026-09-20 00:00:00,14,2865,30,360,900.0000000016371,900,0.5002777777781375,0.00027777777722803876,0.25000000000045475,29.989571759259263,
479,1012,2026-08-21 00:00:00,2026-09-20 00:00:00,11,2870,30,360,900.0000000016371,900,0.5002777777781375,0.00027777777722803876,0.25000000000045475,29.989571759259263,
479,1035,2026-08-21 00:00:00,2026-09-20 00:00:00,12,2865,30,360,900.0000000016371,900,0.5002777777781375,0.00027777777722803876,0.25000000000045475,29.989571759259263,
480,1275,2026-08-22 00:00:00,2026-09-21 00:00:00,360,360,30,360,7199.999999998363,7200,2.0083333333341216,1.184444444444125,0.8238888888886322,29.91631944444447,
480,996,2026-08-22 00:00:00,2026-09-21 00:00:00,14,2864,30,360,900.0000000016371,900,0.5002777777781375,0.0,0.25000000000045475,29.989583333333314,
480,1012,2026-08-22 00:00:00,2026-09-21 00:00:00,11,2870,30,360,900.0000000016371,900,0.5002777777781375,0.0,0.25000000000045475,29.989583333333314,
480,1035,2026-08-22 00:00:00,2026-09-21 00:00:00,11,2864,30,360,900.0000000016371,900,0.5002777777781375,0.0,0.25000000000045475,29.989583333333314,
481,1275,2026-08-23 00:00:00,2026-09-22 00:00:00,360,360,30,360,7199.999999998363,7200,2.0083333333341216,1.184444444444125,0.8155555555554201,29.916666666666686,
481,996,2026-08-23 00:00:00,2026-09-22 00:00:00,14,2865,30,360,900.0000000016371,900,0.5002777777781375,0.00027777777722803876,0.24972222222186247,29.98958333333337,
481,1012,2026-08-23 00:00:00,2026-09-22 00:00:00,11,2870,30,360,900.0000000016371,900,0.5002777777781375,0.00027777777722803876,0.24972222222186247,29.98958333333337,
481,1035,2026-08-23 00:00:00,2026-09-22 00:00:00,10,2864,30,360,900.0000000016371,900,0.5002777777781375,0.00027777777722803876,0.24972222222186247,29.98958333333337,
482,1275,2026-08-24 00:00:00,2026-09-23 00:00:00,360,360,30,360,7199.999999998363,7200,2.0083333333341216,1.184444444444125,0.8155555555554201,29.916666666666686,
482,996,2026-08-24 00:00:00,2026-09-23 00:00:00,14,2865,30,360,900.0000000016371,900,0.5002777777781375,0.00027777777722803876,0.25000000000045475,29.989571759259263,
482,1012,2026-08-24 00:00:00,2026-09-23 00:00:00,10,2868,30,360,900.0000000016371,900,0.5002777777781375,0.00027777777722803876,0.25000000000045475,29.989571759259263,
482,1035,2026-08-24 00:00:00,2026-09-23 00:00:00,11,2864,30,360,900.0000000016371,900,0.5002777777781375,0.00027777777722803876,0.25000000000045475,29.989571759259263,
483,1275,2026-08-25 00:00:00,2026-09-24 00:00:00,360,360,30,360,7199.999999998363,7200,2.0083333333341216,1.184444444444125,0.8238888888899965,29.91631944444441,
483,996,2026-08-25 00:00:00,2026-09-24 00:00:00,13,2866,30,360,900.0000000016371,900,0.5002777777781375,0.0,0.2499999999990905,29.98958333333337,
483,1012,2026-08-25 00:00:00,2026-09-24 00:00:00,11,2868,30,360,900.0000000016371,900,0.5002777777781375,0.0,0.2499999999990905,29.98958333333337,
483,1035,2026-08-25 00:00:00,2026-09-24 00:00:00,11,2864,30,360,900.0000000016371,900,0.5002777777781375,0.0,0.2499999999990905,29.98958333333337,
484,1275,2026-08-26 00:00:00,2026-09-25 00:00:00,360,360,30,360,7199.999999998363,7200,2.0083333333341216,1.184444444444125,0.8155555555567844,29.91666666666663,
484,996,2026-08-26 00:00:00,2026-09-25 00:00:00,13,2867,30,360,900.0000000016371,900,0.5002777777781375,0.00027777777722803876,0.2499999999990905,29.98957175925932,
484,1012,2026-08-26 00:00:00,2026-09-25 00:00:00,11,2868,30,360,900.0000000016371,900,0.5002777777781375,0.00027777777722803876,0.2499999999990905,29.98957175925932,
484,1035,2026-08-26 00:00:00,2026-09-25 00:00:00,12,2867,30,360,900.0000000016371,900,0.5002777777781375,0.00027777777722803876,0.2499999999990905,29.98957175925932,
485,1275,2026-08-27 00:00:00,2026-09-26 00:00:00,360,360,30,360,7199.999999998363,7200,2.0083333333341216,1.184444444444125,0.8155555555567844,29.91666666666663,
485,996,2026-08-27 00:00:00,2026-09-26 00:00:00,13,2866,30,360,900.0000000016371,900,0.5002777777781375,0.00027777777722803876,0.24972222222186247,29.98958333333337,
485,1012,2026-08-27 00:00:00,2026-09-26 00:00:00,11,2870,30,360,900.0000000016371,900,0.5002777777781375,0.00027777777722803876,0.24972222222186247,29.98958333333337,
485,1035,2026-08-27 00:00:00,2026-09-26 00:00:00,11,2868,30,360,900.0000000016371,900,0.5002777777781375,0.00027777777722803876,0.24972222222186247,29.98958333333337,
486,1275,2026-08-28 00:00:00,2026-09-27 00:00:00,360,360,30,360,7199.999999998363,7200,2.0083333333341216,1.184444444444125,0.8155555555567844,29.91666666666663,
486,996,2026-08-28 00:00:00,2026-09-27 00:00:00,13,2866,30,360,900.0000000016371,900,0.5002777777781375,0.00027777777722803876,0.2499999999990905,29.98957175925932,
486,1012,2026-08-28 00:00:00,2026-09-27 00:00:00,13,2868,30,360,900.0000000016371,900,0.5002777777781375,0.00027777777722803876,0.5000000000009095,29.979155092592578,
486,1035,2026-08-28 00:00:00,2026-09-27 00:00:00,13,2868,30,360,900.0000000016371,900,0.5002777777781375,0.00027777777722803876,0.2499999999990905,29.98957175925932,
487,1275,2026-08-29 00:00:00,2026-09-28 00:00:00,360,360,30,360,7199.999999998363,7200,2.0083333333341216,1.184444444444125,0.8155555555567844,29.91666666666663,
487,996,2026-08-29 00:00:00,2026-09-28 00:00:00,13,2866,30,360,900.0000000016371,900,0.5002777777781375,0.00027777777722803876,0.2499999999990905,29.98957175925932,
487,1012,2026-08-29 00:00:00,2026-09-28 00:00:00,11,2866,30,360,900.0000000016371,900,0.5002777777781375,0.00027777777722803876,0.49972222222095297,29.979166666666742,
487,1035,2026-08-29 00:00:00,2026-09-28 00:00:00,13,2869,30,360,900.0000000016371,900,0.5002777777781375,0.00027777777722803876,0.2499999999990905,29.98957175925932,
488,1275,2026-08-30 00:00:00,2026-09-29 00:00:00,360,360,30,360,7199.999999998363,7200,2.0083333333341216,1.184444444444125,0.8238888888899965,29.91631944444441,
488,996,2026-08-30 00:00:00,2026-09-29 00:00:00,13,2866,30,360,900.0000000016371,900,0.5002777777781375,0.00027777777722803876,0.2499999999990905,29.98957175925932,
488,1012,2026-08-30 00:00:00,2026-09-29 00:00:00,9,2866,30,360,900.0000000016371,900,0.5002777777781375,0.00027777777722803876,0.2499999999990905,29.98957175925932,
488,1035,2026-08-30 00:00:00,2026-09-29 00:00:00,13,2869,30,360,900.0000000016371,900,0.5002777777781375,0.00027777777722803876,0.2499999999990905,29.98957175925932,
489,1275,2026-08-31 00:00:00,2026-09-30 00:00:00,360,360,30,360,7199.999999998363,7200,2.0083333333341216,1.184444444444125,0.8155555555567844,29.91666666666663,
489,996,2026-08-31 00:00:00,2026-09-30 00:00:00,15,2865,30,360,900.0000000016371,900,0.5002777777781375,0.00027777777722803876,0.2499999999990905,29.98957175925932,
489,1012,2026-08-31 00:00:00,2026-09-30 00:00:00,9,2867,30,360,900.0000000016371,900,0.5002777777781375,0.00027777777722803876,0.2499999999990905,29.98957175925932,
489,1035,2026-08-31 00:00:00,2026-09-30 00:00:00,14,2870,30,360,900.0000000016371,900,0.5002777777781375,0.00027777777722803876,0.2499999999990905,29.98957175925932,
490,1275,2026-09-01 00:00:00,2026-10-01 00:00:00,360,360,30,360,7199.999999998363,7200,2.0083333333341216,1.184444444444125,0.8155555555567844,29.91666666666663,
490,996,2026-09-01 00:00:00,2026-10-01 00:00:00,12,2864,30,360,900.0000000016371,900,0.5002777777781375,0.00027777777722803876,0.2499999999990905,29.98957175925932,
490,1012,2026-09-01 00:00:00,2026-10-01 00:00:00,9,2865,30,360,900.0000000016371,900,0.5002777777781375,0.00027777777722803876,0.2499999999990905,29.98957175925932,
490,1035,2026-09-01 00:00:00,2026-10-01 00:00:00,15,2869,30,360,900.0000000016371,900,0.5002777777781375,0.00027777777722803876,0.2499999999990905,29.98957175925932,
491,1275,2026-09-02 00:00:00,2026-10-02 00:00:00,360,360,30,360,7199.999999998363,7200,2.0083333333341216,1.184444444444125,0.8155555555567844,29.91666666666663,
491,996,2026-09-02 00:00:00,2026-10-02 00:00:00,12,2861,30,360,900.0000000016371,900,0.5002777777781375,0.0,0.9997222222218625,29.958344907407422,
491,1012,2026-09-02 00:00:00,2026-10-02 00:00:00,9,2861,30,360,900.0000000016371,900,0.5002777777781375,0.0,0.9997222222218625,29.958344907407422,
491,1035,2026-09-02 00:00:00,2026-10-02 00:00:00,15,2867,30,360,900.0000000016371,900,0.5002777777781375,0.0,0.9997222222218625,29.958344907407422,
