sensorid,frequency_per_day,amplitude,sampling_window
1275,0.0019211526916149688,6.587188976661299,0.024252268128861786
1275,0.0038423053832299377,3.4190640443930715,0.01090704975940556
1275,0.005763458074844906,7.991892453606556,0.003208959331391517
1275,0.007684610766459875,10.872242190823647,0.002565520216332178
1275,0.009605763458074843,7.370050535740967,0.0017023697444610991
1275,0.011526916149689813,5.075360367286255,0.00013653677806085596
1275,0.013448068841304782,8.86362356777999,0.00034028855130400956
1275,0.01536922153291975,2.767181361376154,0.000937601083382768
1275,0.017290374224534718,0.9898689508592783,0.0008331112382661888
1275,0.019211526916149687,10.197520288580865,0.00041281898984997967
1275,0.021132679607764656,9.04302956931831,0.00015100317066403095
1275,0.023053832299379625,5.942494512966133,4.3144280127764686e-05
1275,0.024974984990994594,5.349096343621684,2.8926422758343666e-05
1275,0.026896137682609563,10.008474779991055,0.0003149095782805888
1275,0.028817290374224532,2.304133369133095,0.0003726217848098454
1275,0.0307384430658395,5.987489549155981,7.688515598718802e-05
1275,0.032659595757454474,8.32206313550557,5.8831885547630274e-05
1275,0.034580748449069436,5.643578430266096,6.143889562706718e-05
1275,0.036501901140684405,4.827617986543649,8.313145988986604e-06
1275,0.038423053832299374,5.952432608410667,5.2205240969543804e-05
1275,0.04034420652391434,1.9033757262865796,8.322146310084026e-05
1275,0.04226535921552931,8.113326210386647,0.00012684578904521572
1275,0.04418651190714428,7.873452789020651,7.126091679995493e-05
1275,0.04610766459875925,8.111011117245473,1.3355718177890303e-05
1275,0.04802881729037422,7.876266432487544,6.433523596599271e-06
1275,0.04994996998198919,13.20066815480632,3.372446599519919e-05
1275,0.05187112267360416,12.378004467789387,0.00021769136707224673
1275,0.053792275365219126,2.858688443521784,0.00023094829787387102
1275,0.055713428056834095,6.819617156109723,9.53955881806804e-05
1275,0.057634580748449064,10.241682099895513,2.8587428645807684e-05
1275,0.05955573344006403,5.981560320984016,1.3500105351487609e-05
1275,0.061476886131679,9.56566730966759,7.716723485889186e-05
1275,0.06339803882329398,10.1604620673591,0.00013220084077139325
1275,0.06531919151490895,10.284403862039959,0.00010413327205024842
1275,0.0672403442065239,9.37652181756796,6.942606509119243e-05
1275,0.06916149689813887,14.538844909268178,3.68389614620594e-05
1275,0.07108264958975384,10.844623285646074,7.656985907021426e-05
1275,0.07300380228136881,12.209602561462466,9.986362634979216e-05
1275,0.07492495497298378,2.542674782466751,5.029469955167342e-05
1275,0.07684610766459875,11.852062839576792,6.249156495054363e-05
1275,0.07876726035621372,9.514421491948504,2.9125016965826178e-05
1275,0.08068841304782869,7.408658956752133,1.390411834430954e-05
1275,0.08260956573944365,1.902954543644475,3.730160254105179e-05
1275,0.08453071843105862,6.6668685161933885,2.1768070848557986e-05
1275,0.0864518711226736,2.9646411053913466,1.1222941666640897e-05
1275,0.08837302381428856,4.1351682509855685,1.2470700963162654e-06
1275,0.09029417650590353,4.462408181569975,1.4996021763179717e-05
1275,0.0922153291975185,4.516842712913683,4.126531193124203e-05
1275,0.09413648188913347,4.109656855491865,8.813725897278906e-06
1275,0.09605763458074844,5.004375529638437,8.90856560876762e-06
1275,0.09797878727236341,4.653668856888961,5.976928967129495e-06
1275,0.09989993996397838,8.169519145847215,1.4464507346281098e-05
1275,0.10182109265559335,9.776677789056816,6.091189717216855e-05
1275,0.10374224534720831,7.144202296237009,4.0222552043640586e-05
1275,0.10566339803882328,1.3950698043778034,4.4387096280997e-06
1275,0.10758455073043825,10.096405356171486,3.1361196797874453e-06
1275,0.10950570342205322,8.503216223838466,2.5489741645361636e-05
1275,0.11142685611366819,4.001633308848128,6.173841367515892e-05
1275,0.11334800880528316,4.361823346142558,3.6037541774124905e-05
1275,0.11526916149689813,9.342732617641136,5.004098794618909e-06
1275,0.1171903141885131,6.379241331778421,2.675757615626029e-06
1275,0.11911146688012807,4.497086850471172,1.0968516893430648e-05
1275,0.12103261957174304,2.0082885608978565,5.790025955286513e-05
1275,0.122953772263358,15.894793547763348,3.453247882726008e-05
1275,0.12487492495497297,6.39043704782859,2.8369487893301524e-06
1275,0.12679607764658796,4.172838084562339,1.7477039627710323e-06
1275,0.12871723033820293,8.162430724841315,2.317387109175205e-06
1275,0.1306383830298179,7.719414933973863,2.0688441449916487e-05
1275,0.13255953572143284,5.8696682572245775,1.5350759296914874e-05
1275,0.1344806884130478,7.013331754384495,4.4860710900635533e-07
1275,0.13640184110466277,7.44564354966663,9.665182910475648e-06
1275,0.13832299379627774,4.8449071545591735,1.037839675621071e-05
1275,0.1402441464878927,6.250114577875135,4.177835942129059e-05
1275,0.14216529917950768,11.95475734093609,4.4554094080959265e-05
1275,0.14408645187112265,7.331727811821793,3.151699850536317e-05
1275,0.14600760456273762,6.735803019877681,2.382864552428609e-05
1275,0.1479287572543526,0.4584286664019091,1.966266405279065e-05
1275,0.14984990994596756,8.357383759083302,4.4287286260438894e-05
1275,0.15177106263758253,4.921524831765445,5.5563924731576086e-05
1275,0.1536922153291975,5.431247835913074,3.238295409419067e-05
1275,0.15561336802081246,3.9293558263374044,3.3039623824040425e-05
1275,0.15753452071242743,3.924351277572873,4.54491430219931e-05
1275,0.1594556734040424,6.629239720897736,8.114710240747187e-05
1275,0.16137682609565737,5.8155589171566895,0.00010470154730888445
1275,0.16329797878727234,6.466073370361011,5.1860382480852825e-05
1275,0.1652191314788873,1.5456125804206706,2.372905435545917e-05
1275,0.16714028417050228,4.502028195941542,2.166726518125843e-05
1275,0.16906143686211725,0.626354550772088,6.909419277148569e-05
1275,0.17098258955373222,2.3037835539433957,8.631940511592251e-05
1275,0.1729037422453472,1.0418795421555305,3.560736793548113e-05
1275,0.17482489493696216,5.801967920491036,4.0446188881925764e-06
1275,0.17674604762857712,3.4525452889434223,3.357323051340439e-06
1275,0.1786672003201921,11.794160782104615,1.5019485779826986e-05
1275,0.18058835301180706,10.292605513044993,3.109562479657917e-05
1275,0.18250950570342203,2.6570194330310954,1.4180454144613385e-05
1275,0.184430658395037,1.474332929630129,1.931166637128998e-06
1275,0.18635181108665197,6.335204868471138,6.765532590154684e-06
1275,0.18827296377826694,4.27313301456309,1.1103167728115138e-05
1275,0.1901941164698819,2.4910462589716937,1.4013193804230833e-05
1275,0.19211526916149688,9.632677135497602,1.3226101354641294e-06
1275,0.19403642185311185,2.9175866261279166,3.173751780306824e-05
1275,0.19595757454472681,1.2936057962536334,5.972118312330787e-05
1275,0.19787872723634178,5.156557297724223,2.4794359845965973e-05
1275,0.19979987992795675,6.702242111084608,6.610167749757875e-06
1275,0.20172103261957172,8.550544651546256,9.36952765067023e-06
1275,0.2036421853111867,5.873806202588616,3.312026687778289e-05
1275,0.20556333800280166,5.481187280968792,4.176280792698008e-05
1275,0.20748449069441663,2.8423179462327908,2.1017419216956727e-05
1275,0.2094056433860316,1.8778979412662429,2.1114459216181464e-05
1275,0.21132679607764657,8.126327870607383,3.868938704233988e-05
1275,0.21324794876926154,2.543961554378195,9.929404527267581e-05
1275,0.2151691014608765,0.8902372553870066,0.00011523609385137443
1275,0.21709025415249147,4.353865718879477,7.083680823106706e-05
1275,0.21901140684410644,4.095963683451061,3.7874185540722946e-05
1275,0.2209325595357214,6.208801105138064,4.596901360875634e-05
1275,0.22285371222733638,3.723624384426622,4.701947982562016e-05
1275,0.22477486491895135,6.969893240110565,5.0030556574193675e-05
1275,0.22669601761056632,6.57201239946108,3.399082557962791e-05
1275,0.2286171703021813,3.6209873195851365,3.198335868909035e-05
1275,0.23053832299379626,9.725274724126479,3.610198828541865e-05
1275,0.23245947568541123,4.161601508037869,3.584828466777993e-05
1275,0.2343806283770262,1.6571942794336199,4.0656569394602673e-05
1275,0.23630178106864116,2.3678606971481866,1.5910023016918597e-05
1275,0.23822293376025613,2.440822730952242,2.1614835265691363e-05
1275,0.2401440864518711,5.8056778704137715,3.4058553993444867e-05
1275,0.24206523914348607,5.2131168811839235,1.964723143408435e-05
1275,0.24398639183510104,0.8821566914068428,3.772820699348024e-06
1275,0.245907544526716,3.400716370304499,6.752492279632195e-07
1275,0.24782869721833098,5.1153893361810425,3.971888717283231e-06
1275,0.24974984990994595,1.819326409767502,1.814071007220478e-06
1275,0.25167100260156094,8.270383688882795,3.5585066865969547e-06
1275,0.2535921552931759,5.53563288276941,2.4199777359975472e-05
1275,0.2555133079847909,5.492355819558303,1.3816970374786683e-05
1275,0.25743446067640585,5.059214433118914,1.9585285113167e-06
1275,0.2593556133680208,0.8809276087910692,3.5904010825293192e-06
1275,0.2612767660596358,3.0703967214107526,2.6605635896760715e-07
1275,0.26319791875125076,3.191837541432192,1.2875592212676382e-05
1275,0.2651190714428657,3.533592584195209,2.5850960004515605e-05
1275,0.26704022413448064,4.289672365304755,1.3919617161494466e-05
1275,0.2689613768260956,7.237201022372632,1.1908359590490653e-05
1275,0.2708825295177106,1.9967901102703407,1.761819049743836e-05
1275,0.27280368220932555,2.11293594794596,4.604598733884274e-05
1275,0.2747248349009405,2.8986365574709794,3.8612251551157985e-05
1275,0.2766459875925555,5.084043157008317,7.449287503687382e-06
1275,0.27856714028417046,3.1863225285919183,1.1057042399826455e-06
1275,0.2804882929757854,2.7223762661548623,2.7311580296980728e-06
1275,0.2824094456674004,5.579157819450141,1.745430313069993e-05
1275,0.28433059835901536,6.064685000101692,2.4308711338694435e-05
1275,0.28625175105063033,4.643703105604747,1.298589327635874e-05
1275,0.2881729037422453,1.1716090358012419,5.628136731564692e-06
1275,0.29009405643386027,2.758135611558651,5.228759763987879e-06
1275,0.29201520912547524,0.7574822496667298,1.5567825658506715e-05
1275,0.2939363618170902,2.0067414779574806,2.3442663510650696e-05
1275,0.2958575145087052,3.3886188668194746,2.8908661332559204e-06
1275,0.29777866720032015,1.8611310519896167,5.028483585853036e-07
1275,0.2996998198919351,4.494705510736325,4.588470420438726e-07
1275,0.3016209725835501,8.790803963235565,6.056619006236137e-06
1275,0.30354212527516505,5.553618848653969,1.9894579321007713e-05
1275,0.30546327796678,8.02702449203593,2.411750191947737e-05
1275,0.307384430658395,1.3204480087568673,1.7219340320729855e-05
1275,0.30930558335000996,5.569833636066605,1.1899247877595707e-05
1275,0.31122673604162493,2.4767644617787954,1.4411592945039373e-05
1275,0.3131478887332399,3.8313624414897376,2.7321738392292447e-05
1275,0.31506904142485487,2.997329132691161,1.4422662269201138e-05
1275,0.31699019411646984,3.3289007489247804,3.2745038241244106e-06
1275,0.3189113468080848,5.591050605854322,1.9356795156627214e-06
1275,0.3208324994996998,3.4969134655912844,9.611289993506903e-06
1275,0.32275365219131474,4.581271751692011,3.25450680331616e-05
1275,0.3246748048829297,3.349003960800367,2.9423632998552554e-05
1275,0.3265959575745447,4.896509428119705,1.6292935252309167e-05
1275,0.32851711026615965,3.0187167792173533,5.476873981115639e-06
1275,0.3304382629577746,4.50506191372909,1.5743941987109187e-05
1275,0.3323594156493896,1.212233358716718,2.9771608193501207e-05
1275,0.33428056834100456,4.556619302024729,2.0902650482144244e-05
1275,0.3362017210326195,1.7963404296260292,2.84978952245491e-06
1275,0.3381228737242345,1.5743440539546623,2.601168675289084e-06
1275,0.34004402641584947,4.3770628439366845,3.264511134733036e-06
1275,0.34196517910746443,3.4403390849230457,2.6896793817355875e-06
1275,0.3438863317990794,3.4439934045794476,1.0950072762900065e-06
1275,0.3458074844906944,1.012454059492318,3.9734112564822465e-06
1275,0.34772863718230934,4.6782426617425905,8.289276439391541e-06
1275,0.3496497898739243,5.716556662346305,3.861179699057268e-06
1275,0.3515709425655393,4.201565087572628,3.01989571605232e-06
1275,0.35349209525715425,1.3847161077043,9.907235447212235e-07
1275,0.3554132479487692,3.2436485469226874,1.1890605770995817e-05
1275,0.3573344006403842,3.473149304992488,3.768282782262475e-05
1275,0.35925555333199916,2.0013459078441853,2.428554126685637e-05
1275,0.3611767060236141,4.559496909242364,1.3684589949982901e-05
1275,0.3630978587152291,2.336208538056778,1.8474728097042137e-05
1275,0.36501901140684406,2.469992355198154,3.5874907229318026e-05
1275,0.36694016409845903,2.3364035223890105,4.354949666862058e-05
1275,0.368861316790074,0.17956665562474972,2.381287421197598e-05
1275,0.37078246948168897,5.702489782861006,1.0336051119057028e-05
1275,0.37270362217330394,4.086047524167181,1.1708495318826784e-05
1275,0.3746247748649189,5.728408832730556,2.5781330155928217e-05
1275,0.3765459275565339,4.869727961228522,3.914482890121212e-05
1275,0.37846708024814885,3.810139056604176,3.6040597732205556e-05
1275,0.3803882329397638,5.425266858073053,2.3730667584625487e-05
1275,0.3823093856313788,4.337555161729389,4.101363951131982e-05
1275,0.38423053832299375,2.647246444189711,4.358764626212191e-05
1275,0.3861516910146087,0.886842547366006,3.629087915585187e-05
1275,0.3880728437062237,3.124936132173031,1.8397038888338947e-05
1275,0.38999399639783866,1.6296288454463619,1.6798734127795735e-05
1275,0.39191514908945363,6.8256782970930265,2.393488708509482e-05
1275,0.3938363017810686,2.924237385957337,1.0252178512931599e-05
1275,0.39575745447268357,6.5684090572133105,2.658191391043506e-06
1275,0.39767860716429854,2.1821052447788363,7.398901002843348e-07
1275,0.3995997598559135,5.052262724946478,6.655838988916567e-06
1275,0.4015209125475285,1.848542236780711,1.4395214778535101e-05
1275,0.40344206523914344,1.0611192192154564,1.2717929300932329e-05
1275,0.4053632179307584,3.740215463982675,1.2106963750127576e-06
1275,0.4072843706223734,4.242616475646797,1.3523955069703431e-06
1275,0.40920552331398835,3.4576058092789546,1.3766956572366243e-05
1275,0.4111266760056033,1.4685930304169579,1.9294302023353757e-05
1275,0.4130478286972183,4.011518841990576,1.3269343384985732e-05
1275,0.41496898138883326,1.2903480881754683,1.2634233023583886e-05
1275,0.4168901340804482,1.8966218882075792,2.1088095363362608e-05
1275,0.4188112867720632,0.1733319419483163,1.2041381722604679e-05
1275,0.42073243946367817,2.3467042867508514,4.986106961448402e-06
1275,0.42265359215529313,3.951945389886669,2.542284110250686e-06
1275,0.4245747448469081,5.930583691706856,9.283562056680041e-06
1275,0.42649589753852307,2.5984799139917607,2.2306344182426503e-05
1275,0.42841705023013804,8.231640293293728,1.4572858424488557e-05
1275,0.430338202921753,3.134884178774226,1.1793174622153352e-05
1275,0.432259355613368,2.490780762757114,7.683379712879906e-06
1275,0.43418050830498295,3.032444481270477,2.2686039222110137e-05
1275,0.4361016609965979,1.0619355967065938,3.4018480623903474e-05
1275,0.4380228136882129,0.8367721512482578,2.3286097483071817e-05
1275,0.43994396637982786,1.7441020408302499,6.991108757422677e-06
1275,0.4418651190714428,5.256084780322334,6.962235246671879e-06
1275,0.4437862717630578,3.177077962187953,1.4909056987992173e-05
1275,0.44570742445467276,4.891725345322826,1.386322298723247e-05
1275,0.44762857714628773,1.9589452420768578,5.230564772620919e-06
1275,0.4495497298379027,7.097662594318472,2.2349267937163198e-07
1275,0.45147088252951767,4.113928700480924,2.5870178358397836e-07
1275,0.45339203522113264,2.2241694064553976,3.466145704476864e-06
1275,0.4553131879127476,1.6317384962960206,1.3517823671722077e-05
1275,0.4572343406043626,2.139443869152307,6.985547160431283e-06
1275,0.45915549329597755,2.7704180420445,1.9704925502650564e-06
1275,0.4610766459875925,2.275934350903893,3.814555613478252e-06
1275,0.4629977986792075,2.28276096199808,1.7006427260487834e-06
1275,0.46491895137082245,1.8137003315542712,1.412501017350637e-07
1275,0.4668401040624374,1.803117630696915,1.78819428595177e-06
1275,0.4687612567540524,2.5251743873689487,7.373044704953601e-06
1275,0.47068240944566736,6.802143828547414,7.0399173342612314e-06
1275,0.47260356213728233,3.9547365546271855,1.1586222972657852e-07
1275,0.4745247148288973,3.584349874322712,6.180564212859831e-06
1275,0.47644586752051227,1.7424189863137114,7.857828597196969e-06
1275,0.47836702021212724,5.971786731113549,1.3558858169785785e-06
1275,0.4802881729037422,1.2883498245841996,4.372415145922744e-07
1275,0.4822093255953572,5.197003552623061,2.3642822370775735e-07
1275,0.48413047828697214,2.7045650190630393,6.74530349181107e-07
1275,0.4860516309785871,2.215636430388813,2.2593773514858145e-06
1275,0.4879727836702021,0.7052372487980598,2.6994944034050802e-06
1275,0.48989393636181705,5.903295301175623,4.0536821309303564e-06
1275,0.491815089053432,2.370620948767635,3.3056993826284625e-07
1275,0.493736241745047,4.342818729781751,6.914150005549602e-06
1275,0.49565739443666196,2.3068378123100004,1.2287487302119254e-05
1275,0.4975785471282769,2.067220516639151,1.677586826962095e-06
1275,0.4994996998198919,5.3096926529968895,5.277951016211105e-07
1275,0.5014208525115069,3.246458239975615,2.5496737102426487e-06
1275,0.5033420052031219,6.149591381583999,5.000866673794575e-07
1275,0.5052631578947369,2.8812459059424866,3.9447799842242334e-07
1275,0.5071843105863518,2.7904472423387405,2.147078683412358e-06
1275,0.5091054632779668,0.9059151617939336,5.818096950346812e-06
1275,0.5110266159695818,4.160945253039803,1.7076962190420202e-06
1275,0.5129477686611967,1.2051178479814098,2.218649603228628e-06
1275,0.5148689213528117,2.4954128069716384,1.8016421446255133e-06
1275,0.5167900740444267,3.4369426169616633,9.796774364404334e-08
1275,0.5187112267360416,5.045468583855274,1.0506076426042235e-05
1275,0.5206323794276566,3.646320875007673,1.4721659395735466e-05
1275,0.5225535321192716,4.560302577272503,9.921560532468889e-06
1275,0.5244746848108865,2.955360413328442,4.698020264935449e-06
1275,0.5263958375025015,3.7397363806782202,1.0285053334656021e-05
1275,0.5283169901941164,3.5126935532933263,1.164695621418229e-05
1275,0.5302381428857313,5.363796964993329,8.326153459132123e-06
1275,0.5321592955773463,0.9628987969556952,6.599084667840895e-06
1275,0.5340804482689613,3.2383389141909094,9.241756930712865e-06
1275,0.5360016009605763,0.8859479908660078,1.0897412006821256e-05
1275,0.5379227536521912,2.2157001346118785,7.275361481454979e-06
1275,0.5398439063438062,1.5334977186745125,8.084750753464908e-06
1275,0.5417650590354212,3.0477765818574185,2.1236012994683995e-06
1275,0.5436862117270361,1.4324461617002562,4.997344720035072e-06
1275,0.5456073644186511,3.448554595127101,7.681524884421598e-06
1275,0.5475285171102661,1.8268269335313965,9.10683567326532e-06
1275,0.549449669801881,3.4830979729327454,7.060521721339423e-06
1275,0.551370822493496,6.600194298796045,1.3997942563192295e-05
1275,0.553291975185111,6.098339359006689,2.4491920505478082e-05
1275,0.5552131278767259,1.8383669422133693,1.2998773218217176e-05
1275,0.5571342805683409,2.2657300359637262,3.426835822493343e-06
1275,0.5590554332599559,3.5602628370974756,2.153210375925472e-06
1275,0.5609765859515708,1.6103735668626464,5.48265261420893e-06
1275,0.5628977386431858,2.2370737785558696,9.607088995558711e-06
1275,0.5648188913348008,1.475493603082487,9.237157916311946e-06
1275,0.5667400440264158,3.79524995520773,3.2079705399110724e-06
1275,0.5686611967180307,1.2799360504457549,2.3809976746894827e-06
1275,0.5705823494096457,2.0798519668976354,6.030111508098753e-06
1275,0.5725035021012607,7.3383663924169475,1.1461992206477497e-05
1275,0.5744246547928756,5.851728869851396,1.1839634876450478e-05
1275,0.5763458074844906,0.46024960852931524,9.620767426713583e-06
1275,0.5782669601761056,2.9171400048812535,2.1147189777694962e-05
1275,0.5801881128677205,1.4455422432514653,1.7901568830477333e-05
1275,0.5821092655593355,1.5236706682355812,9.91654461929115e-06
1275,0.5840304182509505,1.2800183073493476,2.7528982912052015e-06
1275,0.5859515709425654,1.9964838219343,2.7365166883435578e-06
1275,0.5878727236341804,1.3679198728631412,8.194210940615794e-06
1275,0.5897938763257954,3.3923937462705327,5.530218038632299e-06
1275,0.5917150290174104,4.529880267460802,2.814857369676242e-06
1275,0.5936361817090253,1.9222192410735874,1.9245995901630405e-06
1275,0.5955573344006403,1.2286260387784604,8.755852661167287e-06
1275,0.5974784870922553,4.189805161032895,1.3302110868288622e-05
1275,0.5993996397838702,1.4986830269611875,1.337880596135554e-05
1275,0.6013207924754852,4.0085585261426555,4.496609517755891e-06
1275,0.6032419451671002,2.1002224393139026,5.987199512792322e-06
1275,0.6051630978587151,6.4684408410038055,1.5005584526529589e-05
1275,0.6070842505503301,2.7715488191333257,1.4667929090380748e-05
1275,0.6090054032419451,2.4943136656843095,1.0065090288143057e-05
1275,0.61092655593356,2.9359147032120685,3.58570185763406e-06
1275,0.612847708625175,2.076572585251222,4.590570035056476e-06
1275,0.61476886131679,2.606655585028605,1.5261356618106338e-06
1275,0.616690014008405,2.421683583647426,1.2775476376475818e-06
1275,0.6186111667000199,2.6574492148314492,6.778200220153293e-07
1275,0.6205323193916349,2.564898409863873,3.5051794855156245e-06
1275,0.6224534720832499,5.509202468508479,1.0961318868711433e-05
1275,0.6243746247748648,2.4563967521106087,1.0763965544424177e-05
1275,0.6262957774664798,4.60168512285402,8.27850676957156e-06
1275,0.6282169301580948,3.1005440257894525,2.8657550057384026e-06
1275,0.6301380828497097,4.476424227878566,5.969496569211201e-06
1275,0.6320592355413247,1.4457973333664849,1.0154391123433091e-05
1275,0.6339803882329397,2.5789819446319218,8.53018003825456e-06
1275,0.6359015409245546,3.7508369014828356,2.2802714210841294e-06
1275,0.6378226936161696,3.1262106399700746,7.793409891992916e-07
1275,0.6397438463077846,0.5262223066229683,9.085060194710333e-07
1275,0.6416649989993995,0.4010255109117453,2.2654477511846884e-06
1275,0.6435861516910145,3.2861975821605602,1.5239840962331169e-06
1275,0.6455073043826295,2.295314029574619,6.223381446555927e-07
1275,0.6474284570742445,2.7401146651948958,1.2705508602314694e-07
1275,0.6493496097658594,3.8837590856375055,7.585716887825434e-07
1275,0.6512707624574744,3.072956734817397,4.017030680595561e-06
1275,0.6531919151490894,4.571039419344937,2.1244308588830876e-06
1275,0.6551130678407043,1.9663764558741448,1.648581883427606e-06
1275,0.6570342205323193,1.4377637704977315,4.26143855155657e-06
1275,0.6589553732239343,0.4049381710418867,1.7108545775116785e-06
1275,0.6608765259155492,3.83355302503141,1.6232045232067304e-06
1275,0.6627976786071642,0.3340426922065328,3.2329130211553883e-06
1275,0.6647188312987792,2.8087485212383183,3.3967528494747867e-06
1275,0.6666399839903941,3.2810834675896747,2.695835955448059e-06
1275,0.6685611366820091,2.0255136673954715,1.3174136587772735e-07
1275,0.6704822893736241,0.9896393243778673,1.3160321319227551e-06
1275,0.672403442065239,1.7257220882034132,1.3059046061763032e-06
1275,0.674324594756854,2.8848239461152025,3.095458756525488e-08
1275,0.676245747448469,5.397381085173659,1.991097098369819e-06
1275,0.678166900140084,1.3125430847408526,2.133834966563335e-06
1275,0.6800880528316989,2.663058399677753,9.886359282434852e-07
1275,0.6820092055233139,5.078863948723259,3.7149265909988677e-06
1275,0.6839303582149289,3.2087192360792525,2.25391615560407e-06
1275,0.6858515109065438,1.1420300179913332,1.6484982826585909e-06
1275,0.6877726635981588,1.2165239525298037,3.450595979174056e-07
1275,0.6896938162897738,1.5874081398129853,1.2272606369461886e-06
1275,0.6916149689813887,1.5659266659137838,2.96632454354819e-06
1275,0.6935361216730037,2.8327728907998693,1.2649143993575538e-06
1275,0.6954572743646187,3.5874024918581053,2.389361212504551e-06
1275,0.6973784270562337,6.8873334135488005,3.9094945943594605e-06
1275,0.6992995797478486,2.764841569854075,7.31712817128692e-07
1275,0.7012207324394636,4.231203317164212,4.450222508931453e-07
1275,0.7031418851310786,1.270736894837084,8.34190859491731e-07
1275,0.7050630378226935,2.8768076619862417,1.8137334047318417e-06
1275,0.7069841905143085,3.065722207620102,1.3216343657847496e-06
1275,0.7089053432059235,1.2116775701874998,1.4383077399370678e-06
1275,0.7108264958975384,2.0053807795161194,9.63769832040651e-07
1275,0.7127476485891534,2.03965285604655,2.7946749085672962e-06
1275,0.7146688012807684,5.095549628961556,8.830594452826099e-06
1275,0.7165899539723833,1.1544256360097414,1.0803820340469968e-05
1275,0.7185111066639983,2.0823849566955825,9.114942991618018e-06
1275,0.7204322593556133,2.661722743400049,5.225284525546864e-06
1275,0.7223534120472282,0.597376272479586,7.231418066627764e-06
1275,0.7242745647388432,1.804664998951465,5.691059472457249e-06
1275,0.7261957174304582,2.502427505297178,5.674076563483615e-06
1275,0.7281168701220732,4.036237923136356,1.3060658700742388e-06
1275,0.7300380228136881,4.623653944477291,4.5307609291756855e-07
1275,0.7319591755053031,3.5147192478160116,9.777411551978354e-07
1275,0.7338803281969181,1.3029216013761165,2.949034514758557e-06
1275,0.735801480888533,3.6021336197080402,6.344522612579803e-06
1275,0.737722633580148,2.7072728492207614,4.939745359241999e-06
1275,0.739643786271763,0.8365102547328979,5.423194727502214e-06
1275,0.7415649389633779,1.1403228937003977,3.7818552021067754e-06
1275,0.7434860916549929,2.8312811561149496,2.8332977235852815e-06
1275,0.7454072443466079,4.544177554546154,7.819543526579371e-07
1275,0.7473283970382228,1.8268952039458557,2.0398159232444653e-06
1275,0.7492495497298378,5.641306769572071,5.637970640569296e-06
1275,0.7511707024214528,3.2992999795129943,2.5302647828960877e-06
1275,0.7530918551130678,1.9473609490539199,1.223197921256091e-06
1275,0.7550130078046827,2.4022557464775054,1.8072831162326306e-06
1275,0.7569341604962977,2.2037694247041233,6.40146223320791e-07
1275,0.7588553131879127,4.010126648309595,1.6987354330252956e-07
1275,0.7607764658795276,2.624744460723287,9.660332476475613e-07
1275,0.7626976185711426,1.194263425748795,1.6813289724268614e-06
1275,0.7646187712627576,1.3778300901883855,3.309308487203736e-06
1275,0.7665399239543725,0.5103739443661344,5.261645986617623e-06
1275,0.7684610766459875,4.972580161340611,6.78845380101957e-06
1275,0.7703822293376025,1.5152114095521911,7.450982596232426e-06
1275,0.7723033820292174,5.391070641227124,5.56821328148198e-06
1275,0.7742245347208324,0.8057284421121038,1.1931475161211663e-05
1275,0.7761456874124474,4.556810727092043,1.0875808830939413e-05
1275,0.7780668401040624,3.800436295493026,6.721578055687026e-06
1275,0.7799879927956773,3.754504210664329,3.6004550374733922e-06
1275,0.7819091454872923,1.4287126890992532,3.35748169349018e-06
1275,0.7838302981789073,3.182100459418217,3.226520145408894e-06
1275,0.7857514508705222,1.2983083510635636,2.6918017488719855e-06
1275,0.7876726035621372,3.766845640116054,1.543730285963111e-06
1275,0.7895937562537522,2.225735812432671,1.7041081586035526e-06
1275,0.7915149089453671,1.455115005909835,5.996887516877059e-06
1275,0.7934360616369821,2.120684054677371,8.911251747108403e-06
1275,0.7953572143285971,1.7545248917535714,1.220244171556148e-05
1275,0.797278367020212,1.8940333483777017,3.74331433332612e-06
1275,0.799199519711827,6.752819298880651,5.48199542303034e-07
1275,0.801120672403442,0.9963655049576325,2.688187273311879e-07
1275,0.803041825095057,3.097800608642512,1.689594163762918e-07
1275,0.8049629777866719,4.195992766576921,4.957667084102994e-07
1275,0.8068841304782869,3.204593898468449,4.35430144569295e-07
1275,0.8088052831699019,4.765652723820743,3.5012442323029965e-07
1275,0.8107264358615168,3.042823832082468,4.2284618680533535e-07
1275,0.8126475885531318,2.8603235308103274,1.7115017212469044e-06
1275,0.8145687412447468,1.3671466040163336,1.7384311739156592e-06
1275,0.8164898939363617,2.109708626647528,1.7367196833077143e-07
1275,0.8184110466279767,3.209520758484149,2.1355944476036133e-06
1275,0.8203321993195917,6.228142357340422,3.4021186430513124e-06
1275,0.8222533520112066,3.1067035065387927,5.064160253246804e-06
1275,0.8241745047028216,3.6841587197067667,2.5749336844958598e-06
1275,0.8260956573944366,1.6936181817695573,2.8519391323897565e-06
1275,0.8280168100860515,3.713833721378392,2.223088155409773e-06
1275,0.8299379627776665,2.1059073934765222,3.079129858319435e-06
1275,0.8318591154692815,1.0666919641485169,4.509925621699004e-06
1275,0.8337802681608965,3.573071699129657,2.666039669146867e-06
1275,0.8357014208525114,1.8424330126451323,1.6087294086834297e-06
1275,0.8376225735441264,5.000298782906182,1.6718191760298938e-06
1275,0.8395437262357414,0.6357234927619819,3.614289279841508e-06
1275,0.8414648789273563,3.222328160912248,2.328014535434237e-06
1275,0.8433860316189713,2.493733069548474,1.7633981004552364e-06
1275,0.8453071843105863,1.11059955661954,6.845866659548175e-07
1275,0.8472283370022012,1.6987743996577978,2.016575701495976e-06
1275,0.8491494896938162,5.207583155386941,2.67583465332771e-06
1275,0.8510706423854312,1.0625641685039542,4.02564189774815e-06
1275,0.8529917950770461,1.5129012510295226,1.927266516094718e-06
1275,0.8549129477686611,2.9116769085249596,1.4565360659401758e-07
1275,0.8568341004602761,4.031441782793048,6.903150713966199e-07
1275,0.858755253151891,5.756754765605706,3.386336394230404e-06
1275,0.860676405843506,3.892873150342895,1.3002187755686476e-06
1275,0.862597558535121,1.0887699695574906,1.1339800166200044e-06
1275,0.864518711226736,2.609272731156776,2.9341831139291725e-07
1275,0.8664398639183509,3.5624979476787364,7.640364529210819e-07
1275,0.8683610166099659,1.5109266888043944,2.0216359475783027e-06
1275,0.8702821693015809,1.8667135397583778,1.6008376252695678e-06
1275,0.8722033219931958,4.882098161329418,7.10023562812589e-07
1275,0.8741244746848108,4.113342667629243,9.87037909850707e-07
1275,0.8760456273764258,6.36052961120358,2.5532044748407013e-06
1275,0.8779667800680407,4.029220599122946,4.745275151483344e-06
1275,0.8798879327596557,0.8496039088222843,3.0177090589520417e-06
1275,0.8818090854512707,1.8804543626076897,9.022179864902085e-07
1275,0.8837302381428856,3.8572065889751594,1.7903091159594746e-06
1275,0.8856513908345006,3.331002705399674,1.4913789705796305e-06
1275,0.8875725435261156,2.011649994031299,3.293228277004298e-06
1275,0.8894936962177306,1.965260697058603,2.1815339477649976e-06
1275,0.8914148489093455,2.7197762636122547,7.508908887054072e-07
1275,0.8933360016009605,1.9192178267008613,4.098399045438788e-07
1275,0.8952571542925755,6.270347984793785,2.5494659054102606e-06
1275,0.8971783069841904,0.6590197732772044,2.0291966380366484e-06
1275,0.8990994596758054,6.556383901023358,1.7365303706649997e-06
1275,0.9010206123674204,2.0237872962127197,7.28659125321554e-07
1275,0.9029417650590353,1.3567988628156307,8.12956635335229e-07
1275,0.9048629177506503,2.0200558612133475,1.8816300471372646e-06
1275,0.9067840704422653,4.66980342421143,9.625048127988188e-07
1275,0.9087052231338802,1.715830072444044,1.1794288442582566e-06
1275,0.9106263758254952,1.5973457986123487,5.097314123584426e-08
1275,0.9125475285171102,1.2988500342714635,1.1927669861149135e-06
1275,0.9144686812087252,2.4608931708388244,4.662739390916886e-06
1275,0.9163898339003401,2.9540233979155692,3.352019759406662e-06
1275,0.9183109865919551,2.8260388534014975,1.7968993272449673e-06
1275,0.9202321392835701,2.0007731346227846,2.608511483655471e-07
1275,0.922153291975185,4.828431216026055,5.3295929523499095e-08
1275,0.9240744446668,2.2496064530020403,6.626043979989184e-07
1275,0.925995597358415,2.487557494610392,4.07742419670978e-07
1275,0.9279167500500299,4.473811222424642,1.4259289887465955e-06
1275,0.9298379027416449,3.0500121944351037,8.351889750180619e-07
1275,0.9317590554332599,5.934321917742925,3.798499678905949e-06
1275,0.9336802081248748,0.1062071701235794,4.914817928246955e-06
1275,0.9356013608164898,5.7550425641314105,5.2236399854167215e-06
1275,0.9375225135081048,2.716401965029246,1.6933666686288218e-06
1275,0.9394436661997198,2.401227059114255,1.4119796187561672e-06
1275,0.9413648188913347,3.9740885822314356,1.093774307400959e-06
1275,0.9432859715829497,4.49120317477272,7.878685881807732e-07
1275,0.9452071242745647,2.293050818593697,7.217211953376949e-07
1275,0.9471282769661796,4.144240504244896,4.2477141326926775e-07
1275,0.9490494296577946,5.47454548483011,2.64778217754976e-07
1275,0.9509705823494096,0.5557801221641914,1.6650535036061704e-06
1275,0.9528917350410245,4.838809302807572,2.8488291335180846e-06
1275,0.9548128877326395,3.5681956579355347,2.6001162579861237e-06
1275,0.9567340404242545,3.0873564228043477,1.194296135140442e-06
1275,0.9586551931158694,0.6257934149641673,5.825883005896757e-07
1275,0.9605763458074844,2.184896798559658,1.1131329082395038e-06
1275,0.9624974984990994,1.6245066421271237,1.2809543756727203e-07
1275,0.9644186511907143,1.4648843879172357,1.230204919546134e-07
1275,0.9663398038823293,3.820480317082668,1.778787162244255e-07
1275,0.9682609565739443,3.5955078122440627,3.9634259534609015e-07
1275,0.9701821092655593,1.9446288392200037,1.0002364094376088e-06
1275,0.9721032619571742,1.846851276479371,3.04435756403583e-06
1275,0.9740244146487892,1.5238531385049217,1.7167009066969575e-06
1275,0.9759455673404042,0.9388155951512505,9.321045119383507e-07
1275,0.9778667200320191,1.8034534582234412,2.5498897503803233e-07
1275,0.9797878727236341,5.350778370744549,1.5025265527500604e-07
1275,0.9817090254152491,0.805062590614194,9.125649880534625e-08
1275,0.983630178106864,2.4670497836481724,7.153171796496824e-07
1275,0.985551330798479,2.1624566926829827,6.082905820288198e-07
1275,0.987472483490094,2.242447359708646,1.9091279600902842e-06
1275,0.989393636181709,1.2414823560495387,1.1862879730199297e-06
1275,0.9913147888733239,4.5148332764270185,3.2075789527010344e-06
1275,0.9932359415649389,1.7942743512652757,3.3958937013435505e-06
1275,0.9951570942565539,2.815089474187721,1.2082995876896502e-06
1275,0.9970782469481688,1.7923831492425137,6.113343541874813e-07
1275,0.9989993996397838,5.896970304289358,3.4904017675038046e-07
1275,1.0009205523313989,6.043135921652447,3.6304495693212414e-08
1275,1.0028417050230138,3.4118981865228144,2.1694612610442426e-07
1275,1.0047628577146288,1.5848301456868936,5.173753330267419e-07
1275,1.0066840104062438,1.3963288808629946,7.578594038790607e-07
1275,1.0086051630978587,3.1340738828259727,6.85086453601897e-07
1275,1.0105263157894737,1.0272738791957063,4.6712764923166443e-07
1275,1.0124474684810887,2.8068287713469893,1.7458769022431871e-06
1275,1.0143686211727037,2.5413473873799757,3.363523564487456e-07
1275,1.0162897738643186,1.046548855009201,6.342939196126028e-08
1275,1.0182109265559336,1.315870875253125,1.1245381888502273e-06
1275,1.0201320792475486,4.179866888643085,6.851215714973424e-07
1275,1.0220532319391635,3.352555262988139,4.943243537043714e-07
1275,1.0239743846307785,2.072955274903511,1.8664320372306074e-06
1275,1.0258955373223935,2.697717976265857,1.3263337919505556e-06
1275,1.0278166900140084,2.7315924972971586,1.8601678592756887e-06
1275,1.0297378427056234,2.442232280149816,7.256050359909122e-07
1275,1.0316589953972384,0.8658622994997359,1.1161736120455706e-06
1275,1.0335801480888533,4.014763591726715,9.77156788725548e-07
1275,1.0355013007804683,1.7807550507529155,2.897989629460755e-07
1275,1.0374224534720833,1.4256916760922764,7.46329793582681e-07
1275,1.0393436061636983,2.111958527211042,1.276178071060537e-06
1275,1.0412647588553132,2.1363601698445636,6.161714559165515e-07
1275,1.0431859115469282,1.491643335205102,1.5533928195481859e-06
1275,1.0451070642385432,2.1589829351694574,2.4453217282172836e-06
1275,1.0470282169301581,2.8799004919870375,1.7195729384220478e-06
1275,1.048949369621773,1.9714473364606566,1.274254965727482e-06
1275,1.050870522313388,4.18319375678141,5.413927006203377e-07
1275,1.052791675005003,2.877162312110488,1.013544768606475e-06
1275,1.054712827696618,2.9238228315099812,8.638162694460706e-07
1275,1.0566339803882328,2.1074924689833634,8.884181136860518e-07
1275,1.0585551330798477,3.211391795554035,1.0838819462263101e-06
1275,1.0604762857714627,0.7417988082764548,3.3580516313001523e-07
1275,1.0623974384630777,2.943476211981975,8.277143135519688e-07
1275,1.0643185911546926,4.971235650360531,1.8960829704455643e-06
1275,1.0662397438463076,1.1714710834879496,1.1250009660191145e-06
1275,1.0681608965379226,5.081525505030128,6.930244223520593e-07
1275,1.0700820492295375,2.989560047792416,1.6271829729038238e-07
1275,1.0720032019211525,3.750063722603174,1.9102469148968372e-07
1275,1.0739243546127675,2.658457722995925,7.919098283936165e-07
1275,1.0758455073043824,2.0176249836428166,1.9262081032358992e-06
1275,1.0777666599959974,5.3618828109444,6.16082066861623e-07
1275,1.0796878126876124,3.055466984213023,3.20616084659137e-07
1275,1.0816089653792273,2.4015419312106783,2.0460504326897033e-06
1275,1.0835301180708423,1.3537659570777731,1.8342783575641859e-06
1275,1.0854512707624573,1.1959743392726214,1.8658404692866613e-06
1275,1.0873724234540723,2.193846974379052,1.856417928044981e-07
1275,1.0892935761456872,0.6569156747939409,1.457245944902983e-07
1275,1.0912147288373022,2.844902623312899,1.5934711856740236e-06
1275,1.0931358815289172,1.0054045153136104,1.287032346371852e-06
1275,1.0950570342205321,1.9156188537453425,2.4717018960157773e-06
1275,1.096978186912147,1.8432313282585686,1.4034324799723559e-06
1275,1.098899339603762,0.5272532339744331,1.624782664607706e-07
1275,1.100820492295377,2.2964275583268274,1.220929941660907e-06
1275,1.102741644986992,1.1562302283238461,1.8098613831552014e-06
1275,1.104662797678607,1.935636826068419,1.3616546534489405e-06
1275,1.106583950370222,1.8441273749508726,1.732452756088144e-07
1275,1.108505103061837,2.429033647204729,4.809732462194596e-07
1275,1.1104262557534519,3.534970534679302,2.0505554055542406e-06
1275,1.1123474084450669,1.540206392394437,2.1779076062037925e-06
1275,1.1142685611366818,2.0025686970008603,1.472669516222718e-06
1275,1.1161897138282968,4.407999295866212,2.4180778666846505e-06
1275,1.1181108665199118,0.056192752986024025,8.378194037198755e-07
1275,1.1200320192115267,0.725597422572548,8.684798033868087e-07
1275,1.1219531719031417,2.2137394878648493,2.547314390305822e-06
1275,1.1238743245947567,3.9851359688279007,8.964486573270246e-07
1275,1.1257954772863716,4.031556808008766,7.954823630999085e-07
1275,1.1277166299779866,2.258189322760444,5.874421233003356e-07
1275,1.1296377826696016,2.3503916735303427,1.1096021678522791e-06
1275,1.1315589353612165,0.5723807317261488,1.6495605437138675e-06
1275,1.1334800880528315,2.1011709520411355,4.288694702252079e-07
1275,1.1354012407444465,3.002468122739495,1.5465652097347575e-06
1275,1.1373223934360615,1.4688931290657974,3.5022346519819434e-06
1275,1.1392435461276764,1.7396906615700949,2.163610591879412e-06
1275,1.1411646988192914,2.568660019750858,3.5364658377563636e-06
1275,1.1430858515109064,1.3946778043206567,2.478710197263934e-06
1275,1.1450070042025213,1.1540279098039103,5.953790552010012e-07
1275,1.1469281568941363,1.44571874863706,4.4113457179087704e-07
1275,1.1488493095857513,1.426017030704441,1.8959569585775156e-06
1275,1.1507704622773662,3.4215114683773624,2.8157213973832257e-06
1275,1.1526916149689812,0.8350477687144101,5.112997095746324e-07
1275,1.1546127676605962,1.6898852023888304,3.9309025165074094e-07
1275,1.1565339203522111,1.4911420573568788,1.0653222928916171e-06
1275,1.1584550730438261,3.036691939626571,1.2920767148592106e-06
1275,1.160376225735441,1.8419468311843694,9.336989991153289e-07
1275,1.162297378427056,0.7646008034411107,1.5358224580161577e-06
1275,1.164218531118671,2.8951660341435534,1.27566874637843e-06
1275,1.166139683810286,0.7113958418569384,1.4573032220563409e-06
1275,1.168060836501901,1.0353650052038224,5.392615403099032e-06
1275,1.169981989193516,1.2571253683506307,3.277885732303546e-06
1275,1.171903141885131,1.6550653998783955,1.01231387062516e-06
1275,1.1738242945767459,0.9642173303615075,1.129446774514829e-06
1275,1.1757454472683608,2.911486515846261,2.1462328642687992e-06
1275,1.1776665999599758,2.9036943032482516,1.4275209469155893e-06
1275,1.1795877526515908,2.738821754998043,1.2305485650646908e-07
1275,1.1815089053432057,0.9228693295427185,2.622089826393051e-07
1275,1.1834300580348207,1.0039519518922253,1.06143204773888e-06
1275,1.1853512107264357,1.4859895945970423,1.4876739429219228e-06
1275,1.1872723634180506,1.9222760488345965,2.215728474554662e-06
1275,1.1891935161096656,2.4651597889452432,2.563016280663471e-06
1275,1.1911146688012806,1.4043193297293508,2.167992701360437e-07
1275,1.1930358214928956,1.6188628639653457,2.9349288356084603e-06
1275,1.1949569741845105,2.1882170476244895,7.072266057697606e-06
1275,1.1968781268761255,1.9342932162201902,4.301087074576881e-06
1275,1.1987992795677405,1.315073323342178,8.597824518151638e-07
1275,1.2007204322593554,4.50399690700054,1.9145009734404876e-07
1275,1.2026415849509704,2.1600436115669868,4.7410245495133965e-07
1275,1.2045627376425854,1.3895805336211127,2.2591864835598166e-07
1275,1.2064838903342003,1.3109789350816259,1.3151153798370016e-07
1275,1.2084050430258153,0.7503410245252335,5.487304036084322e-07
1275,1.2103261957174303,1.5474217443023026,4.1647009249327963e-07
1275,1.2122473484090452,1.6984018052463983,2.396597197086281e-06
1275,1.2141685011006602,2.1307349088951137,6.24031453048026e-06
1275,1.2160896537922752,1.4283888653778383,3.0495852760047908e-06
1275,1.2180108064838902,1.76576295241408,5.138847093289024e-07
1275,1.2199319591755051,1.3181152204217936,2.6456651873864664e-06
1275,1.22185311186712,0.8311651641038629,2.340465626231636e-06
1275,1.223774264558735,1.5812013908238958,2.11390880849653e-06
1275,1.22569541725035,0.8725927182592798,5.136795784002137e-07
1275,1.227616569941965,2.0555222125070225,6.159048121786047e-07
1275,1.22953772263358,2.2511975431002385,9.888608396808552e-08
1275,1.231458875325195,1.191080394420831,1.389678104384845e-06
1275,1.23338002801681,0.8468505478632021,2.6824269112577113e-06
1275,1.2353011807084249,1.637711343796413,2.587892082857999e-06
1275,1.2372223334000398,1.3774216422262038,1.4098329142115032e-07
1275,1.2391434860916548,1.1697697427745721,1.7378366846393682e-06
1275,1.2410646387832698,1.6619832094297553,2.9106195672417085e-06
1275,1.2429857914748847,1.0154259145005196,8.368647612884783e-07
1275,1.2449069441664997,1.302184829863189,2.270395618034791e-07
1275,1.2468280968581147,2.0634928534897767,2.1986627337771182e-07
1275,1.2487492495497297,2.5958285579911395,2.4641280867419435e-07
1275,1.2506704022413446,1.527271697756521,1.912298062590704e-06
1275,1.2525915549329596,1.82588047440766,3.065677957420388e-06
1275,1.2545127076245746,1.6605378541397129,3.213104715065133e-06
1275,1.2564338603161895,1.7610326574217234,7.265614036320238e-07
1275,1.2583550130078045,1.757037529507759,1.1786412085800204e-06
1275,1.2602761656994195,1.39652048619578,2.5861551274325288e-06
1275,1.2621973183910344,2.113859855042891,7.435764965623926e-07
1275,1.2641184710826494,1.456802473524899,1.1960715185947743e-07
1275,1.2660396237742644,1.0877898088231523,4.206993121368296e-07
1275,1.2679607764658793,1.2529820685497084,2.7622300140251053e-07
1275,1.2698819291574943,1.4223993947443807,6.306724951183463e-07
1275,1.2718030818491093,0.9934471866742103,2.667869557082416e-06
1275,1.2737242345407243,0.675761162265457,1.5304377134258842e-06
1275,1.2756453872323392,2.1115628682020406,9.1922560756188e-07
1275,1.2775665399239542,0.8065749726564627,2.1185489076293253e-06
1275,1.2794876926155692,0.47293598034645057,2.063498089494564e-06
1275,1.2814088453071841,1.9390359379657318,1.2531186799564802e-06
1275,1.283329997998799,0.43519822445204753,7.438527504282616e-08
1275,1.285251150690414,0.6146128125894893,9.785740151170275e-07
1275,1.287172303382029,1.4783448484311004,2.301814088636038e-06
1275,1.289093456073644,2.6178025607732267,1.1831340606488946e-06
1275,1.291014608765259,2.801548059294504,1.935081787617384e-06
1275,1.292935761456874,0.7851330917076931,1.598294606922488e-06
1275,1.294856914148489,1.686423865361062,7.278593980561112e-07
1275,1.2967780668401039,1.7233683113528049,8.474964510492e-08
1275,1.2986992195317189,1.8705972909039241,5.873806290192136e-07
1275,1.3006203722233338,1.4185335208406298,2.8219082967109045e-08
1275,1.3025415249149488,1.7733530097568475,1.32724098678404e-06
1275,1.3044626776065638,2.2496691367466237,3.5665744249167754e-06
1275,1.3063838302981787,1.6172967193052543,4.040013056150802e-06
1275,1.3083049829897937,2.0892651946198297,2.7913177511056678e-06
1275,1.3102261356814087,0.8169284069602446,2.4450011450248377e-06
1275,1.3121472883730236,2.0326680099228738,5.261305709091036e-06
1275,1.3140684410646386,0.7664066589632262,2.265919047072671e-06
1275,1.3159895937562536,0.7481419989604112,1.0028428433641916e-06
1275,1.3179107464478685,1.4009441197926207,3.4854956996535896e-07
1275,1.3198318991394835,0.6907730029020387,2.789813648164772e-07
1275,1.3217530518310985,1.5301043620530375,1.2553777703492907e-06
1275,1.3236742045227134,1.4362921707959184,3.3542577882376364e-06
1275,1.3255953572143284,1.3734446320220302,2.335249843409363e-06
1275,1.3275165099059434,1.157341217315985,1.636802764483876e-06
1275,1.3294376625975584,1.1004170849242425,2.1083435270860016e-06
1275,1.3313588152891733,1.6101629253236374,4.305959923237063e-06
1275,1.3332799679807883,1.871179366225314,5.3133164109463734e-06
1275,1.3352011206724033,0.856613130457406,1.953384031276837e-06
1275,1.3371222733640182,2.0594868767210537,3.174961633547918e-06
1275,1.3390434260556332,1.8154583021790391,2.399004323637684e-06
1275,1.3409645787472482,0.7999534995888671,4.4864133054704324e-07
1275,1.3428857314388631,0.9834489056766741,1.567502133892743e-07
1275,1.344806884130478,1.2850240581618504,8.099599096168996e-07
1275,1.346728036822093,0.2441564982463206,1.572791489099538e-06
1275,1.348649189513708,0.6301186564447678,4.5330900024542737e-07
1275,1.350570342205323,2.183174647387705,1.9705838615464539e-07
1275,1.352491494896938,0.7216179795314336,1.4299399538876875e-07
1275,1.354412647588553,1.5450850582524147,1.415515266127844e-06
1275,1.356333800280168,1.25240324767356,2.7612306990597235e-06
1275,1.358254952971783,1.2889966834913968,3.8083661075671794e-06
1275,1.3601761056633979,1.4645012165203144,2.7508634161928843e-06
1275,1.3620972583550128,0.2446868465417729,2.5233463611326657e-06
1275,1.3640184110466278,1.0805918483785983,6.8344134733836875e-06
1275,1.3659395637382428,0.5266538720072994,5.228994981608532e-06
1275,1.3678607164298577,0.9400398415328766,4.005753003205191e-06
1275,1.3697818691214727,1.2250816392658572,1.0278537536142511e-06
1275,1.3717030218130877,1.9546110492956676,7.25467796932305e-07
1275,1.3736241745047026,2.033533725463985,4.3947611826928026e-07
1275,1.3755453271963176,0.8456405144294536,2.3290889983768072e-06
1275,1.3774664798879326,2.010228759197592,2.04108093000185e-06
1275,1.3793876325795476,0.6814216550980489,3.1105204949533747e-06
1275,1.3813087852711625,2.5259989444273243,5.74387123685925e-06
1275,1.3832299379627775,0.9025116698838003,6.2004587215774315e-06
1275,1.3851510906543925,0.5653142810967206,7.171620174642665e-06
1275,1.3870722433460074,1.5782020362042957,2.491465233891716e-06
1275,1.3889933960376224,0.23612851383514083,1.970431117187088e-06
1275,1.3909145487292374,0.8175798760234999,1.6476211122147223e-06
1275,1.3928357014208523,1.0656784610276677,9.25983025504036e-07
1275,1.3947568541124673,2.205988144661464,9.780858868354188e-08
1275,1.3966780068040823,0.930788033324172,1.0062091396198852e-06
1275,1.3985991594956972,0.28879060889511077,4.822747360748965e-07
1275,1.4005203121873122,1.7656593963437044,1.3505642986400794e-06
1275,1.4024414648789272,0.6528126843415734,6.280873320289134e-07
1275,1.4043626175705421,0.8226656273295115,7.16379946849976e-07
1275,1.4062837702621571,0.2515685599785442,2.4724671863316205e-07
1275,1.408204922953772,0.45882797140197756,1.8695295498590568e-06
1275,1.410126075645387,0.8271272541811312,4.189029002602207e-06
1275,1.412047228337002,1.3429941327331734,3.4118672447118533e-06
1275,1.413968381028617,0.825223048003757,1.2643500759334224e-06
1275,1.415889533720232,2.1976705403899133,1.4996192066044287e-06
1275,1.417810686411847,1.8688876087008277,7.524188646778995e-07
1275,1.419731839103462,1.2118780600401533,9.832077939988074e-07
1275,1.4216529917950769,0.5697771992736287,1.5476523111818638e-06
1275,1.4235741444866918,1.1420669287280947,1.5144433136124475e-06
1275,1.4254952971783068,1.974343100373398,1.3361661161587553e-06
1275,1.4274164498699218,1.3366919046297139,7.697419390247288e-07
1275,1.4293376025615367,1.7460991948242923,4.4295602976939103e-07
1275,1.4312587552531517,1.1546303593667735,9.481408559639688e-07
1275,1.4331799079447667,0.8340432355476936,2.422050074578141e-07
1275,1.4351010606363817,0.6945330011765207,1.2546218319459595e-06
1275,1.4370222133279966,1.0350983895318593,2.549687445988902e-06
1275,1.4389433660196116,0.9646646511930795,1.0702834456192996e-06
1275,1.4408645187112266,0.8813710431735585,1.3529271627854207e-06
1275,1.4427856714028415,1.5534499121738976,3.888638689317434e-07
1275,1.4447068240944565,0.8810995203390458,6.937832325824836e-07
1275,1.4466279767860715,0.8508865479464931,2.576084371575422e-07
1275,1.4485491294776864,0.9624204038953711,1.0156365974622627e-06
1275,1.4504702821693014,0.519166554556584,8.492494693746408e-07
1275,1.4523914348609164,1.1226392991216554,1.319699554666009e-07
1275,1.4543125875525313,0.6044812495618894,1.427307695507036e-06
1275,1.4562337402441463,1.7111003827309956,2.3997054965967492e-06
1275,1.4581548929357613,0.2762880049037661,1.0971718260879698e-06
1275,1.4600760456273763,0.9725923299286414,1.08833142973976e-07
1275,1.4619971983189912,1.0408860906309167,2.7520711135481013e-09
1275,1.4639183510106062,0.37531622852409946,6.429299028284347e-07
1275,1.4658395037022212,0.42398708773683225,6.696994929159828e-07
1275,1.4677606563938361,0.46767827743539303,2.4608013097554227e-06
1275,1.469681809085451,1.807163678032833,6.835485369354748e-07
1275,1.471602961777066,0.6108701306687946,4.0831640729323225e-07
1275,1.473524114468681,0.4019404216614069,4.219453053659724e-06
1275,1.475445267160296,1.3950358702292271,5.041364066249773e-06
1275,1.477366419851911,0.8351043776877667,4.188422475463257e-06
1275,1.479287572543526,1.0888506087396281,6.367087934567321e-07
1275,1.481208725235141,0.5162476176056088,1.663884634383122e-07
1275,1.4831298779267559,0.819282914869027,4.316063666451286e-09
1275,1.4850510306183708,1.816433693535541,7.650559608757253e-08
1275,1.4869721833099858,1.7077877872890606,2.920282627747757e-07
1275,1.4888933360016008,0.7180111295827052,6.461651211238468e-08
1275,1.4908144886932158,1.9199502691763004,4.859996065435563e-07
1275,1.4927356413848307,0.43770710414239755,2.198746013505069e-06
1275,1.4946567940764457,0.2837700187092737,4.414581819594579e-06
1275,1.4965779467680607,1.1646805100349666,1.2998996782691396e-06
1275,1.4984990994596756,0.6623263510438707,8.855289071993495e-08
1275,1.5004202521512906,1.1537758866452907,1.1319121923558058e-06
1275,1.5023414048429056,1.0448069521691294,1.3876713037414688e-06
1275,1.5042625575345205,1.352706296236682,1.484266774689681e-06
1275,1.5061837102261355,1.2695012324827866,1.097170541810296e-06
1275,1.5081048629177505,0.5351459820472386,1.6363725543485954e-06
1275,1.5100260156093654,0.5486050410737422,7.923550771832069e-08
1275,1.5119471683009804,0.460978267647087,2.1480423876096848e-08
1275,1.5138683209925954,0.9115896638195101,1.1948804662046256e-06
1275,1.5157894736842104,0.2513142856421659,1.4323060893804034e-07
1275,1.5177106263758253,1.5899153802537926,1.7814558365758048e-06
1275,1.5196317790674403,1.0608449243358622,4.810466603780779e-06
1275,1.5215529317590553,0.7037792486873464,4.89483134576929e-06
1275,1.5234740844506702,1.3924028966793998,3.2720336487133257e-06
1275,1.5253952371422852,1.1010613171642856,2.792590278163063e-06
1275,1.5273163898339002,1.7445428728795818,2.3223289846855723e-06
1275,1.5292375425255151,0.240758957345247,3.2388180886249885e-06
1275,1.53115869521713,0.5954904950609116,2.5668984409384136e-06
1275,1.533079847908745,1.6614387925320007,4.888840834859543e-06
1275,1.53500100060036,0.7974575166948088,3.146453624716642e-06
1275,1.536922153291975,1.1011850973320008,2.1841976612056656e-06
1275,1.53884330598359,1.220680522856829,1.3690074979283544e-06
1275,1.540764458675205,0.7472800791540188,1.4041372095802405e-06
1275,1.54268561136682,0.6640207004012332,6.45651574076464e-07
1275,1.544606764058435,0.7540203616611161,1.1586801670167064e-06
1275,1.5465279167500499,0.7770305864973336,2.4374492819335863e-06
1275,1.5484490694416648,0.7222383116945353,2.358512679659735e-06
1275,1.5503702221332798,0.7119946819118746,4.477547217294361e-06
1275,1.5522913748248948,1.2176437860788565,3.405308483400117e-06
1275,1.5542125275165097,0.2074618999084234,3.123466328000266e-06
1275,1.5561336802081247,1.019728460057531,7.748154017330289e-07
1275,1.5580548328997397,0.2676795349097955,6.538070766718532e-07
1275,1.5599759855913546,1.4237314368231224,2.0359987515682404e-06
1275,1.5618971382829696,0.3683878790837412,5.997649256376213e-07
1275,1.5638182909745846,0.8053499299828202,5.102922746475078e-07
1275,1.5657394436661995,1.4237775330610167,5.451904636897694e-08
1275,1.5676605963578145,1.3253607962863574,5.456303996211052e-08
1275,1.5695817490494295,0.6495684227584946,5.941370201810344e-08
1275,1.5715029017410445,0.594734297389466,7.71343544772574e-07
1275,1.5734240544326594,0.47150455883371023,6.64230130431541e-07
1275,1.5753452071242744,0.36295468782416496,2.130431375855091e-06
1275,1.5772663598158894,0.5960469035731141,4.915276004136029e-06
1275,1.5791875125075043,0.6935893307705312,3.4716942272346113e-06
1275,1.5811086651991193,1.6411451764250484,2.9230032093431855e-06
1275,1.5830298178907343,0.6334701477740694,4.268308667288751e-07
1275,1.5849509705823492,0.25583051830694087,8.427892886813336e-07
1275,1.5868721232739642,0.7292548841265911,1.5316457288277415e-06
1275,1.5887932759655792,0.3393898748415443,1.4040502736958742e-06
1275,1.5907144286571941,1.4512932241059817,5.132185523018668e-07
1275,1.5926355813488091,1.0756367049385076,7.876358014621524e-07
1275,1.594556734040424,1.1754123525685034,1.1265059133481846e-06
1275,1.596477886732039,1.599626616611066,3.0365890852094712e-06
1275,1.598399039423654,1.005876197904229,3.164765575898001e-06
1275,1.600320192115269,0.13746390451822352,1.1364746003732735e-06
1275,1.602241344806884,0.6020205158163032,2.475270713965766e-06
1275,1.604162497498499,0.11513559936095158,2.7543602108431287e-06
1275,1.606083650190114,1.0293646362636661,3.201713653380066e-06
1275,1.6080048028817289,0.6774140693048387,1.708057968765465e-06
1275,1.6099259555733438,1.1078459592820957,4.341507164644043e-07
1275,1.6118471082649588,0.44082176019849395,8.630223761728557e-07
1275,1.6137682609565738,1.4810160271454316,6.134743690101257e-07
1275,1.6156894136481887,1.3791524938738142,6.629239918069741e-07
1275,1.6176105663398037,0.9077953650446491,8.577944284526175e-07
1275,1.6195317190314187,0.5403112998373426,1.5150643157815072e-08
1275,1.6214528717230337,0.685447419018101,5.7437913469775666e-08
1275,1.6233740244146486,0.45277001612745826,1.1607530719460686e-06
1275,1.6252951771062636,0.6359759311973776,3.3327162324879235e-07
1275,1.6272163297978786,1.5231120032116143,3.452890411492915e-07
1275,1.6291374824894935,0.571792544394674,3.301824189755041e-07
1275,1.6310586351811085,0.7756806299592963,9.663422662143484e-07
1275,1.6329797878727235,1.5772369457296165,2.30326601360468e-06
1275,1.6349009405643384,0.30271945553078794,1.4777014999356556e-06
1275,1.6368220932559534,0.644440966076974,1.7352342551654187e-06
1275,1.6387432459475684,0.5899415393828562,8.436401056291949e-07
1275,1.6406643986391833,0.8020710688308549,3.1289244762326544e-08
1275,1.6425855513307983,0.1813554249564306,5.290906362419795e-07
1275,1.6445067040224133,0.8030982164112448,4.4431997722385103e-07
1275,1.6464278567140282,0.8692363345395921,3.866883875657471e-07
1275,1.6483490094056432,0.20537526391615513,1.7639696055800407e-08
1275,1.6502701620972582,0.6975395173250029,4.4460244838131786e-07
1275,1.6521913147888732,0.758672751106757,6.586939461492125e-07
1275,1.6541124674804881,0.8567732156145921,1.0995676974261173e-06
1275,1.656033620172103,0.9540832856692787,6.458518768069573e-07
1275,1.657954772863718,1.3142376956713593,8.006945309711604e-07
1275,1.659875925555333,0.41431052029334264,8.079547781187193e-07
1275,1.661797078246948,1.2469504904618343,6.547452090480271e-07
1275,1.663718230938563,1.0004355363771773,1.921815429633227e-06
1275,1.665639383630178,0.7298317517729224,6.121269688915689e-07
1275,1.667560536321793,0.4468633270589183,4.2335309920995586e-07
1275,1.6694816890134079,1.8084056961351975,1.1463196051988404e-06
1275,1.6714028417050228,1.6679646659773553,1.0263990281004927e-06
1275,1.6733239943966378,0.5295712505408672,1.393762000831145e-06
1275,1.6752451470882528,0.955898676168059,6.311221237675868e-07
1275,1.6771662997798678,1.5566649230076985,1.339824184003648e-07
1275,1.6790874524714827,0.7139000996223327,4.9609624645608874e-08
1275,1.6810086051630977,0.6276062222671032,8.413523442122637e-07
1275,1.6829297578547127,1.3296118022407206,3.807562457123391e-07
1275,1.6848509105463276,0.5497761357237428,7.127698991465555e-07
1275,1.6867720632379426,0.10847449554851618,4.3447050330043165e-07
1275,1.6886932159295576,0.24910162515451326,1.1550094320396999e-06
1275,1.6906143686211725,0.8738437086628096,3.529826064778995e-06
1275,1.6925355213127875,1.3760865520306884,2.6372988284611257e-06
1275,1.6944566740044025,1.2022752638645382,3.0955358151165944e-06
1275,1.6963778266960174,0.41637833213924486,1.4650690702677465e-06
1275,1.6982989793876324,0.45560770158982755,6.642660057673041e-07
1275,1.7002201320792474,1.8007558335184408,4.447346545312344e-07
1275,1.7021412847708624,1.2976313176472143,1.6488924941234174e-07
1275,1.7040624374624773,1.132342234444863,5.964025149749986e-07
1275,1.7059835901540923,0.31406256117683307,1.1492050785154076e-07
1275,1.7079047428457073,0.2489897063435303,4.422946544978813e-07
1275,1.7098258955373222,1.036533654469734,8.37975852088842e-07
1275,1.7117470482289372,0.855274186266993,1.626352764703738e-06
1275,1.7136682009205522,1.2772468994918202,9.634488513731816e-07
1275,1.7155893536121671,0.957961689157195,2.125006228598111e-06
1275,1.717510506303782,1.47340725137523,2.2884543872022537e-06
1275,1.719431658995397,0.11090570624372828,2.7111752571625476e-06
1275,1.721352811687012,0.35867662506742154,2.7028002081316845e-06
1275,1.723273964378627,0.9524299624733791,1.7935287896156043e-06
1275,1.725195117070242,0.6357321216389553,1.4347464341147828e-06
1275,1.727116269761857,1.046351930190342,1.9988517605820736e-07
1275,1.729037422453472,0.1020837907580275,6.972229673209993e-07
1275,1.7309585751450869,0.3629582525356647,5.349868044567481e-07
1275,1.7328797278367019,0.21084735251619874,3.033477362359759e-07
1275,1.7348008805283168,0.8379265955017364,4.955100961740794e-07
1275,1.7367220332199318,1.6530979797137386,1.8182934152474037e-06
1275,1.7386431859115468,0.5236736527059559,1.8969909184295068e-06
1275,1.7405643386031617,0.3231633256136759,1.424563700300249e-06
1275,1.7424854912947767,2.20451416900214,1.2069504071400582e-06
1275,1.7444066439863917,0.5211800960984981,9.255572507311871e-07
1275,1.7463277966780066,1.3872356017661154,2.7588111605572172e-06
1275,1.7482489493696216,1.155637259754119,2.2627854049427063e-06
1275,1.7501701020612366,1.4827491993100452,2.7507025072877054e-06
1275,1.7520912547528515,0.36454293783850544,1.043375425180421e-06
1275,1.7540124074444665,1.0968192707397753,8.278033765026101e-08
1275,1.7559335601360815,1.334640375806969,5.958686640137818e-07
1275,1.7578547128276965,0.8465182401916892,4.1916206649309343e-07
1275,1.7597758655193114,1.6041882589438163,7.589343468907997e-08
1275,1.7616970182109264,1.0905125480730535,2.1102838819843788e-07
1275,1.7636181709025414,1.1119483897594948,1.1854758852336532e-06
1275,1.7655393235941563,0.4207915174345042,1.205753381290086e-06
1275,1.7674604762857713,0.6363454684729121,2.0038804625245184e-06
1275,1.7693816289773863,1.103830450045345,6.48048113368707e-07
1275,1.7713027816690012,0.7375745425945033,1.1143379585563858e-06
1275,1.7732239343606162,0.4484798603080274,2.557337476424299e-06
1275,1.7751450870522312,0.8764071780949494,2.36181159442024e-06
1275,1.7770662397438461,0.5145761246365987,3.332597812950746e-06
1275,1.7789873924354611,1.1265699564499694,7.678445149202858e-07
1275,1.780908545127076,1.030372406308062,5.88863575663632e-07
1275,1.782829697818691,1.6209350963918723,8.818132372352021e-08
1275,1.784750850510306,0.301785402875195,4.086967836624549e-08
1275,1.786672003201921,1.6084617563367538,2.0672921983420868e-07
1275,1.788593155893536,1.1002507315371903,9.433685805902174e-08
1275,1.790514308585151,1.5775129057321262,5.817691595315796e-07
1275,1.792435461276766,1.8030098753461579,2.3940857764509524e-06
1275,1.7943566139683809,1.960796150804798,3.0250785925920103e-06
1275,1.7962777666599958,0.9343680264323758,1.3024113813849154e-06
1275,1.7981989193516108,1.282879681128599,5.365092784528698e-07
1275,1.8001200720432258,0.6766283538328507,3.968020853085041e-07
1275,1.8020412247348407,0.13425236966019685,7.422289947039498e-07
1275,1.8039623774264557,0.3983759401551032,1.6846396752201978e-06
1275,1.8058835301180707,0.9631987067196602,1.0836033666686807e-06
1275,1.8078046828096856,0.2890972317650143,4.7329510570417376e-07
1275,1.8097258355013006,0.5673760484177917,8.440413291533506e-08
1275,1.8116469881929156,0.9279802601448373,5.045473578825855e-07
1275,1.8135681408845306,0.8200799076764138,1.4413938838796052e-06
1275,1.8154892935761455,0.48621067996161715,1.2489093269389846e-07
1275,1.8174104462677605,0.2082142295784799,2.254751049322729e-07
1275,1.8193315989593755,1.2132548073045186,1.0567752844132783e-06
1275,1.8212527516509904,1.6366681591616783,1.3699808548875317e-06
1275,1.8231739043426054,0.9161435247752124,8.990692509209482e-07
1275,1.8250950570342204,0.20201820008662874,3.1423297512485824e-07
1275,1.8270162097258353,0.8584661373565143,1.0329944203366107e-08
1275,1.8289373624174503,1.1493241321583194,1.0044618119326192e-06
1275,1.8308585151090653,1.0208631841203921,1.6854783802687374e-06
1275,1.8327796678006802,1.013654101517127,2.1063420555114197e-06
1275,1.8347008204922952,0.35943424214443814,4.953366664621498e-07
1275,1.8366219731839102,1.4884003138531858,1.2080301126444836e-07
1275,1.8385431258755252,0.8754051653180058,1.8322357067949454e-07
1275,1.8404642785671401,1.8586941564469797,9.563361537815736e-07
1275,1.842385431258755,1.5153975136408337,1.0741190860232744e-07
1275,1.84430658395037,0.6069176371385878,1.629578396932624e-07
1275,1.846227736641985,0.5466604366103167,1.7211892699323428e-07
1275,1.8481488893336,0.7156201103110099,4.97232434977483e-07
1275,1.850070042025215,1.0562632253675783,1.6245406577971254e-06
1275,1.85199119471683,1.2444413861404726,6.475690634511834e-07
1275,1.853912347408445,0.6296663912639361,1.7115538779087863e-07
1275,1.8558335001000599,1.8452500331755026,5.941013966349547e-07
1275,1.8577546527916748,1.4886459690871439,4.6347863434044116e-07
1275,1.8596758054832898,1.949392720181235,1.175715415198688e-06
1275,1.8615969581749048,0.6461491490516315,3.3851074518610127e-07
1275,1.8635181108665198,1.2846358719437707,2.607581592420996e-07
1275,1.8654392635581347,1.0314946826863303,1.9999154507350658e-07
1275,1.8673604162497497,0.5962608475388746,2.2295095330177045e-07
1275,1.8692815689413647,0.920785016592006,1.0720249043910495e-06
1275,1.8712027216329796,0.16821563561990055,5.279471046692614e-07
1275,1.8731238743245946,2.014284321403108,6.123978882666877e-07
1275,1.8750450270162096,1.6469743768930756,7.154259836802044e-07
1275,1.8769661797078245,1.580541010707385,1.1926817673066556e-06
1275,1.8788873323994395,1.4511320899859748,2.050182741844646e-07
1275,1.8808084850910545,0.41718163180887313,5.92292262095461e-07
1275,1.8827296377826694,0.8190975268521756,6.397899717872062e-07
1275,1.8846507904742844,1.193394732896908,4.656412173286828e-07
1275,1.8865719431658994,1.397330254589058,1.4175520119647954e-06
1275,1.8884930958575143,1.1881068830775166,7.692815983599622e-07
1275,1.8904142485491293,1.0458067537794762,7.07811963181839e-07
1275,1.8923354012407443,0.5599429028165707,1.2348112584371752e-07
1275,1.8942565539323593,0.19081555562095243,3.7261694431875437e-07
1275,1.8961777066239742,1.7539816456057162,7.402878038536871e-07
1275,1.8980988593155892,1.0045976750648509,4.230175424325425e-08
1275,1.9000200120072042,0.5907339244696608,6.948117558188508e-08
1275,1.9019411646988191,2.1075904420858342,9.135899560097632e-07
1275,1.903862317390434,1.525333066115882,3.7203430873082716e-07
1275,1.905783470082049,0.5631342539030428,6.215293611600476e-07
1275,1.907704622773664,0.22060251668341532,3.569850102553591e-07
1275,1.909625775465279,0.5215644817862095,2.6162049182757707e-08
1275,1.911546928156894,0.5787604780832958,3.337581815130506e-07
1275,1.913468080848509,0.7176351438799672,1.6582959092642522e-06
1275,1.915389233540124,0.6863914652419371,1.5737773296157793e-06
1275,1.9173103862317389,1.1783536368576035,6.424894156306035e-07
1275,1.9192315389233539,1.849523530557168,6.003549839400483e-09
1275,1.9211526916149688,3.1079464371182586,2.1238298330239396e-07
1275,1.9230738443065838,2.209698965410736,1.588921568415621e-07
1275,1.9249949969981988,0.6840314170723301,5.523097186461499e-07
1275,1.9269161496898137,1.1032595651946648,3.9003933510738354e-07
1275,1.9288373023814287,2.0074045784376566,5.018117264515033e-07
1275,1.9307584550730437,0.8214234974490825,7.249757668095091e-07
1275,1.9326796077646586,1.328191961528155,1.499973888386453e-06
1275,1.9346007604562736,1.1503125575451714,1.1038045250782548e-06
1275,1.9365219131478886,0.6691684844123617,2.6866573004315157e-07
1275,1.9384430658395035,1.383318877509281,4.557119691382952e-07
1275,1.9403642185311185,1.7416303411591145,3.384050703674668e-07
1275,1.9422853712227335,1.5299362294004284,5.593226645215252e-07
1275,1.9442065239143485,0.6811510555396748,3.653905933619242e-09
1275,1.9461276766059634,0.6697325045660298,1.717728217533429e-07
1275,1.9480488292975784,2.103135590497482,4.632555738203109e-08
1275,1.9499699819891934,1.7708514751982134,6.814279180132394e-07
1275,1.9518911346808083,1.6178905919394375,7.123326991284122e-07
1275,1.9538122873724233,2.442076986781817,1.6220516274188973e-06
1275,1.9557334400640383,1.9369447167144926,2.4085986189721327e-07
1275,1.9576545927556532,0.9816691552105263,1.0341916828914516e-07
1275,1.9595757454472682,0.9894288067356577,3.498490330349636e-07
1275,1.9614968981388832,0.6138416968508722,1.1460976713311571e-07
1275,1.9634180508304981,1.73338781418725,2.4200904474150044e-08
1275,1.965339203522113,1.3969925377517782,2.490921019970556e-07
1275,1.967260356213728,1.2634449309326081,1.352268886236838e-08
1275,1.969181508905343,0.7229009714062236,4.614215446965331e-07
1275,1.971102661596958,0.957869460519141,7.473002857264893e-07
1275,1.973023814288573,2.0687608595931257,8.048105701169486e-07
1275,1.974944966980188,0.7731953065859619,3.7660094432148093e-07
1275,1.976866119671803,1.6982706378431525,1.1468595470600463e-07
1275,1.978787272363418,1.5550526644768503,3.3944550870100367e-07
1275,1.9807084250550329,0.9074202314982561,2.8641234565468285e-07
1275,1.9826295777466478,1.7099727231385942,9.419498090179255e-08
1275,1.9845507304382628,1.3714338204232828,8.0375089975053e-07
1275,1.9864718831298778,1.4774267911562702,7.091715810181427e-07
1275,1.9883930358214927,1.0672003749903076,7.993738044814503e-07
1275,1.9903141885131077,2.074539271187553,2.136959086616874e-06
1275,1.9922353412047227,1.849883956104135,1.26137649283553e-06
1275,1.9941564938963376,1.0652432443730897,1.340801261093544e-06
1275,1.9960776465879526,0.6159569674401024,7.970620652386491e-08
1275,1.9979987992795676,2.1717175801444255,3.925781842991589e-08
1275,1.9999199519711826,5.049247199542292,1.426358226779494e-07
1275,2.0018411046627977,1.3519904308995991,6.177910122305e-08
1275,2.0037622573544125,0.5216955878627475,1.5958182605767832e-07
1275,2.0056834100460277,1.1822484715027808,8.877574063859713e-07
1275,2.0076045627376424,0.7400815578943438,4.3957446554966483e-07
1275,2.0095257154292576,1.371968273872461,1.2663725734133622e-06
1275,2.0114468681208724,0.6790323596158224,1.5797674021268623e-06
1275,2.0133680208124876,0.689096960917519,8.113217103558062e-08
1275,2.0152891735041023,0.5758482241058361,2.50774796762419e-07
1275,2.0172103261957175,1.0032872768914811,1.5405632303883446e-06
1275,2.0191314788873322,2.1376264707393333,3.1699025475894195e-07
1275,2.0210526315789474,2.701155115409336,3.4679592908455746e-07
1275,2.022973784270562,1.7042569003579906,7.052172683420632e-07
1275,2.0248949369621774,0.5957116382887645,7.026875238501145e-08
1275,2.026816089653792,2.397945043714672,6.896023348911375e-07
1275,2.0287372423454073,0.7282566549163266,1.9951126378436827e-06
1275,2.030658395037022,1.5231115626879603,2.834346668090019e-06
1275,2.0325795477286372,1.4992464658718554,1.5942422203268236e-06
1275,2.034500700420252,1.8133578495181697,9.792012335021931e-07
1275,2.036421853111867,0.6814015069958264,9.57076576532801e-07
1275,2.038343005803482,1.4416710000043809,6.022437988267399e-07
1275,2.040264158495097,0.5224884062604415,1.9130616204712202e-07
1275,2.042185311186712,2.1908365277057777,3.7056101017244147e-07
1275,2.044106463878327,2.109184435157287,4.6055084828422697e-07
1275,2.046027616569942,1.4015107787574332,1.1884487549040192e-06
1275,2.047948769261557,1.1272341787381805,8.505166141877384e-07
1275,2.0498699219531717,1.884384579455942,1.1847544113768168e-06
1275,2.051791074644787,1.2008700107506571,4.168063658869586e-07
1275,2.0537122273364017,1.1388290014487943,1.4839628010110803e-07
1275,2.055633380028017,1.6304738621109376,4.8058408085872693e-08
1275,2.0575545327196316,2.2808547340746426,4.891331234842934e-07
1275,2.059475685411247,0.8978480014559261,2.455965178833353e-07
1275,2.0613968381028616,1.0317336441162435,8.161660153736984e-07
1275,2.0633179907944768,2.0868169072990868,2.2497138695843977e-06
1275,2.0652391434860915,3.058127502892769,8.701608954302532e-07
1275,2.0671602961777067,1.9867959679320482,5.116686375027559e-07
1275,2.0690814488693214,2.5133709820154277,2.4796504013140675e-08
1275,2.0710026015609366,1.8026346687427535,1.4530288728278105e-07
1275,2.0729237542525514,2.1192868400505955,6.290407345541865e-07
1275,2.0748449069441666,0.2705552946717922,4.458474194113806e-07
1275,2.0767660596357813,2.272910497580634,1.1671449284893815e-06
1275,2.0786872123273965,1.520957625804435,3.4175058469364783e-07
1275,2.0806083650190113,1.7184197453308665,4.80391550835676e-07
1275,2.0825295177106264,1.04031017277146,2.1064510055362783e-06
1275,2.084450670402241,0.5633430525149759,1.4924043037938176e-06
1275,2.0863718230938564,0.7107365476386216,1.27322447273759e-06
1275,2.088292975785471,0.6049033226372218,1.2017966954428005e-07
1275,2.0902141284770863,1.0771960096472513,5.054077205070262e-08
1275,2.092135281168701,1.6173098833358552,6.225184573792934e-07
1275,2.0940564338603163,0.21192635118847009,4.350495608446172e-07
1275,2.095977586551931,0.587186047786116,2.0065007920718279e-07
1275,2.097898739243546,0.543346220697241,1.6663764704922943e-07
1275,2.099819891935161,3.1900695420179406,9.023699950144062e-07
1275,2.101741044626776,2.6600772614791937,6.705768976483125e-07
1275,2.103662197318391,0.894769341116158,1.0118484473118164e-06
1275,2.105583350010006,0.43416167575048553,4.3864765887766627e-07
1275,2.107504502701621,2.758647547066925,6.393886723021926e-07
1275,2.109425655393236,0.9067835251339271,1.5271712390016474e-06
1275,2.1113468080848508,0.5995529683371571,1.1867145917191158e-06
1275,2.1132679607764655,1.3108863168230507,1.3962042073647362e-06
1275,2.1151891134680807,1.589775585794733,1.0321163898032582e-06
1275,2.1171102661596954,1.3409453904365014,1.0245944870118323e-06
1275,2.1190314188513106,1.733826061796324,2.0449437404165585e-06
1275,2.1209525715429254,1.565715213918379,1.3814379009140155e-06
1275,2.1228737242345406,2.464024661735122,2.1518717602845647e-06
1275,2.1247948769261553,1.3019035071243716,6.481140603514309e-07
1275,2.1267160296177705,1.0768914073640257,7.588051178368415e-07
1275,2.1286371823093853,1.1960259513434779,3.6726826737947806e-07
1275,2.1305583350010004,0.507571202807554,6.78985315261515e-07
1275,2.132479487692615,1.8011921077484174,1.4230790797634866e-07
1275,2.1344006403842304,1.8999306239591534,6.870261499835783e-07
1275,2.136321793075845,1.138340644050118,1.2900569698659061e-06
1275,2.1382429457674603,0.42282253436741807,1.7724021366438758e-06
1275,2.140164098459075,0.8626317510851523,2.057096602091041e-06
1275,2.1420852511506903,2.0477197499738966,7.307621637419333e-07
1275,2.144006403842305,1.4344657574145798,6.744202394853799e-07
1275,2.14592755653392,1.049730446568277,1.0788108817983744e-07
1275,2.147848709225535,1.6125164200753985,2.8507201258916953e-07
1275,2.14976986191715,1.1985300893283484,1.5829963739371655e-06
1275,2.151691014608765,1.559945996860889,3.2811079793874996e-07
1275,2.15361216730038,1.4111732402679822,9.79940997247739e-09
1275,2.155533319991995,0.9474663263331189,8.017454344243465e-07
1275,2.15745447268361,1.2568374327275524,2.6035217040561455e-07
1275,2.1593756253752248,0.9308416950578876,1.9796249309676827e-07
1275,2.16129677806684,1.6267716227480955,3.8310349974173915e-07
1275,2.1632179307584547,0.7133201443174287,2.1405087886899775e-07
1275,2.16513908345007,0.19708977145758877,1.065539215742138e-06
1275,2.1670602361416846,1.8191942596076953,1.9593648420706734e-06
1275,2.1689813888333,0.6923665441312413,1.4996654046599578e-06
1275,2.1709025415249146,0.9048395603526987,7.518272856311817e-07
1275,2.1728236942165298,0.1241347173402117,5.96294990893009e-07
1275,2.1747448469081445,1.0887066798033447,2.396707527182912e-06
1275,2.1766659995997597,0.20339629976030751,1.8421426375196357e-06
1275,2.1785871522913745,2.518381665762601,4.194756320208577e-07
1275,2.1805083049829896,3.6875007325563343,3.7344374942107724e-08
1275,2.1824294576746044,0.24207059876640422,3.645601620984503e-07
1275,2.1843506103662196,0.4222972434586416,1.59245414777419e-07
1275,2.1862717630578343,1.247213058143019,1.176952609589319e-06
1275,2.1881929157494495,0.2516339757789775,3.4762055088265314e-07
1275,2.1901140684410643,0.3671975962691952,2.6656258223703854e-07
1275,2.1920352211326795,1.13293877169642,1.2337354198717767e-06
1275,2.193956373824294,0.7530308449713576,2.3116066094452363e-06
1275,2.1958775265159094,1.065988734977484,2.8219435068012712e-06
1275,2.197798679207524,1.1338165747071227,2.9217594307638e-07
1275,2.1997198318991393,1.178193790685712,1.9703670969090954e-08
1275,2.201640984590754,1.2599331332702366,6.568411486336417e-07
1275,2.2035621372823693,1.65628208366337,1.540225492048584e-07
1275,2.205483289973984,0.9626649605622312,4.7132637905493344e-07
1275,2.207404442665599,0.40096970588838493,2.8560386933332374e-07
1275,2.209325595357214,0.9362622165814071,6.175544782880588e-08
1275,2.211246748048829,0.7791389147553252,4.063717297387207e-07
1275,2.213167900740444,0.5983069461762051,1.9841691386067e-06
1275,2.215089053432059,0.7052758550357352,1.1719151110686635e-06
1275,2.217010206123674,0.6554951819847858,1.1191711755191667e-07
1275,2.218931358815289,0.39224721893138437,7.515373474683357e-07
1275,2.2208525115069038,0.7172737634112929,1.3032108599836566e-06
1275,2.222773664198519,1.4043596605566675,1.1619245415206888e-06
1275,2.2246948168901337,1.480150986443689,2.852877935106642e-07
1275,2.226615969581749,1.419381723985589,8.088107545841362e-07
1275,2.2285371222733636,1.2473070142839235,2.8639366350348116e-07
1275,2.230458274964979,2.621796169241171,3.1574413591034105e-07
1275,2.2323794276565936,1.4459710859185178,2.403668911842361e-06
1275,2.2343005803482088,0.3999324824708807,1.363715430634702e-06
1275,2.2362217330398235,0.8553618148547313,6.381764416499453e-07
1275,2.2381428857314387,1.3338713261545208,1.699574334360112e-07
1275,2.2400640384230535,0.41059123936553055,4.59769702622196e-07
1275,2.2419851911146687,1.0206289096962726,3.9781995076765196e-07
1275,2.2439063438062834,1.0427548582774953,3.5525360183937466e-09
1275,2.2458274964978986,0.3871411138950029,1.1321114267761269e-08
1275,2.2477486491895133,0.9756097926917214,1.9217566993892726e-07
1275,2.2496698018811285,1.07955096324713,3.469916412367275e-07
1275,2.2515909545727433,1.3919856043387688,7.410835362101967e-07
1275,2.2535121072643585,0.9423899008766098,1.7282426211435365e-06
1275,2.255433259955973,0.773434624974457,1.8465578894161205e-07
1275,2.2573544126475884,1.5069668662998916,6.993499373556763e-07
1275,2.259275565339203,1.076421892747225,2.404292902370968e-06
1275,2.2611967180308183,1.5898443572145293,1.1631366370418618e-06
1275,2.263117870722433,0.873761596183243,5.559792553996923e-07
1275,2.2650390234140483,0.4019411092184495,1.0066833684266985e-07
1275,2.266960176105663,1.0066241719442788,5.34273879247292e-07
1275,2.268881328797278,1.3308284977573057,1.8904095214756806e-07
1275,2.270802481488893,0.29153387702520134,1.074994254086181e-08
1275,2.272723634180508,0.5381038183654617,5.390253598275377e-07
1275,2.274644786872123,0.5118376552223665,3.2668707936362983e-07
1275,2.276565939563738,0.4698260194581941,5.090472039116911e-07
1275,2.278487092255353,0.6424389506591709,1.9234231737005566e-06
1275,2.280408244946968,0.6559739668737273,1.5948232960927888e-06
1275,2.282329397638583,1.3714497963616015,4.889105530018022e-07
1275,2.284250550330198,0.9187908743200569,9.634961598326223e-07
1275,2.2861717030218127,0.9959194588303343,1.1855294911916984e-06
1275,2.288092855713428,0.9590762911775038,1.8070807249304204e-06
1275,2.2900140084050427,1.079088941604098,5.412656392087653e-07
1275,2.291935161096658,0.599308027069522,7.458581840350723e-07
1275,2.2938563137882726,0.77235904278583,7.945559156105628e-07
1275,2.295777466479888,0.5798340353014895,1.60738575523939e-07
1275,2.2976986191715025,0.6275549153952239,1.459302064103156e-07
1275,2.2996197718631177,1.6766027654017444,1.691317151911123e-07
1275,2.3015409245547325,0.7009761620702359,6.030366534212729e-07
1275,2.3034620772463477,1.4497735331322654,7.508423860332585e-07
1275,2.3053832299379624,2.3214104577139563,1.4870992414594093e-06
1275,2.3073043826295776,0.22298214928687116,7.150870140662058e-07
1275,2.3092255353211923,0.9665066225428395,1.2440714861429883e-06
1275,2.3111466880128075,1.4875236227286028,1.6778135880261907e-06
1275,2.3130678407044223,0.28918396160617743,1.9535517311161855e-06
1275,2.3149889933960375,0.43328552407928694,1.2736630735865682e-06
1275,2.3169101460876522,1.3271542040992603,2.2845749060815253e-07
1275,2.3188312987792674,0.41548565948562716,7.870397789312662e-07
1275,2.320752451470882,1.359342425600354,1.484977619810719e-07
1275,2.3226736041624974,0.359527519797501,5.837611125998631e-07
1275,2.324594756854112,0.7805144440082743,8.124543438526483e-08
1275,2.3265159095457273,1.0923107588891556,1.2895429196857757e-07
1275,2.328437062237342,1.0535877460555243,1.0603628889768231e-07
1275,2.3303582149289572,0.9333514505889532,1.093018919271236e-06
1275,2.332279367620572,0.8461017047821252,1.1126070185977516e-06
1275,2.334200520312187,0.4984363973880243,1.2548686875603886e-06
1275,2.336121673003802,0.9018323478331632,2.2384867866586888e-06
1275,2.338042825695417,0.5682424165600459,1.1963375709549538e-06
1275,2.339963978387032,0.834673606483354,1.3678566139092328e-06
1275,2.341885131078647,0.922967127040275,8.146978232134253e-08
1275,2.343806283770262,0.9350685324942111,1.39154801846394e-07
1275,2.345727436461877,0.35116492650284514,9.864439060870617e-07
1275,2.3476485891534917,0.47509449077318583,4.436256148027613e-07
1275,2.349569741845107,0.8335323123142114,1.8018707102110138e-07
1275,2.3514908945367217,1.392273497640975,7.256210529858986e-08
1275,2.353412047228337,0.44860569453534993,1.6958533538464535e-07
1275,2.3553331999199516,0.860890040802499,7.169902908002799e-07
1275,2.357254352611567,0.5812936216849122,1.2118294098123919e-06
1275,2.3591755053031815,1.6292676127468204,1.144446802250905e-07
1275,2.3610966579947967,1.4424162492161399,6.80541337058802e-07
1275,2.3630178106864115,0.6414260733241963,1.7210867166502399e-06
1275,2.3649389633780267,0.45219428791562827,1.8510550068607517e-06
1275,2.3668601160696414,0.17366429898910887,1.799214346750726e-06
1275,2.3687812687612566,0.5147462159074317,3.9211214292048507e-07
1275,2.3707024214528714,0.2341679748458136,3.2590837333050295e-07
1275,2.3726235741444865,0.8882835710357219,1.305223818567571e-07
1275,2.3745447268361013,1.661574231984134,5.3611300248132815e-08
1275,2.3764658795277165,0.9047188946058915,1.0704966411338003e-07
1275,2.3783870322193312,1.0655241415102883,1.7814302791469243e-07
1275,2.3803081849109464,0.6812894960894038,4.262497520586929e-07
1275,2.382229337602561,1.0859902437052433,1.6167949526989009e-06
1275,2.3841504902941764,0.8312679834183075,8.626997165364541e-07
1275,2.386071642985791,0.9260108241834526,8.323435598497933e-07
1275,2.3879927956774063,0.7026868729857169,3.87727302116928e-08
1275,2.389913948369021,0.7616359303945911,1.624936817059217e-07
1275,2.3918351010606362,1.789484407434656,6.380968509498174e-07
1275,2.393756253752251,0.6267880251012303,3.602786508561539e-07
1275,2.395677406443866,1.5203640153687716,2.110883560016934e-07
1275,2.397598559135481,0.26511784566931684,2.9387393986649054e-08
1275,2.399519711827096,1.1706345210529736,6.373256399996662e-07
1275,2.401440864518711,0.2928258636074634,3.8859526182081546e-07
1275,2.403362017210326,0.756065211997023,4.557460037348008e-07
1275,2.405283169901941,0.5925274895207369,4.4754250038107934e-07
1275,2.407204322593556,0.7382946152411486,8.255402951746345e-08
1275,2.4091254752851707,0.7508681673896753,7.011666325893217e-07
1275,2.411046627976786,0.16897467904467697,4.079715607754927e-07
1275,2.4129677806684007,1.0462156736133559,6.576606120099934e-07
1275,2.414888933360016,0.9909761621779799,3.0914905663480514e-07
1275,2.4168100860516306,0.5307314612995636,3.3204579550303937e-07
1275,2.418731238743246,0.49591648763389545,9.831115111966377e-07
1275,2.4206523914348606,0.4698610885982738,8.244448451488794e-07
1275,2.4225735441264757,1.1239455809930339,1.824126476909912e-06
1275,2.4244946968180905,0.48524159846179366,5.719005679785067e-07
1275,2.4264158495097057,0.22346021176205044,4.5388153006124835e-07
1275,2.4283370022013204,1.4976061231545772,3.091200271977575e-07
1275,2.4302581548929356,0.5846804905076103,4.521771124546773e-07
1275,2.4321793075845504,0.7326931341298845,7.17004201799355e-07
1275,2.4341004602761656,1.077949792259388,2.7114804552160197e-08
1275,2.4360216129677803,1.1880132031532462,1.203059806162655e-07
1275,2.4379427656593955,1.22517170367414,8.17274455414443e-08
1275,2.4398639183510102,0.20539114442247897,1.3749032976947218e-07
1275,2.4417850710426254,0.3937571926407297,6.694908488635832e-08
1275,2.44370622373424,0.5041170981245777,6.328519522263714e-08
1275,2.4456273764258554,0.85745827828223,8.299733007402438e-07
1275,2.44754852911747,0.8086772003690742,3.3033571936228183e-07
1275,2.4494696818090853,1.9840873052535073,1.299815598526954e-06
1275,2.4513908345007,0.5418768928502506,1.0914091172456779e-07
1275,2.4533119871923152,0.3096388478977721,1.456658704000165e-07
1275,2.45523313988393,1.357652339446619,1.2225779808917473e-06
1275,2.457154292575545,0.5282279496970641,6.756434871378276e-07
1275,2.45907544526716,0.145352206833466,6.43484094477814e-07
1275,2.460996597958775,0.5638889321515853,2.9962630069123533e-07
1275,2.46291775065039,0.7208440318043979,6.784359187870736e-07
1275,2.464838903342005,0.17486299061173033,4.5721327809938776e-07
1275,2.46676005603362,0.8409325146708916,5.020485268294442e-07
1275,2.468681208725235,1.0943260235003065,1.4366616857711088e-07
1275,2.4706023614168497,1.0689705804958405,3.2208075140135556e-07
1275,2.472523514108465,0.8208319370877433,1.0296600308593578e-06
1275,2.4744446668000797,0.7450080140161625,2.7416900864797135e-06
1275,2.476365819491695,0.5228352715685928,2.7555251695015264e-06
1275,2.4782869721833096,0.9138346188657901,1.1256091144856238e-06
1275,2.480208124874925,0.6280424780034645,3.9214299919281185e-07
1275,2.4821292775665396,1.22030139317141,1.2262811182937529e-07
1275,2.4840504302581548,0.8974916560363886,1.5570035661739566e-07
1275,2.4859715829497695,0.4992734803023515,6.091345828136656e-08
1275,2.4878927356413847,1.039454284187413,6.464211598299668e-07
1275,2.4898138883329994,1.2543129236089439,3.622574238936936e-07
1275,2.4917350410246146,0.7768594738141595,1.4317747607027349e-06
1275,2.4936561937162294,0.2729433876315499,1.0152815483287816e-06
1275,2.4955773464078446,0.3478579446713833,1.1676082282550673e-06
1275,2.4974984990994593,0.5064840759192674,9.539250335416219e-08
1275,2.4994196517910745,2.0682328407935078,3.0455444708308435e-07
1275,2.5013408044826893,1.02189059941649,1.227447480929186e-06
1275,2.5032619571743044,1.1212313937804275,9.443590063963655e-07
1275,2.505183109865919,0.09746283489252411,1.4764557602459455e-06
1275,2.5071042625575344,0.977925614594009,7.659132535154588e-07
1275,2.509025415249149,0.9585548095045586,7.100221043159122e-07
1275,2.5109465679407643,0.5072477127865019,2.3067078108564802e-07
1275,2.512867720632379,0.5027378728014449,2.0488543916287922e-07
1275,2.5147888733239943,0.35857745365236016,1.1220952190391382e-06
1275,2.516710026015609,1.1722682553552242,7.015525681360446e-07
1275,2.518631178707224,0.8596795665521157,2.458137727342504e-06
1275,2.520552331398839,0.9730561704805363,1.576559242953813e-06
1275,2.522473484090454,0.7359220975529339,1.4461637020034352e-06
1275,2.524394636782069,0.9357441901890216,4.237933760913093e-07
1275,2.526315789473684,0.5453594082773083,5.377800259817286e-07
1275,2.528236942165299,0.6224415925646308,5.087478410994168e-07
1275,2.530158094856914,1.217502396780886,1.1086380374136793e-06
1275,2.5320792475485288,0.38123982628113884,2.451721322273435e-06
1275,2.534000400240144,1.1575731052387952,1.3870088905624912e-06
1275,2.5359215529317587,0.34561038770768554,1.6882274620764298e-06
1275,2.537842705623374,0.7978895244720554,6.34013411533449e-07
1275,2.5397638583149886,0.22444488037950214,9.257550170651115e-07
1275,2.541685011006604,1.2735512300331655,1.160644973671369e-07
1275,2.5436061636982186,0.4094183685396325,4.453707972034041e-07
1275,2.5455273163898338,0.6688321502440998,5.59189724973484e-07
1275,2.5474484690814485,0.2717883489041101,9.581659709976369e-07
1275,2.5493696217730637,0.34336328730444393,1.0355252788393538e-06
1275,2.5512907744646784,1.3400013734567289,1.4480796908915038e-06
1275,2.5532119271562936,0.9751969334953502,1.0624304107348747e-06
1275,2.5551330798479084,0.5419733404528112,4.1334541526168544e-08
1275,2.5570542325395236,0.7597595008652162,3.297154832670344e-07
1275,2.5589753852311383,0.9544782720963743,8.476278884352996e-07
1275,2.5608965379227535,0.8359289984259228,2.720172314082721e-07
1275,2.5628176906143683,0.8261555679192376,3.2553009658039265e-07
1275,2.5647388433059835,0.7892417596909123,2.6540946333192492e-08
1275,2.566659995997598,0.4727626588155489,7.406643119028703e-08
1275,2.5685811486892134,1.1110301152050055,7.100272599398505e-08
1275,2.570502301380828,0.6061111672062381,7.46473105214658e-08
1275,2.5724234540724433,1.4613944973259028,8.826001650041048e-09
1275,2.574344606764058,1.4642661797448016,4.588568493845862e-07
1275,2.5762657594556733,0.1909671273226594,4.6431258546669203e-07
1275,2.578186912147288,0.7527059341473642,1.2131497124673979e-06
1275,2.580108064838903,1.4293697695872567,5.568870281708704e-07
1275,2.582029217530518,0.614544037412338,1.3608070573301927e-07
1275,2.583950370222133,0.4710057578031651,3.54177035338031e-07
1275,2.585871522913748,0.6212194536158125,2.3855395329913045e-07
1275,2.587792675605363,0.4861057538364596,8.247269319884572e-07
1275,2.589713828296978,1.0621940556033738,3.3859064451717473e-07
1275,2.591634980988593,0.5727846222528342,3.618563244223689e-07
1275,2.5935561336802078,0.17105896329213707,1.6734432779763254e-07
1275,2.595477286371823,0.3989356587907212,8.08292436952417e-07
1275,2.5973984390634377,0.7037251785516668,2.938955144311855e-07
1275,2.599319591755053,0.4149117202150857,6.718462384997972e-07
1275,2.6012407444466676,1.21116615138698,5.027963412624352e-07
1275,2.603161897138283,0.2991633858122064,2.331267759663523e-07
1275,2.6050830498298976,0.9448654587229914,6.462212944277911e-07
1275,2.6070042025215128,1.2308907313756978,1.3456337575122248e-07
1275,2.6089253552131275,1.1897528350183697,1.5059173865714733e-07
1275,2.6108465079047427,1.493014281228137,7.920947782525319e-08
1275,2.6127676605963575,0.7450586573974591,1.9056759766722274e-07
1275,2.6146888132879726,0.39568218317417353,7.494892924169902e-07
1275,2.6166099659795874,0.8956070958459199,2.8401947907364707e-07
1275,2.6185311186712026,0.6264108888520918,3.6065179656738803e-07
1275,2.6204522713628173,1.4649588042089725,1.453708591754897e-07
1275,2.6223734240544325,0.8330472924147048,1.8216388108590028e-08
1275,2.6242945767460473,0.6744657585163759,3.160870250654183e-07
1275,2.6262157294376625,0.7701921614686361,7.439769576330752e-08
1275,2.628136882129277,0.6569120890709547,4.338273846678585e-07
1275,2.6300580348208924,0.5355997298863164,1.1621790817172451e-07
1275,2.631979187512507,1.1566594408576398,5.956094077884152e-07
1275,2.6339003402041223,0.6339603702232542,6.185471405880326e-07
1275,2.635821492895737,0.48358184832852547,1.022913545383997e-06
1275,2.6377426455873523,0.6940800315678174,2.906377940965103e-07
1275,2.639663798278967,0.6056956114476933,4.446170172921164e-07
1275,2.641584950970582,0.10711193585622399,3.371844398433111e-07
1275,2.643506103662197,0.40140513709470793,1.656888571669366e-07
1275,2.645427256353812,0.15068564174557342,5.548558950305149e-07
1275,2.647348409045427,1.1243594355975002,7.37082934590862e-08
1275,2.649269561737042,0.49687959821561983,1.3662056088453513e-07
1275,2.651190714428657,1.0578439098272916,1.1410194628689134e-07
1275,2.653111867120272,1.0806760598673224,2.0140641716185834e-07
1275,2.6550330198118868,0.4832770099104042,2.945240416857249e-07
1275,2.656954172503502,0.4849140225478884,7.142550918112906e-08
1275,2.6588753251951167,0.8961186820109575,2.3900281456166354e-08
1275,2.660796477886732,1.4524378451811524,1.938642026475508e-07
1275,2.6627176305783467,0.23543354171991432,2.909016260290689e-07
1275,2.664638783269962,0.9046876240981829,9.832544562947573e-08
1275,2.6665599359615766,1.4614985472011095,2.1726374625866137e-07
1275,2.668481088653192,0.8710426796932936,1.900009410830284e-08
1275,2.6704022413448065,0.5872604038117277,2.526152721212539e-07
1275,2.6723233940364217,1.0475244612007,9.187598063171245e-07
1275,2.6742445467280365,0.8893594477927237,6.300977411285132e-07
1275,2.6761656994196517,0.9246040563041703,6.25199819686109e-07
1275,2.6780868521112664,1.1065566036527412,4.602500135387933e-07
1275,2.6800080048028816,1.3746189828432318,5.852542943193406e-07
1275,2.6819291574944963,0.6200124031566262,4.954494306351699e-07
1275,2.6838503101861115,0.983871231290607,6.72716479905661e-07
1275,2.6857714628777263,0.30655544512768745,2.049498386333845e-07
1275,2.6876926155693415,0.5858667161543953,1.2435826685962835e-06
1275,2.689613768260956,0.2910016517862758,1.4755331172402322e-06
1275,2.6915349209525714,0.7272136111585729,2.6487279829145718e-06
1275,2.693456073644186,0.1981727938326983,2.6782273289368363e-06
1275,2.6953772263358013,1.4241969048436145,1.1669775798558771e-06
1275,2.697298379027416,0.7832075519454285,4.956546080418553e-07
1275,2.6992195317190313,0.7726327642102775,5.8157125327691285e-08
1275,2.701140684410646,0.8311882120079295,3.105504457587089e-07
1275,2.7030618371022612,0.7909177604808177,1.628351867055259e-07
1275,2.704982989793876,1.0629397995347538,7.3254497341946e-07
1275,2.706904142485491,0.570701269618222,1.4073815742796484e-07
1275,2.708825295177106,0.3238975830681981,5.559643855548861e-07
1275,2.710746447868721,0.5130373286372046,1.7134501239880624e-07
1275,2.712667600560336,0.7450504823733946,6.69412129290724e-07
1275,2.714588753251951,1.7539712499171616,8.84276458273941e-08
1275,2.716509905943566,1.1203852338300928,8.567824836206717e-08
1275,2.718431058635181,0.9567600093633652,7.368520549361535e-07
1275,2.7203522113267957,0.17292436548930235,4.0963665993295053e-07
1275,2.722273364018411,0.42025302362557265,5.192220354651631e-07
1275,2.7241945167100257,0.35864310996859045,7.661581652924445e-08
1275,2.726115669401641,0.9276273053560236,2.1626660662915875e-07
1275,2.7280368220932556,0.7026390504500011,3.298546172482736e-07
1275,2.729957974784871,0.5912600312623661,1.4365213419854013e-07
1275,2.7318791274764855,1.2850818388095953,8.394745383426814e-07
1275,2.7338002801681007,0.4172167370379458,2.0433821435749724e-07
1275,2.7357214328597155,1.1661474883934553,1.1358289413081839e-06
1275,2.7376425855513307,0.40129222961112954,6.270046752471318e-07
1275,2.7395637382429454,0.6315083925373856,6.964220198666498e-07
1275,2.7414848909345606,0.2943937147777389,2.3024212769715464e-07
1275,2.7434060436261754,1.6797270304101966,5.082586845511803e-07
1275,2.7453271963177905,0.39024454854431245,7.931923245176798e-07
1275,2.7472483490094053,0.5832889408544797,1.2084702765203392e-06
1275,2.7491695017010205,0.9205046964988858,1.486570922788002e-06
1275,2.7510906543926352,1.1297924812031481,6.224340116396496e-07
1275,2.7530118070842504,0.6837588065124623,5.474379735843165e-07
1275,2.754932959775865,1.1747450405510482,4.455187895982204e-08
1275,2.7568541124674804,0.7438251128389071,6.064338796706655e-08
1275,2.758775265159095,0.659006099627256,2.582264838466819e-08
1275,2.7606964178507103,0.4241630274372539,3.571564153487788e-07
1275,2.762617570542325,0.5535863612571907,6.139620407946066e-07
1275,2.7645387232339402,0.6801876577431004,7.973211792888641e-07
1275,2.766459875925555,0.655412709974157,3.86000975703711e-07
1275,2.76838102861717,0.608933441442396,6.562376889625638e-07
1275,2.770302181308785,0.5627095785852105,3.6938795979018304e-08
1275,2.7722233340004,1.113367289573212,1.6016509300954584e-08
1275,2.774144486692015,0.9464210854100447,3.572307753802466e-07
1275,2.77606563938363,0.6108903452842996,4.295296012123459e-07
1275,2.777986792075245,0.7587998533334062,1.356523841946972e-07
1275,2.77990794476686,0.8150462513397694,3.02866256520384e-08
1275,2.7818290974584747,0.5427593236482505,3.7199110174435583e-07
1275,2.78375025015009,0.8326672670749092,1.7559717126155673e-07
1275,2.7856714028417047,1.187918919768269,4.6531303716430616e-07
1275,2.78759255553332,0.5085663507270088,6.666447417291068e-07
1275,2.7895137082249346,0.8964487008344358,1.7966662271993575e-07
1275,2.79143486091655,1.31532060028506,4.0817495994183777e-07
1275,2.7933560136081645,0.6757415690795269,1.4188512811824137e-07
1275,2.7952771662997797,0.1701933702931267,6.876121956146253e-07
1275,2.7971983189913945,0.9759654661516152,2.392361430780995e-07
1275,2.7991194716830097,1.2027892642201412,2.1009328755534038e-08
1275,2.8010406243746244,0.4504587579982844,1.749881786870455e-07
1275,2.8029617770662396,1.5170793117799861,2.4618070994831615e-08
1275,2.8048829297578544,1.2176001901682696,2.907455600497035e-07
1275,2.8068040824494696,0.7326160726727737,5.5325950054104606e-08
1275,2.8087252351410843,0.6550470881319475,8.446028898171806e-08
1275,2.8106463878326995,1.3039011348466345,1.2348287773401685e-06
1275,2.8125675405243142,0.7789156062250345,9.919706530830441e-07
1275,2.8144886932159294,0.7955771936167134,1.7686481469594607e-06
1275,2.816409845907544,0.17400948634791533,7.91536528111781e-07
1275,2.8183309985991594,0.34260104152652504,2.097048808361212e-06
1275,2.820252151290774,1.3821683475412752,7.163929224073544e-07
1275,2.8221733039823893,0.26755798966392635,6.915579015558922e-07
1275,2.824094456674004,1.06745091054101,5.8725275985488876e-08
1275,2.8260156093656192,0.27723855387510776,1.8179753819564112e-07
1275,2.827936762057234,0.814060419890428,5.853419202089404e-07
1275,2.829857914748849,0.1326815582345274,5.652938831417167e-07
1275,2.831779067440464,0.32633431383487127,7.333976965426278e-07
1275,2.833700220132079,0.7425765118503681,8.733071572311031e-08
1275,2.835621372823694,0.2374937930802868,5.775000614717786e-09
1275,2.837542525515309,1.2654942577098531,6.021295786140695e-07
1275,2.839463678206924,0.9826578718656199,1.7021853954817436e-07
1275,2.841384830898539,0.7343047773888719,3.5625535785054727e-07
1275,2.8433059835901537,1.1957198456633913,3.0002616653889924e-08
1275,2.845227136281769,0.7878854506363829,3.7686686080442174e-07
1275,2.8471482889733837,0.8746585948732373,1.0332970284123481e-07
1275,2.849069441664999,0.34161602820267034,2.799607952115492e-07
1275,2.8509905943566136,0.11876492958345962,4.42704217679112e-07
1275,2.852911747048229,0.7987170253934199,1.3148076612172563e-08
1275,2.8548328997398436,0.8437558127643997,1.5951149245405565e-07
1275,2.8567540524314587,0.5966672297155183,4.3323583748350167e-07
1275,2.8586752051230735,1.718897856681914,2.2945187082034917e-07
1275,2.8605963578146887,0.7405340482369231,1.2446971178940404e-07
1275,2.8625175105063034,1.3190308962106612,1.225245324276361e-07
1275,2.8644386631979186,0.16407536192552552,1.2866508371394065e-07
1275,2.8663598158895334,0.11417916138287468,6.77791440277393e-08
1275,2.8682809685811486,0.38663967150612505,2.404014948020925e-07
1275,2.8702021212727633,0.9934998677748493,4.62326441376629e-07
1275,2.8721232739643785,0.21545133739719521,4.6313702221086134e-07
1275,2.8740444266559932,1.5782834775589094,6.920823732151842e-07
1275,2.8759655793476084,0.8459356697914856,1.7133016651188023e-07
1275,2.877886732039223,0.21061043162378673,8.560917004421659e-08
1275,2.8798078847308384,1.1543581297737868,6.041675081776986e-07
1275,2.881729037422453,0.6152591863015601,2.328378738353785e-07
1275,2.8836501901140683,0.9170769508941912,5.655335929144811e-07
1275,2.885571342805683,0.5997283000896653,2.094138773130323e-07
1275,2.8874924954972983,1.3665260722058512,4.430899503087356e-07
1275,2.889413648188913,0.6929771133940711,2.0505412472712983e-07
1275,2.891334800880528,1.0651562539162671,7.855162919830574e-08
1275,2.893255953572143,0.6742452716984914,1.6945221977823974e-07
1275,2.895177106263758,1.0946858229940664,2.0449070110728625e-07
1275,2.897098258955373,0.8336567866182051,2.910187259351174e-07
1275,2.899019411646988,0.4048922701236462,2.7240039041898317e-07
1275,2.900940564338603,0.38600959888634784,7.547818328628191e-07
1275,2.902861717030218,0.20209202801575207,3.336015501552515e-08
1275,2.9047828697218327,0.7935776179931757,1.2910624318657878e-07
1275,2.906704022413448,0.9686430556153116,9.413178744059315e-08
1275,2.9086251751050627,0.6553019846929112,1.9021930150429962e-08
1275,2.910546327796678,0.3282241873665361,3.4926477152305993e-07
1275,2.9124674804882926,0.22250169902498046,4.1472146136661217e-07
1275,2.914388633179908,0.3414668112031452,7.886996988421188e-07
1275,2.9163097858715226,1.3032191659410226,6.37967386499355e-08
1275,2.9182309385631378,0.7777839823599336,4.265688045892304e-08
1275,2.9201520912547525,0.8149590164343563,3.735353615386244e-07
1275,2.9220732439463677,1.397722471162269,6.055186784921169e-10
1275,2.9239943966379824,0.815533692345631,1.388283901557011e-07
1275,2.9259155493295976,0.9321609940377248,1.2178456079608735e-07
1275,2.9278367020212124,0.283389042933917,3.24371838310926e-07
1275,2.9297578547128276,1.5055002697257749,8.106592488078015e-08
1275,2.9316790074044423,1.3514849456741043,7.168576064983742e-07
1275,2.9336001600960575,0.9856111565333782,3.185489021699392e-07
1275,2.9355213127876723,0.8043716209578228,2.0950267456246188e-07
1275,2.9374424654792874,0.1317332635173249,1.3707219361198274e-07
1275,2.939363618170902,0.36724437419884237,3.421359655167245e-07
1275,2.9412847708625174,0.3717795966621946,2.3470347296517557e-07
1275,2.943205923554132,1.012894369680578,2.2676586729533236e-07
1275,2.9451270762457473,0.07519748967743808,6.722304576364094e-08
1275,2.947048228937362,1.1388873070653698,1.1098787569651573e-07
1275,2.9489693816289773,0.7296962721704141,2.69320389186512e-07
1275,2.950890534320592,0.5386813163492702,8.907194859586759e-08
1275,2.952811687012207,0.9619796089567934,1.6661268452128274e-07
1275,2.954732839703822,0.887845482469181,2.1789907205958475e-08
1275,2.956653992395437,0.5582425736119672,1.7288378918653934e-07
1275,2.958575145087052,0.5505559159868614,4.3646807693129584e-07
1275,2.960496297778667,1.079196065798667,1.9301612589975322e-07
1275,2.962417450470282,0.678724107216537,1.5095190505794548e-07
1275,2.964338603161897,1.1191006210317411,7.19059951725895e-08
1275,2.9662597558535118,0.424256189687699,1.570430231444225e-07
1275,2.968180908545127,1.1589792283531353,1.4227325860580625e-07
1275,2.9701020612367417,0.8082027784879279,3.869160090617649e-08
1275,2.972023213928357,0.46065519785636605,8.08285825963284e-07
1275,2.9739443666199716,0.7766610238082994,9.542498015300608e-08
1275,2.975865519311587,0.29420647296436864,2.5353411656266146e-08
1275,2.9777866720032016,0.8855560055757683,3.4436884984939745e-07
1275,2.9797078246948168,0.44418600628389143,1.540694518183851e-07
1275,2.9816289773864315,0.9118943578396139,1.0246311887387768e-07
1275,2.9835501300780467,0.88999342009656,2.770869050176128e-07
1275,2.9854712827696614,0.9147196784533527,6.694412969357677e-08
1275,2.9873924354612766,0.5464192008810119,2.170750683470898e-07
1275,2.9893135881528914,0.43180280330663434,2.007565050247885e-07
1275,2.9912347408445066,0.2703110442183637,9.328482772434003e-07
1275,2.9931558935361213,1.2080937838779,9.02478911460045e-07
1275,2.9950770462277365,0.6454936150358963,1.4889110439902154e-07
1275,2.9969981989193513,0.5802351714812523,4.200344745825423e-08
1275,2.9989193516109665,0.8491134533498756,1.7218648003550873e-07
1275,3.000840504302581,1.1556618920348523,1.587284607567691e-08
1275,3.0027616569941964,0.9324963955444698,3.333264185202165e-08
1275,3.004682809685811,0.030222803847597405,1.0699351189484623e-07
1275,3.0066039623774263,0.7381313229571923,6.218602571100336e-10
1275,3.008525115069041,0.834451041438069,2.4315714426755143e-07
1275,3.0104462677606563,0.3047693529617,8.30365849466597e-08
1275,3.012367420452271,0.42651501108027373,5.538757220832706e-07
1275,3.014288573143886,0.2663781215240871,2.0598023175465437e-08
1275,3.016209725835501,0.36692522373363057,1.7119258662619692e-07
1275,3.018130878527116,1.2771983080626796,4.8618187333927e-07
1275,3.020052031218731,0.5418818543122195,1.367409246737254e-07
1275,3.021973183910346,0.41541135240645105,9.877929717889612e-08
1275,3.023894336601961,0.554097167521809,4.1160957190813097e-07
1275,3.025815489293576,0.41262681918557437,1.3398058705191915e-07
1275,3.0277366419851908,1.0498861291952324,2.0766927221682846e-07
1275,3.029657794676806,0.1790056351052833,2.454165489314308e-07
1275,3.0315789473684207,0.26411541493134794,2.2312324797527784e-07
1275,3.033500100060036,0.45431648508270533,1.094433859208123e-07
1275,3.0354212527516506,0.25577484513188936,4.903358338778377e-07
1275,3.037342405443266,0.38588371223773127,3.627212226127423e-07
1275,3.0392635581348806,0.26986294283667706,3.7610448896479373e-07
1275,3.0411847108264958,1.3013861323110694,1.8252105603201437e-07
1275,3.0431058635181105,0.8516223753167353,2.9909901267559955e-07
1275,3.0450270162097257,0.9212194267551173,5.505214516463099e-07
1275,3.0469481689013405,0.5773101381766018,2.983056797483639e-07
1275,3.0488693215929557,1.0776547656781026,1.7396201393188987e-07
1275,3.0507904742845704,0.4398882311253423,3.149921606857018e-08
1275,3.0527116269761856,0.2993148251118225,4.4934079454093376e-08
1275,3.0546327796678003,0.34143907155691083,3.8779295787657617e-07
1275,3.0565539323594155,0.6960075212257176,2.3659643812917772e-07
1275,3.0584750850510303,0.541421706500575,3.991464839202811e-08
1275,3.0603962377426455,0.7736874610308863,7.675138388324123e-07
1275,3.06231739043426,1.348017583840145,1.1933303771484483e-06
1275,3.0642385431258754,0.36840820974919547,1.428994463771452e-06
1275,3.06615969581749,0.6967121626596812,5.467283108547542e-07
1275,3.0680808485091053,0.10390821002270635,1.9229797398128264e-07
1275,3.07000200120072,1.0753420472250748,9.709895711186348e-08
1275,3.0719231538923353,1.136798742782917,6.82176872474625e-08
1275,3.07384430658395,0.559330614017157,4.0906329959336605e-07
1275,3.075765459275565,0.6255793502092868,3.3497885280036097e-07
1275,3.07768661196718,0.2544085636055903,4.9955687999472015e-08
1275,3.079607764658795,0.4960161147944567,1.1894894360007424e-07
1275,3.08152891735041,0.368123749601744,1.3777591962254964e-06
1275,3.083450070042025,0.35986761011647955,7.178319707500061e-07
1275,3.08537122273364,0.36427899128561364,8.61834109989528e-07
1275,3.087292375425255,0.373254160299365,2.0491840180653057e-07
1275,3.08921352811687,1.1622063864781507,2.8782394065024793e-08
1275,3.091134680808485,0.6626506252006692,4.1669501888117727e-07
1275,3.0930558335000997,0.4822061053142146,2.8165866854662036e-07
1275,3.094976986191715,0.71112328623485,3.8486410261013024e-07
1275,3.0968981388833297,0.3235654434229265,1.105449821828753e-08
1275,3.098819291574945,0.6056676069233516,9.697648147286629e-08
1275,3.1007404442665596,1.202596040788718,7.786653486717512e-07
1275,3.102661596958175,0.39857345275619027,3.014656105230571e-07
1275,3.1045827496497895,0.25027127147480926,8.325558272242172e-07
1275,3.1065039023414047,0.11053803548903153,4.691095533372808e-07
1275,3.1084250550330195,0.45169901966905707,9.73634122355293e-07
1275,3.1103462077246347,0.6838263649657826,7.238128859872085e-07
1275,3.1122673604162494,0.9123448419859082,5.227941805142677e-07
1275,3.1141885131078646,0.5993284566611752,2.2822992137782869e-07
1275,3.1161096657994793,0.6108148921144002,8.272485029144176e-07
1275,3.1180308184910945,0.4418077512731636,8.234094919912215e-07
1275,3.1199519711827093,0.5992375643302527,1.2842655194623679e-06
1275,3.1218731238743245,0.26129537627033234,1.8020634560488103e-06
1275,3.123794276565939,1.092794895265303,8.108435737808065e-07
1275,3.1257154292575544,0.7136134547440657,5.132250397576657e-07
1275,3.127636581949169,0.9542036507568145,2.4330342018607544e-07
1275,3.1295577346407843,0.5079479436192704,2.0791552392859739e-07
1275,3.131478887332399,0.4252131856998259,3.720731246469262e-07
1275,3.1334000400240143,0.47295740054821556,2.098934726599843e-08
1275,3.135321192715629,0.9308401853963276,2.7940907352817693e-07
1275,3.1372423454072442,0.32132904610925145,9.41638236131609e-07
1275,3.139163498098859,0.8954811392100591,4.085367287459349e-07
1275,3.141084650790474,0.8750946551237998,9.047636991790032e-07
1275,3.143005803482089,1.1055741004322752,1.3047011347332457e-07
1275,3.144926956173704,0.23302337119005678,2.592062915919866e-07
1275,3.146848108865319,0.7533304491749837,2.1069439533842005e-07
1275,3.148769261556934,0.49106238085582515,4.969106879708624e-07
1275,3.150690414248549,0.3829721454722744,5.723894743274249e-07
1275,3.152611566940164,0.542800715679243,1.3373036205193774e-08
1275,3.1545327196317787,0.5516866678545863,2.2738759639163128e-07
1275,3.156453872323394,0.5705037757903951,5.460380460483425e-07
1275,3.1583750250150087,0.35131764751641464,1.1484320100927715e-07
1275,3.160296177706624,0.5432791595528647,1.060327472706319e-07
1275,3.1622173303982386,0.16834687497896744,1.8598454755764408e-09
1275,3.164138483089854,0.6736599196329337,4.1057042409943214e-07
1275,3.1660596357814685,0.20701814680261488,8.723395996320514e-08
1275,3.1679807884730837,0.47519008947345537,7.014189601738694e-07
1275,3.1699019411646985,0.9252031279596573,3.478856534731476e-08
1275,3.1718230938563137,1.2736271372798833,5.524841057545539e-08
1275,3.1737442465479284,0.7732218208035012,1.3424502538679755e-06
1275,3.1756653992395436,0.1818885763646571,1.187882083995287e-06
1275,3.1775865519311584,0.6739112372874905,7.571768957935531e-07
1275,3.1795077046227735,0.40201429947584066,4.1144668733992584e-08
1275,3.1814288573143883,0.6802490542418227,1.5479627025584948e-08
1275,3.1833500100060035,0.27201284810023985,8.62271387158817e-08
1275,3.1852711626976182,1.4098151388002624,1.2608788188783728e-08
1275,3.1871923153892334,0.3703234698899992,3.349245919133282e-07
1275,3.189113468080848,0.6754677642844547,6.278463980591286e-08
1275,3.1910346207724634,0.5746483056369825,8.981615487019618e-08
1275,3.192955773464078,0.6657501748583347,7.830215631365423e-07
1275,3.1948769261556933,0.8672783495212979,1.0907624750304963e-06
1275,3.196798078847308,0.8372859697253914,4.1293150115046145e-07
1275,3.1987192315389232,0.5145221706215102,5.184188635428741e-08
1275,3.200640384230538,0.541333295355555,3.0793769480823073e-07
1275,3.202561536922153,0.35823207185584943,2.405414543388134e-07
1275,3.204482689613768,0.6371763336602929,2.57123570371409e-07
1275,3.206403842305383,0.3575792431028573,9.52882158760529e-08
1275,3.208324994996998,0.43851565319244856,4.2030630045324967e-07
1275,3.210246147688613,0.447629606107358,2.2308719086521834e-07
1275,3.212167300380228,0.49898528920369956,4.639062927119884e-07
1275,3.214088453071843,0.48985949653184024,1.6938665241849426e-06
1275,3.2160096057634577,0.13752720724363451,4.672228827369973e-07
1275,3.217930758455073,0.5058175957633181,3.6959709830690977e-07
1275,3.2198519111466877,0.5987704779392684,3.260498402938707e-07
1275,3.221773063838303,0.35697175988951,8.756771715738865e-08
1275,3.2236942165299176,0.9533228345586354,9.584547690980905e-08
1275,3.225615369221533,0.7516532091028381,9.382228645058533e-08
1275,3.2275365219131475,0.519236620968574,1.1049781387754469e-07
1275,3.2294576746047627,0.08000165199483927,7.68940765021733e-07
1275,3.2313788272963775,0.6761160471292617,7.762476215925777e-07
1275,3.2332999799879927,0.3194924665237833,1.7595841432676199e-06
1275,3.2352211326796074,0.4407555317374175,1.1936772836093635e-06
1275,3.2371422853712226,0.7555341204561102,2.417691312991311e-07
1275,3.2390634380628374,0.7274491057338334,3.672469069739859e-08
1275,3.2409845907544526,0.2836928008240083,1.1120965530154735e-07
1275,3.2429057434460673,0.17305356230606844,4.871427905834034e-07
1275,3.2448268961376825,0.5010529266277949,1.6035170368649642e-07
1275,3.2467480488292972,0.5334532515987066,1.6850653771871932e-07
1275,3.2486692015209124,0.4867176489605321,8.257540262562617e-08
1275,3.250590354212527,1.2893049360110072,1.7022532006106192e-07
1275,3.2525115069041424,0.7125495655834477,8.544998401169716e-08
1275,3.254432659595757,0.2117307117029425,9.157056932954916e-08
1275,3.2563538122873723,0.6047657113004454,4.17671569829579e-07
1275,3.258274964978987,0.40142264307539893,5.693224453371813e-07
1275,3.2601961176706022,0.33410823809608264,8.790251474443906e-07
1275,3.262117270362217,1.0346150612003342,4.011919286487913e-07
1275,3.264038423053832,0.48934596806111164,3.663414454694699e-07
1275,3.265959575745447,0.39083110552563394,6.280715051706699e-07
1275,3.267880728437062,0.21473419610264788,6.944610174064113e-07
1275,3.269801881128677,0.1689654900720479,5.822994858765758e-07
1275,3.271723033820292,0.9513797922076478,1.9270082148534195e-08
1275,3.273644186511907,0.6986038602101424,1.9657457879553004e-07
1275,3.275565339203522,0.38617858599479266,9.86028594458436e-09
1275,3.2774864918951367,0.41833105821944017,7.076509361055326e-07
1275,3.279407644586752,0.4188902651580052,2.5901596960478056e-07
1275,3.2813287972783667,0.2055070770534551,5.103214365036038e-07
1275,3.283249949969982,0.36190322206370384,3.612446558498294e-07
1275,3.2851711026615966,0.45020874691525414,9.903687056288404e-07
1275,3.287092255353212,0.5127680292776433,1.1681020531901384e-06
1275,3.2890134080448266,0.21100395598518706,1.0345080974502743e-06
1275,3.2909345607364417,0.2692515557771181,8.926245025053194e-07
1275,3.2928557134280565,0.6570827875880225,4.929006244214274e-07
1275,3.2947768661196717,0.6447626129946922,1.1259899792228792e-06
1275,3.2966980188112864,0.8855964160388307,1.4940896247864935e-07
1275,3.2986191715029016,1.17830875309036,3.856322041322802e-07
1275,3.3005403241945164,0.815240661887472,1.9344282179869276e-07
1275,3.3024614768861316,0.9419046342254924,1.2614129462815736e-07
1275,3.3043826295777463,0.2392818511556258,1.2244567756972874e-07
1275,3.3063037822693615,0.5089399354338161,4.854227872173435e-08
1275,3.3082249349609762,0.2184211562971167,6.693147678302979e-08
1275,3.3101460876525914,0.46540960498034417,2.551395803202109e-07
1275,3.312067240344206,0.6538764787307635,9.918981612097704e-07
1275,3.3139883930358214,0.4452027405674082,2.6048183186624253e-07
1275,3.315909545727436,0.5498842794948106,4.114209829865104e-07
1275,3.3178306984190513,0.41985120636835177,4.3363221242177066e-07
1275,3.319751851110666,0.5849633375867305,4.064886445713578e-07
1275,3.3216730038022813,0.4306301388034464,8.898649686084102e-07
1275,3.323594156493896,0.2701074000512948,2.2420401326502171e-07
1275,3.325515309185511,0.13005534516999134,5.560473284163027e-07
1275,3.327436461877126,0.590889639688013,2.9255984426626066e-07
1275,3.329357614568741,0.41569766282045667,1.7762767785285908e-07
1275,3.331278767260356,0.8270009665349101,9.545942300437208e-09
1275,3.333199919951971,0.6743318638129279,1.7963980916442168e-07
1275,3.335121072643586,0.1149472997788265,1.7093114252028326e-07
1275,3.337042225335201,0.17306590276800626,6.330605921648288e-07
1275,3.3389633780268158,0.23268294160626515,3.8666400989052913e-07
1275,3.340884530718431,0.8489911816947406,3.1280005588208517e-07
1275,3.3428056834100457,1.2074664730447657,2.560946289505205e-07
1275,3.344726836101661,0.6875044204121926,1.2709493089203962e-07
1275,3.3466479887932756,0.32604041202582007,7.519673609003604e-07
1275,3.348569141484891,0.6173432361394185,3.362452660500187e-07
1275,3.3504902941765056,0.54717598202283,1.536009348455813e-07
1275,3.3524114468681208,0.2285716276035883,1.1155704354554488e-08
1275,3.3543325995597355,0.5046750007970774,1.613035911322221e-07
1275,3.3562537522513507,0.2738127313792755,3.1799777449787556e-08
1275,3.3581749049429654,0.6380672943748941,1.8455231043673512e-07
1275,3.3600960576345806,0.6404177844143963,1.069115522014797e-07
1275,3.3620172103261954,0.4132638540785464,2.439949530094802e-08
1275,3.3639383630178106,0.3880513876519841,4.874911115169944e-07
1275,3.3658595157094253,0.14048753292147154,2.9979953792536855e-07
1275,3.3677806684010405,0.3849703442815978,7.051240452797116e-07
1275,3.3697018210926553,1.0602866272997105,7.907741745271282e-08
1275,3.3716229737842704,0.19579210032100872,4.7647314134551016e-08
1275,3.373544126475885,0.7555031088454985,3.2757693578580535e-07
1275,3.3754652791675004,0.5551169130914961,2.4858728252288717e-07
1275,3.377386431859115,0.48640831604217644,8.378102403305363e-07
1275,3.3793075845507303,0.5118654489481042,3.355521522878431e-07
1275,3.381228737242345,0.5502410703835549,5.424355146375344e-07
1275,3.3831498899339603,0.701237744144598,1.1194616200895063e-07
1275,3.385071042625575,0.10181766957833092,2.6510784153354645e-07
1275,3.38699219531719,0.9812979755316279,9.201887541898628e-07
1275,3.388913348008805,0.9150108103817686,2.3240016493486166e-07
1275,3.39083450070042,0.1061044650647863,2.065983136487034e-07
1275,3.392755653392035,0.6383327358923075,7.538592057917326e-08
1275,3.39467680608365,0.9341331154712667,1.783010447673089e-07
1275,3.396597958775265,0.2923134869445423,1.3871264170777433e-07
1275,3.39851911146688,0.2880350901510863,1.590860640285399e-07
1275,3.4004402641584948,1.0877934462962418,2.7170785822599834e-07
1275,3.40236141685011,0.24757567374473932,2.079458535069198e-08
1275,3.4042825695417247,0.46800736621195366,8.929133153940793e-07
1275,3.40620372223334,0.6271123253635671,4.098673882343113e-07
1275,3.4081248749249546,0.9939404277993227,4.985366328645661e-07
1275,3.41004602761657,0.6179369839308304,6.861314330883774e-08
1275,3.4119671803081846,0.22442408112989343,5.8942268706535624e-08
1275,3.4138883329997998,0.23096707946593983,1.879778276887961e-07
1275,3.4158094856914145,0.2818566678335157,1.1888931435267715e-07
1275,3.4177306383830297,0.7195923768902555,4.3627543932259113e-07
1275,3.4196517910746445,0.535751254066407,3.068348107790986e-07
1275,3.4215729437662596,0.9198265680076173,3.1152459988459815e-07
1275,3.4234940964578744,0.5121472093068924,3.773687018151385e-07
1275,3.4254152491494896,0.5860498292079085,2.210227812557663e-07
1275,3.4273364018411043,0.63999656948362,2.3144047835251047e-08
1275,3.4292575545327195,0.49170765671621697,5.798778670647209e-07
1275,3.4311787072243343,0.3785382284842288,1.3691473343896471e-06
1275,3.4330998599159495,0.10757057679635035,8.326354425311974e-07
1275,3.435021012607564,0.45791592518808377,7.958858176995908e-07
1275,3.4369421652991794,0.4225510264365962,2.9499407881450084e-07
1275,3.438863317990794,0.29831242088104615,3.6349424451308197e-07
1275,3.4407844706824093,0.29385281683345704,2.339980981588501e-07
1275,3.442705623374024,0.3875412922230225,8.398644440887607e-07
1275,3.4446267760656393,0.4739822776343312,7.608629166122873e-07
1275,3.446547928757254,0.45587261980097177,5.07303751482257e-07
1275,3.448469081448869,0.4366665867029562,2.3984479764938045e-07
1275,3.450390234140484,1.2586119717267823,3.2676720455347994e-07
1275,3.452311386832099,0.8160507948894753,7.606421239332739e-08
1275,3.454232539523714,0.6680335063048256,3.698588381944667e-08
1275,3.456153692215329,0.17722795683551043,3.073204517313071e-07
1275,3.458074844906944,0.6560431005033663,2.9942187435980354e-07
1275,3.459995997598559,0.45040176691354145,8.374536593268727e-07
1275,3.4619171502901738,0.32203322806469903,7.085979322112378e-07
1275,3.463838302981789,0.5180530023250275,9.487064348491022e-07
1275,3.4657594556734037,0.6411662436869393,2.1717498393204213e-07
1275,3.467680608365019,0.817095393286423,4.080560863415779e-08
1275,3.4696017610566336,0.06761172895123094,5.733648768221992e-07
1275,3.471522913748249,0.4433327299276528,2.1538084106120824e-07
1275,3.4734440664398636,0.9505986694013906,1.1421122290865297e-06
1275,3.4753652191314788,0.46197353236683036,3.875206299283053e-07
1275,3.4772863718230935,1.0305402257345453,5.00322417327879e-07
1275,3.4792075245147087,0.515785842645903,7.350362831241654e-08
1275,3.4811286772063235,0.16273923790754513,1.5083791837963165e-07
1275,3.4830498298979387,0.7447660243447644,2.996843489501825e-08
1275,3.4849709825895534,0.39316442874658813,4.4010863959615754e-07
1275,3.4868921352811686,0.14009441891313232,1.0497449100721165e-06
1275,3.4888132879727833,0.5601584089773495,1.048881963489336e-06
1275,3.4907344406643985,0.23725626481197254,1.3934452034178202e-06
1275,3.4926555933560133,0.48399715431511525,4.1400583343671093e-07
1275,3.4945767460476285,0.3476314765942651,4.7407229578327024e-07
1275,3.496497898739243,0.4224832983473265,1.0302148799970635e-07
1275,3.4984190514308584,0.21107195502111176,3.592351509918066e-07
1275,3.500340204122473,0.6914518072717891,9.984157038241143e-07
1275,3.5022613568140883,0.3101797780553498,5.919415768590816e-07
1275,3.504182509505703,0.27804311274013116,6.079124459701061e-07
1275,3.5061036621973183,0.25189632791207434,7.152796380008797e-07
1275,3.508024814888933,0.36719341586038146,4.349046473979549e-07
1275,3.509945967580548,0.5921456098843719,3.3749573904568495e-08
1275,3.511867120272163,0.8810354013101173,3.670402220556169e-07
1275,3.513788272963778,0.7079152437233145,6.233286876052961e-07
1275,3.515709425655393,0.05566336867380521,1.0090738905667952e-06
1275,3.517630578347008,1.0360637397536616,1.447412337762277e-06
1275,3.519551731038623,0.34636325708140514,9.061008730762192e-07
1275,3.521472883730238,0.41195562508779443,5.329475340994576e-07
1275,3.523394036421853,0.7422602108695571,2.143348830466545e-08
1275,3.525315189113468,0.8517100862614924,1.2471904820871827e-07
1275,3.5272363418050827,0.37075818392388216,9.954325816278645e-08
1275,3.529157494496698,0.8540655303714723,2.7245884891996253e-07
1275,3.5310786471883127,1.1227032303304842,1.7249825219368483e-07
1275,3.532999799879928,0.27346378694401463,7.348259524922525e-07
1275,3.5349209525715426,0.4145485791568497,1.916008811329844e-07
1275,3.536842105263158,0.17317571528633463,8.403967591166046e-07
1275,3.5387632579547725,0.516114969502955,2.635473258538344e-07
1275,3.5406844106463877,0.6740215254688066,2.130437192312212e-07
1275,3.5426055633380025,0.4430803354311177,4.824179516873396e-07
1275,3.5445267160296177,0.5770935506631305,3.7935966626163406e-07
1275,3.5464478687212324,0.40660492386737074,5.967772745812322e-07
1275,3.5483690214128476,0.46479668002230234,2.49556779123169e-07
1275,3.5502901741044623,0.5360581173973822,4.24525775353243e-07
1275,3.5522113267960775,0.38916511510355567,3.405354179460103e-08
1275,3.5541324794876923,0.2614895061684865,8.044886116617254e-08
1275,3.5560536321793075,0.31901936208586323,2.713018522732533e-07
1275,3.5579747848709222,0.8474292676508952,2.8426037642082557e-08
1275,3.5598959375625374,0.23994321523851897,1.6612891070752907e-07
1275,3.561817090254152,0.05463594738330332,4.3477933831335855e-10
1275,3.5637382429457674,0.18686142487035245,2.0008480536256942e-07
1275,3.565659395637382,0.37691952152212643,4.134834228352704e-08
1275,3.5675805483289973,0.30468491580132967,5.4846676844764425e-08
1275,3.569501701020612,0.3733509378233322,1.5310704885823402e-07
1275,3.5714228537122272,0.2409757493550358,6.728599496893996e-08
1275,3.573344006403842,0.5329193328082239,2.1101560679562074e-07
1275,3.575265159095457,0.6344528831672754,6.833225362313322e-08
1275,3.577186311787072,0.29312369922818876,3.9806960341364135e-07
1275,3.579107464478687,0.3956739507292957,7.952760792777741e-08
1275,3.581028617170302,0.9034373506015871,1.0987941683933472e-07
1275,3.582949769861917,0.35249140749101426,1.6291513921814428e-07
1275,3.584870922553532,0.5617090201339682,4.994090615688628e-08
1275,3.586792075245147,0.49334101059227875,8.849458278185312e-08
1275,3.5887132279367617,0.6465379216590896,1.393938216345235e-07
1275,3.590634380628377,0.8738600113641642,2.3878685659142915e-08
1275,3.5925555333199917,0.5134394234004136,4.448652777231579e-08
1275,3.594476686011607,0.09373782135147977,3.785775737374556e-08
1275,3.5963978387032216,0.3554742022457524,1.6485055416911388e-07
1275,3.598318991394837,0.38594273444039506,3.379845001750133e-07
1275,3.6002401440864515,0.8281651932810906,1.7074432774415966e-07
1275,3.6021612967780667,0.6629061642854254,1.0917267038513817e-07
1275,3.6040824494696815,0.34873248933642575,1.615444895406392e-07
1275,3.6060036021612967,0.9291278182506701,6.352719156190371e-08
1275,3.6079247548529114,0.5429867362157582,3.4870076136528594e-08
1275,3.6098459075445266,0.29472481707783155,1.4272853147204058e-07
1275,3.6117670602361414,0.7127516150052855,9.394404771244319e-08
1275,3.6136882129277565,0.40514362012579774,2.2292907853587274e-07
1275,3.6156093656193713,0.6501536249347404,7.821715268421319e-08
1275,3.6175305183109865,0.5785288208697681,1.3798706575602791e-07
1275,3.6194516710026012,0.8958528683661036,1.4745638495280904e-08
1275,3.6213728236942164,0.29129572213496246,2.0857501078382802e-07
1275,3.623293976385831,0.2803504601364139,3.1783741046315036e-08
1275,3.6252151290774464,0.45743095210811024,5.645766782249534e-07
1275,3.627136281769061,0.6049881996071673,2.705045315882544e-07
1275,3.6290574344606763,0.16816402170709593,3.5338140012980124e-07
1275,3.630978587152291,0.27942294496522563,3.7321377356549605e-07
1275,3.6328997398439062,0.14848525619676395,3.829645112067982e-07
1275,3.634820892535521,0.682608940962535,3.655162028210064e-07
1275,3.636742045227136,0.9372433317915465,2.8392436879810333e-07
1275,3.638663197918751,0.6765289644766818,5.700172631672916e-07
1275,3.640584350610366,0.4617672578024105,1.1313287383564353e-07
1275,3.642505503301981,0.7405665798315791,3.580366703819684e-07
1275,3.644426655993596,0.1178311323690493,4.402893206991914e-08
1275,3.646347808685211,0.5336315702574957,3.353702659067851e-07
1275,3.648268961376826,0.6638005325310218,2.7749607435815495e-07
1275,3.6501901140684407,0.06692291978950382,6.983372151220243e-08
1275,3.652111266760056,0.8452534067651098,1.4016979236237218e-08
1275,3.6540324194516707,0.9375823504705377,6.690469755276125e-08
1275,3.655953572143286,0.241406680080961,4.083695626025762e-08
1275,3.6578747248349006,0.6124890191742818,2.7924861949998374e-08
1275,3.659795877526516,0.36803670874501543,2.3062867941011606e-07
1275,3.6617170302181306,0.7527998126254938,4.708496010268623e-08
1275,3.6636381829097457,0.5909728358422831,6.431839895204111e-08
1275,3.6655593356013605,0.15261634431956256,1.6248988457479333e-08
1275,3.6674804882929757,0.4522875563393441,1.7294624798051654e-07
1275,3.6694016409845904,0.10021439957450134,4.2058437293218403e-08
1275,3.6713227936762056,0.6552282799257435,6.209268139429268e-08
1275,3.6732439463678204,0.627100250582406,5.907981303638448e-07
1275,3.6751650990594356,0.5563951769595952,4.432800731717604e-07
1275,3.6770862517510503,0.37379560067156636,7.133392620099657e-07
1275,3.6790074044426655,0.30153257511581216,4.6239376954899897e-07
1275,3.6809285571342802,0.5498955160656456,7.451367744804014e-07
1275,3.6828497098258954,0.20182095661506672,3.827085120401591e-07
1275,3.68477086251751,0.5287988674678297,4.526432863220404e-07
1275,3.6866920152091254,0.11771165963899441,8.646933774603879e-07
1275,3.68861316790074,0.8888657064185791,4.919609617054204e-07
1275,3.6905343205923553,0.424841867178271,1.964922518125615e-06
1275,3.69245547328397,0.5809391562026809,1.1883062024552035e-06
1275,3.6943766259755852,0.7809763985405033,1.3594885789366248e-06
1275,3.6962977786672,0.26192881019839337,1.9521209859197626e-07
1275,3.698218931358815,0.8176943124481857,7.554142904540411e-08
1275,3.70014008405043,0.4166265705562302,1.912369562679151e-07
1275,3.702061236742045,0.6921409094234326,3.812473989876042e-07
1275,3.70398238943366,0.8362035311557349,6.246843714289151e-07
1275,3.705903542125275,0.46242601694019886,3.8969186258799844e-07
1275,3.70782469481689,0.2903602161884474,4.970423478117494e-07
1275,3.709745847508505,0.38275419178289694,8.608694729815126e-08
1275,3.7116670002001197,0.306844875336283,1.739536068064057e-07
1275,3.713588152891735,0.8715804646866214,1.7408745846108957e-07
1275,3.7155093055833497,0.575844828600711,1.2654596871416736e-08
1275,3.717430458274965,0.582012405048282,3.8288631053707714e-07
1275,3.7193516109665796,0.2911902597762782,1.5718660785779884e-07
1275,3.721272763658195,0.2606968528744338,8.847279525424665e-08
1275,3.7231939163498096,0.7203833214050481,1.511662472672795e-07
1275,3.7251150690414248,0.3762306273593262,4.303365608805753e-08
1275,3.7270362217330395,0.24635810046433937,2.822327474897961e-09
1275,3.7289573744246547,0.6437277068474807,2.9709601488353406e-07
1275,3.7308785271162694,0.7635347145816322,4.50288502802917e-07
1275,3.7327996798078846,0.2842119899710647,4.249328618335696e-07
1275,3.7347208324994994,0.3993000951270085,5.82518636267281e-07
1275,3.7366419851911146,0.9534975356465991,3.600446184296377e-07
1275,3.7385631378827293,0.5868240588297492,2.1818649524430184e-07
1275,3.7404842905743445,0.9538549548024998,2.8695583862377757e-08
1275,3.7424054432659593,1.0186263898621952,2.9397352763217384e-07
1275,3.7443265959575744,0.5522976279882779,1.7523206432577444e-07
1275,3.746247748649189,0.4401246903510387,5.360870301630353e-07
1275,3.7481689013408044,0.3762061200095598,3.352438352340429e-07
1275,3.750090054032419,0.35339621656082487,9.844221381086664e-07
1275,3.7520112067240343,1.2299121743188992,3.1602842808871095e-07
1275,3.753932359415649,0.5735700040229686,3.277579829706029e-07
1275,3.7558535121072643,0.13106038662023814,1.1350493811017372e-07
1275,3.757774664798879,0.634661214964561,2.3432539503300668e-08
1275,3.759695817490494,0.9272316602538658,7.566569704051279e-07
1275,3.761616970182109,0.9325058786721344,5.779021830275455e-07
1275,3.763538122873724,0.43857900368148933,4.769475653668988e-07
1275,3.765459275565339,0.09012543512483565,5.235419535280057e-08
1275,3.767380428256954,0.31877181316119046,6.423486052049557e-08
1275,3.769301580948569,0.5899342702405197,1.8805343710094144e-07
1275,3.771222733640184,0.30284871733770174,1.8981517144128465e-09
1275,3.7731438863317988,0.3536716561327447,2.3393493657739408e-07
1275,3.775065039023414,0.499798682833378,1.4370727800531711e-08
1275,3.7769861917150287,0.5952928707207138,2.2073760800179095e-07
1275,3.778907344406644,0.4629806203553381,6.842608321008589e-08
1275,3.7808284970982586,0.5480079898167676,1.9646580570256167e-07
1275,3.782749649789874,0.17173719622770836,3.204001104019364e-07
1275,3.7846708024814886,0.46708452030930414,4.2381754969503786e-07
1275,3.7865919551731038,0.6198336983605837,1.0264967908515273e-06
1275,3.7885131078647185,0.3015686852121077,4.19144306595891e-07
1275,3.7904342605563337,0.5288442333973332,1.4164353024480643e-07
1275,3.7923554132479484,0.08297659236826385,8.685915015107914e-08
1275,3.7942765659395636,0.5866379987709235,1.1857653522837558e-08
1275,3.7961977186311784,0.5559181719312019,1.3546495173605976e-07
1275,3.7981188713227936,1.0152890278381845,2.2089293310465882e-08
1275,3.8000400240144083,1.0187981893291647,4.624037464243248e-07
1275,3.8019611767060235,0.6642939849127576,2.4509884967940163e-07
1275,3.8038823293976383,0.2317865512109014,9.093592618313412e-07
1275,3.8058034820892535,0.25699309207133614,1.2206763130553275e-06
1275,3.807724634780868,1.1159898388313492,6.399229580546392e-07
1275,3.8096457874724834,0.5707897546725644,5.736671350606007e-08
1275,3.811566940164098,1.1477577889030197,2.422432285463684e-07
1275,3.8134880928557133,0.16876047198199243,2.091792445588417e-07
1275,3.815409245547328,0.5799627368884134,5.554940437028024e-07
1275,3.8173303982389433,0.826081138802624,4.1037786450494734e-07
1275,3.819251550930558,0.7076616515985777,4.0774716536368553e-07
1275,3.821172703622173,0.4024811145797856,1.6966023246755517e-07
1275,3.823093856313788,0.7731719548302057,2.571128555215281e-07
1275,3.825015009005403,0.8849030471055281,4.606124284100987e-07
1275,3.826936161697018,0.27167567419383754,8.856373459230833e-07
1275,3.828857314388633,0.8350202508712539,3.1980898406034355e-07
1275,3.830778467080248,0.09566973795357774,1.509177822198018e-07
1275,3.832699619771863,1.0082744952657212,1.0484473579332383e-07
1275,3.8346207724634778,0.20720873983388371,6.750441296396581e-08
1275,3.836541925155093,0.6343559834856016,3.325823495828762e-08
1275,3.8384630778467077,0.3465304454650796,1.654685662326081e-07
1275,3.840384230538323,0.8341868458822786,8.715187912167169e-08
1275,3.8423053832299376,0.5302007808515913,5.519902977840921e-07
1275,3.844226535921553,0.1428099714255329,7.660685560481939e-07
1275,3.8461476886131676,0.5287345575361566,5.890697572544536e-07
1275,3.8480688413047828,0.7658236316101282,9.861638532154213e-08
1275,3.8499899939963975,0.7167422445873906,4.2177609424269665e-08
1275,3.8519111466880127,0.3075860016613262,7.318244946526473e-08
1275,3.8538322993796275,0.25794584991983205,5.5039318330427734e-08
1275,3.8557534520712426,0.2957853847410298,3.122084073376622e-07
1275,3.8576746047628574,0.4108466643990692,9.209287963893164e-08
1275,3.8595957574544726,0.6433661539980802,2.3469453691819384e-07
1275,3.8615169101460873,1.0167015106995323,8.100394988901373e-08
1275,3.8634380628377025,0.8398943671707307,7.777936717805827e-07
1275,3.8653592155293173,1.1276072273101483,1.9514401371229103e-07
1275,3.8672803682209325,0.6473932290907514,1.4269428889603315e-07
1275,3.869201520912547,0.982278653610759,4.5760639454866615e-07
1275,3.8711226736041624,0.16886296570708575,2.964143784106745e-07
1275,3.873043826295777,0.48070227539151833,3.313266354230438e-07
1275,3.8749649789873923,1.1667307797368496,7.076618684368979e-08
1275,3.876886131679007,0.970138338798597,3.6734864553022465e-08
1275,3.8788072843706223,0.5248339395413144,2.388169431720711e-07
1275,3.880728437062237,0.9139757817881942,1.9728979379876306e-07
1275,3.882649589753852,0.3435635429408469,2.489622873058893e-07
1275,3.884570742445467,0.6326388485462998,2.620594267522294e-08
1275,3.886491895137082,0.09622449197243281,7.781792325586716e-08
1275,3.888413047828697,0.33419654347170663,5.000018107337172e-08
1275,3.890334200520312,0.2753200954996941,1.9318551702709348e-07
1275,3.892255353211927,0.42098344703485596,1.9265996954642373e-08
1275,3.894176505903542,0.8000234659241302,1.6862837765706078e-07
1275,3.8960976585951568,1.0802241412950258,4.0200158038761645e-07
1275,3.898018811286772,0.4260430295575401,7.961281494846966e-07
1275,3.8999399639783867,0.45288909816846823,4.1405255476544883e-07
1275,3.901861116670002,0.5133358237396162,2.1285911856558448e-07
1275,3.9037822693616167,0.4729335969551913,4.883270407730155e-07
1275,3.905703422053232,0.42973856378429365,1.1192982346198494e-07
1275,3.9076245747448466,0.30406201896910556,1.2083157375643112e-07
1275,3.909545727436462,0.696876801996044,1.546360860114748e-07
1275,3.9114668801280765,0.6050575104347613,4.399829721349288e-08
1275,3.9133880328196917,0.578867279565553,1.3670725617088126e-07
1275,3.9153091855113065,0.8608314478219891,1.7903741398012713e-07
1275,3.9172303382029217,0.10980259569639565,2.009203066489001e-07
1275,3.9191514908945364,1.0978123618549602,4.295850153853455e-07
1275,3.9210726435861516,0.6095734285731894,3.0719651314444456e-08
1275,3.9229937962777663,0.823348496454709,1.1530747587825222e-07
1275,3.9249149489693815,0.2808811193141444,3.221318327824018e-07
1275,3.9268361016609963,0.5865303911894035,1.0210720342901173e-08
1275,3.9287572543526115,0.31282853346605827,1.0952916071131812e-07
1275,3.930678407044226,0.3546925928955518,7.76828354880271e-09
1275,3.9325995597358414,0.5789394680233186,3.225771329122965e-07
1275,3.934520712427456,0.7565641538227363,6.239539834164787e-08
1275,3.9364418651190713,0.34187747652190836,3.7527715232277374e-08
1275,3.938363017810686,1.1232186689432178,1.0539905119734637e-07
1275,3.9402841705023013,0.6944763619889045,2.8404838036423188e-08
1275,3.942205323193916,0.9358769709924086,1.4929295688740255e-07
1275,3.9441264758855312,0.39501921603869145,1.1950949267499783e-07
1275,3.946047628577146,1.0774312904772925,3.794437128153307e-07
1275,3.947968781268761,0.4506387624311551,3.019829176195142e-07
1275,3.949889933960376,0.5002692609501704,4.6793365061615277e-07
1275,3.951811086651991,0.6866154438768904,2.737604761129415e-07
1275,3.953732239343606,0.9834123020498738,4.4576335982533674e-08
1275,3.955653392035221,0.9072713075295075,5.896771743015565e-07
1275,3.957574544726836,0.3456304608267811,5.153572129931204e-07
1275,3.959495697418451,0.878425843161373,5.208734513728776e-07
1275,3.9614168501100657,0.3894816213591124,2.400246062296167e-07
1275,3.963338002801681,0.7966889972256984,2.588529650210478e-07
1275,3.9652591554932957,0.27707221257713727,1.993250163626062e-07
1275,3.967180308184911,0.6871485296468994,4.4198763715360397e-08
1275,3.9691014608765256,0.09457552486225605,9.688953954437759e-08
1275,3.971022613568141,0.6452327818746264,1.8508782626236446e-07
1275,3.9729437662597555,0.41599831685216687,2.3031213160490252e-07
1275,3.9748649189513707,0.12663917900086819,2.4275958197387626e-08
1275,3.9767860716429855,0.6960536080572678,2.0056664301177093e-07
1275,3.9787072243346007,0.3042499916395039,1.576537333022777e-07
1275,3.9806283770262154,0.5574548945126799,1.4184018221875423e-07
1275,3.9825495297178306,0.18108882872730495,8.366879051430783e-09
1275,3.9844706824094454,0.2524415942038184,2.2581846540226798e-08
1275,3.9863918351010605,0.699808400442081,1.0025416560742933e-07
1275,3.9883129877926753,0.41091025326283587,2.2479630823026146e-08
1275,3.9902341404842905,0.8486216451080058,2.995200898022996e-07
1275,3.9921552931759052,0.9028896473339072,1.513494697440713e-07
1275,3.9940764458675204,0.7461445640607888,4.571114290052772e-07
1275,3.995997598559135,0.9230746392282065,4.65656206466154e-08
1275,3.9979187512507504,0.3750122846335104,4.3182270281077914e-08
1275,3.999839903942365,1.294799293291434,1.8102138580419548e-07
1275,4.00176105663398,0.1834803004187986,1.8774524544460263e-08
1275,4.0036822093255955,1.3873977934330566,1.333206352620366e-07
1275,4.00560336201721,0.28037237396192055,1.7556954843145733e-07
1275,4.007524514708825,0.27020017712257005,4.0676286350724206e-07
1275,4.00944566740044,0.5463618604944154,3.677362471907979e-08
1275,4.011366820092055,0.28489675755758676,4.2357933651822845e-08
1275,4.01328797278367,0.5604242396568283,1.909624895785411e-07
1275,4.015209125475285,0.5822659963987512,8.06656061729529e-08
1275,4.0171302781669,0.4017935574311063,8.026693664373158e-07
1275,4.019051430858515,0.7485738900943121,3.305086727236198e-07
1275,4.0209725835501295,0.6803886024670566,2.2080623554310567e-07
1275,4.022893736241745,0.38150550435582453,1.1093081853807759e-07
1275,4.02481488893336,0.5415201783640854,7.791898439153796e-08
1275,4.026736041624975,0.5473473592575003,5.803516318464094e-08
1275,4.028657194316589,0.4240269020741125,1.6889627968665106e-07
1275,4.030578347008205,0.7799191997120168,8.047538761418953e-07
1275,4.03249949969982,0.5817133630462613,5.950594225237181e-07
1275,4.034420652391435,0.18460988720177837,8.050698493860098e-07
1275,4.036341805083049,0.670569904069111,1.6385068614230515e-06
1275,4.0382629577746645,0.37943392919207136,1.6156207459000322e-06
1275,4.04018411046628,0.14543621613259589,1.5445191893541274e-06
1275,4.042105263157895,0.8696278891647676,6.189595874359968e-07
1275,4.044026415849509,0.34548734872231707,6.363124301037083e-07
1275,4.045947568541124,0.1809839054064415,5.270257611704742e-07
1275,4.0478687212327396,0.7747869311458622,1.714631981223543e-07
1275,4.049789873924355,0.37903757463207544,2.654629151424717e-07
1275,4.051711026615969,0.14217700985321416,8.562006023269462e-07
1275,4.053632179307584,0.6488174958698434,1.7604509935368202e-06
1275,4.055553331999199,0.6065360123743444,6.204409665288567e-07
1275,4.057474484690815,0.3675738443676478,5.580220675816822e-07
1275,4.059395637382429,0.46572877348631136,1.6239714766467468e-06
1275,4.061316790074044,1.1691300243424605,6.192015530525302e-07
1275,4.063237942765659,0.8928231770351087,3.9889829303035497e-07
1275,4.0651590954572745,0.5165666940135917,1.1390232526912189e-07
1275,4.067080248148889,0.5621968902678324,1.553979056524138e-07
1275,4.069001400840504,0.3648538389891669,4.681252629049629e-08
1275,4.070922553532119,0.6276023001049436,5.802368928579522e-09
1275,4.072843706223734,0.23943924893111426,3.231165714156889e-08
1275,4.074764858915349,0.4922791872984656,1.0560446549252601e-07
1275,4.076686011606964,0.8371257080024206,2.0275721530967716e-07
1275,4.078607164298579,0.4209015823855971,1.14543322050689e-06
1275,4.080528316990194,0.7542543543942103,1.1166593774319065e-06
1275,4.0824494696818086,0.46271420380719136,2.2873099505312407e-07
1275,4.084370622373424,0.44085116089959503,4.849077931635835e-09
1275,4.086291775065039,0.518599525755924,4.4070648223154416e-07
1275,4.088212927756654,0.1458517383016638,2.7639521354466576e-07
1275,4.090134080448268,0.6133936109576807,3.234821964782259e-07
1275,4.092055233139884,0.5170584210977527,3.106384879719855e-07
1275,4.093976385831499,0.5734673668236231,3.3570042840333726e-08
1275,4.095897538523114,0.5984056201554988,2.0804636549316281e-07
1275,4.097818691214728,0.18564020658217373,1.1726399104193453e-07
1275,4.0997398439063435,0.6700812763104248,5.052756503369749e-07
1275,4.101660996597959,0.8388712792413265,4.2064752062942343e-08
1275,4.103582149289574,0.38959940382465835,3.1533404808896405e-07
1275,4.105503301981188,0.6983618236493433,1.4026856612478119e-06
1275,4.107424454672803,0.7043204613554542,8.504638224120982e-07
1275,4.109345607364419,0.532404355573452,6.616165333872959e-07
1275,4.111266760056034,0.6139719666174315,1.1981540276375335e-07
1275,4.113187912747648,0.688229470424653,6.046287149312184e-08
1275,4.115109065439263,0.18932030739867892,3.4591660784105754e-07
1275,4.117030218130878,0.7639532850015942,2.9307656283175787e-07
1275,4.118951370822494,0.29649585106343285,8.498815712233194e-07
1275,4.120872523514108,0.3616982504213593,2.930538448233351e-07
1275,4.122793676205723,0.5454163296972797,1.179248008028134e-06
1275,4.124714828897338,0.10777506649416337,3.749573189702287e-07
1275,4.1266359815889535,0.7498124499089499,3.707775229479617e-07
1275,4.128557134280568,0.48631856373290105,1.2862302197631778e-07
1275,4.130478286972183,0.5523928971327242,1.8855955929329408e-07
1275,4.132399439663798,0.19029523765194095,5.200771650387886e-07
1275,4.134320592355413,0.4202058998712224,3.48780315867193e-07
1275,4.136241745047028,0.3945006206028816,3.9548097913163866e-07
1275,4.138162897738643,0.33616381634361403,1.1562536400997277e-07
1275,4.140084050430258,0.23434148349493203,1.1134756147442568e-07
1275,4.142005203121873,0.5522055248535085,1.5331240786553803e-07
1275,4.143926355813488,0.6166367335266955,5.958190854716471e-08
1275,4.145847508505103,0.4768477636826896,3.4495083661673913e-07
1275,4.147768661196718,0.30161015197588964,7.439656531040729e-08
1275,4.149689813888333,0.36181803089540326,4.547882269559935e-07
1275,4.151610966579947,0.38741128139338843,4.4344598786183154e-08
1275,4.153532119271563,0.09142171926971893,2.5461504493631446e-08
1275,4.155453271963178,0.6196724588156218,2.0625319163185004e-07
1275,4.157374424654793,0.6514791629187695,9.214956861056462e-08
1275,4.159295577346407,0.5275845605555044,1.0713425024795036e-07
1275,4.1612167300380225,0.5968565006431382,1.8219523309138093e-07
1275,4.163137882729638,0.3590677600963846,3.395691133678029e-07
1275,4.165059035421253,0.4452074771962712,1.2248117879600629e-08
1275,4.166980188112867,0.7076638114695472,9.207109440362918e-09
1275,4.168901340804482,0.26673896896265276,3.115727441942669e-07
1275,4.170822493496098,0.2673078869315378,2.776805928889643e-09
1275,4.172743646187713,0.72023900711626,1.5169716115137076e-07
1275,4.174664798879327,0.17579129835122595,2.603525326702189e-07
1275,4.176585951570942,0.4645522101782184,1.772244221867717e-07
1275,4.1785071042625574,0.6346892816778512,3.248722251338015e-07
1275,4.180428256954173,0.8573597041436637,1.159630529805486e-07
1275,4.182349409645787,0.5518420715551822,2.384550824316734e-07
1275,4.184270562337402,0.47287643405281954,1.0264239653662439e-07
1275,4.186191715029017,0.5967668767729004,4.792471472721371e-09
1275,4.1881128677206325,0.5974999753057709,1.405947060095704e-07
1275,4.190034020412247,0.13746540991869013,4.776181484567807e-08
1275,4.191955173103862,0.864828884945134,2.3372432770420692e-07
1275,4.193876325795477,0.08353733144329302,7.136155851821072e-08
1275,4.195797478487092,0.7558338302518789,3.040621915850704e-07
1275,4.197718631178707,0.17557863059480314,2.3489779009147887e-07
1275,4.199639783870322,0.29864809780647905,3.089240095105777e-07
1275,4.201560936561937,0.21744523883462877,2.776650537382075e-07
1275,4.203482089253552,0.5378503768346703,5.042163419454477e-07
1275,4.205403241945167,0.34491777182681005,4.633667985389035e-07
1275,4.207324394636782,0.7057497822856199,1.2298059871779596e-06
1275,4.209245547328397,0.2194645052244926,1.2938950339610784e-06
1275,4.211166700020012,0.6098459876013068,2.4592391929958426e-06
1275,4.2130878527116264,0.39735255904702943,1.3001470463712404e-06
1275,4.215009005403242,0.7299424737572286,2.071163178461736e-06
1275,4.216930158094857,0.13432176544017035,9.083701886665526e-07
1275,4.218851310786472,0.5209274483925022,6.777458948475326e-07
1275,4.220772463478086,0.777364608643388,7.063651638803115e-09
1275,4.2226936161697015,0.6188610738072489,9.230937057815101e-08
1275,4.224614768861317,0.5792208184374378,3.160249054706196e-07
1275,4.226535921552931,0.19689926270417676,1.1109207280542802e-07
1275,4.228457074244546,0.7398442131523283,2.460773900831023e-07
1275,4.230378226936161,0.8276780792319256,4.955407331857853e-07
1275,4.232299379627777,0.4854694799380186,1.0303478297919655e-06
1275,4.234220532319391,0.3991543704673697,3.7727396777773833e-07
1275,4.236141685011006,0.7906175961184194,5.605395907861597e-07
1275,4.238062837702621,0.25599557354142377,6.88187605764896e-08
1275,4.2399839903942365,0.5045934576683253,3.731681515527854e-07
1275,4.241905143085851,0.3872659939601949,9.329855206989533e-07
1275,4.243826295777466,0.4678353648074608,8.397847529646996e-07
1275,4.245747448469081,0.24604485632308418,3.6019475138128264e-07
1275,4.247668601160696,0.13594342960412534,4.029179570357066e-08
1275,4.249589753852311,0.5483236532349193,2.3190585767247965e-07
1275,4.251510906543926,0.38494038676368186,3.409035735020816e-08
1275,4.253432059235541,0.39596644269233394,1.0236000405033668e-07
1275,4.255353211927156,0.2654214354751766,1.721014844660059e-07
1275,4.2572743646187705,0.7229220596995566,3.10269626033661e-08
1275,4.259195517310386,0.47708268336388565,1.1906436790067633e-07
1275,4.261116670002001,0.1796047816370454,2.2871666219138128e-08
1275,4.263037822693616,0.20028445528984323,6.270725189721079e-08
1275,4.26495897538523,0.11353600116595716,1.8784845610682215e-07
1275,4.266880128076846,0.3031971294538204,8.675946550293692e-07
1275,4.268801280768461,0.537703407139025,4.958199997441725e-07
1275,4.270722433460076,0.7448477612701713,5.03137267893734e-07
1275,4.27264358615169,0.4693654240721242,1.7145955184655492e-07
1275,4.2745647388433055,0.24782328343135374,1.2614587239947372e-07
1275,4.276485891534921,0.43782785355832504,5.202310137396201e-07
1275,4.278407044226536,0.6909365685776124,9.509683254577644e-08
1275,4.28032819691815,0.45373700464685474,3.309856362642198e-07
1275,4.282249349609765,0.2649905840285611,2.536864845216803e-08
1275,4.2841705023013805,0.3810793515314781,3.0710714128099916e-07
1275,4.286091654992996,0.8834880336039839,4.7060992105921637e-07
1275,4.28801280768461,0.4412035345880445,5.676459377851249e-07
1275,4.289933960376225,1.3605769741071096,1.0705152184929472e-07
1275,4.29185511306784,0.5240059991968878,4.2491288375663435e-07
1275,4.293776265759456,0.6649722818360011,5.419882788570349e-07
1275,4.29569741845107,0.48380380186777594,6.583632842237863e-07
1275,4.297618571142685,0.24847871432146273,7.393003757618572e-07
1275,4.2995397238343,0.582914562456262,1.2877667525157662e-07
1275,4.3014608765259155,0.21632206003412566,2.315816346818079e-07
1275,4.30338202921753,0.8267897847073566,1.2116824096387284e-07
1275,4.305303181909145,0.560042694675692,8.731119183616439e-08
1275,4.30722433460076,0.3208112157212701,1.9296493911639344e-07
1275,4.309145487292375,0.5562052734149867,1.1979600728520584e-08
1275,4.31106663998399,0.5195877505527634,8.183485870301117e-08
1275,4.312987792675605,0.2613243066561479,3.638315696417161e-07
1275,4.31490894536722,0.1892418532701507,5.882371528395664e-08
1275,4.316830098058835,0.7506039593136085,7.071540402323212e-08
1275,4.3187512507504495,0.7767661602773006,2.593709554567147e-07
1275,4.320672403442065,0.7412512057039079,2.333000358753854e-07
1275,4.32259355613368,0.22661034389268067,8.624780262433489e-07
1275,4.324514708825295,0.5351482642514724,1.2183762948779944e-06
1275,4.326435861516909,0.16937608088856096,7.408284872606279e-07
1275,4.328357014208525,0.8644584235794179,6.560205369526525e-07
1275,4.33027816690014,0.5154424185751838,1.8277309951277057e-07
1275,4.332199319591755,0.32965598471998947,3.4624914115648423e-07
1275,4.334120472283369,0.3927171933824568,2.1722179709560825e-07
1275,4.3360416249749845,0.4865335452005911,4.139329141184239e-07
1275,4.3379627776666,0.5121521409971382,5.6673934459880545e-08
1275,4.339883930358215,0.5877929147041943,7.348253848402352e-08
1275,4.341805083049829,0.35075104024830484,2.901428507566993e-08
1275,4.343726235741444,0.5401564584591603,2.3685841587197496e-07
1275,4.3456473884330595,0.10400698189114392,2.0311387856560554e-07
1275,4.347568541124675,0.35255713750296075,1.109838268597443e-07
1275,4.349489693816289,0.4057791585720364,2.350776833201546e-07
1275,4.351410846507904,0.8992319886231588,4.917544603689698e-08
1275,4.353331999199519,0.32985017634140423,5.0179587170321995e-08
1275,4.355253151891135,0.15887040700532257,2.117108359770083e-08
1275,4.357174304582749,0.3736925183836151,1.7211626523994604e-08
1275,4.359095457274364,0.4180657304824857,4.935741687261239e-07
1275,4.361016609965979,0.717331817803229,1.0801251229025723e-07
1275,4.3629377626575945,0.4246058434463589,1.5129508177656516e-07
1275,4.364858915349209,0.9790760632664653,3.201039678101716e-07
1275,4.366780068040824,0.19415139166040846,2.0237187660946795e-07
1275,4.368701220732439,0.18457366493372074,2.0164417519090482e-07
1275,4.370622373424054,0.33560322898436434,1.9421081300455032e-08
1275,4.372543526115669,0.3102111267354469,8.601397360725072e-08
1275,4.374464678807284,0.8045234536861369,2.730558903258613e-07
1275,4.376385831498899,0.3066501711604827,5.343414521735741e-07
1275,4.378306984190514,0.44057499668458555,8.313474138912697e-07
1275,4.3802281368821285,0.3471283956109856,8.186358312344589e-07
1275,4.382149289573744,0.3693070368512143,1.5306078387041485e-07
1275,4.384070442265359,0.6112255790524408,8.356967713678736e-07
1275,4.385991594956974,0.6708501728492712,1.4531173246843258e-06
1275,4.387912747648588,0.5602434537656601,8.327978261351651e-07
1275,4.389833900340204,0.4778880321123774,8.173172506195142e-07
1275,4.391755053031819,0.5082232536142209,1.2521331529863277e-07
1275,4.393676205723434,0.04072462775642015,5.9524204187815464e-08
1275,4.395597358415048,0.7668580591153088,6.075699494262978e-08
1275,4.3975185111066635,0.22826556748694765,9.141915914564144e-08
1275,4.399439663798279,0.6308198040977885,1.3326300423116425e-07
1275,4.401360816489894,0.3221714245570384,1.5025213899982172e-07
1275,4.403281969181508,0.5959387477865438,2.8541218839891473e-07
1275,4.405203121873123,0.4290952388824011,1.2806442232854176e-06
1275,4.4071242745647385,0.371030132635984,6.015791607900251e-07
1275,4.409045427256354,0.37458610067859555,1.167916851019932e-07
1275,4.410966579947968,0.30671901709084615,1.6775399018386864e-07
1275,4.412887732639583,0.867919206427562,3.6576828326357224e-07
1275,4.414808885331198,0.9023955478160832,7.303336189010512e-07
1275,4.416730038022814,0.7220836626866817,9.020511189535097e-07
1275,4.418651190714428,0.24454359301480794,7.222052652789977e-07
1275,4.420572343406043,0.4217357109809856,1.4931609410431018e-07
1275,4.422493496097658,0.7094391822160567,8.833887249207074e-09
1275,4.4244146487892735,0.34550850408797196,9.294450442774422e-08
1275,4.426335801480888,0.5182547560854966,3.104553981288758e-08
1275,4.428256954172503,0.674519083941418,4.274285438491584e-07
1275,4.430178106864118,0.25084467835077556,3.7452583955836507e-07
1275,4.432099259555733,0.2789654357814649,1.245335911694206e-06
1275,4.434020412247348,0.8867439127630555,7.264662018706764e-07
1275,4.435941564938963,0.38412379099736854,7.576599275155938e-07
1275,4.437862717630578,0.9158533350570629,5.290422639615103e-07
1275,4.439783870322193,0.06207958578762253,6.17316447229027e-07
1275,4.4417050230138075,0.2181873721488189,1.0296621372196115e-06
1275,4.443626175705423,0.06965488087882894,6.90804198405722e-07
1275,4.445547328397038,0.28978675206501703,7.452087233166901e-07
1275,4.447468481088653,0.4641726305939888,3.790110111653853e-08
1275,4.449389633780267,0.6793148325577707,2.6275161508327586e-07
1275,4.451310786471883,0.3414901649061931,7.138637604002208e-09
1275,4.453231939163498,0.30163387968333,1.1535879971403735e-07
1275,4.455153091855113,0.5716251682971732,8.820799227212813e-08
1275,4.457074244546727,0.39723462836338524,2.074910036002467e-07
1275,4.4589953972383425,0.39704174970288375,6.654630271658237e-07
1275,4.460916549929958,0.22458577043722894,8.759244613188136e-07
1275,4.462837702621573,0.26209375292430515,7.202802181927166e-07
1275,4.464758855313187,0.042749558310987805,2.332978557418592e-07
1275,4.466680008004802,0.2682176129097948,5.700446222541848e-07
1275,4.4686011606964176,0.1994340347012175,4.740406249610993e-07
1275,4.470522313388033,0.29737140105366744,4.73370288773934e-07
1275,4.472443466079647,0.6089791336970314,5.011398243952703e-07
1275,4.474364618771262,0.4597974384678003,8.3216177334823e-08
1275,4.476285771462877,0.441563052934061,6.008940860586084e-08
1275,4.478206924154493,0.3329488250287053,1.454427912161332e-07
1275,4.480128076846107,0.35215273976215217,6.400626401952365e-08
1275,4.482049229537722,0.5901217717478316,1.9135283692465842e-08
1275,4.483970382229337,0.5394974860056784,2.6700041984312345e-07
1275,4.4858915349209525,0.14388849235622886,5.821530212666461e-07
1275,4.487812687612567,0.855955086603417,1.3616402798492366e-06
1275,4.489733840304182,0.7531684599270618,4.518771631710505e-07
1275,4.491654992995797,0.4684611711530839,5.628428468197993e-07
1275,4.493576145687412,0.6474457453539629,2.3485641548493903e-07
1275,4.495497298379027,0.6143123423656359,9.931642298499751e-08
1275,4.497418451070642,0.5807105185944738,8.651630193422568e-07
1275,4.499339603762257,0.4374720212954124,6.235573417856876e-07
1275,4.501260756453872,0.45592652400747846,5.844154338399898e-07
1275,4.5031819091454866,0.30528073619866625,2.6188306483955646e-07
1275,4.505103061837102,0.4033569837260017,4.5663086913534624e-07
1275,4.507024214528717,0.6038121745184493,1.8018196800891124e-07
1275,4.508945367220332,0.7084078952623417,1.2843282304779951e-07
1275,4.510866519911946,0.17043620376370996,2.5365716228984603e-07
1275,4.512787672603562,0.25736588038283,2.6595239183194873e-07
1275,4.514708825295177,0.45568434106168754,9.458126268944333e-07
1275,4.516629977986792,0.5201915222696836,3.7994085732342967e-07
1275,4.518551130678406,0.4381278253483278,8.074046828423857e-07
1275,4.5204722833700215,0.21006664225890956,1.6712185117167208e-07
1275,4.522393436061637,0.5238496099595705,5.8735904427767355e-08
1275,4.524314588753252,0.26473489336065964,5.010971274671623e-07
1275,4.526235741444866,0.359086574739793,3.928463503778793e-07
1275,4.528156894136481,0.27906761212495257,2.742646837997366e-07
1275,4.530078046828097,0.5691844405915951,1.1648492199398975e-08
1275,4.531999199519712,0.3989746484929569,1.4643741094378527e-08
1275,4.533920352211326,0.46782567525888175,2.28606536168941e-07
1275,4.535841504902941,0.37908029139539917,6.790286816096059e-08
1275,4.537762657594556,0.2417558524214166,1.5837689980949795e-07
1275,4.539683810286172,0.3894545887258917,1.6229081092519999e-07
1275,4.541604962977786,0.56825844701883,1.1124217696989099e-07
1275,4.543526115669401,0.5372517396057842,1.7553626911288584e-07
1275,4.545447268361016,0.8007269470113735,3.5603060811285383e-07
1275,4.5473684210526315,0.4997707568570656,6.48063435473919e-08
1275,4.549289573744246,0.38164488851354283,1.2533887883055527e-08
1275,4.551210726435861,0.22115692253484895,1.864128037411019e-08
1275,4.553131879127476,0.13961139979081957,1.111574140295236e-07
1275,4.555053031819091,0.3092075200243752,8.042614956426438e-08
1275,4.556974184510706,0.6540081768249265,2.3101144882166864e-08
1275,4.558895337202321,0.49625683848365826,8.427860912328342e-08
1275,4.560816489893936,0.5610239424062207,1.6768457838679104e-07
1275,4.562737642585551,0.2580829541782904,2.7626324823295632e-08
1275,4.564658795277166,0.3928713968540019,6.014505408891175e-08
1275,4.566579947968781,0.460602657596356,1.3397210798698663e-07
1275,4.568501100660396,0.28883258828721187,4.6865716393589026e-08
1275,4.570422253352011,0.3598248875860398,1.151964014175227e-07
1275,4.572343406043625,0.702295607799727,1.2210782020900986e-08
1275,4.574264558735241,0.33073498510297955,6.95094601972063e-08
1275,4.576185711426856,0.4943699931300859,1.520788893276798e-07
1275,4.578106864118471,0.6282853613892105,1.0746373607655284e-07
1275,4.580028016810085,0.16743335409420063,6.162644042877408e-07
1275,4.5819491695017005,0.4566509459192723,6.426191591575528e-08
1275,4.583870322193316,0.09680692179711199,1.3260091302034173e-08
1275,4.585791474884931,0.6106635500962825,6.180323109306794e-08
1275,4.587712627576545,0.2729003007495291,8.297444230269946e-09
1275,4.58963378026816,0.6768040801422998,3.8047606810083714e-08
1275,4.591554932959776,0.08277255652305161,5.140031480368778e-08
1275,4.593476085651391,0.09426262228488733,2.0332784003177523e-07
1275,4.595397238343005,0.599948594641457,1.2268767612213824e-07
1275,4.59731839103462,0.4667588023941566,3.3591207939126015e-07
1275,4.5992395437262354,0.116061695327216,5.9308330374546544e-08
1275,4.601160696417851,0.5004774799720847,1.586302061850709e-07
1275,4.603081849109465,0.530673229902741,5.351313948582031e-07
1275,4.60500300180108,0.5426868710510343,3.218160138783306e-07
1275,4.606924154492695,0.6064992858802858,5.974413617094612e-07
1275,4.6088453071843105,0.19955634240656162,8.93493972640536e-08
1275,4.610766459875925,0.2213199642969991,1.0910662823720004e-07
1275,4.61268761256754,0.4919385114883751,2.7391734905643302e-08
1275,4.614608765259155,0.40139533833372715,2.7941333748380643e-08
1275,4.61652991795077,0.7095629515327505,9.835470209276125e-08
1275,4.618451070642385,0.49892649250014515,3.253214687803102e-08
1275,4.620372223334,1.148582724718385,8.855970965553719e-08
1275,4.622293376025615,0.18836098540306506,3.4747052782742136e-07
1275,4.62421452871723,0.35625910887480855,4.5910927312751737e-07
1275,4.626135681408845,0.2926772579610738,1.8291994274626522e-07
1275,4.62805683410046,0.18993941901093303,3.18176499346743e-07
1275,4.629977986792075,0.3832051376356486,1.0409741414350595e-07
1275,4.63189913948369,0.7883693895954957,2.434857325319315e-07
1275,4.6338202921753044,0.7080595202636077,1.6696663038046284e-07
1275,4.63574144486692,0.2989781015635289,3.1355999417625463e-07
1275,4.637662597558535,0.4055318159125473,2.916273386868095e-07
1275,4.63958375025015,0.3591567247307293,2.9277745718277176e-07
1275,4.641504902941764,0.11632876159600729,8.227638199130518e-08
1275,4.6434260556333795,0.17506132113575457,7.776503455036488e-08
1275,4.645347208324995,0.2793788059775812,2.72875314233991e-07
1275,4.64726836101661,0.25269600955452326,1.48239770503183e-07
1275,4.649189513708224,0.48640254327354593,6.41017432809171e-07
1275,4.651110666399839,0.02589585627155194,1.209451144321088e-07
1275,4.653031819091455,0.4133910269575368,4.253445060566884e-08
1275,4.65495297178307,0.19600595322831066,1.5884898345477867e-07
1275,4.656874124474684,0.5836186081388244,2.0843353606540961e-07
1275,4.658795277166299,0.374475668658541,2.616471521185512e-07
1275,4.6607164298579145,0.36241882124607766,9.79486072619034e-08
1275,4.66263758254953,0.6285525489191889,2.5339838557360383e-07
1275,4.664558735241144,0.5179775037670937,1.7465914653493378e-08
1275,4.666479887932759,0.40099715439984557,7.984937822167871e-08
1275,4.668401040624374,0.43060799373116165,9.560657151960168e-08
1275,4.6703221933159895,0.645210502730069,3.448146859313546e-08
1275,4.672243346007604,0.4587101379896076,2.841938591487386e-07
1275,4.674164498699219,0.6068988154049125,3.2218189588709394e-07
1275,4.676085651390834,0.6127516336995887,5.704474562775656e-07
1275,4.678006804082449,0.13444416754808813,5.011500767850416e-07
1275,4.679927956774064,0.6413010192995505,3.8589391773614886e-07
1275,4.681849109465679,0.4280084120370321,2.6785381183370214e-07
1275,4.683770262157294,0.7007182295751085,5.139526649494225e-07
1275,4.685691414848909,0.3407890077764819,2.1395764443895923e-07
1275,4.687612567540524,0.20938428388979072,4.0982622554971816e-07
1275,4.689533720232139,0.26620878599626496,5.338925523108354e-07
1275,4.691454872923754,0.8562884686775502,6.80743263291891e-07
1275,4.693376025615369,0.38804528852118814,5.609081817662442e-07
1275,4.6952971783069835,0.6454533984370575,1.483726618020348e-07
1275,4.697218330998599,0.3639522864790168,7.398851170498652e-09
1275,4.699139483690214,0.7725411729824722,1.2223936467799166e-08
1275,4.701060636381829,0.19387521479465622,2.866333907314076e-07
1275,4.702981789073443,0.07959293930295289,3.606481826016022e-07
1275,4.7049029417650585,0.3453293977822363,8.424622267432199e-07
1275,4.706824094456674,0.7656818564785886,3.31351355332614e-07
1275,4.708745247148289,0.5799031460291316,2.93819649375439e-07
1275,4.710666399839903,0.2106800199298409,4.718592638124318e-09
1275,4.712587552531518,0.6629892172106673,1.9916606214642734e-07
1275,4.714508705223134,0.2800849640614195,2.2691018698273588e-07
1275,4.716429857914749,0.4259275108590078,3.208658530998658e-07
1275,4.718351010606363,0.22577756604615598,1.6322034351884e-07
1275,4.720272163297978,0.3472851917021556,7.0242508260910825e-09
1275,4.7221933159895935,0.41825451322780216,1.167306605056928e-07
1275,4.724114468681209,0.5495558076473306,8.645554157600365e-08
1275,4.726035621372823,0.6890021583838579,1.0562356576812559e-07
1275,4.727956774064438,0.30891949320881407,5.3466755329266366e-08
1275,4.729877926756053,0.3132114783571675,2.3254918755035196e-08
1275,4.7317990794476685,0.14088650967517166,6.010196891064991e-07
1275,4.733720232139283,0.48426019993895253,1.4600744210611614e-07
1275,4.735641384830898,0.5367916736836502,4.1937543693305253e-07
1275,4.737562537522513,0.18713930427268605,5.607079517552986e-09
1275,4.739483690214128,0.21831640746169745,1.2386549580829197e-08
1275,4.741404842905743,0.46235213445138845,2.7847271259574667e-07
1275,4.743325995597358,0.622941375455842,5.1793706857052566e-08
1275,4.745247148288973,0.5197656841713856,1.528985282977856e-09
1275,4.747168300980588,0.5912307921748579,2.9728535971260737e-07
1275,4.749089453672203,0.7332693614451888,1.727334890460314e-07
1275,4.751010606363818,0.3208802632052094,3.836182050747907e-07
1275,4.752931759055433,0.4379116598572726,5.268667794936635e-07
1275,4.754852911747048,0.3142469778232518,6.760323829705436e-08
1275,4.7567740644386625,0.8245429935112962,2.908948816298047e-07
1275,4.758695217130278,0.15047799918332622,4.6656520897576714e-07
1275,4.760616369821893,0.22738453842190956,7.490599063787096e-07
1275,4.762537522513508,0.3832981809371364,5.214184650123662e-07
1275,4.764458675205122,0.7127625052434764,1.1038154208302267e-08
1275,4.7663798278967375,0.46580144043365607,2.122754536845487e-07
1275,4.768300980588353,0.4564014940925307,1.9463036623067827e-07
1275,4.770222133279968,0.30975980702933326,1.4552458461011058e-07
1275,4.772143285971582,0.6872118824000869,4.981508088613602e-08
1275,4.774064438663197,0.4077131802624327,4.0543325158214335e-08
1275,4.775985591354813,0.4802938437433076,9.172366313746923e-08
1275,4.777906744046428,0.8931961253713558,1.3071012479551607e-07
1275,4.779827896738042,0.260234389177929,5.974141743706434e-08
1275,4.781749049429657,0.3296531688758531,2.4024777602122334e-07
1275,4.7836702021212725,0.3352313109004637,3.0662037497985355e-07
1275,4.785591354812888,0.6072329618115856,7.704244086723717e-07
1275,4.787512507504502,0.4882314629198808,7.59709425173323e-07
1275,4.789433660196117,0.15529154856174995,8.964195762997422e-08
1275,4.791354812887732,0.4655041464577224,4.9254665819844315e-09
1275,4.7932759655793475,0.2558614247756726,3.903624218758939e-07
1275,4.795197118270962,0.3477843708547441,9.251436166040504e-08
1275,4.797118270962577,0.6348028362413902,1.119996595734002e-06
1275,4.799039423654192,0.6512040633314112,2.831022054583712e-07
1275,4.800960576345807,0.06911089137981206,1.0277338025575493e-07
1275,4.802881729037422,0.7165109253303914,2.0698667439209931e-07
1275,4.804802881729037,0.11198832714496862,8.198028497046546e-07
1275,4.806724034420652,0.09171004591975628,4.5787276226168513e-07
1275,4.808645187112267,0.4188232015754647,3.2548437220983456e-08
1275,4.810566339803882,0.5578914304786866,1.37256676981387e-07
1275,4.812487492495497,0.3678095844677999,3.05666564183516e-07
1275,4.814408645187112,0.6291128053514554,3.084432271641256e-07
1275,4.816329797878727,0.7575098848142169,1.4141074442579467e-07
1275,4.8182509505703415,0.5721452321759382,4.67288868999182e-07
1275,4.820172103261957,0.1381934684760677,5.563549612006435e-08
1275,4.822093255953572,0.6869957072210128,2.2605511362126676e-08
1275,4.824014408645187,0.19086202087584625,7.943872281219965e-07
1275,4.825935561336801,0.21466997653981995,7.075989433882158e-07
1275,4.8278567140284165,0.6976696981005746,2.1658649001402658e-07
1275,4.829777866720032,0.5643124938864821,5.470611857022151e-09
1275,4.831699019411647,0.21929627929653844,3.033825189738972e-08
1275,4.833620172103261,0.08621026737294508,1.1628594819166142e-07
1275,4.835541324794876,0.14316189028006399,2.0241126793094636e-08
1275,4.837462477486492,0.28217720144484015,3.150483242741591e-08
1275,4.839383630178107,0.29788478382557615,1.299347947455776e-07
1275,4.841304782869721,0.6750840775785938,3.458155556287543e-07
1275,4.843225935561336,0.5429275487869512,4.4805958397582666e-07
1275,4.8451470882529515,0.6757572873745854,1.170219708814869e-06
1275,4.847068240944567,0.3131742050274553,1.6757215264861078e-07
1275,4.848989393636181,0.7330982458068154,6.79277540884766e-08
1275,4.850910546327796,0.36777401942655374,2.2399212914306442e-07
1275,4.852831699019411,0.17980595504446908,3.249392791997753e-07
1275,4.8547528517110266,0.4856159047187547,1.8301327902925613e-07
1275,4.856674004402641,0.31868209959994237,8.594230221202999e-08
1275,4.858595157094256,0.8992047245178582,3.05500940169559e-08
1275,4.860516309785871,0.3028841895507979,1.4075930532711617e-07
1275,4.862437462477486,0.2446034372262008,1.5094432396459226e-07
1275,4.864358615169101,0.2898126341248405,3.111375416175477e-07
1275,4.866279767860716,0.2319664654858982,4.1491598037040135e-07
1275,4.868200920552331,0.24923328395264094,9.618864550153427e-08
1275,4.870122073243946,0.5422976734499737,2.9656633182758686e-07
1275,4.872043225935561,0.4856754027783842,1.6709881363320116e-07
1275,4.873964378627176,0.6509867289649554,7.01856584561846e-08
1275,4.875885531318791,0.30793880929245365,6.382678201447312e-08
1275,4.877806684010406,0.28579149305289664,1.6959511304082563e-07
1275,4.8797278367020205,0.07671215842354003,4.43996431023518e-07
1275,4.881648989393636,0.30567893752388525,2.5361000029080108e-08
1275,4.883570142085251,0.46706807241198767,8.594000422218016e-09
1275,4.885491294776866,0.21562526514596708,2.318245917405736e-07
1275,4.88741244746848,0.41399101976060526,1.1214117851009471e-07
1275,4.8893336001600955,0.7721360270099793,2.7225901600620056e-09
1275,4.891254752851711,0.38844206151217525,1.2757855408839955e-08
1275,4.893175905543326,0.7267474659619484,1.616367669011547e-07
1275,4.89509705823494,0.531492354047281,3.5919517198702536e-07
1275,4.897018210926555,0.46378075301135485,8.485773567754229e-07
1275,4.898939363618171,0.39791243027999273,5.961351895231029e-07
1275,4.900860516309786,0.9434954422038383,3.859279290405042e-07
1275,4.9027816690014,0.5301095214336792,3.777357089066959e-07
1275,4.904702821693015,0.45039921756467627,6.00441112021795e-07
1275,4.9066239743846305,0.4508881520601548,6.697388248230518e-07
1275,4.908545127076246,0.3132088556893282,3.501533988685949e-08
1275,4.91046627976786,0.4251120372237597,2.1070435600218167e-07
1275,4.912387432459475,0.3429666736381852,7.386535047465333e-09
1275,4.91430858515109,0.30776800827659806,8.035083133328297e-08
1275,4.916229737842706,0.4415580876778674,2.599815310389822e-07
1275,4.91815089053432,0.2571395387107177,3.1284348134277307e-07
1275,4.920072043225935,0.7089404428247574,1.268397985884967e-07
1275,4.92199319591755,0.6727478808704207,1.9816355603241228e-07
1275,4.923914348609165,0.5401246104222479,1.634297903387739e-07
1275,4.92583550130078,0.3485583961551819,3.648708828243202e-07
1275,4.927756653992395,0.20781828239172728,5.022618100267529e-09
1275,4.92967780668401,0.14398376906876462,1.1352933318532516e-07
1275,4.931598959375625,0.3788828562714894,4.401242309000441e-08
1275,4.93352011206724,0.504354212930758,9.091471230236795e-08
1275,4.935441264758855,0.1341751412089724,2.7419305460998714e-08
1275,4.93736241745047,0.4529208984424235,1.46823686902734e-07
1275,4.939283570142085,0.7738082667243957,1.451036068914969e-09
1275,4.9412047228336995,0.5746017296338164,8.265698048895488e-08
1275,4.943125875525315,0.6246133640852966,3.076116333582494e-07
1275,4.94504702821693,0.43935481196803217,3.297489728118759e-09
1275,4.946968180908545,0.669396263189082,6.286567416591031e-08
1275,4.948889333600159,0.23813129310286432,4.931749683081044e-07
1275,4.950810486291775,0.37259902715548926,3.408359752957026e-08
1275,4.95273163898339,0.6776623025326534,1.8040692524057904e-07
1275,4.954652791675005,0.24649824309273097,2.861630728407609e-07
1275,4.956573944366619,0.4747700324685386,3.6497995968183986e-07
1275,4.958495097058234,0.26533401430286274,5.162424482184092e-07
1275,4.96041624974985,0.35292354745671767,1.956728704821162e-07
1275,4.962337402441465,0.2018967729882639,2.8649853686517355e-07
1275,4.964258555133079,0.5596389291318209,3.607399527772694e-08
1275,4.966179707824694,0.2878949493908418,4.94912895514394e-08
1275,4.9681008605163095,0.5595996807325021,1.5832044854358164e-07
1275,4.970022013207925,0.23044404654500097,1.790668797283793e-08
1275,4.971943165899539,0.3346749164289903,1.2857119872465728e-07
1275,4.973864318591154,0.5128049014231104,7.866759215155615e-08
1275,4.975785471282769,1.0517136269559721,1.487959733356388e-07
1275,4.977706623974385,0.4793137984082385,3.3161208989390833e-07
1275,4.979627776665999,0.3579867812697764,1.9340820945194134e-07
1275,4.981548929357614,0.4723034927580939,3.4007871038736945e-08
1275,4.983470082049229,0.31061949383406257,6.882935591685576e-09
1275,4.9853912347408444,0.48722335404366823,1.0783742199067304e-07
1275,4.987312387432459,0.19775924829475927,1.3084650601509758e-07
1275,4.989233540124074,0.4647942576274024,1.9636939864738473e-07
1275,4.991154692815689,0.39630854561015566,1.1662471740336386e-07
1275,4.993075845507304,0.6283318894219184,5.836423776458594e-09
1275,4.994996998198919,0.3621336397139734,3.894226388593301e-07
1275,4.996918150890534,0.7079079211391475,1.8215268042500715e-07
1275,4.998839303582149,0.09385599572620731,3.7417951911463573e-07
1275,5.000760456273764,0.38812391534338475,8.398331999015113e-09
1275,5.0026816089653785,0.5123044537274142,5.246460616830959e-09
1275,5.004602761656994,0.6460911397232786,9.996295484828212e-08
1275,5.006523914348609,0.5493677272103701,1.1462541065140678e-07
1275,5.008445067040224,0.654590575273464,2.4454423921112504e-07
1275,5.010366219731838,0.26489803664152767,5.579799771999882e-08
1275,5.012287372423454,0.5170857718709712,1.9957033806766267e-07
1275,5.014208525115069,0.1759201321139514,1.1750752924063385e-07
1275,5.016129677806684,0.2706133624050982,9.888403745068741e-08
1275,5.018050830498298,0.8134499566792823,4.671230550621226e-07
1275,5.0199719831899134,1.0043145395698645,4.91214878112051e-08
1275,5.021893135881529,0.48100107640754053,2.7522037959090585e-07
1275,5.023814288573144,0.4322782570747465,1.4014766528890202e-07
1275,5.025735441264758,0.4286948506090764,2.5766827415302216e-07
1275,5.027656593956373,0.6244932172904262,8.011685562070743e-08
1275,5.0295777466479885,0.6651408628527816,2.8797029188051785e-08
1275,5.031498899339604,0.4653167161200775,1.3683055885993122e-07
1275,5.033420052031218,0.552943018526062,9.463465481392803e-08
1275,5.035341204722833,0.04379005915704328,4.7641887003247435e-07
1275,5.037262357414448,0.3924856941220685,7.660554800593715e-08
1275,5.039183510106064,0.4188106206180624,4.559649487112588e-08
1275,5.041104662797678,0.3040985150200396,1.96248011271337e-07
1275,5.043025815489293,0.47100832968731327,3.2627059201297255e-08
1275,5.044946968180908,0.13321024889438163,2.1372382871296957e-09
1275,5.0468681208725235,0.835460177554137,9.32835540637635e-08
1275,5.048789273564138,0.49078341277503,1.702600390122642e-08
1275,5.050710426255753,0.18687529366729383,4.127895160807528e-08
1275,5.052631578947368,0.5705537092905264,1.044172605891685e-08
1275,5.054552731638983,0.6817779889433284,2.398262693895363e-07
1275,5.056473884330598,0.5497335543584544,2.76652401891583e-08
1275,5.058395037022213,0.22123888787743642,1.7319820170893365e-08
1275,5.060316189713828,0.41646263168465547,3.399171718308884e-07
1275,5.062237342405443,0.9093243209845581,2.033520024458087e-07
1275,5.0641584950970575,0.3237683285065174,1.2213304676752073e-07
1275,5.066079647788673,0.17172572420750606,5.969795293280485e-09
1275,5.068000800480288,0.4501536515796462,3.347720575316545e-09
1275,5.069921953171903,0.32418074969995136,1.1814782775820152e-07
1275,5.071843105863517,0.6472913884522311,1.497761129017304e-07
1275,5.073764258555133,0.9412344475127903,3.244573929485509e-07
1275,5.075685411246748,0.4854890959646118,7.6365703935917e-08
1275,5.077606563938363,0.017620438553735712,3.154422492982937e-07
1275,5.079527716629977,0.5909406499403054,2.7300589854481284e-08
1275,5.0814488693215925,0.554788694429297,1.2865858610060366e-07
1275,5.083370022013208,0.2790281567620201,1.9431761995625366e-07
1275,5.085291174704823,0.4641252699177774,2.4245053798159694e-07
1275,5.087212327396437,0.567658868572331,2.3336842927184982e-07
1275,5.089133480088052,0.6205501561540357,3.615722364420634e-08
1275,5.0910546327796675,0.27980388040567816,2.4824936176057966e-07
1275,5.092975785471283,0.3849949415343496,2.407227680264111e-07
1275,5.094896938162897,0.17544779478682654,1.435173217883583e-07
1275,5.096818090854512,0.5195107194790298,1.3104385423348026e-07
1275,5.098739243546127,0.7148911448172633,8.349661815631534e-08
1275,5.100660396237743,1.0153881599019097,5.7133982513780025e-08
1275,5.102581548929357,0.3785872756411685,1.4353058572193917e-07
1275,5.104502701620972,0.5091240278775752,8.318787521630602e-07
1275,5.106423854312587,0.38240561657719135,2.7077916127088275e-07
1275,5.1083450070042025,0.24688192475318582,1.9431888610525633e-07
1275,5.110266159695817,0.44430319589355866,1.1065877725251627e-07
1275,5.112187312387432,0.5796920606344659,4.8015282661603036e-08
1275,5.114108465079047,0.12023688852756113,3.1385274232759434e-08
1275,5.116029617770662,0.6911895408046804,1.0728081804796202e-07
1275,5.117950770462277,0.3855148474574067,1.4366058055718065e-07
1275,5.119871923153892,0.8502014110846337,1.6966679568118747e-07
1275,5.121793075845507,0.36164265820310226,1.446363743791667e-07
1275,5.123714228537122,0.3636971694525309,3.192849584149391e-07
1275,5.1256353812287365,0.5536567443163695,8.294623823674866e-08
1275,5.127556533920352,0.36741883974020884,1.2676035437165068e-07
1275,5.129477686611967,0.3312679783246413,3.6980438913520353e-07
1275,5.131398839303582,0.6117066296234682,5.914046185166375e-07
1275,5.133319991995196,0.5123070188826603,1.4244098659761936e-07
1275,5.135241144686812,0.34116967620994143,4.277376283354015e-08
1275,5.137162297378427,0.07098057413642746,1.5067657829682043e-08
1275,5.139083450070042,0.36937539882752557,7.92699708657453e-08
1275,5.141004602761656,0.3698964453077662,5.0710993245465414e-08
1275,5.1429257554532715,0.5160807610302721,1.8139292236917457e-07
1275,5.144846908144887,0.6106324065804309,1.8566642575708329e-07
1275,5.146768060836502,0.43566168568208496,1.0430103253444323e-07
1275,5.148689213528116,0.18704465736032932,5.520376901623683e-08
1275,5.150610366219731,0.5970219076678602,1.3503109870919554e-07
1275,5.1525315189113465,0.5836576348323043,5.5700151782758255e-08
1275,5.154452671602962,0.7742443901307831,1.389767943593332e-07
1275,5.156373824294576,0.6162471215363537,2.152460324572692e-07
1275,5.158294976986191,0.6064589395189877,8.579738116340376e-08
1275,5.160216129677806,0.34397688232787466,1.512707751923421e-07
1275,5.162137282369422,0.21999912801217336,1.1037453937342792e-07
1275,5.164058435061036,0.2959116814998808,1.4934582402646297e-07
1275,5.165979587752651,0.2965702565448398,5.261392551251186e-07
1275,5.167900740444266,0.435935513260053,2.477145572612653e-07
1275,5.1698218931358815,0.10216330751564692,2.3435274513103654e-07
1275,5.171743045827496,0.4781064712471034,4.334526684921717e-08
1275,5.173664198519111,0.3566511710404063,1.3731757504830807e-07
1275,5.175585351210726,0.5130264051839302,1.097445319342204e-07
1275,5.177506503902341,0.7348198918582514,1.3756859089444673e-07
1275,5.179427656593956,0.30067815215640487,3.38909554486236e-08
1275,5.181348809285571,0.5520917989030681,1.0274318966167102e-07
1275,5.183269961977186,0.7069663027524242,2.6954710239394973e-07
1275,5.185191114668801,0.1496237792435656,7.286732442409431e-07
1275,5.1871122673604155,0.4474844954582786,7.803130232903392e-07
1275,5.189033420052031,0.276199503475198,1.5257423304654025e-07
1275,5.190954572743646,0.3614738556444076,2.0339673667107382e-07
1275,5.192875725435261,0.3237137206545407,1.6267556162572763e-07
1275,5.194796878126875,0.29429007491084386,1.381665554237536e-07
1275,5.196718030818491,0.43868154097197515,6.49630299520907e-07
1275,5.198639183510106,0.4750683162212463,4.104542288862634e-07
1275,5.200560336201721,0.3589354418674414,2.0121138645549433e-07
1275,5.202481488893335,0.1617464318729625,7.250622367360352e-08
1275,5.2044026415849505,0.08681350766749973,8.866471941994856e-09
1275,5.206323794276566,0.3311941044040039,3.689524773030767e-08
1275,5.208244946968181,0.4726770930093875,3.6495909044780667e-07
1275,5.210166099659795,0.2263988139388983,4.3264138452291476e-07
1275,5.21208725235141,0.29907089217780364,1.0153653791654835e-06
1275,5.2140084050430255,0.3627855200118246,1.1592993964122988e-06
1275,5.215929557734641,0.48614809050345575,4.6601492216828415e-07
1275,5.217850710426255,0.4447496806395583,3.884317406145559e-07
1275,5.21977186311787,0.6185023702360454,1.6373748014307472e-07
1275,5.221693015809485,0.4452180844944903,5.329494094900913e-07
1275,5.223614168501101,0.49604296497868283,5.770531206341585e-07
1275,5.225535321192715,0.22191157651351157,3.681527143125083e-07
1275,5.22745647388433,0.4371464932451447,8.000797416118723e-09
1275,5.229377626575945,0.2872114125124408,2.3600274186229663e-07
1275,5.2312987792675605,0.4154509610599045,9.941799803841651e-08
1275,5.233219931959175,0.8566926152758478,4.6355584935133024e-07
1275,5.23514108465079,0.5876528327795971,1.9460488289415957e-07
1275,5.237062237342405,0.25979689808356055,7.980492474089576e-08
1275,5.23898339003402,0.36542415577753634,6.236586027350844e-07
1275,5.240904542725635,0.4034592795404852,7.723998001013954e-07
1275,5.24282569541725,0.17906114989446373,1.0514715147737322e-06
1275,5.244746848108865,0.36324564711709967,5.87356765254236e-07
1275,5.24666800080048,0.6640993578928552,4.6045837468955815e-07
1275,5.2485891534920945,0.3570330677070148,4.114523884149783e-07
1275,5.25051030618371,0.19241665828401802,1.1210165522613008e-07
1275,5.252431458875325,0.19720825489794017,2.422042174930725e-07
1275,5.25435261156694,0.47236837434453743,5.07617350398036e-09
1275,5.256273764258554,0.04747273012982379,8.924365487952717e-08
1275,5.25819491695017,0.7232055555637203,1.700836774101095e-08
1275,5.260116069641785,0.6360817455903066,1.0633844241858798e-07
1275,5.2620372223334,0.3108548206422224,5.754637014147255e-08
1275,5.263958375025014,0.41926606546467576,3.4492188051741223e-07
1275,5.2658795277166295,0.11100275574919345,7.902483954714382e-07
1275,5.267800680408245,0.31775238928656824,1.0892739576793435e-06
1275,5.26972183309986,0.34163526865441074,7.162161104007048e-07
1275,5.271642985791474,0.5139208186179303,2.720421855605105e-07
1275,5.273564138483089,0.18418659418872202,6.122911922170563e-07
1275,5.2754852911747045,0.29319834911987275,3.3757611338489735e-07
1275,5.27740644386632,0.46803647610381555,6.363463512809839e-07
1275,5.279327596557934,0.736646772171275,5.185790572696746e-07
1275,5.281248749249549,0.471224860188165,5.212450034525862e-08
1275,5.283169901941164,0.41495651640218234,1.9907841108943678e-08
1275,5.28509105463278,0.8293028536264161,2.726590070705677e-07
1275,5.287012207324394,0.4999336471828306,2.5180017267188327e-07
1275,5.288933360016009,0.7292635187207508,1.711675000823577e-07
1275,5.290854512707624,0.72908807698644,2.930967411220057e-07
1275,5.2927756653992395,0.08024773575653882,3.8032333904473784e-07
1275,5.294696818090854,0.1996096342660625,9.98340301768936e-07
1275,5.296617970782469,0.20120688383049942,3.444813734642898e-07
1275,5.298539123474084,0.38822208558134597,4.965818526428003e-07
1275,5.300460276165699,0.36674237550853783,1.892402100311249e-07
1275,5.302381428857314,0.3621492496784034,1.3878609335391064e-07
1275,5.304302581548929,0.20522118295351732,4.809475583873856e-07
1275,5.306223734240544,0.12613030589080954,4.326084888239698e-07
1275,5.308144886932159,0.45372242325975987,4.162726156717056e-08
1275,5.3100660396237735,0.32499347324159605,5.013881549385602e-08
1275,5.311987192315389,0.668168807876359,1.8402465291859497e-07
1275,5.313908345007004,0.8598117622086681,2.519443830332754e-07
1275,5.315829497698619,0.37209220087681855,1.7012766782506362e-07
1275,5.317750650390233,0.10451418628918108,3.362125850880798e-09
1275,5.319671803081849,0.28835673320427563,2.0262033325005584e-07
1275,5.321592955773464,0.43627817983433526,1.1356536135832848e-06
1275,5.323514108465079,0.20590005187608737,8.668772046258502e-07
1275,5.325435261156693,0.6105054657467013,1.2501323824821505e-06
1275,5.3273564138483085,0.8605134673908045,6.79560264099787e-07
1275,5.329277566539924,0.4187409673982034,4.440824777768563e-07
1275,5.331198719231539,0.49810248602810303,6.405993433050969e-07
1275,5.333119871923153,0.2166262297275016,5.754100417204268e-07
1275,5.335041024614768,0.37163390512015165,6.20845855799603e-07
1275,5.336962177306384,0.9270020663412445,1.0277574358787548e-07
1275,5.338883329997999,0.1155684624496424,1.249343667866218e-07
1275,5.340804482689613,0.5772380034177395,3.834379783566407e-07
1275,5.342725635381228,0.577284947342741,1.5976083774444248e-07
1275,5.344646788072843,0.25594847918667163,1.1892556947058523e-07
1275,5.346567940764459,0.15885795614495266,1.6892334754363374e-07
1275,5.348489093456073,0.6572220344762459,1.4290896931592176e-07
1275,5.350410246147688,0.4720331764185692,8.038067910370923e-08
1275,5.352331398839303,0.3932848578983577,3.445197437187145e-08
1275,5.3542525515309185,0.24994419543353322,5.8774614838756105e-09
1275,5.356173704222533,0.8406494533218296,1.8694714825678637e-07
1275,5.358094856914148,0.7260307755892691,2.3085664111186784e-07
1275,5.360016009605763,0.036368678258387896,4.785992343451866e-07
1275,5.361937162297378,0.2783388008167218,6.291236515812776e-07
1275,5.363858314988993,0.6897976042456556,1.5217326623924446e-07
1275,5.365779467680608,0.7189672934940856,3.599450969861164e-07
1275,5.367700620372223,0.05639333972384377,4.993492676367906e-07
1275,5.369621773063838,0.7145381123845674,5.463863943345964e-08
1275,5.371542925755453,0.7123284386276293,3.9941589368726054e-08
1275,5.373464078447068,0.0941597255254707,1.6334339378933325e-07
1275,5.375385231138683,0.2414853988961239,3.170427623589266e-07
1275,5.377306383830298,0.3941450243703151,6.409501858499293e-07
1275,5.379227536521912,0.3584862746456048,3.593631243841278e-07
1275,5.381148689213528,0.5041443400653342,6.964455483791496e-07
1275,5.383069841905143,0.3185874133748898,1.2112935341049863e-06
1275,5.384990994596758,0.1390965151328135,1.0220506355235336e-06
1275,5.386912147288372,0.7976756043026252,1.9318357387051195e-06
1275,5.3888332999799875,0.7182198145690226,8.014805928755672e-07
1275,5.390754452671603,0.37814489906474963,3.942275515242141e-07
1275,5.392675605363218,0.7131149926634722,5.443877147880324e-08
1275,5.394596758054832,0.8077296845639285,4.444239836706529e-08
1275,5.396517910746447,0.540363639864752,2.2939667681876266e-07
1275,5.398439063438063,0.6375564376770363,8.463007969183267e-08
1275,5.400360216129678,0.9012969364657831,4.635431530013859e-08
1275,5.402281368821292,0.2568680470620985,4.176064490587554e-07
1275,5.404202521512907,0.29619381115992777,8.859529602182731e-07
1275,5.4061236742045224,0.5681040307002563,4.4740104760835313e-07
1275,5.408044826896138,0.3636221438232322,5.596342806526898e-07
1275,5.409965979587752,0.22620253924240197,2.855711536694351e-07
1275,5.411887132279367,0.41526533818408146,3.943703654516645e-07
1275,5.413808284970982,0.33294041638277583,1.4611914203182797e-06
1275,5.4157294376625975,0.7170520616550532,1.3415078170461062e-06
1275,5.417650590354212,0.16149762692515088,1.1311538079785739e-06
1275,5.419571743045827,0.4578181890059224,3.733725704767012e-07
1275,5.421492895737442,0.5244454549700085,3.9114668810635156e-07
1275,5.423414048429057,0.4676180159566574,4.178949048791753e-07
1275,5.425335201120672,0.44422835559660706,1.312963400520705e-07
1275,5.427256353812287,0.4474571818387495,1.7120839106486162e-07
1275,5.429177506503902,0.1544418761604613,2.6433659380408946e-07
1275,5.431098659195517,0.4707910259098991,6.168896099448328e-07
1275,5.433019811887132,0.15676606738592677,4.54115530902313e-07
1275,5.434940964578747,0.21449376501806422,7.363729268227302e-07
1275,5.436862117270362,0.7286684457107218,3.2341447355372956e-07
1275,5.438783269961977,0.8227025011249738,5.916267776460929e-07
1275,5.440704422653591,0.23131435147516574,9.202597097336031e-07
1275,5.442625575345207,0.5712561564304077,1.1806241326145254e-06
1275,5.444546728036822,0.5202542501261394,3.5646648541181876e-07
1275,5.446467880728437,0.13442099680298528,1.8332231829011143e-07
1275,5.448389033420051,0.46382000387657796,1.5172971332583884e-08
1275,5.4503101861116665,0.7623669160032834,1.3389828588528189e-07
1275,5.452231338803282,0.46202878200589753,8.50361066645608e-08
1275,5.454152491494897,0.367255540902767,3.7760424798556595e-08
1275,5.456073644186511,0.2904343584567209,2.924091608864913e-07
1275,5.457994796878126,0.08453933958269273,3.829677526331563e-07
1275,5.459915949569742,0.683224373121663,9.627798503456342e-07
1275,5.461837102261357,0.5242723170114917,6.54887079407052e-07
1275,5.463758254952971,0.3189092409766115,3.8930422485300474e-07
1275,5.465679407644586,0.8744393114861629,4.974490462386422e-07
1275,5.4676005603362015,0.3757135056979552,5.962428923590688e-07
1275,5.469521713027817,0.34231479050019614,8.907021712541005e-07
1275,5.471442865719431,0.17898417748378295,1.3389936655105325e-07
1275,5.473364018411046,0.7209983047472398,2.503886894913688e-07
1275,5.475285171102661,0.42619464389497486,2.57198302650694e-07
1275,5.4772063237942765,0.3928836740212373,1.1925827400378852e-07
1275,5.479127476485891,0.47458502460943985,3.570140980095812e-07
1275,5.481048629177506,0.2897291947032091,1.2586205523878571e-07
1275,5.482969781869121,0.17631876353605686,5.054128419114006e-08
1275,5.484890934560736,0.3466710882840662,5.799828566136977e-07
1275,5.486812087252351,0.8136881922345296,7.445713497841077e-07
1275,5.488733239943966,0.2299697416807933,6.168841710207105e-07
1275,5.490654392635581,0.43753159523171226,2.4289709675852635e-07
1275,5.492575545327196,0.7394513154616567,3.315896435925297e-08
1275,5.494496698018811,0.37109996524574057,6.214324605481638e-07
1275,5.496417850710426,0.3286552473590048,8.383366557289567e-07
1275,5.498339003402041,0.24757278038521294,6.372628018074542e-07
1275,5.500260156093656,0.3713544118963265,6.062628318731891e-07
1275,5.5021813087852705,0.34398819390231283,1.1584739036635545e-07
1275,5.504102461476886,0.22721539561804222,2.5262337300105043e-07
1275,5.506023614168501,0.9283359752042397,3.159682397189209e-07
1275,5.507944766860116,0.5628070104505102,2.0012407458272725e-08
1275,5.50986591955173,0.4186262623946826,5.084390446649556e-09
1275,5.5117870722433455,0.4261063381854375,3.893308922083375e-07
1275,5.513708224934961,0.2781298358184354,1.853108690401578e-07
1275,5.515629377626576,0.2880089562095291,7.319114933320195e-07
1275,5.51755053031819,0.9586543583557628,1.663410702964825e-07
1275,5.519471683009805,0.39908918602878635,5.5492590391887695e-08
1275,5.521392835701421,0.0808815879393069,8.189375269295428e-08
1275,5.523313988393036,0.21760176822050298,5.255247726588215e-07
1275,5.52523514108465,0.3509853732769703,5.024362053642074e-07
1275,5.527156293776265,0.1409419238219738,2.4439709619022326e-07
1275,5.5290774464678805,0.8339162654082652,1.2097831179295498e-08
1275,5.530998599159496,0.4327050620779604,1.5920057924203607e-07
1275,5.53291975185111,0.6046266091633804,2.4993905873868986e-07
1275,5.534840904542725,0.24004178718202396,5.866300872644738e-07
1275,5.53676205723434,0.19284107465132552,2.5656655265600993e-07
1275,5.5386832099259555,0.47379159681307187,8.770667793501558e-09
1275,5.54060436261757,0.3191256050290652,1.7082848551984617e-08
1275,5.542525515309185,0.19543079736997757,3.103142768985362e-07
1275,5.5444466680008,0.40545848286756564,1.848158945334889e-07
1275,5.546367820692415,0.23615783559227752,8.514447181258694e-08
1275,5.54828897338403,0.2118902180899345,3.170715667232474e-09
1275,5.550210126075645,0.3183912655451853,4.0567931382809557e-08
1275,5.55213127876726,0.4440691684032978,1.9820442496927274e-07
1275,5.554052431458875,0.428619501525923,1.0935402149939949e-07
1275,5.55597358415049,0.5559938029797014,7.640379917056705e-08
1275,5.557894736842105,0.3675811682113482,2.404921987403584e-07
1275,5.55981588953372,0.23530549165247316,1.4489117548152957e-07
1275,5.561737042225335,0.3007035020787491,3.3031512698304014e-07
1275,5.5636581949169495,0.18964583169716,3.0998518550062367e-07
1275,5.565579347608565,0.3042567165657341,6.125324266777447e-08
1275,5.56750050030018,0.3258467451374757,8.925923935331318e-08
1275,5.569421652991795,0.33978926564677514,2.6120827068400575e-08
1275,5.571342805683409,0.679626730957663,9.883136099556911e-08
1275,5.5732639583750245,0.3256340882484909,6.623435987682181e-08
1275,5.57518511106664,0.2399455035644331,9.763906321781084e-08
1275,5.577106263758255,0.5488397311944758,2.6669040607252604e-07
1275,5.579027416449869,0.10538745055342692,5.766142948463678e-07
1275,5.580948569141484,0.6498558243746065,2.1617022272915282e-07
1275,5.5828697218331,0.49948168936504406,4.016689566299057e-07
1275,5.584790874524715,0.6274609909788729,2.65863741728398e-07
1275,5.586712027216329,0.22033906655187485,3.6407939459181656e-07
1275,5.588633179907944,0.2296960040532022,4.536471024052292e-07
1275,5.5905543325995595,0.4453544027883625,4.7583185794940424e-07
1275,5.592475485291175,0.5806581066454598,6.053620400323457e-07
1275,5.594396637982789,0.12520407591463908,6.680576565408228e-07
1275,5.596317790674404,0.7862229047276218,3.6889795018475107e-07
1275,5.598238943366019,0.3981999907040428,4.93377674434358e-07
1275,5.6001600960576345,0.4864259202183001,5.011837495595595e-07
1275,5.602081248749249,0.8108645310639292,4.53979942618165e-07
1275,5.604002401440864,0.3396185953269166,1.253015626155318e-06
1275,5.605923554132479,0.4741453711749304,2.5566585586509445e-07
1275,5.607844706824094,0.7177546328588166,3.7454312943154374e-07
1275,5.609765859515709,0.28886229197484053,2.3283517422856472e-07
1275,5.611687012207324,0.5546340513853127,4.5919634079412096e-07
1275,5.613608164898939,0.4395165476259148,6.574264180118359e-07
1275,5.615529317590554,0.6523989751688598,9.085553713078398e-07
1275,5.617450470282169,0.06376798721627212,1.1989962674524062e-06
1275,5.619371622973784,0.11760101800414993,3.801082600130526e-07
1275,5.621292775665399,0.2590229582821991,9.272021132459351e-07
1275,5.623213928357014,0.3548837676925731,9.272790264307073e-07
1275,5.6251350810486285,0.38451424333474693,1.3884768693870796e-06
1275,5.627056233740244,0.3462073081370244,2.3764982168175178e-07
1275,5.628977386431859,0.2188745038599947,2.494690455525764e-07
1275,5.630898539123474,0.12949359890573542,1.2416080964012322e-08
1275,5.632819691815088,0.4127592663758087,3.2101372866901445e-08
1275,5.6347408445067035,0.39181952825224103,1.0715979615837075e-07
1275,5.636661997198319,0.43849347003372446,1.5792188797608926e-07
1275,5.638583149889934,0.39585837298359383,1.1093332709133826e-07
1275,5.640504302581548,0.679617858174703,1.0420754721162366e-07
1275,5.642425455273163,0.3573717741087091,6.619656994118939e-08
1275,5.644346607964779,0.3789960218962969,2.597061001526815e-07
1275,5.646267760656394,0.3283914421180189,5.732880276876016e-08
1275,5.648188913348008,0.026922793295384412,3.8529465624311225e-07
1275,5.650110066039623,0.3738365269099735,2.4228874452534358e-08
1275,5.6520312187312385,0.08692665929657696,3.019787134828683e-08
1275,5.653952371422854,0.26440371510105976,5.3073545521509834e-08
1275,5.655873524114468,0.2909476706021695,5.3881037422356707e-08
1275,5.657794676806083,0.619224377831075,1.1770507309400297e-07
1275,5.659715829497698,0.32468811056167185,2.876268783464195e-07
1275,5.6616369821893135,0.4120784158150975,3.01958067940723e-07
1275,5.663558134880928,0.6058462624585444,2.4783343274279567e-07
1275,5.665479287572543,0.4081260286740333,5.1622425946619673e-08
1275,5.667400440264158,0.8108395731477978,1.6668058897713252e-07
1275,5.669321592955773,0.5758055643485688,3.099706791199283e-08
1275,5.671242745647388,0.5413408506106948,1.353729729307397e-07
1275,5.673163898339003,0.26371775709193485,4.1418398296663375e-07
1275,5.675085051030618,0.7201971501802957,2.4744013889495804e-07
1275,5.677006203722233,0.2735767204553437,2.500238971389223e-07
1275,5.678927356413848,0.5159811563252191,1.7684413221311862e-07
1275,5.680848509105463,0.2158756983293002,1.860703170375151e-07
1275,5.682769661797078,0.4391244470008667,4.8749333248776666e-08
1275,5.684690814488693,0.7910305037383207,2.012031274575853e-08
1275,5.6866119671803075,0.03584347843533399,3.68540298305207e-07
1275,5.688533119871923,0.07856440803719927,9.636282147885695e-08
1275,5.690454272563538,0.3639434746744871,5.162338836576984e-07
1275,5.692375425255153,0.3000704581454185,1.2544430779351015e-07
1275,5.694296577946767,0.3516974826848332,2.1786402180162655e-07
1275,5.6962177306383825,0.6811126833602819,9.866460140860959e-08
1275,5.698138883329998,0.23603988041682147,1.2193813486905533e-07
1275,5.700060036021613,0.6291428586850443,1.710641866546488e-08
1275,5.701981188713227,0.9352970109132979,6.825135513135928e-08
1275,5.703902341404842,0.3475332149989085,1.87129393951838e-07
1275,5.705823494096458,0.39645335001123033,2.3757892206635798e-07
1275,5.707744646788073,0.9197437748632793,2.8770018513136734e-07
1275,5.709665799479687,0.42693289010906127,7.576067758301191e-08
1275,5.711586952171302,0.784723554772993,4.957397863106139e-08
1275,5.7135081048629175,0.45482325949513314,2.903702779801787e-07
1275,5.715429257554533,0.5332636487639949,1.8517374382098923e-07
1275,5.717350410246147,0.639759829262157,5.554985357295375e-07
1275,5.719271562937762,0.40795757204817124,5.968828698853526e-08
1275,5.721192715629377,0.4361457564566284,9.763012015535463e-09
1275,5.723113868320993,0.40299679711480746,1.5658888250901938e-08
1275,5.725035021012607,0.29371115376443063,1.4064791669180225e-08
1275,5.726956173704222,0.3738107945735762,6.178762526973433e-09
1275,5.728877326395837,0.4694060979540142,8.830198627519958e-08
1275,5.730798479087452,0.4389128621506405,3.571810048797308e-07
1275,5.732719631779067,0.15499673105040518,1.3892231098409107e-07
1275,5.734640784470682,0.9246647254195846,1.6206064374353162e-07
1275,5.736561937162297,0.5625925049313298,1.0572230232274855e-07
1275,5.738483089853912,0.47962771235086366,9.755441843011857e-10
1275,5.740404242545527,0.6539551238770784,1.5084983629454522e-07
1275,5.742325395237142,0.8272097682329345,3.4766701803256746e-08
1275,5.744246547928757,0.8120044038915291,2.624741479016143e-08
1275,5.746167700620372,0.7724265460967561,7.691054424311195e-08
1275,5.7480888533119865,0.3617367163711201,7.362677619235348e-08
1275,5.750010006003602,0.5030819320780975,2.1552156084086052e-07
1275,5.751931158695217,0.3238586725455998,7.492942550421614e-08
1275,5.753852311386832,0.5644009270227098,2.2775084874340113e-07
1275,5.755773464078446,0.2659545288247117,5.251394917700764e-08
1275,5.757694616770062,0.6559639345948607,2.7703380266922398e-08
1275,5.759615769461677,0.29604237099208497,5.637396861317245e-07
1275,5.761536922153292,0.4961509035598385,2.405252335292151e-07
1275,5.763458074844906,0.1500486564353283,4.3761753473852044e-08
1275,5.765379227536521,0.290401735403617,2.3309089818170636e-07
1275,5.767300380228137,0.2442178190457372,2.80749237892987e-07
1275,5.769221532919752,0.5991358143128969,1.5338878216177072e-07
1275,5.771142685611366,0.45874411812999505,5.0665101643459325e-08
1275,5.773063838302981,0.3689107320002718,1.5390213094193914e-07
1275,5.7749849909945965,0.3739316771347821,6.892135110153039e-08
1275,5.776906143686212,1.2028398978021932,7.399395647683963e-08
1275,5.778827296377826,0.4149618785002373,1.8740127220625057e-07
1275,5.780748449069441,0.2751011297471192,4.4057524100755486e-08
1275,5.782669601761056,0.42315653050763685,3.730655057551536e-07
1275,5.784590754452672,0.5971836338153136,3.7615100154850187e-07
1275,5.786511907144286,0.6987840835632315,3.485217254943411e-07
1275,5.788433059835901,0.205792455849837,1.9280111958406064e-08
1275,5.790354212527516,0.8170094282947328,1.6443157201948402e-07
1275,5.7922753652191314,0.12694531706586723,1.8661648154252458e-07
1275,5.794196517910746,0.3667924347440621,2.2557017068985855e-07
1275,5.796117670602361,0.1578282706104709,2.2957153688362644e-07
1275,5.798038823293976,0.07195077186873398,1.0527289431280352e-07
1275,5.799959975985591,0.31238295325004667,2.747821126793742e-07
1275,5.801881128677206,0.6944855807120123,3.594404743136596e-08
1275,5.803802281368821,0.3946388064516451,1.7169396372358245e-07
1275,5.805723434060436,0.41351775558275045,2.4646414613558954e-07
1275,5.807644586752051,1.2037956757244597,1.5256802891123985e-08
1275,5.8095657394436655,0.7674632672751823,1.335768416428957e-07
1275,5.811486892135281,1.3025053652128944,2.6338525181773324e-07
1275,5.813408044826896,0.655669870621431,6.602932732805637e-08
1275,5.815329197518511,0.6414560817636984,1.631384439685678e-07
1275,5.817250350210125,0.2112221635639055,3.227396154680088e-08
1275,5.819171502901741,0.5554099751836286,4.279122307787757e-08
1275,5.821092655593356,0.8381211018191109,1.103743481228869e-07
1275,5.823013808284971,0.1322189900337734,3.338689666178403e-07
1275,5.824934960976585,0.18989479164929635,1.8090679500320275e-07
1275,5.8268561136682,0.643145040701137,1.4285528648579772e-07
1275,5.828777266359816,0.3739686408568922,6.582804562978423e-08
1275,5.830698419051431,0.35529664891207835,6.785478842013172e-08
1275,5.832619571743045,0.30744858470811814,1.5685651714759425e-08
1275,5.83454072443466,0.2423351062476417,6.491450512530356e-08
1275,5.8364618771262755,0.2014917567943607,2.4589890294450515e-08
1275,5.838383029817891,0.8871684827796988,1.2002051234062047e-07
1275,5.840304182509505,0.2924740287069609,7.962096957535755e-08
1275,5.84222533520112,0.26849670644258533,5.48280203158237e-07
1275,5.844146487892735,0.32070734577325216,4.333131907696027e-07
1275,5.846067640584351,0.3576938940734255,2.979924301484469e-07
1275,5.847988793275965,0.18772764045049603,2.0528171989442207e-07
1275,5.84990994596758,0.5933917128877102,1.0957924152935921e-07
1275,5.851831098659195,0.5968921133756488,3.500920442357299e-07
1275,5.8537522513508105,0.4405922343180666,3.524163518050727e-07
1275,5.855673404042425,0.309958937519764,1.2249642844853045e-07
1275,5.85759455673404,0.46649720980472337,1.685962941808528e-08
1275,5.859515709425655,1.1295463276502145,7.400913927273079e-08
1275,5.86143686211727,0.5374771658748655,3.863034325173935e-08
1275,5.863358014808885,0.16369149141023778,2.3339535275103832e-07
1275,5.8652791675005,0.9115858013465654,1.1462953429447846e-07
1275,5.867200320192115,0.20707727411858406,5.429573906115925e-08
1275,5.86912147288373,0.08228589369372573,1.1178666575369664e-07
1275,5.8710426255753445,0.1717467528063813,1.0463363302551001e-08
1275,5.87296377826696,0.3925187056990644,5.45050305115284e-08
1275,5.874884930958575,0.19208291180002832,6.612652033252638e-08
1275,5.87680608365019,0.7318139958293366,2.0986565805975104e-07
1275,5.878727236341804,0.6618856328720297,1.6373094255170906e-07
1275,5.88064838903342,0.7307220627291425,9.082000892770518e-08
1275,5.882569541725035,0.6850243930261105,9.311030189683544e-08
1275,5.88449069441665,0.4905134377977857,4.0309253279749117e-07
1275,5.886411847108264,0.39689357470926623,1.8836653901785e-08
1275,5.8883329997998795,0.35695837217863263,3.9149892828355165e-08
1275,5.890254152491495,0.38998142785149925,6.515923138009321e-08
1275,5.89217530518311,0.3009883004160549,1.6695647727771745e-07
1275,5.894096457874724,0.17238182657411424,2.389061469752834e-07
1275,5.896017610566339,0.5183336408365281,4.5879661281040253e-07
1275,5.8979387632579545,0.41484663529519417,4.806776475719952e-07
1275,5.89985991594957,0.7392212732457107,3.3031598598607824e-08
1275,5.901781068641184,0.2620551884118778,1.282564304541577e-07
1275,5.903702221332799,0.250165995358248,9.27445288233138e-07
1275,5.905623374024414,0.2254149216687391,3.0535708168770904e-07
1275,5.90754452671603,1.0798208291454559,3.649794863003608e-07
1275,5.909465679407644,0.23863117956863547,4.410703921156644e-08
1275,5.911386832099259,0.5137112993335239,1.3205555088439174e-07
1275,5.913307984790874,0.3969837274841147,9.297948438301677e-09
1275,5.9152291374824895,0.9191013553460006,1.5155110942846924e-07
1275,5.917150290174104,0.13443523034561627,1.9961521457893626e-07
1275,5.919071442865719,0.6632381220469119,5.7513339147809796e-08
1275,5.920992595557334,0.7427756502567722,6.465184570967893e-08
1275,5.922913748248949,0.6827232111167596,3.5113235545996485e-07
1275,5.924834900940564,0.3162882291681522,2.7551017000226686e-07
1275,5.926756053632179,0.10789964263891318,1.6032835099267815e-07
1275,5.928677206323794,0.1696055683850992,8.072100058707624e-08
1275,5.930598359015409,0.47666337276845777,5.567958017120245e-08
1275,5.9325195117070235,0.339223768084766,6.906365718180559e-08
1275,5.934440664398639,0.44531154064232153,4.3973558270854076e-08
1275,5.936361817090254,0.4134864562984979,5.138203826677065e-08
1275,5.938282969781869,1.126649084827641,3.709941835519861e-08
1275,5.940204122473483,0.45160355566257865,3.60703851332961e-08
1275,5.942125275165099,0.11228316234442269,9.36793163844047e-08
1275,5.944046427856714,0.32553714697283925,6.79178799516635e-08
1275,5.945967580548329,0.6497765146837325,1.3225640769956156e-07
1275,5.947888733239943,0.6416331570968417,2.684465382529781e-07
1275,5.9498098859315585,0.12840897534004792,1.274701693838506e-07
1275,5.951731038623174,0.7889820615069116,1.0947809353025814e-07
1275,5.953652191314789,0.3523870735238751,1.9628048026051588e-09
1275,5.955573344006403,0.016032048279210384,2.2424651868828313e-07
1275,5.957494496698018,0.5032201392894854,1.8284987087635022e-07
1275,5.9594156493896335,0.5132495563416775,1.5656595333215303e-07
1275,5.961336802081249,0.3142410570563086,2.2359241051893454e-07
1275,5.963257954772863,0.4357987842563397,9.369080516410531e-08
1275,5.965179107464478,0.35089029405657574,2.1528978988273587e-08
1275,5.967100260156093,0.5234336422316832,1.9602831372290838e-07
1275,5.969021412847709,0.5657752568586341,1.6981761613089212e-09
1275,5.970942565539323,0.4400602715852229,2.2474797516097823e-08
1275,5.972863718230938,0.20552828963145114,1.5816665899161172e-07
1275,5.974784870922553,0.7200053188741603,2.2474787777653556e-09
1275,5.9767060236141685,0.3731819171237211,3.0978641059730156e-07
1275,5.978627176305783,0.10755275406360017,7.639885681508355e-08
1275,5.980548328997398,0.7224012920548303,7.016165847385462e-08
1275,5.982469481689013,0.5823628085284822,3.5384609355082962e-09
1275,5.984390634380628,1.041588207000902,1.2615808802138196e-07
1275,5.986311787072243,0.15525716463173558,2.463018948210765e-07
1275,5.988232939763858,0.3403971175586856,1.0097343722462325e-07
1275,5.990154092455473,0.7895142880515666,8.170659219041205e-08
1275,5.992075245147088,0.5719828647319402,4.353922227987531e-09
1275,5.9939963978387025,0.666046452240207,1.4226247629366967e-07
1275,5.995917550530318,0.15599862745580279,5.522612847867803e-07
1275,5.997838703221933,0.3113056331244213,1.0624421065405185e-06
1275,5.999759855913548,0.5407603400395179,3.2480461924980396e-07
996,0.0019211526916149688,10.300550462914668,4.051520305600342e-08
996,0.0038423053832299377,2.64718415267237,2.970615826762729e-08
996,0.005763458074844906,1.9603141976661091,1.0144918730302756e-08
996,0.007684610766459875,1.4870138656329057,9.125743657204644e-09
996,0.009605763458074843,1.138187336966996,3.0125185332728375e-08
996,0.011526916149689813,1.398725678654807,6.99206254689336e-08
996,0.013448068841304782,0.9046475653195839,1.1226633954425278e-07
996,0.01536922153291975,2.3565179814465647,1.5034078752522504e-07
996,0.017290374224534718,0.1191171368455796,3.261759461938121e-09
996,0.019211526916149687,0.2774304203883447,2.116335601480897e-08
996,0.021132679607764656,2.0201721185617583,8.318582490011193e-09
996,0.023053832299379625,1.5834937944407272,8.535277098065661e-08
996,0.024974984990994594,1.1295693375771358,4.0910539216848114e-08
996,0.026896137682609563,2.7021249358486523,1.3335079600186333e-07
996,0.028817290374224532,2.5943984771388577,1.345318128896629e-07
996,0.0307384430658395,2.198383997004446,2.9429799853850715e-07
996,0.032659595757454474,3.1679387442063374,4.665368995565444e-08
996,0.034580748449069436,2.575745222333036,2.199408062441529e-08
996,0.036501901140684405,1.7210889722825085,6.71117580420128e-09
996,0.038423053832299374,0.47118911431104066,4.5035446165954714e-08
996,0.04034420652391434,2.632892704361757,6.268871625569785e-08
996,0.04226535921552931,1.3478143968416796,1.7556154033438464e-09
996,0.04418651190714428,2.892933816762655,1.5070894091124985e-08
996,0.04610766459875925,1.6813677862756866,1.0813454385181965e-07
996,0.04802881729037422,1.3770334592425144,6.581328117769304e-08
996,0.04994996998198919,0.7853451607916526,1.7044977390683535e-08
996,0.05187112267360416,2.73727242344305,3.2807780728125553e-09
996,0.053792275365219126,3.9045214059457374,1.635602511910088e-07
996,0.055713428056834095,3.354226695533666,1.5905808890133458e-07
996,0.057634580748449064,3.420090824013797,8.026279820025526e-08
996,0.05955573344006403,1.2339228437378948,3.0609291584897733e-08
996,0.061476886131679,4.938545775699396,2.8587055606993285e-07
996,0.06339803882329398,1.6043318029516507,8.53560751884797e-08
996,0.06531919151490895,11.930799750976595,1.1665203701722614e-07
996,0.0672403442065239,5.93649404595197,5.624629629924198e-08
996,0.06916149689813887,24.492350145581533,2.8417061462168432e-08
996,0.07108264958975384,4.536428521655381,1.4955432401367723e-07
996,0.07300380228136881,21.188358499621994,2.4016001157594793e-07
996,0.07492495497298378,5.505232421240131,4.687621760376305e-08
996,0.07684610766459875,7.719953713736619,2.8336861693709094e-08
996,0.07876726035621372,6.0334183935355865,3.694275082112023e-08
996,0.08068841304782869,4.539609652041255,7.012951328228359e-08
996,0.08260956573944365,4.749859720620682,1.6145635456908197e-07
996,0.08453071843105862,1.9196790049122499,1.7006657341280256e-07
996,0.0864518711226736,3.2807607814977353,3.866648292789964e-08
996,0.08837302381428856,0.6103013912748367,4.895331888737772e-08
996,0.09029417650590353,4.321101863613022,4.4416617467422824e-08
996,0.0922153291975185,1.5359445745407043,1.69008277025576e-08
996,0.09413648188913347,2.346954764290753,3.345269048909492e-08
996,0.09605763458074844,0.364240782043626,1.76749130037934e-07
996,0.09797878727236341,0.19261715656792291,1.6270185910745872e-07
996,0.09989993996397838,1.8885722606457762,4.3386704142710085e-08
996,0.10182109265559335,1.519854145934548,2.0553089460403882e-08
996,0.10374224534720831,2.2810148178726246,2.5186212099470804e-08
996,0.10566339803882328,1.8164312260654591,1.8123181014104195e-08
996,0.10758455073043825,1.6159215286853692,2.3806132610505476e-07
996,0.10950570342205322,0.3884972684865241,1.9594757768025168e-08
996,0.11142685611366819,1.5366713010602955,8.108765764890121e-08
996,0.11334800880528316,0.4117400883842881,1.1767516968529339e-07
996,0.11526916149689813,1.5244294849285307,3.4690875154833477e-07
996,0.1171903141885131,1.9346172315129424,1.3319207611559591e-07
996,0.11911146688012807,1.0724166351174012,2.2155180832235807e-07
996,0.12103261957174304,1.0873416535195783,1.0903182812197467e-07
996,0.122953772263358,1.7230928590159675,5.92075007833421e-09
996,0.12487492495497297,1.2340821827151067,1.8677420830908094e-08
996,0.12679607764658796,2.5159220225055408,7.808717871247429e-08
996,0.12871723033820293,2.6418511113977394,1.5035018331533567e-07
996,0.1306383830298179,2.0423790557073733,4.6174040577672235e-08
996,0.13255953572143284,0.9201913103909732,3.020610986212918e-08
996,0.1344806884130478,2.447551744753336,5.410089607343119e-08
996,0.13640184110466277,4.566067126300231,6.454615927419162e-10
996,0.13832299379627774,5.6393448116200355,2.1190248257162933e-07
996,0.1402441464878927,6.434820740582563,1.1253089956456614e-07
996,0.14216529917950768,24.715076907720526,2.651641951150763e-07
996,0.14408645187112265,7.02815240915413,6.873137942664464e-08
996,0.14600760456273762,5.060683118610643,5.26544778392527e-07
996,0.1479287572543526,6.3372970781241476,1.086519540445755e-09
996,0.14984990994596756,2.971381503655203,1.6158476199776163e-08
996,0.15177106263758253,0.6314495130519795,6.210472868390183e-08
996,0.1536922153291975,0.382425618861584,1.1978815379613107e-07
996,0.15561336802081246,2.1991833618940455,1.033087092708072e-07
996,0.15753452071242743,2.6812695517863423,1.6909848113767054e-07
996,0.1594556734040424,1.9637075002205011,5.174789175102971e-10
996,0.16137682609565737,2.1263034282942024,3.325890351525669e-08
996,0.16329797878727234,0.8696997503850957,1.3227409062193028e-07
996,0.1652191314788873,0.4527283491605326,9.351446591135941e-08
996,0.16714028417050228,1.3144384208157656,7.5345296679613e-08
996,0.16906143686211725,1.9546695909008833,5.731307489207368e-07
996,0.17098258955373222,2.1788071755735716,4.117629073644725e-09
996,0.1729037422453472,0.771408221853688,1.7620130886399725e-07
996,0.17482489493696216,1.5476810236966947,5.372742096063001e-08
996,0.17674604762857712,0.6755680786978056,5.85590475195708e-08
996,0.1786672003201921,0.5203573900001536,1.238123080228016e-07
996,0.18058835301180706,0.8395074354933125,6.870924761754048e-08
996,0.18250950570342203,1.9551274415773627,1.7867967043099993e-07
996,0.184430658395037,1.1102536464920425,2.035452306792365e-08
996,0.18635181108665197,2.401325870532836,6.14537456206014e-08
996,0.18827296377826694,0.8187132632614771,5.138143725183233e-08
996,0.1901941164698819,0.10357293433087779,1.0262998501206217e-07
996,0.19211526916149688,0.24789723225324567,1.450696333192628e-07
996,0.19403642185311185,0.7134087759889336,3.0815428848783525e-08
996,0.19595757454472681,2.7850661154882506,2.533754756114631e-08
996,0.19787872723634178,1.6879512473732838,8.33585782834882e-09
996,0.19979987992795675,1.6330957255890088,1.9044763077961155e-07
996,0.20172103261957172,0.9446850348077025,4.595188007612143e-08
996,0.2036421853111867,2.49078108921396,3.482881671935957e-08
996,0.20556333800280166,3.842388051954892,3.4202290916626807e-07
996,0.20748449069441663,8.191023889178078,1.8028896627647596e-07
996,0.2094056433860316,3.500590411120016,2.518579708136935e-08
996,0.21132679607764657,9.291464449827275,1.9447617179734328e-07
996,0.21324794876926154,2.647798844696759,1.5599386975264236e-08
996,0.2151691014608765,10.730180112520488,2.1803971985826677e-07
996,0.21709025415249147,7.3742321015831545,1.1312941408861346e-07
996,0.21901140684410644,5.453217499778978,2.5209681939469447e-08
996,0.2209325595357214,6.588022876848648,6.511038501247364e-08
996,0.22285371222733638,1.6720168502423376,1.3853372425989723e-07
996,0.22477486491895135,4.597057732227789,9.32319256606926e-09
996,0.22669601761056632,2.292211003286151,1.1866697475617724e-08
996,0.2286171703021813,2.0388697198509926,1.63903181699866e-07
996,0.23053832299379626,1.3084518785647574,1.4137064889348073e-08
996,0.23245947568541123,2.9423208323887957,3.159401497020229e-07
996,0.2343806283770262,0.626791440786555,4.826928638311985e-09
996,0.23630178106864116,1.412777904054898,4.809632861829605e-08
996,0.23822293376025613,0.9861661077618168,1.733439711349739e-07
996,0.2401440864518711,0.3534233767693942,2.8769919475616765e-07
996,0.24206523914348607,0.8840586670833549,9.260763416314526e-08
996,0.24398639183510104,0.6797787084234235,1.1694158180816872e-07
996,0.245907544526716,1.4916462984938332,2.5254389496237538e-08
996,0.24782869721833098,1.8300532252343158,1.2917221769666062e-07
996,0.24974984990994595,1.0602058853633611,4.985989630221985e-08
996,0.25167100260156094,0.47492619902169764,3.1439673507376164e-08
996,0.2535921552931759,1.5636694896196313,4.633259659692538e-08
996,0.2555133079847909,0.4291115915657679,2.57442329225499e-07
996,0.25743446067640585,2.037686079113416,8.981552007265038e-08
996,0.2593556133680208,1.6832051901878868,5.05171906765728e-08
996,0.2612767660596358,0.7551155273990492,2.4697603779458902e-08
996,0.26319791875125076,0.5750160849512249,1.08885496682146e-07
996,0.2651190714428657,0.2925924871972233,6.321949468058962e-08
996,0.26704022413448064,1.251782571574606,9.52687229456461e-08
996,0.2689613768260956,1.8084449750707015,1.6536431242511838e-08
996,0.2708825295177106,1.8911348251791056,1.8908544974012007e-07
996,0.27280368220932555,1.5782906387401205,1.0755421807155308e-07
996,0.2747248349009405,1.1590330249128395,1.902113953573501e-09
996,0.2766459875925555,2.1529128972858333,8.03118090399837e-08
996,0.27856714028417046,5.438230187321312,2.526958050918963e-09
996,0.2804882929757854,4.505699731892992,9.216115708561401e-08
996,0.2824094456674004,3.0403601330031664,3.0876839496338805e-08
996,0.28433059835901536,10.095354099176992,1.7406526483907814e-07
996,0.28625175105063033,8.964556890532986,4.304479776425855e-07
996,0.2881729037422453,7.551352760279019,7.637735511029012e-08
996,0.29009405643386027,5.3836375631247595,1.4723360322809909e-07
996,0.29201520912547524,2.6933563261479745,1.7218821805237827e-07
996,0.2939363618170902,1.0292121634381708,7.140717478502055e-08
996,0.2958575145087052,0.5107824996616165,4.085475201319572e-08
996,0.29777866720032015,2.642389511632408,6.522448471454377e-08
996,0.2996998198919351,2.336672530481176,6.408252459508497e-08
996,0.3016209725835501,0.35583496311173274,1.207803907568309e-07
996,0.30354212527516505,1.2855529764610545,4.5891652986800415e-07
996,0.30546327796678,0.7526346455951266,1.3146254562386603e-07
996,0.307384430658395,0.8417982191552551,4.3474324216594074e-08
996,0.30930558335000996,1.5784956264665824,1.01381211869983e-07
996,0.31122673604162493,1.170442128695188,3.3230841191192747e-07
996,0.3131478887332399,0.695147207052814,6.567447398660996e-07
996,0.31506904142485487,0.6714861361447387,6.576839411420618e-08
996,0.31699019411646984,0.715794450421429,9.975046033959167e-09
996,0.3189113468080848,0.13820299148837742,1.590100744343378e-07
996,0.3208324994996998,0.6966308968799788,2.462067224256665e-07
996,0.32275365219131474,0.3008122248776329,2.4648005668018854e-07
996,0.3246748048829297,1.2795195757893447,3.0819279860638274e-08
996,0.3265959575745447,0.49029836973444607,1.812677085331333e-08
996,0.32851711026615965,2.6534680079008433,9.089841241695466e-08
996,0.3304382629577746,0.6172658051006167,1.3512554068894175e-07
996,0.3323594156493896,0.6538881525916322,2.9900158644631977e-07
996,0.33428056834100456,0.46397971862740056,1.3760151003744625e-07
996,0.3362017210326195,0.8978659187712046,1.4984629697818466e-07
996,0.3381228737242345,1.853226486888509,1.0283256774217347e-08
996,0.34004402641584947,0.8598017466225868,3.4858388613419644e-08
996,0.34196517910746443,0.5687686752432645,2.7422756162172725e-07
996,0.3438863317990794,1.7270451580953667,1.1704411208900054e-07
996,0.3458074844906944,1.9524888103219078,4.1539715539676215e-08
996,0.34772863718230934,2.6332374160062866,2.1465807707455288e-07
996,0.3496497898739243,5.365471445078693,2.7735878444678558e-08
996,0.3515709425655393,1.9139871654102667,2.2473700525268965e-07
996,0.35349209525715425,2.1830525113974395,5.957288839102998e-08
996,0.3554132479487692,4.355729031202116,6.761271429404077e-08
996,0.3573344006403842,6.783729998656299,5.187437517758008e-08
996,0.35925555333199916,7.9854928989012235,2.8810154074584468e-08
996,0.3611767060236141,4.325266499435108,8.521235071591644e-09
996,0.3630978587152291,5.370157908300762,4.433572968001247e-08
996,0.36501901140684406,1.3118851297494734,1.1673394982496313e-07
996,0.36694016409845903,3.9553714125605057,1.2249105501640319e-07
996,0.368861316790074,1.8331649737126279,2.713634450827557e-07
996,0.37078246948168897,1.9216698621828885,7.590271676172628e-10
996,0.37270362217330394,0.5432904659364131,1.1694262562116264e-08
996,0.3746247748649189,1.6836987257742753,1.4769124725543546e-07
996,0.3765459275565339,0.954007220037616,8.736983540221768e-08
996,0.37846708024814885,0.9623473782874051,6.9706130479646525e-09
996,0.3803882329397638,0.47479422212865896,5.256623733962929e-08
996,0.3823093856313788,0.34914488841237423,4.9988562166195644e-08
996,0.38423053832299375,1.09893354416036,9.355635963778336e-08
996,0.3861516910146087,0.1048989423136106,1.9479748460323855e-07
996,0.3880728437062237,1.6594587629948978,2.6752384553966632e-08
996,0.38999399639783866,0.47872122124072775,2.0923982586176824e-09
996,0.39191514908945363,0.6852582523923056,7.833041918349354e-08
996,0.3938363017810686,0.5300047420921544,3.6232383133990284e-07
996,0.39575745447268357,0.907131728044637,7.481928612491864e-08
996,0.39767860716429854,0.7188535099526643,7.406083816546783e-08
996,0.3995997598559135,1.6503001631257057,7.35733917078824e-08
996,0.4015209125475285,1.2931805646558814,8.993880526069329e-08
996,0.40344206523914344,0.15994488891175815,9.589375522716031e-08
996,0.4053632179307584,0.496961519967144,5.609522273039581e-08
996,0.4072843706223734,0.20307508554662185,3.282278337759734e-08
996,0.40920552331398835,0.5343774847487966,4.260401646411765e-08
996,0.4111266760056033,1.0583796910216654,1.251059126947904e-07
996,0.4130478286972183,0.6438983525783637,1.3995270396934926e-08
996,0.41496898138883326,1.2512895688765968,9.21602085718442e-08
996,0.4168901340804482,1.7756634772106965,1.9734776518836554e-07
996,0.4188112867720632,1.9671502786528445,7.194628175731887e-09
996,0.42073243946367817,3.6460201282096767,1.7787097170272828e-07
996,0.42265359215529313,2.359972608214144,1.7453243469762653e-07
996,0.4245747448469081,1.9438195718474358,6.23071613411368e-08
996,0.42649589753852307,2.1489332915942616,1.7356525697304168e-07
996,0.42841705023013804,9.368422845971573,1.9268371409180903e-07
996,0.430338202921753,5.887610854952896,1.290747916655569e-07
996,0.432259355613368,3.463145817901566,2.3878095515610976e-08
996,0.43418050830498295,1.7123555248658213,1.242964390486024e-07
996,0.4361016609965979,1.1983442200091554,4.332804425707536e-08
996,0.4380228136882129,1.1975191568411887,2.6683464958181776e-07
996,0.43994396637982786,2.300357813959751,2.8146551796790215e-08
996,0.4418651190714428,1.6131177734811275,6.398775356170074e-10
996,0.4437862717630578,0.4467046950833765,6.171757625874247e-10
996,0.44570742445467276,1.16252269696631,8.735393929082952e-08
996,0.44762857714628773,0.49635433636492726,6.966939868547945e-08
996,0.4495497298379027,0.31959288976865324,2.1817479375124212e-07
996,0.45147088252951767,1.1005794268950864,1.2895606672733886e-07
996,0.45339203522113264,0.9343991752450528,6.058024887597398e-08
996,0.4553131879127476,0.2592430903363658,1.8831480505425612e-07
996,0.4572343406043626,0.7091319125425389,1.3051674635947842e-08
996,0.45915549329597755,0.22477580633025543,8.791441230118018e-08
996,0.4610766459875925,0.2173183718465533,1.6516724041238449e-07
996,0.4629977986792075,1.032559682641876,8.545923624612565e-09
996,0.46491895137082245,0.689133918316529,2.504994290425375e-07
996,0.4668401040624374,0.6084086495568206,8.980965661999794e-09
996,0.4687612567540524,0.731508882582918,5.236560185493051e-09
996,0.47068240944566736,1.4419757947201304,1.0799187210068917e-08
996,0.47260356213728233,0.5141795457764683,6.028592762027294e-08
996,0.4745247148288973,1.0808950907556187,9.477585963852411e-08
996,0.47644586752051227,0.5155071802891169,1.2562484694405587e-07
996,0.47836702021212724,0.4355734528354064,9.795799853691201e-09
996,0.4802881729037422,1.272528498202985,2.6721218392261793e-07
996,0.4822093255953572,0.6650945935465852,7.036125312800252e-08
996,0.48413047828697214,0.5910354135699312,2.8399566098331416e-08
996,0.4860516309785871,1.2395670933415492,2.946945609399372e-07
996,0.4879727836702021,1.4778036538613633,8.598298116795493e-08
996,0.48989393636181705,1.6925712697722204,2.247017362293579e-08
996,0.491815089053432,2.6029503386734087,2.2176609139906572e-07
996,0.493736241745047,0.4524885951573674,1.1449543019205686e-08
996,0.49565739443666196,3.0399206892892883,3.164495342996674e-08
996,0.4975785471282769,5.228064434640572,2.4869522938302997e-08
996,0.4994996998198919,3.9509329988579185,9.376569718382916e-08
996,0.5014208525115069,5.844631194391666,1.499800469632119e-08
996,0.5033420052031219,3.5174814144118405,5.809116119993658e-08
996,0.5052631578947369,2.9321509251989584,4.7279099239988715e-07
996,0.5071843105863518,2.522453686322063,6.385748832492346e-08
996,0.5091054632779668,3.4043038763518796,4.371861718953002e-08
996,0.5110266159695818,0.9626764398506943,3.981216356803958e-07
996,0.5129477686611967,1.2146844313231828,9.609753790158108e-09
996,0.5148689213528117,0.24352194946169411,8.840526008467622e-09
996,0.5167900740444267,0.6556476652845774,7.140894382573001e-08
996,0.5187112267360416,0.982876831005068,8.258837993838678e-08
996,0.5206323794276566,0.7367995739553096,8.369706036007313e-08
996,0.5225535321192716,0.7745981725485165,2.6042488259270593e-07
996,0.5244746848108865,0.5777526097525596,2.383079653368292e-07
996,0.5263958375025015,0.5621754674195065,2.666437957937429e-09
996,0.5283169901941164,1.0649403138324016,9.366398570430031e-08
996,0.5302381428857313,0.8832778842606167,7.746458391731998e-09
996,0.5321592955773463,0.7358263409097493,1.2359237952600514e-07
996,0.5340804482689613,0.9710664675216957,3.3426643378537834e-08
996,0.5360016009605763,0.3236460247169087,7.524539055645543e-08
996,0.5379227536521912,1.1946258733945263,2.7928439347867168e-08
996,0.5398439063438062,1.2509381973138938,5.209142680358529e-09
996,0.5417650590354212,0.23278289312952538,5.9060626345971185e-08
996,0.5436862117270361,0.27392632506896875,1.0356368460784788e-07
996,0.5456073644186511,0.4530470209532789,4.7843405774799354e-08
996,0.5475285171102661,1.0499021588895925,5.37455811786686e-08
996,0.549449669801881,0.5822460432428775,6.034432814696435e-08
996,0.551370822493496,0.5999244602423158,7.204776368252018e-09
996,0.553291975185111,0.13197833936567815,1.9176163775947535e-08
996,0.5552131278767259,0.7944501812534217,1.2534920413919627e-08
996,0.5571342805683409,0.5125014980186212,1.7131683799163706e-08
996,0.5590554332599559,1.5027252473551367,7.64147542641974e-08
996,0.5609765859515708,1.5478959680645803,1.0924248806467366e-07
996,0.5628977386431858,1.9696255307137691,4.957045046091938e-07
996,0.5648188913348008,1.7955817265828051,9.630614161650088e-08
996,0.5667400440264158,2.0792232043561754,9.559553488916755e-08
996,0.5686611967180307,1.894064226183243,2.908711660273711e-08
996,0.5705823494096457,7.511995662273556,4.08277979057115e-07
996,0.5725035021012607,4.7088091297386825,3.549016379237062e-07
996,0.5744246547928756,0.4020438350970914,1.6442892156883421e-07
996,0.5763458074844906,0.7655975432877323,1.1578111541506008e-07
996,0.5782669601761056,1.595478477100183,4.576241267481162e-09
996,0.5801881128677205,1.6564794930396893,7.026647060308486e-09
996,0.5821092655593355,1.5532345009107398,2.8802380209122273e-07
996,0.5840304182509505,1.206678594474678,1.1592993379226531e-07
996,0.5859515709425654,1.0772315156579715,9.515053488307156e-08
996,0.5878727236341804,0.5773032603757265,1.6657996278055142e-07
996,0.5897938763257954,0.9724093893493284,2.746408341925072e-09
996,0.5917150290174104,0.5411519427527712,4.8649801157618175e-08
996,0.5936361817090253,0.3030555251899361,2.771656534735158e-08
996,0.5955573344006403,0.429207407434078,2.854129303336322e-07
996,0.5974784870922553,0.272362867105337,5.486342646942493e-08
996,0.5993996397838702,0.9719939764275027,1.0275403655779279e-07
996,0.6013207924754852,0.5976339599996787,5.4830924667874625e-08
996,0.6032419451671002,0.6561087625641066,2.7492154096210047e-08
996,0.6051630978587151,0.764535041032588,2.4918762357407246e-08
996,0.6070842505503301,0.4464638479953852,1.2672289693368158e-08
996,0.6090054032419451,0.3659074559725271,8.062094702597584e-09
996,0.61092655593356,0.6391104150412206,9.5305029479915e-09
996,0.612847708625175,1.1036925354526137,1.0380091755353015e-07
996,0.61476886131679,0.7732061488310357,7.168456901244493e-08
996,0.616690014008405,0.8710860694202401,1.5479316679722343e-07
996,0.6186111667000199,0.19743228782449754,3.2643255141069e-07
996,0.6205323193916349,0.4116369860798584,4.5805093779026014e-08
996,0.6224534720832499,0.7877040716943543,4.5458522820209713e-08
996,0.6243746247748648,0.7338998525781877,2.254648999509469e-07
996,0.6262957774664798,1.0009930227770796,1.8381281026991712e-08
996,0.6282169301580948,1.193429909244992,5.030499810534036e-08
996,0.6301380828497097,0.8111123850768912,7.922721586009005e-08
996,0.6320592355413247,1.2032814245578607,5.460345757067212e-08
996,0.6339803882329397,1.4016766344021667,2.569328079564293e-08
996,0.6359015409245546,0.946740685470619,6.529762418747267e-08
996,0.6378226936161696,3.744238580806872,1.2028158255562363e-07
996,0.6397438463077846,3.5416233017385177,1.5416690607426415e-07
996,0.6416649989993995,2.2115166337857475,1.719682207776599e-07
996,0.6435861516910145,4.631547195286055,1.1948504502957216e-07
996,0.6455073043826295,3.294520256639307,1.3121230385760141e-07
996,0.6474284570742445,1.072162675247182,5.197100591979152e-08
996,0.6493496097658594,3.3588161423661833,2.4509707805165e-08
996,0.6512707624574744,2.611680268961695,6.277401394789948e-09
996,0.6531919151490894,0.7155888115559391,8.820141730642279e-08
996,0.6551130678407043,0.8942712041194051,4.906254707761682e-07
996,0.6570342205323193,0.2296574842542541,9.52348322599218e-08
996,0.6589553732239343,0.11388182329838616,1.541942965769974e-07
996,0.6608765259155492,1.3139256779696904,3.070201417740734e-08
996,0.6627976786071642,0.6330716079980839,4.436978313437893e-08
996,0.6647188312987792,0.4787392535528647,4.928162330954149e-08
996,0.6666399839903941,0.27628911517247257,4.301616238626412e-08
996,0.6685611366820091,0.35254508409419355,1.477644537964466e-07
996,0.6704822893736241,0.7266761454322775,1.5651261737161205e-07
996,0.672403442065239,0.7300813398976527,4.572193429489425e-08
996,0.674324594756854,0.8343682456997144,2.32072950799078e-08
996,0.676245747448469,0.6294467111984847,1.1727555364569127e-07
996,0.678166900140084,0.4151546091969921,7.072377210557669e-08
996,0.6800880528316989,0.1490360847269509,3.4160979380147215e-07
996,0.6820092055233139,0.5178155171339702,1.6813987998406579e-07
996,0.6839303582149289,0.27242716703737985,4.7760446206199823e-08
996,0.6858515109065438,0.4664702769886087,1.585527185891277e-08
996,0.6877726635981588,0.25637287666058617,1.2117158209553178e-07
996,0.6896938162897738,0.5304569837079198,2.9649155770654216e-08
996,0.6916149689813887,0.6301453879626245,2.4164416609104594e-07
996,0.6935361216730037,0.18016433489427122,6.295914407333333e-08
996,0.6954572743646187,0.6046742675702889,5.656908093259762e-08
996,0.6973784270562337,0.49457500811327587,6.228844144167476e-08
996,0.6992995797478486,0.1114677778645508,1.4376206033283794e-07
996,0.7012207324394636,1.471433232861827,3.3622479999664564e-08
996,0.7031418851310786,1.2227317381052507,8.972029450794457e-08
996,0.7050630378226935,0.6396259705544851,3.6238154525488473e-08
996,0.7069841905143085,1.5206646795177485,9.786024936432631e-09
996,0.7089053432059235,1.2860725921593177,6.069936424186705e-08
996,0.7108264958975384,2.2553718035742034,2.9062329582788643e-08
996,0.7127476485891534,4.957422885973627,1.4214983268115273e-07
996,0.7146688012807684,3.6925485753935803,1.8801592038994465e-07
996,0.7165899539723833,2.792205253384977,1.2159263542417731e-07
996,0.7185111066639983,1.0892865995827725,4.220402455079066e-08
996,0.7204322593556133,1.7442861758531014,1.6599008942291577e-08
996,0.7223534120472282,2.1004633600954836,2.5121006652859008e-08
996,0.7242745647388432,1.027439024870603,6.082938131564565e-08
996,0.7261957174304582,0.6504662807572171,3.940733855389342e-07
996,0.7281168701220732,1.1214274710653866,5.7791714342220475e-08
996,0.7300380228136881,0.6678668717041456,4.814712540453157e-08
996,0.7319591755053031,1.0453173519764642,6.893708046818779e-08
996,0.7338803281969181,0.6751725371792849,1.586099203868594e-07
996,0.735801480888533,0.260221043899816,2.3077442372144853e-07
996,0.737722633580148,0.8363591167765386,1.6064559549204619e-07
996,0.739643786271763,0.46363404887602694,3.7022694138465126e-08
996,0.7415649389633779,0.7560162601647046,2.1032592956908003e-09
996,0.7434860916549929,0.7517568173152185,1.1044856834686595e-07
996,0.7454072443466079,0.5671527868893917,1.129224310487637e-07
996,0.7473283970382228,0.5084551590943274,2.4719963077245498e-08
996,0.7492495497298378,1.01835827891204,3.6305471010288777e-10
996,0.7511707024214528,0.39552930244530504,2.821846942536486e-08
996,0.7530918551130678,0.9104709403424814,1.9580839150010722e-07
996,0.7550130078046827,0.5571010780065825,5.595576736061843e-08
996,0.7569341604962977,0.885370090473635,2.710987378928602e-07
996,0.7588553131879127,0.21347100458734009,1.3037710631455916e-08
996,0.7607764658795276,0.1846137576094521,4.8221679059425125e-08
996,0.7626976185711426,0.6177664588521176,1.8797740850793237e-07
996,0.7646187712627576,0.569172005932232,8.873473255315509e-08
996,0.7665399239543725,0.5549534658869195,1.4096962820288075e-07
996,0.7684610766459875,0.8183528747152283,1.3408696295508036e-07
996,0.7703822293376025,0.5348648444952142,1.7663265200417277e-07
996,0.7723033820292174,0.3445022476659862,7.023700854259059e-08
996,0.7742245347208324,1.0412100565202762,2.738574825201967e-08
996,0.7761456874124474,1.2778887884848282,1.3338794950399521e-08
996,0.7780668401040624,1.0790506262627213,7.067011534632681e-07
996,0.7799879927956773,2.756173467989586,8.285165026821699e-08
996,0.7819091454872923,1.7191467155258182,9.849680645941418e-08
996,0.7838302981789073,1.1659417534341776,5.620640953693819e-08
996,0.7857514508705222,4.30447839153642,1.57155088250749e-08
996,0.7876726035621372,3.59005016396518,1.8707344906362134e-07
996,0.7895937562537522,0.7399267397612479,1.3766808770607413e-07
996,0.7915149089453671,2.4939375573196467,5.8516589254265525e-08
996,0.7934360616369821,1.8671594964726408,6.702714553364925e-08
996,0.7953572143285971,0.17694591017662112,1.3944023937963366e-07
996,0.797278367020212,0.15019549197183366,1.6137720537029803e-08
996,0.799199519711827,0.22320307878195994,9.980654463909538e-09
996,0.801120672403442,0.9396502002797636,2.7274959299248456e-08
996,0.803041825095057,0.5847002390143436,3.4580406172351114e-08
996,0.8049629777866719,0.1983818093567405,8.464219315941843e-08
996,0.8068841304782869,0.33658649752406367,6.98524642091966e-08
996,0.8088052831699019,0.44778314306290135,7.095702220460934e-09
996,0.8107264358615168,0.6226820658086126,4.0934676110328084e-08
996,0.8126475885531318,0.6685030940147002,2.661935844730421e-07
996,0.8145687412447468,0.43508110253935783,2.8335986615195575e-08
996,0.8164898939363617,0.2568861471436035,5.315257986151878e-08
996,0.8184110466279767,0.08857332509405653,1.7865624157356476e-08
996,0.8203321993195917,0.4783282076347397,2.0974793714082766e-08
996,0.8222533520112066,0.39683934386493086,2.1907578628023756e-08
996,0.8241745047028216,0.8404399859724127,1.4776387303235103e-09
996,0.8260956573944366,0.2044641143475831,1.266837442968825e-07
996,0.8280168100860515,0.6128460415586011,4.648605916394532e-08
996,0.8299379627776665,0.33782775783344254,2.7045226450742774e-07
996,0.8318591154692815,0.6383321127808314,2.39681789122602e-07
996,0.8337802681608965,0.10369164828857731,5.793348336890631e-10
996,0.8357014208525114,0.011571644027539909,7.766072230939421e-08
996,0.8376225735441264,0.3767240881521106,2.2763822624177564e-09
996,0.8395437262357414,0.8986184536672097,1.8104733305689278e-09
996,0.8414648789273563,0.5426151770267115,1.7680047842233085e-08
996,0.8433860316189713,0.5882153933982928,2.5456869713977712e-08
996,0.8453071843105863,0.6245980663618745,3.24996839858909e-07
996,0.8472283370022012,0.25657135888699145,5.500915917723176e-08
996,0.8491494896938162,1.1933735212818088,1.9505879083476066e-09
996,0.8510706423854312,0.9441408005659311,1.5060512113803596e-07
996,0.8529917950770461,2.0777579395125976,3.534188993309146e-08
996,0.8549129477686611,1.7552441766636155,3.5543116831151853e-09
996,0.8568341004602761,3.6010999772058043,1.0315166313280613e-07
996,0.858755253151891,4.729823952461301,4.4203720824724123e-07
996,0.860676405843506,1.3668348956830396,9.346589369672648e-08
996,0.862597558535121,1.7837176332636158,1.827409712385437e-07
996,0.864518711226736,1.4605523601611337,5.157684074616834e-08
996,0.8664398639183509,0.8972659635659462,6.936309081722555e-08
996,0.8683610166099659,0.7928472661494455,1.2092693758498471e-07
996,0.8702821693015809,0.5709990965948789,2.8601031512033067e-08
996,0.8722033219931958,0.3590629056610792,7.061264905999009e-08
996,0.8741244746848108,0.8442869430626384,7.090918765296831e-08
996,0.8760456273764258,0.605917063458197,5.814308840124533e-08
996,0.8779667800680407,0.12655526238422354,2.8660288531238834e-08
996,0.8798879327596557,0.5139461666229335,6.1315914296456986e-09
996,0.8818090854512707,0.3755163465807185,1.0308301965369994e-07
996,0.8837302381428856,0.8478858954907362,2.5207003332881175e-07
996,0.8856513908345006,0.37444521910643297,9.492692638006162e-08
996,0.8875725435261156,0.5087213213790558,5.329026807369808e-08
996,0.8894936962177306,0.3087032891718763,1.9055032627697072e-08
996,0.8914148489093455,0.6389394630705049,1.8575843376207477e-08
996,0.8933360016009605,0.4938546893913797,6.085120356733755e-08
996,0.8952571542925755,0.5876764063596742,3.601943024549331e-07
996,0.8971783069841904,0.2925156782991221,4.22534823747278e-08
996,0.8990994596758054,0.6335096740063856,4.514957919476809e-08
996,0.9010206123674204,0.5962839836498531,4.7422473467821843e-08
996,0.9029417650590353,0.31131550383851403,2.450869360967308e-08
996,0.9048629177506503,0.7075523524778321,5.0452696290908586e-08
996,0.9067840704422653,0.4330770528408196,4.966295587559835e-08
996,0.9087052231338802,1.0238929343833643,1.5902888237391183e-07
996,0.9106263758254952,0.47714136004624924,8.045572619268429e-08
996,0.9125475285171102,0.21258437560532628,4.9365827388305686e-08
996,0.9144686812087252,0.13049899810948273,1.29133856586183e-07
996,0.9163898339003401,0.9690102093708794,1.5995740848824842e-08
996,0.9183109865919551,0.4525482130973864,3.5720418538400623e-08
996,0.9202321392835701,0.8221436723883621,9.172253949743802e-09
996,0.922153291975185,0.8265347640567265,2.9815202363011934e-07
996,0.9240744446668,1.0390848253863103,5.98683277813744e-08
996,0.925995597358415,0.9391320286288899,1.9399706095889428e-07
996,0.9279167500500299,3.4802304835120226,1.3803882998433087e-07
996,0.9298379027416449,3.6681542604658213,2.1929962601842202e-09
996,0.9317590554332599,1.6295086211825,5.777682923103023e-08
996,0.9336802081248748,2.203920557558652,8.13543646815903e-09
996,0.9356013608164898,0.6433294156285239,2.0966418862431337e-09
996,0.9375225135081048,0.5669006620498175,1.781687027224349e-07
996,0.9394436661997198,0.46754980800474644,9.079478121637582e-09
996,0.9413648188913347,0.503491607829511,7.343598664011337e-08
996,0.9432859715829497,1.0950515921771755,5.4560993296888544e-08
996,0.9452071242745647,0.15764178199033457,1.4936862594964716e-07
996,0.9471282769661796,0.9554456476768975,5.45402298509529e-08
996,0.9490494296577946,0.6561306671657295,5.3468300921347756e-08
996,0.9509705823494096,0.16843591600173385,9.164490339338408e-09
996,0.9528917350410245,0.9326092033144137,6.880991271179649e-08
996,0.9548128877326395,0.6993138174535127,3.8402754318561664e-08
996,0.9567340404242545,0.827113613341979,1.8722847383743978e-07
996,0.9586551931158694,0.13463248605344716,2.9710492501054145e-08
996,0.9605763458074844,1.0223261966384178,2.1669998346048154e-07
996,0.9624974984990994,0.6741777545721639,2.7008650589049682e-08
996,0.9644186511907143,0.6160008827268753,4.151708718920671e-08
996,0.9663398038823293,0.47433670074648615,2.455899403025691e-07
996,0.9682609565739443,0.7823300036256273,2.4743056446241177e-07
996,0.9701821092655593,0.39641560332321957,1.216289307493379e-07
996,0.9721032619571742,0.7001168270505627,7.756620528237323e-08
996,0.9740244146487892,0.3856763109452635,5.3585172397615606e-09
996,0.9759455673404042,1.226150780023962,3.2948288754804695e-08
996,0.9778667200320191,1.3160688831191392,1.6592399023190175e-07
996,0.9797878727236341,0.7944465794995026,1.3501590125012426e-07
996,0.9817090254152491,0.7045619185793056,9.195384760169683e-08
996,0.983630178106864,0.6924151240669858,6.199772416900638e-08
996,0.985551330798479,1.0557153410163418,6.337015151557797e-08
996,0.987472483490094,1.371913360412343,1.3868140684770042e-07
996,0.989393636181709,1.6970068318404075,2.173273459954389e-08
996,0.9913147888733239,1.4390155574740966,1.915294904362939e-07
996,0.9932359415649389,3.181309175218276,1.7407918583931088e-07
996,0.9951570942565539,3.3776848584944905,2.779433847853644e-07
996,0.9970782469481688,6.339450270812767,5.3431307703705714e-08
996,0.9989993996397838,15.112731334893732,2.796971463745194e-08
996,1.0009205523313989,13.747320375929709,4.501591768165682e-08
996,1.0028417050230138,7.4200650913466655,5.198056368141809e-09
996,1.0047628577146288,3.3882544549416407,8.185174823349792e-08
996,1.0066840104062438,2.387680538996077,4.199932021965575e-08
996,1.0086051630978587,1.4499625694765599,8.598260419750412e-08
996,1.0105263157894737,1.8803423701608604,9.572025694509566e-08
996,1.0124474684810887,0.9117379640725732,5.0998265638502e-08
996,1.0143686211727037,1.0343854987729797,8.857179428342407e-08
996,1.0162897738643186,0.7884121772113569,3.8107233902111724e-08
996,1.0182109265559336,0.6886489580091815,6.47660948167259e-08
996,1.0201320792475486,0.861151006767333,2.8032486331544612e-08
996,1.0220532319391635,1.2261845373301383,1.592892441588189e-07
996,1.0239743846307785,1.1960807531979043,6.996536433905828e-08
996,1.0258955373223935,0.5255649940459194,1.099193411179921e-07
996,1.0278166900140084,1.2569544624178606,7.802125371379465e-08
996,1.0297378427056234,0.7748627654766822,7.391370307192287e-08
996,1.0316589953972384,0.8584547468079777,1.522427404645735e-07
996,1.0335801480888533,0.3849692797149025,5.625511660837858e-08
996,1.0355013007804683,0.3600234642501586,1.2366214908487225e-07
996,1.0374224534720833,0.6333709943856901,7.895035111820996e-08
996,1.0393436061636983,0.8210280434472106,1.8188016080453944e-08
996,1.0412647588553132,0.2743577690095125,2.1534021101310613e-07
996,1.0431859115469282,0.3653253811721976,1.778956154093626e-08
996,1.0451070642385432,0.8680662508126997,5.959508490859789e-08
996,1.0470282169301581,0.7360169820106299,7.61170364423831e-08
996,1.048949369621773,0.4020451827341311,1.9423749999029518e-07
996,1.050870522313388,0.5105406832336591,2.1344030130415192e-07
996,1.052791675005003,1.2239800477906462,1.6394239933528094e-07
996,1.054712827696618,0.3953666732464133,4.82896107381866e-08
996,1.0566339803882328,1.2024933408129177,5.1576565495272734e-08
996,1.0585551330798477,0.5584778351936599,6.78401777497862e-08
996,1.0604762857714627,0.3620098262830273,5.9995956631634935e-09
996,1.0623974384630777,0.6169227856535563,2.3526573167466602e-07
996,1.0643185911546926,0.14431049110452618,2.3272770495292752e-09
996,1.0662397438463076,2.742755863448264,1.6713532749849055e-08
996,1.0681608965379226,1.7694039247880688,1.648387486033964e-07
996,1.0700820492295375,5.370358079328445,1.3293397322448037e-08
996,1.0720032019211525,3.7674694342995365,3.781422325313467e-08
996,1.0739243546127675,1.4584511044121495,1.8939024206490376e-08
996,1.0758455073043824,1.3696814668345747,9.723153884496628e-08
996,1.0777666599959974,1.0910673162909044,1.2180530551856375e-07
996,1.0796878126876124,1.245843028423049,1.056093797724215e-07
996,1.0816089653792273,0.5017575235404098,1.5633302524286072e-07
996,1.0835301180708423,1.328856636840985,8.265937704842383e-08
996,1.0854512707624573,0.6408653167092154,6.928935712856947e-08
996,1.0873724234540723,0.421259113156383,2.0601420428586132e-07
996,1.0892935761456872,0.7655558036907325,4.21519065989541e-10
996,1.0912147288373022,0.4893638466691811,4.618341838802106e-08
996,1.0931358815289172,0.9203659349326629,9.848334547357983e-08
996,1.0950570342205321,0.51159290659746,2.2549230833954427e-08
996,1.096978186912147,0.1739574312544075,1.9011447320500132e-07
996,1.098899339603762,0.7668982446789246,1.570986579670965e-07
996,1.100820492295377,0.35443441675622794,6.757920167294304e-09
996,1.102741644986992,0.22802584281889185,1.548491363201416e-08
996,1.104662797678607,0.7974892280780924,1.3414090383268328e-07
996,1.106583950370222,0.075258559280391,5.1108815692003215e-08
996,1.108505103061837,0.4582170061642465,6.298277580660549e-08
996,1.1104262557534519,0.7131151315897422,3.162720382033597e-07
996,1.1123474084450669,0.6308291001870545,7.468645240046207e-08
996,1.1142685611366818,0.2882484139928954,5.25165086233876e-08
996,1.1161897138282968,0.635445728249268,9.646743051960361e-08
996,1.1181108665199118,0.49376299430812937,2.076745882955241e-07
996,1.1200320192115267,0.3271733319280513,3.607518900561466e-08
996,1.1219531719031417,0.22433074211263562,1.807609734053352e-07
996,1.1238743245947567,0.705144747716184,3.413933706273633e-08
996,1.1257954772863716,0.8614602336532888,1.670829149213831e-07
996,1.1277166299779866,0.634162204571378,7.964291817404567e-08
996,1.1296377826696016,1.0686367927504505,9.056216721228958e-08
996,1.1315589353612165,0.7673171996547407,3.105828920658467e-08
996,1.1334800880528315,0.8766272128410433,2.642470754718726e-08
996,1.1354012407444465,1.2871125209087209,8.526261571380261e-08
996,1.1373223934360615,1.181063271162519,2.8093586156405944e-08
996,1.1392435461276764,1.8182035536113843,2.810688198769114e-07
996,1.1411646988192914,3.2959675187578545,9.948262939058846e-08
996,1.1430858515109064,4.14943161106725,1.9900118236851605e-07
996,1.1450070042025213,2.5238624302375388,8.49310566276879e-08
996,1.1469281568941363,1.543087513105214,8.341095222676722e-09
996,1.1488493095857513,1.03623856828516,9.135183629451266e-08
996,1.1507704622773662,0.7451601281273564,8.141635221774544e-08
996,1.1526916149689812,0.43941107854174644,2.0751369014523988e-08
996,1.1546127676605962,0.8023866065502344,2.9357517910107886e-08
996,1.1565339203522111,0.8887421723535256,2.2076626084471618e-08
996,1.1584550730438261,0.2938355181226069,1.8729506131485175e-07
996,1.160376225735441,0.6464268962688161,1.0753484831860647e-08
996,1.162297378427056,0.14482269737729256,1.0052723439901248e-07
996,1.164218531118671,0.15022571259230033,6.963476573187835e-08
996,1.166139683810286,0.19891207237990546,1.1502958439670525e-07
996,1.168060836501901,0.08172621290541025,3.10292863838304e-08
996,1.169981989193516,0.47527901795803795,8.885064726526861e-08
996,1.171903141885131,0.22267259785314086,2.3612429604254148e-08
996,1.1738242945767459,0.41127227777990616,2.0749278028616758e-07
996,1.1757454472683608,0.41188881317689424,2.0357619165995462e-08
996,1.1776665999599758,0.28722832654403324,1.5142343930131e-07
996,1.1795877526515908,0.2905321143670033,1.5961635652481977e-08
996,1.1815089053432057,0.17193782097974425,1.05636104199139e-07
996,1.1834300580348207,0.3894877122202796,5.7571336560017747e-08
996,1.1853512107264357,0.4514914938493265,8.383234102617755e-09
996,1.1872723634180506,0.8105956560032893,5.684275168591627e-08
996,1.1891935161096656,0.345273523947119,3.859182798175006e-08
996,1.1911146688012806,0.5278525069551765,3.12271019748258e-08
996,1.1930358214928956,0.41007429788574273,1.1984451585135463e-08
996,1.1949569741845105,0.238304822134748,3.485946686798107e-08
996,1.1968781268761255,0.3334146210564552,2.2554121745523533e-08
996,1.1987992795677405,0.7197183105342453,1.5985631355825955e-08
996,1.2007204322593554,0.35271517106468736,3.149607140085261e-07
996,1.2026415849509704,0.4128096374504756,7.530702931665743e-08
996,1.2045627376425854,0.2830784852536105,6.329911121445368e-08
996,1.2064838903342003,1.2833764505361465,1.0358167398307193e-07
996,1.2084050430258153,2.490862259831602,1.742932844670825e-07
996,1.2103261957174303,0.32602304194415777,2.520547193666891e-08
996,1.2122473484090452,3.598728737649059,9.36069092575012e-08
996,1.2141685011006602,3.1962487322724407,4.5248121198435153e-07
996,1.2160896537922752,0.5997353996421696,1.2368309864378886e-09
996,1.2180108064838902,1.4283451538692553,2.3670131605363927e-07
996,1.2199319591755051,1.773456584260034,1.1597245312330965e-08
996,1.22185311186712,0.9671979809624511,1.8729484133362e-08
996,1.223774264558735,1.1474834180314253,1.527540920581474e-07
996,1.22569541725035,0.713919168022802,1.4677243983106637e-07
996,1.227616569941965,0.6093775045850782,9.91344711783947e-08
996,1.22953772263358,0.40278251101740753,5.9291678495171116e-08
996,1.231458875325195,0.5716939607933815,1.2396144968909502e-07
996,1.23338002801681,0.4453551785832703,3.04107866486189e-08
996,1.2353011807084249,0.17502683948378994,1.0217348794790593e-07
996,1.2372223334000398,0.3620894116708732,1.7685833514274547e-07
996,1.2391434860916548,0.1780388023354082,1.4881072777426256e-07
996,1.2410646387832698,0.36725578843031087,1.1501468473713899e-07
996,1.2429857914748847,0.4843392176345826,3.595534384189513e-08
996,1.2449069441664997,0.4107457777842076,1.8151838959027834e-07
996,1.2468280968581147,0.6013013892208673,5.952396115019372e-10
996,1.2487492495497297,0.16851695190387736,1.4298715193060413e-08
996,1.2506704022413446,0.38848145215641494,1.1376336689139189e-07
996,1.2525915549329596,0.4476615577756434,2.1935703015605926e-07
996,1.2545127076245746,0.3902520497103238,1.6333716052458e-07
996,1.2564338603161895,0.14177545698699015,1.6538947656179143e-07
996,1.2583550130078045,0.23048057822979176,8.931348094723371e-09
996,1.2602761656994195,0.5111642142574604,6.693641194646546e-08
996,1.2621973183910344,0.13686600542760818,4.319172238769321e-08
996,1.2641184710826494,0.12453158033750165,1.467830089618853e-07
996,1.2660396237742644,0.5427818209295459,5.4238848676823647e-08
996,1.2679607764658793,0.5880323580339443,1.1255116824106008e-07
996,1.2698819291574943,0.3607604181658269,3.504425989232743e-08
996,1.2718030818491093,0.7526502379473747,3.7228596174114894e-08
996,1.2737242345407243,0.3937579096428609,4.78185630503438e-07
996,1.2756453872323392,0.6391174107629835,8.858129496280518e-09
996,1.2775665399239542,1.163940868713132,2.8667597388504495e-07
996,1.2794876926155692,1.0542878299502474,3.4679510066722896e-08
996,1.2814088453071841,0.834487745535667,4.505731380636663e-08
996,1.283329997998799,1.0779582186528553,1.4980515801664256e-08
996,1.285251150690414,2.819780118914073,4.1001117575254444e-07
996,1.287172303382029,3.412551691572586,3.701136703256603e-07
996,1.289093456073644,1.2270038388962505,3.773388147743035e-08
996,1.291014608765259,0.6752727526634964,1.6567573159069493e-07
996,1.292935761456874,0.8994728864397534,1.4597448985572052e-08
996,1.294856914148489,0.5416683062578922,2.0007700932018033e-08
996,1.2967780668401039,0.946221278854409,3.258421151773258e-09
996,1.2986992195317189,0.7143602044983507,1.4785184214021146e-07
996,1.3006203722233338,0.41235165979158184,2.48940852312776e-07
996,1.3025415249149488,0.2873298221724257,1.5704336885251425e-08
996,1.3044626776065638,0.20320529448458452,6.1708314006994e-09
996,1.3063838302981787,0.10441719626095887,6.116760856890469e-09
996,1.3083049829897937,0.42279597048506745,1.1361853862626086e-07
996,1.3102261356814087,0.42588002295604305,3.837584995369214e-08
996,1.3121472883730236,0.12171927328920025,1.973106449232487e-10
996,1.3140684410646386,0.3066475987703154,4.8354897931842474e-08
996,1.3159895937562536,0.0274909414656997,2.427980299238745e-07
996,1.3179107464478685,0.18852250682138774,6.999977063117725e-08
996,1.3198318991394835,0.5512636563433392,3.1721721491457646e-08
996,1.3217530518310985,0.23553400235025362,1.1133957118667142e-07
996,1.3236742045227134,0.34644927197760933,4.6667735243307954e-08
996,1.3255953572143284,0.5602175846261432,2.3886871001785224e-08
996,1.3275165099059434,0.7643847042605152,2.65284801715986e-08
996,1.3294376625975584,0.5125800305677558,1.7975482229283245e-07
996,1.3313588152891733,0.6285565960262467,5.62126065495004e-08
996,1.3332799679807883,0.33932345435584793,8.811429306441743e-08
996,1.3352011206724033,0.09724819029666495,6.723948479768088e-08
996,1.3371222733640182,0.39965987579362383,3.681643839492461e-08
996,1.3390434260556332,0.7414785472694032,1.7774920739508427e-07
996,1.3409645787472482,0.33079744954511275,4.658216348744788e-08
996,1.3428857314388631,0.1814256718155261,7.128376457194208e-10
996,1.344806884130478,0.8166111239635769,6.017373975432191e-08
996,1.346728036822093,0.5585331451336799,1.5022028719033089e-09
996,1.348649189513708,1.6568257223441492,1.1531316279250262e-07
996,1.350570342205323,1.9195617215458147,2.6165279539023e-08
996,1.352491494896938,0.3631537204133769,5.1156690575493196e-08
996,1.354412647588553,1.7948899275665973,1.353394246463589e-07
996,1.356333800280168,2.6202295615151394,1.6410349349342487e-07
996,1.358254952971783,0.7209686224883993,7.713823664610701e-09
996,1.3601761056633979,1.9301269505442995,6.158979698387447e-09
996,1.3620972583550128,1.8090900082158297,4.270444471935495e-08
996,1.3640184110466278,0.5148064622619937,8.979170016874304e-08
996,1.3659395637382428,0.6383901920573208,1.016826607398424e-07
996,1.3678607164298577,0.7816071739803883,1.1783728901064208e-07
996,1.3697818691214727,0.49500889225537936,5.8768082308360174e-08
996,1.3717030218130877,0.6118875762953621,1.556636999793107e-08
996,1.3736241745047026,0.4245733240609297,2.8769543835527827e-08
996,1.3755453271963176,0.28888172119167377,1.3716334358954546e-08
996,1.3774664798879326,0.44037778565812713,4.7869454583669846e-08
996,1.3793876325795476,0.1314961875625107,1.6551906580293068e-07
996,1.3813087852711625,0.3219651090653999,2.5062180293686143e-08
996,1.3832299379627775,0.3748879039109018,1.3338720916735713e-07
996,1.3851510906543925,0.10822826506629352,2.3285450504901802e-08
996,1.3870722433460074,0.5555324580389097,6.741282417343258e-08
996,1.3889933960376224,0.2559214471053429,2.2055559181534107e-08
996,1.3909145487292374,0.2316095580757514,2.199663060006432e-08
996,1.3928357014208523,0.2798714852189479,2.7371395870147885e-08
996,1.3947568541124673,0.1904835365736637,1.800881797403815e-07
996,1.3966780068040823,0.02674962798857364,4.459444646933784e-08
996,1.3985991594956972,0.17565903584927295,1.3351920498543706e-07
996,1.4005203121873122,0.4009684910703061,5.66950420636251e-09
996,1.4024414648789272,0.3460397058189518,1.8085975252858435e-08
996,1.4043626175705421,0.31233521193332653,9.957748223613221e-08
996,1.4062837702621571,0.30293858279325864,5.553637278942036e-09
996,1.408204922953772,0.5984853358461367,2.8745914109868194e-08
996,1.410126075645387,0.35070323150842536,5.038907088899101e-08
996,1.412047228337002,0.45962578355259337,1.5516741888137053e-08
996,1.413968381028617,0.5511517369818368,1.4571152047531874e-07
996,1.415889533720232,0.6999917356054158,7.895525428004172e-08
996,1.417810686411847,0.5596775788341993,1.4315537728892588e-07
996,1.419731839103462,0.6106981570972707,2.202995093719619e-07
996,1.4216529917950769,0.8088553553645637,1.5039687997799416e-08
996,1.4235741444866918,0.34208649773216643,3.006880597982221e-07
996,1.4254952971783068,0.2533475162908192,4.020258326037207e-08
996,1.4274164498699218,1.806125812182492,2.9350550244486066e-08
996,1.4293376025615367,3.490699959131653,6.437172989974349e-07
996,1.4312587552531517,0.5543012939957078,6.78356454166228e-09
996,1.4331799079447667,0.9172061125225829,1.027181596832117e-07
996,1.4351010606363817,0.8629088737588236,1.7906535393730856e-07
996,1.4370222133279966,0.7744988947195877,9.277058804413435e-08
996,1.4389433660196116,0.8641017103387792,2.145567572630675e-07
996,1.4408645187112266,0.6405188724474412,1.8196181048354855e-07
996,1.4427856714028415,0.12328357170031984,3.3357778828941973e-09
996,1.4447068240944565,0.3027872518908107,2.000322164417275e-07
996,1.4466279767860715,0.06053184022995199,6.014602379065511e-08
996,1.4485491294776864,0.27546600813724403,1.580732853107994e-08
996,1.4504702821693014,0.3289354976640916,1.938724538611919e-07
996,1.4523914348609164,0.5094544674178403,1.1571991122463422e-07
996,1.4543125875525313,0.21746216942363636,1.193088789202542e-08
996,1.4562337402441463,0.1745461694711178,4.5210740754741525e-08
996,1.4581548929357613,0.32968896680476295,8.029889898618562e-08
996,1.4600760456273763,0.1769275992990894,2.3927694051520616e-08
996,1.4619971983189912,0.2477499626482943,1.0636826436097178e-08
996,1.4639183510106062,0.17513634262747507,1.771696657435206e-07
996,1.4658395037022212,0.5081110043246191,3.5168702563982495e-08
996,1.4677606563938361,0.27616015976537317,1.2589590413043847e-07
996,1.469681809085451,0.7589576755976433,3.893877994118845e-07
996,1.471602961777066,0.4301694341848995,1.7183060194240182e-07
996,1.473524114468681,0.4203733492192416,1.3413647602914557e-07
996,1.475445267160296,0.2716839097890003,1.4465009673815676e-08
996,1.477366419851911,0.10442602173828684,1.0162561040903095e-07
996,1.479287572543526,0.4627391953448436,1.5169886444075491e-07
996,1.481208725235141,0.6340849193183362,2.653811156025834e-08
996,1.4831298779267559,0.22712961404477486,4.508028412155418e-08
996,1.4850510306183708,0.15488585558945528,1.250129502272781e-07
996,1.4869721833099858,0.7199407400352043,2.1713434498850944e-07
996,1.4888933360016008,0.4440147014279155,5.168459449338347e-08
996,1.4908144886932158,1.0427639825620243,2.251098014927113e-08
996,1.4927356413848307,0.9050066825289389,6.6672752874709925e-09
996,1.4946567940764457,1.1077144080495327,2.5024091974771192e-08
996,1.4965779467680607,1.0901479490190655,7.910375971737075e-09
996,1.4984990994596756,2.2602942458461976,5.885542117404707e-07
996,1.5004202521512906,0.9982004061237831,2.6978888534364046e-08
996,1.5023414048429056,1.9969140179399922,5.045137340902333e-08
996,1.5042625575345205,0.8080240498615417,5.31893281977002e-08
996,1.5061837102261355,0.3915524804523176,1.2146662555090698e-08
996,1.5081048629177505,0.9356421084796007,4.685564954066009e-09
996,1.5100260156093654,0.562837134156659,2.1480297394646758e-08
996,1.5119471683009804,0.51452199932872,2.26931321346026e-07
996,1.5138683209925954,0.12995706404976934,3.672154016728791e-08
996,1.5157894736842104,0.3424687298622104,5.5090895844367106e-08
996,1.5177106263758253,0.12445186286260262,6.23693207379438e-08
996,1.5196317790674403,0.36002862330553403,1.0394261135555664e-07
996,1.5215529317590553,0.3197138231621567,2.353243640189488e-07
996,1.5234740844506702,0.432194262220396,2.2871097157864004e-07
996,1.5253952371422852,0.37058828542211103,3.616274296716585e-08
996,1.5273163898339002,0.42691139631736363,4.694487006750096e-08
996,1.5292375425255151,0.1653731405254601,3.5062956423337766e-09
996,1.53115869521713,0.40788023478067087,4.4530644133168094e-08
996,1.533079847908745,0.25663718521500406,4.6427047532207516e-07
996,1.53500100060036,0.04302984749910068,1.5055242235187496e-07
996,1.536922153291975,0.3555863953193442,7.600117706898206e-08
996,1.53884330598359,0.16038008772952764,1.4268284242226106e-07
996,1.540764458675205,0.3338735390182096,2.526553822550449e-07
996,1.54268561136682,0.2825701015320528,2.8969628223722145e-08
996,1.544606764058435,0.20932385405443948,2.518406831712237e-08
996,1.5465279167500499,0.39591987254743954,2.3329365254901447e-07
996,1.5484490694416648,0.2881913904095211,9.5996365217663e-09
996,1.5503702221332798,0.19877158150930943,2.2758793576284366e-07
996,1.5522913748248948,0.2623885835464192,9.863699581105714e-08
996,1.5542125275165097,0.49537799235787466,1.9380204275614947e-08
996,1.5561336802081247,0.16448060311747112,2.2036508603394696e-07
996,1.5580548328997397,0.2736702248649209,2.8352504682557107e-07
996,1.5599759855913546,0.5778575970011978,1.509822520842764e-08
996,1.5618971382829696,0.5441331085203553,5.601942093440285e-08
996,1.5638182909745846,0.30847371662241196,8.240375133110769e-08
996,1.5657394436661995,0.730038075673769,1.196409709650134e-07
996,1.5676605963578145,0.9851443831806745,5.8734056522001715e-08
996,1.5695817490494295,1.1917285514603893,1.59874504308246e-07
996,1.5715029017410445,2.920622288069869,2.331131024641443e-07
996,1.5734240544326594,0.9761642360639832,1.2530793059946852e-07
996,1.5753452071242744,0.6572372140396465,6.262731754403814e-09
996,1.5772663598158894,0.9911382877317876,8.694438706291224e-08
996,1.5791875125075043,0.7473248711307118,7.744705335349086e-08
996,1.5811086651991193,0.8034163388313083,1.6977782226922939e-07
996,1.5830298178907343,0.21838502583998684,4.106827081867793e-08
996,1.5849509705823492,0.2644211374235634,1.2448584963907297e-08
996,1.5868721232739642,0.12364564489145603,1.0045554668071214e-08
996,1.5887932759655792,0.46829694840251823,1.9425879878019463e-08
996,1.5907144286571941,0.086452667425495,4.34332824408105e-08
996,1.5926355813488091,0.04425007874625914,1.052296121153004e-09
996,1.594556734040424,0.09877067223238208,7.602623012530035e-08
996,1.596477886732039,0.21586946630406056,2.4503617702325437e-08
996,1.598399039423654,0.4604543549064843,2.266991587318639e-07
996,1.600320192115269,0.4211976273533107,3.851126099987762e-08
996,1.602241344806884,0.06065991773479827,5.968793053301664e-08
996,1.604162497498499,0.32003760825929367,3.2382150626159345e-08
996,1.606083650190114,0.1374214070209748,3.988360037985361e-08
996,1.6080048028817289,0.2751830409137236,4.564421839823962e-10
996,1.6099259555733438,0.39017556977304757,3.225515356235993e-08
996,1.6118471082649588,0.403332690177508,7.889346311220276e-09
996,1.6137682609565738,0.17240648551858,1.2888395667054496e-08
996,1.6156894136481887,0.3241869546901484,1.2877713506668924e-07
996,1.6176105663398037,0.27482375940480425,4.2438772698750665e-08
996,1.6195317190314187,0.05698822558577841,4.9025744543625226e-08
996,1.6214528717230337,0.225414557576142,2.1472837529729816e-07
996,1.6233740244146486,0.275393163130711,6.536069898934448e-08
996,1.6252951771062636,0.21271576185630764,3.0980819574262614e-07
996,1.6272163297978786,0.21380490027857263,8.334892916309101e-08
996,1.6291374824894935,0.5580154921959073,9.936502010461862e-08
996,1.6310586351811085,0.2943815528209474,3.2291956225408915e-08
996,1.6329797878727235,0.9809603901458185,7.872587997941965e-08
996,1.6349009405643384,0.3779449704613011,2.3778614112774098e-07
996,1.6368220932559534,1.1925614355314391,1.7093218952782165e-07
996,1.6387432459475684,1.031809796798996,4.245726276355431e-08
996,1.6406643986391833,1.8347726778619113,8.826875453166265e-08
996,1.6425855513307983,1.4939426538475507,2.306983045500966e-08
996,1.6445067040224133,1.0763790338606432,8.861966252458778e-08
996,1.6464278567140282,0.7694219830029829,1.761301388088537e-07
996,1.6483490094056432,0.2700970832989539,1.6953435175039635e-07
996,1.6502701620972582,1.1607568039974472,3.595684695066974e-08
996,1.6521913147888732,0.5010226344370681,1.1527628229275041e-07
996,1.6541124674804881,0.4849674790264384,2.8944999924147474e-08
996,1.656033620172103,0.27828445126453666,1.934428723514922e-07
996,1.657954772863718,0.24547541015760171,1.2324378432758094e-07
996,1.659875925555333,0.11235470897994963,1.2329395437355082e-08
996,1.661797078246948,0.2646250430940001,7.161141084960438e-08
996,1.663718230938563,0.19471311560249827,2.666449987690642e-08
996,1.665639383630178,0.10388647687442716,8.395895095021028e-08
996,1.667560536321793,0.09693489163572154,7.089388445099193e-08
996,1.6694816890134079,0.3148266707350011,1.729777999518102e-07
996,1.6714028417050228,0.2328006615237813,1.9557722630665224e-07
996,1.6733239943966378,0.028666238044472495,8.791624987562664e-08
996,1.6752451470882528,0.29879453552067803,1.0207059440260386e-09
996,1.6771662997798678,0.4300385708623177,8.75058840910047e-08
996,1.6790874524714827,0.16026590184686249,1.3699669766468595e-08
996,1.6810086051630977,0.04357794193642225,9.22155616479865e-09
996,1.6829297578547127,0.18322975443567066,2.3332366889367671e-07
996,1.6848509105463276,0.060726383650004226,5.185262464414067e-08
996,1.6867720632379426,0.11320461265744229,2.7208724284397674e-07
996,1.6886932159295576,0.08050532607769158,1.087873790485131e-07
996,1.6906143686211725,0.26081450431565106,2.1941656166319663e-07
996,1.6925355213127875,0.3100283794292644,5.7366158145357474e-09
996,1.6944566740044025,0.11980250174132497,6.401542411656733e-08
996,1.6963778266960174,0.056523773253262743,3.2027762919343704e-08
996,1.6982989793876324,0.10176314763130201,5.12626810154077e-09
996,1.7002201320792474,0.48534227827355036,4.545864938618791e-09
996,1.7021412847708624,0.3626444139853169,4.260231521256091e-08
996,1.7040624374624773,0.20396178153196842,4.8066597030797446e-08
996,1.7059835901540923,0.11706039360427128,3.6208063123475887e-07
996,1.7079047428457073,0.702881855199592,3.011764542036459e-07
996,1.7098258955373222,0.939691261575323,1.1787597439177655e-07
996,1.7117470482289372,0.9440219042967603,9.161517907140198e-08
996,1.7136682009205522,1.9191626547004614,2.1101908297229782e-07
996,1.7155893536121671,1.9096355685054591,1.4812758285338814e-07
996,1.717510506303782,0.14214516375719508,5.3606723704748326e-08
996,1.719431658995397,0.9214332285989856,4.3424252922091455e-08
996,1.721352811687012,0.7891202039717361,2.408440617970464e-08
996,1.723273964378627,0.48563421270466794,2.5490631825437615e-08
996,1.725195117070242,0.5002609739713133,1.4686339979006522e-07
996,1.727116269761857,0.27730698779386387,6.717896277927262e-08
996,1.729037422453472,0.4942242349436303,3.1689841046550336e-07
996,1.7309585751450869,0.35720203761204594,2.0026723717443483e-07
996,1.7328797278367019,0.20445347632685137,5.9170601867181296e-08
996,1.7348008805283168,0.11346482089044628,3.9783593076306856e-08
996,1.7367220332199318,0.2997719441820129,6.042723269840127e-09
996,1.7386431859115468,0.17460638374957513,1.50891571003203e-08
996,1.7405643386031617,0.39352626907134813,2.4509243598972883e-08
996,1.7424854912947767,0.22812908031508491,5.220748827356656e-08
996,1.7444066439863917,0.12166243215259577,4.962876570129429e-08
996,1.7463277966780066,0.28130800507058423,7.069551942863216e-08
996,1.7482489493696216,0.39002113421284595,3.212036323507832e-08
996,1.7501701020612366,0.23415788990882483,1.4590358908655073e-07
996,1.7520912547528515,0.2968738536071696,5.8043319590487564e-08
996,1.7540124074444665,0.2502904969718992,1.9924200846680516e-07
996,1.7559335601360815,0.18617979810381977,5.3360376353496115e-08
996,1.7578547128276965,0.4085593268723487,7.92220724067275e-08
996,1.7597758655193114,0.15679869438280872,1.0270686293446042e-07
996,1.7616970182109264,0.09947251619445516,1.2138124857438849e-08
996,1.7636181709025414,0.4767109630034032,3.5429076999432826e-08
996,1.7655393235941563,0.041256227829677077,8.22987333427443e-09
996,1.7674604762857713,0.3215841509877032,3.0713790534567283e-07
996,1.7693816289773863,0.25787903357439995,1.0117344194810748e-07
996,1.7713027816690012,0.4175131162255237,7.033397054580032e-09
996,1.7732239343606162,0.41375600468186974,9.130056555441681e-08
996,1.7751450870522312,0.5493742524419892,1.3039987227402476e-07
996,1.7770662397438461,0.22802644363719546,8.205332532402488e-08
996,1.7789873924354611,0.8918698961516176,2.6077689857487936e-07
996,1.780908545127076,0.5781282631919474,3.823112498524139e-09
996,1.782829697818691,1.0970521323916218,1.3207183626289606e-07
996,1.784750850510306,1.396029090662325,1.5675000599568889e-07
996,1.786672003201921,0.43508141138115025,2.9131479100345047e-08
996,1.788593155893536,1.1767281029084211,2.5901576610930266e-07
996,1.790514308585151,0.3023572710790746,1.1399483388243551e-07
996,1.792435461276766,1.316739510368166,8.510748827131039e-08
996,1.7943566139683809,0.38881864999577065,1.2861920107151484e-07
996,1.7962777666599958,0.38691106964652944,8.805402208857667e-08
996,1.7981989193516108,0.09661484523811735,3.5948807157443915e-07
996,1.8001200720432258,0.24599902363527074,5.767911208431313e-08
996,1.8020412247348407,0.09082284068754645,4.870008679844654e-08
996,1.8039623774264557,0.4334964201737376,2.8489644545674948e-08
996,1.8058835301180707,0.00817287665731711,1.0891756703435247e-07
996,1.8078046828096856,0.11298222857072786,7.283773220561641e-08
996,1.8097258355013006,0.1339879475233189,1.6460469172571502e-08
996,1.8116469881929156,0.2917874221361829,2.7244943475775543e-08
996,1.8135681408845306,0.21373368076573682,4.203020759233706e-08
996,1.8154892935761455,0.15143749186338146,3.205494666890684e-08
996,1.8174104462677605,0.33835097280733595,8.054726317963708e-08
996,1.8193315989593755,0.14694475896012235,4.4293710752743655e-08
996,1.8212527516509904,0.27846870392061124,9.767071892354575e-08
996,1.8231739043426054,0.1644077450117755,4.093680940330435e-08
996,1.8250950570342204,0.27192564038547656,4.452643111975554e-08
996,1.8270162097258353,0.10714227322696038,2.6490879320706238e-08
996,1.8289373624174503,0.13057226367870586,2.651437389424672e-08
996,1.8308585151090653,0.15716467414047922,9.743783356557486e-08
996,1.8327796678006802,0.08904668235817664,3.6187791012611555e-08
996,1.8347008204922952,0.16438515795313818,2.517556949916787e-09
996,1.8366219731839102,0.15409483819416617,1.0477223273426964e-08
996,1.8385431258755252,0.2736936935783773,1.3363304501376863e-08
996,1.8404642785671401,0.2705251385709862,1.3120113694994634e-07
996,1.842385431258755,0.10581080716033768,8.978885326179413e-08
996,1.84430658395037,0.3430696302030481,8.414845492418494e-09
996,1.846227736641985,0.12132543472667284,4.656133740574123e-08
996,1.8481488893336,0.22601908558707834,2.5215765380356556e-07
996,1.850070042025215,0.2612782308854761,4.8113534465306585e-08
996,1.85199119471683,0.7572574815656514,2.1034548668152715e-08
996,1.853912347408445,0.16377092142075442,1.1833411443441942e-07
996,1.8558335001000599,0.7520531075926374,7.177591061080047e-07
996,1.8577546527916748,2.6568573887081994,2.2540471194620917e-08
996,1.8596758054832898,0.7581028924798388,5.958583622257924e-08
996,1.8615969581749048,0.5494270887619551,1.3322975398255724e-08
996,1.8635181108665198,0.40270449568752353,1.7911145077639404e-07
996,1.8654392635581347,0.38883531131133997,5.0789080616739404e-08
996,1.8673604162497497,0.039519553231112836,2.8007220636297127e-08
996,1.8692815689413647,0.2567501658838874,1.5785075804906893e-07
996,1.8712027216329796,0.37812126264066165,1.9121386983654976e-07
996,1.8731238743245946,0.23510068357261818,3.5000583095122013e-07
996,1.8750450270162096,0.1303900682433876,2.7355015836394006e-08
996,1.8769661797078245,0.05935439271791886,1.3630435307480843e-07
996,1.8788873323994395,0.3891880087734215,9.151153512085629e-08
996,1.8808084850910545,0.05019266212611818,5.061715556737391e-08
996,1.8827296377826694,0.13126865314650651,4.353726859933984e-08
996,1.8846507904742844,0.17208230491055945,3.436973525553867e-07
996,1.8865719431658994,0.0606647689466058,6.48960689545302e-08
996,1.8884930958575143,0.16037353034441681,1.1691670944669138e-07
996,1.8904142485491293,0.27298664165523767,1.9076151752473372e-08
996,1.8923354012407443,0.06769804157097227,4.060024523913719e-08
996,1.8942565539323593,0.23689633174576516,4.031834193201724e-08
996,1.8961777066239742,0.36747581570953247,5.928510795560332e-09
996,1.8980988593155892,0.017356735918017546,5.105358007622441e-08
996,1.9000200120072042,0.17309054366366422,1.11090346155066e-07
996,1.9019411646988191,0.10677325060251777,2.288694400936263e-07
996,1.903862317390434,0.23697292618412297,1.2156464034727568e-07
996,1.905783470082049,0.3564727021372391,8.995617664794037e-09
996,1.907704622773664,0.03197774808379617,1.9222772216701146e-07
996,1.909625775465279,0.3220411202562791,7.536310704116125e-08
996,1.911546928156894,0.3137560122811122,2.5346467018786272e-08
996,1.913468080848509,0.3752706010945675,2.7653213934185665e-07
996,1.915389233540124,0.23573880492539906,1.0963644521464478e-07
996,1.9173103862317389,0.34190012794162816,3.96810192252882e-08
996,1.9192315389233539,0.17541924313927307,1.5493962353613562e-08
996,1.9211526916149688,0.6000122012972935,3.841590896601297e-08
996,1.9230738443065838,0.40051339950690323,2.715249797568924e-08
996,1.9249949969981988,0.643036533484183,5.341203997027444e-08
996,1.9269161496898137,1.4235872495757242,4.155044415214289e-09
996,1.9288373023814287,0.5268521386527053,1.6427237801939787e-07
996,1.9307584550730437,1.7053311835657277,8.947477807695592e-08
996,1.9326796077646586,0.26916115084109266,7.479651712563919e-08
996,1.9346007604562736,0.8084671380250139,2.7729266869678736e-07
996,1.9365219131478886,0.18654958098460464,1.0239832173682397e-08
996,1.9384430658395035,0.23405867042616924,3.103112931911344e-08
996,1.9403642185311185,0.20952966942380008,5.8305146802213726e-08
996,1.9422853712227335,0.2753807243624098,1.1962786786037834e-08
996,1.9442065239143485,0.2997334503899346,1.0449775975423604e-08
996,1.9461276766059634,0.26059537086998213,2.2389490083547626e-07
996,1.9480488292975784,0.2413689059424674,5.105656779839763e-08
996,1.9499699819891934,0.21719147012854956,8.224845420330483e-09
996,1.9518911346808083,0.08489267959230168,1.162353284716107e-08
996,1.9538122873724233,0.22568155259648345,3.227871174559343e-08
996,1.9557334400640383,0.17304866975790906,2.1422860815267006e-08
996,1.9576545927556532,0.08434136790293748,2.2489129722729395e-07
996,1.9595757454472682,0.20038947385719388,1.5602840750659404e-07
996,1.9614968981388832,0.27805262943636033,6.961463453994506e-08
996,1.9634180508304981,0.26282128283083156,3.9894084927998855e-09
996,1.965339203522113,0.15948518427609523,2.496216618526682e-07
996,1.967260356213728,0.0970056267517162,9.766699091013656e-08
996,1.969181508905343,0.3801064325552375,2.15894584915816e-09
996,1.971102661596958,0.11429697428365351,1.1159384707672251e-07
996,1.973023814288573,0.1390956204993638,3.6420923289508626e-08
996,1.974944966980188,0.20328397383199762,2.7033164454889628e-08
996,1.976866119671803,0.2891262961246304,7.048535946535206e-08
996,1.978787272363418,0.06932758580642921,9.652508012359772e-08
996,1.9807084250550329,0.29078004890708575,2.232575361807778e-07
996,1.9826295777466478,0.21441897722099199,1.1042428626882926e-08
996,1.9845507304382628,0.11973767986976323,1.5692491041068716e-07
996,1.9864718831298778,0.2143108465692863,3.869379185169938e-09
996,1.9883930358214927,0.4617611169076037,4.2706596159699384e-08
996,1.9903141885131077,0.109512611625831,2.668002445157447e-08
996,1.9922353412047227,0.5817998713708928,7.173012321505422e-08
996,1.9941564938963376,0.8512887458190853,2.716934225032673e-07
996,1.9960776465879526,0.9793981165169143,3.6599622978799817e-09
996,1.9979987992795676,1.032796079148702,2.728570166893276e-07
996,1.9999199519711826,7.214688606896122,5.218080360412682e-07
996,2.0018411046627977,0.7025508645070045,3.720647868995711e-07
996,2.0037622573544125,0.7740458481253535,5.684410773926293e-07
996,2.0056834100460277,0.5666969699567722,6.293478781055946e-09
996,2.0076045627376424,0.3604531983832487,1.5461879936619074e-07
996,2.0095257154292576,0.19149587081389127,4.425959705486572e-08
996,2.0114468681208724,0.11965495421908182,1.798417816044944e-07
996,2.0133680208124876,0.3212152258088104,1.378288876486512e-08
996,2.0152891735041023,0.17199180025185443,1.1264127853263504e-07
996,2.0172103261957175,0.14821460426984348,4.2688215592450786e-08
996,2.0191314788873322,0.13008765293815372,5.6562338798824605e-08
996,2.0210526315789474,0.15969332331109368,6.624504165868315e-08
996,2.022973784270562,0.08565067689674062,2.9502865700915834e-10
996,2.0248949369621774,0.40359205164195266,6.152760409704791e-08
996,2.026816089653792,0.1810497541545122,4.593662041980897e-07
996,2.0287372423454073,0.44410951866047127,1.5887709410123722e-07
996,2.030658395037022,0.31867485648185306,8.128187795991026e-08
996,2.0325795477286372,0.18198678272375193,6.769842812941255e-08
996,2.034500700420252,0.14280796050840444,4.410914288251201e-08
996,2.036421853111867,0.11917405437761593,4.020197962226736e-07
996,2.038343005803482,0.11434546190014429,1.2751858618784658e-07
996,2.040264158495097,0.11046595475588142,4.2428678635385366e-08
996,2.042185311186712,0.15031565721843676,2.26034634223793e-08
996,2.044106463878327,0.5497057329467623,1.5327237857881244e-07
996,2.046027616569942,0.24592862494531037,4.9872727119005073e-08
996,2.047948769261557,0.12217877231199904,1.157766221971584e-07
996,2.0498699219531717,0.15527169141394156,1.5693025397834972e-08
996,2.051791074644787,0.27384156144669275,6.61498557965375e-08
996,2.0537122273364017,0.518984533549761,4.756864066335113e-08
996,2.055633380028017,0.4139288724636065,4.944494951271943e-08
996,2.0575545327196316,0.2670094511754638,2.504185695131748e-07
996,2.059475685411247,0.1822955269852244,4.851371439207877e-08
996,2.0613968381028616,0.3418856257157972,2.5265996995831517e-10
996,2.0633179907944768,0.24410082484976994,2.7520866523756664e-08
996,2.0652391434860915,0.7733219254146906,8.403311986411263e-08
996,2.0671602961777067,0.9081202051466774,3.0348922423363966e-08
996,2.0690814488693214,1.6895410861149829,5.512779935338123e-08
996,2.0710026015609366,0.7838459975703874,2.029618424677054e-07
996,2.0729237542525514,2.1083237670799795,1.8920464894531243e-07
996,2.0748449069441666,0.45560019398725515,1.2948986228837965e-07
996,2.0767660596357813,0.7104404684879853,9.459769610230428e-08
996,2.0786872123273965,0.5168207037998265,1.4868914101080094e-07
996,2.0806083650190113,0.534841985532459,5.533443117132184e-08
996,2.0825295177106264,0.6570965923633186,1.5728355030492932e-07
996,2.084450670402241,0.18169426682898412,1.5131830988377206e-07
996,2.0863718230938564,0.05294538912466513,3.609954558884802e-08
996,2.088292975785471,0.07612543273724971,4.889598491616502e-08
996,2.0902141284770863,0.40503882606411296,2.6337190783769024e-09
996,2.092135281168701,0.2489616099048842,1.515985249873619e-08
996,2.0940564338603163,0.44835381457538837,4.783006610665957e-08
996,2.095977586551931,0.09841038953613244,2.88975907608679e-07
996,2.097898739243546,0.2555280984533699,1.5762604381239487e-08
996,2.099819891935161,0.17003747413318232,2.4053334525930583e-08
996,2.101741044626776,0.27852731852110413,4.0641625698297724e-08
996,2.103662197318391,0.20404781326757548,5.93851724848636e-08
996,2.105583350010006,0.3377413435486032,1.8553855973662228e-07
996,2.107504502701621,0.3576227686549258,1.2894154519590594e-07
996,2.109425655393236,0.3185100570464159,8.461667629574589e-09
996,2.1113468080848508,0.23402656228639493,5.6395109403762045e-08
996,2.1132679607764655,0.2724152209324954,3.5320726168832503e-09
996,2.1151891134680807,0.12006885806111789,3.171774405632461e-07
996,2.1171102661596954,0.25611053368433984,1.4999496462442085e-08
996,2.1190314188513106,0.13698919600683435,4.272889838530717e-08
996,2.1209525715429254,0.19953470795131653,2.3618665140901046e-08
996,2.1228737242345406,0.1926349837596319,2.727018579568188e-09
996,2.1247948769261553,0.19703231977441274,1.1478332122167976e-07
996,2.1267160296177705,0.22047913410860132,2.9933967945727956e-07
996,2.1286371823093853,0.2820570336560371,6.282732482382695e-08
996,2.1305583350010004,0.09729327503092942,3.545620537013864e-07
996,2.132479487692615,0.33752197568684855,8.356519094313577e-08
996,2.1344006403842304,0.0839842979190248,2.1707402004511873e-09
996,2.136321793075845,0.488413291732364,1.9801982612313577e-07
996,2.1382429457674603,0.4246060405929126,2.968976193165689e-09
996,2.140164098459075,0.7181253786931944,2.8973546430343485e-07
996,2.1420852511506903,2.464043382397427,5.981606884736155e-08
996,2.144006403842305,0.7528254123292958,3.612046276738457e-07
996,2.14592755653392,0.5198063004257615,1.1485716395743885e-07
996,2.147848709225535,1.0430679280690793,9.225640291319087e-09
996,2.14976986191715,0.37351428075229987,3.3454085100591436e-08
996,2.151691014608765,0.11176959789248814,5.0101066742714217e-08
996,2.15361216730038,0.1948011561509351,2.2824609175289355e-07
996,2.155533319991995,0.47628464340910237,3.682291552250619e-08
996,2.15745447268361,0.4440514299379589,3.8087003579318245e-08
996,2.1593756253752248,0.11455363642589853,1.3161813045154367e-08
996,2.16129677806684,0.16302738204803616,3.539977199495535e-08
996,2.1632179307584547,0.06700395527322295,2.5538006094376972e-08
996,2.16513908345007,0.08737859381337633,8.615210977136041e-08
996,2.1670602361416846,0.3315629652765988,2.3744184277851015e-07
996,2.1689813888333,0.046936767040139056,1.0700706818370846e-07
996,2.1709025415249146,0.1263835834331657,6.399231534595042e-08
996,2.1728236942165298,0.21472937360881056,3.641895848510685e-08
996,2.1747448469081445,0.3639706845369765,2.6362561304590067e-07
996,2.1766659995997597,0.30489039954188335,1.7494509910644012e-07
996,2.1785871522913745,0.17258163356726755,3.227845709577176e-08
996,2.1805083049829896,0.11899131602638942,9.309554720233646e-08
996,2.1824294576746044,0.2846720221061715,9.464294461204096e-08
996,2.1843506103662196,0.09064661685317987,1.0471777281929797e-07
996,2.1862717630578343,0.38301156985835527,2.6715532975172147e-08
996,2.1881929157494495,0.0964453850311361,1.0431550407305149e-07
996,2.1901140684410643,0.1039164936304447,7.529351554448514e-09
996,2.1920352211326795,0.2612047821454924,2.5388695991566584e-07
996,2.193956373824294,0.16336408517173742,5.412781415483485e-08
996,2.1958775265159094,0.22586866545547138,9.551320044608655e-08
996,2.197798679207524,0.2944889673835645,8.846411300322408e-08
996,2.1997198318991393,0.44126354268525714,1.430945147239107e-07
996,2.201640984590754,0.16271441749853105,2.586794857557213e-07
996,2.2035621372823693,0.32863645449507817,1.9411029769508813e-08
996,2.205483289973984,0.2454900373150472,5.06604888766675e-08
996,2.207404442665599,0.9743357591841469,2.3224080021463615e-08
996,2.209325595357214,0.46302942705032785,1.0606022388765585e-08
996,2.211246748048829,0.9746637003464751,8.723471490347594e-08
996,2.213167900740444,0.29033443236961193,1.1249882688798385e-07
996,2.215089053432059,1.4897327110402285,5.942249875640303e-08
996,2.217010206123674,0.8173981507782272,1.8757254970952055e-07
996,2.218931358815289,0.5781586016185927,1.3080163640814816e-08
996,2.2208525115069038,0.8613632064473667,3.906606217279285e-07
996,2.222773664198519,0.11795748879252765,5.9111559773055533e-08
996,2.2246948168901337,0.4126933023736092,1.2594290081840666e-07
996,2.226615969581749,0.27239487751423913,1.3786422343923488e-08
996,2.2285371222733636,0.12377264873737699,6.441134613191498e-08
996,2.230458274964979,0.3704266124990099,7.371341328560028e-08
996,2.2323794276565936,0.10073314625300499,3.412405746936927e-08
996,2.2343005803482088,0.11916542255979479,1.485858358150333e-07
996,2.2362217330398235,0.223258049174107,1.1949148823254913e-08
996,2.2381428857314387,0.08663753880412911,1.251281692077912e-07
996,2.2400640384230535,0.24402496189218725,9.991167782944737e-08
996,2.2419851911146687,0.16091941916382418,8.413802645708436e-08
996,2.2439063438062834,0.0467014827659759,5.440077685760897e-09
996,2.2458274964978986,0.06738937739039769,2.6457800002515208e-08
996,2.2477486491895133,0.1378729147426125,8.744430170423608e-08
996,2.2496698018811285,0.07890348976305422,2.890682291054711e-07
996,2.2515909545727433,0.13200430430651744,8.947346385151888e-08
996,2.2535121072643585,0.1622011647679144,2.0682400754915174e-08
996,2.255433259955973,0.4817655091683592,9.910868407570476e-08
996,2.2573544126475884,0.15044506921796078,8.163370323124574e-09
996,2.259275565339203,0.307742022690242,8.944077328699648e-08
996,2.2611967180308183,0.1174940896481488,5.0159841143352583e-08
996,2.263117870722433,0.05925070659300651,1.1649312573903822e-07
996,2.2650390234140483,0.3328590162897563,1.3544824973528197e-08
996,2.266960176105663,0.27911849117235477,7.02512596598556e-08
996,2.268881328797278,0.18341178002623904,1.142550574950268e-07
996,2.270802481488893,0.2237309520292825,6.799249839702239e-08
996,2.272723634180508,0.08126855557761334,1.4557218735451248e-08
996,2.274644786872123,0.1832019212054295,1.3425187187879513e-07
996,2.276565939563738,0.12049862306422289,1.7320892725678497e-07
996,2.278487092255353,0.7836557236395045,7.088686384484711e-08
996,2.280408244946968,0.6399731903817307,5.4061477670766403e-08
996,2.282329397638583,0.5285585295623993,1.0911686610478384e-09
996,2.284250550330198,1.0692141354732256,8.970561553213371e-08
996,2.2861717030218127,1.137167724313029,1.3522611625399365e-07
996,2.288092855713428,0.816109285491739,2.0640294414377467e-07
996,2.2900140084050427,0.7800091691165295,1.5314304470957044e-08
996,2.291935161096658,0.39083430967436644,8.882575991177673e-09
996,2.2938563137882726,0.2368519836158017,1.1350907821127587e-07
996,2.295777466479888,0.0552986360133997,1.7381552903154577e-08
996,2.2976986191715025,0.4358210580857617,1.1002054662731801e-07
996,2.2996197718631177,0.3521290728548724,2.7622755663328197e-07
996,2.3015409245547325,0.14046392316763548,6.431625987404855e-08
996,2.3034620772463477,0.2149534876728433,4.5865499417926954e-08
996,2.3053832299379624,0.06851347988663013,2.3741163684040693e-08
996,2.3073043826295776,0.17425264986031064,4.0405306061707616e-08
996,2.3092255353211923,0.32811293876537145,3.5692651617322646e-08
996,2.3111466880128075,0.18010888523904459,1.0327086218699376e-07
996,2.3130678407044223,0.10241144265256558,1.4356018260418928e-07
996,2.3149889933960375,0.11315073163889793,1.0797040376948249e-07
996,2.3169101460876522,0.1845474317499021,2.576807947983599e-07
996,2.3188312987792674,0.16199737788881768,1.4424404789873985e-08
996,2.320752451470882,0.05747011190775633,4.4159479093619594e-10
996,2.3226736041624974,0.20409855035741287,6.289631059087988e-08
996,2.324594756854112,0.2372930246588616,3.992674987653751e-07
996,2.3265159095457273,0.13328939429405282,1.9963951468333064e-07
996,2.328437062237342,0.26502634296821126,6.939373337848542e-07
996,2.3303582149289572,0.043304224241049565,1.9079226629440869e-07
996,2.332279367620572,0.42854770264564507,2.2546354390055338e-07
996,2.334200520312187,0.19331575504730372,1.322991711951161e-07
996,2.336121673003802,0.028230798173966506,4.265071127148147e-08
996,2.338042825695417,0.222190604375445,3.7294839484792295e-08
996,2.339963978387032,0.39463120056705553,4.2273635266183265e-08
996,2.341885131078647,0.2402152265086352,2.4350646726221146e-09
996,2.343806283770262,0.3423491739515124,9.802389867397041e-08
996,2.345727436461877,0.2556938921859868,1.330578170396356e-07
996,2.3476485891534917,0.43556129067724636,4.872319411893635e-08
996,2.349569741845107,0.7167469129445608,4.685641155667849e-08
996,2.3514908945367217,0.3893985389917208,5.659638558057226e-08
996,2.353412047228337,0.4391971534443624,1.7434398190246148e-08
996,2.3553331999199516,0.6075692532523924,1.1305375895861428e-08
996,2.357254352611567,0.9814946539144329,1.262602893451294e-07
996,2.3591755053031815,0.8756316956515002,1.437579346375535e-07
996,2.3610966579947967,0.5425146359927282,8.646630344551779e-08
996,2.3630178106864115,0.9333554834336696,2.3332954033899636e-07
996,2.3649389633780267,0.16740545020970726,2.7605277176818946e-07
996,2.3668601160696414,0.5499319738105912,1.0127567672906295e-07
996,2.3687812687612566,0.21547300592877217,3.450788365942452e-08
996,2.3707024214528714,0.23128822666756146,9.145792395969838e-08
996,2.3726235741444865,0.2692581531871811,5.250728294091439e-08
996,2.3745447268361013,0.32172150622729107,6.535339225440568e-09
996,2.3764658795277165,0.15705577825948105,2.7389474114664424e-07
996,2.3783870322193312,0.04214256850121275,2.1792919209287565e-10
996,2.3803081849109464,0.2662488592974269,4.4966302693733355e-08
996,2.382229337602561,0.1301783595275848,3.71527918758024e-08
996,2.3841504902941764,0.17635773768957325,4.026042549080522e-07
996,2.386071642985791,0.2762982107608145,2.9170363084004867e-07
996,2.3879927956774063,0.2601479831959953,1.7414628909090414e-08
996,2.389913948369021,0.313733822726336,4.704076324323865e-08
996,2.3918351010606362,0.12195044189368251,1.1323791821042211e-07
996,2.393756253752251,0.05953790769824122,1.3881635277000894e-08
996,2.395677406443866,0.006764330093041163,1.353158374598583e-07
996,2.397598559135481,0.1914604798644494,1.68254310059822e-07
996,2.399519711827096,0.010398900836727395,8.147748405804558e-09
996,2.401440864518711,0.11402119899557575,9.536089005531843e-08
996,2.403362017210326,0.10376346454609517,7.024731017152934e-08
996,2.405283169901941,0.3292981127911514,1.9022609119156437e-07
996,2.407204322593556,0.2115656039331655,1.798195803886972e-09
996,2.4091254752851707,0.1652826875228482,7.867814465862021e-08
996,2.411046627976786,0.06297873731197465,2.6190246001369097e-08
996,2.4129677806684007,0.1672199536898683,1.850655235079021e-07
996,2.414888933360016,0.1092362584231786,5.8169467162730815e-08
996,2.4168100860516306,0.23601484919562044,4.64244477165164e-07
996,2.418731238743246,0.2982261051732026,1.4958933085936912e-07
996,2.4206523914348606,0.50157814683598,1.1776490047531131e-07
996,2.4225735441264757,0.2849742999702775,2.125170157059288e-08
996,2.4244946968180905,0.19946643084374427,4.4123439467430336e-08
996,2.4264158495097057,0.24159798796529383,4.6764977105434576e-08
996,2.4283370022013204,1.3519698178425557,1.921896802358743e-07
996,2.4302581548929356,1.0934803908347226,5.486992558868154e-08
996,2.4321793075845504,0.5551731679493218,5.085269661537324e-08
996,2.4341004602761656,0.18477459183969314,1.882300997586729e-08
996,2.4360216129677803,0.3841803769546504,2.2959865415486888e-08
996,2.4379427656593955,0.14222652036171338,4.4805826241912244e-07
996,2.4398639183510102,0.42136274054053496,8.414797609385082e-09
996,2.4417850710426254,0.3311697685905604,1.4845097578831567e-07
996,2.44370622373424,0.061944302940856344,2.6481941929005933e-08
996,2.4456273764258554,0.2159290792413452,9.748764508283325e-08
996,2.44754852911747,0.043425398340704434,1.3393822820482281e-08
996,2.4494696818090853,0.18771468691846763,2.1193196018277313e-08
996,2.4513908345007,0.28375969088622294,5.5799114310753617e-08
996,2.4533119871923152,0.32458241650290875,1.2817570685586092e-07
996,2.45523313988393,0.14723509610740784,5.032205265470756e-08
996,2.457154292575545,0.2610177879712998,5.470659379856071e-10
996,2.45907544526716,0.19342194723683695,1.100137501815212e-07
996,2.460996597958775,0.12612014191721418,2.3842051991898225e-08
996,2.46291775065039,0.16571051816954868,1.976520068865309e-08
996,2.464838903342005,0.23316766277013332,6.225408012234517e-08
996,2.46676005603362,0.11561013959328843,1.2937677382323916e-07
996,2.468681208725235,0.04568016689961297,7.599122846324296e-08
996,2.4706023614168497,0.12692565680554072,2.78979951083435e-08
996,2.472523514108465,0.07302126899632821,5.4755289935915786e-08
996,2.4744446668000797,0.2976581924172265,7.511188363567036e-08
996,2.476365819491695,0.10950536277014357,2.6705976555602517e-10
996,2.4782869721833096,0.16881075712933705,2.0248332735156285e-07
996,2.480208124874925,0.3318751568756878,5.5029259682654884e-08
996,2.4821292775665396,0.3233146153270074,2.812440927916863e-08
996,2.4840504302581548,0.16371787132362078,7.013924946930779e-09
996,2.4859715829497695,0.17329159106822034,1.58512643834996e-07
996,2.4878927356413847,0.277996028826762,1.1648594509415359e-07
996,2.4898138883329994,0.07947708089478354,1.014565453526682e-07
996,2.4917350410246146,0.41893357454885055,4.095844087291827e-08
996,2.4936561937162294,0.04418745942435546,9.975352107286689e-08
996,2.4955773464078446,0.6331195571648992,2.0589026216596237e-07
996,2.4974984990994593,0.6622681890388689,2.821415384976043e-07
996,2.4994196517910745,0.5292075821629908,2.221008613015575e-07
996,2.5013408044826893,0.8946629021648667,5.099534443008923e-08
996,2.5032619571743044,0.5859371066144737,2.887412943342449e-07
996,2.505183109865919,0.5972958477063872,4.440005370654447e-08
996,2.5071042625575344,0.45951686193497604,6.35432422670753e-08
996,2.509025415249149,0.1598332445343452,4.6459939644605795e-08
996,2.5109465679407643,0.13980467181163705,1.4742159532994424e-07
996,2.512867720632379,0.12999264745380007,1.4598655471229139e-07
996,2.5147888733239943,0.1276652350253855,3.988242071304158e-08
996,2.516710026015609,0.21251701850833823,2.385395120566145e-07
996,2.518631178707224,0.10228071902778507,8.038349728751638e-09
996,2.520552331398839,0.24359376246622588,2.6570278853602358e-08
996,2.522473484090454,0.10700394024660187,1.6858008999379453e-08
996,2.524394636782069,0.20142066224519217,1.1585982572888202e-07
996,2.526315789473684,0.07674842838638375,5.939635789826779e-09
996,2.528236942165299,0.15366118746626833,1.9562522009061646e-08
996,2.530158094856914,0.10007176686042411,4.1902029256338554e-07
996,2.5320792475485288,0.11437175455869865,1.7131583172534803e-07
996,2.534000400240144,0.09054766743240177,2.0529601842522356e-09
996,2.5359215529317587,0.18586731062814854,2.386661725264694e-08
996,2.537842705623374,0.16631808469958034,9.507383195845468e-08
996,2.5397638583149886,0.09862431164811618,9.98570744103429e-08
996,2.541685011006604,0.08871560852402287,1.106932999828157e-08
996,2.5436061636982186,0.08898877281619941,6.993749302028995e-08
996,2.5455273163898338,0.09214615222100397,5.007911205086322e-08
996,2.5474484690814485,0.17827583921061735,1.7541178410174832e-07
996,2.5493696217730637,0.1144405798289812,6.306777999719769e-08
996,2.5512907744646784,0.11960070366726482,1.1068127057792626e-08
996,2.5532119271562936,0.1231430787442663,2.580856258062731e-07
996,2.5551330798479084,0.10025957949821214,6.012786439153066e-08
996,2.5570542325395236,0.10708812985158414,8.300429939355478e-08
996,2.5589753852311383,0.3009197434714929,4.30316711227123e-08
996,2.5608965379227535,0.4437419406607094,1.9091118681528923e-08
996,2.5628176906143683,0.3710374398361491,1.4534578715782215e-07
996,2.5647388433059835,0.3195480255671101,4.251508770953356e-08
996,2.566659995997598,0.2693521348868825,8.835565258243242e-08
996,2.5685811486892134,0.24179734859837873,1.5860975732569437e-07
996,2.570502301380828,1.3993845632670159,1.9482623202534327e-07
996,2.5724234540724433,1.0018491021381606,5.65609036033897e-08
996,2.574344606764058,0.21861492798249166,6.436981702645379e-09
996,2.5762657594556733,0.13031028600600808,1.9610522350248695e-08
996,2.578186912147288,0.20629350426425572,1.1600177056467787e-07
996,2.580108064838903,0.24542254252216916,1.3539315614736098e-07
996,2.582029217530518,0.26372053377570864,1.2245874066668953e-07
996,2.583950370222133,0.1552205914357001,1.6607104454633033e-07
996,2.585871522913748,0.27378490480203216,7.983251861638824e-08
996,2.587792675605363,0.241188720951511,1.6495917542401846e-07
996,2.589713828296978,0.17251346950705612,4.4824849517876655e-09
996,2.591634980988593,0.24877562117199897,3.9769708114692686e-08
996,2.5935561336802078,0.12090701776059969,1.221167053301873e-08
996,2.595477286371823,0.08330958563508263,6.393724315564281e-08
996,2.5973984390634377,0.15773967672623193,6.635041683056368e-08
996,2.599319591755053,0.24808052875215686,1.2316175391677288e-07
996,2.6012407444466676,0.3832199806848018,1.403239207975583e-07
996,2.603161897138283,0.24917678665565277,1.7442394292245922e-07
996,2.6050830498298976,0.14657562600721022,1.2241881779828946e-08
996,2.6070042025215128,0.16347841486941517,1.0282478799035717e-07
996,2.6089253552131275,0.024040305714126235,3.7384111120316135e-07
996,2.6108465079047427,0.17782387188588314,4.043335656713126e-08
996,2.6127676605963575,0.1374381998050567,8.927519796572072e-08
996,2.6146888132879726,0.19336775136653547,5.477767439157771e-09
996,2.6166099659795874,0.1485196756805727,6.187928461529758e-08
996,2.6185311186712026,0.2365628822525148,3.089898455703958e-08
996,2.6204522713628173,0.07625628777245638,4.894719704066836e-08
996,2.6223734240544325,0.06975452823519296,5.4664516665819583e-08
996,2.6242945767460473,0.14955731153196516,8.18062830734296e-08
996,2.6262157294376625,0.3156064452980326,4.240615106593192e-08
996,2.628136882129277,0.19902371423492815,7.749082592205939e-09
996,2.6300580348208924,0.45278956350374894,4.928106845629881e-07
996,2.631979187512507,0.4395781623455244,3.8709448209549085e-08
996,2.6339003402041223,0.42015527031437516,4.275977265990596e-08
996,2.635821492895737,0.1177861563247717,1.2507151945022909e-07
996,2.6377426455873523,0.509511916719857,2.3792265285679918e-08
996,2.639663798278967,0.6319332637661074,7.194032235419626e-08
996,2.641584950970582,0.4259676070069158,1.9083926207612105e-07
996,2.643506103662197,1.0042544495523171,1.1494724573331593e-07
996,2.645427256353812,0.4248962049085293,3.856671792461097e-08
996,2.647348409045427,0.08208885652051452,5.969903544621847e-08
996,2.649269561737042,0.6151219753237487,3.991654206390165e-09
996,2.651190714428657,0.14458898717104757,3.5827757685226644e-07
996,2.653111867120272,0.052731989689885635,1.8838288694950677e-07
996,2.6550330198118868,0.09742763346797267,1.9642262323769873e-08
996,2.656954172503502,0.10268420838198801,6.716218365225217e-09
996,2.6588753251951167,0.149026244950008,1.6658739052223615e-08
996,2.660796477886732,0.16989223919263763,8.715774715659317e-08
996,2.6627176305783467,0.15170544408104006,1.2902207851483567e-07
996,2.664638783269962,0.12958955456406746,2.1278944074330557e-09
996,2.6665599359615766,0.1112201726177885,1.1720019234076726e-07
996,2.668481088653192,0.2806376813963894,1.7700058800281352e-08
996,2.6704022413448065,0.24856738318444982,1.376493935602e-07
996,2.6723233940364217,0.21068025513146119,9.71747183509673e-08
996,2.6742445467280365,0.05908222104440909,1.0319019603368021e-07
996,2.6761656994196517,0.17620589116742752,6.584017962871551e-08
996,2.6780868521112664,0.13273998534156187,1.652328456143621e-07
996,2.6800080048028816,0.06925820078893741,4.550555003603572e-08
996,2.6819291574944963,0.24306470272258726,2.734971084436858e-07
996,2.6838503101861115,0.08201184032110066,3.00201916450534e-08
996,2.6857714628777263,0.134563292229753,1.665729864548235e-07
996,2.6876926155693415,0.10615764262677051,8.09322992652441e-08
996,2.689613768260956,0.23219632741058624,3.72794449833472e-08
996,2.6915349209525714,0.1881599805804635,1.2433617990902792e-07
996,2.693456073644186,0.12508540801042412,1.7995402357613807e-07
996,2.6953772263358013,0.15352732317940473,2.7962289145009128e-08
996,2.697298379027416,0.07946949932928622,6.69980107552878e-09
996,2.6992195317190313,0.1651988597790731,4.3862231393352085e-08
996,2.701140684410646,0.24837651661820567,4.980016295919575e-08
996,2.7030618371022612,0.17928202776757593,5.600739615199738e-09
996,2.704982989793876,0.13943142793346516,5.447276041678601e-08
996,2.706904142485491,0.10496272439092612,3.2117228383949095e-07
996,2.708825295177106,0.19910956670603,8.72191469934866e-08
996,2.710746447868721,0.5703554189340186,1.1481304619344902e-07
996,2.712667600560336,0.7932394523537782,5.2736592494882685e-08
996,2.714588753251951,0.5839751979489769,2.799243133171853e-07
996,2.716509905943566,0.43391259230019447,2.2187840906538094e-07
996,2.718431058635181,0.32155391986839776,1.7530912240489392e-07
996,2.7203522113267957,0.28945278163692256,1.0188366144751512e-07
996,2.722273364018411,0.40046906144611594,1.0782695753417046e-07
996,2.7241945167100257,0.30176307400227015,8.52138978309482e-09
996,2.726115669401641,0.1342241513929638,4.522490000856495e-08
996,2.7280368220932556,0.1970144041163675,1.2979888789442914e-08
996,2.729957974784871,0.1074831535092718,3.833309673181667e-08
996,2.7318791274764855,0.1772176740548412,1.0751736638687262e-07
996,2.7338002801681007,0.06462042698946721,2.7063907702148038e-08
996,2.7357214328597155,0.0845212143332763,1.6671080082432778e-07
996,2.7376425855513307,0.21552818801375045,2.728005579871624e-09
996,2.7395637382429454,0.16752480966994815,2.2650829819250257e-08
996,2.7414848909345606,0.17690449259631102,1.42613588794812e-08
996,2.7434060436261754,0.3789018737596243,2.4919174453883773e-07
996,2.7453271963177905,0.19589360532166197,7.650277969676565e-08
996,2.7472483490094053,0.1677247062960617,5.524255325822953e-08
996,2.7491695017010205,0.2407398193565006,1.0604657904660812e-07
996,2.7510906543926352,0.05107323144265096,1.4228255064667507e-07
996,2.7530118070842504,0.19618722558821028,1.694845613416941e-08
996,2.754932959775865,0.059549673080269545,6.204060193069696e-08
996,2.7568541124674804,0.20692327263335275,3.4831879330374586e-07
996,2.758775265159095,0.12155308566031821,3.416170637300693e-07
996,2.7606964178507103,0.026531163320436767,1.6297028655430233e-08
996,2.762617570542325,0.0936108218229459,1.770118000308421e-07
996,2.7645387232339402,0.14846311313262825,1.1217167307653497e-07
996,2.766459875925555,0.09149499452339627,2.946374490902145e-07
996,2.76838102861717,0.25138977271289115,8.80183181039663e-08
996,2.770302181308785,0.1605113122281696,2.3523554772059044e-07
996,2.7722233340004,0.24123774975682882,3.851313915194712e-08
996,2.774144486692015,0.25073087419594886,2.744501023176379e-08
996,2.77606563938363,0.19921261907378315,7.254056347085138e-08
996,2.777986792075245,0.23371842771463022,5.7166612274547506e-08
996,2.77990794476686,0.48068296545231665,1.7561289709741146e-08
996,2.7818290974584747,0.5001599269878119,5.558959007136725e-08
996,2.78375025015009,0.2334723508583663,3.234749684283573e-08
996,2.7856714028417047,0.996469177999783,1.8118748274782032e-07
996,2.78759255553332,0.49397322725562187,1.6331795030218441e-07
996,2.7895137082249346,0.2647378282528599,1.194257142930978e-07
996,2.79143486091655,0.32174522700921576,2.0974876480374194e-07
996,2.7933560136081645,0.33175631341383993,2.6724659446654405e-07
996,2.7952771662997797,0.08100854093019844,7.091342394251954e-09
996,2.7971983189913945,0.0708928512131738,3.2374485416408466e-08
996,2.7991194716830097,0.19461030854215083,2.0489325378341454e-08
996,2.8010406243746244,0.14460077782575498,3.519345542403667e-08
996,2.8029617770662396,0.2188811847488895,7.257987587861007e-08
996,2.8048829297578544,0.06309026470701133,1.429902914907e-07
996,2.8068040824494696,0.1107590372205002,6.150081915462979e-08
996,2.8087252351410843,0.06313403506289829,7.765113340602171e-08
996,2.8106463878326995,0.11628464915538073,2.315217736774158e-07
996,2.8125675405243142,0.2290707811423677,1.1344148637650145e-07
996,2.8144886932159294,0.07067254553638228,1.3432542277238555e-09
996,2.816409845907544,0.041935341599470315,1.7983964673791828e-07
996,2.8183309985991594,0.0849833039440689,3.703626517440121e-08
996,2.820252151290774,0.21127429124639838,8.308807305633368e-08
996,2.8221733039823893,0.12968900684573145,9.151870021658954e-08
996,2.824094456674004,0.034910468881805205,2.3684367309629209e-07
996,2.8260156093656192,0.14744461839094264,1.432303893690927e-07
996,2.827936762057234,0.041747099467508826,9.855703544448345e-08
996,2.829857914748849,0.26635557859926096,8.30766764631297e-08
996,2.831779067440464,0.1514005817183346,1.5913623433849695e-07
996,2.833700220132079,0.14678600013609122,5.339589080041532e-08
996,2.835621372823694,0.05784553311401325,5.621174061493033e-08
996,2.837542525515309,0.10482167940671216,4.522688832060882e-08
996,2.839463678206924,0.06134495735086523,2.8773668499865423e-08
996,2.841384830898539,0.14023268099447178,2.1827601377303581e-07
996,2.8433059835901537,0.24606376028636393,3.974241615593059e-08
996,2.845227136281769,0.046379858852401395,2.470982287278775e-09
996,2.8471482889733837,0.15409197240426178,8.056183274531266e-09
996,2.849069441664999,0.12238192842266683,3.1685645115742744e-08
996,2.8509905943566136,0.2706601776826682,3.0020879136979555e-07
996,2.852911747048229,0.17586575555415365,2.1460249841975894e-08
996,2.8548328997398436,0.38100289755004924,3.741907777401367e-08
996,2.8567540524314587,0.5513165345675819,5.544626044347523e-08
996,2.8586752051230735,0.9478244578637317,3.407594026506701e-07
996,2.8605963578146887,0.12912346437806832,6.817512893820902e-08
996,2.8625175105063034,0.2763110642621058,7.468986242268543e-09
996,2.8644386631979186,0.386141921692594,2.6656908108213604e-09
996,2.8663598158895334,0.2862335977623344,1.2919523106211867e-07
996,2.8682809685811486,0.22997286489146856,1.993274356772976e-08
996,2.8702021212727633,0.2775824448631077,4.079476934967589e-07
996,2.8721232739643785,0.07895386230058063,2.7001304086877378e-09
996,2.8740444266559932,0.16063831382016658,1.1603169696043576e-07
996,2.8759655793476084,0.12194582031284823,7.741343763333019e-08
996,2.877886732039223,0.023094167070886157,4.090916083524676e-09
996,2.8798078847308384,0.17186240643139875,3.288235181125738e-08
996,2.881729037422453,0.18896479694054855,2.828107576186452e-07
996,2.8836501901140683,0.15873380077724542,4.506730747079824e-10
996,2.885571342805683,0.19393846676192392,4.0762676316141255e-09
996,2.8874924954972983,0.2953841916617688,1.614769707075455e-08
996,2.889413648188913,0.05661579949212133,1.7914640760076405e-07
996,2.891334800880528,0.10739377110687355,1.3944766811229124e-07
996,2.893255953572143,0.04491980917216299,1.081818125503159e-09
996,2.895177106263758,0.10365245820063815,9.575039245111533e-08
996,2.897098258955373,0.10274303231498158,1.4407631493787054e-08
996,2.899019411646988,0.3223490905136038,7.338220204030418e-08
996,2.900940564338603,0.13022487201699645,1.3585683213540202e-07
996,2.902861717030218,0.08455335351712057,1.4727125808238987e-07
996,2.9047828697218327,0.22526980946180777,2.1132211703545534e-08
996,2.906704022413448,0.16202260034576713,2.3583318633288798e-08
996,2.9086251751050627,0.0814403278729411,1.1399138817590869e-07
996,2.910546327796678,0.0640536544444886,9.018320937046868e-08
996,2.9124674804882926,0.15875710404556143,1.441448210467998e-07
996,2.914388633179908,0.10450702406823428,3.6326025227979985e-08
996,2.9163097858715226,0.24632268026035345,6.990524783894724e-09
996,2.9182309385631378,0.23296482664928572,1.568424587380436e-08
996,2.9201520912547525,0.36263630757557036,9.930302558965118e-08
996,2.9220732439463677,0.15293062377662242,1.7818304472647348e-07
996,2.9239943966379824,0.3088763675831589,3.235878473517946e-07
996,2.9259155493295976,0.1954043546856285,3.8943410021522675e-08
996,2.9278367020212124,0.8563428154927782,4.545604530018922e-08
996,2.9297578547128276,0.49241326528368523,7.679000262613944e-08
996,2.9316790074044423,0.4542065977819307,8.077126373255613e-08
996,2.9336001600960575,0.2872896104487815,1.0228608375165705e-07
996,2.9355213127876723,0.1360148251610706,2.1215474719313232e-07
996,2.9374424654792874,0.08906507370932258,1.2055445013547532e-07
996,2.939363618170902,0.07254810346829589,1.2307044493816646e-07
996,2.9412847708625174,0.0368725014506982,1.1692748651887853e-07
996,2.943205923554132,0.12721192610576948,1.6520601538648978e-07
996,2.9451270762457473,0.09617993095356371,6.943637045518623e-08
996,2.947048228937362,0.3157816287370383,1.211940839517085e-07
996,2.9489693816289773,0.17850990361604,6.463257511697685e-08
996,2.950890534320592,0.22440499723713192,8.637539183385264e-08
996,2.952811687012207,0.034208312936329394,3.7956633908140325e-08
996,2.954732839703822,0.10037155353846709,3.268980200527937e-07
996,2.956653992395437,0.15124331543157377,1.946830129410928e-07
996,2.958575145087052,0.10621330464874022,2.467973744194895e-08
996,2.960496297778667,0.16334974652676404,2.305869078806405e-09
996,2.962417450470282,0.05927787928388286,4.277315254261843e-08
996,2.964338603161897,0.18302626638214228,5.00131523964229e-08
996,2.9662597558535118,0.1547746895229579,2.6448407513941847e-08
996,2.968180908545127,0.27184846542504315,1.4989990103814253e-07
996,2.9701020612367417,0.020064024003394076,5.233237380411183e-08
996,2.972023213928357,0.22105687324652748,1.351519085672358e-08
996,2.9739443666199716,0.021418651043316743,1.1464831044563128e-07
996,2.975865519311587,0.14347466939967593,7.446402899026413e-08
996,2.9777866720032016,0.1265661517384332,5.7071682068275396e-08
996,2.9797078246948168,0.1660470247265471,2.542848383524407e-07
996,2.9816289773864315,0.13907271563988288,3.0225499214900142e-09
996,2.9835501300780467,0.09664201685505466,6.67110639976226e-09
996,2.9854712827696614,0.05897836591009401,5.0857739874756664e-08
996,2.9873924354612766,0.25544990671821394,6.963538415573777e-08
996,2.9893135881528914,0.23153545081970758,6.578732020305487e-08
996,2.9912347408445066,0.3182570975706764,1.860402830903332e-08
996,2.9931558935361213,0.477284285661771,2.638943356253269e-07
996,2.9950770462277365,0.3844536590314692,6.880365706425872e-08
996,2.9969981989193513,1.2147131472951087,1.2531621433482337e-08
996,2.9989193516109665,0.1462504174506311,2.8579131616878627e-07
996,3.000840504302581,0.40290134739373906,1.307107383232921e-07
996,3.0027616569941964,1.2745069436598744,1.193689926506346e-07
996,3.004682809685811,0.41831846668565065,1.9253549735742638e-07
996,3.0066039623774263,0.21476188363593895,1.2583250525817221e-08
996,3.008525115069041,0.31273736130452223,1.1476704681192616e-07
996,3.0104462677606563,0.08471573642437528,1.2561309899416232e-08
996,3.012367420452271,0.272029353226057,4.972797158424458e-08
996,3.014288573143886,0.17772422483400138,4.3980689372909496e-08
996,3.016209725835501,0.023193709503979844,1.673995013809989e-07
996,3.018130878527116,0.13149900321231012,1.0078385070383525e-07
996,3.020052031218731,0.048409961890714864,2.675765226801914e-08
996,3.021973183910346,0.2506295588474207,8.950130852330482e-08
996,3.023894336601961,0.027835659358741324,3.840277621284351e-07
996,3.025815489293576,0.3030236056571738,5.463519772929669e-08
996,3.0277366419851908,0.14835066930857935,3.913949521078477e-08
996,3.029657794676806,0.14209133718519623,2.2705220081281885e-08
996,3.0315789473684207,0.11075593967143216,1.5723199590616304e-07
996,3.033500100060036,0.2391662001191534,1.482865867937334e-07
996,3.0354212527516506,0.07799264899764621,1.691031110382509e-08
996,3.037342405443266,0.19305298951116212,2.8762283973198198e-08
996,3.0392635581348806,0.06127429901967865,7.185373527412946e-08
996,3.0411847108264958,0.18606339524796717,4.069319161763844e-07
996,3.0431058635181105,0.15137379346896662,2.181591315226978e-08
996,3.0450270162097257,0.19835644209540182,1.8911174745548347e-08
996,3.0469481689013405,0.21505430639641973,5.840924802764937e-08
996,3.0488693215929557,0.0847875397401134,8.580424155379556e-08
996,3.0507904742845704,0.07533449964124624,5.620619882229816e-09
996,3.0527116269761856,0.1390913444648955,2.7721380406573088e-08
996,3.0546327796678003,0.14596551771499644,2.286840894206803e-08
996,3.0565539323594155,0.22505997091181418,2.8321661045601082e-08
996,3.0584750850510303,0.1837512498800721,3.5174232328589626e-08
996,3.0603962377426455,0.21328609151374656,9.466822499581046e-08
996,3.06231739043426,0.2918774475158338,4.3539865881033536e-08
996,3.0642385431258754,0.12474919180796289,1.2541350442926864e-07
996,3.06615969581749,0.5184344747724349,2.2230012791294154e-08
996,3.0680808485091053,0.1578967266250125,7.860197710471712e-08
996,3.07000200120072,0.7889917439711679,8.954447117750379e-08
996,3.0719231538923353,0.3006600091966261,1.7395092758419392e-08
996,3.07384430658395,0.1023233536296663,1.1439445049454414e-09
996,3.075765459275565,0.13204844451598144,6.271110484830191e-08
996,3.07768661196718,0.30764040739675663,1.5742545957093918e-08
996,3.079607764658795,0.3510037988150662,3.9113597619778067e-08
996,3.08152891735041,0.2150113867886122,1.9478011016168038e-07
996,3.083450070042025,0.1540130944747481,7.469099627675264e-08
996,3.08537122273364,0.20548222605649144,5.858843158126442e-08
996,3.087292375425255,0.10069630940178603,2.938944496183662e-08
996,3.08921352811687,0.18919247883876564,2.61434324967147e-07
996,3.091134680808485,0.05282539796555119,1.2456389286991799e-07
996,3.0930558335000997,0.1350671184278929,2.1576646155992584e-08
996,3.094976986191715,0.1583529610599529,4.0541766649259454e-08
996,3.0968981388833297,0.03926983110481063,3.3381887098470633e-07
996,3.098819291574945,0.2316984135139773,2.2579328693468735e-07
996,3.1007404442665596,0.17694835698556535,6.339921043679085e-08
996,3.102661596958175,0.11747317178625236,1.7111911613493413e-07
996,3.1045827496497895,0.13158752883469435,6.184349085777261e-08
996,3.1065039023414047,0.2544703930342606,2.3244826314207383e-08
996,3.1084250550330195,0.030242617582056062,8.061463769120716e-08
996,3.1103462077246347,0.1235171840693412,5.205152734316985e-08
996,3.1122673604162494,0.031214733055486,1.472113692736829e-07
996,3.1141885131078646,0.028168160418851722,2.6815822733969768e-08
996,3.1161096657994793,0.05663783981226798,2.063360670507904e-07
996,3.1180308184910945,0.1775369585011186,5.2687458330974274e-08
996,3.1199519711827093,0.09305979082373862,5.806036899621142e-08
996,3.1218731238743245,0.12054810672032815,3.198289198168403e-08
996,3.123794276565939,0.03619889954596801,6.170035250394451e-08
996,3.1257154292575544,0.0656781983291505,1.6234846021140053e-08
996,3.127636581949169,0.11374311880496812,1.3656262216966815e-07
996,3.1295577346407843,0.0317674019058068,2.4355354156485465e-08
996,3.131478887332399,0.1633589166292492,1.6912603344830147e-08
996,3.1334000400240143,0.1889984294976872,2.1389023110725136e-09
996,3.135321192715629,0.17097378575997416,1.7140150160108153e-07
996,3.1372423454072442,0.11985701164544571,1.4813369372504283e-07
996,3.139163498098859,0.22286915546534733,2.994151361039416e-08
996,3.141084650790474,0.3674804306350475,1.895323719484616e-07
996,3.143005803482089,0.8263840911388055,8.765525174138447e-08
996,3.144926956173704,0.36904681621317925,1.7816245885936733e-07
996,3.146848108865319,0.1812602799671647,1.4759309064357844e-07
996,3.148769261556934,0.26341364351106766,2.2927385386140345e-08
996,3.150690414248549,0.2007819640459806,1.2231550986621792e-08
996,3.152611566940164,0.1448139069111263,3.3232407365123925e-08
996,3.1545327196317787,0.16945918697078174,3.4405729922723535e-07
996,3.156453872323394,0.21930878727894565,3.5899728804204337e-09
996,3.1583750250150087,0.2136209205668811,3.5524241046409073e-07
996,3.160296177706624,0.25767764538467264,4.718544342259142e-08
996,3.1622173303982386,0.08383467503400426,1.8940372955025395e-07
996,3.164138483089854,0.1704317618647657,5.578779566255835e-08
996,3.1660596357814685,0.048302526228141004,8.840087838005044e-08
996,3.1679807884730837,0.1146272967817854,6.357519695391448e-08
996,3.1699019411646985,0.016477786277690185,6.340246466959756e-10
996,3.1718230938563137,0.212941010156993,2.703464660814776e-08
996,3.1737442465479284,0.1250730255261631,3.380155300351919e-08
996,3.1756653992395436,0.3215465309579013,3.460197520941016e-08
996,3.1775865519311584,0.1693098035766198,7.889350403180008e-08
996,3.1795077046227735,0.13287652378096473,2.0380403702157262e-07
996,3.1814288573143883,0.2573272939737845,8.881644182503376e-08
996,3.1833500100060035,0.06359309100207479,4.0989461403532474e-08
996,3.1852711626976182,0.0910428518952743,1.2647879620352442e-07
996,3.1871923153892334,0.1547320832158396,1.7905487994923616e-08
996,3.189113468080848,0.1819283254599022,1.0740139057870057e-07
996,3.1910346207724634,0.04754977380146526,2.0806243609611976e-07
996,3.192955773464078,0.12115093250740692,1.5511172307332756e-07
996,3.1948769261556933,0.1416973473728177,2.9440504983719703e-07
996,3.196798078847308,0.1818773062005893,3.1516978653258647e-07
996,3.1987192315389232,0.0794363634321352,2.1811969169274502e-11
996,3.200640384230538,0.26103072673951383,3.1375342309857005e-08
996,3.202561536922153,0.06098629914818446,7.396866096971496e-07
996,3.204482689613768,0.1946061795300032,7.406679940569447e-09
996,3.206403842305383,0.5430702884707682,3.074578778726471e-08
996,3.208324994996998,0.3588136900487922,1.361597284794612e-08
996,3.210246147688613,0.21267532670504583,1.1416516002593174e-09
996,3.212167300380228,0.6141843893180952,3.553737830223474e-08
996,3.214088453071843,0.5244410082857799,9.817330034405044e-08
996,3.2160096057634577,0.21626345407671288,2.97200818997744e-07
996,3.217930758455073,0.24205723522167094,4.428418531329222e-08
996,3.2198519111466877,0.4143105067543239,6.77281927026206e-08
996,3.221773063838303,0.11998898654931318,8.994152199292614e-08
996,3.2236942165299176,0.07394716622177436,2.721152112307865e-07
996,3.225615369221533,0.08906472296132857,8.058591540632619e-08
996,3.2275365219131475,0.04309091973402219,4.6271785091488776e-08
996,3.2294576746047627,0.11014253485958884,1.594655129875171e-08
996,3.2313788272963775,0.18535956182765465,1.1866122872683274e-07
996,3.2332999799879927,0.10400025625300173,1.5124134774307478e-07
996,3.2352211326796074,0.09494966680578298,1.1492067318114537e-08
996,3.2371422853712226,0.08267069177912471,3.051098909663694e-08
996,3.2390634380628374,0.07824721013045255,1.6273173947013208e-08
996,3.2409845907544526,0.07889400881900314,2.6500858570650307e-08
996,3.2429057434460673,0.11908334138757702,9.265999260032156e-07
996,3.2448268961376825,0.05404638307514732,7.411069322277601e-08
996,3.2467480488292972,0.031231537481795905,3.880501375280419e-08
996,3.2486692015209124,0.19969013175905817,2.0421500206457834e-08
996,3.250590354212527,0.19562214423740604,1.23238509995938e-07
996,3.2525115069041424,0.06928356491474102,8.307084699771271e-08
996,3.254432659595757,0.05504092550945942,6.648604107140879e-09
996,3.2563538122873723,0.08985998291109697,1.991894400033018e-07
996,3.258274964978987,0.12754155024491987,9.626410192632273e-08
996,3.2601961176706022,0.3274882302704684,5.378154406200035e-09
996,3.262117270362217,0.06659369736532797,2.3211886598644997e-07
996,3.264038423053832,0.0934724696019588,1.630563546650405e-07
996,3.265959575745447,0.06598061104584282,3.67353817191173e-08
996,3.267880728437062,0.0835503393078132,2.016093794647413e-07
996,3.269801881128677,0.037917106393901,1.2976197844265565e-07
996,3.271723033820292,0.13299139627431886,6.592582023906413e-08
996,3.273644186511907,0.14028494730550012,1.680396896811911e-07
996,3.275565339203522,0.07551875526206407,2.7764074275837437e-08
996,3.2774864918951367,0.1932509735571205,6.705598268149157e-08
996,3.279407644586752,0.3002919775676661,5.4248661239225794e-08
996,3.2813287972783667,0.20939591993107268,2.050281717785675e-08
996,3.283249949969982,0.03924674858076915,5.615448748716755e-08
996,3.2851711026615966,0.545167299940967,3.4099346471919593e-07
996,3.287092255353212,0.4054031662383438,9.659575308820585e-09
996,3.2890134080448266,0.31868906495417787,1.9538787689892535e-08
996,3.2909345607364417,0.2142528447344286,3.501844075864476e-08
996,3.2928557134280565,0.24734633369965486,9.725440837032829e-08
996,3.2947768661196717,0.26977614651637016,9.614215281635376e-09
996,3.2966980188112864,0.20015566306103966,1.5201204461081518e-07
996,3.2986191715029016,0.15793712546486788,1.2530015934855862e-09
996,3.3005403241945164,0.1702053886725622,8.167521794738154e-09
996,3.3024614768861316,0.20473067722223118,5.9393203255946374e-08
996,3.3043826295777463,0.11846383974415928,1.3885606355989336e-07
996,3.3063037822693615,0.047615629809230085,1.3648702883069232e-08
996,3.3082249349609762,0.06455754056671413,7.931146954635802e-08
996,3.3101460876525914,0.1032534786875649,1.1330200496900049e-08
996,3.312067240344206,0.1495748637584583,6.571480758071585e-08
996,3.3139883930358214,0.26452345197899557,3.5473394658733906e-08
996,3.315909545727436,0.1688742851471821,7.817501053043298e-09
996,3.3178306984190513,0.045058879956463106,6.87119636797718e-08
996,3.319751851110666,0.21753040372872018,2.9481526564539174e-08
996,3.3216730038022813,0.09136971238273509,6.05371626768306e-08
996,3.323594156493896,0.12839134948737632,3.6843814077612255e-08
996,3.325515309185511,0.03190296018807494,5.470998153513493e-08
996,3.327436461877126,0.08322273259771062,5.264327868580623e-08
996,3.329357614568741,0.040853863722150434,1.4763236151491688e-07
996,3.331278767260356,0.10283752072160261,2.3311462165089848e-07
996,3.333199919951971,0.0905814754367909,2.4095334641467074e-09
996,3.335121072643586,0.20526367498508222,1.1181166413006595e-07
996,3.337042225335201,0.14868668513384364,1.9582322397370652e-07
996,3.3389633780268158,0.3346833021785679,1.1950182166407126e-07
996,3.340884530718431,0.13252011157288682,1.0823027569471844e-07
996,3.3428056834100457,0.037930361844726264,1.434371056934551e-07
996,3.344726836101661,0.12936484049702707,3.164421693616147e-07
996,3.3466479887932756,0.06610861293845678,1.6220648759847577e-09
996,3.348569141484891,0.26266245686847794,7.599985956379053e-08
996,3.3504902941765056,0.25429475768166104,1.1652564925917712e-07
996,3.3524114468681208,0.16559752058202526,1.5867935819959914e-08
996,3.3543325995597355,0.3521006824160781,1.6180266570081498e-07
996,3.3562537522513507,0.2699111946946457,1.4315446522383727e-09
996,3.3581749049429654,0.07919757343566967,1.0418843378849767e-07
996,3.3600960576345806,0.3136167441834922,2.5396548501373645e-08
996,3.3620172103261954,0.22703278284131076,1.1938086962108252e-07
996,3.3639383630178106,0.1730361391371632,1.1951272837243336e-07
996,3.3658595157094253,0.0570753461612477,2.6445490977602077e-08
996,3.3677806684010405,0.02044218472791417,8.949075647305213e-10
996,3.3697018210926553,0.13138469917697146,8.065905363616911e-08
996,3.3716229737842704,0.12949847878880236,1.2387233393640232e-08
996,3.373544126475885,0.10610200074752053,3.286987047853349e-08
996,3.3754652791675004,0.05665801577695221,1.9303875556450045e-07
996,3.377386431859115,0.15194670972411864,5.4640327562604816e-09
996,3.3793075845507303,0.07822619623351677,1.1442786381812864e-07
996,3.381228737242345,0.14227071825293355,3.855931843672229e-08
996,3.3831498899339603,0.23002350840043556,5.735481332298674e-08
996,3.385071042625575,0.2131563260794911,3.165488311323969e-08
996,3.38699219531719,0.09122923836773188,9.161850958468943e-08
996,3.388913348008805,0.13023670856864641,2.94606020041633e-08
996,3.39083450070042,0.09816929016661792,2.1331323958365683e-07
996,3.392755653392035,0.14658080017944666,3.7082215436816966e-07
996,3.39467680608365,0.11043085521522215,1.71026061562105e-08
996,3.396597958775265,0.06006101055624194,3.641816886143786e-08
996,3.39851911146688,0.10666426218786064,9.035789581164678e-08
996,3.4004402641584948,0.09022267857321763,2.4324430622173584e-08
996,3.40236141685011,0.1352404275228745,1.4155807078276654e-07
996,3.4042825695417247,0.1813167351149181,2.1819182579188197e-07
996,3.40620372223334,0.017365069728354044,2.087217403919957e-07
996,3.4081248749249546,0.10757357558757959,3.531337276417448e-08
996,3.41004602761657,0.015974320513352607,5.340950039924957e-08
996,3.4119671803081846,0.19630570581542775,3.818824312555144e-08
996,3.4138883329997998,0.11594694012308565,1.8843307975923737e-07
996,3.4158094856914145,0.058817556744258565,1.7457873005635835e-08
996,3.4177306383830297,0.13521473736770437,1.3382292680730069e-07
996,3.4196517910746445,0.17848027271325545,2.660019178056269e-08
996,3.4215729437662596,0.13871973094403675,1.1877198199879934e-07
996,3.4234940964578744,0.10803839561774592,3.483280197045681e-08
996,3.4254152491494896,0.15138290051381695,3.5808604233175733e-07
996,3.4273364018411043,0.2884405125220359,1.8602265225785076e-07
996,3.4292575545327195,0.5567521223290246,3.2320233273436975e-07
996,3.4311787072243343,0.2769876623175947,3.7692261297701526e-08
996,3.4330998599159495,0.03632566599499317,9.305584688644671e-08
996,3.435021012607564,0.3476378306679894,5.936682543384602e-08
996,3.4369421652991794,0.036011710196698035,2.6035523785110984e-07
996,3.438863317990794,0.27359682914177663,6.927678959990396e-08
996,3.4407844706824093,0.0867395110921162,4.2726206170505146e-08
996,3.442705623374024,0.04620297924601612,5.4117783355470163e-08
996,3.4446267760656393,0.03126520204108344,1.1838288691650625e-07
996,3.446547928757254,0.14483574692442278,7.328796465120454e-08
996,3.448469081448869,0.1138423296139653,1.1572961125192784e-08
996,3.450390234140484,0.2435570576298083,2.9550163786196844e-07
996,3.452311386832099,0.09927234743029852,2.088238881957294e-08
996,3.454232539523714,0.16913448707894796,2.0734612932986478e-08
996,3.456153692215329,0.11824641199701096,5.7847688353943665e-08
996,3.458074844906944,0.09446962062205667,2.8263282524561294e-07
996,3.459995997598559,0.12779807254436493,6.987318715079644e-08
996,3.4619171502901738,0.17571325927333023,5.5264443476334646e-08
996,3.463838302981789,0.12595479573239773,5.427241767175515e-08
996,3.4657594556734037,0.27067333058437343,3.7063834606065484e-07
996,3.467680608365019,0.1424085532812661,1.0644579915343286e-07
996,3.4696017610566336,0.08154645056283766,3.604758007800543e-08
996,3.471522913748249,0.18967540093557556,1.9059028806267926e-08
996,3.4734440664398636,0.08066521257297692,2.3506649528853033e-09
996,3.4753652191314788,0.09920575391504029,1.3423848972139211e-07
996,3.4772863718230935,0.06864106781838981,5.906998935137903e-08
996,3.4792075245147087,0.13660355203033384,8.446051262533158e-08
996,3.4811286772063235,0.20679020871191392,9.129245991788396e-08
996,3.4830498298979387,0.11381077819037914,1.465556134440961e-07
996,3.4849709825895534,0.07064919123719775,3.938400034230042e-09
996,3.4868921352811686,0.11078484879820465,2.4816261576547103e-08
996,3.4888132879727833,0.1264933595056437,3.018777207332873e-08
996,3.4907344406643985,0.15911903385763274,2.4612095616543883e-07
996,3.4926555933560133,0.2409298140485531,1.137634543123653e-07
996,3.4945767460476285,0.09833376589402765,1.036972174392242e-07
996,3.496497898739243,0.20904310163600165,4.147991616258043e-08
996,3.4984190514308584,0.5219780854669164,3.061932894302616e-07
996,3.500340204122473,0.1741046580073238,1.248077826518919e-07
996,3.5022613568140883,0.2370831392346737,5.98354007391637e-08
996,3.504182509505703,0.24136667051326385,7.069691119601451e-08
996,3.5061036621973183,0.24954389884182257,1.0641582014640238e-07
996,3.508024814888933,0.10153751752909294,3.7628780719921117e-07
996,3.509945967580548,0.04577920425896145,4.46334797465392e-08
996,3.511867120272163,0.03962776513068397,4.742560786644372e-08
996,3.513788272963778,0.1379831139477407,6.892605907701371e-10
996,3.515709425655393,0.13985212781128556,8.820606393004676e-08
996,3.517630578347008,0.13817820105066336,2.580368733607986e-08
996,3.519551731038623,0.03821498684814123,5.2874010934442404e-08
996,3.521472883730238,0.11676780625583628,1.0073701589284606e-07
996,3.523394036421853,0.029892815787038993,2.2552097031607577e-07
996,3.525315189113468,0.024974120168440136,4.183436031958899e-07
996,3.5272363418050827,0.13042298652487633,1.5579922943324104e-07
996,3.529157494496698,0.0711399881085387,1.6814709591186578e-07
996,3.5310786471883127,0.16952505341341467,8.560733209739396e-08
996,3.532999799879928,0.1713305208061102,7.323906993043195e-08
996,3.5349209525715426,0.07645696706748176,1.025330091568415e-07
996,3.536842105263158,0.04290092741742861,1.243230074347176e-07
996,3.5387632579547725,0.10633644801542788,1.0418967070902041e-08
996,3.5406844106463877,0.0915280758741465,1.2643603092559778e-07
996,3.5426055633380025,0.10859160425338653,8.587895008999688e-08
996,3.5445267160296177,0.12235281536290156,2.050857913436996e-08
996,3.5464478687212324,0.039778417257670756,3.492067647209573e-08
996,3.5483690214128476,0.07202845213591472,3.7763126766541015e-07
996,3.5502901741044623,0.11768031535811267,7.255155897842749e-09
996,3.5522113267960775,0.09952928740927738,4.469861585953799e-08
996,3.5541324794876923,0.1147050021349341,2.38423106810895e-08
996,3.5560536321793075,0.04660409113685365,4.118756388777926e-08
996,3.5579747848709222,0.1459015386616053,4.458901965185667e-08
996,3.5598959375625374,0.02343455707581801,1.7400398665383127e-08
996,3.561817090254152,0.17591644675653123,1.482769299088705e-07
996,3.5637382429457674,0.25144926177105903,2.5985475155325414e-08
996,3.565659395637382,0.06617658386798907,2.885605471743524e-07
996,3.5675805483289973,0.17793049599276317,2.3497073427950825e-08
996,3.569501701020612,0.25769229032242214,2.115765919759311e-08
996,3.5714228537122272,0.5642544509507821,2.758264338706696e-07
996,3.573344006403842,0.14496656375173037,1.5922439981685077e-07
996,3.575265159095457,0.2940131500506922,7.559752813890879e-08
996,3.577186311787072,0.22531010665179477,5.1822637284613864e-08
996,3.579107464478687,0.12713537676045325,6.513227910987919e-08
996,3.581028617170302,0.037285788669890366,1.1574262461515926e-08
996,3.582949769861917,0.09758949592346688,7.617407314692611e-08
996,3.584870922553532,0.03935556224319257,2.1202692581268594e-08
996,3.586792075245147,0.1817211388657527,6.348410412996083e-09
996,3.5887132279367617,0.157323624569722,6.410958351431153e-08
996,3.590634380628377,0.030533348695587537,7.23813440382049e-08
996,3.5925555333199917,0.10826686185575041,2.1909723337947524e-08
996,3.594476686011607,0.0818481234104163,2.1712955460509917e-07
996,3.5963978387032216,0.1377179107243954,2.1424457740923923e-07
996,3.598318991394837,0.07932399722935178,6.899212692093793e-08
996,3.6002401440864515,0.18116280346676178,3.36795545001427e-07
996,3.6021612967780667,0.07897227703965973,8.111166646592717e-08
996,3.6040824494696815,0.11626780185033547,9.520986568745534e-08
996,3.6060036021612967,0.06739530565272099,4.4384606653505464e-08
996,3.6079247548529114,0.10732971517315083,3.6642321004902506e-08
996,3.6098459075445266,0.04857396008807327,2.168186198655165e-07
996,3.6117670602361414,0.08613086100451374,3.2720634180587894e-07
996,3.6136882129277565,0.04350211005207487,1.1137860474841633e-07
996,3.6156093656193713,0.042036706409594796,5.981879359062165e-08
996,3.6175305183109865,0.17070578137930328,1.1214696653674879e-08
996,3.6194516710026012,0.132547733708108,2.703324319084896e-07
996,3.6213728236942164,0.1590650396873843,1.6908568103502782e-07
996,3.623293976385831,0.07869920128649002,3.295280330052078e-08
996,3.6252151290774464,0.1488336368459644,4.9047167448332235e-08
996,3.627136281769061,0.03299954309222184,1.1512802442957062e-07
996,3.6290574344606763,0.2091924399311117,1.254033146430412e-07
996,3.630978587152291,0.2193388972774901,2.5250444827924813e-07
996,3.6328997398439062,0.13649024105132854,1.097736133778294e-07
996,3.634820892535521,0.036208756703475786,9.852368224217127e-08
996,3.636742045227136,0.18934499145823178,1.9333668363292392e-07
996,3.638663197918751,0.12475001953740006,3.891813925957855e-08
996,3.640584350610366,0.3136483915858191,1.9386361366941363e-07
996,3.642505503301981,0.020964048686192293,1.2222814092723922e-07
996,3.644426655993596,0.25582597126839296,5.5416443256311293e-08
996,3.646347808685211,0.17186105547223512,7.246034700339304e-11
996,3.648268961376826,0.07900931925466584,1.807523083615738e-07
996,3.6501901140684407,0.06827239264082915,1.7625224894925194e-07
996,3.652111266760056,0.35125106318664506,3.845798002139712e-08
996,3.6540324194516707,0.04792875784626345,5.882914817283371e-09
996,3.655953572143286,0.13561024264484572,1.280746119665453e-07
996,3.6578747248349006,0.09731743791040808,2.2373202198426907e-08
996,3.659795877526516,0.09008196341354928,1.1590355930755102e-07
996,3.6617170302181306,0.08407330895080639,6.116325935035832e-08
996,3.6636381829097457,0.09789147760610503,4.83559523363328e-09
996,3.6655593356013605,0.11705175229533889,7.072532455340251e-08
996,3.6674804882929757,0.10900731748965008,1.2205767288181361e-08
996,3.6694016409845904,0.08670741112276435,4.936261559174354e-08
996,3.6713227936762056,0.07115022570195505,1.4974686035056393e-07
996,3.6732439463678204,0.002545430145439577,1.4458297303463104e-08
996,3.6751650990594356,0.0861178542775865,5.0473346772854284e-08
996,3.6770862517510503,0.017203511817067706,2.8703195994919174e-08
996,3.6790074044426655,0.10345426616793572,6.647585365943739e-08
996,3.6809285571342802,0.08672517965235474,1.402612922154037e-07
996,3.6828497098258954,0.18593537766388427,1.0363575221312442e-07
996,3.68477086251751,0.17423992129380084,2.3055601854315657e-08
996,3.6866920152091254,0.14099038651969673,1.9513482143095408e-07
996,3.68861316790074,0.07057692136839694,2.1173840926222527e-08
996,3.6905343205923553,0.08895606668982564,6.121886296516768e-08
996,3.69245547328397,0.08568062470810131,1.3305747225422745e-08
996,3.6943766259755852,0.08444900001421994,1.0879330217368292e-08
996,3.6962977786672,0.07713395836199308,3.1163562410028067e-07
996,3.698218931358815,0.07011139572517931,1.7413808485665655e-08
996,3.70014008405043,0.0651135546359294,4.074519234004185e-08
996,3.702061236742045,0.05962990389493686,1.7709584400455368e-07
996,3.70398238943366,0.10306861168834364,2.00902720484315e-08
996,3.705903542125275,0.1613893764809859,1.115165607246785e-07
996,3.70782469481689,0.06736576934350871,1.8738614583239794e-07
996,3.709745847508505,0.20485455381640388,1.281963798101333e-07
996,3.7116670002001197,0.07228934702051078,7.412838470973067e-08
996,3.713588152891735,0.46530947198123324,2.2675926744192315e-07
996,3.7155093055833497,0.27022637966491925,1.0397875515068362e-07
996,3.717430458274965,0.27760746623907545,1.2071500173438565e-07
996,3.7193516109665796,0.11366277241015343,2.0487612702745437e-08
996,3.721272763658195,0.10427937064157007,1.2393535451231413e-07
996,3.7231939163498096,0.03354580405880993,1.0207192012173932e-07
996,3.7251150690414248,0.07817568580381751,5.0572096614209526e-08
996,3.7270362217330395,0.17565714303194996,4.4347901432662323e-07
996,3.7289573744246547,0.04488035490318795,2.7383991731648692e-08
996,3.7308785271162694,0.10964942877583599,2.4871891720609777e-08
996,3.7327996798078846,0.0654942018557168,5.002927429259745e-09
996,3.7347208324994994,0.024772696770860258,2.5456759598366805e-08
996,3.7366419851911146,0.10465133169101326,9.8128897343506e-08
996,3.7385631378827293,0.13999785434088413,1.539132302735849e-08
996,3.7404842905743445,0.11430334911026556,1.8919765449321913e-08
996,3.7424054432659593,0.12909407002982856,1.4900442933157276e-07
996,3.7443265959575744,0.17480250873515896,1.3853112587518572e-07
996,3.746247748649189,0.11812196406432611,1.907261915117782e-07
996,3.7481689013408044,0.046952538813309755,4.2231594981423155e-08
996,3.750090054032419,0.12577971229639495,1.479095797546444e-07
996,3.7520112067240343,0.11396236852444667,1.8057203526721375e-07
996,3.753932359415649,0.059557763192482474,2.7113297420594612e-08
996,3.7558535121072643,0.13056464859903213,4.055594367387648e-08
996,3.757774664798879,0.026119714069234648,3.58195826096366e-07
996,3.759695817490494,0.06625810441595661,5.636095109807284e-08
996,3.761616970182109,0.16794414827144502,1.5851737993753876e-09
996,3.763538122873724,0.08049170573402623,4.216814598577977e-08
996,3.765459275565339,0.157085739589498,3.960150154601257e-08
996,3.767380428256954,0.2806834973373184,7.322439790186542e-08
996,3.769301580948569,0.08752526926224401,1.2283679894779375e-07
996,3.771222733640184,0.0985703635377856,1.0812341259189759e-07
996,3.7731438863317988,0.058481146791001436,1.6003958628682968e-07
996,3.775065039023414,0.2105567741871677,2.8225087443333975e-08
996,3.7769861917150287,0.20796609347605596,4.822674060199784e-07
996,3.778907344406644,0.08922405801626118,2.0523259373230104e-08
996,3.7808284970982586,0.17698535645085733,3.163003419774719e-08
996,3.782749649789874,0.24716456468489478,2.6738973395497597e-07
996,3.7846708024814886,0.18208279991315238,1.6606770338772188e-07
996,3.7865919551731038,0.30046109021713163,1.895496067245768e-07
996,3.7885131078647185,0.27002135141739003,1.7156935527745141e-09
996,3.7904342605563337,0.07702957779840403,2.375067556520335e-08
996,3.7923554132479484,0.16021275910714824,8.077589220347354e-08
996,3.7942765659395636,0.035416065762275205,7.504903417471552e-08
996,3.7961977186311784,0.13404314470489856,1.0043126352715415e-07
996,3.7981188713227936,0.12592889954574923,1.1024606331210685e-07
996,3.8000400240144083,0.1236235634513953,1.345950892843716e-07
996,3.8019611767060235,0.08274808940578918,1.148288127875577e-07
996,3.8038823293976383,0.015126167360338389,1.2759797225501788e-07
996,3.8058034820892535,0.04887730128080014,4.6870263478947014e-08
996,3.807724634780868,0.12693309134845046,2.242346760961963e-08
996,3.8096457874724834,0.17235232810271742,1.0745094270872965e-07
996,3.811566940164098,0.1738975721944392,8.621056010280865e-08
996,3.8134880928557133,0.06828391396988598,8.900734530039753e-08
996,3.815409245547328,0.21964260673011782,1.1688940988971598e-07
996,3.8173303982389433,0.12393060280567433,2.983017387894824e-08
996,3.819251550930558,0.18221147751351524,4.215010216486758e-08
996,3.821172703622173,0.0679198417940606,7.99495411873172e-09
996,3.823093856313788,0.08358491452514594,7.174895113444277e-08
996,3.825015009005403,0.08482313948393273,2.9676039443212573e-07
996,3.826936161697018,0.043105561105242336,1.0000570573275938e-07
996,3.828857314388633,0.1749075795607941,1.7436161783197196e-08
996,3.830778467080248,0.05082635029284637,3.3980264403061105e-07
996,3.832699619771863,0.08882533296097148,5.621929904972993e-08
996,3.8346207724634778,0.13635592881982767,1.994747421630258e-07
996,3.836541925155093,0.06465298943119098,1.5465316340019634e-07
996,3.8384630778467077,0.07602795715341823,4.873202922636517e-09
996,3.840384230538323,0.053737041594458246,3.2176800509391697e-07
996,3.8423053832299376,0.10214848814368753,9.087221816136328e-08
996,3.844226535921553,0.08849477648148031,2.0234700688976804e-08
996,3.8461476886131676,0.21447097292278505,2.8465199389956622e-08
996,3.8480688413047828,0.11728308770126035,1.328923029272339e-07
996,3.8499899939963975,0.013570285759940522,1.1278025719269236e-07
996,3.8519111466880127,0.03905548984468459,2.99225953256278e-08
996,3.8538322993796275,0.15116178891694418,7.184561808479402e-08
996,3.8557534520712426,0.23791542898117726,1.2739028249872505e-07
996,3.8576746047628574,0.45596121533147443,7.206905221929594e-08
996,3.8595957574544726,0.23594659825740796,1.510305552139393e-07
996,3.8615169101460873,0.1291367288982074,3.393032457357578e-08
996,3.8634380628377025,0.23551301084888474,9.819895006259622e-09
996,3.8653592155293173,0.09478183517950715,9.47952769091255e-08
996,3.8672803682209325,0.11770239535524751,3.278953386242273e-08
996,3.869201520912547,0.054224345628367795,2.4315963643901963e-07
996,3.8711226736041624,0.08010157786634713,1.5143424778780303e-07
996,3.873043826295777,0.15321511572031152,5.6025637991637335e-08
996,3.8749649789873923,0.14332411423488609,9.697964299948237e-08
996,3.876886131679007,0.08184305559260746,2.0716598686334806e-08
996,3.8788072843706223,0.05451816564184321,2.867552455194155e-07
996,3.880728437062237,0.07161620337691975,1.1883066554305052e-07
996,3.882649589753852,0.050797837864201244,9.142585850070783e-09
996,3.884570742445467,0.05331115803348074,4.610466432947294e-09
996,3.886491895137082,0.09117621269473362,8.271794373714448e-08
996,3.888413047828697,0.047041493850084506,1.1761105425272188e-07
996,3.890334200520312,0.05103154902334855,8.521869527165279e-08
996,3.892255353211927,0.2569193195857203,1.8492212823744034e-08
996,3.894176505903542,0.27148822982194726,5.1575792948950795e-08
996,3.8960976585951568,0.05695823582852096,9.182838937385323e-08
996,3.898018811286772,0.14452091557630997,9.50862526612101e-08
996,3.8999399639783867,0.11036407886918109,1.4529792524192287e-08
996,3.901861116670002,0.15865274624185335,1.0800487503250234e-07
996,3.9037822693616167,0.08898941988240093,1.1875501891684534e-07
996,3.905703422053232,0.15696394690221543,3.427095269205452e-08
996,3.9076245747448466,0.05183476469480687,1.3684195181377347e-07
996,3.909545727436462,0.025271056540792553,1.9175866074329794e-08
996,3.9114668801280765,0.08060879893132293,5.393221828831509e-08
996,3.9133880328196917,0.17965994424242107,3.9108156614013156e-08
996,3.9153091855113065,0.045910316531293384,3.7259490830259717e-07
996,3.9172303382029217,0.1108303416883757,2.6430110648062454e-08
996,3.9191514908945364,0.08771884614620663,1.983476188732917e-07
996,3.9210726435861516,0.11024611177802073,3.6772132006996142e-09
996,3.9229937962777663,0.1552826279654803,1.9276233663325948e-07
996,3.9249149489693815,0.14273633455098425,1.1482218703336158e-08
996,3.9268361016609963,0.10781780887957454,5.917396833687983e-08
996,3.9287572543526115,0.07047820673200283,6.397116023891109e-08
996,3.930678407044226,0.26153370682150073,3.099286943408137e-07
996,3.9325995597358414,0.1993841430068772,3.372916866378216e-08
996,3.934520712427456,0.12222775762803023,2.3348750291689318e-07
996,3.9364418651190713,0.11003834755066493,6.292298525800172e-08
996,3.938363017810686,0.04057169922360795,1.6615165898356385e-07
996,3.9402841705023013,0.19073549432287457,3.3691949618715807e-07
996,3.942205323193916,0.047626590930973926,1.122572800891273e-07
996,3.9441264758855312,0.07945960577105639,6.293469916140818e-08
996,3.946047628577146,0.07895726700005959,1.1308484543177035e-08
996,3.947968781268761,0.11375937655113946,6.120040635514847e-08
996,3.949889933960376,0.11050532178059969,1.512028820943242e-07
996,3.951811086651991,0.11810493876998428,5.28702860683313e-08
996,3.953732239343606,0.015161402345037645,1.562220455424161e-08
996,3.955653392035221,0.057584339456706865,6.442417940109274e-08
996,3.957574544726836,0.05203798722300352,2.2448231736696162e-07
996,3.959495697418451,0.013699136424866516,2.987452631667809e-08
996,3.9614168501100657,0.047764179284532256,5.322998502549233e-10
996,3.963338002801681,0.1935798396904031,6.623406059306999e-08
996,3.9652591554932957,0.041507262395084336,3.4675454548234713e-08
996,3.967180308184911,0.04944688533181694,9.670542958329459e-09
996,3.9691014608765256,0.014790423930462442,1.131738382626615e-08
996,3.971022613568141,0.01795498693383052,8.564701589406963e-08
996,3.9729437662597555,0.04250940508473863,6.818351580873688e-08
996,3.9748649189513707,0.050192829121952484,1.0856061342721423e-08
996,3.9767860716429855,0.10069544565301414,4.69527929268556e-09
996,3.9787072243346007,0.21935776821982522,7.504867540540771e-08
996,3.9806283770262154,0.12822970917374202,1.349100123803399e-07
996,3.9825495297178306,0.15522737036584078,6.290143899829125e-09
996,3.9844706824094454,0.055040408728121964,2.1183883592700487e-08
996,3.9863918351010605,0.051101572350870046,6.012592669337814e-08
996,3.9883129877926753,0.07791557305867146,4.4106986404880526e-08
996,3.9902341404842905,0.25607014248443394,1.4210441085564852e-08
996,3.9921552931759052,0.46092227612659986,2.2394823522005285e-08
996,3.9940764458675204,0.21188395413746872,7.433572147135676e-09
996,3.995997598559135,0.4496498804977965,1.083294004183267e-08
996,3.9979187512507504,0.37576318416898696,2.094680157304594e-08
996,3.999839903942365,1.3706933822236171,1.1799947537993124e-06
996,4.00176105663398,0.5234280568905801,1.0269472143182738e-07
996,4.0036822093255955,0.6181261960607144,1.278490557136722e-07
996,4.00560336201721,0.04609319962639183,1.1442351470062201e-07
996,4.007524514708825,0.28397792963350926,5.0148012696688726e-08
996,4.00944566740044,0.12111659445561511,3.4295009572260212e-09
996,4.011366820092055,0.023748428656037004,1.4013041637080185e-07
996,4.01328797278367,0.05252482079756016,1.0855367002726148e-07
996,4.015209125475285,0.12243454770534408,1.1111572192549495e-08
996,4.0171302781669,0.12239815025836075,1.8088946066073344e-08
996,4.019051430858515,0.0959098012825243,6.907645939187067e-08
996,4.0209725835501295,0.1473039645511345,4.4950163511796656e-09
996,4.022893736241745,0.2761926382643647,4.5062959090208984e-10
996,4.02481488893336,0.11315230702916353,4.13771038265481e-08
996,4.026736041624975,0.10204577759431896,1.0700022202417694e-09
996,4.028657194316589,0.165999976417324,2.615216339164041e-07
996,4.030578347008205,0.04969010722624058,6.339749165844631e-07
996,4.03249949969982,0.16186037325098382,2.0705093665631747e-07
996,4.034420652391435,0.23715415345857122,1.6745038454600802e-07
996,4.036341805083049,0.0783265224627299,1.56248385911396e-07
996,4.0382629577746645,0.08499442758652032,1.3005253681398282e-07
996,4.04018411046628,0.08939043606031491,8.67138240212148e-08
996,4.042105263157895,0.07906998331780322,1.5716962866531456e-08
996,4.044026415849509,0.21422611505838307,9.89280922897209e-08
996,4.045947568541124,0.3370419053718201,8.690019895390631e-10
996,4.0478687212327396,0.0741559793448481,6.279655487508448e-08
996,4.049789873924355,0.009735342882737981,2.0645808915213508e-08
996,4.051711026615969,0.04074594174897105,7.936725763027067e-08
996,4.053632179307584,0.12773615689629375,7.669344227531621e-08
996,4.055553331999199,0.19465769246180462,1.12562878275617e-07
996,4.057474484690815,0.11437134574588334,1.0591413606388682e-07
996,4.059395637382429,0.09251229300508272,3.0904014578951554e-08
996,4.061316790074044,0.08390079358339837,1.8510936179977249e-07
996,4.063237942765659,0.17612103456014752,1.617081662136109e-07
996,4.0651590954572745,0.10960185768579216,1.7635609196935588e-08
996,4.067080248148889,0.06824378761041013,4.377552051795703e-08
996,4.069001400840504,0.2747822583745409,9.491734866748758e-08
996,4.070922553532119,0.11466685574290163,9.005457585305526e-08
996,4.072843706223734,0.2078220529483334,1.54689619413267e-07
996,4.074764858915349,0.07334736237938967,5.2879657791133465e-08
996,4.076686011606964,0.07893343356374856,2.0860999244678755e-08
996,4.078607164298579,0.23491522561182063,3.642933726075707e-09
996,4.080528316990194,0.18453999166792495,1.237927323889405e-07
996,4.0824494696818086,0.08907001088627182,1.3806509977908542e-07
996,4.084370622373424,0.08479272754706497,2.8750695386100893e-08
996,4.086291775065039,0.0364824972725021,8.690980458495109e-08
996,4.088212927756654,0.17255179896290773,2.182759534200617e-07
996,4.090134080448268,0.05950644413026291,6.996431529830626e-08
996,4.092055233139884,0.09592588045331603,1.1784857265510703e-08
996,4.093976385831499,0.04263810172473858,1.9013328246827497e-08
996,4.095897538523114,0.022599171161092186,1.168173234658922e-07
996,4.097818691214728,0.07316740709900528,1.2274308992877346e-07
996,4.0997398439063435,0.19238570346146583,2.1096389960870814e-08
996,4.101660996597959,0.08855453402296488,1.2197911108391692e-07
996,4.103582149289574,0.09615019510347643,3.475980215273235e-08
996,4.105503301981188,0.10220025239419041,1.608403016763551e-07
996,4.107424454672803,0.0904643375284375,4.1264717148011297e-08
996,4.109345607364419,0.09789355342930608,6.19903570449902e-08
996,4.111266760056034,0.029888889562575613,2.512377457410336e-08
996,4.113187912747648,0.12978586088278993,1.1424475048861299e-07
996,4.115109065439263,0.08404057357100897,1.3442458456575407e-07
996,4.117030218130878,0.19853863274530859,7.501858065595665e-08
996,4.118951370822494,0.04816214679625633,7.688448143158747e-08
996,4.120872523514108,0.030554256322016304,2.5706935624355813e-07
996,4.122793676205723,0.07820374247918233,5.635019149307747e-08
996,4.124714828897338,0.0899203979464173,4.6859818925307896e-08
996,4.1266359815889535,0.08911888566511239,9.365595575380716e-08
996,4.128557134280568,0.152776430502571,6.034043319239973e-09
996,4.130478286972183,0.03237973883024882,2.240069315124942e-07
996,4.132399439663798,0.09345596856831556,1.961448770595457e-07
996,4.134320592355413,0.1781389618841238,1.4404422302533952e-08
996,4.136241745047028,0.05964151716976116,2.2728460404708495e-07
996,4.138162897738643,0.07127965674361947,5.39448522309839e-10
996,4.140084050430258,0.13846490243496545,3.90207930660555e-08
996,4.142005203121873,0.3396613745672837,1.7764753695868247e-07
996,4.143926355813488,0.1892687636349945,1.2892308206120536e-07
996,4.145847508505103,0.23554645966086582,3.6895482151836235e-07
996,4.147768661196718,0.027091522754615266,1.5976500000947444e-07
996,4.149689813888333,0.1273097687459743,8.777954371902137e-08
996,4.151610966579947,0.12063066057757259,5.519838484427046e-08
996,4.153532119271563,0.11161086854685491,3.3123872772607094e-09
996,4.155453271963178,0.23436191291949848,2.6022050342214664e-08
996,4.157374424654793,0.00915736822728749,1.6527486324230964e-07
996,4.159295577346407,0.07109194759119994,3.765462183894907e-07
996,4.1612167300380225,0.13891812316090335,3.121684346902554e-08
996,4.163137882729638,0.05503036372993141,3.4864980570392873e-09
996,4.165059035421253,0.10321252375185534,3.41708133370184e-08
996,4.166980188112867,0.15744616414285179,5.571046307469599e-08
996,4.168901340804482,0.13998183217557075,9.962292437276884e-08
996,4.170822493496098,0.1612291302300029,2.0874997921800242e-07
996,4.172743646187713,0.06998810136710283,1.3736905050095956e-08
996,4.174664798879327,0.21813165745408702,1.1493365356777202e-07
996,4.176585951570942,0.04008471826111866,2.892717027255914e-08
996,4.1785071042625574,0.09683733482035205,8.168937432853351e-08
996,4.180428256954173,0.057295737492689125,2.079243283373855e-07
996,4.182349409645787,0.26739974184088044,2.0903383029524181e-07
996,4.184270562337402,0.0727186937335357,2.0184077079501342e-07
996,4.186191715029017,0.21517297794711654,2.2492614150288867e-07
996,4.1881128677206325,0.149565846453881,2.0837420244936162e-07
996,4.190034020412247,0.06915482891747275,9.414000124834423e-09
996,4.191955173103862,0.023011746192851967,3.823730928220412e-08
996,4.193876325795477,0.04299762809114053,2.7562653135970514e-07
996,4.195797478487092,0.20343085696033844,1.6750193334780423e-07
996,4.197718631178707,0.010037151545691854,5.155638146083537e-08
996,4.199639783870322,0.07781869107477936,1.1052610627002954e-07
996,4.201560936561937,0.06666028058314745,2.07527138288148e-09
996,4.203482089253552,0.11345227338679939,2.223468473281189e-07
996,4.205403241945167,0.13893738592800484,1.41020978744746e-07
996,4.207324394636782,0.11760508875203964,1.343109865740781e-07
996,4.209245547328397,0.13782317961336943,4.808667946629163e-08
996,4.211166700020012,0.06278005036683426,5.987727168992634e-08
996,4.2130878527116264,0.16748653331081328,4.863439139889621e-08
996,4.215009005403242,0.23127006264235458,2.856712153180965e-07
996,4.216930158094857,0.07047489281319624,4.6606675002973596e-08
996,4.218851310786472,0.06952024114691664,6.255085259682004e-08
996,4.220772463478086,0.17411870215147637,3.0360035519440615e-08
996,4.2226936161697015,0.11685998572791641,1.8094864249572147e-09
996,4.224614768861317,0.19158260870029,1.1076306888625307e-07
996,4.226535921552931,0.13070517745951374,2.7958046612696507e-08
996,4.228457074244546,0.15753404494234308,3.3984821215813977e-07
996,4.230378226936161,0.05077050908812361,1.1860372535032166e-07
996,4.232299379627777,0.09281552598434976,1.963223477236742e-08
996,4.234220532319391,0.0283386350411032,1.772848733563362e-07
996,4.236141685011006,0.080172270845325,2.462796074484034e-07
996,4.238062837702621,0.1269421750227614,1.284104320679568e-07
996,4.2399839903942365,0.0925205410232141,1.4225313888408447e-07
996,4.241905143085851,0.17994900935772576,1.4077754447365184e-08
996,4.243826295777466,0.0957539452515972,1.3738579136474172e-07
996,4.245747448469081,0.11643121603610476,1.5716947461059733e-07
996,4.247668601160696,0.0449712728868896,1.836451196456633e-08
996,4.249589753852311,0.09419044576516648,6.684214348329394e-08
996,4.251510906543926,0.11237797587762335,8.933760215500205e-08
996,4.253432059235541,0.1677455402415475,3.696042311332774e-09
996,4.255353211927156,0.14432160052045115,2.5443769506765395e-07
996,4.2572743646187705,0.11106970017096487,1.7612325959102008e-07
996,4.259195517310386,0.01828283423035693,7.116494828764556e-09
996,4.261116670002001,0.07286561373211373,1.4495103532888985e-07
996,4.263037822693616,0.15514650425964716,9.094090684077292e-09
996,4.26495897538523,0.07318990238158803,2.888622694917158e-07
996,4.266880128076846,0.1403161596761798,3.6835535487585185e-07
996,4.268801280768461,0.15592352711757176,1.583820539072299e-07
996,4.270722433460076,0.10348652449317203,6.689522861765991e-09
996,4.27264358615169,0.11818740766184534,1.952562661214539e-08
996,4.2745647388433055,0.10069644909466748,1.8529666128406487e-07
996,4.276485891534921,0.02366839728637401,3.352881910793284e-09
996,4.278407044226536,0.21368245634206587,5.5112418500718714e-08
996,4.28032819691815,0.10694441065296527,6.183611623686557e-08
996,4.282249349609765,0.08246105516905777,6.016634759059359e-08
996,4.2841705023013805,0.1311214741109488,1.7939635546049763e-07
996,4.286091654992996,0.17129477471527152,1.0150451392036232e-07
996,4.28801280768461,0.10946257278854236,2.882547668791252e-07
996,4.289933960376225,0.21436238949485423,3.119749308038809e-07
996,4.29185511306784,0.09839677276213107,1.8419615570396098e-07
996,4.293776265759456,0.17643953270989157,2.4931142134117536e-07
996,4.29569741845107,0.06212778043628364,6.145196444111839e-08
996,4.297618571142685,0.12881694278505285,9.321587641777598e-08
996,4.2995397238343,0.10658470802707092,2.1796691165000546e-08
996,4.3014608765259155,0.10987718487680571,2.994453956327482e-08
996,4.30338202921753,0.2811450647370112,4.364026541551639e-08
996,4.305303181909145,0.15633430649354965,1.267062264632674e-07
996,4.30722433460076,0.04515138072666068,7.168433998898054e-08
996,4.309145487292375,0.08042537894590616,8.128692046839336e-08
996,4.31106663998399,0.119295969922517,1.0221153733980728e-07
996,4.312987792675605,0.12164268580301328,1.542840049545185e-08
996,4.31490894536722,0.1167043722271342,1.1951272743044558e-07
996,4.316830098058835,0.07741869326155908,2.9349683513971826e-08
996,4.3187512507504495,0.04537711184294314,2.734859565114356e-07
996,4.320672403442065,0.10714561680887262,2.9678485743066156e-08
996,4.32259355613368,0.1296654289614038,6.812093077529175e-10
996,4.324514708825295,0.09387153979507157,7.49037658438881e-09
996,4.326435861516909,0.1080366797389549,1.3626105087247363e-08
996,4.328357014208525,0.17725557667282865,3.2195645920488864e-08
996,4.33027816690014,0.1244855573308099,1.1916869749510384e-08
996,4.332199319591755,0.09524044971042575,4.5276859737940716e-08
996,4.334120472283369,0.08979020741272097,1.5108742147757128e-07
996,4.3360416249749845,0.11925859873626854,1.818480553968286e-07
996,4.3379627776666,0.1763098639861399,1.5545278633064315e-07
996,4.339883930358215,0.017540512803199057,1.676753618954641e-08
996,4.341805083049829,0.19803403039320738,2.1067779293430927e-08
996,4.343726235741444,0.12263653587546682,1.575856009088285e-07
996,4.3456473884330595,0.02777339058954824,8.932985605578809e-08
996,4.347568541124675,0.02469551744181441,8.813037409382781e-08
996,4.349489693816289,0.23065841121585007,1.140120743203298e-08
996,4.351410846507904,0.17577265389919897,7.016992828319047e-08
996,4.353331999199519,0.05265333885334397,3.085495453478089e-07
996,4.355253151891135,0.18837059693030683,1.860063987452684e-08
996,4.357174304582749,0.043450941195493586,4.4932732750920135e-08
996,4.359095457274364,0.14275341281746973,2.127269805626559e-08
996,4.361016609965979,0.12045571790892265,9.633053428267452e-08
996,4.3629377626575945,0.1792900754820752,4.842165937830882e-08
996,4.364858915349209,0.05978359942170081,1.4414041570653743e-07
996,4.366780068040824,0.16641100927934077,9.392449583397127e-09
996,4.368701220732439,0.06326329980403991,6.072805863721358e-08
996,4.370622373424054,0.10951970348952064,9.29086494698944e-08
996,4.372543526115669,0.043053672315833895,2.957843090778639e-08
996,4.374464678807284,0.0603522736368175,1.6062887253182863e-07
996,4.376385831498899,0.13587326662818786,2.139026691984327e-07
996,4.378306984190514,0.030560945888193594,4.124902378015109e-08
996,4.3802281368821285,0.06223727707127821,1.0594798637847116e-07
996,4.382149289573744,0.06838506050932215,1.0629306241740449e-07
996,4.384070442265359,0.11378920526266281,1.564433038294547e-07
996,4.385991594956974,0.0650757622703843,1.1668246770758029e-07
996,4.387912747648588,0.08133969620651434,7.783383438177979e-08
996,4.389833900340204,0.16103623595995814,7.399152775332995e-09
996,4.391755053031819,0.17455877325653452,1.0197108111803784e-07
996,4.393676205723434,0.14310854077116741,2.615988518433528e-08
996,4.395597358415048,0.146545646777217,1.109177685404294e-07
996,4.3975185111066635,0.031054223827531487,4.3329070995238745e-08
996,4.399439663798279,0.10726561100347044,1.6052983293819873e-08
996,4.401360816489894,0.12091152085683271,4.874960201297955e-08
996,4.403281969181508,0.2509687407968262,5.2040907133824425e-08
996,4.405203121873123,0.15015209164938934,2.867896899562702e-08
996,4.4071242745647385,0.12918772788957503,7.24601560379638e-08
996,4.409045427256354,0.1969853993089637,2.340888715333442e-09
996,4.410966579947968,0.1495825363458993,9.026883485808319e-08
996,4.412887732639583,0.011968916534336758,2.214240531601901e-08
996,4.414808885331198,0.13294465416380882,1.0464757611013111e-08
996,4.416730038022814,0.028361117444050014,1.703851845233091e-08
996,4.418651190714428,0.06406094734654148,8.297619038553756e-08
996,4.420572343406043,0.15422228568686341,1.8600627268720044e-08
996,4.422493496097658,0.09676028893545378,1.742391216587653e-07
996,4.4244146487892735,0.12923896860461137,3.2963918469239833e-07
996,4.426335801480888,0.07532805740811173,7.733028370895284e-08
996,4.428256954172503,0.25224600631451566,3.7970114323895536e-07
996,4.430178106864118,0.24295236421693767,8.441946097447069e-08
996,4.432099259555733,0.0651290315175607,3.307761203478245e-08
996,4.434020412247348,0.143810271723905,6.005168483557985e-08
996,4.435941564938963,0.02250631112102925,1.0036252347653176e-07
996,4.437862717630578,0.05143009411556749,1.2145220409260292e-08
996,4.439783870322193,0.06362559497865301,2.0289831257333036e-07
996,4.4417050230138075,0.06574579400723947,9.100807633787982e-09
996,4.443626175705423,0.03775314088831386,7.858101448229846e-08
996,4.445547328397038,0.0514422934105246,5.209587230046158e-08
996,4.447468481088653,0.11055522997607704,3.180748744556481e-08
996,4.449389633780267,0.07353795828183432,2.3653895289275454e-08
996,4.451310786471883,0.17084897240754007,7.617587340303235e-08
996,4.453231939163498,0.052895126166520985,7.043641233462221e-08
996,4.455153091855113,0.1036743555065567,1.4341978256366702e-09
996,4.457074244546727,0.05512756357171541,7.224085953761037e-08
996,4.4589953972383425,0.14578424962697784,1.8777333524197695e-07
996,4.460916549929958,0.14057648061070532,2.477281745616726e-07
996,4.462837702621573,0.020242965868495146,8.578193427860923e-09
996,4.464758855313187,0.07517270763971566,1.0427905214922027e-07
996,4.466680008004802,0.14591134724257157,2.876253708326815e-07
996,4.4686011606964176,0.19798979050803633,8.514981256142139e-08
996,4.470522313388033,0.1840368969723948,8.435940269390027e-08
996,4.472443466079647,0.09273834948394948,8.446673030775977e-08
996,4.474364618771262,0.07061425716654401,2.0887101482718576e-07
996,4.476285771462877,0.064419675426612,7.560787873870061e-08
996,4.478206924154493,0.16980447694980533,3.1203493613847463e-08
996,4.480128076846107,0.06091478857722669,1.0136319763845926e-07
996,4.482049229537722,0.12735257220269963,6.950740424048644e-08
996,4.483970382229337,0.05153261090688723,1.0586221199750239e-07
996,4.4858915349209525,0.10611925328368543,5.553742209715402e-08
996,4.487812687612567,0.24413506087286005,2.44313789614396e-07
996,4.489733840304182,0.13590573733354314,1.2311701500204465e-08
996,4.491654992995797,0.032053483039018144,1.686624575099725e-07
996,4.493576145687412,0.16140775586994724,9.073815684908925e-08
996,4.495497298379027,0.07133948815061474,5.4647530297127236e-08
996,4.497418451070642,0.1169678563127813,1.0096330063033455e-07
996,4.499339603762257,0.2727320152362295,2.800410097800647e-08
996,4.501260756453872,0.20648413874267524,7.236436214107419e-08
996,4.5031819091454866,0.0672747029998492,1.4167765697922435e-07
996,4.505103061837102,0.062164491581339666,8.29472354923044e-10
996,4.507024214528717,0.11461236434665656,2.843322670567943e-07
996,4.508945367220332,0.04362121722584159,2.2588438778815155e-08
996,4.510866519911946,0.051843300101490304,1.1494522388856654e-07
996,4.512787672603562,0.044537542114449574,3.7079157058957112e-09
996,4.514708825295177,0.12238982008413293,1.552811799680415e-07
996,4.516629977986792,0.13049928132002883,3.8435712950105384e-08
996,4.518551130678406,0.08080348770494522,3.783995308283841e-10
996,4.5204722833700215,0.05134195122191793,6.99685692406384e-08
996,4.522393436061637,0.14122201343455237,6.0664219479167084e-09
996,4.524314588753252,0.13601591641479227,3.2926792817257444e-08
996,4.526235741444866,0.1808045339533663,1.0415282526022008e-07
996,4.528156894136481,0.12715255718773472,2.0070015334381835e-08
996,4.530078046828097,0.19700658323306425,8.106519828153894e-08
996,4.531999199519712,0.12679394910690037,3.1753555620277528e-09
996,4.533920352211326,0.15723974838846672,3.529960237927739e-08
996,4.535841504902941,0.0763864739622787,3.92733631251053e-09
996,4.537762657594556,0.13453991952311237,7.389353232508899e-08
996,4.539683810286172,0.09073488843154172,3.332257697878308e-08
996,4.541604962977786,0.03452181076969838,2.5749686678448153e-08
996,4.543526115669401,0.11948213576516234,6.01879758538877e-09
996,4.545447268361016,0.06876619031506824,3.36440658580128e-08
996,4.5473684210526315,0.09084134801549996,2.238306198583485e-08
996,4.549289573744246,0.06214068832695629,3.1733694361169674e-08
996,4.551210726435861,0.15654000901840828,3.327634107045535e-08
996,4.553131879127476,0.06400241356467049,2.873417632788304e-08
996,4.555053031819091,0.04154717272586176,5.096417836752851e-08
996,4.556974184510706,0.05354710544978857,4.613190757933949e-08
996,4.558895337202321,0.021970117853626688,1.0164206737603903e-07
996,4.560816489893936,0.04658872254751368,8.200224443666763e-08
996,4.562737642585551,0.03511654251216338,7.165411679800136e-08
996,4.564658795277166,0.10796874539146636,1.0852630516150113e-08
996,4.566579947968781,0.13483944096037578,3.4295404010116055e-08
996,4.568501100660396,0.13874022884851167,1.52463930104133e-07
996,4.570422253352011,0.256597703721312,2.28765839527886e-07
996,4.572343406043625,0.23168642471331313,3.6214151657026735e-07
996,4.574264558735241,0.12843644605841847,1.959972412622465e-07
996,4.576185711426856,0.06674487826497498,4.604290936854464e-08
996,4.578106864118471,0.13006688455579046,1.21623754989416e-07
996,4.580028016810085,0.18607567490320873,7.100519871356386e-08
996,4.5819491695017005,0.08454841587524645,1.8998218228196042e-07
996,4.583870322193316,0.0649573070971325,1.7472462879034574e-08
996,4.585791474884931,0.0329667765242177,1.1482475885211908e-07
996,4.587712627576545,0.03509349575702816,2.5846773224776304e-09
996,4.58963378026816,0.1582654107132623,3.5803884036489865e-08
996,4.591554932959776,0.06034575968053644,9.964860263774488e-08
996,4.593476085651391,0.10260486459148997,6.876415032364757e-09
996,4.595397238343005,0.053683120852839834,7.005393108648977e-08
996,4.59731839103462,0.06874930583076928,3.067357729794836e-07
996,4.5992395437262354,0.027963758490902848,2.2918431901337383e-08
996,4.601160696417851,0.021487740704012617,4.081673981955538e-08
996,4.603081849109465,0.16357818761422221,2.8473000372753256e-08
996,4.60500300180108,0.14334520555124863,5.741248906751042e-08
996,4.606924154492695,0.03097311033412447,1.547062153214282e-07
996,4.6088453071843105,0.07138578715116517,1.0779778745673793e-07
996,4.610766459875925,0.0451240317690162,2.3658769093018888e-08
996,4.61268761256754,0.1427633604910258,9.679170086780189e-08
996,4.614608765259155,0.1273183896756616,6.727879593186092e-08
996,4.61652991795077,0.10767101516330564,4.224193741875913e-09
996,4.618451070642385,0.17307757907983026,8.028069861763572e-08
996,4.620372223334,0.02203844054293072,1.2024040582706302e-07
996,4.622293376025615,0.15662697673895726,1.2513550484789416e-07
996,4.62421452871723,0.06855258561229466,5.17247495973637e-08
996,4.626135681408845,0.26403895318515513,5.458289438976725e-08
996,4.62805683410046,0.11264110377740069,2.600585104768772e-08
996,4.629977986792075,0.15224372755354243,4.161380983372969e-07
996,4.63189913948369,0.042577518265728344,2.673466209650344e-07
996,4.6338202921753044,0.1106109896132364,5.7704271903062776e-08
996,4.63574144486692,0.11024591009359806,4.468063020948998e-09
996,4.637662597558535,0.15132424985209386,1.2664442241692677e-07
996,4.63958375025015,0.23045392778895182,7.688514203072815e-09
996,4.641504902941764,0.053349381172352724,1.523674568144553e-08
996,4.6434260556333795,0.06010038212787281,1.6001002657693925e-08
996,4.645347208324995,0.1093642221705149,5.489291059135557e-08
996,4.64726836101661,0.03365563178304213,8.203105063559127e-08
996,4.649189513708224,0.10623243613383246,1.4973564558407627e-08
996,4.651110666399839,0.1200588321953783,6.243775495481895e-08
996,4.653031819091455,0.11417172842976206,6.075210905176366e-08
996,4.65495297178307,0.13768940131601248,6.718341103238661e-09
996,4.656874124474684,0.019529276865011543,9.759453241438224e-09
996,4.658795277166299,0.07357575241143706,1.8502739851889198e-07
996,4.6607164298579145,0.14760173833565887,6.016138216703422e-08
996,4.66263758254953,0.05310348448571667,5.1515212801555493e-08
996,4.664558735241144,0.0879482608431305,2.5858048499512532e-08
996,4.666479887932759,0.024215573540158745,3.6591004703219084e-07
996,4.668401040624374,0.16069574117360796,1.449202048113885e-07
996,4.6703221933159895,0.1090871920431928,3.797278925067274e-09
996,4.672243346007604,0.053479718545225444,3.5753159221448355e-09
996,4.674164498699219,0.043311014443801935,7.913447252865461e-08
996,4.676085651390834,0.10056119840185165,6.704051597422087e-09
996,4.678006804082449,0.09590304406856985,1.198829672128226e-07
996,4.679927956774064,0.13147468300412046,1.2835513847554898e-07
996,4.681849109465679,0.121288884271852,2.34178970417738e-07
996,4.683770262157294,0.02926449771481705,1.1142274492595273e-07
996,4.685691414848909,0.10781672292658086,7.494765140590479e-08
996,4.687612567540524,0.07715241580888078,6.264151356479134e-08
996,4.689533720232139,0.17473681892021206,5.446747284290723e-08
996,4.691454872923754,0.022887217112767415,1.0243864192839776e-07
996,4.693376025615369,0.0036278737218710362,7.027196591961503e-09
996,4.6952971783069835,0.10436629956197671,3.141821733192925e-07
996,4.697218330998599,0.19700108295916818,4.992119337827509e-08
996,4.699139483690214,0.009668863387332452,4.503715397584819e-08
996,4.701060636381829,0.01819158701911722,2.160805699621226e-07
996,4.702981789073443,0.18140114663775858,6.146156293759358e-08
996,4.7049029417650585,0.10192419033711693,1.5862836707311897e-07
996,4.706824094456674,0.09646444580748728,8.659783156564862e-08
996,4.708745247148289,0.12947636878124918,1.2422169078158716e-07
996,4.710666399839903,0.14161564298733423,6.222725177554722e-08
996,4.712587552531518,0.12940933529135912,2.877455503086374e-07
996,4.714508705223134,0.2782348756254993,2.387945520222454e-07
996,4.716429857914749,0.03383639871120654,2.889208986752424e-08
996,4.718351010606363,0.1357453577457212,3.8326035040472124e-08
996,4.720272163297978,0.06762845174064848,3.4024181397746954e-08
996,4.7221933159895935,0.1667775171794487,1.335579103072911e-07
996,4.724114468681209,0.04847651516574503,2.4241845619363656e-08
996,4.726035621372823,0.06567703820387298,4.187800056230396e-08
996,4.727956774064438,0.13785034347269293,1.1363910727861254e-07
996,4.729877926756053,0.03938692572394854,6.102445250689193e-08
996,4.7317990794476685,0.1258964250054268,3.006391444042075e-08
996,4.733720232139283,0.11559905578374714,5.876959237962097e-10
996,4.735641384830898,0.0780940413305687,1.4912986316465309e-07
996,4.737562537522513,0.049105654379204305,2.644195767851723e-07
996,4.739483690214128,0.03910868458855202,1.889361997350198e-07
996,4.741404842905743,0.029823102693690925,1.080598906779031e-07
996,4.743325995597358,0.08274060207447509,1.0927682352565546e-08
996,4.745247148288973,0.20560330926347614,1.1276570699460112e-07
996,4.747168300980588,0.07154714755872628,1.523336434005219e-07
996,4.749089453672203,0.054612120956932624,4.2724542105079374e-08
996,4.751010606363818,0.04477874812257696,1.1074445656645835e-07
996,4.752931759055433,0.0403023370358937,3.044583030403308e-07
996,4.754852911747048,0.04383403009705102,2.1287887688935049e-07
996,4.7567740644386625,0.09630164676041177,6.4338177797641295e-09
996,4.758695217130278,0.05642991125934756,9.69616661968069e-08
996,4.760616369821893,0.13057851240426543,1.5880329836170995e-07
996,4.762537522513508,0.11330597038483278,9.949109467406148e-08
996,4.764458675205122,0.16227161453727032,1.1384622034933807e-07
996,4.7663798278967375,0.033031081792998726,4.864264780949245e-07
996,4.768300980588353,0.09268783415864415,2.673201103405653e-08
996,4.770222133279968,0.09497901726482756,3.557941972723985e-08
996,4.772143285971582,0.08313451728584048,2.1128092679585595e-07
996,4.774064438663197,0.10165093773623801,2.706582646195856e-07
996,4.775985591354813,0.04915741278422539,8.872614107398391e-08
996,4.777906744046428,0.030024014590016395,1.3056602742024078e-07
996,4.779827896738042,0.12035432066865495,3.380106335746525e-08
996,4.781749049429657,0.19113609488639516,1.0667339494854715e-07
996,4.7836702021212725,0.1016091222042062,2.4093025258687084e-07
996,4.785591354812888,0.2459600698530584,6.997387771700645e-08
996,4.787512507504502,0.10972448197909891,2.2203741805900453e-08
996,4.789433660196117,0.08321815063224068,1.4859276039250474e-08
996,4.791354812887732,0.10537732342754147,1.303665977119743e-07
996,4.7932759655793475,0.0361809108666839,2.7953889126432116e-08
996,4.795197118270962,0.06080033853141929,3.1866643480974125e-08
996,4.797118270962577,0.08668074365579614,1.0091727461960128e-07
996,4.799039423654192,0.10771273009008701,6.00415826861696e-08
996,4.800960576345807,0.07108431881943211,7.311135227520306e-09
996,4.802881729037422,0.10318449403655282,1.6807734619100123e-07
996,4.804802881729037,0.12028894106752508,3.4149047157724277e-07
996,4.806724034420652,0.0820542142819056,2.6270966574796167e-08
996,4.808645187112267,0.08011395280766095,1.1484556038745013e-07
996,4.810566339803882,0.15102885965262133,2.860982241906465e-07
996,4.812487492495497,0.055580348346160935,5.1827627539965004e-08
996,4.814408645187112,0.10064194376034612,2.537791122971796e-08
996,4.816329797878727,0.06264047867958146,1.1385951398097699e-07
996,4.8182509505703415,0.06106885820007646,1.8023182642879254e-08
996,4.820172103261957,0.09650299388156612,2.164979979607268e-08
996,4.822093255953572,0.12669163392155625,5.577262661555241e-08
996,4.824014408645187,0.07085628292741694,9.835203769730919e-08
996,4.825935561336801,0.12326434745085454,2.989808855653209e-08
996,4.8278567140284165,0.18978410960792508,2.1195914833228555e-07
996,4.829777866720032,0.04455306254189503,2.2411969545990533e-07
996,4.831699019411647,0.16530066074442185,4.104811983125391e-07
996,4.833620172103261,0.07989639110203546,1.7151041514095356e-07
996,4.835541324794876,0.08316680389672532,3.648877132695176e-08
996,4.837462477486492,0.11036500841887618,8.399222665797676e-08
996,4.839383630178107,0.09751132267912178,6.529014217352493e-08
996,4.841304782869721,0.10332143091058547,8.010157358752773e-08
996,4.843225935561336,0.11879056613926973,1.4309232095373262e-07
996,4.8451470882529515,0.1321027510566252,6.938374555430381e-08
996,4.847068240944567,0.08342883725249108,1.0829662942790864e-08
996,4.848989393636181,0.14564077803036077,5.80260311852736e-08
996,4.850910546327796,0.11342610980499687,1.3060695140092884e-07
996,4.852831699019411,0.13504005030026564,1.3097394822173847e-07
996,4.8547528517110266,0.0456215208702774,2.9199985979629174e-07
996,4.856674004402641,0.021950927783640616,3.873966182085132e-08
996,4.858595157094256,0.23522281752016277,3.347851535960696e-08
996,4.860516309785871,0.17537738691142893,6.820076732364364e-08
996,4.862437462477486,0.05599920263460024,3.468577327949682e-10
996,4.864358615169101,0.0556228193973614,7.405465229239198e-08
996,4.866279767860716,0.030885092609714004,4.532183627423698e-08
996,4.868200920552331,0.10457728497561429,2.5703177998756657e-08
996,4.870122073243946,0.07238197188205606,1.6131539719049065e-08
996,4.872043225935561,0.09118814813376834,9.615045595886186e-08
996,4.873964378627176,0.12297579534980364,1.3358683400460267e-07
996,4.875885531318791,0.014043838865343583,1.5577928459079966e-07
996,4.877806684010406,0.022149325911510597,1.2516202740981938e-07
996,4.8797278367020205,0.1317259412339716,1.6927543529369825e-08
996,4.881648989393636,0.01592858538803716,9.696925939238866e-08
996,4.883570142085251,0.1136979606353469,1.9466247867735283e-07
996,4.885491294776866,0.13892117592774067,9.228776320848562e-08
996,4.88741244746848,0.15161009312291376,1.210540794112878e-07
996,4.8893336001600955,0.044987877510925305,6.539633001042924e-08
996,4.891254752851711,0.20813870713152063,5.939006941505001e-08
996,4.893175905543326,0.07499540960435187,2.2643137657060038e-08
996,4.89509705823494,0.05982700618537289,3.5833367126110046e-08
996,4.897018210926555,0.14591101508199977,3.3685724423228105e-08
996,4.898939363618171,0.03592641675527676,2.1677501762191318e-07
996,4.900860516309786,0.07873834034306389,1.1041258794729417e-07
996,4.9027816690014,0.17783548343832578,4.27847072151962e-07
996,4.904702821693015,0.12176631371729152,2.793511511781823e-08
996,4.9066239743846305,0.13765478834772768,7.533215676917237e-08
996,4.908545127076246,0.11014912438712271,8.138552222175175e-08
996,4.91046627976786,0.12624003814636953,7.086060204302532e-09
996,4.912387432459475,0.14606996283398715,9.41512398059446e-08
996,4.91430858515109,0.11607682596963634,2.8203030925366148e-08
996,4.916229737842706,0.2087158105479015,4.2414383307413764e-07
996,4.91815089053432,0.05528276065804308,1.49329553659634e-07
996,4.920072043225935,0.15564547793982955,5.5951663743835144e-08
996,4.92199319591755,0.1703194133073923,8.350661374701491e-08
996,4.923914348609165,0.21526261324537932,5.058030313103115e-08
996,4.92583550130078,0.1527191602402962,1.0875688805606032e-07
996,4.927756653992395,0.029490610788124837,2.698971112543442e-08
996,4.92967780668401,0.13277811440851478,6.248467178265763e-08
996,4.931598959375625,0.1572093189883621,1.477922993780374e-07
996,4.93352011206724,0.21973539990776803,1.197829109004217e-07
996,4.935441264758855,0.049653264472388936,1.0034605661297996e-08
996,4.93736241745047,0.09381266987971162,1.539742064791957e-08
996,4.939283570142085,0.04549637374405121,4.4426449438751596e-08
996,4.9412047228336995,0.07180033050751043,3.4670516726462186e-08
996,4.943125875525315,0.08155815140964595,2.88986486205796e-07
996,4.94504702821693,0.046438302959099835,5.78485285628958e-08
996,4.946968180908545,0.13109929427911882,8.897268271824611e-08
996,4.948889333600159,0.171915280229924,2.758934465897222e-08
996,4.950810486291775,0.16171432368125735,9.927394007268277e-08
996,4.95273163898339,0.13496026366947866,1.1425439417048516e-08
996,4.954652791675005,0.15594377033689125,1.0549881961083317e-07
996,4.956573944366619,0.07418329541755188,9.554505736791639e-08
996,4.958495097058234,0.037204836140744504,3.077611597369537e-08
996,4.96041624974985,0.025170266575813567,5.6496527097688354e-08
996,4.962337402441465,0.02481908629937288,2.5470615223759147e-07
996,4.964258555133079,0.012602235566745713,1.1110365266953333e-08
996,4.966179707824694,0.07078425026064049,2.946688546305232e-08
996,4.9681008605163095,0.08292156588423567,5.594074515760982e-08
996,4.970022013207925,0.046510968910133454,4.998634152012647e-08
996,4.971943165899539,0.015387572121804964,7.344550612181599e-08
996,4.973864318591154,0.1177823944982172,2.9553213909259056e-08
996,4.975785471282769,0.0802288777141467,1.1460735842444628e-08
996,4.977706623974385,0.13539756819079732,1.3069990831228068e-07
996,4.979627776665999,0.015317559993661271,1.0575765330840161e-07
996,4.981548929357614,0.14152244033405967,1.5748212551203502e-08
996,4.983470082049229,0.1886035201508626,2.558207652678941e-07
996,4.9853912347408444,0.08207039111437406,1.0950542217401132e-07
996,4.987312387432459,0.010471142101733165,4.573719696837297e-08
996,4.989233540124074,0.22058796375703885,2.2926855895088337e-08
996,4.991154692815689,0.07731020213079569,4.072028641055584e-09
996,4.993075845507304,0.16540488241429258,3.9570724232916244e-07
996,4.994996998198919,0.0972962758367757,1.327425494025805e-07
996,4.996918150890534,0.04231588182659012,1.0586556300554391e-08
996,4.998839303582149,0.3019598471880093,5.778834716817357e-07
996,5.000760456273764,0.2520027067227475,1.2381517450880144e-07
996,5.0026816089653785,0.44810768189762645,4.45785080246963e-08
996,5.004602761656994,0.0476911112536695,4.0090153577290127e-08
996,5.006523914348609,0.20015026867049437,3.021575863755538e-08
996,5.008445067040224,0.056627841231559325,8.261539886342122e-09
996,5.010366219731838,0.22857222260299934,1.5802624315269465e-07
996,5.012287372423454,0.06445409117192122,6.994019239951528e-08
996,5.014208525115069,0.17178345987974006,3.889405253721474e-08
996,5.016129677806684,0.14574321711978996,1.578784159837814e-07
996,5.018050830498298,0.06980773998668045,4.3898365129473255e-08
996,5.0199719831899134,0.06908523526533775,1.107433644436019e-07
996,5.021893135881529,0.27921316097273613,1.5347432661307126e-07
996,5.023814288573144,0.18871922070093142,3.05657209988768e-08
996,5.025735441264758,0.13772868632106464,2.6468697859262e-07
996,5.027656593956373,0.03818067671588417,5.939797216399746e-08
996,5.0295777466479885,0.11807422422910732,2.9049498128177583e-09
996,5.031498899339604,0.12498056621709146,3.6392630066307726e-08
996,5.033420052031218,0.1103690565226693,1.2836121051488183e-07
996,5.035341204722833,0.08666314054877419,1.3326998936137884e-07
996,5.037262357414448,0.1122865881236997,1.3256233889185507e-08
996,5.039183510106064,0.08663567497938564,2.625672597665811e-07
996,5.041104662797678,0.07918090636794811,2.646746337036832e-07
996,5.043025815489293,0.05896785793359674,1.9153393514886946e-07
996,5.044946968180908,0.09856543097303527,9.196995987443137e-08
996,5.0468681208725235,0.03716204706790832,1.4143889438437332e-07
996,5.048789273564138,0.046412191265239475,8.103118972603164e-09
996,5.050710426255753,0.0977724777858139,3.5306927807181574e-07
996,5.052631578947368,0.05111866901358985,2.492632771752633e-08
996,5.054552731638983,0.06884849288825093,7.569733182921614e-08
996,5.056473884330598,0.05015030876260813,8.038155437728411e-09
996,5.058395037022213,0.1418366212266826,9.210749514157166e-08
996,5.060316189713828,0.13930667324161894,3.020056906798819e-07
996,5.062237342405443,0.19974969224542888,2.420873474722833e-07
996,5.0641584950970575,0.12184220882912164,1.2904527271137915e-08
996,5.066079647788673,0.13775025091497914,8.42105377420932e-08
996,5.068000800480288,0.1448074583221178,1.2074228256831803e-07
996,5.069921953171903,0.0686140007241508,3.874099617440855e-08
996,5.071843105863517,0.10431414133591402,1.5614143906640931e-07
996,5.073764258555133,0.18187734223393412,4.205888282618657e-09
996,5.075685411246748,0.06081157356492742,2.540202547008205e-07
996,5.077606563938363,0.07359728402661525,1.7008261918348194e-07
996,5.079527716629977,0.090690356853675,1.5401343966683947e-07
996,5.0814488693215925,0.21469850224407627,1.1022840678130849e-07
996,5.083370022013208,0.09277367462260935,1.212129052275125e-07
996,5.085291174704823,0.15648725988502832,3.01461433401287e-07
996,5.087212327396437,0.10227883862083269,1.8046718251674098e-08
996,5.089133480088052,0.16592932298362076,3.608214222822023e-08
996,5.0910546327796675,0.1894309659971034,7.111093313178475e-09
996,5.092975785471283,0.23189646115680218,3.714089555256923e-08
996,5.094896938162897,0.3439345254811803,1.5563489933164983e-07
996,5.096818090854512,0.17917993349571548,1.2521410601833018e-07
996,5.098739243546127,0.3455373723072899,2.9117650435941564e-08
996,5.100660396237743,0.24631800087523653,1.9081070019450176e-07
996,5.102581548929357,0.22096587722258948,3.740694280387828e-07
996,5.104502701620972,0.08833242141156676,7.945374105617635e-08
996,5.106423854312587,0.1525772055922854,9.825551193336316e-08
996,5.1083450070042025,0.17882242811356855,3.6754133923095e-08
996,5.110266159695817,0.34326343515408647,3.882427993328227e-08
996,5.112187312387432,0.15073646785196448,2.4031865805047995e-08
996,5.114108465079047,0.08125526793945445,7.705913685224528e-08
996,5.116029617770662,0.1952337819765791,5.156753472941871e-07
996,5.117950770462277,0.0664134169948439,9.788125332169401e-08
996,5.119871923153892,0.08046737216616276,5.266659765998418e-08
996,5.121793075845507,0.19554093539789152,2.3223954449324778e-07
996,5.123714228537122,0.02943959440717181,1.356450375788572e-08
996,5.1256353812287365,0.14184749912912353,1.7535381893979854e-07
996,5.127556533920352,0.16768687492589457,1.784924218439771e-08
996,5.129477686611967,0.0779265465318079,4.6287688416338376e-08
996,5.131398839303582,0.1291529839538749,1.0443449253337058e-08
996,5.133319991995196,0.1373725718436646,1.7978453989699663e-09
996,5.135241144686812,0.1868951821388366,8.073342521591928e-08
996,5.137162297378427,0.029584228044497562,7.311698403580886e-08
996,5.139083450070042,0.08176629482868757,2.897960970855964e-07
996,5.141004602761656,0.06485732669946909,1.2094381207463827e-07
996,5.1429257554532715,0.262558662640324,1.1496370290805544e-07
996,5.144846908144887,0.05374014524007219,1.9426222350653494e-08
996,5.146768060836502,0.03672708213023319,5.39664740605332e-08
996,5.148689213528116,0.0775258503075021,1.3671990402834944e-07
996,5.150610366219731,0.07915932737101435,1.298409842042824e-07
996,5.1525315189113465,0.08587333070766162,1.1514448682334906e-07
996,5.154452671602962,0.037730651722017436,1.5770194658029527e-07
996,5.156373824294576,0.09416420086814503,1.2518149442468584e-07
996,5.158294976986191,0.08629833046223381,2.265034317481849e-08
996,5.160216129677806,0.17275433180226119,6.221661276616961e-09
996,5.162137282369422,0.07973040340079934,3.3748927509907455e-08
996,5.164058435061036,0.13725897923289268,3.363158589566837e-08
996,5.165979587752651,0.1548907755472376,1.2706170061574115e-07
996,5.167900740444266,0.10412918628951086,5.457394643536194e-08
996,5.1698218931358815,0.057105865907037916,1.1326520393728663e-08
996,5.171743045827496,0.20602775684235952,4.684680136456493e-07
996,5.173664198519111,0.13929556537977902,3.104152415500436e-08
996,5.175585351210726,0.1568898720946093,1.4282287942742285e-07
996,5.177506503902341,0.039392034779629305,1.1571332244392746e-07
996,5.179427656593956,0.05881512300852536,1.1317535579059243e-07
996,5.181348809285571,0.12193916713922807,9.006302997587578e-08
996,5.183269961977186,0.030561284295937536,1.73515065248624e-07
996,5.185191114668801,0.1004994535210258,6.828627439893146e-08
996,5.1871122673604155,0.08800306517320458,7.380834916256433e-08
996,5.189033420052031,0.05627559622153867,2.485473138468861e-07
996,5.190954572743646,0.026858374970390172,5.083182116510638e-08
996,5.192875725435261,0.06787722792711091,1.4154370411888126e-07
996,5.194796878126875,0.11024373309682793,2.4017978372564665e-07
996,5.196718030818491,0.13199095698242125,2.7354406294932758e-08
996,5.198639183510106,0.1376815386962346,2.8766528855719466e-08
996,5.200560336201721,0.032673790321526404,2.1143779328591175e-08
996,5.202481488893335,0.10639925841138013,2.2901241555491602e-07
996,5.2044026415849505,0.09211230427510668,4.86329974624537e-08
996,5.206323794276566,0.08770317673972573,7.380654361497425e-09
996,5.208244946968181,0.12461636412720545,9.81137347222277e-08
996,5.210166099659795,0.04388843676756092,3.1263042467384515e-08
996,5.21208725235141,0.0780634095512568,4.9849007170763044e-08
996,5.2140084050430255,0.11254938543473773,8.726879184406743e-08
996,5.215929557734641,0.22284859212984648,3.229987642972889e-08
996,5.217850710426255,0.06619280886303429,1.849417342070579e-07
996,5.21977186311787,0.11965243138160328,1.5492290939455327e-08
996,5.221693015809485,0.0988397275044466,1.5904251363970834e-08
996,5.223614168501101,0.14735579198247767,7.116164493805452e-08
996,5.225535321192715,0.04441658528296349,1.800910437740161e-07
996,5.22745647388433,0.015642782767791193,1.9352572551199205e-07
996,5.229377626575945,0.015833325764612338,5.531915314592291e-08
996,5.2312987792675605,0.04596382105468428,1.3256274718443367e-07
996,5.233219931959175,0.05186650867328348,3.343941194557977e-07
996,5.23514108465079,0.13432627720201384,5.466189560389865e-09
996,5.237062237342405,0.041265287375790764,2.1744242187123132e-07
996,5.23898339003402,0.026718413067380088,8.174580119504505e-08
996,5.240904542725635,0.0867319373553344,3.0205778588966064e-08
996,5.24282569541725,0.05094395279796812,8.633224968266393e-08
996,5.244746848108865,0.07411499487278782,4.61928778614905e-07
996,5.24666800080048,0.16234186365757358,4.685034016970473e-08
996,5.2485891534920945,0.22987049168185195,2.291376580241974e-08
996,5.25051030618371,0.12386642230267071,3.772114239709832e-08
996,5.252431458875325,0.059883171732132534,1.6265284171210682e-07
996,5.25435261156694,0.0752588557980891,6.089981116971867e-08
996,5.256273764258554,0.036100680289082095,4.6083293072599224e-09
996,5.25819491695017,0.13522108676749725,2.4765082670694614e-08
996,5.260116069641785,0.05219045813571386,1.6038679074022138e-07
996,5.2620372223334,0.06478251667025883,2.755451133212084e-08
996,5.263958375025014,0.0532164293873376,1.4523961194668477e-07
996,5.2658795277166295,0.06746976292613141,8.032273042331365e-09
996,5.267800680408245,0.04676188607115224,2.6869895843507963e-07
996,5.26972183309986,0.06381292216397408,8.20287269967496e-10
996,5.271642985791474,0.09045129728436058,8.719654234861967e-09
996,5.273564138483089,0.15766060787053793,1.9289525567104434e-07
996,5.2754852911747045,0.04219243581499912,7.304835010868868e-08
996,5.27740644386632,0.05593696041642422,1.310210965884237e-07
996,5.279327596557934,0.0998839611216533,3.341191641224422e-08
996,5.281248749249549,0.09971417509686978,7.969854417600055e-09
996,5.283169901941164,0.06083550466331611,1.512291469202556e-07
996,5.28509105463278,0.21789626148083088,2.2214728329500522e-07
996,5.287012207324394,0.15990867613046816,1.2964496013872865e-07
996,5.288933360016009,0.10132958960818748,1.489127812625649e-07
996,5.290854512707624,0.2033690349498512,8.67642251740875e-08
996,5.2927756653992395,0.09471350336153947,1.0728838177418894e-07
996,5.294696818090854,0.05497321946983085,2.1550134379061866e-08
996,5.296617970782469,0.12526320191558274,1.6605372929035157e-07
996,5.298539123474084,0.12810544224255338,7.455086765250139e-08
996,5.300460276165699,0.06890279715541399,6.098477010280366e-08
996,5.302381428857314,0.17086471110911658,1.6179161832057324e-07
996,5.304302581548929,0.11592009952135204,1.773641009782353e-08
996,5.306223734240544,0.06102347814923482,6.883282562388174e-09
996,5.308144886932159,0.05322152648270796,1.8330534924615853e-07
996,5.3100660396237735,0.029030938288735778,1.5647583820199536e-07
996,5.311987192315389,0.0729428863282027,2.963281019918943e-08
996,5.313908345007004,0.0779900323700042,5.05799027255619e-08
996,5.315829497698619,0.06157990943152345,2.905575316185115e-07
996,5.317750650390233,0.11034277496466229,8.446634861532414e-08
996,5.319671803081849,0.052096654532518605,6.33073480338816e-08
996,5.321592955773464,0.10221298064898,3.354517696346679e-08
996,5.323514108465079,0.1234888720119352,4.3320469373414195e-07
996,5.325435261156693,0.05166131409494419,1.2688462453899695e-07
996,5.3273564138483085,0.18650483427838557,6.683996755674281e-08
996,5.329277566539924,0.11999863139082309,3.1228815138360297e-07
996,5.331198719231539,0.06934211355650742,2.9070853586824974e-08
996,5.333119871923153,0.12316707058884836,3.4644667625156864e-09
996,5.335041024614768,0.12698207479108406,2.5859006691176714e-07
996,5.336962177306384,0.1417253944935304,1.4793846863389327e-07
996,5.338883329997999,0.036475331860098846,7.027329791180238e-08
996,5.340804482689613,0.12346326788615529,9.994041279769536e-08
996,5.342725635381228,0.1918682319696949,1.5969416651659946e-07
996,5.344646788072843,0.08824390435695811,1.2011545218263845e-07
996,5.346567940764459,0.09685810334020094,1.9065099370802278e-07
996,5.348489093456073,0.07939709311081737,4.3962172468141293e-07
996,5.350410246147688,0.06135206308667429,4.7121639272506914e-08
996,5.352331398839303,0.13988650076549783,7.17203135969276e-08
996,5.3542525515309185,0.12912892079515428,6.712618113215487e-08
996,5.356173704222533,0.08908173159725619,8.531476614524391e-08
996,5.358094856914148,0.25685317664484925,8.903946582131094e-08
996,5.360016009605763,0.05191731412480712,1.0983941060071017e-07
996,5.361937162297378,0.013770447794811588,2.301733628938055e-08
996,5.363858314988993,0.03754796212932154,1.5861813859202968e-07
996,5.365779467680608,0.0991549276720532,4.5290120053669365e-09
996,5.367700620372223,0.054969411183077944,4.0912100373302866e-08
996,5.369621773063838,0.08784105592055526,9.250776379177703e-08
996,5.371542925755453,0.0915471166708347,3.349888240057327e-09
996,5.373464078447068,0.1192756135262756,2.3375785737697819e-07
996,5.375385231138683,0.22122848407036325,6.887064899619045e-08
996,5.377306383830298,0.08121261137814294,1.290700154060482e-07
996,5.379227536521912,0.058964377480186826,3.8828045948927364e-08
996,5.381148689213528,0.06424940813355272,2.3347772530416904e-09
996,5.383069841905143,0.09701074942687699,5.31296973639896e-08
996,5.384990994596758,0.10004778049958771,1.8700760898954276e-08
996,5.386912147288372,0.08834629031580322,4.058280921290898e-08
996,5.3888332999799875,0.1427138503034467,1.4540317659950471e-08
996,5.390754452671603,0.13619154400466102,4.8614449224847545e-08
996,5.392675605363218,0.0782706601187053,1.857418890581679e-07
996,5.394596758054832,0.0372624441526417,1.5780058707397903e-08
996,5.396517910746447,0.055508383425670695,1.7339376058466436e-07
996,5.398439063438063,0.1906687320809063,5.6041778542247353e-08
996,5.400360216129678,0.09245759127443771,8.997118982540238e-08
996,5.402281368821292,0.07567226887358965,5.86796547600614e-08
996,5.404202521512907,0.05300052728423216,6.558025573737835e-08
996,5.4061236742045224,0.1193464110550517,1.3497446486306232e-08
996,5.408044826896138,0.023618099761159167,1.9109789898317436e-07
996,5.409965979587752,0.0946729328233756,3.630359124621802e-07
996,5.411887132279367,0.14866407301894521,6.62257323435497e-08
996,5.413808284970982,0.10465256255475595,7.858748469393453e-08
996,5.4157294376625975,0.13109827409986988,1.941941593569124e-08
996,5.417650590354212,0.053850096244574354,5.8366950500380663e-08
996,5.419571743045827,0.1108384593665623,1.1409235293749777e-07
996,5.421492895737442,0.038784130224745,5.643723032473867e-08
996,5.423414048429057,0.03207183295402957,1.0579789232399592e-07
996,5.425335201120672,0.11904863628654727,1.2469175156211874e-07
996,5.427256353812287,0.10093722450129831,2.0771264354046682e-07
996,5.429177506503902,0.11185392616333849,1.0374342981141014e-08
996,5.431098659195517,0.09484695986737839,1.3661824961646963e-08
996,5.433019811887132,0.1007078781759103,4.162953116893749e-08
996,5.434940964578747,0.08128745698096879,8.650752533461885e-08
996,5.436862117270362,0.048374159644947574,7.39520275479109e-08
996,5.438783269961977,0.16703252379954633,4.4716001183185094e-08
996,5.440704422653591,0.03703486210167913,1.745692732664361e-07
996,5.442625575345207,0.06780657172414682,1.990003115687504e-08
996,5.444546728036822,0.027115296357747933,2.1538944311082598e-08
996,5.446467880728437,0.08049128941151971,1.417138286902933e-07
996,5.448389033420051,0.03648991442625111,1.076272840359365e-07
996,5.4503101861116665,0.04157893091944063,1.2933195327473178e-08
996,5.452231338803282,0.1925880717165534,3.027929765533909e-08
996,5.454152491494897,0.07637315092896806,1.4267343612375807e-07
996,5.456073644186511,0.0861021760758008,7.580645232924277e-08
996,5.457994796878126,0.025884683329017093,7.056848038101906e-08
996,5.459915949569742,0.08020491053285582,8.109133346992678e-08
996,5.461837102261357,0.1051683925132537,1.9381593540388195e-07
996,5.463758254952971,0.06105953362556469,3.332279412137918e-08
996,5.465679407644586,0.13111682001372404,1.0042653533178285e-08
996,5.4676005603362015,0.10803670250926706,1.8919754133638227e-07
996,5.469521713027817,0.030257224278219873,4.4893511807940317e-08
996,5.471442865719431,0.055733736746612125,7.292804818912274e-08
996,5.473364018411046,0.08423688266204386,2.128106610567739e-07
996,5.475285171102661,0.15640502129473643,1.6972598561258843e-07
996,5.4772063237942765,0.075903159987248,9.134498379812241e-08
996,5.479127476485891,0.006829527364127556,6.438392091525015e-08
996,5.481048629177506,0.020521589517963013,7.363592777019667e-08
996,5.482969781869121,0.07326357706911191,1.4635350113854467e-08
996,5.484890934560736,0.071484627113804,1.4132019234326098e-08
996,5.486812087252351,0.07295595482497526,5.973272282035434e-08
996,5.488733239943966,0.13721248324552304,2.8131830952569896e-08
996,5.490654392635581,0.11315151827599854,9.418896327858928e-08
996,5.492575545327196,0.11831458711811388,6.563558057055872e-08
996,5.494496698018811,0.14039755048816624,2.9746487205298423e-08
996,5.496417850710426,0.07729180289041493,2.136467730116332e-08
996,5.498339003402041,0.014878250818177334,1.418187572502712e-07
996,5.500260156093656,0.032245618136019366,3.6558144739519066e-07
996,5.5021813087852705,0.08870698686182643,1.725539999279401e-07
996,5.504102461476886,0.14062718346247138,2.7448294291822865e-08
996,5.506023614168501,0.07056942861211099,1.5492673264798217e-07
996,5.507944766860116,0.07868486144646901,1.0356798132090656e-07
996,5.50986591955173,0.08521403320581145,2.3531599662658352e-08
996,5.5117870722433455,0.04486570454931879,3.358590584197599e-08
996,5.513708224934961,0.04621366233686364,2.296365774632095e-08
996,5.515629377626576,0.04491331210439177,5.913243953079892e-09
996,5.51755053031819,0.06325377635238644,5.3584620741002896e-08
996,5.519471683009805,0.2072519245955669,9.008986807872865e-08
996,5.521392835701421,0.06832205074592569,1.3966652159778052e-07
996,5.523313988393036,0.15851754827052908,1.3139969384402404e-07
996,5.52523514108465,0.19265164830719197,1.6790738856274609e-07
996,5.527156293776265,0.04042337720939615,3.4392881737236625e-07
996,5.5290774464678805,0.08897728176060443,1.6036883295769902e-08
996,5.530998599159496,0.1097481874856015,1.5246972529142212e-08
996,5.53291975185111,0.09475379247532828,5.981391990443107e-08
996,5.534840904542725,0.0073037893324635166,4.153698251779838e-09
996,5.53676205723434,0.18885685158312782,8.394249595103044e-09
996,5.5386832099259555,0.09885180967784572,1.53885095545332e-08
996,5.54060436261757,0.0992997028596261,3.0496368710367386e-08
996,5.542525515309185,0.027512138066860137,3.094353766084688e-08
996,5.5444466680008,0.04282997930060021,1.2937495134091504e-08
996,5.546367820692415,0.11469893325271319,2.337539209974681e-08
996,5.54828897338403,0.019758322603301952,2.5673436053744337e-08
996,5.550210126075645,0.06773281331139502,3.8442499213812415e-08
996,5.55213127876726,0.04883278235082234,7.367755024704644e-08
996,5.554052431458875,0.07380530921095392,1.7316080350668026e-07
996,5.55597358415049,0.10324984523120966,3.481031022892926e-09
996,5.557894736842105,0.051984323127895915,6.400476662317406e-08
996,5.55981588953372,0.16901058735796015,2.2445675234080403e-07
996,5.561737042225335,0.027332897909585412,1.0088264779316603e-07
996,5.5636581949169495,0.15350717703579636,2.1362379752963815e-07
996,5.565579347608565,0.08282362009358929,3.4019398347630163e-07
996,5.56750050030018,0.15294244397316956,2.3011981164751727e-09
996,5.569421652991795,0.13507620302868564,7.032302326056106e-08
996,5.571342805683409,0.18039978316606037,1.240760517548353e-07
996,5.5732639583750245,0.11842382232411475,9.05046112653126e-08
996,5.57518511106664,0.08012090907182952,1.373746792980538e-08
996,5.577106263758255,0.17052108269698174,1.1458702252120135e-07
996,5.579027416449869,0.1234110840940299,2.439290979542094e-07
996,5.580948569141484,0.1467127035198047,2.5665450369526428e-08
996,5.5828697218331,0.029917962263926394,4.2069137243802034e-08
996,5.584790874524715,0.03208364225233939,8.786819635133252e-08
996,5.586712027216329,0.05370932632932012,7.622693103409746e-09
996,5.588633179907944,0.11150261101251632,2.3073014496207328e-07
996,5.5905543325995595,0.05862632187422913,3.53220817186654e-08
996,5.592475485291175,0.031193005786474593,7.074266958245529e-08
996,5.594396637982789,0.10043883160000724,1.0503162591814668e-07
996,5.596317790674404,0.016701303450116944,8.674822413419741e-08
996,5.598238943366019,0.1306487624020984,1.0518029001596e-08
996,5.6001600960576345,0.2226834154911713,2.2444691417270806e-07
996,5.602081248749249,0.012927954879810293,1.4547891768118076e-07
996,5.604002401440864,0.024540576728434828,5.1111078300321353e-08
996,5.605923554132479,0.006569419232281499,1.4659594744476858e-08
996,5.607844706824094,0.0715673053209882,1.6626980239756475e-07
996,5.609765859515709,0.060828549844842206,7.822747714787738e-08
996,5.611687012207324,0.08237460330369474,2.2125666060551092e-08
996,5.613608164898939,0.04649342504014123,1.9950027427563336e-07
996,5.615529317590554,0.06723629629663165,1.203363314025102e-07
996,5.617450470282169,0.14361944175489771,2.1905462505071363e-09
996,5.619371622973784,0.05514058358124321,3.3036642684417714e-08
996,5.621292775665399,0.14623642757407965,1.1954398423844507e-07
996,5.623213928357014,0.03801598904405901,1.646962660389083e-07
996,5.6251350810486285,0.19328001177573007,1.4628441119989204e-07
996,5.627056233740244,0.216322481358999,8.787448610073364e-08
996,5.628977386431859,0.09471146937935077,2.572944812590856e-07
996,5.630898539123474,0.18564081106581495,1.5949694194396667e-07
996,5.632819691815088,0.11892593348455881,2.3198343495142918e-07
996,5.6347408445067035,0.17120595896470162,2.146937229831898e-08
996,5.636661997198319,0.14828574331975244,6.021817421492104e-09
996,5.638583149889934,0.1261274484725018,6.138798348585038e-08
996,5.640504302581548,0.0685667270207599,3.150264501414608e-08
996,5.642425455273163,0.028478190141554262,2.261776964367304e-09
996,5.644346607964779,0.11114411508070536,4.666675172977656e-08
996,5.646267760656394,0.053046391485763913,2.7537408671236906e-07
996,5.648188913348008,0.0738750111345562,3.309375569684014e-07
996,5.650110066039623,0.053959633150147686,2.221076269676265e-09
996,5.6520312187312385,0.08700399127440776,4.321492731892329e-08
996,5.653952371422854,0.027413072037855653,1.4611582315754702e-07
996,5.655873524114468,0.05177201891098839,4.688646958547225e-08
996,5.657794676806083,0.07590472056752394,2.5514099918661314e-08
996,5.659715829497698,0.18742687719214263,1.1870233812391169e-07
996,5.6616369821893135,0.024513601981756276,1.6512945314572167e-07
996,5.663558134880928,0.05644945512117382,3.8782297408372333e-08
996,5.665479287572543,0.11279107029087769,9.003719423571286e-08
996,5.667400440264158,0.1594330032109667,1.4928977894939534e-07
996,5.669321592955773,0.1243428971327702,7.305531806068846e-08
996,5.671242745647388,0.00918964999883048,6.841304472172221e-08
996,5.673163898339003,0.10312509753004546,3.015460967416857e-08
996,5.675085051030618,0.009528228140026511,1.991496430679282e-08
996,5.677006203722233,0.03922956317072984,6.679891844706241e-08
996,5.678927356413848,0.1741162157929238,7.014024263504818e-09
996,5.680848509105463,0.07695832669779588,2.2129266623827455e-08
996,5.682769661797078,0.08857173337843474,9.961038285993282e-08
996,5.684690814488693,0.09266617719760528,2.392900462206862e-07
996,5.6866119671803075,0.12914833447586152,3.71827004594878e-08
996,5.688533119871923,0.05101159278141511,6.21885074613123e-09
996,5.690454272563538,0.09577673850457659,1.6944842665246697e-07
996,5.692375425255153,0.08851333160647974,4.0177361435893526e-08
996,5.694296577946767,0.02780355494884004,2.215351948553547e-07
996,5.6962177306383825,0.057557191547418916,1.156138540333621e-07
996,5.698138883329998,0.1929076070206109,2.412684716236642e-07
996,5.700060036021613,0.14110722724906083,1.8360382496571934e-07
996,5.701981188713227,0.09597983824724256,1.1197577675209817e-08
996,5.703902341404842,0.08905175592053526,9.034046551003679e-08
996,5.705823494096458,0.048823040626153925,7.237095458012055e-09
996,5.707744646788073,0.10087174831986838,3.7739278982301774e-07
996,5.709665799479687,0.08341866144165254,9.287133902420371e-08
996,5.711586952171302,0.048750274622184724,8.084593402646666e-08
996,5.7135081048629175,0.07240266049197353,1.0997760768085653e-07
996,5.715429257554533,0.12869340694733686,3.535327509081935e-07
996,5.717350410246147,0.04867511663836438,4.499985931908161e-08
996,5.719271562937762,0.08537657660737778,1.6504388520703932e-07
996,5.721192715629377,0.14031856322093259,5.665011233078449e-08
996,5.723113868320993,0.0691244371584372,7.0433308379777e-08
996,5.725035021012607,0.09560205725861395,4.737349456634972e-08
996,5.726956173704222,0.10135912282898472,4.936432419454919e-08
996,5.728877326395837,0.0566047567303706,1.955836139279488e-07
996,5.730798479087452,0.0548769186158414,1.2671833169664248e-07
996,5.732719631779067,0.05755680348150146,2.155745140789025e-08
996,5.734640784470682,0.05383964869631038,4.052521019426169e-08
996,5.736561937162297,0.08827049875540517,1.2764633402057895e-07
996,5.738483089853912,0.03990626821146344,1.288250066842076e-08
996,5.740404242545527,0.09754560109527545,9.746331199689473e-09
996,5.742325395237142,0.11597150619515104,3.7798883851014994e-08
996,5.744246547928757,0.11751550178133563,5.274601749365396e-08
996,5.746167700620372,0.03490193936644557,1.8428206105506912e-07
996,5.7480888533119865,0.06264846042528543,8.889609257032859e-08
996,5.750010006003602,0.02823163350662509,6.916861107736798e-08
996,5.751931158695217,0.07849923936348858,6.491892245631279e-09
996,5.753852311386832,0.04565878036943778,9.679315627804748e-08
996,5.755773464078446,0.10284313882397188,2.145296063476552e-08
996,5.757694616770062,0.09650741357741718,1.7260502965888364e-08
996,5.759615769461677,0.08988981955462193,1.0761721218403362e-07
996,5.761536922153292,0.11105885983179868,3.746166696422607e-08
996,5.763458074844906,0.09908669393659876,1.2084041955292032e-07
996,5.765379227536521,0.06119661016037796,4.1144730634382714e-08
996,5.767300380228137,0.18946300104761774,8.973831790373223e-09
996,5.769221532919752,0.12100888120682456,1.2599416579132145e-08
996,5.771142685611366,0.15321189162807378,2.2190677863333905e-07
996,5.773063838302981,0.06815020903529635,2.6821729205356732e-08
996,5.7749849909945965,0.0754174703459295,4.501214211530662e-08
996,5.776906143686212,0.13115952549448662,1.276492655938125e-07
996,5.778827296377826,0.06869878944418399,1.2771293400790348e-08
996,5.780748449069441,0.17495478839961975,1.8257625488087873e-08
996,5.782669601761056,0.1436484654505879,4.252623992960966e-08
996,5.784590754452672,0.13968314826820286,1.9993270239826082e-08
996,5.786511907144286,0.10671623551324025,2.985791757399114e-08
996,5.788433059835901,0.12622234373815527,1.7006974535198346e-08
996,5.790354212527516,0.11634489810512741,8.421176296594144e-08
996,5.7922753652191314,0.04364408501465143,6.618036738548345e-08
996,5.794196517910746,0.04861636451708686,2.2966825428769282e-07
996,5.796117670602361,0.058464498543257123,3.0235142152014485e-07
996,5.798038823293976,0.06412866987390839,3.8618442750302424e-08
996,5.799959975985591,0.07176350367048774,6.84612686070971e-09
996,5.801881128677206,0.14765382057526633,1.880121469355686e-08
996,5.803802281368821,0.02169846493861307,1.4998509191935788e-07
996,5.805723434060436,0.06918064221269085,1.3246719954657683e-07
996,5.807644586752051,0.08170428535499226,1.77148387144764e-08
996,5.8095657394436655,0.20453609929112773,7.826546389967028e-08
996,5.811486892135281,0.1420584094319539,2.1834363332559942e-07
996,5.813408044826896,0.09400114928252937,1.260148676650523e-07
996,5.815329197518511,0.06834755798798389,4.027567738698426e-08
996,5.817250350210125,0.07051428305627885,4.794512582627862e-08
996,5.819171502901741,0.09371755282432898,4.3422361503057793e-08
996,5.821092655593356,0.06947530200895305,2.3367118781507883e-07
996,5.823013808284971,0.037037063424847264,6.583397315854587e-08
996,5.824934960976585,0.029276062982525462,2.0373083430114747e-07
996,5.8268561136682,0.15199529180147867,7.261222968681095e-08
996,5.828777266359816,0.03471251512905798,9.141751213886058e-08
996,5.830698419051431,0.03461322062626004,2.1515113888270766e-07
996,5.832619571743045,0.13110528001858338,1.0343630042839672e-07
996,5.83454072443466,0.06479581384584857,7.442072508670491e-08
996,5.8364618771262755,0.0710321261595449,6.939155913296351e-09
996,5.838383029817891,0.20589232955579242,6.796431350378127e-08
996,5.840304182509505,0.06605956538847976,3.165212780632845e-07
996,5.84222533520112,0.0851716518971575,3.1431515514071247e-09
996,5.844146487892735,0.038361059061202796,4.964442232304697e-09
996,5.846067640584351,0.06222676721188533,3.0643139161200944e-08
996,5.847988793275965,0.0527951911255608,8.76291434736619e-09
996,5.84990994596758,0.08781766888033311,4.361582231496183e-08
996,5.851831098659195,0.08602898099924357,1.1384794054844194e-07
996,5.8537522513508105,0.11629630808585349,8.548653990165027e-08
996,5.855673404042425,0.09836859997503049,3.474336437404889e-08
996,5.85759455673404,0.01930312866774062,3.152452347915988e-07
996,5.859515709425655,0.06799376191733775,1.8254665631711302e-08
996,5.86143686211727,0.039761717975572486,2.411586463707179e-07
996,5.863358014808885,0.07159729974234498,4.161627519862626e-08
996,5.8652791675005,0.059930433124698486,4.444426742374806e-08
996,5.867200320192115,0.054440244405553964,3.737928785664414e-08
996,5.86912147288373,0.11235701828723002,5.4632530533050605e-08
996,5.8710426255753445,0.07969875832660216,6.595088078518195e-08
996,5.87296377826696,0.10948926253415162,1.355879332839826e-07
996,5.874884930958575,0.16312206937628734,9.445561076982936e-08
996,5.87680608365019,0.17355255058467464,2.218735157476763e-07
996,5.878727236341804,0.13154961519928407,2.0424065948335397e-08
996,5.88064838903342,0.08736904459774446,5.642755607128735e-08
996,5.882569541725035,0.0877433295393415,1.531700228535266e-08
996,5.88449069441665,0.2581813997613754,1.7377838737794374e-08
996,5.886411847108264,0.007920563855175696,1.1291944669554324e-08
996,5.8883329997998795,0.035841992131256606,1.2093828260576404e-07
996,5.890254152491495,0.06457888350860407,2.2860452855409492e-07
996,5.89217530518311,0.0757468250157165,6.078163872797899e-08
996,5.894096457874724,0.025060974024792057,1.1295409025889386e-07
996,5.896017610566339,0.14787778332223622,5.225258244737801e-08
996,5.8979387632579545,0.20158641752233575,4.231368128564132e-08
996,5.89985991594957,0.04409338992211599,2.9400335848541475e-07
996,5.901781068641184,0.08524253976066656,7.595993278083263e-08
996,5.903702221332799,0.1039857016474537,2.1023063891920104e-08
996,5.905623374024414,0.09637009976039398,7.623714050664021e-08
996,5.90754452671603,0.06465104142135537,2.5855844045571655e-07
996,5.909465679407644,0.09924477833941474,1.2821729637236471e-07
996,5.911386832099259,0.05268114735910048,9.049491884725867e-09
996,5.913307984790874,0.0936042112041763,9.142926631411579e-08
996,5.9152291374824895,0.13684564699555649,6.880255219094062e-08
996,5.917150290174104,0.05011552067770474,3.1947532169900845e-08
996,5.919071442865719,0.2139873047181404,4.504576883029249e-08
996,5.920992595557334,0.11766846545561763,1.6951754345213648e-07
996,5.922913748248949,0.12309601997736148,5.712922020980548e-08
996,5.924834900940564,0.04208909356083142,2.738413220583783e-08
996,5.926756053632179,0.049938378335773394,4.169517255973779e-08
996,5.928677206323794,0.18181038144266198,4.681011459303318e-09
996,5.930598359015409,0.040500952781960614,6.525852018424337e-09
996,5.9325195117070235,0.11659719876499042,7.352032777840333e-08
996,5.934440664398639,0.11411584991278056,6.127948724174504e-08
996,5.936361817090254,0.08790143411346875,4.360955601940618e-08
996,5.938282969781869,0.12078080083031263,5.407765598414076e-08
996,5.940204122473483,0.20345663105346296,1.928867350683784e-07
996,5.942125275165099,0.06311859370357949,4.836759420446262e-08
996,5.944046427856714,0.05505606148799701,3.179517774839268e-07
996,5.945967580548329,0.07606393392414364,1.8679847136592788e-08
996,5.947888733239943,0.05228875971708912,8.915323149425347e-08
996,5.9498098859315585,0.10853570693709018,3.2813670801806244e-07
996,5.951731038623174,0.1777601862440511,1.4633469683536203e-07
996,5.953652191314789,0.12203183604560583,6.322736193917923e-08
996,5.955573344006403,0.04206831709772988,3.0985592008813835e-07
996,5.957494496698018,0.06742678772987142,9.604936250104916e-08
996,5.9594156493896335,0.11560807183946542,1.0679575366934667e-07
996,5.961336802081249,0.10265218033220574,3.186635399008123e-08
996,5.963257954772863,0.07018995858524227,1.789707154969788e-08
996,5.965179107464478,0.1074858031429483,6.236553541052416e-08
996,5.967100260156093,0.09907780000109402,3.216684805970137e-08
996,5.969021412847709,0.10073196334181456,1.8920561700379264e-08
996,5.970942565539323,0.060076180692256835,1.319564638192655e-08
996,5.972863718230938,0.07370124120082022,1.0164188322644439e-07
996,5.974784870922553,0.09938428962946294,4.929021090986946e-08
996,5.9767060236141685,0.04491457514648733,5.414584058932541e-08
996,5.978627176305783,0.04335387260327481,1.0800243514345291e-07
996,5.980548328997398,0.23331404811368267,2.601555877702089e-08
996,5.982469481689013,0.0995481673530666,1.4053723572663154e-10
996,5.984390634380628,0.09554558128918918,1.255784247450406e-07
996,5.986311787072243,0.03531900549250275,1.3417043773673564e-07
996,5.988232939763858,0.1412760173559657,2.173408171276973e-08
996,5.990154092455473,0.10553385611709563,1.4309954404235407e-07
996,5.992075245147088,0.091275721384549,1.2704600402555077e-07
996,5.9939963978387025,0.02981965707565012,1.2245511811531461e-07
996,5.995917550530318,0.12114104488596188,1.6234889717324143e-09
996,5.997838703221933,0.25954275331032495,7.440676339586353e-08
996,5.999759855913548,0.19488238316291864,1.0352779515800446e-07
1012,0.0019211526916149688,2.7056641276787365,1.682340706323878e-07
1012,0.0038423053832299377,4.384321208776508,9.76273222698443e-08
1012,0.005763458074844906,0.9803994219666319,3.9189478538707573e-07
1012,0.007684610766459875,0.674587800959012,4.1407321172428394e-08
1012,0.009605763458074843,1.6228030927518684,4.721935580910068e-08
1012,0.011526916149689813,0.777881322697627,1.8755357654847924e-08
1012,0.013448068841304782,0.7050077701719467,1.3626033871288137e-08
1012,0.01536922153291975,1.6166821443561246,7.286726570025285e-08
1012,0.017290374224534718,0.3654629761184791,5.4783408827018345e-08
1012,0.019211526916149687,1.085624859426719,1.6718071040069338e-07
1012,0.021132679607764656,1.72312903858448,2.1355665520076711e-07
1012,0.023053832299379625,1.5026407223288838,5.816041876948454e-10
1012,0.024974984990994594,0.9785287731890291,2.2279825871972696e-08
1012,0.026896137682609563,2.6267371689261334,7.906545932413384e-08
1012,0.028817290374224532,1.6424990377043964,1.6697772016908212e-08
1012,0.0307384430658395,1.7771782451000249,5.350862011502686e-08
1012,0.032659595757454474,1.8536577810040997,2.664162470917901e-09
1012,0.034580748449069436,1.7502416533942164,9.636671921891088e-08
1012,0.036501901140684405,1.5935989086304452,7.22322326521585e-08
1012,0.038423053832299374,0.38107655763253495,4.9111847365218436e-08
1012,0.04034420652391434,1.375608666063762,1.1824988176216047e-08
1012,0.04226535921552931,1.0786006021369936,4.9234057799041474e-09
1012,0.04418651190714428,1.0242966058817244,1.4279917130859689e-07
1012,0.04610766459875925,1.3687781535913683,6.759104251838025e-08
1012,0.04802881729037422,0.6387930604878903,3.450644560447341e-08
1012,0.04994996998198919,0.1926435488169394,2.116227798737121e-08
1012,0.05187112267360416,1.8288992161450313,2.5288085623363343e-09
1012,0.053792275365219126,2.2182240030545852,3.624134384153467e-07
1012,0.055713428056834095,1.9271712532802685,4.278273651079167e-09
1012,0.057634580748449064,1.8830595678313538,1.2097874612261556e-07
1012,0.05955573344006403,0.6988160855902463,2.633611453799483e-08
1012,0.061476886131679,2.8337791599071864,1.9395438678401665e-07
1012,0.06339803882329398,0.7998600978907241,3.91783478353558e-09
1012,0.06531919151490895,6.906040125626984,1.823391093400486e-08
1012,0.0672403442065239,3.336859327491847,1.1044086830581173e-07
1012,0.06916149689813887,13.236015764659161,9.606507514734894e-08
1012,0.07108264958975384,2.160779467437388,6.183777805168464e-09
1012,0.07300380228136881,12.406904302967314,3.3423414132585826e-10
1012,0.07492495497298378,2.7984111681879638,3.054716282439583e-07
1012,0.07684610766459875,4.29593133601481,4.4924761124417074e-07
1012,0.07876726035621372,3.4482508579465563,3.4759420998717214e-08
1012,0.08068841304782869,2.477619406687452,3.4907672461484896e-08
1012,0.08260956573944365,2.733844356187595,2.225956160035301e-08
1012,0.08453071843105862,0.9961758632226068,1.9276091929346966e-07
1012,0.0864518711226736,1.557053918314532,7.408307711704526e-09
1012,0.08837302381428856,0.17753585347549775,2.3704743012737867e-08
1012,0.09029417650590353,2.542166903369047,2.2696401469022163e-08
1012,0.0922153291975185,0.6193704416200091,2.386572716843686e-08
1012,0.09413648188913347,1.2461528033934435,2.2352734575360367e-08
1012,0.09605763458074844,0.30675779888103466,4.513219484683726e-08
1012,0.09797878727236341,0.21259630038488017,9.327966162953843e-09
1012,0.09989993996397838,1.1467470724667814,8.360655033180631e-08
1012,0.10182109265559335,0.8409835611856512,1.0254402773708935e-07
1012,0.10374224534720831,1.2279253976306077,4.0561243270956936e-08
1012,0.10566339803882328,1.1301066109000892,5.7767267509105883e-08
1012,0.10758455073043825,1.0369440939669365,1.395353091088445e-07
1012,0.10950570342205322,0.20568105381129076,6.01471183401679e-08
1012,0.11142685611366819,0.4252831975748782,7.535855235854429e-08
1012,0.11334800880528316,0.09181842106103674,5.0901261322729725e-08
1012,0.11526916149689813,1.2344578904814985,1.1358040426821622e-07
1012,0.1171903141885131,0.9510396262613918,2.84685975294308e-08
1012,0.11911146688012807,0.7405951992082415,2.0235135473341809e-10
1012,0.12103261957174304,0.6663881227108552,1.2676843179673395e-07
1012,0.122953772263358,0.8614272175680356,3.1441936018919583e-08
1012,0.12487492495497297,0.5221936060859473,7.294299575055264e-08
1012,0.12679607764658796,1.2460863144262169,1.369001569351773e-07
1012,0.12871723033820293,1.3780503593414244,5.723947934756785e-08
1012,0.1306383830298179,0.9643865029419966,1.922730824450555e-08
1012,0.13255953572143284,0.34938042522252727,2.080968824149174e-08
1012,0.1344806884130478,1.2568290959454183,2.6250582262268943e-08
1012,0.13640184110466277,2.29125509607565,6.174668638364437e-08
1012,0.13832299379627774,2.3818563036880636,1.626314606682449e-08
1012,0.1402441464878927,2.8505995370475077,1.620851540927401e-08
1012,0.14216529917950768,12.563367822653506,3.1348926104502764e-08
1012,0.14408645187112265,3.6962633651106884,3.337737982680787e-07
1012,0.14600760456273762,2.7368881079960716,1.535448148010327e-08
1012,0.1479287572543526,3.064244580920385,4.3668405039764035e-07
1012,0.14984990994596756,1.5379421484476574,5.988398073670978e-08
1012,0.15177106263758253,0.29395480325655016,3.84901361809821e-09
1012,0.1536922153291975,0.257019011989479,4.1835168825342243e-07
1012,0.15561336802081246,1.1775138945154866,1.2010641961178446e-08
1012,0.15753452071242743,1.2638812425623542,1.2446818695591002e-08
1012,0.1594556734040424,0.8135905335540993,6.738783405102095e-08
1012,0.16137682609565737,1.1819423460562786,4.9942167406098315e-08
1012,0.16329797878727234,0.34771945829445655,7.128498853497299e-08
1012,0.1652191314788873,0.2701998540219608,3.080639662013271e-08
1012,0.16714028417050228,0.6015265345673381,4.9543627780570044e-08
1012,0.16906143686211725,1.1441532882734768,1.203221337986429e-08
1012,0.17098258955373222,0.9711015968377331,3.8333645482583885e-07
1012,0.1729037422453472,0.48447894355582477,3.549136198141988e-08
1012,0.17482489493696216,0.8557629216890902,2.1177333381546397e-07
1012,0.17674604762857712,0.574442874960591,2.7171938040954844e-08
1012,0.1786672003201921,0.47543634162028975,1.9870185281308664e-07
1012,0.18058835301180706,0.4728973229411705,1.0249344209525797e-07
1012,0.18250950570342203,1.054778252692773,1.3465837047993398e-09
1012,0.184430658395037,0.4323103249492772,1.4625696671093457e-07
1012,0.18635181108665197,1.4804573644373076,6.852622528851727e-08
1012,0.18827296377826694,0.3848271173745223,5.038934339889332e-08
1012,0.1901941164698819,0.044684661306172255,6.081042458244564e-08
1012,0.19211526916149688,0.19865848441451553,1.6463006861321918e-07
1012,0.19403642185311185,0.27684076808918295,1.8993613401500913e-08
1012,0.19595757454472681,1.3034058576998009,2.3576853527299857e-07
1012,0.19787872723634178,0.7053810699324594,4.815326941432586e-08
1012,0.19979987992795675,0.8007609735163116,1.8443203055160347e-07
1012,0.20172103261957172,0.5195084618529736,1.1125439466516359e-07
1012,0.2036421853111867,1.4514115629169797,3.2151885773914324e-09
1012,0.20556333800280166,1.696446421332626,4.8705566609325936e-08
1012,0.20748449069441663,4.122372242544362,1.6706470878517447e-07
1012,0.2094056433860316,1.613737316307094,6.096404442252346e-09
1012,0.21132679607764657,4.4601059411552235,9.316470529606222e-09
1012,0.21324794876926154,1.4191097163693573,2.3864876684903995e-08
1012,0.2151691014608765,5.228896563736344,4.45869886732873e-09
1012,0.21709025415249147,3.192401838921438,4.906678504397959e-08
1012,0.21901140684410644,2.401146030111556,9.866070103009709e-08
1012,0.2209325595357214,3.0926823562800503,1.300272412824784e-07
1012,0.22285371222733638,0.5748499607519155,4.552520749348195e-08
1012,0.22477486491895135,2.2360433227702465,6.089706986501478e-10
1012,0.22669601761056632,1.2285184790081998,1.1207048091147734e-07
1012,0.2286171703021813,0.706614034870775,3.018442186434537e-09
1012,0.23053832299379626,0.7424650946472285,8.087575869771002e-08
1012,0.23245947568541123,1.1984526867553693,8.605717518595667e-09
1012,0.2343806283770262,0.28347914648120603,2.840279474538142e-08
1012,0.23630178106864116,0.595085516603961,4.165449180812836e-08
1012,0.23822293376025613,0.36919953744582323,2.6845969166203244e-08
1012,0.2401440864518711,0.26134345691969374,3.899263984843521e-07
1012,0.24206523914348607,0.31718434177913557,1.040473488116973e-07
1012,0.24398639183510104,0.36910136884935707,1.1350286764891851e-07
1012,0.245907544526716,0.5702011168448922,5.321881519877256e-08
1012,0.24782869721833098,0.7222002172860258,1.1773275349508098e-07
1012,0.24974984990994595,0.503114940212404,3.472591935178961e-08
1012,0.25167100260156094,0.2177186485237271,1.7446962866896645e-07
1012,0.2535921552931759,0.627865785561415,5.3571262342307224e-08
1012,0.2555133079847909,0.270922084367352,1.0080516903849901e-07
1012,0.25743446067640585,0.8703817266595998,2.1455832802671765e-07
1012,0.2593556133680208,0.6926684987836054,4.51386615327472e-08
1012,0.2612767660596358,0.5036802021483331,3.426796615359521e-07
1012,0.26319791875125076,0.25937128277695753,4.394201620381903e-08
1012,0.2651190714428657,0.05678231656932937,3.0038518742812064e-07
1012,0.26704022413448064,0.4241784284806348,5.1728017001310466e-08
1012,0.2689613768260956,0.5969579582274818,2.5878717504418836e-08
1012,0.2708825295177106,0.9234033696902941,8.190458315153703e-08
1012,0.27280368220932555,0.561050671102095,1.0123719322390822e-07
1012,0.2747248349009405,0.6023796609769819,1.586935942383329e-08
1012,0.2766459875925555,0.8522222959766304,6.79004491603311e-08
1012,0.27856714028417046,2.0277203023031176,6.920986743614368e-09
1012,0.2804882929757854,1.9076764325026099,1.4667083121590904e-07
1012,0.2824094456674004,1.0181900465537432,7.398625995193342e-09
1012,0.28433059835901536,4.698341196165537,3.4339083922127815e-08
1012,0.28625175105063033,3.761288231696946,1.7636961501488146e-07
1012,0.2881729037422453,3.319512410739485,1.186223381557141e-07
1012,0.29009405643386027,2.1904445967338293,2.163856906412052e-08
1012,0.29201520912547524,0.9141595854266861,2.464559629332414e-07
1012,0.2939363618170902,0.3450480697093539,5.118128038248356e-08
1012,0.2958575145087052,0.30649669316710304,1.4167326042503574e-08
1012,0.29777866720032015,1.1968809789715287,7.44467716704753e-08
1012,0.2996998198919351,1.1174501162362955,2.009011420869944e-07
1012,0.3016209725835501,0.09955493807990379,7.716356581024089e-10
1012,0.30354212527516505,0.6270938105838281,3.6303399582800856e-08
1012,0.30546327796678,0.17666542148737166,1.7787514888427617e-07
1012,0.307384430658395,0.4493324904869283,3.014873752014715e-07
1012,0.30930558335000996,0.5475634565155362,2.173956030512836e-07
1012,0.31122673604162493,0.6159453875992711,1.722783252957147e-07
1012,0.3131478887332399,0.5001666342991096,5.2948671608181995e-08
1012,0.31506904142485487,0.18390490340248272,6.708555428859879e-09
1012,0.31699019411646984,0.30283559692659606,4.808602598243384e-08
1012,0.3189113468080848,0.12167821417022895,7.61881114825348e-09
1012,0.3208324994996998,0.3499251387542439,1.8043739409557952e-08
1012,0.32275365219131474,0.1105247592396253,4.3266048238480253e-07
1012,0.3246748048829297,0.64043408419062,1.226288480364161e-08
1012,0.3265959575745447,0.3597734437539989,5.8300302061082295e-08
1012,0.32851711026615965,1.1638163851592225,7.62473803455652e-08
1012,0.3304382629577746,0.2726362805410796,5.325861955891671e-08
1012,0.3323594156493896,0.43665338844502904,1.695746636679756e-09
1012,0.33428056834100456,0.1411672451804864,1.1514499233812416e-07
1012,0.3362017210326195,0.34708108528287585,8.947237263120287e-08
1012,0.3381228737242345,0.7549398990897501,1.7289198643822087e-08
1012,0.34004402641584947,0.27047559737532634,2.730369693909631e-07
1012,0.34196517910746443,0.4307610599073432,2.1255582254566575e-07
1012,0.3438863317990794,0.6316103125398873,8.40908855457893e-08
1012,0.3458074844906944,1.0512934543894474,2.5375028081662138e-08
1012,0.34772863718230934,1.035613858035513,9.705063510145608e-08
1012,0.3496497898739243,2.2585139113160766,1.7001665961998514e-07
1012,0.3515709425655393,0.9194833001051887,1.2208467640675614e-07
1012,0.35349209525715425,1.203801092882248,6.187383908545235e-09
1012,0.3554132479487692,1.906189320148915,2.2014929592514713e-08
1012,0.3573344006403842,2.8350819246264596,7.899369129170806e-09
1012,0.35925555333199916,3.002310958122403,5.975394742095871e-08
1012,0.3611767060236141,1.7724260755760486,6.164069855269724e-08
1012,0.3630978587152291,2.18989650548614,5.800202617451696e-08
1012,0.36501901140684406,0.3319809194877607,9.142270678516421e-08
1012,0.36694016409845903,1.581989389696639,2.9101629843680827e-08
1012,0.368861316790074,0.6813966492093134,9.053108250043671e-08
1012,0.37078246948168897,0.6535631152445974,3.791655065712103e-08
1012,0.37270362217330394,0.1822836578373581,4.472899561371046e-09
1012,0.3746247748649189,0.34894760356515847,3.3017137926373136e-07
1012,0.3765459275565339,0.28390199480546285,1.0361733258377383e-07
1012,0.37846708024814885,0.33973326095322437,3.916751187860596e-08
1012,0.3803882329397638,0.19289034333072097,7.471441071971006e-09
1012,0.3823093856313788,0.10218225779616917,5.444212001978111e-08
1012,0.38423053832299375,0.5649500207714272,9.253418362314318e-09
1012,0.3861516910146087,0.10322622550055457,3.9203057298208886e-08
1012,0.3880728437062237,0.7672575888687833,1.1656296137053259e-07
1012,0.38999399639783866,0.24316169469253937,1.1419598276696578e-07
1012,0.39191514908945363,0.4343024175474893,1.2483684651381687e-07
1012,0.3938363017810686,0.11398548308133455,2.5292544081021236e-08
1012,0.39575745447268357,0.303674490701404,2.0844487310460415e-07
1012,0.39767860716429854,0.3713827963368872,3.661063398859575e-08
1012,0.3995997598559135,0.710051808338801,6.89687454845458e-08
1012,0.4015209125475285,0.5209110927565727,1.1135647358648416e-07
1012,0.40344206523914344,0.011068801514050248,3.070897916959689e-09
1012,0.4053632179307584,0.18629632487966996,5.652834147618355e-09
1012,0.4072843706223734,0.08551077417265454,5.1014959242188664e-08
1012,0.40920552331398835,0.2544853129162335,1.6822332728535556e-07
1012,0.4111266760056033,0.3714318176600639,7.408759873403268e-08
1012,0.4130478286972183,0.21393804860857246,1.4619922561120054e-08
1012,0.41496898138883326,0.5845637705352711,1.65047348430657e-07
1012,0.4168901340804482,0.6435001316830757,8.895405461626678e-08
1012,0.4188112867720632,0.7653082438114314,6.861523518785077e-08
1012,0.42073243946367817,1.2405933843023567,4.215015378936725e-08
1012,0.42265359215529313,0.8707086430420841,6.572940716410726e-08
1012,0.4245747448469081,0.610977956002648,1.2556619652900685e-07
1012,0.42649589753852307,1.0251195012262941,2.8880088414389736e-08
1012,0.42841705023013804,3.5389661621430317,3.7770728216178784e-07
1012,0.430338202921753,2.448184998316027,2.734227291603882e-07
1012,0.432259355613368,1.0217796618327422,2.10177776307431e-08
1012,0.43418050830498295,0.543730328087979,3.438909419509705e-08
1012,0.4361016609965979,0.5527669670767881,4.29331671507795e-08
1012,0.4380228136882129,0.4728868637042494,3.0954146097215646e-08
1012,0.43994396637982786,0.8753970727054912,7.850183747413514e-09
1012,0.4418651190714428,0.6087893676859718,3.5960404301999924e-09
1012,0.4437862717630578,0.07080214595891315,1.3938788855956742e-08
1012,0.44570742445467276,0.45182823406206024,5.179594021512256e-08
1012,0.44762857714628773,0.14489788357732938,1.0054179484298713e-07
1012,0.4495497298379027,0.12244262287191468,6.290848915844958e-08
1012,0.45147088252951767,0.37647543360718716,1.331633318901333e-07
1012,0.45339203522113264,0.3791885131745455,6.120622922208426e-09
1012,0.4553131879127476,0.12836367759491907,3.3602467365439076e-08
1012,0.4572343406043626,0.3393150973481492,2.144170769517153e-08
1012,0.45915549329597755,0.1897717193207991,2.812426710730132e-07
1012,0.4610766459875925,0.21416332919579611,1.2531413331699135e-07
1012,0.4629977986792075,0.5036155644691731,1.9907425094496547e-07
1012,0.46491895137082245,0.28127129523759453,2.4764689279576233e-07
1012,0.4668401040624374,0.24503438047819734,4.99349501476334e-08
1012,0.4687612567540524,0.37189723121638746,4.951200481304033e-09
1012,0.47068240944566736,0.42211763288575993,1.377998264151143e-07
1012,0.47260356213728233,0.24665678119872927,4.6045859088193605e-08
1012,0.4745247148288973,0.3306069168480738,6.492714837332561e-09
1012,0.47644586752051227,0.06685462303442846,1.1564607284070942e-07
1012,0.47836702021212724,0.29303002817098905,1.593199052880133e-07
1012,0.4802881729037422,0.5172231272658413,7.657125223158814e-09
1012,0.4822093255953572,0.16619134520347192,2.7954608066003092e-08
1012,0.48413047828697214,0.2713168195155108,1.1961521390438164e-07
1012,0.4860516309785871,0.4159694559802439,4.202769740863642e-08
1012,0.4879727836702021,0.5908333947876976,4.380425791114626e-07
1012,0.48989393636181705,0.537730993478383,8.233786848668013e-08
1012,0.491815089053432,1.1470824132600494,3.230038624430984e-07
1012,0.493736241745047,0.30927498905068157,3.8574959574642765e-07
1012,0.49565739443666196,1.1303472723013115,7.747607350484056e-08
1012,0.4975785471282769,2.0384386467250333,2.5102253910414003e-07
1012,0.4994996998198919,1.539692881991283,4.312740060924242e-08
1012,0.5014208525115069,2.134122825457301,3.494102174010285e-08
1012,0.5033420052031219,1.5358270997877534,1.0796319892922344e-08
1012,0.5052631578947369,0.9793249095020716,7.150370209663311e-08
1012,0.5071843105863518,1.0078733923906795,2.0588755290349821e-07
1012,0.5091054632779668,1.2005576736110621,3.234662976046223e-08
1012,0.5110266159695818,0.18902715048520588,1.1743176481377113e-08
1012,0.5129477686611967,0.5550579178911349,6.811442237870026e-08
1012,0.5148689213528117,0.09658333849165472,5.878355991794934e-08
1012,0.5167900740444267,0.24576519795574547,6.28651863343318e-08
1012,0.5187112267360416,0.4610754569704211,1.0147243961046404e-07
1012,0.5206323794276566,0.3538836860053319,1.8143710215010166e-07
1012,0.5225535321192716,0.2090843064220771,5.4810930772377115e-08
1012,0.5244746848108865,0.20870201094037685,1.8416032610962893e-07
1012,0.5263958375025015,0.18239040748249227,5.683572018018957e-09
1012,0.5283169901941164,0.542087140491365,1.1521842660187636e-07
1012,0.5302381428857313,0.44564590416393657,1.1127200508551294e-07
1012,0.5321592955773463,0.19918227347021766,1.892968255094822e-07
1012,0.5340804482689613,0.4406732151208941,1.3622361219542354e-07
1012,0.5360016009605763,0.1333906664785779,6.385223376661549e-08
1012,0.5379227536521912,0.2534188426956091,3.146412677994638e-07
1012,0.5398439063438062,0.3424479670669417,1.3932093988216636e-07
1012,0.5417650590354212,0.09276148340487866,4.131655417982957e-08
1012,0.5436862117270361,0.06091367299145434,1.1105938737360416e-07
1012,0.5456073644186511,0.15677349101093732,3.57636324082872e-08
1012,0.5475285171102661,0.3317449988297801,4.0384121743230563e-08
1012,0.549449669801881,0.0849659360851753,6.95799868641517e-08
1012,0.551370822493496,0.1973078901079096,1.833524143506251e-07
1012,0.553291975185111,0.08985670229028692,2.704799144092084e-07
1012,0.5552131278767259,0.2901922026757899,3.710013263122172e-08
1012,0.5571342805683409,0.20094409580520836,1.7464135961016078e-07
1012,0.5590554332599559,0.5285767820152771,3.228420632319565e-07
1012,0.5609765859515708,0.6035952370012627,3.996602168562802e-07
1012,0.5628977386431858,0.6079333011203111,1.727474776148451e-08
1012,0.5648188913348008,0.6893728441668934,2.31137031791008e-08
1012,0.5667400440264158,0.6423921120922543,4.8051079024427934e-08
1012,0.5686611967180307,0.4293388348215745,1.1675139822587429e-07
1012,0.5705823494096457,2.7230795662987037,2.5775683626598604e-07
1012,0.5725035021012607,1.7701914104028296,3.3599241552959507e-07
1012,0.5744246547928756,0.22345730986494255,1.3694281823608946e-07
1012,0.5763458074844906,0.2920185036999015,5.349364700232576e-08
1012,0.5782669601761056,0.6597322159825951,2.7795339777046526e-10
1012,0.5801881128677205,0.6438292332147483,6.388828756464255e-09
1012,0.5821092655593355,0.5315163482434045,3.737921554507075e-08
1012,0.5840304182509505,0.4877213194236733,1.0392738365684409e-07
1012,0.5859515709425654,0.45954194988696795,1.737977455963256e-07
1012,0.5878727236341804,0.24872984028814654,1.1689889594331826e-07
1012,0.5897938763257954,0.36970236320022715,3.333540160908129e-08
1012,0.5917150290174104,0.3255517808783689,2.395131852425352e-07
1012,0.5936361817090253,0.210258258029556,2.0980039802572336e-07
1012,0.5955573344006403,0.16935383866053538,2.8632403358620436e-08
1012,0.5974784870922553,0.22016034158083742,1.2941573157448416e-07
1012,0.5993996397838702,0.3992859716836699,2.4529239970350304e-08
1012,0.6013207924754852,0.2921938579154408,1.0199842670011739e-07
1012,0.6032419451671002,0.29612674945269757,8.944042727898711e-08
1012,0.6051630978587151,0.38091379358122657,9.493701553073195e-08
1012,0.6070842505503301,0.15819669815085338,8.355548762431632e-08
1012,0.6090054032419451,0.28366734201712945,7.71397642228736e-08
1012,0.61092655593356,0.37269288288348673,2.1584248146861944e-08
1012,0.612847708625175,0.46992860148801946,1.346791035368386e-07
1012,0.61476886131679,0.29800754646661104,1.8720406406590846e-07
1012,0.616690014008405,0.19325341932705475,2.0902361058143162e-09
1012,0.6186111667000199,0.123321141685555,1.3404001068448556e-08
1012,0.6205323193916349,0.11303557705025905,2.4087489346970515e-07
1012,0.6224534720832499,0.42019623764377023,5.560765947543297e-08
1012,0.6243746247748648,0.29850907474377003,2.4367554234486242e-08
1012,0.6262957774664798,0.29700134568672554,1.0873353601686155e-07
1012,0.6282169301580948,0.3734009117048527,2.6732574477330096e-08
1012,0.6301380828497097,0.19986573454200715,1.2941554928021947e-07
1012,0.6320592355413247,0.5999566806345967,9.144574085786666e-08
1012,0.6339803882329397,0.5610201173818462,1.5472772953213921e-07
1012,0.6359015409245546,0.3811602975257533,1.4678291469985372e-07
1012,0.6378226936161696,0.9540837634028773,1.206760316197732e-07
1012,0.6397438463077846,1.2222445892125153,1.6518444339421562e-07
1012,0.6416649989993995,0.7482972619835584,1.3791905432543135e-07
1012,0.6435861516910145,1.4910925041490535,9.097559387277143e-08
1012,0.6455073043826295,1.0985360423169825,8.075987038330718e-08
1012,0.6474284570742445,0.31196587852976837,2.1091020807876315e-07
1012,0.6493496097658594,1.2984014782517623,4.221952869486538e-08
1012,0.6512707624574744,0.8185451492088458,4.0724640660794433e-07
1012,0.6531919151490894,0.3435692042967428,9.49444034011735e-08
1012,0.6551130678407043,0.23090643988697102,3.823105751993214e-07
1012,0.6570342205323193,0.09081747915587846,7.587703523596213e-08
1012,0.6589553732239343,0.1437771264043178,4.9168246547315864e-08
1012,0.6608765259155492,0.5017346313347206,3.7940342195338395e-08
1012,0.6627976786071642,0.2208414965052214,4.3781039256528483e-08
1012,0.6647188312987792,0.04098116215168575,1.0779035447119501e-07
1012,0.6666399839903941,0.08533593781487882,1.829216860307157e-07
1012,0.6685611366820091,0.2159745942504224,3.3758716625773046e-08
1012,0.6704822893736241,0.09090942411614171,8.871439415589554e-09
1012,0.672403442065239,0.19239123486198542,7.717984030237523e-08
1012,0.674324594756854,0.3926848212370472,5.203042546006429e-08
1012,0.676245747448469,0.31389738961103003,1.498711600841638e-07
1012,0.678166900140084,0.1778068012822838,6.638340247275238e-08
1012,0.6800880528316989,0.11765181549321725,2.5487893235766782e-08
1012,0.6820092055233139,0.12981857944389222,9.325172422206987e-08
1012,0.6839303582149289,0.05927310976232111,6.048832357776636e-08
1012,0.6858515109065438,0.16626547544804016,6.97912920011685e-08
1012,0.6877726635981588,0.27680596842698063,1.842481728900233e-08
1012,0.6896938162897738,0.3419920930591887,4.497566811054705e-07
1012,0.6916149689813887,0.13732469373586653,8.616652538690599e-08
1012,0.6935361216730037,0.10631219887976107,1.4629809400139125e-07
1012,0.6954572743646187,0.18193222583994234,2.157034787022558e-07
1012,0.6973784270562337,0.18567573438074247,2.4996559995308283e-07
1012,0.6992995797478486,0.16223240108393364,2.470269772014387e-07
1012,0.7012207324394636,0.36888740392443403,2.452731746257069e-08
1012,0.7031418851310786,0.3165653527403795,2.4718745070734127e-07
1012,0.7050630378226935,0.19263085735938465,1.5971060240901136e-07
1012,0.7069841905143085,0.4994141846617268,3.2170944236503576e-08
1012,0.7089053432059235,0.3218611814012607,5.54887889996143e-08
1012,0.7108264958975384,0.7614915361246896,1.8775567517894406e-08
1012,0.7127476485891534,1.5281092721260106,3.820584936197072e-07
1012,0.7146688012807684,1.2658981339102684,7.274556982297332e-07
1012,0.7165899539723833,0.9995794004827763,1.4247052433008229e-08
1012,0.7185111066639983,0.38822352887449946,9.152467510410966e-08
1012,0.7204322593556133,0.5480128152670837,6.049284627234732e-08
1012,0.7223534120472282,0.6323647472738052,1.7811359517963792e-07
1012,0.7242745647388432,0.44368196688493117,2.1477542962251001e-07
1012,0.7261957174304582,0.20097031786424704,1.3004943110488688e-07
1012,0.7281168701220732,0.4626755905498033,2.3631626491062888e-07
1012,0.7300380228136881,0.15554238213116403,1.4661214433373353e-07
1012,0.7319591755053031,0.32548829506430044,1.5237605379153686e-08
1012,0.7338803281969181,0.23050116590770647,1.1584860424060349e-08
1012,0.735801480888533,0.04681594582057754,4.796158151120908e-08
1012,0.737722633580148,0.18258568334378092,9.92901786563358e-10
1012,0.739643786271763,0.32259976052188927,3.7237052060220345e-08
1012,0.7415649389633779,0.18701221646474642,1.5606228583476228e-07
1012,0.7434860916549929,0.11755164730082313,6.650554985050927e-09
1012,0.7454072443466079,0.1442917074716463,5.812043918887058e-08
1012,0.7473283970382228,0.24757789123051052,2.8925581593795955e-07
1012,0.7492495497298378,0.3666445962557664,1.615189082604439e-08
1012,0.7511707024214528,0.041441656727133465,4.049956754866089e-07
1012,0.7530918551130678,0.1058092155909608,6.224640725500236e-08
1012,0.7550130078046827,0.25050067346954086,4.1227388029425124e-08
1012,0.7569341604962977,0.3250559940888932,1.3906101868408434e-08
1012,0.7588553131879127,0.12760936542881016,1.753625227671482e-07
1012,0.7607764658795276,0.142725665282049,5.621990873599327e-08
1012,0.7626976185711426,0.1855962113290539,1.2898947024192815e-07
1012,0.7646187712627576,0.09821161165782495,1.1117388741935703e-07
1012,0.7665399239543725,0.2984315795226946,6.736649847596445e-09
1012,0.7684610766459875,0.38179372154304786,3.01984552423658e-08
1012,0.7703822293376025,0.13793576082658843,5.123870717334406e-08
1012,0.7723033820292174,0.09208186263705966,1.0576950238477217e-07
1012,0.7742245347208324,0.23481612418327166,8.863782358796023e-08
1012,0.7761456874124474,0.4667194752631572,5.662800668899081e-08
1012,0.7780668401040624,0.4614893250978735,9.552889479421264e-09
1012,0.7799879927956773,0.8222317650674008,8.533307939228868e-08
1012,0.7819091454872923,0.5843037014008943,2.931831887975103e-07
1012,0.7838302981789073,0.50878858155896,4.51796161900068e-08
1012,0.7857514508705222,1.206253496115209,3.877966935886932e-08
1012,0.7876726035621372,1.094546931740164,2.468349232928194e-07
1012,0.7895937562537522,0.2682571286910286,1.3407413382857982e-08
1012,0.7915149089453671,0.9180412632183393,1.2946491978581086e-07
1012,0.7934360616369821,0.6156651761714849,2.650660084427552e-08
1012,0.7953572143285971,0.06469840679640247,3.5153103558074037e-07
1012,0.797278367020212,0.1514838225114848,1.3804268668522558e-07
1012,0.799199519711827,0.22054648731864293,4.527860570804849e-07
1012,0.801120672403442,0.39659504823281455,2.4432893334279324e-07
1012,0.803041825095057,0.27225950231120183,1.933177750741192e-07
1012,0.8049629777866719,0.04867166784550556,1.0342508574863057e-07
1012,0.8068841304782869,0.056351897753132686,7.076212704675673e-08
1012,0.8088052831699019,0.09343466484289513,3.160360571353754e-08
1012,0.8107264358615168,0.3017638220974053,7.302498911981643e-08
1012,0.8126475885531318,0.21585329611819562,8.614321419254531e-08
1012,0.8145687412447468,0.1104059298161922,2.2212470198927646e-09
1012,0.8164898939363617,0.29582725886383093,4.007587764984907e-08
1012,0.8184110466279767,0.08994946060773139,2.945433509200243e-08
1012,0.8203321993195917,0.15633559458826746,8.516679705609211e-08
1012,0.8222533520112066,0.16137321058293014,7.785826503831357e-08
1012,0.8241745047028216,0.2632926211354954,7.961464185868463e-09
1012,0.8260956573944366,0.10552552439079409,1.4243828110459026e-07
1012,0.8280168100860515,0.10780703080619004,1.213615163970507e-07
1012,0.8299379627776665,0.2228105581559607,1.885340463605302e-07
1012,0.8318591154692815,0.225931194225474,2.7291492295728047e-07
1012,0.8337802681608965,0.0975411664409777,2.351205029128799e-07
1012,0.8357014208525114,0.15499530279797866,4.2448657654996574e-08
1012,0.8376225735441264,0.1460707370768423,1.7787865491075605e-07
1012,0.8395437262357414,0.3082257459821012,5.0705458862801237e-08
1012,0.8414648789273563,0.13844981267783985,2.3713431466140437e-07
1012,0.8433860316189713,0.23624340582961476,4.9575126473305685e-08
1012,0.8453071843105863,0.17055605975272684,2.91237521223723e-09
1012,0.8472283370022012,0.12987271328426045,4.322283114758913e-08
1012,0.8491494896938162,0.2651667599751322,2.3759087552899854e-09
1012,0.8510706423854312,0.2603591575534297,6.627887613307111e-08
1012,0.8529917950770461,0.5438031642111482,7.961108585890991e-08
1012,0.8549129477686611,0.5882842829660788,7.3970541010404905e-09
1012,0.8568341004602761,1.1434940640272242,4.196542470275979e-08
1012,0.858755253151891,1.4655890399593232,1.928103333260884e-07
1012,0.860676405843506,0.38168796158415014,1.3884676933569364e-08
1012,0.862597558535121,0.6093046976080952,3.817146201401847e-08
1012,0.864518711226736,0.31066371055677444,1.366301554493573e-08
1012,0.8664398639183509,0.35392371622993213,1.3916375952368827e-07
1012,0.8683610166099659,0.2873919008060149,1.0539032879088522e-07
1012,0.8702821693015809,0.2179189954859857,3.8597817601194425e-09
1012,0.8722033219931958,0.1740674028572827,2.2672706479783146e-07
1012,0.8741244746848108,0.2656596663196895,1.3749198623731322e-07
1012,0.8760456273764258,0.18853686892284907,2.0850246606843633e-08
1012,0.8779667800680407,0.11456108183512127,2.1563678109541277e-07
1012,0.8798879327596557,0.2074277902523357,9.093300966011437e-09
1012,0.8818090854512707,0.1185503258594413,1.5549321925461263e-07
1012,0.8837302381428856,0.2592864686280475,6.712733295089424e-08
1012,0.8856513908345006,0.25554414595499364,1.0227365459370618e-07
1012,0.8875725435261156,0.1924414775941828,8.674723901157261e-08
1012,0.8894936962177306,0.09976330748190315,7.317733111805081e-09
1012,0.8914148489093455,0.42042192223674074,1.87483346006403e-08
1012,0.8933360016009605,0.20322773205746245,8.711921810723917e-08
1012,0.8952571542925755,0.03735808955065212,1.313073079975337e-07
1012,0.8971783069841904,0.18391261245175586,3.375263639412128e-08
1012,0.8990994596758054,0.12657247332644533,1.282884810694946e-07
1012,0.9010206123674204,0.3354962163053928,2.382032235152722e-07
1012,0.9029417650590353,0.152480658442748,1.6647000156363005e-07
1012,0.9048629177506503,0.25268453231383536,1.0936527490892837e-07
1012,0.9067840704422653,0.2458462797831032,8.705312265359271e-08
1012,0.9087052231338802,0.24035053005231083,1.417689760768292e-07
1012,0.9106263758254952,0.2093391639733211,8.459432252559705e-08
1012,0.9125475285171102,0.15566170207358873,2.0121933991184844e-08
1012,0.9144686812087252,0.13141564880277617,6.179101940649775e-08
1012,0.9163898339003401,0.33271589029195714,1.7299438055691746e-07
1012,0.9183109865919551,0.14123092739598353,2.724900764039824e-07
1012,0.9202321392835701,0.3944245833743826,3.576467404712739e-08
1012,0.922153291975185,0.10683450955202156,5.595018454839905e-08
1012,0.9240744446668,0.32790604901828474,3.564290459040916e-08
1012,0.925995597358415,0.2735563691868933,1.8743649237005138e-07
1012,0.9279167500500299,1.3796398562181806,1.847725715541154e-08
1012,0.9298379027416449,1.0807940358576171,5.974810726941666e-08
1012,0.9317590554332599,0.3231439032216966,2.9659172727257115e-08
1012,0.9336802081248748,0.8395173724966665,2.4434758935797188e-08
1012,0.9356013608164898,0.11658829472374917,3.1622312676983295e-07
1012,0.9375225135081048,0.2632330557332656,2.299906402391202e-07
1012,0.9394436661997198,0.25809112070781504,4.330435319753477e-08
1012,0.9413648188913347,0.17690971171808562,1.3574473488941292e-08
1012,0.9432859715829497,0.31611334883329656,2.238569142793067e-08
1012,0.9452071242745647,0.20851833894281385,1.3896680916035658e-08
1012,0.9471282769661796,0.3158516579438975,2.4351725873458076e-08
1012,0.9490494296577946,0.36730272779038525,1.578465273926098e-07
1012,0.9509705823494096,0.13820476738687978,1.6929979506122755e-07
1012,0.9528917350410245,0.2626013243930597,7.125825850191227e-08
1012,0.9548128877326395,0.2699504580557227,4.2076082545286145e-07
1012,0.9567340404242545,0.2862012678741771,2.503928491822679e-07
1012,0.9586551931158694,0.13784490917062212,2.0062031725982565e-07
1012,0.9605763458074844,0.3787458972155145,1.6721054154966245e-08
1012,0.9624974984990994,0.28953953924332754,1.0179435152704294e-07
1012,0.9644186511907143,0.35197414211802136,6.211512107232126e-08
1012,0.9663398038823293,0.24927823171136246,1.7214599890947469e-07
1012,0.9682609565739443,0.2513488477209206,5.874819129565271e-08
1012,0.9701821092655593,0.07712777669661346,2.363806455006522e-07
1012,0.9721032619571742,0.25604851955841024,5.044538448042894e-07
1012,0.9740244146487892,0.23422228468539102,3.1384830648545286e-08
1012,0.9759455673404042,0.4653288303501832,4.404132627719403e-08
1012,0.9778667200320191,0.44313457628074165,1.3396751108851439e-07
1012,0.9797878727236341,0.4836843316924005,2.9161122745898164e-07
1012,0.9817090254152491,0.3107248658865298,1.3700091848311418e-07
1012,0.983630178106864,0.3229716751021633,6.535562543707948e-08
1012,0.985551330798479,0.2742231034340088,1.927798484792675e-08
1012,0.987472483490094,0.5351578009499511,2.5697816091083975e-08
1012,0.989393636181709,0.6884072453602333,3.478329696929126e-08
1012,0.9913147888733239,0.5602610072713464,5.8339521874216115e-08
1012,0.9932359415649389,1.0370722392895306,6.292835055932582e-08
1012,0.9951570942565539,1.1038584893143102,1.7925890882495322e-07
1012,0.9970782469481688,2.6054411187988356,5.546604461337301e-08
1012,0.9989993996397838,4.665462553365284,1.1730103309030928e-07
1012,1.0009205523313989,4.2996442934686705,3.1566545690871717e-07
1012,1.0028417050230138,2.8560895081067894,2.0233274726119942e-07
1012,1.0047628577146288,1.0870363320199183,9.175444001202837e-08
1012,1.0066840104062438,0.7119552525675368,6.164755712654486e-09
1012,1.0086051630978587,0.40679809891974217,4.4645615612532837e-08
1012,1.0105263157894737,0.562219680603554,2.08649493798407e-08
1012,1.0124474684810887,0.28614153887563937,2.3278784442520482e-07
1012,1.0143686211727037,0.16969083660020623,5.629101099978506e-08
1012,1.0162897738643186,0.09916798870615567,3.383147593033869e-08
1012,1.0182109265559336,0.14982811567614,5.1287053983561015e-08
1012,1.0201320792475486,0.299299777596362,1.2288017746600169e-08
1012,1.0220532319391635,0.5378326460095769,1.4970178146808388e-07
1012,1.0239743846307785,0.45788631726038237,4.563683657993511e-08
1012,1.0258955373223935,0.12010129435784422,8.742586431511688e-08
1012,1.0278166900140084,0.31928028203827696,7.446942501811177e-09
1012,1.0297378427056234,0.1883009203964869,2.361147017811279e-08
1012,1.0316589953972384,0.39212485669376435,3.092755622013769e-07
1012,1.0335801480888533,0.08690352332664746,6.627553705748579e-08
1012,1.0355013007804683,0.27384084554136223,1.0197308875631983e-07
1012,1.0374224534720833,0.10125819644099875,2.0834513049204714e-08
1012,1.0393436061636983,0.1630241523102334,4.745512993350587e-08
1012,1.0412647588553132,0.04974679320824762,3.594320695568862e-08
1012,1.0431859115469282,0.07743188074343715,2.014413053199211e-08
1012,1.0451070642385432,0.26699191078127066,1.742099141607083e-07
1012,1.0470282169301581,0.10284053343209423,2.6351457229121043e-07
1012,1.048949369621773,0.09582887887107788,1.6528380866413792e-07
1012,1.050870522313388,0.20548389574680417,2.1284241244158838e-07
1012,1.052791675005003,0.5027290130966631,1.2794914933442599e-08
1012,1.054712827696618,0.27849947413671483,9.945332540016093e-08
1012,1.0566339803882328,0.388080979645914,3.4515955757249965e-07
1012,1.0585551330798477,0.1398703768504016,2.5011531059718253e-07
1012,1.0604762857714627,0.033591674377581746,6.181705709683359e-09
1012,1.0623974384630777,0.1774601740411806,1.6547456315694168e-08
1012,1.0643185911546926,0.06829473864870403,2.595335444981773e-10
1012,1.0662397438463076,1.0364416179233136,1.545975502386181e-08
1012,1.0681608965379226,0.7141454121774782,1.7600849386647053e-08
1012,1.0700820492295375,1.5975407911423436,6.834402694577753e-09
1012,1.0720032019211525,1.3273912010173636,1.3779080947692914e-07
1012,1.0739243546127675,0.5187038995960821,1.1699200683772103e-07
1012,1.0758455073043824,0.33212624636681903,9.762214883619843e-09
1012,1.0777666599959974,0.5111420432208535,1.4662869736610815e-07
1012,1.0796878126876124,0.3311263288312556,2.1769561340608874e-08
1012,1.0816089653792273,0.292596148291556,5.908990131475607e-10
1012,1.0835301180708423,0.26091432422040256,8.320033436750609e-10
1012,1.0854512707624573,0.1456973102186405,5.831968669945117e-09
1012,1.0873724234540723,0.1204172253696478,2.0394998003691754e-08
1012,1.0892935761456872,0.16680329444767947,1.3047928509765513e-07
1012,1.0912147288373022,0.21926812514495306,6.551432129586236e-08
1012,1.0931358815289172,0.1521198174456889,2.532340874115268e-08
1012,1.0950570342205321,0.24886937993902883,4.336931117135093e-09
1012,1.096978186912147,0.13915427271939138,4.0052061286595983e-07
1012,1.098899339603762,0.2760372367753632,2.6422491137809806e-08
1012,1.100820492295377,0.1530435466057094,1.2910599827314924e-07
1012,1.102741644986992,0.17278475832835904,6.464881343228107e-09
1012,1.104662797678607,0.16647034633860502,1.7776538301848554e-08
1012,1.106583950370222,0.05291857068618302,5.593377177342235e-08
1012,1.108505103061837,0.07376271179266393,4.5952021126638854e-08
1012,1.1104262557534519,0.16611351110813588,2.027464457398366e-07
1012,1.1123474084450669,0.08797791245210045,2.4348005542563765e-07
1012,1.1142685611366818,0.10825356241722373,1.9536898855077565e-08
1012,1.1161897138282968,0.21208260004565618,8.673720308266418e-09
1012,1.1181108665199118,0.12096844657926639,6.070366592568722e-08
1012,1.1200320192115267,0.08101303571651237,1.1871500162909636e-08
1012,1.1219531719031417,0.1554110662317611,8.019058862207888e-08
1012,1.1238743245947567,0.14621417929947864,1.120729076493709e-07
1012,1.1257954772863716,0.16573273574092146,9.798538240976854e-09
1012,1.1277166299779866,0.22984585953503747,2.7707573492639125e-08
1012,1.1296377826696016,0.14700691015423745,7.633285802334861e-09
1012,1.1315589353612165,0.17209787223383172,5.6073780549644205e-08
1012,1.1334800880528315,0.2419927031442839,4.049650878098592e-07
1012,1.1354012407444465,0.3769939973728791,2.0771736205001118e-07
1012,1.1373223934360615,0.641738663965525,3.407402760578524e-08
1012,1.1392435461276764,0.2569415019115193,1.4671477671922635e-07
1012,1.1411646988192914,0.9945387442882786,8.855554517844792e-08
1012,1.1430858515109064,1.4610328658081113,7.899649245201678e-08
1012,1.1450070042025213,0.8200866685768167,9.919813816465181e-09
1012,1.1469281568941363,0.44831871124809847,2.101244841771607e-08
1012,1.1488493095857513,0.17610128354263024,2.341096682297488e-09
1012,1.1507704622773662,0.3157560430878291,2.57025138223115e-08
1012,1.1526916149689812,0.19994337390523576,1.1451975165928868e-08
1012,1.1546127676605962,0.3764260552406705,1.3792221822506577e-07
1012,1.1565339203522111,0.22859204998186797,1.5600095488485007e-07
1012,1.1584550730438261,0.09249673962267517,1.1692501034170694e-07
1012,1.160376225735441,0.2675240144210605,1.1656571972387606e-07
1012,1.162297378427056,0.05427961046034631,2.4159792369495014e-08
1012,1.164218531118671,0.07815254894334588,1.1839547067460187e-07
1012,1.166139683810286,0.1632680946509942,7.634771419273073e-09
1012,1.168060836501901,0.07522518143696684,2.7641904284414506e-08
1012,1.169981989193516,0.18779221067140134,1.477678458443458e-07
1012,1.171903141885131,0.12776576416446497,2.1409895856526812e-07
1012,1.1738242945767459,0.04965520712337114,5.986582016545049e-08
1012,1.1757454472683608,0.12215588999588091,1.6444160494178312e-07
1012,1.1776665999599758,0.14949411385843267,1.0892795959582811e-07
1012,1.1795877526515908,0.10011333593044215,2.9907417779541e-08
1012,1.1815089053432057,0.043953955378612554,1.9001473695028528e-07
1012,1.1834300580348207,0.09707335287836202,4.859556677296613e-08
1012,1.1853512107264357,0.14173563028957975,1.1585951352005202e-08
1012,1.1872723634180506,0.1399042556096678,4.4462571732656253e-08
1012,1.1891935161096656,0.1820058550694575,3.4601810739819383e-07
1012,1.1911146688012806,0.09844099523405923,1.4685896602563787e-07
1012,1.1930358214928956,0.1284735647754202,1.0548082640769105e-08
1012,1.1949569741845105,0.042109091846442015,6.144951454039112e-08
1012,1.1968781268761255,0.059916273599606176,5.852002787743504e-08
1012,1.1987992795677405,0.09646799053544118,4.1673680540665766e-08
1012,1.2007204322593554,0.20206851050864286,1.3974267721142933e-07
1012,1.2026415849509704,0.16605547094422576,1.8940753580511946e-07
1012,1.2045627376425854,0.2419211600909474,3.0520324148450323e-07
1012,1.2064838903342003,0.2966912474207281,1.1664284453872133e-08
1012,1.2084050430258153,0.6956832300474157,3.2071898519910985e-08
1012,1.2103261957174303,0.12780957149178845,2.427357168759367e-08
1012,1.2122473484090452,1.0381409441160114,1.7572050924716809e-07
1012,1.2141685011006602,0.914490697654761,9.201804426793194e-08
1012,1.2160896537922752,0.36565970016779115,3.3492925425898635e-07
1012,1.2180108064838902,0.442734934438228,1.7338545814741415e-07
1012,1.2199319591755051,0.5323799520793077,3.8682912138870735e-07
1012,1.22185311186712,0.24631222787580292,1.7911876621978965e-07
1012,1.223774264558735,0.23551172281601,4.040388349381531e-08
1012,1.22569541725035,0.12285939231542986,1.857048253727123e-07
1012,1.227616569941965,0.1977579567997493,1.5544893123299724e-10
1012,1.22953772263358,0.11787343934540014,6.932549143298209e-11
1012,1.231458875325195,0.1823592278321453,4.085809359408239e-08
1012,1.23338002801681,0.20767549723528622,1.699498615557336e-07
1012,1.2353011807084249,0.022195288006621374,1.1585599926340055e-07
1012,1.2372223334000398,0.16693327898498242,1.9390492527554403e-07
1012,1.2391434860916548,0.12603670124344338,2.5157583930701924e-07
1012,1.2410646387832698,0.0801540560375347,1.4672511903886623e-07
1012,1.2429857914748847,0.09673043955928683,5.234622630705852e-08
1012,1.2449069441664997,0.028840063170554483,9.209225655144687e-08
1012,1.2468280968581147,0.07892470522623068,2.4831409474028515e-07
1012,1.2487492495497297,0.1273988673337199,3.023521205571074e-08
1012,1.2506704022413446,0.14590169139872222,2.2067781164944114e-07
1012,1.2525915549329596,0.02913006262954446,7.067498053527107e-08
1012,1.2545127076245746,0.04597881073013025,1.785296643429742e-07
1012,1.2564338603161895,0.06053277890746757,1.582020399331662e-07
1012,1.2583550130078045,0.16652575651924342,2.7502484299842234e-08
1012,1.2602761656994195,0.2164881897132764,8.249861665035417e-08
1012,1.2621973183910344,0.07032318210250117,5.024771175328983e-07
1012,1.2641184710826494,0.11721726131550454,1.1457592437183777e-07
1012,1.2660396237742644,0.11623021842927858,6.437014136761653e-08
1012,1.2679607764658793,0.11138377965878764,1.4663621754354733e-07
1012,1.2698819291574943,0.22686151380844993,2.2554329457884075e-08
1012,1.2718030818491093,0.10036685454302534,6.670886748601706e-08
1012,1.2737242345407243,0.2510682909178336,3.2250987599563863e-09
1012,1.2756453872323392,0.1688368902452686,5.869697479869771e-08
1012,1.2775665399239542,0.3960875961622727,1.8904638159843048e-08
1012,1.2794876926155692,0.36288281001007977,1.825576545797253e-08
1012,1.2814088453071841,0.2761352784248698,5.965069471968952e-08
1012,1.283329997998799,0.39216578853682926,4.274657634709187e-08
1012,1.285251150690414,0.9557753597761595,1.2747719772350605e-07
1012,1.287172303382029,0.9716400411158187,5.144733594602465e-08
1012,1.289093456073644,0.3174662094721901,8.861034678386393e-10
1012,1.291014608765259,0.2536641550673898,2.1142012026814885e-08
1012,1.292935761456874,0.2964789135753393,3.45984714311691e-08
1012,1.294856914148489,0.06655344434195223,2.0430372364445486e-08
1012,1.2967780668401039,0.39559887822273065,2.1942853575578887e-07
1012,1.2986992195317189,0.2478096673078258,3.160311104190544e-08
1012,1.3006203722233338,0.14980262360022997,3.652760416806726e-08
1012,1.3025415249149488,0.09559360855227847,5.348787410675343e-08
1012,1.3044626776065638,0.058207391949118975,5.544504604350863e-08
1012,1.3063838302981787,0.032078220952080835,2.8090863924828466e-08
1012,1.3083049829897937,0.21879361626403623,1.4674565260701837e-07
1012,1.3102261356814087,0.12421574423026255,1.9498238927955637e-07
1012,1.3121472883730236,0.042871882624932744,2.955295460939088e-08
1012,1.3140684410646386,0.22943674339654177,1.9830532157928589e-07
1012,1.3159895937562536,0.10954433528648844,2.323080599738827e-07
1012,1.3179107464478685,0.18315943168213242,1.197452251603777e-08
1012,1.3198318991394835,0.024446674404671596,1.4393802853301103e-08
1012,1.3217530518310985,0.06518574767043314,2.0088043216676922e-08
1012,1.3236742045227134,0.22031955119023797,1.1032985053248805e-07
1012,1.3255953572143284,0.11920650272329314,3.176227912825675e-08
1012,1.3275165099059434,0.24847412039759328,3.8333177606309674e-08
1012,1.3294376625975584,0.1560260466335122,2.0589316946779772e-07
1012,1.3313588152891733,0.033161149699659435,1.4233036985966265e-07
1012,1.3332799679807883,0.11110669674170373,9.645872186120776e-08
1012,1.3352011206724033,0.17463108131611627,8.752012926203816e-08
1012,1.3371222733640182,0.13478650785246626,1.1012567577957304e-08
1012,1.3390434260556332,0.08775791492118132,4.0355821446837627e-08
1012,1.3409645787472482,0.1300776191981789,2.305011064037886e-07
1012,1.3428857314388631,0.15947178882030144,2.755367194964013e-08
1012,1.344806884130478,0.32209468218104254,4.865881085638376e-07
1012,1.346728036822093,0.11846227216932129,8.679213041933086e-08
1012,1.348649189513708,0.33479074652745905,1.4729004400242412e-07
1012,1.350570342205323,0.5542006852262529,2.1318784524357995e-07
1012,1.352491494896938,0.1475768065705219,1.5916300457607592e-07
1012,1.354412647588553,0.5513467334368725,2.874996126773411e-08
1012,1.356333800280168,0.58314832097341,1.0110155993566672e-08
1012,1.358254952971783,0.21669897233903374,3.991166300889225e-08
1012,1.3601761056633979,0.5541866520464608,2.7939168069733202e-08
1012,1.3620972583550128,0.5916002534895053,1.853059779694109e-07
1012,1.3640184110466278,0.0922438818122857,3.1931724516750716e-07
1012,1.3659395637382428,0.2075180725455896,5.853400115275079e-08
1012,1.3678607164298577,0.0746219688045618,3.126734278764665e-08
1012,1.3697818691214727,0.07311231352101627,2.6580230643055788e-08
1012,1.3717030218130877,0.15244447859261015,2.819461785724249e-08
1012,1.3736241745047026,0.1015629528228418,2.418501477584846e-08
1012,1.3755453271963176,0.10237082755682696,8.993406131800412e-08
1012,1.3774664798879326,0.04308924890514829,3.354519637329321e-08
1012,1.3793876325795476,0.11842968934046595,7.828485923874237e-08
1012,1.3813087852711625,0.07936740359116246,4.857542137058067e-07
1012,1.3832299379627775,0.19605444741897526,7.746086715160999e-08
1012,1.3851510906543925,0.03152613795807209,2.9790296368620016e-08
1012,1.3870722433460074,0.13363136250731114,5.176791902802897e-08
1012,1.3889933960376224,0.0817806666063225,3.258066255060999e-08
1012,1.3909145487292374,0.13059607868673506,5.09441541523594e-08
1012,1.3928357014208523,0.2088087108576189,5.1572590534222015e-08
1012,1.3947568541124673,0.10674229241172055,1.5744036854482755e-07
1012,1.3966780068040823,0.13403577780561463,1.0058990845345958e-07
1012,1.3985991594956972,0.05735074832816579,2.691798399091257e-07
1012,1.4005203121873122,0.16395607284130492,2.7187280394393396e-07
1012,1.4024414648789272,0.11799560217048445,4.934809064551139e-08
1012,1.4043626175705421,0.07272222871517324,2.6246301176727286e-08
1012,1.4062837702621571,0.12832816411875236,4.9735685334097705e-08
1012,1.408204922953772,0.22977520724602943,6.176368164632768e-09
1012,1.410126075645387,0.08538389875644517,1.5438869590490654e-08
1012,1.412047228337002,0.19873146867173644,1.4575351577739039e-08
1012,1.413968381028617,0.16631292556926502,1.1526504134437421e-07
1012,1.415889533720232,0.20647684096447996,8.509609039651985e-09
1012,1.417810686411847,0.2598176917057787,3.0852332855722735e-08
1012,1.419731839103462,0.20617577571068066,4.045283572787307e-08
1012,1.4216529917950769,0.29443969862512626,2.7936849198431655e-08
1012,1.4235741444866918,0.16945174644149782,5.1900428537122596e-08
1012,1.4254952971783068,0.03817054635980919,9.31897787512298e-08
1012,1.4274164498699218,0.490191551655861,8.987840299891721e-08
1012,1.4293376025615367,0.9629670370428229,8.76259098662375e-08
1012,1.4312587552531517,0.051878094564157456,2.5345195599015942e-08
1012,1.4331799079447667,0.19066270665191934,1.0976824871784115e-07
1012,1.4351010606363817,0.09697611585006155,5.79660878149066e-08
1012,1.4370222133279966,0.1982773416218393,6.522442316740438e-08
1012,1.4389433660196116,0.4122845856208175,1.7496792483345228e-07
1012,1.4408645187112266,0.10126299724455375,2.9368714678126813e-08
1012,1.4427856714028415,0.15547834529878493,1.498160905718022e-07
1012,1.4447068240944565,0.166162446907221,2.9419281740631508e-08
1012,1.4466279767860715,0.1412274549268489,2.893200052306951e-08
1012,1.4485491294776864,0.2759123757571711,4.053573427005125e-08
1012,1.4504702821693014,0.1956500394678522,1.9572556728906972e-07
1012,1.4523914348609164,0.1392366823977186,1.5020796806542511e-09
1012,1.4543125875525313,0.10515175133567194,1.3100647304419302e-11
1012,1.4562337402441463,0.07868765839124968,4.0618890145362506e-08
1012,1.4581548929357613,0.14289785584909612,3.100163814608798e-08
1012,1.4600760456273763,0.12342397643957877,2.3500554725173024e-08
1012,1.4619971983189912,0.13181324816033532,1.2223536626077936e-07
1012,1.4639183510106062,0.0899602714500685,1.368789233701135e-07
1012,1.4658395037022212,0.07322921010112851,3.7096087010034265e-08
1012,1.4677606563938361,0.1162705579172659,2.4192931973876743e-07
1012,1.469681809085451,0.33674822084005995,2.582669833597064e-08
1012,1.471602961777066,0.18823391542729942,2.596857146163414e-09
1012,1.473524114468681,0.0219658300695255,1.330984002599727e-07
1012,1.475445267160296,0.06879556568758204,3.664984671149964e-08
1012,1.477366419851911,0.07945584440773719,4.942386830664794e-07
1012,1.479287572543526,0.21243820209313044,6.185948822424894e-08
1012,1.481208725235141,0.1521784964836306,1.5882676930246195e-08
1012,1.4831298779267559,0.08129443287101429,3.263136903444644e-08
1012,1.4850510306183708,0.1466400643049757,2.1371275791068423e-08
1012,1.4869721833099858,0.21048157739182524,2.6586687458110476e-07
1012,1.4888933360016008,0.1925762357356057,2.057404872390187e-07
1012,1.4908144886932158,0.40688628418720624,1.366435594013367e-07
1012,1.4927356413848307,0.2518730788113619,1.303204926301541e-08
1012,1.4946567940764457,0.29380678709845787,8.494476485400468e-08
1012,1.4965779467680607,0.3231377284322681,9.584603805165774e-08
1012,1.4984990994596756,0.659929195990366,1.9135251551755815e-08
1012,1.5004202521512906,0.1972801359092728,1.2813237979797518e-08
1012,1.5023414048429056,0.5217934764397436,4.323166599460459e-08
1012,1.5042625575345205,0.3205954083608053,7.231547564697972e-08
1012,1.5061837102261355,0.183954717230095,1.0895981440593215e-07
1012,1.5081048629177505,0.2787803941956651,1.5886661977790045e-08
1012,1.5100260156093654,0.12360333178733557,3.5445905755701255e-07
1012,1.5119471683009804,0.17530181209079806,4.4997912531540395e-07
1012,1.5138683209925954,0.08529030717384804,5.890859378275822e-08
1012,1.5157894736842104,0.12138283752562296,4.353777614013045e-08
1012,1.5177106263758253,0.07192472897894313,1.9049018665910058e-07
1012,1.5196317790674403,0.01169017759609758,1.5547122321221928e-07
1012,1.5215529317590553,0.07030212254260003,1.984923007700292e-08
1012,1.5234740844506702,0.07529973396008689,1.106846405735221e-07
1012,1.5253952371422852,0.14171605841942592,2.0925551474474487e-07
1012,1.5273163898339002,0.15553482132950605,4.811829705231969e-09
1012,1.5292375425255151,0.191238193386401,2.137070821166138e-07
1012,1.53115869521713,0.03022111475740121,1.5398311153883349e-07
1012,1.533079847908745,0.04004285177604196,1.0943932530930769e-07
1012,1.53500100060036,0.05741159602017004,1.6365339065719576e-08
1012,1.536922153291975,0.2126832697561729,5.112983066318758e-08
1012,1.53884330598359,0.1978973783091257,3.9080304904235363e-07
1012,1.540764458675205,0.09090119322582377,7.693993529060131e-09
1012,1.54268561136682,0.08033929996905344,2.8025157696064483e-08
1012,1.544606764058435,0.12929624903638878,7.177101900759814e-08
1012,1.5465279167500499,0.1174634228446015,1.2887429070215277e-07
1012,1.5484490694416648,0.053452091573417196,9.641260266699129e-08
1012,1.5503702221332798,0.09852079467000759,8.394848005538304e-08
1012,1.5522913748248948,0.017369988811599506,5.0544446883710355e-09
1012,1.5542125275165097,0.11888367802976124,1.1362567309167711e-07
1012,1.5561336802081247,0.10687373273583772,1.1573598002057241e-07
1012,1.5580548328997397,0.11948624590523117,7.142154009096402e-08
1012,1.5599759855913546,0.1938917682935771,4.3808892161243744e-08
1012,1.5618971382829696,0.08381229063809821,1.6452131704133903e-08
1012,1.5638182909745846,0.12817329204010508,2.0886009137129802e-08
1012,1.5657394436661995,0.31772984810776456,1.5471946433382613e-07
1012,1.5676605963578145,0.20343367723124658,2.718977124671568e-08
1012,1.5695817490494295,0.37540406970263945,6.388429572720737e-09
1012,1.5715029017410445,0.8595628794872221,1.6025429078294598e-07
1012,1.5734240544326594,0.21569442730037922,3.840452160940145e-07
1012,1.5753452071242744,0.16758107646679243,1.3489363395041595e-07
1012,1.5772663598158894,0.2561268487579819,3.021903622309936e-08
1012,1.5791875125075043,0.19761617650470534,1.1356045691081546e-07
1012,1.5811086651991193,0.15934071019460924,6.322468524622945e-08
1012,1.5830298178907343,0.08582756033586346,1.4526722297987601e-08
1012,1.5849509705823492,0.22452357499206313,9.304230770373604e-08
1012,1.5868721232739642,0.22771147770424285,2.311796362010287e-07
1012,1.5887932759655792,0.046631453480648524,2.4335440215362123e-07
1012,1.5907144286571941,0.15790170458469538,3.688161553589091e-08
1012,1.5926355813488091,0.07771478866521743,1.5294392749526657e-07
1012,1.594556734040424,0.1301865135377961,1.7532415738005187e-08
1012,1.596477886732039,0.08797549197160405,4.036676761546575e-09
1012,1.598399039423654,0.11160797873281687,8.169176242321175e-08
1012,1.600320192115269,0.10874923212597788,8.902750100672459e-08
1012,1.602241344806884,0.1519169730614688,1.2121246906583928e-07
1012,1.604162497498499,0.12078867728340642,9.479535931762773e-09
1012,1.606083650190114,0.06484018262204319,6.402779107866969e-08
1012,1.6080048028817289,0.08585768432381007,6.163270200699523e-08
1012,1.6099259555733438,0.1312180227020755,2.2607082132232618e-07
1012,1.6118471082649588,0.12558233785969217,8.808490249368177e-08
1012,1.6137682609565738,0.04527905122330816,1.8004090225238083e-07
1012,1.6156894136481887,0.15764781899275263,8.348115679080034e-10
1012,1.6176105663398037,0.09382907063434283,5.3902489156522373e-08
1012,1.6195317190314187,0.11728213739285151,2.165146672208355e-07
1012,1.6214528717230337,0.16346934661026627,3.530612637292757e-08
1012,1.6233740244146486,0.020331579903785504,1.2104788641082895e-07
1012,1.6252951771062636,0.22895957060102856,1.7299659327606554e-07
1012,1.6272163297978786,0.10248012786190197,1.6242413839891903e-07
1012,1.6291374824894935,0.09326203303212205,2.6335724849071395e-08
1012,1.6310586351811085,0.030014214790183603,4.725194995676987e-08
1012,1.6329797878727235,0.18424969088644966,6.726199096001617e-08
1012,1.6349009405643384,0.11327764328093601,1.6560728477056001e-07
1012,1.6368220932559534,0.4002787374957689,6.731281310487644e-08
1012,1.6387432459475684,0.20171551473937457,4.021461910028819e-08
1012,1.6406643986391833,0.5925839803408305,4.734872507483974e-10
1012,1.6425855513307983,0.4522514455738386,1.15286717894075e-07
1012,1.6445067040224133,0.3286830140043034,7.35318440198175e-08
1012,1.6464278567140282,0.12984223194828984,5.309064480251726e-08
1012,1.6483490094056432,0.2079833911790606,9.211006508426021e-08
1012,1.6502701620972582,0.2321074293674167,7.241773660681853e-08
1012,1.6521913147888732,0.2792515652401012,7.162585069617103e-08
1012,1.6541124674804881,0.10865979775506397,6.583528758356528e-08
1012,1.656033620172103,0.03933608371707231,6.693817418090154e-08
1012,1.657954772863718,0.10169083110700329,5.823227867383819e-07
1012,1.659875925555333,0.1894330268431742,1.3703215395053292e-09
1012,1.661797078246948,0.07782920119791673,1.1179413404123384e-07
1012,1.663718230938563,0.0736710133806552,5.934495691253118e-07
1012,1.665639383630178,0.044552133928997914,6.768741274515748e-08
1012,1.667560536321793,0.031269307657468604,2.1697478109023317e-07
1012,1.6694816890134079,0.15833403364586465,1.6530241051688217e-07
1012,1.6714028417050228,0.048873220288583215,3.457103990015331e-07
1012,1.6733239943966378,0.2271807470208106,3.2138198273948287e-07
1012,1.6752451470882528,0.12789390717896107,6.029952225050006e-08
1012,1.6771662997798678,0.09625943260575812,8.815971591976052e-09
1012,1.6790874524714827,0.031336993255017674,1.1995434493212974e-07
1012,1.6810086051630977,0.20140729743578104,1.4294235531931911e-07
1012,1.6829297578547127,0.07556530787675596,1.722253964799429e-08
1012,1.6848509105463276,0.03514507665514614,3.749421475913304e-08
1012,1.6867720632379426,0.09733134254005515,8.873653268504406e-08
1012,1.6886932159295576,0.04922339704004082,2.0654727958306555e-08
1012,1.6906143686211725,0.1681426236420936,9.595580397811588e-08
1012,1.6925355213127875,0.13194051673605378,1.948339123875411e-08
1012,1.6944566740044025,0.0980736012960558,3.5238872805742945e-07
1012,1.6963778266960174,0.06489058853215844,1.6600800557266104e-09
1012,1.6982989793876324,0.030114225005704317,1.296873445540658e-07
1012,1.7002201320792474,0.15910450242630225,9.429690880608294e-08
1012,1.7021412847708624,0.19248293099526748,1.6600151418005791e-07
1012,1.7040624374624773,0.10362579409306359,1.8215614378772142e-08
1012,1.7059835901540923,0.039203809716528364,4.080728052545723e-08
1012,1.7079047428457073,0.07715852659781036,6.575527355655865e-09
1012,1.7098258955373222,0.28476475178458704,3.049589919921865e-08
1012,1.7117470482289372,0.2736198096249798,2.399850724758821e-08
1012,1.7136682009205522,0.507419580742914,2.281990575167026e-07
1012,1.7155893536121671,0.5983304217896973,7.843263423697003e-08
1012,1.717510506303782,0.022013764106850048,6.736148163052321e-08
1012,1.719431658995397,0.21178349317690204,6.213334262040691e-08
1012,1.721352811687012,0.2544786943407776,2.0226297609709923e-08
1012,1.723273964378627,0.025847988037432944,1.131874112422388e-08
1012,1.725195117070242,0.09214532722916127,7.723210066207489e-08
1012,1.727116269761857,0.13541720636409035,2.0393034188083193e-08
1012,1.729037422453472,0.10905369779382765,1.0317193964719946e-07
1012,1.7309585751450869,0.22250380682816115,6.482187114613648e-08
1012,1.7328797278367019,0.23312986835788677,6.779496864246906e-08
1012,1.7348008805283168,0.07031529181502295,6.851201847561329e-08
1012,1.7367220332199318,0.012782118323096527,6.139742320840281e-08
1012,1.7386431859115468,0.15940255396604433,4.519138010667526e-08
1012,1.7405643386031617,0.0570182566523315,2.3386372574834864e-08
1012,1.7424854912947767,0.06078270409629309,1.9642841797465113e-08
1012,1.7444066439863917,0.09288344853248136,2.327076249628529e-08
1012,1.7463277966780066,0.022360292075228175,7.436410785193872e-09
1012,1.7482489493696216,0.12845547334245883,8.220286850730463e-09
1012,1.7501701020612366,0.029388023162456367,1.3286757472161073e-07
1012,1.7520912547528515,0.07614942126363938,6.28992487297476e-08
1012,1.7540124074444665,0.13084024346115514,9.214421659862067e-08
1012,1.7559335601360815,0.002489502676436901,5.380098789212933e-08
1012,1.7578547128276965,0.027780450969746583,3.6457726655514114e-07
1012,1.7597758655193114,0.062110787717445416,1.0795390113790465e-07
1012,1.7616970182109264,0.037753722871543875,6.925118544876138e-08
1012,1.7636181709025414,0.03409727190304081,2.3016636393711299e-07
1012,1.7655393235941563,0.06590014790289292,3.3087720419335818e-09
1012,1.7674604762857713,0.16947463444721206,1.1833819100450423e-07
1012,1.7693816289773863,0.11931617925040225,2.1430585573757487e-07
1012,1.7713027816690012,0.07331985855511972,7.979605369755444e-08
1012,1.7732239343606162,0.2063722469642432,1.1374667905312243e-07
1012,1.7751450870522312,0.2207851752192079,3.4123049395437847e-07
1012,1.7770662397438461,0.08295455502999095,1.349841944965803e-07
1012,1.7789873924354611,0.22509891040045904,6.03330293638343e-08
1012,1.780908545127076,0.18378331752919383,1.2142113392442506e-08
1012,1.782829697818691,0.2563209739827472,6.77548003029213e-08
1012,1.784750850510306,0.5062145826011295,3.550176621773878e-08
1012,1.786672003201921,0.19688606558928118,1.5008993424377636e-07
1012,1.788593155893536,0.2553520161942133,1.7431016321334288e-08
1012,1.790514308585151,0.12855075579823202,5.1632427885388805e-08
1012,1.792435461276766,0.35534285882371036,2.1568007736038157e-08
1012,1.7943566139683809,0.0832703612745912,3.7873663550317015e-08
1012,1.7962777666599958,0.07236545120797327,3.491564738693796e-08
1012,1.7981989193516108,0.059479279850805235,1.783677058461729e-07
1012,1.8001200720432258,0.03785666595700712,9.855260463762757e-08
1012,1.8020412247348407,0.10273222899483893,2.5316778798311254e-08
1012,1.8039623774264557,0.11708989527760921,1.5050906216026967e-07
1012,1.8058835301180707,0.2536044446902025,1.451655765155678e-07
1012,1.8078046828096856,0.08448409114269075,1.8613536143932915e-08
1012,1.8097258355013006,0.1241764902031543,1.1060954394264567e-07
1012,1.8116469881929156,0.09807326298939335,7.38080676060192e-09
1012,1.8135681408845306,0.0663432579106932,2.390507673407463e-08
1012,1.8154892935761455,0.13958280364381692,7.90910170767903e-08
1012,1.8174104462677605,0.1403517371535008,1.590318366919684e-07
1012,1.8193315989593755,0.08336326767367212,2.4597683521252093e-08
1012,1.8212527516509904,0.053689742695225,7.202888206242862e-08
1012,1.8231739043426054,0.05308244351058505,9.372480367896937e-08
1012,1.8250950570342204,0.11603289510979566,1.8842296857427503e-07
1012,1.8270162097258353,0.11404521915538107,1.909976937124507e-08
1012,1.8289373624174503,0.12960661029357162,1.2050533565494001e-07
1012,1.8308585151090653,0.1402071891895894,9.093685286229095e-09
1012,1.8327796678006802,0.03978787201351386,8.83675117224009e-09
1012,1.8347008204922952,0.18219006178368005,7.203006909423008e-08
1012,1.8366219731839102,0.14463002697772534,6.571665377039123e-08
1012,1.8385431258755252,0.08316843550492709,1.391287102550695e-07
1012,1.8404642785671401,0.04429859961878916,1.9250532352724866e-08
1012,1.842385431258755,0.14143412654850784,1.8406890758404225e-07
1012,1.84430658395037,0.13477541797386916,5.529223219931879e-08
1012,1.846227736641985,0.18909403086599463,9.955274044061615e-07
1012,1.8481488893336,0.02941805595826454,3.176461045287488e-07
1012,1.850070042025215,0.24677754020145268,2.618191751501433e-09
1012,1.85199119471683,0.12310525138399664,1.7186885777200076e-07
1012,1.853912347408445,0.19601869706562294,1.590670689876674e-07
1012,1.8558335001000599,0.21057925278429068,1.1903675857241213e-07
1012,1.8577546527916748,0.6558517671768447,4.678656433221539e-08
1012,1.8596758054832898,0.20379344547788592,1.4777330937032578e-09
1012,1.8615969581749048,0.26018849096449564,1.1626620593544192e-07
1012,1.8635181108665198,0.028888019480939095,2.300443673139309e-08
1012,1.8654392635581347,0.1285729689960191,1.574751103034636e-08
1012,1.8673604162497497,0.11393323071704854,1.2924170393141751e-07
1012,1.8692815689413647,0.06728529257671766,4.3399165137082264e-08
1012,1.8712027216329796,0.20509383630369588,7.161793656135788e-08
1012,1.8731238743245946,0.08183607143382131,2.0446031923193748e-07
1012,1.8750450270162096,0.10073765880950644,3.351961250493413e-08
1012,1.8769661797078245,0.14818418114023948,4.0812271267679703e-07
1012,1.8788873323994395,0.1952208676876628,9.059065924663008e-08
1012,1.8808084850910545,0.11815608752735084,7.490048090464e-08
1012,1.8827296377826694,0.09761507208707376,5.388647432363424e-08
1012,1.8846507904742844,0.034643612616252865,2.1668857965877478e-08
1012,1.8865719431658994,0.10452852310709379,2.8822576890253362e-08
1012,1.8884930958575143,0.12649955000194832,1.3280034768044548e-07
1012,1.8904142485491293,0.1073905637492745,7.933452966099732e-08
1012,1.8923354012407443,0.24520783499622176,1.0971021693986867e-08
1012,1.8942565539323593,0.06808306882757982,1.4591145363791694e-07
1012,1.8961777066239742,0.07149965106978204,8.47025206549805e-08
1012,1.8980988593155892,0.06317772893394619,1.1586815393064215e-07
1012,1.9000200120072042,0.04802816175420924,6.496116049296682e-08
1012,1.9019411646988191,0.21273971314832077,3.283937457809574e-07
1012,1.903862317390434,0.06262558389437814,6.071465865203164e-08
1012,1.905783470082049,0.07681322965753086,1.3666610102365404e-07
1012,1.907704622773664,0.04749619539315192,5.112499315987742e-08
1012,1.909625775465279,0.10909724130555479,7.240972940365749e-08
1012,1.911546928156894,0.10307122698973754,1.1193758010176129e-07
1012,1.913468080848509,0.07396116761299874,4.0730879962539045e-08
1012,1.915389233540124,0.11369379912610235,8.528208997746528e-08
1012,1.9173103862317389,0.12805005707571618,4.4529969185211347e-08
1012,1.9192315389233539,0.07812646847324513,5.4759650332288963e-08
1012,1.9211526916149688,0.12008179801360866,1.0014228400517365e-07
1012,1.9230738443065838,0.1542122207706295,8.529964740685084e-08
1012,1.9249949969981988,0.09700657708513062,7.984599916335408e-08
1012,1.9269161496898137,0.2798470814883697,9.907221539029149e-08
1012,1.9288373023814287,0.1199377142802513,1.9769639197621123e-07
1012,1.9307584550730437,0.42038633797447833,2.0029250303372143e-08
1012,1.9326796077646586,0.17032314803299015,3.1913653476893917e-07
1012,1.9346007604562736,0.29345853293586055,1.7764980182497115e-07
1012,1.9365219131478886,0.07245171426585705,6.09719821738507e-08
1012,1.9384430658395035,0.17931050762014442,1.886158327312101e-08
1012,1.9403642185311185,0.12034557335485731,2.0988804806110225e-08
1012,1.9422853712227335,0.031254784833476566,4.847662036248822e-09
1012,1.9442065239143485,0.05169139281819802,9.134402782643608e-08
1012,1.9461276766059634,0.13489996865043336,9.852207811367594e-09
1012,1.9480488292975784,0.10135181601423737,1.7507640865075257e-08
1012,1.9499699819891934,0.04653360734974526,2.6292372088962925e-07
1012,1.9518911346808083,0.07765499594935323,4.156759632964466e-07
1012,1.9538122873724233,0.06338739953465947,9.90475007093006e-08
1012,1.9557334400640383,0.035697152586940624,3.725713173744724e-07
1012,1.9576545927556532,0.12431359078810147,3.457048373415928e-07
1012,1.9595757454472682,0.06952519163777969,1.1152654664415724e-07
1012,1.9614968981388832,0.1390380890619933,5.5697170867720834e-08
1012,1.9634180508304981,0.11257073467447401,1.831898545428773e-08
1012,1.965339203522113,0.14494845050337213,2.3107169395501778e-07
1012,1.967260356213728,0.011988344149116283,4.0279853100135114e-08
1012,1.969181508905343,0.040995192626039206,4.15442005342639e-08
1012,1.971102661596958,0.10941694353224614,3.78118380545902e-08
1012,1.973023814288573,0.04061119242592379,1.2610005921236987e-08
1012,1.974944966980188,0.0870009842385448,1.101021662219206e-08
1012,1.976866119671803,0.14062358695989696,1.0096246808769592e-07
1012,1.978787272363418,0.059512062863731244,1.384053548517574e-07
1012,1.9807084250550329,0.0035372478579870172,2.7157289836365403e-08
1012,1.9826295777466478,0.08896889287803884,2.127814357953301e-07
1012,1.9845507304382628,0.12110308363318885,4.4071369643517764e-08
1012,1.9864718831298778,0.14543873112781955,2.1260157552662493e-07
1012,1.9883930358214927,0.16009345643962355,1.1912498568166676e-07
1012,1.9903141885131077,0.12556476470806527,2.2826966088693044e-08
1012,1.9922353412047227,0.10282822159660075,2.604372128916546e-07
1012,1.9941564938963376,0.02308621763933193,9.922504991581537e-08
1012,1.9960776465879526,0.11522683784348545,1.815101793870353e-07
1012,1.9979987992795676,0.23829054486242446,8.66245782844614e-08
1012,1.9999199519711826,1.4611341678669496,4.965082792927949e-07
1012,2.0018411046627977,0.24060627397933393,3.754758429420337e-08
1012,2.0037622573544125,0.2766059796907178,8.372493145063461e-08
1012,2.0056834100460277,0.16662662391780986,5.2473029474241983e-08
1012,2.0076045627376424,0.14031568055082239,1.2057939221097574e-07
1012,2.0095257154292576,0.04411273371014479,1.5194431395168487e-07
1012,2.0114468681208724,0.16730766676354425,3.809467421667077e-09
1012,2.0133680208124876,0.08675909715680241,1.656521643613911e-07
1012,2.0152891735041023,0.16261976590630925,4.144816703001738e-08
1012,2.0172103261957175,0.08842282324624146,2.7946590020637323e-08
1012,2.0191314788873322,0.03009695389831149,7.724847192174743e-09
1012,2.0210526315789474,0.07564872527498655,2.661591276252556e-09
1012,2.022973784270562,0.06562366885558915,2.0582411016291255e-07
1012,2.0248949369621774,0.19719288522548056,8.403726529137963e-08
1012,2.026816089653792,0.09217275864485365,7.155014806274724e-08
1012,2.0287372423454073,0.010124002723653758,5.0924338238147914e-08
1012,2.030658395037022,0.14539049442924928,1.8826032418972977e-07
1012,2.0325795477286372,0.19928743328943763,3.130813457153544e-08
1012,2.034500700420252,0.04924340507988035,1.7159184022730708e-07
1012,2.036421853111867,0.06576993936517926,4.791217869251351e-08
1012,2.038343005803482,0.07712058952943703,2.2558190829353215e-07
1012,2.040264158495097,0.1738106477833923,2.2343875674066608e-07
1012,2.042185311186712,0.10080362467338727,3.2159806441136376e-08
1012,2.044106463878327,0.14317513384431285,1.0265844693216685e-07
1012,2.046027616569942,0.018951437040994903,3.558666470532887e-08
1012,2.047948769261557,0.16645315446913247,3.0218686792827286e-08
1012,2.0498699219531717,0.035887814614606724,2.3294474059843277e-08
1012,2.051791074644787,0.09665609782454235,1.400612200531087e-07
1012,2.0537122273364017,0.05528205979932407,1.1654545677219754e-09
1012,2.055633380028017,0.22046226294233226,4.5769756203555306e-10
1012,2.0575545327196316,0.1188515084152146,3.53028256390757e-09
1012,2.059475685411247,0.0777693962376953,1.2954192251852339e-07
1012,2.0613968381028616,0.08769623233996009,6.85809620541213e-08
1012,2.0633179907944768,0.02154479510925357,2.8868365915818965e-07
1012,2.0652391434860915,0.15752111984254366,1.842134711699243e-07
1012,2.0671602961777067,0.1807931864581177,3.2048548607542044e-08
1012,2.0690814488693214,0.45782462547215547,5.6470825495795764e-08
1012,2.0710026015609366,0.2485433357544034,1.4380926261159697e-07
1012,2.0729237542525514,0.40294767698666195,8.420212318720045e-08
1012,2.0748449069441666,0.16850360436742204,5.946395228463172e-08
1012,2.0767660596357813,0.12732776663382656,1.0869605205620573e-07
1012,2.0786872123273965,0.19893214851038432,2.684138570705947e-08
1012,2.0806083650190113,0.18432712176409502,9.579968526454958e-08
1012,2.0825295177106264,0.10838749512733854,6.707410069774735e-08
1012,2.084450670402241,0.14327369277103302,1.307475860817415e-08
1012,2.0863718230938564,0.07711719474589308,1.8388726252669476e-07
1012,2.088292975785471,0.054747031070309225,1.0123416574258384e-08
1012,2.0902141284770863,0.10841223833058043,2.992416825374902e-07
1012,2.092135281168701,0.0957480901620014,1.7781785746948362e-08
1012,2.0940564338603163,0.0794656908774935,7.775620603154693e-08
1012,2.095977586551931,0.11271031289073848,9.957294945711303e-08
1012,2.097898739243546,0.08983577410339982,1.162221148704152e-07
1012,2.099819891935161,0.0620321874384158,2.997098411446792e-08
1012,2.101741044626776,0.029290006832066826,9.503201874365637e-09
1012,2.103662197318391,0.05895343820095157,5.3288045799406136e-09
1012,2.105583350010006,0.05621252404167274,6.544805496603989e-08
1012,2.107504502701621,0.11319871603352087,1.0811334930683564e-07
1012,2.109425655393236,0.09450081779223411,1.0065875378200802e-07
1012,2.1113468080848508,0.08796354436505477,1.091536210945217e-08
1012,2.1132679607764655,0.05728147240885658,2.8745316900645492e-08
1012,2.1151891134680807,0.07847770206768179,1.4373565172087194e-08
1012,2.1171102661596954,0.056475039563861566,1.2568226982516565e-08
1012,2.1190314188513106,0.17410317578813408,3.0155791995258556e-08
1012,2.1209525715429254,0.17429145825915032,1.1901217434523835e-07
1012,2.1228737242345406,0.12645823008629806,2.4934807958713205e-08
1012,2.1247948769261553,0.0460044807643912,2.0697663158438383e-08
1012,2.1267160296177705,0.041138098244988354,2.608409362617535e-07
1012,2.1286371823093853,0.12849547810460812,3.345113210775447e-07
1012,2.1305583350010004,0.10276552206035011,3.1556196121701307e-09
1012,2.132479487692615,0.1082160080744064,1.7399789198289695e-07
1012,2.1344006403842304,0.14305194910291028,1.2626359571605537e-08
1012,2.136321793075845,0.038941122550955054,1.8238999886679686e-08
1012,2.1382429457674603,0.13968586021847687,2.9913055028378276e-08
1012,2.140164098459075,0.05419619550266067,1.567209716554789e-07
1012,2.1420852511506903,0.5894723684868187,2.9761642675635576e-08
1012,2.144006403842305,0.147041349981115,1.569258648568538e-07
1012,2.14592755653392,0.02795392948844718,1.0517466423532112e-07
1012,2.147848709225535,0.2438562723300588,1.364276868071614e-07
1012,2.14976986191715,0.1336048528057793,1.776262891757135e-07
1012,2.151691014608765,0.09828178584787572,1.5962291367162076e-07
1012,2.15361216730038,0.11298621327037683,1.1912967986664413e-08
1012,2.155533319991995,0.038106090022196726,8.908915001495003e-08
1012,2.15745447268361,0.0377835651061348,7.744735918275923e-09
1012,2.1593756253752248,0.09913959972043264,1.3950199364535133e-07
1012,2.16129677806684,0.04631464104384436,4.4988777976291014e-08
1012,2.1632179307584547,0.15309486238695572,2.2622767925246082e-08
1012,2.16513908345007,0.004566174056103439,3.2186401665439378e-09
1012,2.1670602361416846,0.05020573496799729,1.853563590065601e-07
1012,2.1689813888333,0.15069748457304255,1.1399208620538807e-07
1012,2.1709025415249146,0.09962627755699341,3.570799724415986e-07
1012,2.1728236942165298,0.16539165951354706,1.2596683572764017e-08
1012,2.1747448469081445,0.0828358907883365,1.2705381687519797e-07
1012,2.1766659995997597,0.013769917464757222,2.181912002928201e-08
1012,2.1785871522913745,0.097664732615258,3.1849441199222726e-08
1012,2.1805083049829896,0.09325548855005601,8.845729753018124e-08
1012,2.1824294576746044,0.1737065509745342,3.285978714230105e-08
1012,2.1843506103662196,0.07041920855098488,1.5305000832331278e-07
1012,2.1862717630578343,0.0557135253062511,2.5426791313611573e-08
1012,2.1881929157494495,0.12721522987409464,7.835082545200304e-08
1012,2.1901140684410643,0.09516428104888214,8.216616496445048e-09
1012,2.1920352211326795,0.1055364101783164,2.19449038953292e-08
1012,2.193956373824294,0.0665466991846645,2.2972598115861244e-07
1012,2.1958775265159094,0.16558702509245793,8.269532702328767e-09
1012,2.197798679207524,0.06969436954432393,2.1407960537707717e-07
1012,2.1997198318991393,0.06604603576230376,5.593905060133674e-08
1012,2.201640984590754,0.12154932630534442,8.481585211388424e-08
1012,2.2035621372823693,0.02800717166754116,9.960010266648964e-08
1012,2.205483289973984,0.02706625110844613,5.815730112773709e-07
1012,2.207404442665599,0.23875545242849378,1.2262816978241744e-07
1012,2.209325595357214,0.15886419256726056,1.7875194413543943e-08
1012,2.211246748048829,0.3779325184941831,5.143770326428784e-08
1012,2.213167900740444,0.13219930823097922,7.882216190230254e-09
1012,2.215089053432059,0.3100313620272671,6.768368669767557e-08
1012,2.217010206123674,0.15987565355474032,6.588055003863643e-07
1012,2.218931358815289,0.24407470255473712,8.073575620822099e-08
1012,2.2208525115069038,0.17296761463922355,8.803143829023764e-08
1012,2.222773664198519,0.054009982092839956,1.4102819440000649e-08
1012,2.2246948168901337,0.0280755857470606,2.2478873921016065e-07
1012,2.226615969581749,0.09876821277039022,4.955957106692782e-07
1012,2.2285371222733636,0.07269213897133611,1.4717986275328636e-07
1012,2.230458274964979,0.028057881928598302,2.8143932939414545e-08
1012,2.2323794276565936,0.08637685892507933,1.318261078789774e-07
1012,2.2343005803482088,0.11965597098314851,6.890224219693557e-08
1012,2.2362217330398235,0.12340050299832322,2.6274578737552344e-07
1012,2.2381428857314387,0.11049563944208009,4.38002318704706e-08
1012,2.2400640384230535,0.22843434137203497,5.352640344742009e-08
1012,2.2419851911146687,0.06264744435938438,8.246057223014709e-08
1012,2.2439063438062834,0.06088503791816591,1.7578076019755652e-08
1012,2.2458274964978986,0.09067975462597448,4.906985825525477e-08
1012,2.2477486491895133,0.1883209860946255,1.9009326032266717e-07
1012,2.2496698018811285,0.028036038406316476,2.4417953602478848e-08
1012,2.2515909545727433,0.10386671971951633,1.2211976085774835e-07
1012,2.2535121072643585,0.10882991956948285,8.13990152379092e-09
1012,2.255433259955973,0.20470984517495025,9.47843963043032e-09
1012,2.2573544126475884,0.06361201360315552,1.1062114248238342e-07
1012,2.259275565339203,0.17812012878051148,4.7017589944831917e-08
1012,2.2611967180308183,0.09553512446670222,3.468821427713336e-07
1012,2.263117870722433,0.1197461799630959,6.354571324101749e-08
1012,2.2650390234140483,0.05399952201139847,8.14758280678017e-09
1012,2.266960176105663,0.032171604264996996,7.455049331839891e-08
1012,2.268881328797278,0.06417875124640686,2.3037760434462563e-09
1012,2.270802481488893,0.0363526108308193,7.937911727796481e-08
1012,2.272723634180508,0.21643018617849039,5.01406088114766e-08
1012,2.274644786872123,0.07753462034438871,7.451503044130094e-08
1012,2.276565939563738,0.09411538841443942,7.567765407956171e-11
1012,2.278487092255353,0.20035987128558053,2.7939214988953524e-07
1012,2.280408244946968,0.09068819736250792,2.8225188975937843e-07
1012,2.282329397638583,0.08867357658742407,8.175517015501356e-08
1012,2.284250550330198,0.24437990085006986,5.008335505818231e-07
1012,2.2861717030218127,0.16732187263555154,2.0455279633081377e-07
1012,2.288092855713428,0.38015401739723165,1.7529451883798288e-07
1012,2.2900140084050427,0.16244314260050974,1.8065110690117287e-07
1012,2.291935161096658,0.16184226598060497,6.184542615395279e-07
1012,2.2938563137882726,0.06320407144431477,2.3729751698934491e-07
1012,2.295777466479888,0.055574551031625986,2.2651360254000997e-09
1012,2.2976986191715025,0.026625899798107252,8.127727912213859e-08
1012,2.2996197718631177,0.1311781178307425,1.217127709347255e-07
1012,2.3015409245547325,0.11037761805875657,1.0694823156347178e-07
1012,2.3034620772463477,0.08570843948452347,5.472389372449645e-08
1012,2.3053832299379624,0.025309968288507095,6.03732243196545e-08
1012,2.3073043826295776,0.11594806894789708,1.370016373755862e-08
1012,2.3092255353211923,0.05867572247163851,1.4161552627216012e-07
1012,2.3111466880128075,0.12124676129297748,1.3044124384493755e-09
1012,2.3130678407044223,0.09691380883226282,2.1389150914068477e-08
1012,2.3149889933960375,0.06847232626689664,1.3244966310082397e-07
1012,2.3169101460876522,0.15504323230565445,2.769710719224526e-09
1012,2.3188312987792674,0.0883303520403581,1.3495902253621507e-07
1012,2.320752451470882,0.1379452235696098,2.8892307872591862e-08
1012,2.3226736041624974,0.1280290748548501,6.292937631761275e-08
1012,2.324594756854112,0.08073994159451148,2.81951617240527e-08
1012,2.3265159095457273,0.17182993766533336,1.2561561126808968e-07
1012,2.328437062237342,0.12077609322983497,3.7524142173483986e-08
1012,2.3303582149289572,0.0004166749820223557,2.4570889977166295e-08
1012,2.332279367620572,0.0712975844903035,6.61066376223884e-08
1012,2.334200520312187,0.0819751003680402,4.99013209178324e-07
1012,2.336121673003802,0.08425007600494315,9.089368786111291e-09
1012,2.338042825695417,0.17598071551792951,2.468342630127933e-08
1012,2.339963978387032,0.1373736335489136,2.7401410584464542e-08
1012,2.341885131078647,0.17103319705696207,1.19115926487569e-07
1012,2.343806283770262,0.07045661720879057,1.3206405254961627e-07
1012,2.345727436461877,0.08681078066502393,3.6234899832310475e-09
1012,2.3476485891534917,0.16640855411157857,1.6933235900131784e-08
1012,2.349569741845107,0.20007347419530216,2.8590294891402155e-08
1012,2.3514908945367217,0.10143303476521588,1.732813795826224e-08
1012,2.353412047228337,0.07308667637692576,1.3820733899694364e-07
1012,2.3553331999199516,0.24234673738288795,1.757337539509614e-07
1012,2.357254352611567,0.27945036561551984,2.107955125722909e-08
1012,2.3591755053031815,0.26944618594177244,1.531063512832181e-07
1012,2.3610966579947967,0.10034417468894762,2.0294567526053397e-08
1012,2.3630178106864115,0.10858872305538209,7.48887908318933e-08
1012,2.3649389633780267,0.0796026833054217,6.287991994769178e-09
1012,2.3668601160696414,0.021815198640544802,9.525655572831768e-10
1012,2.3687812687612566,0.05810910095579097,5.020515707292371e-08
1012,2.3707024214528714,0.024055663431912632,2.8055529206378964e-08
1012,2.3726235741444865,0.14337889830371403,1.4724030953301161e-08
1012,2.3745447268361013,0.07309432841318064,4.411706809863356e-07
1012,2.3764658795277165,0.06765268713705636,1.6277115998248282e-07
1012,2.3783870322193312,0.07300175189476688,3.834606541067032e-08
1012,2.3803081849109464,0.05137172132760806,2.2969395799207754e-07
1012,2.382229337602561,0.0812963107301564,1.1086679802856565e-07
1012,2.3841504902941764,0.1929471273233678,1.5555136409710675e-07
1012,2.386071642985791,0.017493438793822813,5.8237517295435075e-09
1012,2.3879927956774063,0.03535205435791763,9.548807531958743e-08
1012,2.389913948369021,0.06955176705515669,2.2300437620606834e-07
1012,2.3918351010606362,0.12511929462387322,3.170673308684639e-08
1012,2.393756253752251,0.06998326713589925,1.9363316089690665e-08
1012,2.395677406443866,0.07943883544118588,2.0833918418721655e-07
1012,2.397598559135481,0.06992390659343413,8.940774255007783e-08
1012,2.399519711827096,0.07681286940078641,6.990849871535085e-11
1012,2.401440864518711,0.038739768235291405,7.475141563351385e-08
1012,2.403362017210326,0.11023341771057674,4.563225069481071e-09
1012,2.405283169901941,0.08742343102462082,1.0931379279788311e-07
1012,2.407204322593556,0.037576179383923096,3.83019460344809e-08
1012,2.4091254752851707,0.057444506081729796,3.279733882395467e-08
1012,2.411046627976786,0.06807623072921551,2.0655249175444196e-08
1012,2.4129677806684007,0.029956902652577288,1.2272308756665112e-07
1012,2.414888933360016,0.06780386235946843,2.4278197578114757e-08
1012,2.4168100860516306,0.13697939688255661,8.407016524294914e-10
1012,2.418731238743246,0.12127984355852951,1.3653929420677277e-07
1012,2.4206523914348606,0.09963381801479587,3.331599675984859e-08
1012,2.4225735441264757,0.045085683179376605,2.846722055197176e-07
1012,2.4244946968180905,0.1054370892611419,2.989813311261344e-08
1012,2.4264158495097057,0.05163365312775061,2.532333378659375e-07
1012,2.4283370022013204,0.27755014113798687,1.878354498817545e-07
1012,2.4302581548929356,0.21840424515018053,7.524121702177172e-08
1012,2.4321793075845504,0.23692415536479836,2.7744126568499597e-08
1012,2.4341004602761656,0.051285909456712755,2.3820728942455402e-08
1012,2.4360216129677803,0.03650242779902599,2.87671867535352e-08
1012,2.4379427656593955,0.1177054177154473,1.214106367003837e-07
1012,2.4398639183510102,0.11735298109242502,9.896323593125082e-08
1012,2.4417850710426254,0.02776956926220433,2.056647170100698e-07
1012,2.44370622373424,0.10044919412326259,1.8336343642095686e-07
1012,2.4456273764258554,0.06895660964666238,5.7577851678960584e-08
1012,2.44754852911747,0.06697607933939377,4.29504308689079e-09
1012,2.4494696818090853,0.17912503788907538,1.8934944278011168e-08
1012,2.4513908345007,0.10000796599206743,1.4974194867498599e-07
1012,2.4533119871923152,0.13590649509103236,1.1106037697659769e-07
1012,2.45523313988393,0.15160441753559065,1.8023786100287504e-07
1012,2.457154292575545,0.07701802891168624,3.4211751047611866e-07
1012,2.45907544526716,0.06345824243584083,1.6699584901855513e-07
1012,2.460996597958775,0.13424267237421633,5.867493756589775e-08
1012,2.46291775065039,0.0708551661143915,4.2095049659827374e-07
1012,2.464838903342005,0.13466051424310962,1.5102721530003247e-07
1012,2.46676005603362,0.08124126954058108,1.6430714260509987e-08
1012,2.468681208725235,0.032342832693950246,1.4079606842964234e-08
1012,2.4706023614168497,0.0838041728290107,1.0490769586602771e-07
1012,2.472523514108465,0.08862174986027266,1.3113913960941505e-07
1012,2.4744446668000797,0.11656343668635633,1.3986264284749557e-07
1012,2.476365819491695,0.12132557837413911,2.688139481241624e-08
1012,2.4782869721833096,0.16799325001559795,8.553594589789565e-09
1012,2.480208124874925,0.024855191602007397,1.5994028795687808e-07
1012,2.4821292775665396,0.05647744040523049,5.752713800636673e-08
1012,2.4840504302581548,0.03141155989800589,1.7726703546643848e-08
1012,2.4859715829497695,0.06360926075203245,1.1206876752799371e-07
1012,2.4878927356413847,0.16319119097559368,1.8712808533377304e-08
1012,2.4898138883329994,0.0480089519482525,1.9463810990142686e-07
1012,2.4917350410246146,0.15375543103619532,3.80129819889274e-09
1012,2.4936561937162294,0.140233863610716,1.799588611706722e-08
1012,2.4955773464078446,0.13477926608238697,6.145477349232632e-08
1012,2.4974984990994593,0.22125351428295387,2.8966542071623994e-08
1012,2.4994196517910745,0.15615079445391702,5.3705664095719736e-08
1012,2.5013408044826893,0.2301855055156591,1.4681265585984127e-07
1012,2.5032619571743044,0.10674890362809623,3.5293938708495526e-08
1012,2.505183109865919,0.24195191271013736,9.099843531133475e-08
1012,2.5071042625575344,0.06631813964908939,2.2579933224613387e-08
1012,2.509025415249149,0.07608900196904325,6.344658686330731e-08
1012,2.5109465679407643,0.035269375305033115,7.18584758441628e-08
1012,2.512867720632379,0.11697871664652634,4.0519098245898196e-08
1012,2.5147888733239943,0.03039487038728848,1.6865098063510756e-08
1012,2.516710026015609,0.05338872078986254,4.373142225805434e-08
1012,2.518631178707224,0.009086986321517544,3.5070167809304685e-09
1012,2.520552331398839,0.08518836507466662,1.2194465283677086e-07
1012,2.522473484090454,0.06735611686488895,1.0625592920329164e-07
1012,2.524394636782069,0.1260074368035199,9.982238660900838e-08
1012,2.526315789473684,0.0842939572388334,3.9684414716164914e-08
1012,2.528236942165299,0.07855732317266098,2.4954413336859407e-07
1012,2.530158094856914,0.07257542794759941,7.773556025882543e-08
1012,2.5320792475485288,0.06212234569906587,1.561049893089817e-08
1012,2.534000400240144,0.037586270597241345,4.5470312350277e-08
1012,2.5359215529317587,0.060112505105044865,3.5110633270692144e-08
1012,2.537842705623374,0.08661690022429713,5.605375405353771e-09
1012,2.5397638583149886,0.13361986294077588,6.859797285535585e-08
1012,2.541685011006604,0.05302767800682744,9.327036045169074e-08
1012,2.5436061636982186,0.08399581778332568,3.4985615988963554e-08
1012,2.5455273163898338,0.0346380883416817,8.70749175089842e-08
1012,2.5474484690814485,0.07141024706699095,8.917835038829943e-08
1012,2.5493696217730637,0.07374812564100686,2.362854967434571e-08
1012,2.5512907744646784,0.05515641683642957,1.0019414625669022e-07
1012,2.5532119271562936,0.11554862083938502,4.941563080450333e-09
1012,2.5551330798479084,0.14064142889186335,7.066487715713845e-08
1012,2.5570542325395236,0.07273001603264492,4.90447303967755e-07
1012,2.5589753852311383,0.07263360076071097,2.98414254033465e-08
1012,2.5608965379227535,0.1351159971634825,2.9537498148312126e-08
1012,2.5628176906143683,0.14549807125337527,1.548460791234683e-08
1012,2.5647388433059835,0.0835917647687542,1.093204037755355e-08
1012,2.566659995997598,0.032904972012203,3.1725720913345885e-08
1012,2.5685811486892134,0.09108985356111382,3.6839469862501495e-07
1012,2.570502301380828,0.3543547573914024,2.083646839259386e-07
1012,2.5724234540724433,0.23867279788846835,1.1123629137169291e-07
1012,2.574344606764058,0.09437666011494017,3.722111704310269e-07
1012,2.5762657594556733,0.15844244608325575,8.219707561433624e-08
1012,2.578186912147288,0.0830098001040484,1.2802139645459177e-07
1012,2.580108064838903,0.048483132019175375,2.2513930011336887e-07
1012,2.582029217530518,0.2226769812213256,2.6510283603780164e-09
1012,2.583950370222133,0.0665029177246694,8.559960194488718e-08
1012,2.585871522913748,0.03370964940041147,1.7355122929581215e-07
1012,2.587792675605363,0.061415458202457335,6.839569863023779e-08
1012,2.589713828296978,0.08803994119693627,1.0495629600125754e-07
1012,2.591634980988593,0.030495641982840445,6.793717401979654e-08
1012,2.5935561336802078,0.10420058577159218,2.4854735046714103e-08
1012,2.595477286371823,0.02638698173793599,6.217731053594948e-08
1012,2.5973984390634377,0.08218098579442452,6.062155167101812e-09
1012,2.599319591755053,0.09551402913720518,6.221854285519972e-08
1012,2.6012407444466676,0.10852451990080768,9.438809587870613e-08
1012,2.603161897138283,0.040892386781491784,5.8742862424475634e-08
1012,2.6050830498298976,0.10010595205085825,5.501865539805687e-08
1012,2.6070042025215128,0.10184019596625649,3.6818919651308446e-08
1012,2.6089253552131275,0.05926218326051731,1.3584847161253124e-07
1012,2.6108465079047427,0.05069902260688288,2.2035788487779723e-08
1012,2.6127676605963575,0.10728093495732942,7.337838310588584e-08
1012,2.6146888132879726,0.06862435245834674,3.812596266810791e-08
1012,2.6166099659795874,0.08598511953026196,3.6825476961075935e-08
1012,2.6185311186712026,0.08225675037490104,7.328880509391042e-08
1012,2.6204522713628173,0.07009310572816356,7.944693357189127e-08
1012,2.6223734240544325,0.07054497670023098,2.9566215972865727e-07
1012,2.6242945767460473,0.11335468558131354,3.102495375901102e-08
1012,2.6262157294376625,0.09400582671355293,2.3997516600489844e-07
1012,2.628136882129277,0.15783961400051913,8.054575202538212e-08
1012,2.6300580348208924,0.12748560334986175,2.1504788459710382e-07
1012,2.631979187512507,0.06793654644884993,4.219558326279971e-08
1012,2.6339003402041223,0.08943177587933449,9.60223193962171e-08
1012,2.635821492895737,0.056212062708180195,3.9080271294036044e-07
1012,2.6377426455873523,0.3074017939624732,1.1773738914511384e-07
1012,2.639663798278967,0.2254672218812089,4.931038341528833e-08
1012,2.641584950970582,0.13643484878810147,1.3894042966967564e-08
1012,2.643506103662197,0.08949763585296372,2.179566880397463e-08
1012,2.645427256353812,0.11303990095174858,7.232096998961077e-08
1012,2.647348409045427,0.08616893507653625,5.003860090125066e-07
1012,2.649269561737042,0.2386300769835883,3.389776358573417e-07
1012,2.651190714428657,0.17585343710916038,2.9675628332671334e-08
1012,2.653111867120272,0.04721333172534126,1.1772620296970859e-07
1012,2.6550330198118868,0.09929084165187332,9.47306629614434e-08
1012,2.656954172503502,0.14524692632125208,2.8003446901803457e-08
1012,2.6588753251951167,0.09704824712941673,1.2397810923950682e-07
1012,2.660796477886732,0.09181261622248778,1.3192815280366185e-07
1012,2.6627176305783467,0.018647347135756713,7.942069034219085e-08
1012,2.664638783269962,0.11873272353864278,5.689741685708247e-08
1012,2.6665599359615766,0.05655154725869231,9.679732495831138e-09
1012,2.668481088653192,0.03284276587522009,6.673624505982448e-08
1012,2.6704022413448065,0.04632735261187989,7.250046782556391e-08
1012,2.6723233940364217,0.1724547361630685,7.311024905227776e-08
1012,2.6742445467280365,0.04273943515274189,1.2892497929415654e-07
1012,2.6761656994196517,0.1610101393320467,1.4721579505656958e-09
1012,2.6780868521112664,0.04671887056964811,9.878607113002861e-09
1012,2.6800080048028816,0.031219715843261824,3.8968940610612695e-09
1012,2.6819291574944963,0.08448389401901016,3.179275770423265e-07
1012,2.6838503101861115,0.11540454447725776,2.0966090943974303e-07
1012,2.6857714628777263,0.0859148751761325,3.981763497997469e-08
1012,2.6876926155693415,0.017950371223181886,6.513691342207214e-09
1012,2.689613768260956,0.05064246590794993,1.7086887292420319e-07
1012,2.6915349209525714,0.08620333256332292,5.927733887811375e-09
1012,2.693456073644186,0.06938968620387094,4.2590701139607846e-08
1012,2.6953772263358013,0.11740691239992548,5.211126047702545e-08
1012,2.697298379027416,0.11882207075237713,3.4664934953601655e-08
1012,2.6992195317190313,0.05589753933906884,5.816851524643225e-08
1012,2.701140684410646,0.15181157340001317,9.008324168661277e-08
1012,2.7030618371022612,0.021875833070453602,1.721746600648165e-07
1012,2.704982989793876,0.06338320975702688,1.6756759228437457e-07
1012,2.706904142485491,0.03940022592225821,2.3303615379877147e-07
1012,2.708825295177106,0.17409814735565743,9.852505476732561e-08
1012,2.710746447868721,0.11263208991035722,3.8792790015162485e-09
1012,2.712667600560336,0.2536546430395261,6.705858816578368e-08
1012,2.714588753251951,0.26035269531561356,4.009727923499709e-08
1012,2.716509905943566,0.39957179903916157,1.2564437037162258e-07
1012,2.718431058635181,0.23903355855718253,7.613405062652958e-08
1012,2.7203522113267957,0.15297343899387877,2.5781504659934235e-07
1012,2.722273364018411,0.10503304780245838,4.556713637466573e-08
1012,2.7241945167100257,0.23103432431626658,1.7100000772602207e-07
1012,2.726115669401641,0.02464287608717105,6.900531584677156e-08
1012,2.7280368220932556,0.13332581299535548,1.2080982801670557e-07
1012,2.729957974784871,0.1547557862439625,2.7089844445751896e-07
1012,2.7318791274764855,0.04369815070784018,7.094786214431402e-08
1012,2.7338002801681007,0.05116211822541706,1.5237053943286904e-07
1012,2.7357214328597155,0.06411007959640125,2.5694437860814963e-08
1012,2.7376425855513307,0.0864626420719848,4.703021843356669e-08
1012,2.7395637382429454,0.0829026343403353,3.9666442913723135e-08
1012,2.7414848909345606,0.09527694998599688,1.7044462232601913e-08
1012,2.7434060436261754,0.09857846109553281,1.2415654277798017e-07
1012,2.7453271963177905,0.19472713232547564,1.443782992342326e-07
1012,2.7472483490094053,0.11135109156818253,3.821997797894053e-07
1012,2.7491695017010205,0.15359002298531257,6.80592702124656e-08
1012,2.7510906543926352,0.0122208647730102,8.549354447708748e-08
1012,2.7530118070842504,0.040795066437903135,1.2824088782994388e-07
1012,2.754932959775865,0.11884233815298582,6.100847448472993e-08
1012,2.7568541124674804,0.11655344616494427,2.8201933803483342e-08
1012,2.758775265159095,0.0652460208528682,2.4617121041829984e-08
1012,2.7606964178507103,0.07512749083531879,1.7672589616670234e-07
1012,2.762617570542325,0.054593792124838364,7.86910533169851e-08
1012,2.7645387232339402,0.16488385353552015,3.9146724244761894e-08
1012,2.766459875925555,0.054022119976534236,4.077286525947709e-08
1012,2.76838102861717,0.06667983354729222,8.94641277125716e-09
1012,2.770302181308785,0.11830673898268408,2.0625214114043218e-07
1012,2.7722233340004,0.005739685113733624,1.736818199553144e-08
1012,2.774144486692015,0.048530051838771106,5.39175195265028e-08
1012,2.77606563938363,0.13915443263634036,1.541060665815868e-07
1012,2.777986792075245,0.10502783058354297,2.409606260328951e-07
1012,2.77990794476686,0.17528705176063644,2.316012715737914e-08
1012,2.7818290974584747,0.08045978319772461,2.0415507536778427e-07
1012,2.78375025015009,0.12035882618406482,5.650042156094553e-09
1012,2.7856714028417047,0.1774504389635156,2.103973051485112e-07
1012,2.78759255553332,0.19387000650114217,3.296592944116794e-07
1012,2.7895137082249346,0.16584204405415642,2.087424600522683e-08
1012,2.79143486091655,0.1666783337540229,8.142499757989875e-08
1012,2.7933560136081645,0.12726299497280735,1.9338674895796e-08
1012,2.7952771662997797,0.020097535535262744,1.6395223676875513e-07
1012,2.7971983189913945,0.1634183820067608,3.034217261003866e-07
1012,2.7991194716830097,0.04634324583385336,1.5100261711534514e-07
1012,2.8010406243746244,0.08969537769977154,5.5649656810611717e-08
1012,2.8029617770662396,0.07687052697420654,8.25981259060484e-08
1012,2.8048829297578544,0.07286441727119142,3.91877861387325e-08
1012,2.8068040824494696,0.03324107217540229,6.866703693195723e-09
1012,2.8087252351410843,0.08409518884903724,3.166054438957976e-08
1012,2.8106463878326995,0.1262071022868276,1.6877433626438815e-07
1012,2.8125675405243142,0.08927558300702688,2.438150563835066e-08
1012,2.8144886932159294,0.04783731688824385,1.5599319631877078e-08
1012,2.816409845907544,0.10718878672349264,5.4494471807525226e-08
1012,2.8183309985991594,0.027837287455923277,4.963461467378653e-07
1012,2.820252151290774,0.2188774984422966,1.614879929185708e-07
1012,2.8221733039823893,0.0893491087468869,1.7498587733356094e-08
1012,2.824094456674004,0.06627975854240668,1.022967070920431e-07
1012,2.8260156093656192,0.06366112919782743,5.45507324085256e-08
1012,2.827936762057234,0.13313450981152491,2.4678405382686102e-08
1012,2.829857914748849,0.13162162671980873,3.1683735058723433e-07
1012,2.831779067440464,0.03938217936207093,5.335214170445062e-08
1012,2.833700220132079,0.1633950489514527,1.2268196486226214e-07
1012,2.835621372823694,0.08066905651460822,2.8664116880432924e-08
1012,2.837542525515309,0.06942871211638936,1.176732177596631e-07
1012,2.839463678206924,0.08963455734757039,9.852380782868362e-08
1012,2.841384830898539,0.030321705711706202,1.4162708374142606e-07
1012,2.8433059835901537,0.128676805507964,8.689273522377245e-08
1012,2.845227136281769,0.04245812282669232,3.9499223588852875e-08
1012,2.8471482889733837,0.09507427984152614,9.222393475057031e-08
1012,2.849069441664999,0.03291330450433502,2.000913074297358e-08
1012,2.8509905943566136,0.06888724648692426,5.760906433700844e-08
1012,2.852911747048229,0.07347194590925568,6.113523662011326e-09
1012,2.8548328997398436,0.14958286573387627,2.1446958157965272e-08
1012,2.8567540524314587,0.12481706764746911,1.3613016555042208e-07
1012,2.8586752051230735,0.30128076741883575,1.0115625216284891e-07
1012,2.8605963578146887,0.13339443707589368,5.163363899359547e-09
1012,2.8625175105063034,0.14646105635242715,1.5656586802321575e-08
1012,2.8644386631979186,0.04065293116615728,1.1491360523531601e-07
1012,2.8663598158895334,0.09656204293194673,2.296014656114902e-07
1012,2.8682809685811486,0.04501052657150219,7.85087016091194e-08
1012,2.8702021212727633,0.07782195773100371,1.1325080764880023e-07
1012,2.8721232739643785,0.05729100924542639,9.884197817043984e-08
1012,2.8740444266559932,0.05547841658638193,5.0123914485842645e-08
1012,2.8759655793476084,0.14501332034447473,2.4439099050185054e-08
1012,2.877886732039223,0.10622026871806187,1.780627365792381e-08
1012,2.8798078847308384,0.08134019628133297,3.715754827164815e-07
1012,2.881729037422453,0.11705460511943282,3.019555159003242e-07
1012,2.8836501901140683,0.08806909940391304,3.733261206992661e-08
1012,2.885571342805683,0.05330260971858448,1.7931156281182667e-07
1012,2.8874924954972983,0.09010332703187877,3.6796696478955744e-08
1012,2.889413648188913,0.14812611671025216,1.072727912588216e-08
1012,2.891334800880528,0.0867360827993994,8.051488047886401e-09
1012,2.893255953572143,0.05555201199846087,4.563881908061835e-09
1012,2.895177106263758,0.04491222850332453,8.845346424523236e-08
1012,2.897098258955373,0.008124606668548992,5.605598265342591e-08
1012,2.899019411646988,0.08654298730598761,2.957664089198854e-07
1012,2.900940564338603,0.07438752407506269,7.425694462016687e-08
1012,2.902861717030218,0.1852445712654348,4.7858216189564247e-08
1012,2.9047828697218327,0.1025894145517337,8.219870750047177e-09
1012,2.906704022413448,0.09180147964428471,1.0083929873020987e-08
1012,2.9086251751050627,0.1392256122715684,1.6628330005024778e-07
1012,2.910546327796678,0.016191355808669625,8.844797071188346e-08
1012,2.9124674804882926,0.06705650036526087,7.23114386129123e-08
1012,2.914388633179908,0.07550564790651511,3.0525342329202614e-07
1012,2.9163097858715226,0.03147020206065687,2.99951080133633e-07
1012,2.9182309385631378,0.04364264029071364,5.168450912515786e-08
1012,2.9201520912547525,0.10229256348063558,1.9656364978125878e-07
1012,2.9220732439463677,0.0549105830746886,5.048174640635579e-08
1012,2.9239943966379824,0.10737968797693254,3.895647253269762e-08
1012,2.9259155493295976,0.04044555094852886,1.2591756669433762e-07
1012,2.9278367020212124,0.29471621704840456,8.632841178208298e-08
1012,2.9297578547128276,0.32873541187604155,2.5889869090199234e-07
1012,2.9316790074044423,0.17711916610630996,3.628142135443265e-09
1012,2.9336001600960575,0.07924889135331709,2.8522634373945965e-07
1012,2.9355213127876723,0.14262305839589354,2.0475099287619013e-07
1012,2.9374424654792874,0.15402380722009973,3.0358823729746772e-09
1012,2.939363618170902,0.15962570733759585,2.821749934013497e-07
1012,2.9412847708625174,0.1268057317218627,4.559947921890334e-07
1012,2.943205923554132,0.13775234780603254,2.9560204590290607e-08
1012,2.9451270762457473,0.14216762495727683,4.7592210477881776e-08
1012,2.947048228937362,0.07176629224297375,3.6768610726580094e-07
1012,2.9489693816289773,0.1436198691523687,2.5365165503505585e-08
1012,2.950890534320592,0.10072542882900107,2.720535257288424e-07
1012,2.952811687012207,0.12635460155528458,1.9798225456255103e-07
1012,2.954732839703822,0.11048745090464808,1.2919016887300493e-08
1012,2.956653992395437,0.023835962984482154,1.8214776848721717e-07
1012,2.958575145087052,0.03001261551602713,5.559592360495796e-09
1012,2.960496297778667,0.1270900600936828,9.488396026281371e-08
1012,2.962417450470282,0.054522980248354724,2.9102203791399228e-08
1012,2.964338603161897,0.032970413094337854,4.0273869123211446e-08
1012,2.9662597558535118,0.06944842053027273,1.897852110631224e-09
1012,2.968180908545127,0.08129315758726245,9.145656616485128e-09
1012,2.9701020612367417,0.14053455726279926,1.4812936052081261e-08
1012,2.972023213928357,0.08020266307954746,9.645680127902885e-08
1012,2.9739443666199716,0.14944249787630287,3.402125315458332e-08
1012,2.975865519311587,0.07312541806838403,3.89757271465143e-08
1012,2.9777866720032016,0.09719065952177525,2.8917692225899385e-08
1012,2.9797078246948168,0.12181784964821647,5.560512139357962e-08
1012,2.9816289773864315,0.10217675775346789,2.4050778072535822e-08
1012,2.9835501300780467,0.15118174210676696,1.3844421718681366e-07
1012,2.9854712827696614,0.10939181280664109,2.8296219495154448e-08
1012,2.9873924354612766,0.1237679806855178,1.2087792619500374e-07
1012,2.9893135881528914,0.016563260383188373,6.410991254764373e-08
1012,2.9912347408445066,0.03774465850948739,2.5157612594136754e-07
1012,2.9931558935361213,0.118391084750964,1.3217687699374815e-08
1012,2.9950770462277365,0.04834506035550522,1.7380980671747098e-08
1012,2.9969981989193513,0.2605534296039292,1.7055391924434945e-07
1012,2.9989193516109665,0.11470717408446524,3.25365945724939e-07
1012,3.000840504302581,0.2080608251311478,4.537708631355397e-07
1012,3.0027616569941964,0.06502222344759183,1.9471592528274135e-07
1012,3.004682809685811,0.1164955883087063,4.930989063798273e-07
1012,3.0066039623774263,0.04181089580695422,1.1560084149548523e-07
1012,3.008525115069041,0.027538989617784462,1.1757589221991213e-07
1012,3.0104462677606563,0.12719635453405334,7.638672404524623e-09
1012,3.012367420452271,0.07399307183931582,8.134837133258384e-08
1012,3.014288573143886,0.09160671424400496,2.5295019943571553e-07
1012,3.016209725835501,0.0338789924571083,8.318520171298733e-09
1012,3.018130878527116,0.09985422026170715,3.578960915928349e-08
1012,3.020052031218731,0.08297327018445912,9.037398947184444e-08
1012,3.021973183910346,0.07297963976909377,2.4542050488552e-07
1012,3.023894336601961,0.08672630560012838,3.43650513107763e-08
1012,3.025815489293576,0.1378605857505773,3.077062688644518e-08
1012,3.0277366419851908,0.10752724713913862,2.9725732824233035e-08
1012,3.029657794676806,0.1431912955833999,7.896491238418223e-08
1012,3.0315789473684207,0.1425983965284844,3.8550853430371405e-09
1012,3.033500100060036,0.06538624345081909,1.475114151114824e-07
1012,3.0354212527516506,0.23697645166669212,7.366976229743655e-08
1012,3.037342405443266,0.07984130724493736,5.072380521308211e-08
1012,3.0392635581348806,0.05981030892088553,1.504418226347782e-07
1012,3.0411847108264958,0.10237125402369,6.751747184103185e-08
1012,3.0431058635181105,0.09828214991460332,1.0822296775444215e-07
1012,3.0450270162097257,0.06687697729070839,3.9955890938865103e-07
1012,3.0469481689013405,0.15810092299522438,7.048741123298636e-08
1012,3.0488693215929557,0.06824874303162877,8.450720326486491e-09
1012,3.0507904742845704,0.1031394322813381,3.868381770155374e-08
1012,3.0527116269761856,0.15792535930175727,5.2527348523164165e-08
1012,3.0546327796678003,0.10083222146247145,2.4798292668082442e-08
1012,3.0565539323594155,0.21933427055485935,9.719585166975832e-09
1012,3.0584750850510303,0.019966841369579626,1.560666850684653e-08
1012,3.0603962377426455,0.07565845168046283,3.99518702087103e-08
1012,3.06231739043426,0.10596525738202849,7.235596576114469e-08
1012,3.0642385431258754,0.10026653488900393,4.736838985247335e-08
1012,3.06615969581749,0.029228200745793954,8.16876076659348e-08
1012,3.0680808485091053,0.07495665803089924,5.049103942997418e-07
1012,3.07000200120072,0.2842488855182647,3.538477507496006e-08
1012,3.0719231538923353,0.12073287479030115,1.279574988518786e-07
1012,3.07384430658395,0.08410664347497974,7.734746659592284e-08
1012,3.075765459275565,0.043703879407427156,6.698698637682494e-08
1012,3.07768661196718,0.16726711646250408,4.474146153045814e-08
1012,3.079607764658795,0.022686093835645457,1.6369340992921445e-07
1012,3.08152891735041,0.1596423151869802,5.253740671589835e-08
1012,3.083450070042025,0.09529045611481722,6.052954232190733e-09
1012,3.08537122273364,0.018989649013608008,3.89685919888995e-09
1012,3.087292375425255,0.16333232272722184,1.484615153733737e-07
1012,3.08921352811687,0.17087692744443908,1.0765838875664555e-09
1012,3.091134680808485,0.1249547197865745,8.483688963778602e-09
1012,3.0930558335000997,0.0995524863663837,9.211284569899467e-09
1012,3.094976986191715,0.004208923743728026,5.551657959530891e-08
1012,3.0968981388833297,0.09346284242051718,1.1440964669908139e-08
1012,3.098819291574945,0.060176762201844224,1.3625309473733646e-07
1012,3.1007404442665596,0.12296075977320614,1.2870555371434273e-07
1012,3.102661596958175,0.09814492279693844,1.1840002586198555e-07
1012,3.1045827496497895,0.09459332090326342,1.5240390455759442e-07
1012,3.1065039023414047,0.11089047491687674,1.0576853759766232e-08
1012,3.1084250550330195,0.04583295095300926,2.2280963508101433e-07
1012,3.1103462077246347,0.055555957693773535,5.715848807257337e-08
1012,3.1122673604162494,0.05345319745251167,1.5796253409786365e-07
1012,3.1141885131078646,0.23989030615889784,4.965363395929732e-08
1012,3.1161096657994793,0.03702397095468664,1.9943946361582016e-08
1012,3.1180308184910945,0.008798472604487288,7.28688511375927e-08
1012,3.1199519711827093,0.07481304525848025,4.323131972674091e-08
1012,3.1218731238743245,0.0427898255561132,3.2890957491267195e-07
1012,3.123794276565939,0.0556306524642881,1.4015303681928298e-07
1012,3.1257154292575544,0.050548887778996306,2.596912234305908e-08
1012,3.127636581949169,0.1423926537572391,1.5920438406044805e-07
1012,3.1295577346407843,0.08151867794957582,2.6136647395429835e-08
1012,3.131478887332399,0.021614852573671774,1.9920159108588044e-07
1012,3.1334000400240143,0.0996904267448614,5.56413958268517e-08
1012,3.135321192715629,0.06921496067560079,5.415166543811085e-08
1012,3.1372423454072442,0.06936284048813555,8.287043668416114e-08
1012,3.139163498098859,0.14576984975755908,3.611338640497059e-08
1012,3.141084650790474,0.11542624352721818,3.796295651342676e-07
1012,3.143005803482089,0.2141916076976784,3.3534188432301504e-08
1012,3.144926956173704,0.2627245306307506,1.1949111559250004e-07
1012,3.146848108865319,0.10742545379903969,5.1921995540982184e-08
1012,3.148769261556934,0.1083064428847651,4.272621703955005e-07
1012,3.150690414248549,0.09147808815426084,2.4982604222956302e-08
1012,3.152611566940164,0.1099139599440262,1.6055847454663838e-07
1012,3.1545327196317787,0.10775621468072519,1.506897380951641e-08
1012,3.156453872323394,0.06105585484474053,4.328415457582865e-08
1012,3.1583750250150087,0.1125502264932443,3.6049572383260123e-09
1012,3.160296177706624,0.19523086471953688,5.8924133040897713e-08
1012,3.1622173303982386,0.02899629364949126,1.9363334689664418e-07
1012,3.164138483089854,0.12870948788893302,6.738375762560514e-08
1012,3.1660596357814685,0.06803634016203343,1.3126389079173432e-07
1012,3.1679807884730837,0.0895616544804093,2.134903116399036e-07
1012,3.1699019411646985,0.051821382110728,6.296639465233764e-08
1012,3.1718230938563137,0.03860013228260237,1.3638943764839572e-07
1012,3.1737442465479284,0.1648328347298291,1.6944493141188194e-08
1012,3.1756653992395436,0.170287250969173,9.828903638809985e-08
1012,3.1775865519311584,0.11954162142796983,5.9148374559939135e-09
1012,3.1795077046227735,0.04040006564742303,1.2441473601857878e-07
1012,3.1814288573143883,0.05734532491706609,3.5063934366058537e-09
1012,3.1833500100060035,0.1049775458114921,7.722271920334793e-08
1012,3.1852711626976182,0.0725888978256224,1.0016699317034588e-08
1012,3.1871923153892334,0.03601206662063198,1.6522213562022728e-07
1012,3.189113468080848,0.03523499126061757,1.7541097520445308e-07
1012,3.1910346207724634,0.04979239809917914,2.0846806856416036e-07
1012,3.192955773464078,0.0495191018473311,7.481671631047367e-08
1012,3.1948769261556933,0.05655062890433235,1.0186468950795474e-08
1012,3.196798078847308,0.09431191929740605,1.3719915767233332e-09
1012,3.1987192315389232,0.08132117888418401,1.1766735087565783e-07
1012,3.200640384230538,0.1818561305236088,1.916504906084745e-08
1012,3.202561536922153,0.144821750055235,3.688649133204944e-08
1012,3.204482689613768,0.06366741592105865,1.6345814111564245e-08
1012,3.206403842305383,0.11003566830101216,3.3656570072039414e-08
1012,3.208324994996998,0.15982990466233582,3.683932500408778e-07
1012,3.210246147688613,0.1301601648390871,9.491085088208039e-08
1012,3.212167300380228,0.17247656233398684,2.0072149796078682e-07
1012,3.214088453071843,0.10156175454025615,1.087405630342108e-07
1012,3.2160096057634577,0.02390419195606783,3.226690216743053e-07
1012,3.217930758455073,0.018717630400866693,8.06986747068781e-08
1012,3.2198519111466877,0.09782385345683015,4.9585856389236096e-08
1012,3.221773063838303,0.05833247508762024,4.504667183219462e-10
1012,3.2236942165299176,0.030919003046746725,4.2341580790939886e-09
1012,3.225615369221533,0.07222417318312668,1.0187982779279946e-07
1012,3.2275365219131475,0.05694085677328287,4.83561971377795e-08
1012,3.2294576746047627,0.17882945607241896,5.199096746927681e-08
1012,3.2313788272963775,0.0420324173279094,9.574268075721012e-08
1012,3.2332999799879927,0.14272638132143045,1.331895443812e-08
1012,3.2352211326796074,0.060630519461830006,2.2873834382769004e-07
1012,3.2371422853712226,0.06524012905475296,4.435380583116722e-08
1012,3.2390634380628374,0.02488101596964555,1.9428885551885453e-08
1012,3.2409845907544526,0.03142908321726903,2.225327670351331e-07
1012,3.2429057434460673,0.15483863778693888,5.15977500756552e-08
1012,3.2448268961376825,0.024791421908312423,1.1259383890753089e-07
1012,3.2467480488292972,0.09987209163569358,1.228613622231942e-08
1012,3.2486692015209124,0.14660169309924934,3.903558790014467e-09
1012,3.250590354212527,0.06310337669036524,2.681598389377768e-07
1012,3.2525115069041424,0.051153898867916894,2.119822820959433e-08
1012,3.254432659595757,0.14906825422951397,1.0927772068610428e-07
1012,3.2563538122873723,0.10912531431965923,9.443407842455879e-08
1012,3.258274964978987,0.013608482776429839,5.132709527183318e-08
1012,3.2601961176706022,0.07468136723083138,1.9346395387240594e-08
1012,3.262117270362217,0.05940090968910549,7.09337697484182e-08
1012,3.264038423053832,0.05173762020535868,1.7159171911277355e-07
1012,3.265959575745447,0.12764046819807642,2.1298142017651702e-08
1012,3.267880728437062,0.07652840825593964,1.423845259439632e-07
1012,3.269801881128677,0.06754320724751947,2.7622663426558748e-08
1012,3.271723033820292,0.10772554748007548,1.0189058342862756e-09
1012,3.273644186511907,0.11730741614071254,4.720151077389169e-08
1012,3.275565339203522,0.05377184130932863,3.0139911968208775e-07
1012,3.2774864918951367,0.04669753528957619,9.436701431950455e-08
1012,3.279407644586752,0.04274278556278512,1.375965603940406e-07
1012,3.2813287972783667,0.10933699950412462,5.808279735396325e-08
1012,3.283249949969982,0.06239865703428571,2.9710006641810657e-09
1012,3.2851711026615966,0.113935302650781,3.846850896125869e-08
1012,3.287092255353212,0.148128785377674,2.4107686714733507e-08
1012,3.2890134080448266,0.10617555901964605,4.883630027033425e-08
1012,3.2909345607364417,0.09352222055451898,3.835818094874435e-07
1012,3.2928557134280565,0.05780018913727269,8.184876218241661e-08
1012,3.2947768661196717,0.10356805111295167,2.7029761203069073e-08
1012,3.2966980188112864,0.13955825013543824,3.707941439966375e-08
1012,3.2986191715029016,0.032003622171307096,8.946862559900964e-09
1012,3.3005403241945164,0.04000696152983573,1.7618861777382347e-07
1012,3.3024614768861316,0.05529411416576056,4.657985312191296e-08
1012,3.3043826295777463,0.08418985566515153,1.3441764592684943e-07
1012,3.3063037822693615,0.09601434946228901,9.007844859927858e-08
1012,3.3082249349609762,0.07465497701951644,1.0479931834022431e-07
1012,3.3101460876525914,0.03139078301712319,5.71550944441542e-08
1012,3.312067240344206,0.023483465862676734,1.1598509948870568e-07
1012,3.3139883930358214,0.07523769618121294,1.025685264012688e-07
1012,3.315909545727436,0.04739485011138068,5.683821122562184e-07
1012,3.3178306984190513,0.2067588290384925,3.1127370257548116e-07
1012,3.319751851110666,0.16630397368204178,1.1931514668866956e-07
1012,3.3216730038022813,0.0936257521978836,6.136233632076024e-08
1012,3.323594156493896,0.053963758381988365,1.6144968067502145e-07
1012,3.325515309185511,0.09245140215980906,3.0312661956889285e-08
1012,3.327436461877126,0.21966118063262716,7.116757093144854e-09
1012,3.329357614568741,0.04076107884008095,1.5143578238188137e-07
1012,3.331278767260356,0.1479705979542912,3.294670264663473e-07
1012,3.333199919951971,0.1397954569512976,1.7993671229023475e-07
1012,3.335121072643586,0.11724469150412445,4.779330332791021e-08
1012,3.337042225335201,0.11168560946481738,7.289748569545016e-08
1012,3.3389633780268158,0.14518723477801374,4.3939743619660183e-08
1012,3.340884530718431,0.21335660373805138,2.1059353922991077e-07
1012,3.3428056834100457,0.11075444517129147,8.288793243253659e-08
1012,3.344726836101661,0.0919393595061474,8.785670837682508e-08
1012,3.3466479887932756,0.056167080619556005,5.739890715849149e-08
1012,3.348569141484891,0.08347330146256453,2.9842421151345506e-08
1012,3.3504902941765056,0.12411066571595654,1.355562850743412e-07
1012,3.3524114468681208,0.13827492054987844,4.781122942181282e-09
1012,3.3543325995597355,0.07298481164071903,9.466706558057181e-08
1012,3.3562537522513507,0.17262263832017063,2.1286696577454332e-08
1012,3.3581749049429654,0.025123216933908534,3.273856751637464e-08
1012,3.3600960576345806,0.16049546742052598,9.023144658306132e-08
1012,3.3620172103261954,0.2152935926890771,1.6575609252946035e-07
1012,3.3639383630178106,0.13594157877906185,3.3452299800279336e-08
1012,3.3658595157094253,0.08120510295950338,2.9354817561046313e-08
1012,3.3677806684010405,0.0908592910218632,2.7991291466041527e-08
1012,3.3697018210926553,0.1768253109364023,2.1663507311074643e-08
1012,3.3716229737842704,0.11763632439899141,7.668567430221443e-08
1012,3.373544126475885,0.09518008120466832,2.5299495748275624e-07
1012,3.3754652791675004,0.05572456798017337,1.2011424983907827e-07
1012,3.377386431859115,0.10380225103912817,1.4775783466823769e-08
1012,3.3793075845507303,0.0577080123337389,7.610006327582906e-08
1012,3.381228737242345,0.06504694237886496,2.704141514494528e-07
1012,3.3831498899339603,0.10370774995379071,9.736463112968952e-08
1012,3.385071042625575,0.06375248904473846,1.9194129833420601e-07
1012,3.38699219531719,0.04101878506383738,3.627910983078161e-08
1012,3.388913348008805,0.03101363531877746,5.535697564416306e-08
1012,3.39083450070042,0.07984293417470045,1.5162195388487197e-07
1012,3.392755653392035,0.0828147094618046,7.143308580881047e-09
1012,3.39467680608365,0.06798919759200021,1.2184545472469388e-07
1012,3.396597958775265,0.07510306843114252,6.575760944563857e-10
1012,3.39851911146688,0.1423379912502835,3.972649666645169e-08
1012,3.4004402641584948,0.0780488322959114,5.036336113377375e-08
1012,3.40236141685011,0.16836537541749075,9.939078360524553e-08
1012,3.4042825695417247,0.056118127829083736,9.69943889287517e-08
1012,3.40620372223334,0.11340722896190544,2.104285812386891e-07
1012,3.4081248749249546,0.0457878680121979,4.747559602299433e-08
1012,3.41004602761657,0.09355528291981506,3.302863074506011e-09
1012,3.4119671803081846,0.08183488379767939,4.2924486812917534e-08
1012,3.4138883329997998,0.10047365343414318,7.004317263943e-09
1012,3.4158094856914145,0.04861203610690445,1.331174430724234e-08
1012,3.4177306383830297,0.021948960789709735,3.4930591957556326e-09
1012,3.4196517910746445,0.17345870604305413,3.108536542132854e-09
1012,3.4215729437662596,0.015807845543396128,3.25160990578097e-08
1012,3.4234940964578744,0.06375077966481316,8.347652643249886e-08
1012,3.4254152491494896,0.09690232305200247,2.2023885042016506e-07
1012,3.4273364018411043,0.048784938741252074,4.060079523255153e-08
1012,3.4292575545327195,0.2020534871947678,3.742647222329195e-09
1012,3.4311787072243343,0.10015758928467182,1.2106201175458075e-07
1012,3.4330998599159495,0.26637039244330135,7.869016269367056e-09
1012,3.435021012607564,0.034605484288169314,1.7417508609782562e-08
1012,3.4369421652991794,0.08663266750083362,1.668958258826386e-07
1012,3.438863317990794,0.030624215085030184,2.813565089162569e-08
1012,3.4407844706824093,0.058061066352969336,5.725146050209944e-08
1012,3.442705623374024,0.12523965510469515,6.063741212989577e-08
1012,3.4446267760656393,0.11197385598480124,7.572543037345416e-08
1012,3.446547928757254,0.0520003538242468,8.114257428464094e-08
1012,3.448469081448869,0.17369594307987865,4.968039616761369e-08
1012,3.450390234140484,0.0703509886720133,1.544970472669779e-07
1012,3.452311386832099,0.019794087034315053,7.370262840852874e-08
1012,3.454232539523714,0.05757715512154278,6.34427796681971e-08
1012,3.456153692215329,0.1328004541554489,3.3337749079278857e-07
1012,3.458074844906944,0.07994160128733817,8.39367831161678e-09
1012,3.459995997598559,0.06909274056728124,6.313766891664332e-09
1012,3.4619171502901738,0.08710816459950244,1.2125817113336086e-07
1012,3.463838302981789,0.0014161202577037965,2.2297588867881596e-09
1012,3.4657594556734037,0.009904155274593554,2.9733856698879566e-08
1012,3.467680608365019,0.02812928633939086,1.6915078119932515e-07
1012,3.4696017610566336,0.09766878897212315,2.4702952930625824e-09
1012,3.471522913748249,0.11414825331522298,2.0472837915730302e-07
1012,3.4734440664398636,0.08100836166022957,4.2596110063300647e-08
1012,3.4753652191314788,0.05986557554013382,2.383261615066459e-07
1012,3.4772863718230935,0.12195135827149509,2.2517333286099482e-07
1012,3.4792075245147087,0.03474481227205577,8.111421404380548e-08
1012,3.4811286772063235,0.06919971167312959,8.201684839715072e-08
1012,3.4830498298979387,0.18550548597608654,9.585194563491503e-08
1012,3.4849709825895534,0.07770837948938142,5.2672215471761984e-08
1012,3.4868921352811686,0.14449818136488488,5.641026325380988e-08
1012,3.4888132879727833,0.11586315877485935,4.5491307761241475e-08
1012,3.4907344406643985,0.20585392225435872,2.8260207994166897e-08
1012,3.4926555933560133,0.09716676642058107,4.775264738996579e-08
1012,3.4945767460476285,0.045307463345273344,4.440677172869272e-08
1012,3.496497898739243,0.04656980219557484,1.481510259355088e-07
1012,3.4984190514308584,0.1262652580068761,3.0012287649282846e-07
1012,3.500340204122473,0.0970066617494906,7.2961897322714694e-09
1012,3.5022613568140883,0.22461402959951576,5.834357205778846e-08
1012,3.504182509505703,0.0848196008695915,6.281019720156416e-09
1012,3.5061036621973183,0.02268834756066761,1.9468458156308985e-08
1012,3.508024814888933,0.15016214819412557,1.433098450740067e-07
1012,3.509945967580548,0.1258933770297668,7.589321616907568e-08
1012,3.511867120272163,0.05631424528262808,3.176321870907269e-08
1012,3.513788272963778,0.13028461851987932,3.3343776337324754e-07
1012,3.515709425655393,0.21468339797867442,3.862751317894459e-08
1012,3.517630578347008,0.010811078104971677,1.980461380466973e-08
1012,3.519551731038623,0.058203103068310474,1.9248100988437254e-07
1012,3.521472883730238,0.14551378771835816,3.2824049968558586e-07
1012,3.523394036421853,0.04568166080309469,2.545750599297401e-08
1012,3.525315189113468,0.13575603066564707,1.0253561650294915e-07
1012,3.5272363418050827,0.12184401625111399,6.559049510619242e-08
1012,3.529157494496698,0.048170814846379126,7.081803254233195e-08
1012,3.5310786471883127,0.03131138603911226,1.4721365440983742e-09
1012,3.532999799879928,0.1169426422015587,4.0506995809934793e-07
1012,3.5349209525715426,0.11228798408227958,8.900225057147058e-08
1012,3.536842105263158,0.05193166870010823,9.682769221433063e-09
1012,3.5387632579547725,0.10877088549808231,1.3492478682161785e-07
1012,3.5406844106463877,0.06586542064019735,1.1341955642399491e-07
1012,3.5426055633380025,0.03782055059669649,2.018731924151041e-08
1012,3.5445267160296177,0.13286384940151197,9.094250095105273e-08
1012,3.5464478687212324,0.09255013743205817,1.1284069321680181e-08
1012,3.5483690214128476,0.040962688992849494,7.440320005617224e-08
1012,3.5502901741044623,0.0664816982152874,1.8939001673739094e-08
1012,3.5522113267960775,0.04481937721961425,2.1116791774040467e-07
1012,3.5541324794876923,0.08249798683521108,3.8056427561223345e-08
1012,3.5560536321793075,0.12284879349592262,1.3132681289901253e-09
1012,3.5579747848709222,0.06365275107541651,1.4789832834294688e-07
1012,3.5598959375625374,0.1345408969660189,2.260301674242923e-07
1012,3.561817090254152,0.1237004372317246,7.639441773531239e-08
1012,3.5637382429457674,0.10412284167875548,2.2167845073161466e-09
1012,3.565659395637382,0.08508465123354285,1.6558771889634413e-07
1012,3.5675805483289973,0.15237444746141196,7.057383618776665e-08
1012,3.569501701020612,0.027544222774779387,3.459419673356161e-07
1012,3.5714228537122272,0.29503928553474656,8.644504927645577e-08
1012,3.573344006403842,0.13033681001261457,2.074014576276078e-07
1012,3.575265159095457,0.0913855978937569,1.548717638994284e-07
1012,3.577186311787072,0.11193043820507315,2.2674489188705122e-07
1012,3.579107464478687,0.017665227488917856,1.9864155112705716e-07
1012,3.581028617170302,0.09110516238579434,4.939280388050123e-08
1012,3.582949769861917,0.04136046399584602,1.0973261458915813e-07
1012,3.584870922553532,0.02580610415235473,2.0114625774614676e-08
1012,3.586792075245147,0.18992515916118055,1.9694698189181965e-08
1012,3.5887132279367617,0.19131792803692324,2.91441071050205e-08
1012,3.590634380628377,0.0560003383077867,2.2483639574328588e-09
1012,3.5925555333199917,0.10929010645418448,1.196620573097372e-08
1012,3.594476686011607,0.05395610225742476,4.436079565694263e-08
1012,3.5963978387032216,0.13562438159583806,1.8396874021336877e-07
1012,3.598318991394837,0.050026436616132035,4.642529692545789e-08
1012,3.6002401440864515,0.020940661425393768,1.0492439939802664e-07
1012,3.6021612967780667,0.058763789376510445,1.0168320431589735e-07
1012,3.6040824494696815,0.18604853880299177,8.945600628385045e-08
1012,3.6060036021612967,0.02399257021307465,9.93192916190434e-08
1012,3.6079247548529114,0.054762203640648266,2.395721849146088e-09
1012,3.6098459075445266,0.1023404202007404,1.6340329049475656e-08
1012,3.6117670602361414,0.10640962785883673,5.703121148976786e-08
1012,3.6136882129277565,0.06280797349203436,3.540838498124164e-09
1012,3.6156093656193713,0.09503265983465085,6.320639095720369e-08
1012,3.6175305183109865,0.01743557091882819,2.6293516785437262e-08
1012,3.6194516710026012,0.2102849408624708,8.45663781477571e-08
1012,3.6213728236942164,0.1577672398796869,1.0486281210393244e-08
1012,3.623293976385831,0.10174761311817565,6.831079094865847e-08
1012,3.6252151290774464,0.056024247863911046,1.6809834055333808e-07
1012,3.627136281769061,0.07931557369494299,1.622732187479287e-07
1012,3.6290574344606763,0.09253497866955603,4.359749583507282e-07
1012,3.630978587152291,0.09388318936256355,1.467983264041506e-07
1012,3.6328997398439062,0.08267250348438683,3.210315526658807e-08
1012,3.634820892535521,0.07548102220341614,6.18610467350476e-08
1012,3.636742045227136,0.08958790117221069,1.6590459034492905e-08
1012,3.638663197918751,0.20720877323057013,2.8703912801090233e-08
1012,3.640584350610366,0.16690517091854695,1.750256282671867e-07
1012,3.642505503301981,0.06820618200672779,3.456336082392135e-07
1012,3.644426655993596,0.06760481227839907,8.15767571533072e-08
1012,3.646347808685211,0.12172824983641867,9.951655459672452e-08
1012,3.648268961376826,0.16750721535952895,2.3154535668230592e-07
1012,3.6501901140684407,0.07642353913539304,1.6805219484941048e-07
1012,3.652111266760056,0.08225278564487937,7.63702441288147e-09
1012,3.6540324194516707,0.06122666175628754,8.782175191886306e-08
1012,3.655953572143286,0.022885399418253523,2.622496285775297e-08
1012,3.6578747248349006,0.06806814512529419,2.3380977909427676e-08
1012,3.659795877526516,0.03982038165154778,1.6342224455502046e-07
1012,3.6617170302181306,0.10372810716682539,6.036981403421815e-09
1012,3.6636381829097457,0.06775735887702464,7.633546815124866e-08
1012,3.6655593356013605,0.0918600132794096,1.1401100788561305e-07
1012,3.6674804882929757,0.08920799698027918,1.3841070989442072e-07
1012,3.6694016409845904,0.033443046580689736,1.4830592150812435e-07
1012,3.6713227936762056,0.08057996763423655,1.0045592161301899e-07
1012,3.6732439463678204,0.2079007551705919,4.659599226053367e-08
1012,3.6751650990594356,0.07671122975331467,1.2091709820388343e-08
1012,3.6770862517510503,0.15472326408168935,1.3877395198650585e-07
1012,3.6790074044426655,0.08941512127514746,9.53133757296771e-08
1012,3.6809285571342802,0.10904209309253916,1.4523645946096903e-07
1012,3.6828497098258954,0.1297546546450763,3.08139356502324e-08
1012,3.68477086251751,0.07717456470967698,2.0787389257346564e-07
1012,3.6866920152091254,0.12679094597774895,9.822958169398558e-08
1012,3.68861316790074,0.038703613708555136,1.4392639696476943e-08
1012,3.6905343205923553,0.13289278263944254,1.371129093186895e-07
1012,3.69245547328397,0.05659565068007163,3.6582472224515103e-08
1012,3.6943766259755852,0.15537115456746775,1.9274305038375806e-07
1012,3.6962977786672,0.07147546765187439,4.80564806288148e-08
1012,3.698218931358815,0.10540443554413499,2.3267697817102983e-07
1012,3.70014008405043,0.06278122840751187,1.5809723965246094e-07
1012,3.702061236742045,0.1555246469192919,2.1362388257305334e-07
1012,3.70398238943366,0.027647982937114415,1.226251960835434e-07
1012,3.705903542125275,0.11986457843932488,3.68130883551366e-08
1012,3.70782469481689,0.14598516878092282,4.696656421529666e-08
1012,3.709745847508505,0.013034813045345602,9.488002095611788e-09
1012,3.7116670002001197,0.02070327137291473,3.208231742123331e-07
1012,3.713588152891735,0.16719098217996028,3.3287610116224153e-07
1012,3.7155093055833497,0.07161624585766237,2.03803193675202e-07
1012,3.717430458274965,0.0867899256561236,6.481204942643398e-08
1012,3.7193516109665796,0.11629750051059896,8.853229577076212e-08
1012,3.721272763658195,0.07691434350742155,2.8566306037712535e-08
1012,3.7231939163498096,0.08389650137394701,1.7885984050440804e-07
1012,3.7251150690414248,0.0859780389380833,3.931948874689714e-08
1012,3.7270362217330395,0.06292925456796432,2.948088558229555e-08
1012,3.7289573744246547,0.0981033492383696,1.8055041722157828e-07
1012,3.7308785271162694,0.17443748327888348,4.2052972451536605e-08
1012,3.7327996798078846,0.05039503298166562,5.567622353923853e-09
1012,3.7347208324994994,0.06451967610119318,4.574898209437993e-08
1012,3.7366419851911146,0.1046094053919269,3.1984023985156024e-08
1012,3.7385631378827293,0.08389849524472359,5.391595971977664e-08
1012,3.7404842905743445,0.21611315066067927,1.909451710551349e-08
1012,3.7424054432659593,0.08933023369692308,1.6636621463332058e-08
1012,3.7443265959575744,0.04778406852793081,1.0456917201812755e-07
1012,3.746247748649189,0.036634700639276305,1.0137041936854938e-07
1012,3.7481689013408044,0.1355107130442299,1.80021217045627e-08
1012,3.750090054032419,0.040222034628940175,6.953482986595872e-08
1012,3.7520112067240343,0.01812672929762391,1.9802307643130858e-08
1012,3.753932359415649,0.14124901415924096,2.4998695687558868e-08
1012,3.7558535121072643,0.10040681644945952,3.012279858893499e-07
1012,3.757774664798879,0.024598105201432168,2.8575550040533894e-08
1012,3.759695817490494,0.08043494624983619,2.745712921693873e-07
1012,3.761616970182109,0.03969394059828989,9.218909768115663e-08
1012,3.763538122873724,0.12381234728235509,2.489330405483567e-07
1012,3.765459275565339,0.1093007694331777,1.4764823249087128e-07
1012,3.767380428256954,0.03742271372271197,3.433501509520644e-08
1012,3.769301580948569,0.12383012346598957,6.081880893226343e-08
1012,3.771222733640184,0.06966012607499082,4.563111537903836e-08
1012,3.7731438863317988,0.0655757778695176,1.357979383313142e-07
1012,3.775065039023414,0.03847034957999774,2.250840603319459e-07
1012,3.7769861917150287,0.09375857302466,9.515386811979787e-08
1012,3.778907344406644,0.14619335596877275,4.850657635343671e-08
1012,3.7808284970982586,0.14748176794479026,1.6101259013805386e-07
1012,3.782749649789874,0.18590594520862905,1.3473897518096667e-07
1012,3.7846708024814886,0.08760762211343777,3.648509971915187e-11
1012,3.7865919551731038,0.048812424402286315,7.746934694016749e-08
1012,3.7885131078647185,0.06524001227597713,6.58863982647442e-08
1012,3.7904342605563337,0.06831818424955592,7.261130423897698e-08
1012,3.7923554132479484,0.11243326471951992,9.717645129346046e-10
1012,3.7942765659395636,0.20313916928399314,6.573264597592343e-09
1012,3.7961977186311784,0.03775619992946112,4.039871902498791e-07
1012,3.7981188713227936,0.026339132154024107,6.906779806840393e-09
1012,3.8000400240144083,0.13546235064141746,7.247682032374575e-09
1012,3.8019611767060235,0.04917750025561168,2.7339554201869516e-07
1012,3.8038823293976383,0.12736655996161828,1.360983853426755e-07
1012,3.8058034820892535,0.13408563615094407,2.3517854852725114e-07
1012,3.807724634780868,0.05553924674040621,1.4058017116430352e-07
1012,3.8096457874724834,0.13672091409283185,5.356036636480886e-08
1012,3.811566940164098,0.12419561544942982,1.0274280601149833e-07
1012,3.8134880928557133,0.05886752552230052,1.5991627803157397e-08
1012,3.815409245547328,0.041044032142916215,7.449343688888986e-08
1012,3.8173303982389433,0.01741104476151146,1.266403072497865e-07
1012,3.819251550930558,0.19985866983465442,2.815995763788759e-07
1012,3.821172703622173,0.17302668012207337,1.0589050699870616e-09
1012,3.823093856313788,0.18020043219432533,1.7015687745697315e-07
1012,3.825015009005403,0.05953990959089395,1.0523318380774955e-07
1012,3.826936161697018,0.07331079174725728,6.297136729169084e-08
1012,3.828857314388633,0.09851162592358662,4.783849012627145e-08
1012,3.830778467080248,0.04490674294412356,5.3494816025456925e-08
1012,3.832699619771863,0.09173880101389048,5.666966020900736e-09
1012,3.8346207724634778,0.09029763759986141,2.0882609357361663e-07
1012,3.836541925155093,0.11315742677674538,1.1066699054445672e-08
1012,3.8384630778467077,0.1603692423448837,2.933171502919806e-07
1012,3.840384230538323,0.15280602410654096,5.186398200418558e-08
1012,3.8423053832299376,0.07107253994160082,9.620335185687785e-08
1012,3.844226535921553,0.19896411456732788,7.223370938911394e-08
1012,3.8461476886131676,0.1393708796929502,1.8216558560482204e-07
1012,3.8480688413047828,0.08101074785343869,2.2677910782989047e-09
1012,3.8499899939963975,0.04679519663990736,1.2194893019956378e-07
1012,3.8519111466880127,0.0878281971966469,4.056460001262994e-08
1012,3.8538322993796275,0.09696505373707244,3.127639166605457e-08
1012,3.8557534520712426,0.2019395534721025,6.82688906352643e-08
1012,3.8576746047628574,0.10966580050267588,1.3625910709767796e-08
1012,3.8595957574544726,0.14900361429877046,1.714169557903537e-07
1012,3.8615169101460873,0.10914709801567368,1.3772329036239758e-07
1012,3.8634380628377025,0.027915172800272794,1.9078537404601144e-07
1012,3.8653592155293173,0.09050957992214193,2.7552118734992212e-08
1012,3.8672803682209325,0.041805085505614806,2.6223362102920352e-08
1012,3.869201520912547,0.027572392460467544,2.6391255335598474e-07
1012,3.8711226736041624,0.07127425375250533,6.007584593489286e-08
1012,3.873043826295777,0.10583508964361983,5.977570891273711e-08
1012,3.8749649789873923,0.06322713370669931,1.8794013671754567e-08
1012,3.876886131679007,0.10546777889544397,1.040701617228219e-07
1012,3.8788072843706223,0.01121345622262605,2.9720627904224683e-08
1012,3.880728437062237,0.04348489866509126,1.077147804636196e-07
1012,3.882649589753852,0.03797854862374353,2.4128703466786932e-08
1012,3.884570742445467,0.06138029583308566,6.813991408739118e-09
1012,3.886491895137082,0.0839312979909093,8.657350178286599e-08
1012,3.888413047828697,0.12075083924515911,7.049811704788325e-08
1012,3.890334200520312,0.049293540987286555,7.2056283937418e-08
1012,3.892255353211927,0.11421531104761538,1.3710412745609529e-07
1012,3.894176505903542,0.04824724957974783,4.2715915071826216e-08
1012,3.8960976585951568,0.120778625682402,1.151717333886487e-07
1012,3.898018811286772,0.044689205641613966,6.387516047612515e-08
1012,3.8999399639783867,0.09646789934477193,2.623515192069034e-07
1012,3.901861116670002,0.19595101157293138,8.120180331813771e-08
1012,3.9037822693616167,0.1422463029214676,6.58545776768647e-08
1012,3.905703422053232,0.05797141761078507,1.8460577891707664e-07
1012,3.9076245747448466,0.07355484278215284,7.211174190106914e-08
1012,3.909545727436462,0.13617173701733518,6.576127049250993e-08
1012,3.9114668801280765,0.012286807634576409,2.2891238159706463e-08
1012,3.9133880328196917,0.08802238379689103,1.2714108213004782e-07
1012,3.9153091855113065,0.08251911617695679,5.2959965175208346e-08
1012,3.9172303382029217,0.061858657289303454,1.1286683341166046e-07
1012,3.9191514908945364,0.20470588615983468,1.566883827246996e-08
1012,3.9210726435861516,0.025567356798014362,9.270439674730312e-08
1012,3.9229937962777663,0.15619011635661517,1.1131292735019734e-07
1012,3.9249149489693815,0.04451752350683732,2.400494295613905e-08
1012,3.9268361016609963,0.10653566113804061,3.005938285507939e-08
1012,3.9287572543526115,0.0503148592140488,4.265035806868198e-08
1012,3.930678407044226,0.19732101453332426,4.7141221216715617e-07
1012,3.9325995597358414,0.06271506984928073,2.712587303863452e-08
1012,3.934520712427456,0.21644281891502457,8.394511048767861e-08
1012,3.9364418651190713,0.10007785127102556,3.4114717577458117e-07
1012,3.938363017810686,0.16559607171622084,9.512084229998363e-08
1012,3.9402841705023013,0.16590494143970988,1.37610191641958e-07
1012,3.942205323193916,0.08863580634783079,9.044131521068944e-08
1012,3.9441264758855312,0.14828656756102723,4.8844241318262265e-08
1012,3.946047628577146,0.06340709203468371,3.243939015494842e-08
1012,3.947968781268761,0.0632550881282865,3.3097886218290885e-08
1012,3.949889933960376,0.011233254157018528,2.493799478539387e-07
1012,3.951811086651991,0.23401972670500878,1.243236348486119e-07
1012,3.953732239343606,0.09028296766969933,3.071692662348654e-08
1012,3.955653392035221,0.11547612929339293,2.6109192966147045e-07
1012,3.957574544726836,0.052706896402078825,2.333369337865839e-09
1012,3.959495697418451,0.04523105994179879,8.370422166527164e-08
1012,3.9614168501100657,0.06578620357876803,8.466512371103731e-08
1012,3.963338002801681,0.0802439835038404,8.791477610619585e-08
1012,3.9652591554932957,0.050841527206627206,1.593564625451077e-08
1012,3.967180308184911,0.09915798591398857,2.0956137194490424e-07
1012,3.9691014608765256,0.014543931926721208,4.389889788779871e-08
1012,3.971022613568141,0.07065631516241871,1.1140455199736919e-08
1012,3.9729437662597555,0.11587693140178564,5.3687944636997105e-08
1012,3.9748649189513707,0.08261279307700858,2.27884190879021e-07
1012,3.9767860716429855,0.05581567111197755,1.0399964129999456e-07
1012,3.9787072243346007,0.030583295248269075,1.221680337111922e-07
1012,3.9806283770262154,0.09016198795994348,1.798404508591563e-08
1012,3.9825495297178306,0.18971468516429107,1.8827675923862915e-07
1012,3.9844706824094454,0.15823984988125292,7.594422607523175e-08
1012,3.9863918351010605,0.08347618044843619,4.892977277441854e-08
1012,3.9883129877926753,0.14937108420654122,2.236815517583604e-08
1012,3.9902341404842905,0.061416090366865767,3.3234932758479144e-08
1012,3.9921552931759052,0.09180160068135004,3.652578107289931e-07
1012,3.9940764458675204,0.12289397701108984,2.4944072615213514e-08
1012,3.995997598559135,0.1054689407830915,4.6331128170643166e-08
1012,3.9979187512507504,0.1463371585722441,1.2148119427265632e-07
1012,3.999839903942365,0.04103474888858767,3.9886669040379965e-07
1012,4.00176105663398,0.07123154190481044,9.096150973753897e-08
1012,4.0036822093255955,0.026936213532218523,2.595786642863201e-08
1012,4.00560336201721,0.13529768627107272,3.009290894194442e-08
1012,4.007524514708825,0.08531362417046258,3.0535518672954576e-07
1012,4.00944566740044,0.07630933262476394,4.0762426275109434e-08
1012,4.011366820092055,0.11644207788929045,1.6049318964229476e-07
1012,4.01328797278367,0.12253528508731067,1.7991336889435442e-07
1012,4.015209125475285,0.059616591449936814,1.0769851183951699e-08
1012,4.0171302781669,0.09218045450621057,7.5157524311379e-08
1012,4.019051430858515,0.015288545464332833,2.3210579496285375e-08
1012,4.0209725835501295,0.07795748171352347,1.027151295300544e-07
1012,4.022893736241745,0.101420795643582,6.405140514666151e-08
1012,4.02481488893336,0.03833172549546009,3.433293806124424e-08
1012,4.026736041624975,0.09600054308327836,1.4718820691367315e-07
1012,4.028657194316589,0.1265493181243512,6.011929213162745e-08
1012,4.030578347008205,0.05905239558010135,1.743546216094778e-07
1012,4.03249949969982,0.15775154697991,1.885403031527674e-08
1012,4.034420652391435,0.13392370017951338,3.7495391950802827e-07
1012,4.036341805083049,0.053865737232832396,2.0429866362925714e-07
1012,4.0382629577746645,0.08330938510804503,2.239325168206055e-08
1012,4.04018411046628,0.09726605522134317,1.9996771655795523e-08
1012,4.042105263157895,0.09025644054227867,8.274407906628271e-08
1012,4.044026415849509,0.10867284425305254,6.067375470194344e-08
1012,4.045947568541124,0.031242218612226796,1.0117508049199213e-07
1012,4.0478687212327396,0.08824598793082832,1.4113394848214145e-07
1012,4.049789873924355,0.05753015606971738,4.529738251513368e-08
1012,4.051711026615969,0.017278426391187048,1.2202193912202756e-07
1012,4.053632179307584,0.06710581655786929,1.7679611486681946e-08
1012,4.055553331999199,0.04643591157679057,7.225489733385623e-08
1012,4.057474484690815,0.02981075628057576,2.1143237519886266e-08
1012,4.059395637382429,0.02742949235242034,2.8747153914687847e-07
1012,4.061316790074044,0.1880661384829409,1.90902567852127e-08
1012,4.063237942765659,0.06457874346474951,1.0485764131500174e-07
1012,4.0651590954572745,0.09505612425448945,1.1412487795872942e-07
1012,4.067080248148889,0.13256819606829529,8.005389231812803e-09
1012,4.069001400840504,0.04662855417680392,1.2180424576944561e-07
1012,4.070922553532119,0.06806760982423313,1.2901107788525128e-08
1012,4.072843706223734,0.2649085726690222,1.708620876504321e-08
1012,4.074764858915349,0.07312086995588675,2.2396892096679124e-08
1012,4.076686011606964,0.06356015520388081,3.688310577656693e-08
1012,4.078607164298579,0.09066024462721238,2.1760121029899275e-09
1012,4.080528316990194,0.1246776582936008,1.4051764706611125e-08
1012,4.0824494696818086,0.07218628128113828,1.8965614045519744e-08
1012,4.084370622373424,0.12326337747583482,1.531862295782553e-08
1012,4.086291775065039,0.024615319837972615,1.4276439518390432e-07
1012,4.088212927756654,0.07631894490920084,4.714542308947474e-08
1012,4.090134080448268,0.06997748913925973,7.235335687930306e-08
1012,4.092055233139884,0.11091039158005443,3.8548856514381943e-08
1012,4.093976385831499,0.07184631161197134,1.1087948550815843e-07
1012,4.095897538523114,0.09323599090950854,1.3580517626178818e-07
1012,4.097818691214728,0.12442842382047926,1.0392393864224125e-07
1012,4.0997398439063435,0.0806883417065795,1.3632312155281441e-08
1012,4.101660996597959,0.09649155551695576,7.47016107280184e-10
1012,4.103582149289574,0.06832018807147835,1.0856355477679363e-07
1012,4.105503301981188,0.08432333766449447,3.7156716155032895e-09
1012,4.107424454672803,0.08439221624668422,3.806187266655328e-08
1012,4.109345607364419,0.057274019771263084,1.1459811010994961e-07
1012,4.111266760056034,0.1445755611106445,4.26060446093371e-08
1012,4.113187912747648,0.18550948670393475,9.316459274439052e-08
1012,4.115109065439263,0.09406977484896303,2.579225055515698e-08
1012,4.117030218130878,0.12706300681050714,3.4229282510663406e-09
1012,4.118951370822494,0.08869192620602304,1.303668716896321e-08
1012,4.120872523514108,0.17733771517703986,1.2165079746736159e-08
1012,4.122793676205723,0.1119622893897665,2.4801293035456116e-07
1012,4.124714828897338,0.1033245979755744,4.300834230985986e-09
1012,4.1266359815889535,0.13820854524889128,3.33924223217047e-07
1012,4.128557134280568,0.06424428802297055,5.188908343700976e-09
1012,4.130478286972183,0.05909426028166656,2.8371688901262984e-07
1012,4.132399439663798,0.07818228957089579,1.1682911365292482e-08
1012,4.134320592355413,0.0929258292108976,5.4754260806221304e-08
1012,4.136241745047028,0.054803287176046704,1.4579861168191522e-08
1012,4.138162897738643,0.00524941663650869,1.6656335976421847e-07
1012,4.140084050430258,0.14449826298628163,1.2096551238750783e-08
1012,4.142005203121873,0.18674558885535414,1.689755365397583e-07
1012,4.143926355813488,0.10333759758986333,1.9200346529165652e-07
1012,4.145847508505103,0.04441400493098984,7.941357943842867e-08
1012,4.147768661196718,0.07973366491360012,2.5764058387222714e-09
1012,4.149689813888333,0.06793470134217115,2.4051799197134466e-08
1012,4.151610966579947,0.046888431208873,1.0353081933206457e-08
1012,4.153532119271563,0.07838178905030545,3.2409241106523085e-08
1012,4.155453271963178,0.09891760777608442,1.496397806075632e-08
1012,4.157374424654793,0.09365622492946007,4.893349424452373e-08
1012,4.159295577346407,0.07713442503421379,1.0053885358472549e-08
1012,4.1612167300380225,0.08625471895220703,4.609774853943193e-08
1012,4.163137882729638,0.058145128135821095,6.421512264375829e-08
1012,4.165059035421253,0.18085967381387624,6.285122871618533e-08
1012,4.166980188112867,0.06059617809851477,5.5934506665724346e-08
1012,4.168901340804482,0.09822408302232662,5.170332232478751e-08
1012,4.170822493496098,0.054183315444410796,3.99840808514108e-07
1012,4.172743646187713,0.07912697197608072,1.6315186806820283e-07
1012,4.174664798879327,0.06224648458793831,6.556505162756662e-09
1012,4.176585951570942,0.06592742113595845,3.1394640608993046e-07
1012,4.1785071042625574,0.05791515211071622,6.589323636162399e-08
1012,4.180428256954173,0.07912887183499745,3.442323792121877e-08
1012,4.182349409645787,0.07150940363232176,1.3963560385701402e-07
1012,4.184270562337402,0.030609665366294295,1.5565781928716528e-08
1012,4.186191715029017,0.040727871840881114,4.116063259649766e-08
1012,4.1881128677206325,0.01821248161775834,4.063530326984406e-08
1012,4.190034020412247,0.17918407738378553,2.548842645916531e-07
1012,4.191955173103862,0.0601541772875861,1.781467906603772e-07
1012,4.193876325795477,0.028390007819358267,2.1172055889734692e-07
1012,4.195797478487092,0.08136192367818833,1.362817729627619e-07
1012,4.197718631178707,0.028124986871754697,1.8946064463404213e-07
1012,4.199639783870322,0.020014328380028753,4.5093029077404594e-07
1012,4.201560936561937,0.040900382529005706,2.8907688086000357e-08
1012,4.203482089253552,0.19293744610256333,1.918029020412973e-07
1012,4.205403241945167,0.03224604550693566,1.2236130989494762e-07
1012,4.207324394636782,0.07007102828228967,2.771856625123919e-08
1012,4.209245547328397,0.20254968925523564,1.3722309969525894e-07
1012,4.211166700020012,0.18366675339258998,1.698134548310872e-08
1012,4.2130878527116264,0.13533865357715671,2.1104710275330462e-07
1012,4.215009005403242,0.15012128495652746,5.628576548115343e-08
1012,4.216930158094857,0.06436552298378481,1.0793329267040385e-07
1012,4.218851310786472,0.12850959761464642,1.786511007389854e-07
1012,4.220772463478086,0.058604918781149026,1.3346567739516891e-08
1012,4.2226936161697015,0.21653822169783216,1.5856308236951015e-07
1012,4.224614768861317,0.050702056198246394,5.623217058119904e-09
1012,4.226535921552931,0.11404491357584927,7.872751965379827e-08
1012,4.228457074244546,0.0517042344210797,8.456865530547476e-08
1012,4.230378226936161,0.17335248787991142,6.494713178714517e-09
1012,4.232299379627777,0.1756459849635415,5.1143305103043965e-08
1012,4.234220532319391,0.13883505291771936,2.510944371565425e-08
1012,4.236141685011006,0.07162282559368813,1.0229794187782407e-07
1012,4.238062837702621,0.09012876516573225,3.364419647773576e-08
1012,4.2399839903942365,0.11643852572294856,1.5555873532114374e-07
1012,4.241905143085851,0.049670088747563915,8.287701847344713e-10
1012,4.243826295777466,0.1598783602966645,2.290132481407082e-07
1012,4.245747448469081,0.10837574517013561,1.1638960391553854e-07
1012,4.247668601160696,0.21128191290885046,1.8656198998590446e-07
1012,4.249589753852311,0.012635619942432697,4.419691882112377e-08
1012,4.251510906543926,0.03748304822073396,6.335432740483542e-09
1012,4.253432059235541,0.12231013897045406,2.241043486321776e-08
1012,4.255353211927156,0.02430563103957156,2.1688961224519235e-07
1012,4.2572743646187705,0.03883455728571536,8.785674308934403e-08
1012,4.259195517310386,0.07447886815671786,3.7186130791715305e-08
1012,4.261116670002001,0.09375974968998727,2.8025809581421806e-07
1012,4.263037822693616,0.041111699193660395,1.1966402188270752e-07
1012,4.26495897538523,0.0973150915951112,4.6175257472188324e-08
1012,4.266880128076846,0.026626773357904355,2.6745134481215497e-07
1012,4.268801280768461,0.056611577373129635,6.235539434061032e-08
1012,4.270722433460076,0.05722256385965057,2.021921094039856e-07
1012,4.27264358615169,0.03877921441954947,6.740386720964236e-08
1012,4.2745647388433055,0.10203420595270984,4.5594799314385375e-08
1012,4.276485891534921,0.1217396797442973,2.5487759368341636e-08
1012,4.278407044226536,0.09027140487608927,5.1606857886129603e-08
1012,4.28032819691815,0.16066748599772077,3.605170995468121e-08
1012,4.282249349609765,0.13765412250480716,8.270156149312043e-08
1012,4.2841705023013805,0.11795373099010202,2.51708445395024e-07
1012,4.286091654992996,0.01646015404162838,7.755095444383454e-08
1012,4.28801280768461,0.06710117823718535,1.0910723285711926e-07
1012,4.289933960376225,0.06716367347996609,5.738444438533509e-08
1012,4.29185511306784,0.08621420689900161,3.4990101256126306e-08
1012,4.293776265759456,0.15544403847015417,8.458703877369876e-08
1012,4.29569741845107,0.0907954978458871,7.617414722393471e-08
1012,4.297618571142685,0.07586665220976888,3.005776893466497e-08
1012,4.2995397238343,0.04740504669442267,9.050594708381354e-08
1012,4.3014608765259155,0.10911443507809855,2.9688686734162258e-08
1012,4.30338202921753,0.12516180040196392,1.4284036875251745e-07
1012,4.305303181909145,0.16981598317847646,1.0346184145128044e-08
1012,4.30722433460076,0.07242446540761853,2.3559641581067486e-07
1012,4.309145487292375,0.12411588909401193,2.8334517964712157e-07
1012,4.31106663998399,0.026872517944521515,1.5175570793946038e-07
1012,4.312987792675605,0.10598122549539421,1.009566231732338e-07
1012,4.31490894536722,0.05075551083127757,1.1337470706904042e-07
1012,4.316830098058835,0.16673954790685203,1.4129481404519935e-07
1012,4.3187512507504495,0.06840640115941334,5.6458473835124065e-08
1012,4.320672403442065,0.13017456557018198,1.543963432886596e-07
1012,4.32259355613368,0.07478141402110262,4.0169086159504035e-08
1012,4.324514708825295,0.23823142602147446,3.0027570799013295e-07
1012,4.326435861516909,0.04533595924330384,4.816728062927636e-08
1012,4.328357014208525,0.06670648015386266,1.1741245301823286e-09
1012,4.33027816690014,0.027997189543976078,7.641543035572976e-08
1012,4.332199319591755,0.0634325552658218,3.456169135066116e-07
1012,4.334120472283369,0.09262440060343637,8.795147946426642e-08
1012,4.3360416249749845,0.17168699195220632,3.15641028986687e-08
1012,4.3379627776666,0.09743182519573171,2.5639624329765533e-08
1012,4.339883930358215,0.10471937744248648,1.225081329230209e-07
1012,4.341805083049829,0.08032517733007337,1.5115876955025303e-07
1012,4.343726235741444,0.028559275523278554,6.6340279561563e-08
1012,4.3456473884330595,0.08244434485158433,7.979122443452071e-08
1012,4.347568541124675,0.027211103304015948,1.1869614226857057e-07
1012,4.349489693816289,0.10343087558802903,1.2981971709169324e-07
1012,4.351410846507904,0.05189645223334601,4.484422927360781e-09
1012,4.353331999199519,0.03226658489121277,1.294740187537277e-08
1012,4.355253151891135,0.18462233102308812,2.0541930873838946e-08
1012,4.357174304582749,0.13532353116621823,2.7727302090568595e-08
1012,4.359095457274364,0.0423093559404887,1.7992566966004628e-07
1012,4.361016609965979,0.03307804221660745,1.5851760121559754e-08
1012,4.3629377626575945,0.06833045282700284,1.083246841726897e-07
1012,4.364858915349209,0.042384114543853726,1.504881731005981e-08
1012,4.366780068040824,0.05753947015188303,2.6218011661366806e-08
1012,4.368701220732439,0.06398888756941461,1.0673631576922039e-07
1012,4.370622373424054,0.09453411930679215,8.820615581463268e-08
1012,4.372543526115669,0.117643514208765,1.7654436690336612e-09
1012,4.374464678807284,0.09525167172750239,2.776766421559533e-07
1012,4.376385831498899,0.10040454525331001,1.4571045399242393e-07
1012,4.378306984190514,0.10856674318563989,2.894155834790478e-07
1012,4.3802281368821285,0.1775143034491348,2.3316929255813747e-07
1012,4.382149289573744,0.10241544444674702,4.847525627780276e-08
1012,4.384070442265359,0.05084982097428324,1.848003271349738e-07
1012,4.385991594956974,0.036844182921523604,5.55071532832781e-09
1012,4.387912747648588,0.0805430410432979,3.31147471586689e-07
1012,4.389833900340204,0.10297540996209664,5.440207847008047e-08
1012,4.391755053031819,0.16206696300155854,8.825563931664797e-09
1012,4.393676205723434,0.052107040988224454,4.667454206247603e-08
1012,4.395597358415048,0.1028301271815251,7.488460498096349e-08
1012,4.3975185111066635,0.09412807098949381,2.733408565588666e-07
1012,4.399439663798279,0.06612210425858028,1.747605130077696e-07
1012,4.401360816489894,0.14774469223926157,1.9929229488043317e-08
1012,4.403281969181508,0.048440267970607985,2.0723578373598872e-08
1012,4.405203121873123,0.11631027710231163,5.1464227254375707e-08
1012,4.4071242745647385,0.09606575991915141,1.735823336994896e-07
1012,4.409045427256354,0.0440907229839393,1.1522267811202071e-07
1012,4.410966579947968,0.04085172389890553,8.456750179404484e-08
1012,4.412887732639583,0.16582961583386438,8.834388797281488e-08
1012,4.414808885331198,0.05866883636077474,2.540552438931692e-08
1012,4.416730038022814,0.1367466838203437,1.921796334153058e-07
1012,4.418651190714428,0.07073261641008054,1.3336776282546875e-07
1012,4.420572343406043,0.04329525168875166,3.1384353578687955e-08
1012,4.422493496097658,0.09247617253354724,1.3120459887160467e-07
1012,4.4244146487892735,0.038510194908998346,4.89903088360387e-08
1012,4.426335801480888,0.07992222556797297,2.319137287670995e-07
1012,4.428256954172503,0.034291005578634966,3.271850255611444e-07
1012,4.430178106864118,0.0486745597564259,5.824602193104168e-07
1012,4.432099259555733,0.10055434863496261,1.3100297225426343e-08
1012,4.434020412247348,0.16868194904595274,9.395397596543874e-08
1012,4.435941564938963,0.03946275256686406,2.355109188763698e-07
1012,4.437862717630578,0.11961646626557072,7.706194112339518e-08
1012,4.439783870322193,0.06106095668171896,2.47861978501427e-07
1012,4.4417050230138075,0.035881644463340634,5.641267961176529e-08
1012,4.443626175705423,0.13492217658591243,5.1002263137005644e-08
1012,4.445547328397038,0.15401150294893914,1.3668449601440894e-08
1012,4.447468481088653,0.06474657355288475,2.5921067478619657e-07
1012,4.449389633780267,0.11245709670010444,4.2416893691946413e-08
1012,4.451310786471883,0.051665172934221654,1.595818529254618e-07
1012,4.453231939163498,0.09915124999249757,1.1856962077091345e-07
1012,4.455153091855113,0.032029761812818705,1.1344621663345184e-07
1012,4.457074244546727,0.08379992096898563,3.895730937581363e-09
1012,4.4589953972383425,0.09213630700174763,1.5589201365462084e-07
1012,4.460916549929958,0.11972783247334862,1.635553318193568e-07
1012,4.462837702621573,0.11036677317621625,1.9039443714651238e-07
1012,4.464758855313187,0.09652476624667523,1.0060139894289172e-07
1012,4.466680008004802,0.08801052161156787,7.191961831571712e-08
1012,4.4686011606964176,0.11492254114013702,3.7057187986498767e-07
1012,4.470522313388033,0.17900732285817883,2.454925003653071e-07
1012,4.472443466079647,0.04717134321166453,1.1585803687162672e-07
1012,4.474364618771262,0.12797038325595106,9.995511012663023e-08
1012,4.476285771462877,0.06146676685486118,6.831338658124958e-08
1012,4.478206924154493,0.024725906428488254,2.4509242911502672e-08
1012,4.480128076846107,0.020071741237016143,7.781913831890718e-08
1012,4.482049229537722,0.10303547561647916,7.476298834227143e-07
1012,4.483970382229337,0.1469635209745595,1.739261816554167e-07
1012,4.4858915349209525,0.05846108846595401,5.3503868420001616e-08
1012,4.487812687612567,0.03080355451883422,7.208006212446455e-08
1012,4.489733840304182,0.127410330870932,1.113966890228438e-07
1012,4.491654992995797,0.029921982835322363,1.658537098453547e-07
1012,4.493576145687412,0.06600732843397432,1.392582095445704e-07
1012,4.495497298379027,0.12257577459799351,2.811483244524939e-08
1012,4.497418451070642,0.057841137366265866,1.2239889573826987e-07
1012,4.499339603762257,0.10956897408378068,2.984265973200819e-08
1012,4.501260756453872,0.03657287615321234,1.084686556061602e-08
1012,4.5031819091454866,0.07936868860793347,2.5651412712861444e-08
1012,4.505103061837102,0.17019738584927419,4.070300877405648e-08
1012,4.507024214528717,0.1135208739285204,2.8605177390205014e-07
1012,4.508945367220332,0.12285511417314238,1.356274669900775e-07
1012,4.510866519911946,0.09949922340117638,2.9450881888722483e-07
1012,4.512787672603562,0.12380030831988317,2.0078392025739388e-08
1012,4.514708825295177,0.04114105208643577,1.8178033321663574e-07
1012,4.516629977986792,0.015451293068608766,6.901002534558388e-08
1012,4.518551130678406,0.12442201116777073,4.315105265913619e-08
1012,4.5204722833700215,0.016136647874548698,1.0424694074181737e-07
1012,4.522393436061637,0.0772077623849264,3.711142673165103e-08
1012,4.524314588753252,0.1339470627778545,8.701034465625775e-08
1012,4.526235741444866,0.05735938288884727,9.018612332383706e-08
1012,4.528156894136481,0.06124056595729075,2.6984073234692214e-07
1012,4.530078046828097,0.06495786140626944,1.8384945942113588e-08
1012,4.531999199519712,0.056849356417675856,2.7010646808148317e-08
1012,4.533920352211326,0.009635828943362769,1.9560069405659537e-08
1012,4.535841504902941,0.08646712446929383,3.7767522203654975e-08
1012,4.537762657594556,0.050684138836577595,1.9955278657783958e-08
1012,4.539683810286172,0.07012262731954039,2.0089397883639082e-07
1012,4.541604962977786,0.03752006601452653,4.0211633338454945e-08
1012,4.543526115669401,0.0658599946294859,9.113692999221778e-09
1012,4.545447268361016,0.158837342138264,7.3912806608224506e-09
1012,4.5473684210526315,0.06575822934410294,1.3601486335064092e-08
1012,4.549289573744246,0.04568951767314185,4.838350507328298e-08
1012,4.551210726435861,0.17939994118690136,2.639442387835191e-08
1012,4.553131879127476,0.04322257030989082,4.101795482320901e-08
1012,4.555053031819091,0.10886035744872241,3.878382877952104e-08
1012,4.556974184510706,0.12056624666000489,1.809655751307871e-07
1012,4.558895337202321,0.08442492016163991,3.6306344042876144e-08
1012,4.560816489893936,0.1734035852072121,2.6802827480341095e-07
1012,4.562737642585551,0.06444236416150409,4.7403009218954844e-08
1012,4.564658795277166,0.15032586229973502,1.058759202509481e-07
1012,4.566579947968781,0.11860366562423881,2.1442893420082487e-09
1012,4.568501100660396,0.19288192519653116,5.636573525714438e-08
1012,4.570422253352011,0.07935624184553229,4.261789561079413e-07
1012,4.572343406043625,0.20669353505909271,3.374974728691185e-07
1012,4.574264558735241,0.099953813642901,6.636805426397409e-08
1012,4.576185711426856,0.0595745931709703,1.192975424076442e-07
1012,4.578106864118471,0.05867908847365142,3.90118138655968e-08
1012,4.580028016810085,0.04821801787327261,1.4663290077858146e-07
1012,4.5819491695017005,0.11317418255834341,1.1127246948301768e-08
1012,4.583870322193316,0.17110483308788754,1.0855045851713835e-07
1012,4.585791474884931,0.13182496026394383,3.138686519341565e-08
1012,4.587712627576545,0.19428300045985447,7.589520723989781e-10
1012,4.58963378026816,0.06965916385670572,1.1492371702839353e-07
1012,4.591554932959776,0.04134514505192365,2.2430844342099715e-09
1012,4.593476085651391,0.06056393875862507,1.1622552657327613e-07
1012,4.595397238343005,0.23728038366542778,7.754431725248332e-08
1012,4.59731839103462,0.08758260608022933,1.5983902331841777e-07
1012,4.5992395437262354,0.12607803263044634,3.884653127574412e-08
1012,4.601160696417851,0.08331444981941585,1.615204699794014e-07
1012,4.603081849109465,0.11842005030772398,5.8334026679561285e-08
1012,4.60500300180108,0.07906721186377592,5.543857191031923e-08
1012,4.606924154492695,0.01187142529159006,5.387832100691636e-07
1012,4.6088453071843105,0.05107943914010143,4.209455668440887e-08
1012,4.610766459875925,0.07894160462167643,2.751076259169954e-07
1012,4.61268761256754,0.0765977298660672,2.6346494727471132e-08
1012,4.614608765259155,0.06675966067414234,1.8128461062412142e-07
1012,4.61652991795077,0.11525932790052422,3.6608036337269995e-08
1012,4.618451070642385,0.09215233120855255,7.342078300198241e-08
1012,4.620372223334,0.13315347983030462,3.638660575668515e-08
1012,4.622293376025615,0.06701172456944875,1.1144425325036026e-08
1012,4.62421452871723,0.00895878569289183,1.1945927835696818e-07
1012,4.626135681408845,0.0842563345685231,8.170994544719913e-08
1012,4.62805683410046,0.20553693335660767,2.845885099717587e-07
1012,4.629977986792075,0.024954512043134005,2.1249376932390617e-07
1012,4.63189913948369,0.009671072868553548,1.147302310532614e-08
1012,4.6338202921753044,0.1534339091395222,8.778536924311126e-08
1012,4.63574144486692,0.0969470531476792,1.7679687240870963e-07
1012,4.637662597558535,0.1597882636871795,1.5921946828891843e-07
1012,4.63958375025015,0.0544896630162136,4.827241153365661e-08
1012,4.641504902941764,0.10144117534367185,7.302114109610997e-09
1012,4.6434260556333795,0.14049478877514168,2.398460682893666e-08
1012,4.645347208324995,0.03773026173155068,5.128315960112546e-09
1012,4.64726836101661,0.13511017163096306,8.73856285009653e-09
1012,4.649189513708224,0.15026391878008918,1.1968023865574693e-07
1012,4.651110666399839,0.1604633720065521,8.677928964093565e-08
1012,4.653031819091455,0.12055339537828567,9.118342740856268e-08
1012,4.65495297178307,0.09712250735920479,3.711078353403309e-08
1012,4.656874124474684,0.012136125732204395,2.097668743741966e-08
1012,4.658795277166299,0.08832740431553697,7.770438017945099e-08
1012,4.6607164298579145,0.04660374135440421,1.690262453473433e-07
1012,4.66263758254953,0.07775754505657462,9.143182520610458e-08
1012,4.664558735241144,0.09393360096523537,1.246596804621734e-07
1012,4.666479887932759,0.11037622772398384,1.8921138933684115e-08
1012,4.668401040624374,0.042998530527577544,1.0604490012464302e-07
1012,4.6703221933159895,0.09562034244744762,3.601381047186528e-07
1012,4.672243346007604,0.21889357596875644,5.158102361599776e-09
1012,4.674164498699219,0.041138844610217856,9.891995960397586e-08
1012,4.676085651390834,0.16406253469237714,5.865888249851264e-08
1012,4.678006804082449,0.01765541174182939,5.252313537146062e-08
1012,4.679927956774064,0.16836417027099748,1.0455839667935802e-08
1012,4.681849109465679,0.07801625867054356,3.7102928282188477e-09
1012,4.683770262157294,0.10375397690917258,4.015639508765928e-08
1012,4.685691414848909,0.040067574082731816,1.0902667674227087e-08
1012,4.687612567540524,0.08120194371446351,1.5613733806490456e-07
1012,4.689533720232139,0.08390368161790936,2.2157180594753433e-07
1012,4.691454872923754,0.15824103151694335,1.9883232329864928e-07
1012,4.693376025615369,0.1134767658056657,6.65357110574163e-08
1012,4.6952971783069835,0.0969412574963448,2.371577736598901e-08
1012,4.697218330998599,0.20770871011329126,2.4027862836385734e-08
1012,4.699139483690214,0.04612227534330032,1.05930226406295e-07
1012,4.701060636381829,0.06238593808764103,2.2249302337388734e-08
1012,4.702981789073443,0.09983612900667165,2.6733291692897834e-08
1012,4.7049029417650585,0.06764207624184618,2.0345995756431182e-07
1012,4.706824094456674,0.076692626258272,4.9405118109549354e-08
1012,4.708745247148289,0.04903425368299741,2.4128100542560052e-09
1012,4.710666399839903,0.15366497783439254,4.367448554227404e-08
1012,4.712587552531518,0.04677263237678957,2.454075797788255e-08
1012,4.714508705223134,0.13334729499091705,3.1515038087120755e-07
1012,4.716429857914749,0.1425981560498532,8.79067282889461e-08
1012,4.718351010606363,0.07687037878304474,8.834134367802886e-09
1012,4.720272163297978,0.1307531657094588,1.0493378204805952e-07
1012,4.7221933159895935,0.09813897959430998,7.685735563209381e-08
1012,4.724114468681209,0.026701939020728996,1.4675255261722985e-10
1012,4.726035621372823,0.044580223332127106,4.073183040812321e-07
1012,4.727956774064438,0.05358784595262271,6.289938801269797e-09
1012,4.729877926756053,0.07983335620564719,3.6239460932118795e-08
1012,4.7317990794476685,0.01938196102083468,1.7401550780939342e-08
1012,4.733720232139283,0.07691969475125253,6.283388216100525e-08
1012,4.735641384830898,0.12645154615302426,1.7265254854706322e-08
1012,4.737562537522513,0.09172636976145906,2.0061639020419364e-07
1012,4.739483690214128,0.04090738700404676,9.686159430309255e-08
1012,4.741404842905743,0.1289674161287192,2.955893402263252e-08
1012,4.743325995597358,0.07304638559043389,1.191227840757478e-07
1012,4.745247148288973,0.010211333525027922,2.7674965237924304e-09
1012,4.747168300980588,0.062123914186991175,7.536449589636175e-08
1012,4.749089453672203,0.012118349065722038,4.028610906956344e-08
1012,4.751010606363818,0.02461001768487543,5.664885525160671e-08
1012,4.752931759055433,0.08807947696971449,3.3417205356549954e-07
1012,4.754852911747048,0.09876184475668072,2.7753172354802786e-07
1012,4.7567740644386625,0.08185304688705065,6.889514857131373e-08
1012,4.758695217130278,0.04687761372894172,7.003048019147649e-08
1012,4.760616369821893,0.12982094772225927,1.8936971097992658e-07
1012,4.762537522513508,0.07010575138629581,8.227639390864066e-08
1012,4.764458675205122,0.10572478648302319,9.7905133750211e-08
1012,4.7663798278967375,0.0554266715338288,1.4286560410601935e-07
1012,4.768300980588353,0.045707141817179255,3.1924535626046906e-08
1012,4.770222133279968,0.12796809305647883,1.2039536660257423e-07
1012,4.772143285971582,0.12153320846501907,8.429819751028128e-08
1012,4.774064438663197,0.06278033779507121,3.5770947374484545e-08
1012,4.775985591354813,0.12114072441344845,3.1401046899369024e-07
1012,4.777906744046428,0.14471825749883915,8.737133010137026e-08
1012,4.779827896738042,0.07469546468929711,5.898597198066458e-08
1012,4.781749049429657,0.06475276674262695,7.452482989742913e-08
1012,4.7836702021212725,0.04200608821921253,1.9044069656447018e-07
1012,4.785591354812888,0.12820721657142783,1.1730564531243884e-07
1012,4.787512507504502,0.12219101535283473,5.154099149312121e-08
1012,4.789433660196117,0.015832850946317232,1.8295530488124279e-07
1012,4.791354812887732,0.037916441351924526,2.632004170052312e-07
1012,4.7932759655793475,0.1315009419851841,3.6604769048448417e-07
1012,4.795197118270962,0.0975040507788487,3.01451704501008e-08
1012,4.797118270962577,0.04488106178292363,4.211651707092308e-08
1012,4.799039423654192,0.1381220459528866,4.180846335905193e-08
1012,4.800960576345807,0.059572155435277246,5.823714826199114e-08
1012,4.802881729037422,0.07443684040867762,8.766024738194508e-11
1012,4.804802881729037,0.14177209149574976,2.774333841104933e-07
1012,4.806724034420652,0.09020001067170298,6.310574328731144e-08
1012,4.808645187112267,0.05840318202393378,2.9679776090438254e-08
1012,4.810566339803882,0.06250838187453146,9.193649492047992e-09
1012,4.812487492495497,0.049029146073225546,5.3054718606589824e-08
1012,4.814408645187112,0.04440903684042561,8.646922794666233e-08
1012,4.816329797878727,0.12063031967264846,4.99498912727396e-08
1012,4.8182509505703415,0.04203155885413154,3.363107241262544e-08
1012,4.820172103261957,0.05548691356562347,4.8550696996788476e-08
1012,4.822093255953572,0.059563091889278476,8.034252814927509e-08
1012,4.824014408645187,0.060461139237203275,4.3745241029772784e-08
1012,4.825935561336801,0.08069024464547339,2.201895715465514e-07
1012,4.8278567140284165,0.10686400827843093,1.1961262624110546e-08
1012,4.829777866720032,0.16393666032409757,1.0529124417932886e-07
1012,4.831699019411647,0.19229707495984882,4.479882662605483e-08
1012,4.833620172103261,0.06652301059962396,7.084073438970727e-08
1012,4.835541324794876,0.13258694359899537,1.0255315961475467e-08
1012,4.837462477486492,0.12137292491909671,3.8699787205587685e-08
1012,4.839383630178107,0.03602308193621818,3.776812077525832e-08
1012,4.841304782869721,0.044267593138653846,7.546054202461947e-08
1012,4.843225935561336,0.023562527460384813,9.288799164710655e-09
1012,4.8451470882529515,0.046256941454133525,1.4725659711252462e-07
1012,4.847068240944567,0.0965536449599584,1.2724364614049189e-07
1012,4.848989393636181,0.03794662998175094,7.611091176824078e-08
1012,4.850910546327796,0.14578996352995016,9.911614209394344e-08
1012,4.852831699019411,0.05842560601107172,1.762867669119134e-08
1012,4.8547528517110266,0.17160043380818404,1.6670650620506648e-07
1012,4.856674004402641,0.09836473851927395,2.0872060505055577e-07
1012,4.858595157094256,0.12218910862861948,1.7850984247088347e-07
1012,4.860516309785871,0.05786897425228879,1.8474127833695805e-07
1012,4.862437462477486,0.04209323494104357,6.668146850773745e-08
1012,4.864358615169101,0.09484261511203945,8.230315214139471e-08
1012,4.866279767860716,0.09321527402276192,1.1620136817033144e-07
1012,4.868200920552331,0.03419291239426685,8.458495082731774e-08
1012,4.870122073243946,0.0867247340843662,2.375884623047209e-08
1012,4.872043225935561,0.15124423088752575,1.0917108534609443e-07
1012,4.873964378627176,0.11174570794389711,6.462008199854298e-08
1012,4.875885531318791,0.03457284403111472,2.781319772772864e-08
1012,4.877806684010406,0.15168416597719867,1.0421817071613096e-08
1012,4.8797278367020205,0.024988744184300467,1.8928513503697773e-07
1012,4.881648989393636,0.017657325684299032,8.769395384197963e-09
1012,4.883570142085251,0.09928546475943137,9.87945407412614e-09
1012,4.885491294776866,0.11693760693986668,8.272314781775086e-08
1012,4.88741244746848,0.15301186695750332,1.9007003415581552e-08
1012,4.8893336001600955,0.19427600830634634,9.834704442270946e-08
1012,4.891254752851711,0.10809053360292387,6.207779413316234e-08
1012,4.893175905543326,0.1178414711343388,2.407943651460367e-07
1012,4.89509705823494,0.06358970747992085,3.204508760228363e-07
1012,4.897018210926555,0.02924423778487875,1.796960895936777e-08
1012,4.898939363618171,0.14626383517039157,2.662117085843378e-09
1012,4.900860516309786,0.13067751079616224,2.4135513956200883e-07
1012,4.9027816690014,0.12018443126314787,3.2717386353588764e-07
1012,4.904702821693015,0.08582097734433228,3.898156538747365e-08
1012,4.9066239743846305,0.04642193627448245,7.208629429542113e-08
1012,4.908545127076246,0.07451463578425066,2.699431240109155e-07
1012,4.91046627976786,0.13109476990383612,1.4071688588662637e-07
1012,4.912387432459475,0.1562783176671642,6.085834194061036e-08
1012,4.91430858515109,0.05044631740516377,5.779190228713777e-07
1012,4.916229737842706,0.15855036847152099,1.0747319399220801e-07
1012,4.91815089053432,0.026833681855067258,4.896423012122892e-09
1012,4.920072043225935,0.13928703559661612,6.11544650642532e-08
1012,4.92199319591755,0.05906196446272842,6.688112185006117e-08
1012,4.923914348609165,0.016745111837191257,3.391811437518252e-08
1012,4.92583550130078,0.011454886890253702,9.517585484046757e-08
1012,4.927756653992395,0.06997192171523076,5.068733298170738e-09
1012,4.92967780668401,0.05377974356747611,5.272292903871125e-07
1012,4.931598959375625,0.10863432888276407,8.700114146172772e-09
1012,4.93352011206724,0.04006590595005986,1.421646679864586e-07
1012,4.935441264758855,0.18617193525170928,9.382479737005718e-09
1012,4.93736241745047,0.09041837662503555,1.206497251516706e-07
1012,4.939283570142085,0.05718159987419018,3.5424200324084317e-07
1012,4.9412047228336995,0.03445960357344507,4.67854567312206e-07
1012,4.943125875525315,0.05669177757005299,1.413470490120761e-07
1012,4.94504702821693,0.18519531323116292,6.081041331565738e-08
1012,4.946968180908545,0.05967573054181547,3.0866273785417232e-09
1012,4.948889333600159,0.05861296448045508,1.1695317417567274e-07
1012,4.950810486291775,0.17521087107740482,6.240847760549716e-10
1012,4.95273163898339,0.13598190625723575,2.417727736763467e-08
1012,4.954652791675005,0.04100447272236046,1.0736428759076e-07
1012,4.956573944366619,0.07337592325361648,1.1509875235264621e-07
1012,4.958495097058234,0.08629563526779349,1.7530974573061085e-08
1012,4.96041624974985,0.11527155370841502,4.217217116462837e-07
1012,4.962337402441465,0.061955512520319146,2.0601802998766854e-08
1012,4.964258555133079,0.07527116719823836,2.2526702125200453e-07
1012,4.966179707824694,0.05465305548662236,1.3138831737727985e-07
1012,4.9681008605163095,0.08905422652144306,2.543887298574091e-07
1012,4.970022013207925,0.0773476330948198,8.143543968573148e-08
1012,4.971943165899539,0.12201658913585225,1.909895520203109e-08
1012,4.973864318591154,0.04622064993522254,2.9490954971601425e-08
1012,4.975785471282769,0.041878966067305255,9.001203675099597e-08
1012,4.977706623974385,0.07420648563230191,1.2119106760779934e-07
1012,4.979627776665999,0.06953694857179503,1.1639227413003003e-07
1012,4.981548929357614,0.0845196891672413,1.7429164774782673e-07
1012,4.983470082049229,0.1539914132692347,1.588041721883449e-07
1012,4.9853912347408444,0.13900237325196582,1.9737568921973915e-08
1012,4.987312387432459,0.1391275341812075,1.8780611743024216e-07
1012,4.989233540124074,0.030759217406963572,5.1405512678350095e-08
1012,4.991154692815689,0.03647893073252355,4.253673154355017e-08
1012,4.993075845507304,0.13572744942707266,6.081624686470418e-08
1012,4.994996998198919,0.045780372731053495,5.5993083132195764e-08
1012,4.996918150890534,0.07581750102260959,3.445462080941387e-07
1012,4.998839303582149,0.05956344077085468,1.385680465476312e-07
1012,5.000760456273764,0.1695416770368767,1.5428810937482003e-07
1012,5.0026816089653785,0.04204156496387721,1.0818978797043617e-07
1012,5.004602761656994,0.07601069854690058,3.288784222018918e-08
1012,5.006523914348609,0.11062153120296396,3.986706848099676e-07
1012,5.008445067040224,0.044896548819480735,3.809932926506519e-08
1012,5.010366219731838,0.0690719970686497,5.232272080818839e-08
1012,5.012287372423454,0.07910356908820433,5.134360404696008e-08
1012,5.014208525115069,0.07563322063783004,2.876026420096267e-07
1012,5.016129677806684,0.03644305914397121,1.6268792053587006e-07
1012,5.018050830498298,0.1298184585392341,1.513059999390388e-07
1012,5.0199719831899134,0.04705521792276023,2.113068302454444e-08
1012,5.021893135881529,0.08573652272325882,5.3095110554008016e-08
1012,5.023814288573144,0.06659136215539566,1.747544911247168e-08
1012,5.025735441264758,0.26277144514630907,1.2187792479753487e-07
1012,5.027656593956373,0.09965226099375729,6.818195199376321e-08
1012,5.0295777466479885,0.026012888272750685,1.8940170086973178e-07
1012,5.031498899339604,0.10822813107292216,3.4238985411508063e-07
1012,5.033420052031218,0.027832124178908912,1.2686353442864795e-07
1012,5.035341204722833,0.1123456925268547,8.650717813048642e-10
1012,5.037262357414448,0.14636113825788208,2.508301012936694e-07
1012,5.039183510106064,0.008013803625091414,5.933207096671821e-08
1012,5.041104662797678,0.17528673452586072,9.063546671067507e-08
1012,5.043025815489293,0.05078252326877153,1.1204483161802805e-07
1012,5.044946968180908,0.1267334462678933,2.853586196341134e-08
1012,5.0468681208725235,0.08527898128656845,1.4728509789595947e-07
1012,5.048789273564138,0.06318891836847096,4.0104795298710727e-08
1012,5.050710426255753,0.01644307053423375,7.519726325844413e-08
1012,5.052631578947368,0.1610697651106339,1.0943983005222507e-08
1012,5.054552731638983,0.08834164544661714,1.2569848899708592e-08
1012,5.056473884330598,0.08588313498580664,8.215058189325929e-08
1012,5.058395037022213,0.07660979003779456,3.909077317097655e-08
1012,5.060316189713828,0.07222990820314691,1.538206797399042e-07
1012,5.062237342405443,0.06752129686910378,1.9028851440413096e-07
1012,5.0641584950970575,0.10730483515630844,1.0447245855706406e-07
1012,5.066079647788673,0.02348045249993362,1.538058173725655e-07
1012,5.068000800480288,0.14089061178297438,1.2411169810882823e-07
1012,5.069921953171903,0.10648947124698104,2.0520276876465026e-08
1012,5.071843105863517,0.11353072031540269,2.949421173731222e-08
1012,5.073764258555133,0.09698306139620708,3.442142707114622e-08
1012,5.075685411246748,0.16647860366506123,4.6499385461915434e-08
1012,5.077606563938363,0.01365891198961874,1.0322620628758293e-07
1012,5.079527716629977,0.09586738428971622,2.203215851570553e-07
1012,5.0814488693215925,0.07394398161954405,4.512306341868013e-08
1012,5.083370022013208,0.07999890579423978,3.96853864655018e-09
1012,5.085291174704823,0.13539920524379853,1.2215762729075848e-07
1012,5.087212327396437,0.1449641640430221,5.965009367083462e-08
1012,5.089133480088052,0.2116120032722986,1.746695422218096e-09
1012,5.0910546327796675,0.03066682907881041,3.4053942383839695e-07
1012,5.092975785471283,0.090896973419583,7.915078063490277e-08
1012,5.094896938162897,0.0489720550314699,5.01947236819961e-07
1012,5.096818090854512,0.0912257809797407,8.448569611415105e-08
1012,5.098739243546127,0.07869990844193804,3.1023511459730136e-08
1012,5.100660396237743,0.11171203746166625,1.792880316382967e-07
1012,5.102581548929357,0.1461956742256429,1.0098895019693284e-07
1012,5.104502701620972,0.014908929824818635,1.1004163424153791e-08
1012,5.106423854312587,0.09034563278090331,1.417385417178474e-07
1012,5.1083450070042025,0.057398646731435146,5.717820382773953e-08
1012,5.110266159695817,0.08755324316037418,2.112704906964271e-07
1012,5.112187312387432,0.1489455875056796,4.919918382070362e-09
1012,5.114108465079047,0.12852879554199537,1.414647230433993e-08
1012,5.116029617770662,0.0506457362628115,3.08851453538225e-10
1012,5.117950770462277,0.06617445306089734,1.3532062774779068e-08
1012,5.119871923153892,0.09919352802506308,1.49818803226259e-07
1012,5.121793075845507,0.07156572321528165,9.0484988842284e-08
1012,5.123714228537122,0.1075637619169718,1.6967599044472203e-07
1012,5.1256353812287365,0.06691054482719955,3.48428531786569e-08
1012,5.127556533920352,0.13422464527944125,6.292254686686078e-08
1012,5.129477686611967,0.05664288732765783,9.378236134428017e-10
1012,5.131398839303582,0.05415314623161814,8.129059488080551e-09
1012,5.133319991995196,0.09944215062085458,3.7170424433793756e-09
1012,5.135241144686812,0.14680965778927343,2.4546979466246038e-08
1012,5.137162297378427,0.1769407501646646,9.578041327334651e-08
1012,5.139083450070042,0.1088947294068982,1.262160241279697e-07
1012,5.141004602761656,0.034540233934922206,1.0450816272511034e-07
1012,5.1429257554532715,0.12400415081078854,1.01284542279023e-07
1012,5.144846908144887,0.04728920430040906,7.957238106622664e-09
1012,5.146768060836502,0.15128484959972677,2.8140079463197768e-08
1012,5.148689213528116,0.19144773234917178,1.820538213726951e-07
1012,5.150610366219731,0.03276215569105392,1.0169189043354593e-07
1012,5.1525315189113465,0.18591618780697386,8.769157669952019e-08
1012,5.154452671602962,0.10120547661903874,7.93413656878003e-08
1012,5.156373824294576,0.08520170795313957,6.846207329692088e-08
1012,5.158294976986191,0.09577814594616094,7.136705288271049e-09
1012,5.160216129677806,0.0473246942345407,8.48170819801229e-08
1012,5.162137282369422,0.12970107724766775,1.3604794234169677e-08
1012,5.164058435061036,0.011951092580002685,4.369999631001372e-08
1012,5.165979587752651,0.10653142573017287,1.6754345947614107e-07
1012,5.167900740444266,0.10797589961266091,2.429528001194496e-07
1012,5.1698218931358815,0.11914422054996943,9.492521727609517e-08
1012,5.171743045827496,0.10150907697038586,6.492023232793247e-08
1012,5.173664198519111,0.037695443657614534,5.2145161880889155e-08
1012,5.175585351210726,0.06256413279386173,2.344009859908788e-07
1012,5.177506503902341,0.12677363310525822,1.4805731990533206e-07
1012,5.179427656593956,0.02576804198862568,4.960470197839103e-09
1012,5.181348809285571,0.08624536552116273,2.8483861141579036e-07
1012,5.183269961977186,0.009217754944061208,3.8825406648040795e-09
1012,5.185191114668801,0.06584632301942576,1.3432357453733415e-08
1012,5.1871122673604155,0.07937370795941667,4.3685388946977593e-07
1012,5.189033420052031,0.04395871006003428,2.50222765734307e-08
1012,5.190954572743646,0.11862967851299247,4.847582032684216e-08
1012,5.192875725435261,0.13753036780982456,8.46694168798221e-08
1012,5.194796878126875,0.04847972675805845,2.111742534331804e-08
1012,5.196718030818491,0.08517010734830957,6.124937851236097e-09
1012,5.198639183510106,0.09501011742388227,1.1138621510536835e-07
1012,5.200560336201721,0.04908437086596058,7.071826974810296e-08
1012,5.202481488893335,0.09390908856122417,3.2679953083035665e-07
1012,5.2044026415849505,0.07500342222095763,2.14556761722901e-08
1012,5.206323794276566,0.0958827643826115,2.2360369491997347e-07
1012,5.208244946968181,0.05912163028867789,1.0865024403545453e-07
1012,5.210166099659795,0.09957612601856543,1.827602700193599e-07
1012,5.21208725235141,0.06456357095766398,1.6824557468645173e-07
1012,5.2140084050430255,0.06955833060905796,1.5791782874172818e-07
1012,5.215929557734641,0.06659292339156017,3.436791916198725e-08
1012,5.217850710426255,0.034834250635790855,4.760637603891793e-08
1012,5.21977186311787,0.07211969626614119,4.5937740764488654e-08
1012,5.221693015809485,0.09531953646558822,5.6955032335945185e-08
1012,5.223614168501101,0.06554123632047726,8.390435092617949e-08
1012,5.225535321192715,0.1774230061884074,2.1888655079170993e-08
1012,5.22745647388433,0.11510418368859543,9.556446906228268e-08
1012,5.229377626575945,0.053942317480356536,5.846831336959084e-08
1012,5.2312987792675605,0.08671606765234338,5.395684150697912e-09
1012,5.233219931959175,0.11841563394114622,1.627747638272583e-07
1012,5.23514108465079,0.026897102317795643,8.576482499368962e-09
1012,5.237062237342405,0.10312832337343887,8.496464961774666e-08
1012,5.23898339003402,0.0715948623714307,9.8426501850427e-09
1012,5.240904542725635,0.02353947772702093,4.980544413559617e-07
1012,5.24282569541725,0.03444275272144073,1.9216654707288494e-09
1012,5.244746848108865,0.15642845070593314,6.085779882915192e-09
1012,5.24666800080048,0.05908976407075311,2.0405715627717522e-07
1012,5.2485891534920945,0.030383201249456378,4.370171563230452e-08
1012,5.25051030618371,0.08142531111915839,7.320924329877045e-08
1012,5.252431458875325,0.1558437483945906,1.866636591202729e-07
1012,5.25435261156694,0.18221830816384044,1.9906576931505038e-07
1012,5.256273764258554,0.11721670049372526,6.572129223377658e-08
1012,5.25819491695017,0.12204284974100461,1.9380527624905953e-08
1012,5.260116069641785,0.11723084063435267,2.0966525018765718e-07
1012,5.2620372223334,0.0772302387657876,1.1455967025843515e-07
1012,5.263958375025014,0.14090511593051275,4.0124455593820285e-09
1012,5.2658795277166295,0.08672560789950151,9.312179025388625e-08
1012,5.267800680408245,0.09220838864639763,8.668003787614661e-09
1012,5.26972183309986,0.03438466931652763,5.170502843066912e-08
1012,5.271642985791474,0.09073992676411441,1.842695036599573e-08
1012,5.273564138483089,0.15585305008744782,9.313658783028595e-08
1012,5.2754852911747045,0.10965022898606389,2.4203919421261824e-07
1012,5.27740644386632,0.09107007890403615,5.4204899247722533e-08
1012,5.279327596557934,0.11300728643625738,1.582104045439124e-07
1012,5.281248749249549,0.028328503523075865,1.539504954490746e-08
1012,5.283169901941164,0.0631278402503415,3.5270765918821755e-09
1012,5.28509105463278,0.11608477289477405,9.735121809578247e-08
1012,5.287012207324394,0.0738125525490535,1.5194874037427796e-07
1012,5.288933360016009,0.10400167368923675,8.225268148648277e-08
1012,5.290854512707624,0.0839630181144496,4.187882823093681e-09
1012,5.2927756653992395,0.03674504769913151,2.9449865753145677e-08
1012,5.294696818090854,0.14294070478804108,1.5623195343244732e-08
1012,5.296617970782469,0.06546932807466434,1.6515954177938133e-08
1012,5.298539123474084,0.03527913559381469,2.8118624566796733e-08
1012,5.300460276165699,0.06565866850573401,1.0643927322003281e-07
1012,5.302381428857314,0.18955381325736997,4.913240974484294e-08
1012,5.304302581548929,0.035505278372127025,1.02729776824348e-07
1012,5.306223734240544,0.09615279636903268,1.3900463982575104e-08
1012,5.308144886932159,0.10281735432026312,5.0479720911430946e-08
1012,5.3100660396237735,0.09168276001922486,8.029058052521012e-08
1012,5.311987192315389,0.10285423348270072,1.0082958233448206e-07
1012,5.313908345007004,0.06855318791380692,1.5206447176813746e-07
1012,5.315829497698619,0.096779267175092,1.327674332121614e-08
1012,5.317750650390233,0.06601763767653382,4.734404650487446e-08
1012,5.319671803081849,0.06030698536527424,8.031558129292406e-09
1012,5.321592955773464,0.09213860754969537,6.213822096730569e-10
1012,5.323514108465079,0.07450082794745941,3.051904096518495e-07
1012,5.325435261156693,0.07273927691412696,2.4115220802344083e-08
1012,5.3273564138483085,0.0380199842762437,1.5712530683341236e-07
1012,5.329277566539924,0.10504513186831033,1.759133873287413e-07
1012,5.331198719231539,0.1006032346305147,2.6349719097610122e-08
1012,5.333119871923153,0.04742752818790086,1.3628023273634823e-07
1012,5.335041024614768,0.06386467973592408,1.1047050588903044e-07
1012,5.336962177306384,0.12760144292060346,9.74997937759836e-08
1012,5.338883329997999,0.10208365476640799,8.82761150636584e-08
1012,5.340804482689613,0.04412484381556042,2.1430287691967405e-07
1012,5.342725635381228,0.11930081991167824,1.6537970422543666e-07
1012,5.344646788072843,0.03309127389713825,1.7581179677816395e-08
1012,5.346567940764459,0.05642170873076089,2.0277542029424781e-07
1012,5.348489093456073,0.025623117896385897,1.7118225744096966e-09
1012,5.350410246147688,0.09097003216935041,1.0506300931870401e-07
1012,5.352331398839303,0.039748735775460176,2.247884322422707e-08
1012,5.3542525515309185,0.14805975379715974,3.6845033424999123e-07
1012,5.356173704222533,0.050070463844500715,1.4424968370668043e-07
1012,5.358094856914148,0.13276972789093902,2.585913527247005e-07
1012,5.360016009605763,0.06958766859784557,5.563062549781703e-08
1012,5.361937162297378,0.021030854056400605,7.635346141535487e-08
1012,5.363858314988993,0.11080030023091815,5.528339086622253e-08
1012,5.365779467680608,0.1579499053061617,2.1357970136640465e-07
1012,5.367700620372223,0.12135004269015745,3.563252726787221e-08
1012,5.369621773063838,0.06617921697880129,4.843481686857245e-08
1012,5.371542925755453,0.08436046157556165,6.19505248049995e-08
1012,5.373464078447068,0.04638856245174322,8.363086527566647e-09
1012,5.375385231138683,0.16558946236981123,1.4709469092803192e-07
1012,5.377306383830298,0.16465544357051692,1.2212834284137838e-07
1012,5.379227536521912,0.037278045032283644,4.867551675877978e-09
1012,5.381148689213528,0.06856914907000515,9.265229855379628e-08
1012,5.383069841905143,0.09983356073271085,1.3519989629284557e-08
1012,5.384990994596758,0.04845184387963915,8.459027875784774e-08
1012,5.386912147288372,0.13383767871527266,7.910841022194569e-08
1012,5.3888332999799875,0.020153992014948063,1.7168124429050886e-08
1012,5.390754452671603,0.0419696739472542,1.0644650905784885e-07
1012,5.392675605363218,0.05762880111969796,1.3356902673793043e-07
1012,5.394596758054832,0.06904211283936425,3.294943993419601e-08
1012,5.396517910746447,0.12759235063391847,6.847341449633412e-08
1012,5.398439063438063,0.10231599713275644,1.2342866173785493e-07
1012,5.400360216129678,0.06921513729751513,1.2708209649011307e-07
1012,5.402281368821292,0.11281754476024895,1.6305354935189119e-07
1012,5.404202521512907,0.17813093880749772,6.473541157221648e-08
1012,5.4061236742045224,0.11144836154076787,3.028895004354841e-07
1012,5.408044826896138,0.05542238529589247,2.0689995874639758e-07
1012,5.409965979587752,0.17429780001010958,1.5631438647769757e-08
1012,5.411887132279367,0.1459949976560485,5.750575680602651e-08
1012,5.413808284970982,0.06222262436353265,1.921809373041433e-08
1012,5.4157294376625975,0.16362404682995293,3.257769146458785e-08
1012,5.417650590354212,0.0651939171438492,1.6499606096113698e-07
1012,5.419571743045827,0.05760209374179872,2.3863461232413057e-07
1012,5.421492895737442,0.10720508210062829,2.1266672460590347e-08
1012,5.423414048429057,0.13241102041660902,8.675776476056588e-08
1012,5.425335201120672,0.045713401256199195,2.664336806152236e-07
1012,5.427256353812287,0.023029469913239134,8.276202125221443e-08
1012,5.429177506503902,0.07447255147773639,2.089391015158372e-08
1012,5.431098659195517,0.09843820510048515,1.673318469388875e-08
1012,5.433019811887132,0.060046639373650415,1.226064071821347e-07
1012,5.434940964578747,0.0994367119697151,6.944186389469153e-10
1012,5.436862117270362,0.06523704849253817,1.143420593639284e-07
1012,5.438783269961977,0.1238957050685853,8.214981416985058e-08
1012,5.440704422653591,0.047872984450277066,1.217113895891748e-07
1012,5.442625575345207,0.0064506550628074715,1.0857447993817322e-07
1012,5.444546728036822,0.02751318965837685,1.2593143093283986e-07
1012,5.446467880728437,0.13614637503747415,7.839963512596733e-08
1012,5.448389033420051,0.02515503006680263,1.0523585051082694e-07
1012,5.4503101861116665,0.05297079828398299,3.0716135935260596e-08
1012,5.452231338803282,0.13916502221823177,1.5779686318024202e-07
1012,5.454152491494897,0.11569088944557449,9.066475446627452e-08
1012,5.456073644186511,0.05395518139913796,8.576025309104897e-08
1012,5.457994796878126,0.11885340534074335,7.223420135313747e-08
1012,5.459915949569742,0.07708494996668958,2.1018973308303227e-07
1012,5.461837102261357,0.0918083945530389,1.404090826237517e-07
1012,5.463758254952971,0.11008563484627684,2.0352170757190115e-08
1012,5.465679407644586,0.0367465252001936,2.373748035726025e-07
1012,5.4676005603362015,0.15032931393808455,1.998432003842968e-07
1012,5.469521713027817,0.17812763586956556,9.588805169604008e-08
1012,5.471442865719431,0.1781802825027078,2.0373118918442052e-07
1012,5.473364018411046,0.06947561117309205,9.469295187399636e-08
1012,5.475285171102661,0.1462621470408938,2.3194747186669792e-07
1012,5.4772063237942765,0.07286111183074406,3.68766439925743e-08
1012,5.479127476485891,0.009113181537485476,1.3219171873613808e-07
1012,5.481048629177506,0.10550470121189166,1.3219997371163895e-07
1012,5.482969781869121,0.2950547010622182,6.703292577403846e-08
1012,5.484890934560736,0.056586385970092024,6.854791850490827e-10
1012,5.486812087252351,0.10857441336956193,3.08467143318828e-08
1012,5.488733239943966,0.06386773227423376,1.5618048750732968e-07
1012,5.490654392635581,0.12075351082669827,4.5684980861638146e-08
1012,5.492575545327196,0.043361913510861806,1.4242875172284192e-08
1012,5.494496698018811,0.027911294304064846,3.084535266682661e-08
1012,5.496417850710426,0.03712685555869627,7.284838975699934e-08
1012,5.498339003402041,0.03516423326011135,1.0155515144491118e-07
1012,5.500260156093656,0.026212293948563743,4.36697190083635e-08
1012,5.5021813087852705,0.06438557927264475,1.6204717562253917e-07
1012,5.504102461476886,0.03503042271358285,3.0655563719887634e-08
1012,5.506023614168501,0.13007069413605746,1.5364841249084518e-07
1012,5.507944766860116,0.03557808490928118,1.068921818537737e-07
1012,5.50986591955173,0.12080889477701814,8.800159459661018e-08
1012,5.5117870722433455,0.12492663175666474,3.3239537763326637e-08
1012,5.513708224934961,0.06862543583709377,3.1304696255390635e-08
1012,5.515629377626576,0.07610351470408064,4.299407224458227e-08
1012,5.51755053031819,0.027702623021309904,2.2099170024256053e-07
1012,5.519471683009805,0.10630807916753461,3.388955953290653e-08
1012,5.521392835701421,0.0559564919818988,2.1745694944331e-07
1012,5.523313988393036,0.13595741729733918,5.6471955391864725e-08
1012,5.52523514108465,0.05737526897912641,8.97451075864444e-08
1012,5.527156293776265,0.11904583216580095,1.8203007324998554e-08
1012,5.5290774464678805,0.06849602140101145,8.467195146208585e-08
1012,5.530998599159496,0.055796935545858656,2.5465507223347662e-08
1012,5.53291975185111,0.1723266309019797,1.2629955807728536e-08
1012,5.534840904542725,0.07551816423241921,1.7513290873405026e-08
1012,5.53676205723434,0.12000650310889197,1.6249017464772415e-08
1012,5.5386832099259555,0.028641665329963754,7.832552709057057e-08
1012,5.54060436261757,0.059192229168767624,7.169318798777309e-08
1012,5.542525515309185,0.07426366964987477,2.472433116970908e-07
1012,5.5444466680008,0.06331419967699112,1.855375508114897e-07
1012,5.546367820692415,0.06201621058438307,3.69923121915531e-08
1012,5.54828897338403,0.06545575125379509,7.997074191298074e-08
1012,5.550210126075645,0.051363941590755476,1.3111606023097554e-07
1012,5.55213127876726,0.07528971890394513,1.3183207504360115e-07
1012,5.554052431458875,0.06990618030384033,1.166678808182784e-07
1012,5.55597358415049,0.09734635038560728,4.0589667845924344e-07
1012,5.557894736842105,0.04868394402781182,2.410632979380806e-07
1012,5.55981588953372,0.04519756298577796,1.4682955142776062e-07
1012,5.561737042225335,0.11505639865832352,1.05888659821847e-07
1012,5.5636581949169495,0.053456497588359804,1.8822436595759518e-07
1012,5.565579347608565,0.04660258540197035,8.973748393449295e-08
1012,5.56750050030018,0.03278351133005809,1.6769990453969934e-09
1012,5.569421652991795,0.16987765060419815,5.063085065071388e-07
1012,5.571342805683409,0.0834189115267727,4.510539301088091e-08
1012,5.5732639583750245,0.0978876755398819,1.5447433017769347e-07
1012,5.57518511106664,0.056375209708777935,7.530991315635232e-08
1012,5.577106263758255,0.035979678960896,1.717366959130227e-07
1012,5.579027416449869,0.031103764836420487,2.2784630847147658e-09
1012,5.580948569141484,0.06605946712567055,3.731510441466709e-08
1012,5.5828697218331,0.10873396473200422,7.28984202858914e-08
1012,5.584790874524715,0.10182051258194236,1.6733237198698754e-07
1012,5.586712027216329,0.09663562048890521,1.9007105170680194e-07
1012,5.588633179907944,0.07733797922003091,3.091372147464376e-08
1012,5.5905543325995595,0.14041898564862212,1.5818172205631423e-09
1012,5.592475485291175,0.05051789694083607,1.610225562595093e-07
1012,5.594396637982789,0.056498938429105645,1.513107208227422e-08
1012,5.596317790674404,0.0839851713047984,2.565900291247889e-08
1012,5.598238943366019,0.06818155858683889,1.3233377942688244e-07
1012,5.6001600960576345,0.02048660050599575,2.8773267253204378e-08
1012,5.602081248749249,0.12713347545792145,5.476438434608616e-08
1012,5.604002401440864,0.05328142863899222,9.188180621619854e-08
1012,5.605923554132479,0.08218083880875612,3.633047532501666e-08
1012,5.607844706824094,0.04789076443477833,1.0726870551300725e-08
1012,5.609765859515709,0.09595242314023249,5.1917014773839353e-08
1012,5.611687012207324,0.14217504914463158,2.139977138151161e-07
1012,5.613608164898939,0.04088434443612091,6.339597517737963e-08
1012,5.615529317590554,0.0772620323909977,3.2279537786826404e-08
1012,5.617450470282169,0.04204360785536909,1.3575940913815263e-08
1012,5.619371622973784,0.042402262900643826,1.1799523882034798e-07
1012,5.621292775665399,0.01676301558102252,2.253507626922753e-08
1012,5.623213928357014,0.10534026867312744,1.918325960959657e-08
1012,5.6251350810486285,0.05285884460150034,1.5841151017943337e-07
1012,5.627056233740244,0.09963628937734499,1.8345688279398168e-07
1012,5.628977386431859,0.06950380404753094,9.125524441492477e-08
1012,5.630898539123474,0.029369615925302798,1.330353664506209e-07
1012,5.632819691815088,0.09511303100256702,2.414178878228001e-07
1012,5.6347408445067035,0.03929263029046963,8.165556421529471e-08
1012,5.636661997198319,0.08575299014060915,1.238412865164701e-07
1012,5.638583149889934,0.0736481324152018,7.0319409393977224e-09
1012,5.640504302581548,0.05971136962996873,1.1620941505044314e-07
1012,5.642425455273163,0.09690304079577473,1.0395061523627645e-07
1012,5.644346607964779,0.0730042880140643,7.488386142186415e-08
1012,5.646267760656394,0.03179237041688388,3.4071649123913056e-07
1012,5.648188913348008,0.17239863027072952,3.33961753306673e-08
1012,5.650110066039623,0.11732399940154428,8.231367443530982e-08
1012,5.6520312187312385,0.12552935194488116,1.4866659968609453e-07
1012,5.653952371422854,0.14953401812472436,1.04685087425242e-08
1012,5.655873524114468,0.17980110735671476,6.576514613744636e-09
1012,5.657794676806083,0.03687467224204122,6.568294647159383e-09
1012,5.659715829497698,0.018453068268712614,3.510963971874817e-08
1012,5.6616369821893135,0.051626114332979534,2.2058959735557957e-07
1012,5.663558134880928,0.044511565670148336,2.6715678925628068e-08
1012,5.665479287572543,0.0966235576249468,5.225198245648838e-07
1012,5.667400440264158,0.08969641412395214,2.2871125638266153e-08
1012,5.669321592955773,0.0777094502023545,7.781315311612723e-08
1012,5.671242745647388,0.08058426558969131,4.345271200785284e-08
1012,5.673163898339003,0.06914483341019628,3.216626494534512e-08
1012,5.675085051030618,0.013759281040973632,3.531236219142758e-08
1012,5.677006203722233,0.11855381954048086,8.389895776654083e-08
1012,5.678927356413848,0.044611093767426446,1.2106089028618456e-07
1012,5.680848509105463,0.047559056853503374,1.2982008316700586e-08
1012,5.682769661797078,0.07662405433589999,1.1926896369667346e-07
1012,5.684690814488693,0.08681297297294648,1.4523556486960087e-07
1012,5.6866119671803075,0.11370846958490957,6.180350743636378e-08
1012,5.688533119871923,0.02762352502173893,9.943879959086199e-09
1012,5.690454272563538,0.07484757838334355,1.5678135904984175e-08
1012,5.692375425255153,0.07974710197674467,3.3260215584541315e-08
1012,5.694296577946767,0.06910645589977608,3.9490314594777476e-10
1012,5.6962177306383825,0.09647070079274792,1.4537345388164612e-07
1012,5.698138883329998,0.062107536030427075,4.2133658618468176e-08
1012,5.700060036021613,0.01799161998395244,1.2902713796158895e-08
1012,5.701981188713227,0.03513644467919815,2.3412775383401712e-07
1012,5.703902341404842,0.018297552630800885,1.9451648328076993e-07
1012,5.705823494096458,0.0330153898374451,2.559721226385503e-07
1012,5.707744646788073,0.08029035893929234,1.528428997133394e-07
1012,5.709665799479687,0.14709855397428204,5.266649570190519e-08
1012,5.711586952171302,0.08204258495884288,6.53842612805355e-08
1012,5.7135081048629175,0.08158170308734695,9.768847929004679e-08
1012,5.715429257554533,0.05459194777703708,2.570006085652282e-07
1012,5.717350410246147,0.02536518273497627,2.9946900502386103e-09
1012,5.719271562937762,0.10611611390714591,2.9942460016599396e-08
1012,5.721192715629377,0.021555341701751187,2.2624874125631922e-08
1012,5.723113868320993,0.06032331313090263,3.3633162696116034e-08
1012,5.725035021012607,0.12563028895541414,4.355078809040045e-08
1012,5.726956173704222,0.04538625535022571,5.7452290110894795e-08
1012,5.728877326395837,0.06743660443637937,5.7249652453847315e-08
1012,5.730798479087452,0.018811339542624154,7.576561955416867e-08
1012,5.732719631779067,0.0699977836786941,3.537876971021883e-08
1012,5.734640784470682,0.15129972735969646,9.226673290579636e-08
1012,5.736561937162297,0.09326412014519794,1.6219128323180014e-07
1012,5.738483089853912,0.07238337438607609,6.471617957783272e-08
1012,5.740404242545527,0.11275877390979576,8.00499863092552e-08
1012,5.742325395237142,0.11716163176240241,3.6860129503085036e-07
1012,5.744246547928757,0.05270383385358001,1.601948105692574e-07
1012,5.746167700620372,0.13671993300622962,1.2033314656504903e-07
1012,5.7480888533119865,0.0500180585488787,3.1922643942714625e-08
1012,5.750010006003602,0.1068291817416559,7.379183690729191e-08
1012,5.751931158695217,0.013590702148698501,1.3983822329907812e-09
1012,5.753852311386832,0.1546872166351728,2.2965518460951745e-07
1012,5.755773464078446,0.05670729240414077,5.802436223746999e-10
1012,5.757694616770062,0.04993749341352166,1.5507713844310153e-08
1012,5.759615769461677,0.08714028461090305,1.5339093294465687e-07
1012,5.761536922153292,0.1264429576465944,4.419306921819118e-07
1012,5.763458074844906,0.05613562189089636,2.7009100126160143e-09
1012,5.765379227536521,0.045282365663033584,9.51932112897186e-09
1012,5.767300380228137,0.0745641457055619,5.7032738058448444e-08
1012,5.769221532919752,0.022606683290073315,3.118939069865017e-07
1012,5.771142685611366,0.1564775960117243,6.261687478436168e-08
1012,5.773063838302981,0.03177115258259084,7.496734638242067e-11
1012,5.7749849909945965,0.13793781829325585,1.6043211700635e-07
1012,5.776906143686212,0.12333378198286633,2.5724039443785524e-08
1012,5.778827296377826,0.025625979029517725,1.3715409809284145e-07
1012,5.780748449069441,0.15536533610056322,8.13067734028697e-08
1012,5.782669601761056,0.11577835129355744,4.145275245451728e-08
1012,5.784590754452672,0.08924753027815989,2.237298835370707e-08
1012,5.786511907144286,0.09981856285929303,2.9983593155411966e-07
1012,5.788433059835901,0.09462034594234892,2.5216015564696936e-07
1012,5.790354212527516,0.0801110592450571,3.7764821122478476e-08
1012,5.7922753652191314,0.11602450880397626,1.2175224477841558e-07
1012,5.794196517910746,0.1318221913855878,1.9613245495217716e-07
1012,5.796117670602361,0.1169491025190212,1.8193230146836186e-07
1012,5.798038823293976,0.21493287285863957,1.537801811545905e-07
1012,5.799959975985591,0.07336449478348245,1.5455827419245953e-09
1012,5.801881128677206,0.08713342079710877,1.582586080588835e-08
1012,5.803802281368821,0.11209751953229564,8.841897906541176e-08
1012,5.805723434060436,0.02902116102079271,1.1152311511037266e-07
1012,5.807644586752051,0.238455121492264,1.34098261644586e-08
1012,5.8095657394436655,0.19944220975984092,1.6988982203828778e-07
1012,5.811486892135281,0.06807645227449716,2.4458705928306885e-07
1012,5.813408044826896,0.2168992003063924,2.3833570222527553e-07
1012,5.815329197518511,0.17137749881630338,1.148291057447132e-08
1012,5.817250350210125,0.034394537764846904,4.851408149708415e-09
1012,5.819171502901741,0.11276272378502983,5.538530218367405e-08
1012,5.821092655593356,0.19965619246183497,1.74112019026266e-07
1012,5.823013808284971,0.2431220646745493,4.506013290640413e-08
1012,5.824934960976585,0.11387275314653098,1.386878011716607e-07
1012,5.8268561136682,0.15461164322197837,2.35480001200445e-07
1012,5.828777266359816,0.22453104249609868,8.367243589602925e-08
1012,5.830698419051431,0.12580143383392603,1.2969696051765078e-07
1012,5.832619571743045,0.195683851826173,8.282932971098427e-08
1012,5.83454072443466,0.16068833823343467,5.91156968535264e-08
1012,5.8364618771262755,0.05513870416774224,2.0183095864492368e-08
1012,5.838383029817891,0.0566424258132365,6.314940689190719e-08
1012,5.840304182509505,0.07072668365392457,3.202132678626803e-08
1012,5.84222533520112,0.09500679118171237,7.855842058131764e-09
1012,5.844146487892735,0.06453901405097572,2.977324061248478e-07
1012,5.846067640584351,0.16744279454275685,5.972220151850216e-08
1012,5.847988793275965,0.06712524207046765,1.0784983201370088e-07
1012,5.84990994596758,0.31544600881824053,8.29913670620636e-08
1012,5.851831098659195,0.06431001441258957,3.9890980018169826e-08
1012,5.8537522513508105,0.22626529523127759,4.2310026421138594e-07
1012,5.855673404042425,0.06168539680661633,8.363335424192539e-08
1012,5.85759455673404,0.07576438526405356,1.7902341786943978e-07
1012,5.859515709425655,0.10457996031613248,1.7262212971422084e-07
1012,5.86143686211727,0.031253672541825525,2.2771802302782228e-07
1012,5.863358014808885,0.03230388791234708,7.08681737450489e-08
1012,5.8652791675005,0.04747448676315394,1.1859170372813728e-07
1012,5.867200320192115,0.06173551460315006,2.3134092193741294e-08
1012,5.86912147288373,0.26784244868035106,3.0526440072890255e-08
1012,5.8710426255753445,0.1092737845711424,1.1089796227858351e-07
1012,5.87296377826696,0.03573157180597961,5.7955702419097606e-08
1012,5.874884930958575,0.0969871255085719,3.232242998381968e-08
1012,5.87680608365019,0.082652648587426,3.077078190142852e-08
1012,5.878727236341804,0.05855927552655169,6.080567068828119e-08
1012,5.88064838903342,0.0648776637368545,6.421417454012769e-08
1012,5.882569541725035,0.06444306479986248,2.953165686322041e-07
1012,5.88449069441665,0.0819945806113064,6.238189896620857e-09
1012,5.886411847108264,0.08798678024063844,7.371996991298719e-08
1012,5.8883329997998795,0.08088212283831271,3.221255370607273e-08
1012,5.890254152491495,0.07083392415998274,8.556063896850236e-08
1012,5.89217530518311,0.033978957566234376,1.7924267362393108e-09
1012,5.894096457874724,0.06517433783196185,3.949273545669045e-08
1012,5.896017610566339,0.005320004572602549,9.943989979849372e-08
1012,5.8979387632579545,0.08706949984274065,2.00551823382287e-07
1012,5.89985991594957,0.0192999836582128,1.978914290306214e-08
1012,5.901781068641184,0.09368188877269551,2.2975771593143854e-08
1012,5.903702221332799,0.14581835477852412,4.411970570314794e-08
1012,5.905623374024414,0.10786047292608959,3.1421784128783193e-07
1012,5.90754452671603,0.136540736204475,5.0663190755047256e-08
1012,5.909465679407644,0.06225108114331804,7.130116180286672e-08
1012,5.911386832099259,0.05913590753331957,2.6434195678346985e-07
1012,5.913307984790874,0.09430156083422156,9.358307121669786e-08
1012,5.9152291374824895,0.07114598022059514,1.778223356488602e-07
1012,5.917150290174104,0.08889208524977267,1.5959918144666405e-07
1012,5.919071442865719,0.04962827121692522,1.8196676055347084e-07
1012,5.920992595557334,0.05638915268962351,1.0697909364581328e-07
1012,5.922913748248949,0.11833582101842474,1.2902643523007313e-08
1012,5.924834900940564,0.10334689756687943,4.2762950966475354e-08
1012,5.926756053632179,0.11461843169926232,3.373068282115229e-07
1012,5.928677206323794,0.11967002404302232,1.7000773313757287e-08
1012,5.930598359015409,0.0952800208744993,2.2609365079491224e-07
1012,5.9325195117070235,0.0946463876090347,6.468548598806167e-08
1012,5.934440664398639,0.032717007345150685,3.9643756253245255e-07
1012,5.936361817090254,0.01765650645705398,6.1100297908326e-08
1012,5.938282969781869,0.10317531531724655,3.685057348731146e-08
1012,5.940204122473483,0.05821390218618704,8.07243956242283e-09
1012,5.942125275165099,0.1994194767809931,2.063928900066188e-08
1012,5.944046427856714,0.0110556099431832,9.147351282155031e-08
1012,5.945967580548329,0.03701609627492769,2.0897759183831087e-07
1012,5.947888733239943,0.1178880036784708,1.0604495654719028e-08
1012,5.9498098859315585,0.07167304733182099,1.6728494950680453e-09
1012,5.951731038623174,0.04583551108915825,1.4013988129047116e-07
1012,5.953652191314789,0.053332370477401594,1.2992317439474492e-07
1012,5.955573344006403,0.0893411890605983,2.928498083857548e-07
1012,5.957494496698018,0.06472074140711861,1.838868907790228e-08
1012,5.9594156493896335,0.14198497344395325,1.837305511853171e-08
1012,5.961336802081249,0.13547255866037722,9.84391083520531e-09
1012,5.963257954772863,0.10987155808201045,1.8740716683452428e-07
1012,5.965179107464478,0.05216276773895052,2.7561155680577667e-07
1012,5.967100260156093,0.09619275718412854,9.089085700387485e-09
1012,5.969021412847709,0.02917032506709705,3.1821578481138965e-07
1012,5.970942565539323,0.10972720066025049,1.2307908491512423e-07
1012,5.972863718230938,0.13671602720092219,7.149776058019746e-08
1012,5.974784870922553,0.11315362633690368,5.509929686420721e-08
1012,5.9767060236141685,0.1288379549942117,1.2727418832013875e-07
1012,5.978627176305783,0.14611640563611106,2.2298891217444666e-07
1012,5.980548328997398,0.037487200430485215,6.62350306331552e-08
1012,5.982469481689013,0.024521636917998666,5.148526923258306e-10
1012,5.984390634380628,0.05163337012944863,1.4265630045016894e-09
1012,5.986311787072243,0.08342425905151529,3.8422284301944425e-07
1012,5.988232939763858,0.14971467079239067,2.172158637311005e-08
1012,5.990154092455473,0.03513755157034219,2.0902289741803943e-07
1012,5.992075245147088,0.043242745028032416,6.25214465094275e-08
1012,5.9939963978387025,0.1705028973944102,3.5890539689507227e-07
1012,5.995917550530318,0.021657544911068305,1.610425332398325e-07
1012,5.997838703221933,0.05939229859419709,5.274726031392484e-09
1012,5.999759855913548,0.2259198784046448,5.478019935179924e-07
1035,0.0019211526916149688,96.93081717859872,1.348005277300518e-07
1035,0.0038423053832299377,65.96171228870115,9.272309370853852e-08
1035,0.005763458074844906,42.64482973008116,3.971282697958535e-08
1035,0.007684610766459875,29.919897874827,9.92407827921337e-08
1035,0.009605763458074843,22.677556509549646,3.6947837015955016e-08
1035,0.011526916149689813,25.685452168784817,6.140918265989412e-08
1035,0.013448068841304782,18.070002165475692,8.832305503373861e-08
1035,0.01536922153291975,17.841530754453153,2.495811554665408e-07
1035,0.017290374224534718,15.910012737575736,7.517115532334485e-08
1035,0.019211526916149687,11.964417777140707,2.1104204441028623e-07
1035,0.021132679607764656,13.775432653438322,2.3239764945109743e-08
1035,0.023053832299379625,11.013915244675744,2.1497673370018207e-07
1035,0.024974984990994594,13.034868771957713,2.1146782831415325e-08
1035,0.026896137682609563,4.842213017481707,2.307553250261195e-07
1035,0.028817290374224532,12.84614370710243,3.034487012276156e-08
1035,0.0307384430658395,4.62799198829849,3.455553627437805e-08
1035,0.032659595757454474,11.136201575063835,2.4551031563808084e-07
1035,0.034580748449069436,5.840121723717138,1.3112061998834657e-07
1035,0.036501901140684405,9.408716601308223,5.804504976406618e-08
1035,0.038423053832299374,8.307566978901002,1.968031238533623e-07
1035,0.04034420652391434,7.710880384447787,6.818111690612287e-08
1035,0.04226535921552931,4.563962499883647,1.3789433334984287e-08
1035,0.04418651190714428,6.454669171002316,3.8978718960237285e-07
1035,0.04610766459875925,2.9661015932142005,5.789600963360043e-08
1035,0.04802881729037422,6.176050744581823,1.9613047460767573e-07
1035,0.04994996998198919,4.985957504455637,1.3405341246766132e-07
1035,0.05187112267360416,4.710633652938899,1.3483564637426677e-08
1035,0.053792275365219126,7.108264979519209,1.2176078065223702e-07
1035,0.055713428056834095,2.7322803772753197,9.544173878294934e-08
1035,0.057634580748449064,5.950844515412366,3.003525277056054e-07
1035,0.05955573344006403,4.003665875611641,1.4241869383713453e-08
1035,0.061476886131679,5.207803110631639,4.115958755744794e-08
1035,0.06339803882329398,6.221105191536857,1.1915981745432203e-07
1035,0.06531919151490895,6.783599040688545,3.853958060331569e-08
1035,0.0672403442065239,7.8086612099083546,5.632235655069308e-09
1035,0.06916149689813887,15.44014335479972,1.3223421989993287e-07
1035,0.07108264958975384,9.46015646187581,2.539020547728592e-08
1035,0.07300380228136881,17.99603159735488,8.862796495495748e-08
1035,0.07492495497298378,1.9941460473472534,9.834050119442114e-09
1035,0.07684610766459875,8.845953490139026,2.2650731414207084e-08
1035,0.07876726035621372,0.5791277063774017,2.7659293948191492e-08
1035,0.08068841304782869,5.976571704172826,1.0598213161769687e-07
1035,0.08260956573944365,1.0167715156270687,1.2713838879871902e-07
1035,0.08453071843105862,3.1232818840263428,1.0179444933043838e-07
1035,0.0864518711226736,3.4842035463027234,7.08047515697548e-08
1035,0.08837302381428856,3.2885160056199028,2.34779187026539e-07
1035,0.09029417650590353,2.8312329219234376,1.763893296950458e-07
1035,0.0922153291975185,2.9907373105574986,8.639039191324872e-09
1035,0.09413648188913347,3.6548170344838122,4.312028590660638e-10
1035,0.09605763458074844,2.3164730435116843,6.285683591904985e-08
1035,0.09797878727236341,3.145295460589906,5.1028338187758624e-08
1035,0.09989993996397838,2.834421893183654,3.1522258013124524e-07
1035,0.10182109265559335,3.8995855226303853,1.7557769764859727e-07
1035,0.10374224534720831,1.821683812339564,5.8723016556516867e-08
1035,0.10566339803882328,3.8364382510499895,4.6792160194065794e-08
1035,0.10758455073043825,1.5498528158312654,4.838255765831095e-08
1035,0.10950570342205322,2.2653876673313054,2.9939646468888923e-07
1035,0.11142685611366819,2.4511177617935087,9.661814884295082e-08
1035,0.11334800880528316,2.7180366053778355,9.887865418003292e-08
1035,0.11526916149689813,1.891133645255524,2.8445086069391356e-08
1035,0.1171903141885131,2.7896524588730833,6.846736753318589e-08
1035,0.11911146688012807,2.241793111761708,2.951989828937722e-08
1035,0.12103261957174304,2.8239767126488724,1.9975000630052182e-08
1035,0.122953772263358,1.6122574964007887,5.991328856725116e-09
1035,0.12487492495497297,1.8615090304069195,3.8672513598755625e-08
1035,0.12679607764658796,3.2498445140359435,6.105496698611467e-08
1035,0.12871723033820293,0.9317365704573489,2.634703090997835e-08
1035,0.1306383830298179,1.9510695702701408,3.4405596824798293e-08
1035,0.13255953572143284,1.6730938205978436,6.332038444347006e-08
1035,0.1344806884130478,2.317877670478372,3.1818101791719157e-07
1035,0.13640184110466277,2.2665970007489684,2.084175817982517e-07
1035,0.13832299379627774,1.7777342001820349,1.0217098772946492e-07
1035,0.1402441464878927,1.254797210445172,1.0302209295417102e-07
1035,0.14216529917950768,9.817558835878398,1.588303481206201e-07
1035,0.14408645187112265,5.735942686171261,1.18520502654487e-06
1035,0.14600760456273762,0.4272040233586037,7.252846675055388e-08
1035,0.1479287572543526,3.19377037382528,4.6336588695050204e-08
1035,0.14984990994596756,2.3516571459316955,3.626021640861407e-07
1035,0.15177106263758253,1.6448774418972336,2.597859333731907e-08
1035,0.1536922153291975,1.818536578631313,1.391757510076659e-07
1035,0.15561336802081246,2.106539080422083,2.1028392046853414e-07
1035,0.15753452071242743,1.759646736334773,1.263830656165884e-07
1035,0.1594556734040424,2.164256263019868,9.953852149644814e-08
1035,0.16137682609565737,1.3478459190282743,8.591820522214186e-08
1035,0.16329797878727234,1.8546449921261636,5.0467772026874766e-08
1035,0.1652191314788873,1.7766185616015937,3.300150612866518e-08
1035,0.16714028417050228,1.6307281345743747,1.9453027245410023e-07
1035,0.16906143686211725,2.3468034793172667,1.0107363417134752e-07
1035,0.17098258955373222,1.1494192927486213,1.2714807030473764e-07
1035,0.1729037422453472,1.3785461875891345,1.7110732979540804e-07
1035,0.17482489493696216,1.7601025859806176,4.3596600469479646e-08
1035,0.17674604762857712,1.368092018817536,1.0249814952079294e-08
1035,0.1786672003201921,1.448295336459407,1.0022902783298367e-08
1035,0.18058835301180706,2.1807013597180513,1.6786684735793062e-08
1035,0.18250950570342203,1.0990863060455354,3.1341858633004153e-07
1035,0.184430658395037,1.7505215858036185,2.120588753925176e-08
1035,0.18635181108665197,0.7873518595197737,1.0095720236214433e-07
1035,0.18827296377826694,1.4243155232871296,9.821395015152714e-08
1035,0.1901941164698819,1.6483598288175496,7.843810979625248e-08
1035,0.19211526916149688,1.9106050410478934,5.980658712560172e-08
1035,0.19403642185311185,1.5831471769267693,3.774862998582622e-08
1035,0.19595757454472681,1.5174140140590007,4.915012720299145e-07
1035,0.19787872723634178,1.4643774405992491,2.0960507058706828e-07
1035,0.19979987992795675,1.9267094695880114,3.179747711200424e-09
1035,0.20172103261957172,1.5431016799215949,2.927170710103042e-07
1035,0.2036421853111867,1.409128626785475,3.939033900685442e-07
1035,0.20556333800280166,1.865367174067576,8.97918034836665e-08
1035,0.20748449069441663,0.8855121444576917,4.555725786506024e-08
1035,0.2094056433860316,2.398853452225815,1.088006490587999e-07
1035,0.21132679607764657,2.3079012730351605,5.127335197767692e-09
1035,0.21324794876926154,3.6547798438656325,2.4072143680085878e-08
1035,0.2151691014608765,4.7407466029686685,1.9939072471394816e-08
1035,0.21709025415249147,2.350066103974043,5.8931526034582756e-08
1035,0.21901140684410644,2.2073877699764233,5.547879888634811e-08
1035,0.2209325595357214,1.2852189723152796,6.0116672272188e-08
1035,0.22285371222733638,1.5792970758376805,9.602405974368419e-10
1035,0.22477486491895135,1.6820359713220046,4.082168296050204e-09
1035,0.22669601761056632,1.2645622412017026,1.4986667286662287e-08
1035,0.2286171703021813,1.1798136427531907,2.2275025591662923e-07
1035,0.23053832299379626,0.7029897011406328,7.650115033168745e-08
1035,0.23245947568541123,1.3766254047623687,9.034740648308727e-09
1035,0.2343806283770262,0.9471564095817767,8.402085243316381e-08
1035,0.23630178106864116,1.1354821976135216,9.755197377775455e-08
1035,0.23822293376025613,1.267104840274342,6.120250830848438e-08
1035,0.2401440864518711,0.9109557270140214,3.957185225944313e-08
1035,0.24206523914348607,0.8116225449576131,1.376940604826478e-07
1035,0.24398639183510104,1.205444414594166,2.7201077278085487e-08
1035,0.245907544526716,1.0953983159476546,1.2240699529121252e-07
1035,0.24782869721833098,1.5766154411593145,9.470333960239523e-08
1035,0.24974984990994595,1.1917188203841644,2.0431617350644604e-07
1035,0.25167100260156094,1.2525338381328888,1.6206582183533167e-07
1035,0.2535921552931759,1.3074632685077827,3.423999761926372e-08
1035,0.2555133079847909,1.1799130176659092,6.26484551400024e-08
1035,0.25743446067640585,1.409517405010123,2.853247812863394e-08
1035,0.2593556133680208,1.1962527525616464,1.111056848189962e-08
1035,0.2612767660596358,1.1939331230522048,2.3451649856055798e-08
1035,0.26319791875125076,1.350586639364021,1.8559083263324995e-08
1035,0.2651190714428657,1.0068600740103963,9.227628527584355e-08
1035,0.26704022413448064,0.9849577178952377,7.473541833926861e-08
1035,0.2689613768260956,1.5094143766849262,5.8042967487289636e-08
1035,0.2708825295177106,0.699946933796354,2.9293601523992914e-08
1035,0.27280368220932555,1.1298121566225598,3.682923469542689e-08
1035,0.2747248349009405,0.9882825180700081,8.219790262572328e-09
1035,0.2766459875925555,0.9637073996474955,3.4846093497916764e-08
1035,0.27856714028417046,1.6511607386478453,1.0066791766196727e-07
1035,0.2804882929757854,0.9645139594826658,1.4775317524827956e-07
1035,0.2824094456674004,1.215965680400066,1.8022728283737606e-08
1035,0.28433059835901536,2.7961754364636624,8.240175209816312e-08
1035,0.28625175105063033,3.454893009081833,1.9183545580529252e-07
1035,0.2881729037422453,1.1530132045032933,4.6941563956117605e-09
1035,0.29009405643386027,1.5628654046570987,8.952511141157582e-08
1035,0.29201520912547524,1.4865356835562116,3.8214641180369806e-08
1035,0.2939363618170902,0.9678338222670974,3.567854274345368e-07
1035,0.2958575145087052,1.3482898616999943,8.740096697905555e-08
1035,0.29777866720032015,0.748573300140248,6.229205432496371e-08
1035,0.2996998198919351,0.7568384071163072,1.5256411786732622e-08
1035,0.3016209725835501,0.880923342196199,2.1943116142267066e-07
1035,0.30354212527516505,0.8619105131849252,4.803352182772205e-08
1035,0.30546327796678,1.0039262576206434,1.4716297767871654e-07
1035,0.307384430658395,0.8745818718804629,7.368651435077106e-09
1035,0.30930558335000996,0.7479749682307333,1.8611710734806685e-08
1035,0.31122673604162493,0.9784078943375187,1.520658026741694e-07
1035,0.3131478887332399,0.8400687530916452,1.1067940664444125e-07
1035,0.31506904142485487,1.0011512181592515,1.4306189676130936e-07
1035,0.31699019411646984,0.9308728607536295,1.4232995744605486e-07
1035,0.3189113468080848,0.961126375135392,2.636626913039134e-08
1035,0.3208324994996998,1.2059450260305902,6.502975871428759e-09
1035,0.32275365219131474,1.188821649798426,5.26819930743033e-09
1035,0.3246748048829297,0.7181027648226127,1.2885790349036375e-07
1035,0.3265959575745447,1.1861445071889556,7.801959802494163e-08
1035,0.32851711026615965,0.7989964304943472,4.6175921048172624e-08
1035,0.3304382629577746,0.927421862886842,6.809589114692412e-08
1035,0.3323594156493896,0.9775009481917533,4.7825730872970235e-08
1035,0.33428056834100456,0.8564571493807561,7.187038662984856e-09
1035,0.3362017210326195,0.989472813847966,4.5991647682549717e-07
1035,0.3381228737242345,0.6964373938565807,1.2194581265571861e-08
1035,0.34004402641584947,0.9104803335292536,6.25705828674114e-08
1035,0.34196517910746443,0.9456159971413659,9.790403519167795e-08
1035,0.3438863317990794,1.127698232666676,3.116175089769496e-08
1035,0.3458074844906944,0.5575137676242057,1.294597692194795e-07
1035,0.34772863718230934,1.0805793265357264,2.5816075555505324e-07
1035,0.3496497898739243,0.44552963230556236,1.6546419917471614e-08
1035,0.3515709425655393,1.2874292080500889,4.45283808169111e-07
1035,0.35349209525715425,0.30890774002907234,2.649077092784725e-08
1035,0.3554132479487692,2.017532343648605,2.5106243746390065e-07
1035,0.3573344006403842,2.2880776118315413,2.528676734514738e-07
1035,0.35925555333199916,1.7914920972352693,2.116876294000356e-07
1035,0.3611767060236141,0.6243215227912454,7.185579205249346e-08
1035,0.3630978587152291,1.017509569316098,1.1103113812431676e-07
1035,0.36501901140684406,0.8348242859965452,6.594533486280653e-08
1035,0.36694016409845903,1.0720019482572067,7.125869945747553e-08
1035,0.368861316790074,0.8177254138474981,8.994605165715392e-09
1035,0.37078246948168897,0.7537056582344641,6.623703663854776e-08
1035,0.37270362217330394,0.5109137049689623,3.6872121765624407e-07
1035,0.3746247748649189,0.966906133996366,3.3152111136401564e-07
1035,0.3765459275565339,0.6862561549041745,8.68186588131656e-08
1035,0.37846708024814885,0.8400984000415739,1.6314505122360804e-07
1035,0.3803882329397638,0.7590994497231535,1.47450580901008e-07
1035,0.3823093856313788,0.8527590563843184,5.309415542282216e-07
1035,0.38423053832299375,0.9040535151349894,2.7363425373909752e-08
1035,0.3861516910146087,0.7817108321962754,9.047629104168211e-08
1035,0.3880728437062237,0.8882216166717561,3.0793820698780373e-07
1035,0.38999399639783866,0.863015980021129,1.7152928731748482e-07
1035,0.39191514908945363,0.7212104909567594,1.8514701908087404e-08
1035,0.3938363017810686,0.8454366248736748,6.086032286917375e-08
1035,0.39575745447268357,0.8398038387795811,8.552419073773086e-09
1035,0.39767860716429854,0.8295907222260926,8.394629159898083e-08
1035,0.3995997598559135,1.0095323198569475,6.190689251035067e-08
1035,0.4015209125475285,0.5048641368550628,1.3301497262259445e-07
1035,0.40344206523914344,0.8778278197004684,1.75300884145005e-07
1035,0.4053632179307584,0.6178441118200966,2.5155863975247945e-07
1035,0.4072843706223734,0.6940387053826332,5.900516776427452e-07
1035,0.40920552331398835,0.697130417158909,2.186020427697816e-08
1035,0.4111266760056033,0.7388950779179211,7.255199360604735e-09
1035,0.4130478286972183,0.5995208817921582,2.1078462180746123e-07
1035,0.41496898138883326,0.7627994529827585,1.358562273143062e-07
1035,0.4168901340804482,0.8372433199915336,4.53728570446964e-08
1035,0.4188112867720632,0.9344193805637946,1.898188166464589e-08
1035,0.42073243946367817,0.8725084538901977,2.8857528691337338e-08
1035,0.42265359215529313,0.6623858406317265,2.5523520758508026e-07
1035,0.4245747448469081,0.6569530750055288,5.792845052323834e-08
1035,0.42649589753852307,0.8459626760654473,3.831331593369815e-08
1035,0.42841705023013804,2.3214421268017054,1.3202745352295719e-07
1035,0.430338202921753,1.2911476437224885,1.5091187031587788e-07
1035,0.432259355613368,1.0098556552818572,8.447437883949336e-08
1035,0.43418050830498295,0.874469167690333,1.0482574755877903e-07
1035,0.4361016609965979,0.7243916998526806,2.154685339628071e-08
1035,0.4380228136882129,0.7984949423481745,2.2955525965267576e-07
1035,0.43994396637982786,0.462418490444295,6.518965896755742e-08
1035,0.4418651190714428,0.6998180843438513,1.1606633118957305e-07
1035,0.4437862717630578,0.7679893292433447,1.2576006029794692e-07
1035,0.44570742445467276,0.8136992987544385,3.9483057238912676e-08
1035,0.44762857714628773,0.6781059480463595,1.222789284232911e-07
1035,0.4495497298379027,0.7617789561945767,1.2867087613459314e-07
1035,0.45147088252951767,0.6712333286861498,1.3194433770731982e-07
1035,0.45339203522113264,0.9203706744727727,1.467223196702317e-08
1035,0.4553131879127476,0.6876911033998983,3.617849068881729e-08
1035,0.4572343406043626,0.7606992359921354,1.146963246299879e-07
1035,0.45915549329597755,0.7349656934861023,3.933459791522894e-07
1035,0.4610766459875925,0.8385671451099055,6.108365306897788e-08
1035,0.4629977986792075,0.7095267977816913,6.058283837224603e-08
1035,0.46491895137082245,0.6667551269423384,6.085498740463456e-08
1035,0.4668401040624374,0.672988782188372,4.233779358780176e-08
1035,0.4687612567540524,0.46827535875511733,8.041532202963987e-08
1035,0.47068240944566736,0.7938591767363822,6.151093099797213e-08
1035,0.47260356213728233,0.8534528531097112,7.142522277598913e-08
1035,0.4745247148288973,0.7497767523411184,1.8538280550745524e-07
1035,0.47644586752051227,0.6683219265415413,1.0542565562138042e-07
1035,0.47836702021212724,0.6681439350832016,3.995427226873246e-08
1035,0.4802881729037422,0.5524698163037894,4.807879091819733e-08
1035,0.4822093255953572,0.8803353506625019,7.894199005190493e-08
1035,0.48413047828697214,0.7869009712545584,6.211726127219063e-09
1035,0.4860516309785871,0.7684537974531295,1.808751585228638e-08
1035,0.4879727836702021,0.7320307008937263,1.2457701538873663e-07
1035,0.48989393636181705,0.5973913692874406,1.143383322382132e-07
1035,0.491815089053432,0.6353949833048742,9.677435293204895e-08
1035,0.493736241745047,0.7204629813243905,1.4831738999882562e-07
1035,0.49565739443666196,0.8603567583930192,1.366562764571401e-07
1035,0.4975785471282769,1.2167274458011548,1.3580771479027868e-07
1035,0.4994996998198919,1.5275444118023767,2.3107543982518392e-08
1035,0.5014208525115069,1.3856303154410026,1.9464332470898457e-07
1035,0.5033420052031219,0.1113123433187866,1.3126198074291537e-07
1035,0.5052631578947369,0.5638153390187585,6.790439706544331e-08
1035,0.5071843105863518,0.5574264023294927,9.326236896777166e-08
1035,0.5091054632779668,0.834947591833076,4.780520630639311e-10
1035,0.5110266159695818,0.5026771142710147,8.622138313579132e-08
1035,0.5129477686611967,0.6749506617076265,1.8119510542535468e-07
1035,0.5148689213528117,0.6128493066780577,2.1843287507457093e-07
1035,0.5167900740444267,0.5292388959243369,5.896708465016092e-08
1035,0.5187112267360416,0.47263106363238305,1.8453324264732005e-08
1035,0.5206323794276566,0.6084699192027169,1.7835874655971367e-07
1035,0.5225535321192716,0.58852279277847,4.920424228044728e-09
1035,0.5244746848108865,0.5123786470237114,4.9648352142072375e-08
1035,0.5263958375025015,0.40934006622370434,1.0859392343417867e-07
1035,0.5283169901941164,0.48214417429432926,4.908574668899877e-08
1035,0.5302381428857313,0.6506000045006838,1.241963596402268e-07
1035,0.5321592955773463,0.5330887763045122,1.591201057146648e-08
1035,0.5340804482689613,0.5340183233471663,1.9184614571059387e-07
1035,0.5360016009605763,0.5096201035737113,4.324660637507354e-08
1035,0.5379227536521912,0.5714770523015782,8.941433828925633e-08
1035,0.5398439063438062,0.6288757827571428,3.041723091326837e-08
1035,0.5417650590354212,0.639943264231304,1.8980652575258288e-08
1035,0.5436862117270361,0.39787023960298273,1.3334017236881698e-07
1035,0.5456073644186511,0.5597555039671475,1.5867892052342913e-07
1035,0.5475285171102661,0.5686988139666614,4.9054187855586346e-08
1035,0.549449669801881,0.7073855486733428,1.404100468693765e-07
1035,0.551370822493496,0.6094099173609262,7.032592628414861e-08
1035,0.553291975185111,0.5622896542903367,6.543015236493104e-08
1035,0.5552131278767259,0.536556994499724,3.5002994116954944e-07
1035,0.5571342805683409,0.31940457541220457,3.054412014505074e-08
1035,0.5590554332599559,0.5471212449877325,6.110034494495622e-08
1035,0.5609765859515708,0.6719273481328978,7.291012198234421e-08
1035,0.5628977386431858,0.5410646002057092,1.1160161282302041e-07
1035,0.5648188913348008,0.5168523088014547,1.3517232133701902e-07
1035,0.5667400440264158,0.49280322644664476,1.9649395671995006e-07
1035,0.5686611967180307,0.45252633593808655,1.1427107192950056e-07
1035,0.5705823494096457,1.6461992457865648,2.5053442019788146e-07
1035,0.5725035021012607,1.044872203004022,2.480263782657675e-07
1035,0.5744246547928756,0.4554627677955139,1.3681378653775818e-07
1035,0.5763458074844906,0.6295521372363675,2.9684875755576508e-08
1035,0.5782669601761056,0.37584949580964233,5.1514712144940595e-08
1035,0.5801881128677205,0.41857057809582165,1.703710027661356e-08
1035,0.5821092655593355,0.45804051583580147,1.3446856926524877e-07
1035,0.5840304182509505,0.7459870084032413,1.2768326827987905e-07
1035,0.5859515709425654,0.565605448017244,1.6118563417337534e-08
1035,0.5878727236341804,0.6865505180184769,7.0230939695849e-09
1035,0.5897938763257954,0.47704741477077967,4.2960826692618034e-08
1035,0.5917150290174104,0.3993678991465453,1.4349321137774303e-09
1035,0.5936361817090253,0.4370195829854576,5.556161722672467e-08
1035,0.5955573344006403,0.6675867040479905,2.486129928620798e-08
1035,0.5974784870922553,0.6734826359621227,8.12172934388138e-08
1035,0.5993996397838702,0.4755478785476616,1.4377945219226677e-07
1035,0.6013207924754852,0.48065949476778774,6.118192642961115e-09
1035,0.6032419451671002,0.4896803521697742,1.458946000052451e-07
1035,0.6051630978587151,0.5927798282774647,9.413127142522853e-09
1035,0.6070842505503301,0.5987803883878038,1.146855846485246e-07
1035,0.6090054032419451,0.5749932612039822,1.292993143757144e-07
1035,0.61092655593356,0.5433719878080351,1.505275466433356e-07
1035,0.612847708625175,0.45682299737016624,9.076170485780935e-08
1035,0.61476886131679,0.5254898100983628,3.7782578174265915e-07
1035,0.616690014008405,0.6149686276740707,1.574154749115824e-07
1035,0.6186111667000199,0.5323753286776008,6.052141539069027e-08
1035,0.6205323193916349,0.585087909714479,1.2758280804960828e-08
1035,0.6224534720832499,0.527941196622971,5.8254155888853796e-08
1035,0.6243746247748648,0.5701567644853192,1.1469657276185527e-07
1035,0.6262957774664798,0.42685097179690334,4.5480258169650056e-08
1035,0.6282169301580948,0.6372977835641499,5.798314195228306e-08
1035,0.6301380828497097,0.44891289034701637,2.517003810619411e-07
1035,0.6320592355413247,0.49344504100956965,6.706215992129185e-08
1035,0.6339803882329397,0.5063452540895254,6.555037787326515e-08
1035,0.6359015409245546,0.4009896383393968,2.3514389138736284e-07
1035,0.6378226936161696,0.8139500358084197,2.3577276918314772e-08
1035,0.6397438463077846,0.7274231284123511,5.924129166667964e-08
1035,0.6416649989993995,0.8584075628712334,7.901383386509355e-08
1035,0.6435861516910145,1.0318066141440487,1.372635652254074e-08
1035,0.6455073043826295,0.48163681186813034,5.166871963041823e-08
1035,0.6474284570742445,0.423168637032505,5.646137789151338e-07
1035,0.6493496097658594,0.4502553081026674,1.549671454932561e-08
1035,0.6512707624574744,0.5629385058804941,1.4646895304481276e-09
1035,0.6531919151490894,0.3280671963212454,3.074911430116104e-09
1035,0.6551130678407043,0.451008049139663,9.694141192957872e-08
1035,0.6570342205323193,0.30427803447374446,8.383985441824412e-08
1035,0.6589553732239343,0.4205605506006059,1.9501843208296472e-07
1035,0.6608765259155492,0.5665450275451803,4.5539106908620224e-07
1035,0.6627976786071642,0.4475174197504763,8.451857614233649e-09
1035,0.6647188312987792,0.40126081610722963,2.9228249526167912e-08
1035,0.6666399839903941,0.44166564646756334,1.29719094368952e-07
1035,0.6685611366820091,0.3371116550072652,2.0053589021329663e-08
1035,0.6704822893736241,0.4656191075359577,1.1799073226174163e-07
1035,0.672403442065239,0.42666697767022127,2.4262310025363596e-08
1035,0.674324594756854,0.34395836727211443,1.4790514474424647e-07
1035,0.676245747448469,0.4458805073185776,8.505777987858795e-08
1035,0.678166900140084,0.4752623477158568,1.3652329155161224e-09
1035,0.6800880528316989,0.46558371665862186,9.068802966651328e-08
1035,0.6820092055233139,0.33755140857162774,1.78695515427863e-08
1035,0.6839303582149289,0.509611742903666,1.5432945416568728e-07
1035,0.6858515109065438,0.373990991486092,1.4514323898431333e-07
1035,0.6877726635981588,0.6403766131488432,7.098618879795499e-08
1035,0.6896938162897738,0.5884663676995936,2.248681393791067e-09
1035,0.6916149689813887,0.624595761138914,7.153658055754046e-08
1035,0.6935361216730037,0.40869535475461927,5.818949799562447e-08
1035,0.6954572743646187,0.5027182488270493,7.079657951557186e-08
1035,0.6973784270562337,0.5625539339808212,5.701280688535966e-08
1035,0.6992995797478486,0.36086528726222367,7.221516651274678e-08
1035,0.7012207324394636,0.4976442974288597,1.49118614852986e-07
1035,0.7031418851310786,0.4452476463793423,3.665555944944086e-09
1035,0.7050630378226935,0.40528745256865834,2.381016376680838e-08
1035,0.7069841905143085,0.5165484247789897,3.0340750869874355e-08
1035,0.7089053432059235,0.36373738995866955,8.786151794750354e-08
1035,0.7108264958975384,0.6712753524616168,6.832925510944571e-08
1035,0.7127476485891534,1.0938923544448014,2.3899166970945417e-07
1035,0.7146688012807684,0.8799586038721687,1.9568148341119727e-07
1035,0.7165899539723833,0.05152540882372124,5.357619738939491e-09
1035,0.7185111066639983,0.4798481773331481,5.2338748136152846e-08
1035,0.7204322593556133,0.41573514990689164,1.866841323767553e-08
1035,0.7223534120472282,0.2863094397322073,8.256492550059346e-08
1035,0.7242745647388432,0.34114516514128906,5.038492662527027e-08
1035,0.7261957174304582,0.26621009026648834,1.74779077409337e-07
1035,0.7281168701220732,0.48999233593192004,5.8094389406974574e-08
1035,0.7300380228136881,0.4308917361313704,3.373004632177823e-08
1035,0.7319591755053031,0.3581734656493429,7.086556974926112e-08
1035,0.7338803281969181,0.5333325268091916,2.1779642034414503e-07
1035,0.735801480888533,0.4857781348327958,1.0852359696087278e-08
1035,0.737722633580148,0.4555557051731504,1.3743201043516288e-07
1035,0.739643786271763,0.5296432206008912,6.737903618733164e-08
1035,0.7415649389633779,0.42559057071548645,8.304652025220874e-08
1035,0.7434860916549929,0.46297842713765025,4.109007573776177e-08
1035,0.7454072443466079,0.3724309268785629,1.9615179456226366e-08
1035,0.7473283970382228,0.47206408653699533,8.213006197020187e-08
1035,0.7492495497298378,0.3520321601957417,1.5320379390800306e-07
1035,0.7511707024214528,0.4717386316345928,3.2348127660486195e-09
1035,0.7530918551130678,0.33211502101467794,1.288252480387287e-08
1035,0.7550130078046827,0.41512403907751844,1.5254317149958652e-07
1035,0.7569341604962977,0.34034314172695135,2.185740823208459e-09
1035,0.7588553131879127,0.398277237311697,4.5504053668115576e-08
1035,0.7607764658795276,0.3674886642396168,4.299640515871179e-07
1035,0.7626976185711426,0.2140446110485049,5.661374135906815e-08
1035,0.7646187712627576,0.34118605330880225,2.4354751679332886e-07
1035,0.7665399239543725,0.4107401163608416,2.8790689872150058e-08
1035,0.7684610766459875,0.33585003576104455,8.262342496113387e-08
1035,0.7703822293376025,0.3790213927119377,7.30227806692121e-08
1035,0.7723033820292174,0.35554589985242063,9.228782700051803e-10
1035,0.7742245347208324,0.3850719470010271,4.9472871738717915e-09
1035,0.7761456874124474,0.4683987061664253,3.590012600691326e-08
1035,0.7780668401040624,0.25964270998825867,1.1162277117938958e-07
1035,0.7799879927956773,0.5655804301872137,5.6965258606323386e-08
1035,0.7819091454872923,0.406224841518361,3.441456015833313e-08
1035,0.7838302981789073,0.7102721252491967,1.1731019963638161e-07
1035,0.7857514508705222,0.8353092524355492,8.78715503324335e-08
1035,0.7876726035621372,0.44506882528366304,1.0763952281169796e-07
1035,0.7895937562537522,0.4241278530889417,1.9870946177174433e-08
1035,0.7915149089453671,0.3854284649381133,7.712551564394989e-09
1035,0.7934360616369821,0.5189593151094126,1.0565704742627891e-08
1035,0.7953572143285971,0.32127978222034487,1.2459623336631698e-07
1035,0.797278367020212,0.2985116499540847,1.2523955002329773e-07
1035,0.799199519711827,0.24864578417879218,7.671348281596463e-08
1035,0.801120672403442,0.39445244281328246,1.4044666645972612e-07
1035,0.803041825095057,0.4778694528268499,3.252276899383933e-09
1035,0.8049629777866719,0.38997205195852275,8.04383210679382e-08
1035,0.8068841304782869,0.5577188956971947,3.5499748934704225e-08
1035,0.8088052831699019,0.444664199677577,8.232204877338453e-08
1035,0.8107264358615168,0.33600764912438236,3.7306549376251775e-07
1035,0.8126475885531318,0.37688117546298716,2.9257002610427216e-07
1035,0.8145687412447468,0.39828579164253564,2.403071024019863e-07
1035,0.8164898939363617,0.4338892070162543,2.7645056290455848e-08
1035,0.8184110466279767,0.3819536743554639,7.020279454491271e-08
1035,0.8203321993195917,0.5086110232379788,7.768720764002051e-08
1035,0.8222533520112066,0.4026682746838256,6.215692532418532e-09
1035,0.8241745047028216,0.39896740055682645,1.3578662955931883e-07
1035,0.8260956573944366,0.29104278876828266,2.5408798297983694e-08
1035,0.8280168100860515,0.4540091039165589,4.492685601126678e-08
1035,0.8299379627776665,0.42747592947091084,4.730115281504115e-09
1035,0.8318591154692815,0.37489299722274516,1.712219856186883e-07
1035,0.8337802681608965,0.4047513571469867,5.486775366397766e-08
1035,0.8357014208525114,0.4490342903270336,4.253583042294171e-08
1035,0.8376225735441264,0.3179370414227395,2.6135876882841404e-08
1035,0.8395437262357414,0.36928060865889545,2.6568258082530526e-08
1035,0.8414648789273563,0.2633445718883604,1.5354556835117116e-07
1035,0.8433860316189713,0.4894476689906921,7.678779095108011e-08
1035,0.8453071843105863,0.47190417060830175,7.778693031844134e-08
1035,0.8472283370022012,0.4256356654258219,1.4271667714602946e-08
1035,0.8491494896938162,0.37487637633256937,3.7401155430885764e-08
1035,0.8510706423854312,0.4152455114758648,3.5522485202705206e-08
1035,0.8529917950770461,0.46567381063828983,1.3086643712555837e-07
1035,0.8549129477686611,0.6898838330846965,4.659108763659576e-08
1035,0.8568341004602761,0.7110533709765037,1.864128118220809e-07
1035,0.858755253151891,0.09779267546940913,2.4148119451373724e-07
1035,0.860676405843506,0.24820827769805237,9.697180082382105e-08
1035,0.862597558535121,0.33737292134449876,7.058441886611039e-08
1035,0.864518711226736,0.1794957941932368,1.8298857424508934e-07
1035,0.8664398639183509,0.2443234931613167,6.545270987451504e-08
1035,0.8683610166099659,0.15828102454031398,1.0382893888546908e-07
1035,0.8702821693015809,0.19740982971156798,1.318539898022057e-07
1035,0.8722033219931958,0.2657363748189862,2.056462441401147e-09
1035,0.8741244746848108,0.33261775485179695,3.063674094710263e-08
1035,0.8760456273764258,0.2417305099732169,2.51413769671887e-07
1035,0.8779667800680407,0.455440301702609,3.5044801900602863e-07
1035,0.8798879327596557,0.4258387579495114,2.4470748452795236e-07
1035,0.8818090854512707,0.46765268136711513,2.5363565065436184e-07
1035,0.8837302381428856,0.30428912998590424,5.4441534051334216e-08
1035,0.8856513908345006,0.23610235979877262,2.8385599058392894e-09
1035,0.8875725435261156,0.25837661937504625,1.5253081037580725e-08
1035,0.8894936962177306,0.4282486252005262,5.020690770008834e-08
1035,0.8914148489093455,0.4364655663717737,1.607815889806776e-07
1035,0.8933360016009605,0.4774906242461652,8.402418990877096e-08
1035,0.8952571542925755,0.3661693340095405,1.342210131212778e-07
1035,0.8971783069841904,0.536010802805385,1.781923549225775e-07
1035,0.8990994596758054,0.30675946227878537,8.253161405760411e-08
1035,0.9010206123674204,0.36989513466411333,1.7002322315193505e-07
1035,0.9029417650590353,0.36343721040254634,6.040768981154567e-07
1035,0.9048629177506503,0.29138290175890175,3.315820069945418e-08
1035,0.9067840704422653,0.29308530229783036,3.481828684069815e-08
1035,0.9087052231338802,0.33946978697424907,1.0312855086321885e-07
1035,0.9106263758254952,0.3883272547212018,2.7171783118799673e-08
1035,0.9125475285171102,0.4441680986684742,3.106379313864177e-08
1035,0.9144686812087252,0.38586242805813464,1.916086782678434e-08
1035,0.9163898339003401,0.3363858524166186,4.949003861464251e-09
1035,0.9183109865919551,0.475895196022757,9.938073134644546e-08
1035,0.9202321392835701,0.19917592842553308,9.733463170176622e-08
1035,0.922153291975185,0.5233836530825489,1.3499512805552215e-07
1035,0.9240744446668,0.3663991152562292,6.190143902261079e-08
1035,0.925995597358415,0.48753655108092353,7.328078811562342e-09
1035,0.9279167500500299,0.6306826561351987,1.3230264514288715e-07
1035,0.9298379027416449,0.658072320860495,1.2593612327273755e-08
1035,0.9317590554332599,0.2535618660430885,3.100779606088823e-08
1035,0.9336802081248748,0.32297114156789264,2.3576132343776016e-08
1035,0.9356013608164898,0.38162080019112765,8.52221656891666e-08
1035,0.9375225135081048,0.22483145742985175,2.142337921081251e-07
1035,0.9394436661997198,0.2482831130100667,2.1372842598971523e-09
1035,0.9413648188913347,0.411932608679101,1.1598283132920085e-07
1035,0.9432859715829497,0.31365535930117344,1.38729317195722e-07
1035,0.9452071242745647,0.387378558980259,1.67182955862491e-07
1035,0.9471282769661796,0.3843165674791823,3.277738638067803e-07
1035,0.9490494296577946,0.4870793980957642,3.8707218083749814e-08
1035,0.9509705823494096,0.39297436513095957,3.240823632190501e-08
1035,0.9528917350410245,0.41168708696692796,2.569829595273066e-07
1035,0.9548128877326395,0.519258431972531,7.330163545422893e-08
1035,0.9567340404242545,0.3637067672975453,5.8309023641847514e-08
1035,0.9586551931158694,0.31100813951090517,2.483699616450611e-08
1035,0.9605763458074844,0.38006495004767904,1.9862737440198102e-08
1035,0.9624974984990994,0.21109509151747044,7.235885634015648e-07
1035,0.9644186511907143,0.07735448787198988,1.621305684788846e-08
1035,0.9663398038823293,0.2928259234999924,9.61239094450598e-08
1035,0.9682609565739443,0.3202364612413175,5.6054095320803724e-08
1035,0.9701821092655593,0.2607592059565368,2.999977771366216e-08
1035,0.9721032619571742,0.2888224645692534,1.1462758844502669e-07
1035,0.9740244146487892,0.34058321677570486,5.59889213266883e-08
1035,0.9759455673404042,0.16973555351109032,6.731380066667895e-08
1035,0.9778667200320191,0.28564519937662586,1.1205914598288148e-07
1035,0.9797878727236341,0.24249281614740834,1.6673208979626916e-08
1035,0.9817090254152491,0.2708386096587714,8.982209636593308e-08
1035,0.983630178106864,0.36513920769776115,1.3138256361132097e-07
1035,0.985551330798479,0.40206126267596715,4.9476826583462504e-08
1035,0.987472483490094,0.3623445509968698,4.368743834995218e-08
1035,0.989393636181709,0.29302856154255763,1.7288331689024754e-09
1035,0.9913147888733239,0.27988560794333833,4.167318989372761e-08
1035,0.9932359415649389,0.36834715126011547,1.0697333365415774e-08
1035,0.9951570942565539,0.5688916347174806,1.2104351335819826e-07
1035,0.9970782469481688,0.4359667162566167,3.855086001066501e-08
1035,0.9989993996397838,1.021762908186048,6.277286188068973e-07
1035,1.0009205523313989,1.0688903004252583,6.503899874878225e-07
1035,1.0028417050230138,0.4078376069512317,2.8215541263915067e-08
1035,1.0047628577146288,0.5779169078732737,1.645187080974605e-08
1035,1.0066840104062438,0.2956862449806138,1.0121565075374747e-07
1035,1.0086051630978587,0.3419189446462905,1.0936648056184674e-07
1035,1.0105263157894737,0.23612827406354062,2.520633367469823e-07
1035,1.0124474684810887,0.26100200436374155,4.0948643172180265e-08
1035,1.0143686211727037,0.27723834301054734,1.2355411163809276e-07
1035,1.0162897738643186,0.3783748324509565,3.762474262068157e-08
1035,1.0182109265559336,0.20998679269060716,1.300619402738783e-08
1035,1.0201320792475486,0.3610412085550933,1.795205427082436e-08
1035,1.0220532319391635,0.2703577219331195,9.684611011592518e-08
1035,1.0239743846307785,0.3174715088424687,1.247084157432944e-07
1035,1.0258955373223935,0.3702114289817637,6.824328609845929e-09
1035,1.0278166900140084,0.27140939496216304,7.886990775091495e-08
1035,1.0297378427056234,0.4161654937613501,3.637056967231144e-07
1035,1.0316589953972384,0.15517809447071398,1.0017302425668448e-07
1035,1.0335801480888533,0.2872277644510477,2.781287163793024e-08
1035,1.0355013007804683,0.3624697099217691,2.3575576728796292e-07
1035,1.0374224534720833,0.14520585733183525,2.468459407093793e-07
1035,1.0393436061636983,0.1781549655943451,8.108014349545126e-08
1035,1.0412647588553132,0.39745618097362134,1.0915854680019402e-07
1035,1.0431859115469282,0.2742027979698023,2.839074562643126e-08
1035,1.0451070642385432,0.20513183530206894,3.629311857445222e-08
1035,1.0470282169301581,0.2536753739899276,3.421676180226528e-08
1035,1.048949369621773,0.256217973992525,2.3465658751724072e-08
1035,1.050870522313388,0.26628874330902613,2.4628379743136234e-07
1035,1.052791675005003,0.18834283895829462,7.697670037059244e-08
1035,1.054712827696618,0.2500159975223049,2.25795204933514e-07
1035,1.0566339803882328,0.18329451298646574,2.9163000723817375e-08
1035,1.0585551330798477,0.2726815638771005,2.835745493841811e-07
1035,1.0604762857714627,0.3805138238503916,1.9136183632543938e-08
1035,1.0623974384630777,0.41113460227836374,1.0376637272798001e-07
1035,1.0643185911546926,0.36783970886006123,3.355843115297204e-08
1035,1.0662397438463076,0.345620135622315,1.8611059269045782e-07
1035,1.0681608965379226,0.1954606383695779,1.307372067438168e-07
1035,1.0700820492295375,0.37219934078502986,4.8721961470726446e-08
1035,1.0720032019211525,0.23034908328895481,4.4567885129344603e-08
1035,1.0739243546127675,0.17435652122852138,3.316441795571218e-07
1035,1.0758455073043824,0.22602562529131054,3.1718774939498996e-08
1035,1.0777666599959974,0.12464012817379472,2.3606851327573197e-08
1035,1.0796878126876124,0.2782039976127291,8.905245094298412e-08
1035,1.0816089653792273,0.3134468391169776,5.798377697842001e-09
1035,1.0835301180708423,0.04207842264603318,7.561315620463428e-09
1035,1.0854512707624573,0.3215548061610264,3.0299024463316854e-07
1035,1.0873724234540723,0.14207186622345344,1.4963249109187494e-07
1035,1.0892935761456872,0.23477417833721753,2.647015623024169e-07
1035,1.0912147288373022,0.30445481605379626,4.731005049602255e-08
1035,1.0931358815289172,0.2566094140140316,9.128730804904949e-08
1035,1.0950570342205321,0.3202300643162986,9.588230571917841e-08
1035,1.096978186912147,0.335742752532261,3.5613250329344263e-07
1035,1.098899339603762,0.3671248455997948,5.174490398786931e-08
1035,1.100820492295377,0.2606467504192898,1.811128795191515e-07
1035,1.102741644986992,0.16468029930527417,9.618918371163562e-08
1035,1.104662797678607,0.3065591556305276,7.909753971866238e-08
1035,1.106583950370222,0.25766066149559297,1.3745467007758632e-07
1035,1.108505103061837,0.2948629759367267,2.0065952421860694e-07
1035,1.1104262557534519,0.35555068583598776,4.887569275595881e-08
1035,1.1123474084450669,0.2814908618407646,1.1229861970183823e-07
1035,1.1142685611366818,0.35669440073392183,1.0209356601827524e-07
1035,1.1161897138282968,0.31845198127475804,4.488118179941591e-08
1035,1.1181108665199118,0.3939274604609991,8.790782169530156e-08
1035,1.1200320192115267,0.303678262414496,1.296112400768728e-07
1035,1.1219531719031417,0.13665457086760055,5.9454955398383315e-09
1035,1.1238743245947567,0.30280106485046693,3.439000249727935e-08
1035,1.1257954772863716,0.4020223751615586,1.3012183485463316e-08
1035,1.1277166299779866,0.33727441824131194,8.070836416395136e-08
1035,1.1296377826696016,0.2752279742009355,7.996146782634837e-08
1035,1.1315589353612165,0.255071093101525,2.5315478920963868e-08
1035,1.1334800880528315,0.3035451440840138,1.0924862185840029e-07
1035,1.1354012407444465,0.17552637572607457,5.994199057219352e-08
1035,1.1373223934360615,0.36500896331394583,5.0599096846340875e-08
1035,1.1392435461276764,0.3376744394107776,1.236726606948491e-08
1035,1.1411646988192914,0.4595919046898687,9.15787519381112e-09
1035,1.1430858515109064,0.2845158422567825,6.209698217819154e-09
1035,1.1450070042025213,0.14322459692912853,1.8537969948217147e-07
1035,1.1469281568941363,0.37361811923343474,8.578349956409942e-08
1035,1.1488493095857513,0.33282730473949834,5.975969788561176e-08
1035,1.1507704622773662,0.4277508938877317,1.1432263144297692e-07
1035,1.1526916149689812,0.3009841448639045,1.0644459864015667e-08
1035,1.1546127676605962,0.2306166973625669,9.595684338250566e-08
1035,1.1565339203522111,0.22859400505937924,1.9229890059720008e-07
1035,1.1584550730438261,0.29403715034752564,1.0275825599697883e-07
1035,1.160376225735441,0.2657226351725312,2.1772449314957142e-07
1035,1.162297378427056,0.2843317740599642,8.139467878393985e-08
1035,1.164218531118671,0.19426603764007042,9.11141049648696e-08
1035,1.166139683810286,0.35289224556786203,2.1229674003611597e-08
1035,1.168060836501901,0.27363339925072,2.3480309287587768e-08
1035,1.169981989193516,0.3767391025290173,1.8921744996308796e-07
1035,1.171903141885131,0.21974695096346922,2.0366644214456714e-08
1035,1.1738242945767459,0.22499701059877414,1.963998641136274e-09
1035,1.1757454472683608,0.38775732680943864,8.316707399968112e-08
1035,1.1776665999599758,0.28951485383947423,1.6989202171653828e-07
1035,1.1795877526515908,0.3607860148612655,2.5936553774563454e-08
1035,1.1815089053432057,0.3143684392035541,1.4710385915081378e-08
1035,1.1834300580348207,0.3363998254561902,1.0063121455256032e-07
1035,1.1853512107264357,0.24548507060067132,2.3972580244873844e-08
1035,1.1872723634180506,0.23594694633202073,1.8176703023665727e-07
1035,1.1891935161096656,0.27172598333547365,4.7118079046734044e-08
1035,1.1911146688012806,0.21064617013493708,8.299178469335003e-08
1035,1.1930358214928956,0.3267629933167316,1.1411345659946002e-07
1035,1.1949569741845105,0.38716711286326727,6.1721606277425695e-09
1035,1.1968781268761255,0.35761531518368733,1.9486144976560762e-07
1035,1.1987992795677405,0.2614409741670856,2.9115133567520785e-07
1035,1.2007204322593554,0.3461092093154294,1.2038426611603307e-07
1035,1.2026415849509704,0.19884112240710394,1.0301921926089442e-07
1035,1.2045627376425854,0.2714432184014657,1.2071240210125676e-07
1035,1.2064838903342003,0.1794066672238756,6.236575077938165e-08
1035,1.2084050430258153,0.27742202741600774,3.6444116472467913e-07
1035,1.2103261957174303,0.26608391992317487,8.234730532884551e-09
1035,1.2122473484090452,0.3618815623112948,8.762246470691127e-08
1035,1.2141685011006602,0.3085680609814502,3.048557173569282e-08
1035,1.2160896537922752,0.1032636597700201,1.6285678149072056e-07
1035,1.2180108064838902,0.05523305098502133,2.0440646956568532e-08
1035,1.2199319591755051,0.2168819323807509,2.890716684174016e-08
1035,1.22185311186712,0.2808518091025665,6.185495928345689e-08
1035,1.223774264558735,0.2180469740724614,2.479659188514911e-08
1035,1.22569541725035,0.29328573080277526,7.64413741270381e-08
1035,1.227616569941965,0.26208533940547873,2.8034701648326492e-08
1035,1.22953772263358,0.1969272232309812,1.361047944374741e-07
1035,1.231458875325195,0.2899880508668235,2.445599448689261e-07
1035,1.23338002801681,0.2764781727746118,9.877169158569143e-09
1035,1.2353011807084249,0.2617479399258721,2.3739797501918585e-08
1035,1.2372223334000398,0.3097510445024112,8.933884672089669e-08
1035,1.2391434860916548,0.2455279191798982,2.0228077427885035e-07
1035,1.2410646387832698,0.3415253219892326,8.979662663725194e-08
1035,1.2429857914748847,0.2240740245501717,1.8138621096379694e-07
1035,1.2449069441664997,0.2740877888830209,3.574059528245534e-08
1035,1.2468280968581147,0.36908184898075036,5.7370173764444514e-09
1035,1.2487492495497297,0.2565797714584208,2.6985447976436668e-09
1035,1.2506704022413446,0.2535602595928021,7.486947430993047e-08
1035,1.2525915549329596,0.3852596881318422,4.313131647911612e-09
1035,1.2545127076245746,0.20569525825329507,1.0239019178220947e-07
1035,1.2564338603161895,0.2422546067521835,5.254521650523196e-08
1035,1.2583550130078045,0.28145852151960854,1.5989653957733465e-08
1035,1.2602761656994195,0.3207173779257902,2.738049421694801e-08
1035,1.2621973183910344,0.2410962194160066,5.6300000727741136e-08
1035,1.2641184710826494,0.32265205100899474,1.2592011510765722e-07
1035,1.2660396237742644,0.14124071917422648,2.3915918597982806e-07
1035,1.2679607764658793,0.3074049822290406,1.3685371146144109e-08
1035,1.2698819291574943,0.2262019902334829,5.452700897341027e-09
1035,1.2718030818491093,0.23761054081971547,4.869908254199328e-09
1035,1.2737242345407243,0.23623741223137046,1.4129276929974633e-07
1035,1.2756453872323392,0.2637810744997073,1.1920499758007505e-07
1035,1.2775665399239542,0.22383295232927944,5.5548724994051504e-08
1035,1.2794876926155692,0.3569664331420475,4.1457315242518863e-08
1035,1.2814088453071841,0.4579212162163915,1.69884570827872e-08
1035,1.283329997998799,0.4282078550289534,2.861845504766813e-07
1035,1.285251150690414,0.3232199405563262,4.299171737825677e-07
1035,1.287172303382029,0.06682346898029706,3.170291937137755e-07
1035,1.289093456073644,0.36058297712867765,2.7825333690500906e-10
1035,1.291014608765259,0.2581945185855275,2.5597532545486826e-07
1035,1.292935761456874,0.1078356708366083,1.6231550430343328e-07
1035,1.294856914148489,0.3456664512314824,1.9881238317847824e-07
1035,1.2967780668401039,0.15632203941988504,5.174142496284504e-08
1035,1.2986992195317189,0.16514159496149505,1.456653728065627e-07
1035,1.3006203722233338,0.25924537692720406,1.4389149020966365e-08
1035,1.3025415249149488,0.24959408400573257,6.949122910385916e-08
1035,1.3044626776065638,0.2729477091707146,7.335973011670988e-08
1035,1.3063838302981787,0.15045041722120542,1.005412234735345e-08
1035,1.3083049829897937,0.1476841791929808,1.3587949839412237e-07
1035,1.3102261356814087,0.1869124884373104,3.553482565135902e-07
1035,1.3121472883730236,0.15901117258172895,2.1830066101960306e-08
1035,1.3140684410646386,0.23175119365716437,9.099745872823175e-09
1035,1.3159895937562536,0.2261091463388514,1.558699910540545e-07
1035,1.3179107464478685,0.3026132318085663,1.2865336102738412e-07
1035,1.3198318991394835,0.2574525111886645,9.912924772583564e-08
1035,1.3217530518310985,0.3652786134952063,3.2619437013341774e-08
1035,1.3236742045227134,0.27501598224071466,5.632751282708579e-09
1035,1.3255953572143284,0.2560648147525855,2.236508319857246e-08
1035,1.3275165099059434,0.28706920002395264,4.521506475357205e-09
1035,1.3294376625975584,0.22732730188833705,4.9656718101480955e-08
1035,1.3313588152891733,0.39922141214182005,5.594403532856654e-09
1035,1.3332799679807883,0.25318779537395586,3.046595578974576e-08
1035,1.3352011206724033,0.2097078722201045,3.243056801311443e-08
1035,1.3371222733640182,0.2831684931290739,2.1235461820097388e-08
1035,1.3390434260556332,0.12767711818550456,1.3553802627069668e-08
1035,1.3409645787472482,0.3195080127563651,1.2022221419838965e-08
1035,1.3428857314388631,0.30965209223867385,1.6446520368719503e-07
1035,1.344806884130478,0.2259165512492466,2.011157012657637e-07
1035,1.346728036822093,0.37342433600592306,3.1136042889881275e-08
1035,1.348649189513708,0.2113593658480966,2.086259734950632e-08
1035,1.350570342205323,0.4110976839839703,7.006549135445923e-08
1035,1.352491494896938,0.326004876862591,1.0388126836244874e-07
1035,1.354412647588553,0.40145977192286264,3.0336909397520337e-07
1035,1.356333800280168,0.3017898021828082,6.398000004106499e-08
1035,1.358254952971783,0.15909315281631378,8.231045704212242e-10
1035,1.3601761056633979,0.24752052916443354,1.9746748072236208e-07
1035,1.3620972583550128,0.2466733002294524,4.464116544716542e-08
1035,1.3640184110466278,0.23464878339735834,3.0967907819107067e-09
1035,1.3659395637382428,0.1537474974887567,1.2193328792068293e-08
1035,1.3678607164298577,0.12002656980102977,3.401364087411151e-08
1035,1.3697818691214727,0.10590814168334373,1.2235241964858383e-08
1035,1.3717030218130877,0.225916504664226,9.516735731288197e-08
1035,1.3736241745047026,0.20047304144802142,2.203420037309809e-08
1035,1.3755453271963176,0.2534992917364845,3.404350919964207e-08
1035,1.3774664798879326,0.2501505889043027,2.1021112023300245e-07
1035,1.3793876325795476,0.22761090333234157,1.676456170368658e-07
1035,1.3813087852711625,0.15135222501620696,1.6634942620526339e-07
1035,1.3832299379627775,0.30621867296939276,2.7421640330805313e-08
1035,1.3851510906543925,0.3142879998091608,1.2529991292641162e-07
1035,1.3870722433460074,0.12408992795549348,4.582181506279469e-09
1035,1.3889933960376224,0.20843556773191266,2.1683467313445407e-07
1035,1.3909145487292374,0.4062001625003914,8.810772600540945e-08
1035,1.3928357014208523,0.23278717302166405,1.2090439745231103e-07
1035,1.3947568541124673,0.3583337286099936,8.318986253316746e-08
1035,1.3966780068040823,0.3345117884312135,2.2121950155245057e-08
1035,1.3985991594956972,0.30144535753477364,3.242520324124746e-07
1035,1.4005203121873122,0.1770735232200903,1.3755005922272653e-09
1035,1.4024414648789272,0.20841136796860843,6.959794641646322e-08
1035,1.4043626175705421,0.20391123831074756,3.672185628323588e-08
1035,1.4062837702621571,0.28012449235355513,3.0520113039430036e-08
1035,1.408204922953772,0.17376276771117963,6.049019418585684e-08
1035,1.410126075645387,0.22756363902660498,2.8219715499043003e-08
1035,1.412047228337002,0.1755948637375775,6.035616894991262e-08
1035,1.413968381028617,0.30151560932662,9.711162916865898e-08
1035,1.415889533720232,0.31210449837763815,1.257577677936102e-07
1035,1.417810686411847,0.17853756091873582,1.1526983722178448e-07
1035,1.419731839103462,0.17612927373205933,2.2978186292440523e-08
1035,1.4216529917950769,0.13132343838465232,1.710179241439752e-07
1035,1.4235741444866918,0.19562002248410595,1.675775801139231e-07
1035,1.4254952971783068,0.18669949755840604,1.5980898343624684e-07
1035,1.4274164498699218,0.43424930971030035,1.898933709537659e-07
1035,1.4293376025615367,0.09958060576055493,3.26499569473034e-07
1035,1.4312587552531517,0.3063653332427702,9.402638491018734e-08
1035,1.4331799079447667,0.14814317292433962,5.8001227952296644e-08
1035,1.4351010606363817,0.12881254588753702,1.0687022856216111e-07
1035,1.4370222133279966,0.2210837254439987,4.045962875735337e-09
1035,1.4389433660196116,0.1868373865032621,2.3185365830235784e-07
1035,1.4408645187112266,0.35508783439623737,1.7307425835289107e-07
1035,1.4427856714028415,0.09596003517610925,1.50028719815415e-09
1035,1.4447068240944565,0.15538505559621776,4.635071012291958e-07
1035,1.4466279767860715,0.2797197072297201,2.2124716484720636e-08
1035,1.4485491294776864,0.35589973637818406,4.445712326971626e-08
1035,1.4504702821693014,0.22810697033124752,1.2629352861582656e-07
1035,1.4523914348609164,0.19021341949453663,1.1230096035834753e-07
1035,1.4543125875525313,0.2511610785105408,3.021531279883622e-07
1035,1.4562337402441463,0.2792508564601018,1.4475690745044165e-07
1035,1.4581548929357613,0.33512075072649905,3.599743788311009e-08
1035,1.4600760456273763,0.2709615718755257,4.920331035236793e-09
1035,1.4619971983189912,0.2399593216548215,9.028097454078272e-08
1035,1.4639183510106062,0.31586478485590974,1.1454963307726904e-07
1035,1.4658395037022212,0.1270610141031739,2.2667967536713554e-08
1035,1.4677606563938361,0.26411215191213216,3.950728555330653e-08
1035,1.469681809085451,0.2023560942067734,1.59268935526525e-07
1035,1.471602961777066,0.29008385875047654,1.8220473916136376e-08
1035,1.473524114468681,0.1988484850658705,1.0627354726513911e-07
1035,1.475445267160296,0.2723556944369206,5.22650440915638e-08
1035,1.477366419851911,0.13730813473070996,1.5211968935468806e-08
1035,1.479287572543526,0.27547618452988637,5.551384781946932e-08
1035,1.481208725235141,0.1946871999116798,2.024473962919574e-07
1035,1.4831298779267559,0.16456142910613483,9.343489515611168e-09
1035,1.4850510306183708,0.241566098074581,1.0526985197664832e-07
1035,1.4869721833099858,0.19704382625052894,1.0414937759939837e-07
1035,1.4888933360016008,0.22412904322017216,2.0452307810268165e-07
1035,1.4908144886932158,0.046529494937784154,3.389926574465561e-08
1035,1.4927356413848307,0.1885508673233429,7.396878979596364e-08
1035,1.4946567940764457,0.19874470387069096,3.74199664448382e-07
1035,1.4965779467680607,0.4157511252917557,7.127010287918015e-07
1035,1.4984990994596756,0.25137130082766074,1.7043273494491297e-07
1035,1.5004202521512906,0.1624622125136534,2.5737428169596495e-08
1035,1.5023414048429056,0.15129939918185062,1.446573907288593e-07
1035,1.5042625575345205,0.3227468220173197,6.792455134420173e-08
1035,1.5061837102261355,0.15432413834832798,5.490590573706341e-09
1035,1.5081048629177505,0.3344432855076605,1.4484482865384756e-07
1035,1.5100260156093654,0.2665991563539743,1.2597019337933269e-08
1035,1.5119471683009804,0.18597432749053788,1.670802918894974e-07
1035,1.5138683209925954,0.1238921676795287,2.6499683679183417e-08
1035,1.5157894736842104,0.09955806329885117,1.0647386276488766e-07
1035,1.5177106263758253,0.16620526602779692,1.2409930687386809e-08
1035,1.5196317790674403,0.21894455769204316,3.784448319689248e-07
1035,1.5215529317590553,0.1360241319106988,1.8165814170967415e-08
1035,1.5234740844506702,0.2698973904072472,1.5565138658023162e-07
1035,1.5253952371422852,0.225202645480589,1.4039757270535665e-07
1035,1.5273163898339002,0.23640424335299776,3.696307923169791e-08
1035,1.5292375425255151,0.2016752218074356,4.541005859997413e-08
1035,1.53115869521713,0.26349349869877864,1.643679488905731e-08
1035,1.533079847908745,0.24882264326584327,2.3538555698970534e-07
1035,1.53500100060036,0.1342631205241172,4.348780687341343e-07
1035,1.536922153291975,0.25038557449436805,1.1649751073060377e-07
1035,1.53884330598359,0.17155378613146974,5.584515977825482e-09
1035,1.540764458675205,0.3251137974567089,2.627212657982384e-07
1035,1.54268561136682,0.14962985428473372,3.02216030343325e-08
1035,1.544606764058435,0.15291943805224328,5.880670951858658e-08
1035,1.5465279167500499,0.11851727658499803,5.3368408959356864e-08
1035,1.5484490694416648,0.21820163562246234,1.8774719931682933e-08
1035,1.5503702221332798,0.22751848034515426,1.4661196675437485e-07
1035,1.5522913748248948,0.3543222548973214,1.0283463939836613e-07
1035,1.5542125275165097,0.244590639170211,5.669664742389135e-08
1035,1.5561336802081247,0.2467546659524483,5.989108194094814e-08
1035,1.5580548328997397,0.34962458036291305,3.21509691608506e-08
1035,1.5599759855913546,0.2260155374470245,3.5830197483995854e-08
1035,1.5618971382829696,0.1776363003532028,7.850114869916458e-07
1035,1.5638182909745846,0.13084281949266466,1.0557786674256113e-07
1035,1.5657394436661995,0.24804412888266253,2.1729267178356397e-08
1035,1.5676605963578145,0.29936548993427226,2.1584627775278617e-07
1035,1.5695817490494295,0.39166953427055884,1.1158096179978642e-07
1035,1.5715029017410445,0.1197688593417427,5.744262549323168e-07
1035,1.5734240544326594,0.12778788195007185,5.7725440969912576e-08
1035,1.5753452071242744,0.4136548561378621,1.0533528414501301e-07
1035,1.5772663598158894,0.270119067230846,3.037059816251438e-07
1035,1.5791875125075043,0.23730496228658668,6.058239222399069e-08
1035,1.5811086651991193,0.2590947232178536,8.70610636783738e-09
1035,1.5830298178907343,0.2926644667934975,2.2105490354864948e-07
1035,1.5849509705823492,0.2468336451282344,3.5844052051864334e-08
1035,1.5868721232739642,0.10466981993784691,1.6523861922740956e-07
1035,1.5887932759655792,0.19482593045891486,1.2600564043907347e-07
1035,1.5907144286571941,0.4338022560533734,5.461613016606348e-08
1035,1.5926355813488091,0.16468428492015752,1.6209493222505744e-07
1035,1.594556734040424,0.20007900161684097,5.193277583656399e-09
1035,1.596477886732039,0.1780217357570163,1.4427472298595062e-07
1035,1.598399039423654,0.1424407613412207,5.266139069427851e-08
1035,1.600320192115269,0.1937894679973418,9.104415579413448e-08
1035,1.602241344806884,0.24188044151884128,1.9646970870827893e-07
1035,1.604162497498499,0.2593046430138414,4.8130286586171165e-08
1035,1.606083650190114,0.22455940326101048,1.7350123932650887e-07
1035,1.6080048028817289,0.23811422264014792,3.559676915711818e-08
1035,1.6099259555733438,0.23849786622471578,2.5317289719443573e-07
1035,1.6118471082649588,0.29614217856176644,3.0448702087680884e-07
1035,1.6137682609565738,0.2085888546415415,5.094235099810879e-08
1035,1.6156894136481887,0.17242865985230393,6.696121920680987e-08
1035,1.6176105663398037,0.11112781693503584,2.711365728538194e-07
1035,1.6195317190314187,0.1490748540583102,1.8205223073135028e-07
1035,1.6214528717230337,0.16737612010261196,2.2813970142870474e-07
1035,1.6233740244146486,0.19529129417864,8.127830990565265e-08
1035,1.6252951771062636,0.14399461163289262,1.2134065759139518e-07
1035,1.6272163297978786,0.08988456401597847,9.11154712086347e-08
1035,1.6291374824894935,0.207217207258421,1.6707366932609402e-07
1035,1.6310586351811085,0.2535383688261613,5.425245572796354e-08
1035,1.6329797878727235,0.18160593695525942,9.840098806496386e-09
1035,1.6349009405643384,0.17668665724162644,3.378420594094877e-08
1035,1.6368220932559534,0.21171930991851734,1.5321178798950998e-07
1035,1.6387432459475684,0.183293945030232,2.782980831607663e-08
1035,1.6406643986391833,0.1912614878686829,6.748543161372175e-08
1035,1.6425855513307983,0.23100714582507884,2.8331578518857003e-08
1035,1.6445067040224133,0.1829245934091707,1.7902615711316606e-07
1035,1.6464278567140282,0.190486611238205,5.555359051006335e-08
1035,1.6483490094056432,0.22577274343605433,8.67829305644031e-08
1035,1.6502701620972582,0.16705741920587933,7.878625522040443e-08
1035,1.6521913147888732,0.3320704294602311,2.572242875276559e-07
1035,1.6541124674804881,0.23127967859365656,4.7961217443516796e-08
1035,1.656033620172103,0.24147198698940697,9.086190403508618e-09
1035,1.657954772863718,0.2129031692707793,2.6042616837856067e-08
1035,1.659875925555333,0.2251290698300876,4.5699693088024826e-08
1035,1.661797078246948,0.15239848513265095,1.2625880431022277e-07
1035,1.663718230938563,0.10275222859776983,6.884889719220202e-09
1035,1.665639383630178,0.12002535794560155,4.038999011652386e-08
1035,1.667560536321793,0.2894581123093668,4.6015371607813956e-08
1035,1.6694816890134079,0.22122428869752886,6.103422858514601e-08
1035,1.6714028417050228,0.34416816619546703,1.9669935690149478e-07
1035,1.6733239943966378,0.14235063891233804,2.732310052488462e-09
1035,1.6752451470882528,0.2975020844254835,1.9923139023127216e-07
1035,1.6771662997798678,0.23255884104433272,2.716364616326755e-07
1035,1.6790874524714827,0.1452228220574317,2.1266710385326527e-07
1035,1.6810086051630977,0.26031024776766104,1.2757986546015056e-07
1035,1.6829297578547127,0.32219076839193894,2.677270922377937e-10
1035,1.6848509105463276,0.21505480305615604,8.519345810231787e-08
1035,1.6867720632379426,0.29091750187131626,7.909292554272972e-09
1035,1.6886932159295576,0.2265009504599581,9.383208674557432e-08
1035,1.6906143686211725,0.13674612737881456,1.4166393269193312e-07
1035,1.6925355213127875,0.24921370413159996,5.5392858192785e-08
1035,1.6944566740044025,0.1382658271989453,1.6400750135312135e-07
1035,1.6963778266960174,0.15650579135850556,7.293122247870326e-08
1035,1.6982989793876324,0.14797702584064393,1.1597917248522823e-07
1035,1.7002201320792474,0.14551552564732395,1.8451005409145556e-09
1035,1.7021412847708624,0.19639674529895967,1.4205517127393707e-07
1035,1.7040624374624773,0.14472114606387465,1.4221183661265294e-07
1035,1.7059835901540923,0.14361064515167452,4.133352004505124e-08
1035,1.7079047428457073,0.26668624088279996,3.862535164203951e-07
1035,1.7098258955373222,0.301974292335287,1.1332608012461584e-08
1035,1.7117470482289372,0.31469594474380425,3.8158430746758263e-07
1035,1.7136682009205522,0.050381063269783116,1.2003679089160836e-07
1035,1.7155893536121671,0.1086484753688534,5.63801444388901e-07
1035,1.717510506303782,0.19840549532873997,2.5958917561003997e-08
1035,1.719431658995397,0.1623390875605186,2.0694275807260398e-08
1035,1.721352811687012,0.24194278106812145,5.160892230600024e-08
1035,1.723273964378627,0.17694694974017006,1.0645262600849499e-07
1035,1.725195117070242,0.09811658765024728,1.805775136800014e-08
1035,1.727116269761857,0.12288818340818009,3.8590282305894673e-08
1035,1.729037422453472,0.14619657517555731,1.0365572447984745e-08
1035,1.7309585751450869,0.11655046366079903,1.1679630010483139e-07
1035,1.7328797278367019,0.27648137201147704,1.663567572557819e-07
1035,1.7348008805283168,0.06961355454892902,1.163175953776052e-07
1035,1.7367220332199318,0.24986085428136598,2.6689349904693792e-08
1035,1.7386431859115468,0.2096836836282475,1.9559352699738566e-08
1035,1.7405643386031617,0.20738091779877008,1.2002348830198175e-08
1035,1.7424854912947767,0.23514714958415067,3.925005030738481e-08
1035,1.7444066439863917,0.1807796792638063,9.049594287236931e-08
1035,1.7463277966780066,0.12418546409280393,2.0352654671425513e-08
1035,1.7482489493696216,0.3046173479180559,1.0989140054002855e-07
1035,1.7501701020612366,0.251641054353105,4.854452534717973e-09
1035,1.7520912547528515,0.12979515675901562,1.8285196470417268e-08
1035,1.7540124074444665,0.12417714316824874,1.6271715688947483e-07
1035,1.7559335601360815,0.2129194214845489,1.9236880749789707e-07
1035,1.7578547128276965,0.3330532788589879,1.4398217394394044e-07
1035,1.7597758655193114,0.22151990588109866,4.87442590459747e-08
1035,1.7616970182109264,0.29926930121404766,6.141441829774217e-09
1035,1.7636181709025414,0.18273180899650754,2.6650590152911423e-08
1035,1.7655393235941563,0.22242089846619947,3.906244178382591e-09
1035,1.7674604762857713,0.2632159917380317,3.5467460393663344e-08
1035,1.7693816289773863,0.16445447374440386,2.8387898832613697e-08
1035,1.7713027816690012,0.21996398455695795,1.0443055859257508e-08
1035,1.7732239343606162,0.2142012004742425,1.4037811579860692e-07
1035,1.7751450870522312,0.11491187678814031,4.623498820508737e-08
1035,1.7770662397438461,0.18858615737148976,1.1476724527555255e-07
1035,1.7789873924354611,0.20909616455973667,6.194215518193169e-10
1035,1.780908545127076,0.16642140316440754,3.963527866160984e-07
1035,1.782829697818691,0.1639565227785389,5.593056835031327e-08
1035,1.784750850510306,0.13795042658039935,8.889855887149111e-08
1035,1.786672003201921,0.19209006548981936,1.3743378703278365e-07
1035,1.788593155893536,0.2772262196059404,1.8305751706194104e-08
1035,1.790514308585151,0.30037141019642016,1.8582556640057077e-07
1035,1.792435461276766,0.16928853234249605,5.277093865982583e-08
1035,1.7943566139683809,0.085185278695613,5.564181176799003e-09
1035,1.7962777666599958,0.18775830525332407,1.2055428143210605e-08
1035,1.7981989193516108,0.1297024389337634,1.0979539053428987e-08
1035,1.8001200720432258,0.08184131485710544,3.103202279545894e-08
1035,1.8020412247348407,0.2643104073561881,1.9815215343745036e-07
1035,1.8039623774264557,0.2628008589257871,1.1385501099586239e-07
1035,1.8058835301180707,0.12439051986145946,3.771015443464431e-08
1035,1.8078046828096856,0.06955031361170304,1.5871754756198606e-07
1035,1.8097258355013006,0.22306909249606913,8.680631784477119e-08
1035,1.8116469881929156,0.30673394536268916,2.1510409179252458e-07
1035,1.8135681408845306,0.1836151810532004,1.666402544688488e-07
1035,1.8154892935761455,0.11610010485782517,3.5136280247584886e-08
1035,1.8174104462677605,0.1045958039697889,6.748797040080923e-08
1035,1.8193315989593755,0.10977589070297847,1.6094862221535474e-07
1035,1.8212527516509904,0.18117519446709818,1.038182826343053e-07
1035,1.8231739043426054,0.1477998941227073,4.527655467772101e-09
1035,1.8250950570342204,0.21513094527291698,5.015729431360336e-08
1035,1.8270162097258353,0.29464811541585717,6.926223297351413e-08
1035,1.8289373624174503,0.3025598697862841,5.371713500143608e-08
1035,1.8308585151090653,0.181405275540991,1.305775071204503e-07
1035,1.8327796678006802,0.21853330733217197,3.200331775149566e-08
1035,1.8347008204922952,0.13500252247073927,1.1086941023510531e-07
1035,1.8366219731839102,0.14294191997399885,3.787582161864171e-08
1035,1.8385431258755252,0.2197385488766408,6.394036648682532e-08
1035,1.8404642785671401,0.3400289941501271,4.202379079913897e-07
1035,1.842385431258755,0.07376121269918526,1.9612423094303328e-07
1035,1.84430658395037,0.08537319940128185,2.3391586645253863e-07
1035,1.846227736641985,0.24052796590060382,1.2897805350695558e-07
1035,1.8481488893336,0.15510521225136675,1.8317341150934106e-07
1035,1.850070042025215,0.1782891886342921,4.3452542067209575e-08
1035,1.85199119471683,0.1841235704054127,1.4660516585146112e-08
1035,1.853912347408445,0.2076794870291115,1.7265665469773288e-07
1035,1.8558335001000599,0.23640995461409742,1.2809275525072947e-07
1035,1.8577546527916748,0.33496397411337964,2.965029231784943e-07
1035,1.8596758054832898,0.3464382248203914,2.8407605223087965e-07
1035,1.8615969581749048,0.18572579122990762,7.382480774683557e-08
1035,1.8635181108665198,0.14090940893628107,2.483921785846583e-07
1035,1.8654392635581347,0.28768296377000435,1.032692235936308e-07
1035,1.8673604162497497,0.19110644926306664,1.658601999619677e-08
1035,1.8692815689413647,0.2243310947143102,3.5297487526036207e-07
1035,1.8712027216329796,0.1269703355662366,1.0317936538292328e-07
1035,1.8731238743245946,0.19240011459706496,8.650801709038804e-08
1035,1.8750450270162096,0.18586732710647252,8.71089043568188e-08
1035,1.8769661797078245,0.19282566008930296,3.152596471674228e-07
1035,1.8788873323994395,0.22412982857496816,1.210473369590092e-07
1035,1.8808084850910545,0.11464669859380235,3.10579781269397e-08
1035,1.8827296377826694,0.1078519811477193,6.907984916764404e-08
1035,1.8846507904742844,0.34469162116301394,2.201153079729708e-08
1035,1.8865719431658994,0.21909555881519385,1.6481593534910673e-07
1035,1.8884930958575143,0.20879638633131126,8.338810733932312e-08
1035,1.8904142485491293,0.02850232041803655,4.114119461469152e-08
1035,1.8923354012407443,0.31006748817061186,1.4023371511148502e-08
1035,1.8942565539323593,0.2398866693463205,2.1686636763455767e-08
1035,1.8961777066239742,0.044663952658823065,8.246746880027179e-08
1035,1.8980988593155892,0.08256570298604796,1.6356152151022501e-09
1035,1.9000200120072042,0.20239297085495514,2.0678246417742486e-07
1035,1.9019411646988191,0.10725749324800873,1.463874686387843e-07
1035,1.903862317390434,0.11316419875982954,2.3898580792925114e-08
1035,1.905783470082049,0.09348134389624878,8.70169967914784e-08
1035,1.907704622773664,0.20268242210937804,5.485935895237642e-08
1035,1.909625775465279,0.15086516844245726,2.487344653325707e-08
1035,1.911546928156894,0.15493085675136864,2.101615790678507e-07
1035,1.913468080848509,0.27217368190612623,9.550892174518206e-08
1035,1.915389233540124,0.13727109011769648,1.9679877301305332e-07
1035,1.9173103862317389,0.2194370842212487,1.1788400126009615e-08
1035,1.9192315389233539,0.04927230275619776,7.350567001756948e-08
1035,1.9211526916149688,0.29258848941585575,2.7412680225072054e-09
1035,1.9230738443065838,0.19992824058964456,6.453790596645322e-08
1035,1.9249949969981988,0.16226454618041322,1.348087399445255e-07
1035,1.9269161496898137,0.2043785807405557,7.609396602978667e-09
1035,1.9288373023814287,0.2076895743426339,3.614124890487197e-07
1035,1.9307584550730437,0.21832827014000342,4.492073032221669e-08
1035,1.9326796077646586,0.22358830294801993,2.34345640126323e-08
1035,1.9346007604562736,0.15404602239369863,2.0789597769006056e-07
1035,1.9365219131478886,0.09426522984180062,9.57864071605067e-09
1035,1.9384430658395035,0.1079269306382708,1.999681638686096e-08
1035,1.9403642185311185,0.11714878926322284,1.9366382365043303e-07
1035,1.9422853712227335,0.23549502502746122,1.062362833812085e-07
1035,1.9442065239143485,0.21098373172655419,1.0150932972003797e-07
1035,1.9461276766059634,0.2972946949417041,3.952650953720506e-09
1035,1.9480488292975784,0.2105071366322861,1.0170322683167737e-07
1035,1.9499699819891934,0.1287982852319827,1.0166417483679256e-07
1035,1.9518911346808083,0.17312635825689784,1.263384857360859e-07
1035,1.9538122873724233,0.11401735671717168,2.1378021994541148e-07
1035,1.9557334400640383,0.18073019050303168,2.1189126907567742e-07
1035,1.9576545927556532,0.03781136473143501,1.8304918324352482e-07
1035,1.9595757454472682,0.21707831425320645,2.933533370002192e-09
1035,1.9614968981388832,0.2668824855440654,3.619361150703387e-07
1035,1.9634180508304981,0.25281179539472476,1.9317041958351318e-07
1035,1.965339203522113,0.13588785716884255,6.839447348242803e-08
1035,1.967260356213728,0.019309289083445636,1.725637796465237e-08
1035,1.969181508905343,0.18080776424275657,9.934275710990366e-08
1035,1.971102661596958,0.2156480802453226,9.236692430099928e-08
1035,1.973023814288573,0.16908287781759282,2.208732669181756e-07
1035,1.974944966980188,0.05408574800379966,1.2408241949068309e-07
1035,1.976866119671803,0.06610888343602365,2.9137883916870607e-09
1035,1.978787272363418,0.2924232796814653,1.3598729594659158e-07
1035,1.9807084250550329,0.285197731661896,1.1300445884609416e-07
1035,1.9826295777466478,0.28343367530702707,3.0227580828441186e-08
1035,1.9845507304382628,0.12714245122762458,2.49725324467007e-07
1035,1.9864718831298778,0.19744174006810572,1.3179445011226182e-08
1035,1.9883930358214927,0.09448235706370164,7.684198499874887e-08
1035,1.9903141885131077,0.22939927248660713,1.5285960488134922e-08
1035,1.9922353412047227,0.24729427324425882,1.0288378533875481e-07
1035,1.9941564938963376,0.21324024318374143,1.763636739681189e-07
1035,1.9960776465879526,0.21702567318411042,1.644746303560339e-07
1035,1.9979987992795676,0.31756031009052793,9.325118975675867e-08
1035,1.9999199519711826,0.8550793364114009,5.286756095846909e-07
1035,2.0018411046627977,0.23300208205032788,1.5041586298858096e-08
1035,2.0037622573544125,0.2957969892172564,2.8061007816016852e-08
1035,2.0056834100460277,0.14671035561198642,1.6113359374665051e-07
1035,2.0076045627376424,0.20268709236567392,7.77722803495554e-08
1035,2.0095257154292576,0.13912967686942426,8.819114199686662e-08
1035,2.0114468681208724,0.14695999568149193,3.448396243699126e-07
1035,2.0133680208124876,0.3221680960091458,1.4718217924301385e-07
1035,2.0152891735041023,0.14529084896487898,9.337303385720932e-08
1035,2.0172103261957175,0.10686605636961434,2.0710223475316184e-08
1035,2.0191314788873322,0.1462246895858905,1.207267065125029e-07
1035,2.0210526315789474,0.1838061749380477,2.137163091879875e-08
1035,2.022973784270562,0.25637978489521024,1.7911261250508672e-07
1035,2.0248949369621774,0.061388011991181435,2.079653232967005e-07
1035,2.026816089653792,0.09922021950131996,4.6468260788316583e-08
1035,2.0287372423454073,0.32321105574717895,4.221302206225397e-08
1035,2.030658395037022,0.15651524835744943,8.055535114955198e-08
1035,2.0325795477286372,0.12111963825641994,3.498374086230841e-09
1035,2.034500700420252,0.18122372557291916,8.943476030202013e-08
1035,2.036421853111867,0.08715389079817404,1.39506248029918e-09
1035,2.038343005803482,0.20655670413530114,2.368225714829516e-07
1035,2.040264158495097,0.1850610782081165,6.344134040065283e-08
1035,2.042185311186712,0.15045377674187507,9.853697363457664e-08
1035,2.044106463878327,0.10159596102759026,6.36215619062117e-08
1035,2.046027616569942,0.09201825840701802,1.6366272460706348e-08
1035,2.047948769261557,0.20827439678569437,2.037014188858602e-07
1035,2.0498699219531717,0.17838144212700768,1.6574629177809797e-07
1035,2.051791074644787,0.2057084978476337,1.674298593834089e-07
1035,2.0537122273364017,0.20767317766682553,3.0804181145498996e-08
1035,2.055633380028017,0.365928609732689,5.723142085335e-08
1035,2.0575545327196316,0.20426886449575993,2.1854520266956143e-09
1035,2.059475685411247,0.3062298700063213,1.2980641113691888e-07
1035,2.0613968381028616,0.23348033538326404,1.0875964879958987e-08
1035,2.0633179907944768,0.21291900750877793,4.885922873906273e-08
1035,2.0652391434860915,0.29470792119348205,9.302204160834699e-08
1035,2.0671602961777067,0.17914707390901197,2.2720770058483848e-07
1035,2.0690814488693214,0.15166503105398116,3.912594826811233e-07
1035,2.0710026015609366,0.1343733818692528,1.3724828992633537e-08
1035,2.0729237542525514,0.20227736054585757,5.4863931619741134e-08
1035,2.0748449069441666,0.21435871197306286,2.6539362808591296e-07
1035,2.0767660596357813,0.2292887425458105,2.1999460967026253e-08
1035,2.0786872123273965,0.15010253542318014,5.455375937093906e-08
1035,2.0806083650190113,0.22285542775925993,2.8912365125025655e-08
1035,2.0825295177106264,0.2429122843482283,2.822000552722299e-07
1035,2.084450670402241,0.21873599005097236,5.047025683539761e-08
1035,2.0863718230938564,0.0910869924245185,9.009136771241475e-08
1035,2.088292975785471,0.146266383489076,1.0590597232206948e-08
1035,2.0902141284770863,0.16097225740518603,3.2947333550290254e-07
1035,2.092135281168701,0.11052180977917973,4.820855461578452e-09
1035,2.0940564338603163,0.19867612324665565,1.686788568753563e-07
1035,2.095977586551931,0.11980854057487102,1.9285906779136094e-08
1035,2.097898739243546,0.16271424399886147,2.9251714353001223e-08
1035,2.099819891935161,0.20778785344047118,8.450711534347452e-08
1035,2.101741044626776,0.19899067089294373,1.0769806548976817e-07
1035,2.103662197318391,0.12030833786896664,3.368846859989806e-07
1035,2.105583350010006,0.22450109806755242,1.1461131901928067e-09
1035,2.107504502701621,0.19505766678574332,6.019530114821554e-08
1035,2.109425655393236,0.06270257901099194,1.5385102044040717e-07
1035,2.1113468080848508,0.2078959264001712,8.22775512094853e-08
1035,2.1132679607764655,0.24964717921801993,1.2122656298709763e-07
1035,2.1151891134680807,0.17504721121895328,5.614366527698285e-08
1035,2.1171102661596954,0.21989386540760358,2.766220891853236e-08
1035,2.1190314188513106,0.1913759051761161,8.058958539549934e-08
1035,2.1209525715429254,0.15000371416004912,2.981276919456186e-07
1035,2.1228737242345406,0.17178676563431006,1.424649646801729e-07
1035,2.1247948769261553,0.12807049842634713,7.75990857562193e-08
1035,2.1267160296177705,0.2186768038089675,3.434068103951368e-07
1035,2.1286371823093853,0.17373460258356385,4.6826106249627e-08
1035,2.1305583350010004,0.13379223124066658,5.5127651483156706e-08
1035,2.132479487692615,0.24000206746176517,3.637227418436369e-08
1035,2.1344006403842304,0.25552457834980935,1.704684436243475e-09
1035,2.136321793075845,0.07352397640959205,1.659435475590134e-07
1035,2.1382429457674603,0.21571963581699038,2.4387671967255945e-07
1035,2.140164098459075,0.20199816269268445,1.636979617897176e-07
1035,2.1420852511506903,0.16406246148331916,2.0412423144495583e-07
1035,2.144006403842305,0.2405427521238816,2.601732406042967e-07
1035,2.14592755653392,0.28019708773039714,4.022442390832519e-08
1035,2.147848709225535,0.340017720286765,1.6016001058438675e-07
1035,2.14976986191715,0.23764568965782606,1.729332983052054e-07
1035,2.151691014608765,0.23333672735879635,2.4943674656319516e-07
1035,2.15361216730038,0.1131780173575623,1.0437286598770269e-07
1035,2.155533319991995,0.15511062965427885,3.0517096925582427e-07
1035,2.15745447268361,0.13263042966591532,3.074118994887977e-07
1035,2.1593756253752248,0.09402403806166504,3.2975015643077553e-07
1035,2.16129677806684,0.1412988952005001,2.4201358153237773e-07
1035,2.1632179307584547,0.19017558122068096,9.354635720193008e-08
1035,2.16513908345007,0.21056296920024098,2.8923010923125487e-08
1035,2.1670602361416846,0.13075404357310177,9.381432408013324e-08
1035,2.1689813888333,0.1573958907537775,1.1889916231978457e-08
1035,2.1709025415249146,0.2103726153694973,2.5375418413912842e-08
1035,2.1728236942165298,0.03847843823911341,9.45504325098593e-09
1035,2.1747448469081445,0.09910068228558573,2.6193785042220857e-08
1035,2.1766659995997597,0.15564177126134426,2.8731618086606077e-07
1035,2.1785871522913745,0.2706799584302684,4.42121018573839e-08
1035,2.1805083049829896,0.0600429176792683,1.7793043576471863e-08
1035,2.1824294576746044,0.21780750693438253,1.615464237077095e-07
1035,2.1843506103662196,0.24538409520101834,1.3913772866920415e-08
1035,2.1862717630578343,0.1264600952218071,2.204829748400189e-07
1035,2.1881929157494495,0.1484859620471141,8.240190821204298e-08
1035,2.1901140684410643,0.06793560014909432,1.7153099426863402e-07
1035,2.1920352211326795,0.13821778717861247,2.241442121201262e-07
1035,2.193956373824294,0.23434970756393433,6.749759760961115e-08
1035,2.1958775265159094,0.15040743457371109,1.1243880566440293e-07
1035,2.197798679207524,0.11944209333217654,1.0942891215297938e-07
1035,2.1997198318991393,0.05600004710070869,2.3286852583592106e-07
1035,2.201640984590754,0.21551174563103737,4.024043963987803e-08
1035,2.2035621372823693,0.23540957463323808,7.247637874417066e-09
1035,2.205483289973984,0.12569908869957683,2.382782404797448e-08
1035,2.207404442665599,0.17149499589467723,5.455961654074376e-08
1035,2.209325595357214,0.10164589864090938,9.773048256845297e-08
1035,2.211246748048829,0.276215956284914,2.0281644072187283e-07
1035,2.213167900740444,0.1253081737089292,1.784678107707109e-08
1035,2.215089053432059,0.2149793521352435,3.427832058581875e-08
1035,2.217010206123674,0.2940246414565223,3.748353169002745e-08
1035,2.218931358815289,0.21365634080437967,3.8856002281228506e-08
1035,2.2208525115069038,0.13284664075065786,2.017646502412252e-08
1035,2.222773664198519,0.2021919105482036,5.585316745147174e-08
1035,2.2246948168901337,0.13989945954513017,3.155259123720429e-08
1035,2.226615969581749,0.22303141899429582,3.05898421044958e-08
1035,2.2285371222733636,0.16070452714110914,3.452444371232357e-08
1035,2.230458274964979,0.17727059779369198,9.507998392163345e-08
1035,2.2323794276565936,0.20995805428708303,2.2872499693886255e-08
1035,2.2343005803482088,0.2225784292323659,5.6105548755762845e-08
1035,2.2362217330398235,0.07816838777832925,7.147492362425066e-08
1035,2.2381428857314387,0.1831177799337264,1.6018558408911525e-07
1035,2.2400640384230535,0.15525333433138025,7.88164080026617e-08
1035,2.2419851911146687,0.18771157138347097,3.657479033900745e-08
1035,2.2439063438062834,0.263624062744958,5.6948818319969976e-08
1035,2.2458274964978986,0.29413109103321405,3.7358826180943855e-08
1035,2.2477486491895133,0.09350388230068954,3.382706016685544e-07
1035,2.2496698018811285,0.23175723067960932,9.796131249455311e-08
1035,2.2515909545727433,0.13315468314491724,1.694584814402941e-07
1035,2.2535121072643585,0.14171756384579254,1.3834634415204436e-07
1035,2.255433259955973,0.2337757964864763,5.2004576872467995e-08
1035,2.2573544126475884,0.1340230213458135,1.2881789984142137e-07
1035,2.259275565339203,0.12416017437760839,5.8280863788295597e-08
1035,2.2611967180308183,0.16531703632698957,4.7798550632926635e-08
1035,2.263117870722433,0.16963211578605356,1.368171870714813e-07
1035,2.2650390234140483,0.0829775743269663,1.20118613428523e-08
1035,2.266960176105663,0.028839207956645872,4.923192840260294e-08
1035,2.268881328797278,0.13341184928672487,1.4692341212648136e-08
1035,2.270802481488893,0.09095300474787504,9.951175676236462e-08
1035,2.272723634180508,0.13371027672595073,2.3189572627599127e-08
1035,2.274644786872123,0.06991973660582465,9.560127653633686e-08
1035,2.276565939563738,0.25313398410995275,8.420170002416888e-08
1035,2.278487092255353,0.07759719208307998,3.8765469973480544e-08
1035,2.280408244946968,0.3362290020289914,3.37792944002322e-08
1035,2.282329397638583,0.06462974921357466,6.729309071931477e-08
1035,2.284250550330198,0.1368024660437118,5.398709732467223e-08
1035,2.2861717030218127,0.25347371826088044,1.1272607537830407e-07
1035,2.288092855713428,0.3040338659498651,1.2779101567405943e-07
1035,2.2900140084050427,0.07354390970258408,2.609000566061244e-08
1035,2.291935161096658,0.18577244457780792,8.501952831015928e-07
1035,2.2938563137882726,0.19682472104604684,1.970695659933801e-08
1035,2.295777466479888,0.26831169522253306,8.05969701084959e-09
1035,2.2976986191715025,0.21533778618827898,1.5685240057493918e-08
1035,2.2996197718631177,0.2620506718313325,1.5165273205818115e-08
1035,2.3015409245547325,0.04633442299810634,7.051926040026794e-08
1035,2.3034620772463477,0.30495900674972376,8.404554702912501e-08
1035,2.3053832299379624,0.301327749679261,8.32422578620307e-08
1035,2.3073043826295776,0.27098296838430486,6.40782500907392e-08
1035,2.3092255353211923,0.18008056829424315,8.504011724219472e-08
1035,2.3111466880128075,0.10561421136919778,3.5550968941111866e-08
1035,2.3130678407044223,0.22071249432312273,2.6039685229196235e-07
1035,2.3149889933960375,0.155575629647486,8.818294944664721e-08
1035,2.3169101460876522,0.23879857828193807,2.5932228910646763e-08
1035,2.3188312987792674,0.14380453281174857,4.146126746747676e-08
1035,2.320752451470882,0.11159660599479466,1.436220439575636e-08
1035,2.3226736041624974,0.19353258287905736,2.6617249084473546e-07
1035,2.324594756854112,0.17656121664372054,1.8214359337502722e-08
1035,2.3265159095457273,0.1321114395894362,5.805312100109378e-08
1035,2.328437062237342,0.14377053316106464,6.823201932858139e-08
1035,2.3303582149289572,0.228075359237747,2.4938333839248353e-07
1035,2.332279367620572,0.24161476590107328,1.704201380297262e-07
1035,2.334200520312187,0.1439143999312483,4.135124865639551e-08
1035,2.336121673003802,0.2072739305570259,4.2961943635235346e-08
1035,2.338042825695417,0.1442468568497699,3.0657241752180856e-07
1035,2.339963978387032,0.09010488451731621,6.909580640262201e-08
1035,2.341885131078647,0.02576508541677206,1.1165606635946333e-07
1035,2.343806283770262,0.0827616640767196,1.210658044878291e-07
1035,2.345727436461877,0.27172874267184377,6.977416762874805e-08
1035,2.3476485891534917,0.11323867323302877,1.852236149162585e-08
1035,2.349569741845107,0.16924890555186062,3.2271001006019276e-08
1035,2.3514908945367217,0.1726610802637654,6.439131201227808e-08
1035,2.353412047228337,0.24238864959937478,1.6352542611324382e-07
1035,2.3553331999199516,0.042040013210562284,7.621019382809626e-08
1035,2.357254352611567,0.14666451812564751,1.3118806410688658e-07
1035,2.3591755053031815,0.2607683550709834,1.035215502941617e-07
1035,2.3610966579947967,0.21333636335535963,9.738534456160316e-08
1035,2.3630178106864115,0.16636452925717468,1.04962887448609e-07
1035,2.3649389633780267,0.1635446944907598,9.871568049992771e-08
1035,2.3668601160696414,0.13410407390483658,5.014328351281518e-07
1035,2.3687812687612566,0.25382532386056783,1.645411905516481e-08
1035,2.3707024214528714,0.24680332799711027,6.473286722298907e-08
1035,2.3726235741444865,0.2562587536571615,4.304524439191105e-07
1035,2.3745447268361013,0.21673364760827404,2.0008473162805392e-07
1035,2.3764658795277165,0.13130256328671713,2.3591680065072682e-08
1035,2.3783870322193312,0.1372609529594662,2.306045130739559e-07
1035,2.3803081849109464,0.1481356334332338,5.9502099289245685e-08
1035,2.382229337602561,0.23592045867759873,4.229068590066014e-08
1035,2.3841504902941764,0.20000706676582433,3.4972369687573905e-08
1035,2.386071642985791,0.1321661279168791,1.6459833889564756e-10
1035,2.3879927956774063,0.18770539721596405,3.5937991636593926e-08
1035,2.389913948369021,0.2556246724416317,2.8567470466863207e-08
1035,2.3918351010606362,0.10846573523206958,1.3598507642140688e-08
1035,2.393756253752251,0.15635661448647212,4.8608737221141636e-08
1035,2.395677406443866,0.2768040223778658,4.5557916851298046e-08
1035,2.397598559135481,0.20750176340645368,2.2716365696231673e-07
1035,2.399519711827096,0.19006419914774875,8.51087609398374e-08
1035,2.401440864518711,0.1898290603294614,1.548337554472031e-07
1035,2.403362017210326,0.06539117075215363,4.723171050027753e-09
1035,2.405283169901941,0.12195588580492922,1.0778863531713227e-07
1035,2.407204322593556,0.21165343454676383,1.2698352184081784e-09
1035,2.4091254752851707,0.19730820409137176,7.352733581668638e-08
1035,2.411046627976786,0.2825111618631404,1.2039309042917775e-08
1035,2.4129677806684007,0.14799306428551556,6.1175622330494e-08
1035,2.414888933360016,0.10310918154289025,1.0404377229608363e-07
1035,2.4168100860516306,0.01736922843532542,2.7031720681031464e-08
1035,2.418731238743246,0.12628569315492533,2.8375528634964127e-07
1035,2.4206523914348606,0.2849936347488377,3.4061198271863344e-08
1035,2.4225735441264757,0.31177043210349165,9.921892215575069e-08
1035,2.4244946968180905,0.23995419654007052,1.5246105334688224e-07
1035,2.4264158495097057,0.08924279087379071,1.9570351561575074e-08
1035,2.4283370022013204,0.11457808535030602,8.527320606104451e-09
1035,2.4302581548929356,0.18901473146056832,8.983177881551249e-08
1035,2.4321793075845504,0.14144328060082068,1.0637982379237542e-07
1035,2.4341004602761656,0.15021350790466845,4.073452775417242e-08
1035,2.4360216129677803,0.1703030060449261,3.0118427708627815e-07
1035,2.4379427656593955,0.14767460315646624,1.5591834444289197e-07
1035,2.4398639183510102,0.11910368570852754,4.516278808278228e-08
1035,2.4417850710426254,0.11385386668326028,3.886251645515332e-08
1035,2.44370622373424,0.10475745927023626,2.007503071981017e-07
1035,2.4456273764258554,0.19356914637119613,2.114033838309602e-07
1035,2.44754852911747,0.24620952027586,2.724827927404194e-08
1035,2.4494696818090853,0.1690212924642032,2.1722457350251791e-07
1035,2.4513908345007,0.08817917529595543,1.162985827465195e-07
1035,2.4533119871923152,0.13454353566538282,3.4216742221748837e-08
1035,2.45523313988393,0.23947159479524713,1.9688411124548228e-07
1035,2.457154292575545,0.0948379090363434,1.368435553793766e-07
1035,2.45907544526716,0.1699672395462131,8.575297223400161e-09
1035,2.460996597958775,0.12922955604409997,8.845266560368394e-09
1035,2.46291775065039,0.1676826869308858,4.483531671761947e-08
1035,2.464838903342005,0.03653698324877692,4.2506827598202056e-08
1035,2.46676005603362,0.17225063208627195,1.6860843445042127e-07
1035,2.468681208725235,0.02926475902412867,3.0619088528843253e-09
1035,2.4706023614168497,0.12048266616086817,2.1569652347336123e-08
1035,2.472523514108465,0.028543999982384743,1.054717293872754e-07
1035,2.4744446668000797,0.20242438208607866,1.372327026041823e-07
1035,2.476365819491695,0.15309007452085568,2.836652592307499e-07
1035,2.4782869721833096,0.2455802113882677,1.907778557976724e-08
1035,2.480208124874925,0.20520295445390882,6.837199561664685e-08
1035,2.4821292775665396,0.1924557670597396,1.0886250937093162e-07
1035,2.4840504302581548,0.22073577186972843,5.755024533440635e-09
1035,2.4859715829497695,0.1556158778781126,1.4211866746280124e-08
1035,2.4878927356413847,0.15486425731958586,3.1471634079944834e-07
1035,2.4898138883329994,0.2049033479956429,1.0740787922775058e-07
1035,2.4917350410246146,0.2000183531823079,1.9589919816755628e-08
1035,2.4936561937162294,0.23613924570809208,2.982635518114671e-08
1035,2.4955773464078446,0.2532800781121093,9.157002535759184e-08
1035,2.4974984990994593,0.03700510178171924,2.45335168351253e-07
1035,2.4994196517910745,0.14871104654543904,1.6257378688175847e-07
1035,2.5013408044826893,0.15752832219240384,3.978549209304391e-07
1035,2.5032619571743044,0.3377911659738683,2.0127066547039856e-07
1035,2.505183109865919,0.21481407131487368,4.240005017896081e-08
1035,2.5071042625575344,0.22574897421193302,9.07849251620739e-08
1035,2.509025415249149,0.10611713437068353,4.602276405052999e-08
1035,2.5109465679407643,0.07846464427597868,1.2017432196166983e-07
1035,2.512867720632379,0.12249044074505709,9.97737707920974e-08
1035,2.5147888733239943,0.17944469393744375,1.509598681670609e-08
1035,2.516710026015609,0.28967340341483805,5.3423778483864585e-08
1035,2.518631178707224,0.1121756788627513,1.1875010961417789e-07
1035,2.520552331398839,0.29062517892080214,2.522738171165546e-09
1035,2.522473484090454,0.2679197481689972,9.500390731242285e-08
1035,2.524394636782069,0.140751597014207,1.5384489375703292e-09
1035,2.526315789473684,0.19420038640298495,4.99586010177066e-08
1035,2.528236942165299,0.2288046491489944,6.909128799029589e-08
1035,2.530158094856914,0.2323464181434572,2.081137824333479e-08
1035,2.5320792475485288,0.1686957324905799,1.2019211597201712e-07
1035,2.534000400240144,0.15446937715505862,1.6135504006693714e-07
1035,2.5359215529317587,0.11945414032811826,1.6160417252018555e-07
1035,2.537842705623374,0.2091575615798224,1.2386900734183701e-07
1035,2.5397638583149886,0.3241075659916704,1.0102567816733003e-08
1035,2.541685011006604,0.26120485860713993,8.312233665863572e-08
1035,2.5436061636982186,0.1928136082642562,2.4129754520756713e-07
1035,2.5455273163898338,0.12042452238224835,8.414375714443525e-08
1035,2.5474484690814485,0.20974852223091112,3.6960231638481033e-08
1035,2.5493696217730637,0.14732961405867714,2.2475008814968427e-07
1035,2.5512907744646784,0.05721576669552942,9.731596828278956e-08
1035,2.5532119271562936,0.20831462654487065,2.644114673003029e-09
1035,2.5551330798479084,0.10955973668854026,7.690150789837064e-08
1035,2.5570542325395236,0.11166810151335199,3.6215114864471146e-08
1035,2.5589753852311383,0.1544611606770288,1.0165412363369635e-08
1035,2.5608965379227535,0.23688163230081333,1.7434381074514633e-07
1035,2.5628176906143683,0.02346011979388577,1.738903496463008e-08
1035,2.5647388433059835,0.02447864469172046,1.7059147765053536e-07
1035,2.566659995997598,0.19575423299991004,5.1107347887808356e-08
1035,2.5685811486892134,0.14838435607095204,1.8223580687523833e-07
1035,2.570502301380828,0.08436793972776632,2.256339746618525e-07
1035,2.5724234540724433,0.1530646045053018,3.059786770726475e-07
1035,2.574344606764058,0.11736452839795505,6.399836129698439e-09
1035,2.5762657594556733,0.17454951046490974,1.0898843577848626e-07
1035,2.578186912147288,0.17221755667599256,2.0800164105448495e-07
1035,2.580108064838903,0.18178618508617495,1.311198779388535e-09
1035,2.582029217530518,0.16094046673771173,7.75851959070041e-08
1035,2.583950370222133,0.14821550070520953,2.421099534675953e-11
1035,2.585871522913748,0.190063830470353,1.471975137623645e-07
1035,2.587792675605363,0.1988810585204015,4.942471612819348e-09
1035,2.589713828296978,0.17003190292758477,4.431168451117426e-08
1035,2.591634980988593,0.1648116999323836,1.5486419545825843e-07
1035,2.5935561336802078,0.11870631935487616,1.7888333869697747e-08
1035,2.595477286371823,0.08051312640267903,1.951981362211965e-07
1035,2.5973984390634377,0.12031068939563644,7.797709195957183e-08
1035,2.599319591755053,0.06225537976883315,3.5951833466312654e-08
1035,2.6012407444466676,0.11146755179160987,7.727018372942023e-08
1035,2.603161897138283,0.15516455056419176,1.8313914447004906e-08
1035,2.6050830498298976,0.18679624316484592,7.832917174134377e-08
1035,2.6070042025215128,0.13629205263775815,5.043524706417851e-08
1035,2.6089253552131275,0.18057886229501866,3.193693458403593e-08
1035,2.6108465079047427,0.15192574491485983,6.553575167136532e-09
1035,2.6127676605963575,0.14087515735294187,8.753123564502064e-08
1035,2.6146888132879726,0.17435476711828798,6.14518836531634e-08
1035,2.6166099659795874,0.22327002922528413,1.0037395890632102e-07
1035,2.6185311186712026,0.15117434548289232,5.020476295750113e-08
1035,2.6204522713628173,0.06589534786327263,7.070611312792437e-08
1035,2.6223734240544325,0.0716138620253575,2.6991208081933087e-08
1035,2.6242945767460473,0.03413363850723017,1.301488517920614e-07
1035,2.6262157294376625,0.2158286873140784,5.502974420998068e-08
1035,2.628136882129277,0.249655056053419,4.145941350040172e-08
1035,2.6300580348208924,0.16792819424072167,5.049098169874596e-08
1035,2.631979187512507,0.020808986380305212,6.803515219248319e-08
1035,2.6339003402041223,0.06645538787242627,7.780203999133657e-09
1035,2.635821492895737,0.13797208656121898,1.6497077796416747e-08
1035,2.6377426455873523,0.10279409416901009,5.686274846048931e-08
1035,2.639663798278967,0.0940403397193742,3.002079743588675e-08
1035,2.641584950970582,0.19349551253253439,1.8786234329126615e-08
1035,2.643506103662197,0.18094946219203686,2.2331586079467924e-08
1035,2.645427256353812,0.3194526292639622,1.6307363203555774e-07
1035,2.647348409045427,0.15756649819469165,4.980204661008336e-08
1035,2.649269561737042,0.18659129444130376,3.0767682951904797e-07
1035,2.651190714428657,0.12693828023354206,9.05837808887523e-08
1035,2.653111867120272,0.16626064153134687,7.38614375414783e-08
1035,2.6550330198118868,0.07607287318948797,1.4508186804880246e-07
1035,2.656954172503502,0.12215788995161649,1.987306091883852e-07
1035,2.6588753251951167,0.051741793379483404,2.994193707273623e-09
1035,2.660796477886732,0.05516890151327956,1.3057046722745094e-07
1035,2.6627176305783467,0.11698137224079044,9.521969984754671e-08
1035,2.664638783269962,0.060188253737211435,2.50023519513821e-07
1035,2.6665599359615766,0.05333731941561582,8.25016324796851e-08
1035,2.668481088653192,0.12635323445060181,8.501625177225158e-08
1035,2.6704022413448065,0.09002142576055333,2.000583140991025e-07
1035,2.6723233940364217,0.17279648529716785,6.39355520467302e-08
1035,2.6742445467280365,0.12815617815856417,1.0079077082681695e-07
1035,2.6761656994196517,0.10755618395912285,2.0639999912461466e-07
1035,2.6780868521112664,0.30198326684551713,4.0949288963885984e-08
1035,2.6800080048028816,0.22294582381052785,3.11728319954206e-08
1035,2.6819291574944963,0.17797941351044283,7.869293294700795e-08
1035,2.6838503101861115,0.1434832507051334,7.953922017149157e-08
1035,2.6857714628777263,0.10740316616633955,5.21223360867108e-08
1035,2.6876926155693415,0.12879971202137258,2.5891096368274363e-07
1035,2.689613768260956,0.07053356672833648,3.9368494123476735e-08
1035,2.6915349209525714,0.12773186991148533,1.851524301022169e-07
1035,2.693456073644186,0.24318401453472435,4.488781423163247e-08
1035,2.6953772263358013,0.09649688339044372,1.572749368536059e-07
1035,2.697298379027416,0.08944660320674928,1.0220999250783443e-07
1035,2.6992195317190313,0.05111207979882344,3.4330483253208277e-07
1035,2.701140684410646,0.11798162660095197,1.6592489102722676e-07
1035,2.7030618371022612,0.21237275986883208,2.0299538130666904e-08
1035,2.704982989793876,0.16749490838656267,9.538174789519394e-09
1035,2.706904142485491,0.1536644543416046,1.422718890688214e-07
1035,2.708825295177106,0.12481335264192658,8.847358843244276e-08
1035,2.710746447868721,0.0708827234909256,2.9453875390664337e-08
1035,2.712667600560336,0.07801464004912301,1.1640713079647641e-07
1035,2.714588753251951,0.044754318215490446,5.190983652622065e-07
1035,2.716509905943566,0.17145458403172825,5.247414696910536e-07
1035,2.718431058635181,0.3081495860014729,1.667072062490165e-08
1035,2.7203522113267957,0.10370906578540759,2.9441559421004164e-07
1035,2.722273364018411,0.2820148515439689,1.1579166166089843e-07
1035,2.7241945167100257,0.21128270981022282,3.207455583748829e-07
1035,2.726115669401641,0.05401887344392459,5.107841015914454e-08
1035,2.7280368220932556,0.12285588637830595,1.2192903724511562e-07
1035,2.729957974784871,0.23074295625270833,1.858768585295314e-07
1035,2.7318791274764855,0.2466240637548979,7.238022210807893e-08
1035,2.7338002801681007,0.1486247558115194,7.222509290509129e-08
1035,2.7357214328597155,0.016632633945094528,3.6603813639246856e-08
1035,2.7376425855513307,0.17716785637917012,8.949601387984253e-08
1035,2.7395637382429454,0.18782850222135697,3.2815022719815157e-07
1035,2.7414848909345606,0.08015044150114758,1.0849262700956953e-07
1035,2.7434060436261754,0.19526927686585754,5.453434125534662e-09
1035,2.7453271963177905,0.05176217851082611,3.761517305524744e-07
1035,2.7472483490094053,0.18023930910619598,1.0278057373491857e-07
1035,2.7491695017010205,0.050420533294839524,1.1163943486704898e-08
1035,2.7510906543926352,0.10616775918224548,2.3003213995081535e-07
1035,2.7530118070842504,0.2211496173611927,2.5228819975266355e-07
1035,2.754932959775865,0.08552839998514711,2.4684899617841283e-08
1035,2.7568541124674804,0.030509740436495472,7.017138789269079e-08
1035,2.758775265159095,0.12992994086886436,7.938174284382969e-08
1035,2.7606964178507103,0.19390954965231572,1.7149038841193694e-07
1035,2.762617570542325,0.15681354285892432,6.726671194002687e-08
1035,2.7645387232339402,0.10829113377348785,4.208591435511289e-08
1035,2.766459875925555,0.08977608957552229,4.342098131945696e-08
1035,2.76838102861717,0.11726450373600518,3.1188963693876374e-08
1035,2.770302181308785,0.1287981610846987,8.943674894182293e-10
1035,2.7722233340004,0.1037975889448376,4.9867983951229036e-08
1035,2.774144486692015,0.16823077037798678,2.7405063053135465e-08
1035,2.77606563938363,0.13789726824024187,3.879899524111216e-08
1035,2.777986792075245,0.06836475170430233,8.753884389277534e-09
1035,2.77990794476686,0.1318400901205704,2.6058291601112775e-07
1035,2.7818290974584747,0.20123044839172238,1.5301544994240604e-07
1035,2.78375025015009,0.06256159322356587,2.224502696471803e-08
1035,2.7856714028417047,0.23015311046169842,2.9054494074999604e-08
1035,2.78759255553332,0.20300107510671642,3.764911342084201e-07
1035,2.7895137082249346,0.15053400252183466,2.3077543218307714e-08
1035,2.79143486091655,0.16182634587459777,1.0001779081327451e-07
1035,2.7933560136081645,0.132142507135898,4.620784782715965e-08
1035,2.7952771662997797,0.23078001686115887,1.630276476662642e-08
1035,2.7971983189913945,0.12384623698234189,8.04298802812634e-08
1035,2.7991194716830097,0.1885541687914806,1.559046649982552e-07
1035,2.8010406243746244,0.17752725850765594,2.393851842162873e-08
1035,2.8029617770662396,0.21256712467337202,8.456448232003567e-08
1035,2.8048829297578544,0.04873421505870082,1.0236212273290375e-07
1035,2.8068040824494696,0.13493844303839847,9.861802129378836e-08
1035,2.8087252351410843,0.22470463087489415,1.6388651272965988e-07
1035,2.8106463878326995,0.10617593094080437,1.8493674325992662e-07
1035,2.8125675405243142,0.07813793896180488,1.112363350460504e-07
1035,2.8144886932159294,0.12379094478332872,1.497475078304179e-07
1035,2.816409845907544,0.19116406451527398,6.866779012037981e-09
1035,2.8183309985991594,0.23171544439299563,1.2049124492935613e-07
1035,2.820252151290774,0.15951155991624175,7.2262176193052965e-09
1035,2.8221733039823893,0.1396513637623251,3.956832462422894e-08
1035,2.824094456674004,0.12809126963101097,8.680921478168601e-08
1035,2.8260156093656192,0.11830171126771094,2.416862810624091e-08
1035,2.827936762057234,0.09479028805836807,6.182704116531e-08
1035,2.829857914748849,0.02925575275296074,1.059715107755883e-08
1035,2.831779067440464,0.1217080861879868,1.9189860668457898e-08
1035,2.833700220132079,0.3272905863974769,1.4910535725950062e-07
1035,2.835621372823694,0.08046592090182296,9.415042476521792e-09
1035,2.837542525515309,0.1433661852086952,2.47568275644121e-07
1035,2.839463678206924,0.16129126649754624,2.4295883632128194e-07
1035,2.841384830898539,0.11015744336965382,4.1209860184592714e-07
1035,2.8433059835901537,0.12911093509678526,1.7104213138169712e-08
1035,2.845227136281769,0.09354324287991846,2.454152726422294e-07
1035,2.8471482889733837,0.29572421403887184,9.968688834253606e-08
1035,2.849069441664999,0.12224473517589982,2.0802646525478347e-08
1035,2.8509905943566136,0.09897275161890544,4.2927151431133873e-07
1035,2.852911747048229,0.11163923875070114,1.8099111659629768e-08
1035,2.8548328997398436,0.11930191268714872,9.136998307764882e-09
1035,2.8567540524314587,0.12717364287563063,2.4887686953614275e-07
1035,2.8586752051230735,0.22607424189124142,4.1660132957182497e-07
1035,2.8605963578146887,0.21429258049511177,7.789729343282135e-08
1035,2.8625175105063034,0.14600881448598174,1.304967874297553e-07
1035,2.8644386631979186,0.19666690302295173,2.0266464158932875e-07
1035,2.8663598158895334,0.19841457711688143,5.1188296937392804e-08
1035,2.8682809685811486,0.0911731037956316,9.266357499731867e-08
1035,2.8702021212727633,0.1918613796622319,5.0640023297835544e-08
1035,2.8721232739643785,0.32805454653902427,6.913986530714805e-08
1035,2.8740444266559932,0.24291234861300662,7.881658110891696e-08
1035,2.8759655793476084,0.1223971336244259,8.834873338000295e-08
1035,2.877886732039223,0.19749938267848277,1.2901413934492595e-07
1035,2.8798078847308384,0.08641902357372416,1.1538826492754681e-07
1035,2.881729037422453,0.11428669204710157,2.445281994865841e-08
1035,2.8836501901140683,0.09646661478500974,4.229077440295908e-09
1035,2.885571342805683,0.18329819239018652,6.96823738182153e-08
1035,2.8874924954972983,0.06566070334160934,5.726048826877835e-08
1035,2.889413648188913,0.12832871461832984,6.726659348713304e-08
1035,2.891334800880528,0.26141506805840503,5.496922476772623e-08
1035,2.893255953572143,0.20855351306061853,9.853297423846606e-08
1035,2.895177106263758,0.09594682429719198,8.939246555391369e-08
1035,2.897098258955373,0.138476026831115,9.123988076848046e-09
1035,2.899019411646988,0.050562309877498726,1.8161880429067594e-07
1035,2.900940564338603,0.16616492867378524,6.313920944636987e-08
1035,2.902861717030218,0.15388738529737206,1.3985204607566032e-08
1035,2.9047828697218327,0.05400056585720114,3.910429049935327e-08
1035,2.906704022413448,0.2630791682328493,2.1870454696498892e-07
1035,2.9086251751050627,0.21820873913921096,2.6437610143534437e-07
1035,2.910546327796678,0.14316879310076377,6.694035425852891e-08
1035,2.9124674804882926,0.1892436535747864,9.319846783055813e-08
1035,2.914388633179908,0.12200377716399892,7.228093850561698e-08
1035,2.9163097858715226,0.17603626021728522,4.819051983546021e-07
1035,2.9182309385631378,0.12797142051731902,4.081176014082593e-08
1035,2.9201520912547525,0.1223022614295626,2.4610573629743096e-08
1035,2.9220732439463677,0.11459468732123197,1.0215155277265008e-07
1035,2.9239943966379824,0.19201923895445747,2.6437273362753716e-08
1035,2.9259155493295976,0.11153442419850289,1.127569800091698e-07
1035,2.9278367020212124,0.10282072126528168,5.231835827549448e-08
1035,2.9297578547128276,0.16648812620400982,1.8847317835631646e-07
1035,2.9316790074044423,0.19447482495513244,6.977592142100852e-08
1035,2.9336001600960575,0.2516481848868115,2.123716777181237e-09
1035,2.9355213127876723,0.1235217248408059,1.0236263543010549e-07
1035,2.9374424654792874,0.24978110395570305,2.0391856152905123e-07
1035,2.939363618170902,0.05990797800614508,2.433102442211734e-07
1035,2.9412847708625174,0.059906028916647286,1.5656336230909078e-07
1035,2.943205923554132,0.06929494245275157,8.561448641595928e-08
1035,2.9451270762457473,0.18625561187115564,3.8023093592008124e-08
1035,2.947048228937362,0.1430504110271836,5.758041393537832e-09
1035,2.9489693816289773,0.2439228880330795,7.351465985139416e-08
1035,2.950890534320592,0.07670986252713992,4.230917308535434e-09
1035,2.952811687012207,0.15400911586124022,9.332309901383701e-08
1035,2.954732839703822,0.18643441165842428,2.5745789321196065e-08
1035,2.956653992395437,0.13615252108222456,3.876132856115288e-08
1035,2.958575145087052,0.08106907682733863,4.4116434996801574e-07
1035,2.960496297778667,0.09761319173273744,1.4894542290716545e-08
1035,2.962417450470282,0.11798471742089944,4.199193730647092e-09
1035,2.964338603161897,0.06518572233531711,1.073080090267427e-07
1035,2.9662597558535118,0.09923240039154725,9.529921433922736e-09
1035,2.968180908545127,0.03651266774186675,6.440501381884223e-08
1035,2.9701020612367417,0.07499691532686766,1.55571435420038e-07
1035,2.972023213928357,0.10487891326828844,1.0384110504590459e-07
1035,2.9739443666199716,0.16369291093918156,2.0115411241506606e-07
1035,2.975865519311587,0.17786779107446382,8.924086767306092e-08
1035,2.9777866720032016,0.0680977033394278,7.129058638592234e-08
1035,2.9797078246948168,0.16808535046186812,1.3022144711621001e-08
1035,2.9816289773864315,0.09978882031974186,1.1934219296880983e-07
1035,2.9835501300780467,0.15966128491966589,1.4020893900430557e-07
1035,2.9854712827696614,0.2052354115194473,5.330574128182388e-07
1035,2.9873924354612766,0.17674259167814405,2.7725541026007724e-09
1035,2.9893135881528914,0.09755510482883649,3.772983976083219e-07
1035,2.9912347408445066,0.23955033370912607,5.829110612957828e-08
1035,2.9931558935361213,0.1469489973148532,2.125874574668164e-08
1035,2.9950770462277365,0.19370053558464795,1.2029823532479803e-07
1035,2.9969981989193513,0.19356156517448936,1.1795330329052835e-08
1035,2.9989193516109665,0.33110474599491896,3.612616110685489e-07
1035,3.000840504302581,0.16132498986897523,5.1266064818950454e-08
1035,3.0027616569941964,0.3164217066701363,2.3301313285866064e-07
1035,3.004682809685811,0.15772486799033802,4.290005775988076e-08
1035,3.0066039623774263,0.12383355472728232,2.4290126271264266e-07
1035,3.008525115069041,0.18883501668219402,2.431801188551371e-07
1035,3.0104462677606563,0.038531078939544425,4.2144777123593366e-08
1035,3.012367420452271,0.06393019291692041,1.9608757388700926e-07
1035,3.014288573143886,0.17267079254020756,8.519280939368118e-08
1035,3.016209725835501,0.12165905129875886,1.9255975890093187e-07
1035,3.018130878527116,0.1155785070336197,1.221844907946895e-08
1035,3.020052031218731,0.16547511258966577,4.118109882886118e-08
1035,3.021973183910346,0.14950547922020702,6.053058559633212e-08
1035,3.023894336601961,0.13520230849211584,1.3244369614657733e-07
1035,3.025815489293576,0.09371801205214095,5.83914452584898e-09
1035,3.0277366419851908,0.1310737913231638,5.081803769140291e-08
1035,3.029657794676806,0.08489853479883291,9.47266200010864e-08
1035,3.0315789473684207,0.139294478429071,6.7560886801814e-08
1035,3.033500100060036,0.2646897541662632,6.264143662475941e-08
1035,3.0354212527516506,0.10629890075605146,2.048059057008581e-08
1035,3.037342405443266,0.280685606899263,5.531222149705876e-08
1035,3.0392635581348806,0.10216632512998146,1.5855954842433358e-08
1035,3.0411847108264958,0.15039248761913585,1.5541298827367372e-07
1035,3.0431058635181105,0.18752000925745432,4.8274406028238904e-08
1035,3.0450270162097257,0.20425203239251144,1.6149790110731486e-07
1035,3.0469481689013405,0.1890079300832738,5.131938538928492e-08
1035,3.0488693215929557,0.13802130676171978,3.6002216301544705e-08
1035,3.0507904742845704,0.2221603533109997,1.6471437573243562e-08
1035,3.0527116269761856,0.2592721396054838,3.303776551292421e-08
1035,3.0546327796678003,0.12231939692319083,1.2970782464578793e-07
1035,3.0565539323594155,0.21628066879924587,2.499823219900346e-07
1035,3.0584750850510303,0.20932521044729774,2.3039526649832762e-07
1035,3.0603962377426455,0.1541267649169528,3.219815049319795e-08
1035,3.06231739043426,0.07272406566368203,6.542007513749905e-08
1035,3.0642385431258754,0.0746635644260939,1.0263809128759077e-08
1035,3.06615969581749,0.07905389059059437,2.259979914225559e-09
1035,3.0680808485091053,0.08681899893154647,2.0059733892864035e-07
1035,3.07000200120072,0.20060433542324388,5.7667428518941604e-08
1035,3.0719231538923353,0.28748808931729997,2.772570094194108e-08
1035,3.07384430658395,0.09404843649352712,1.2736480329383057e-07
1035,3.075765459275565,0.18356477708378877,4.252545475951367e-08
1035,3.07768661196718,0.12049781309844805,7.413523162395778e-09
1035,3.079607764658795,0.16365253588420672,4.9943053432218435e-09
1035,3.08152891735041,0.17057121446322454,2.560183983680282e-07
1035,3.083450070042025,0.17370602830146342,8.823362661021981e-08
1035,3.08537122273364,0.16492700231634524,3.7574965599988584e-08
1035,3.087292375425255,0.19924769081055055,1.0887675661981528e-07
1035,3.08921352811687,0.06976328395096543,1.018999864256476e-07
1035,3.091134680808485,0.11224611224754323,1.1006278924130101e-07
1035,3.0930558335000997,0.05292289741567311,4.412323452885199e-08
1035,3.094976986191715,0.08914376268000167,5.603164660964857e-08
1035,3.0968981388833297,0.21852044660386688,7.855977042668944e-09
1035,3.098819291574945,0.27774293619101803,4.913945928737883e-07
1035,3.1007404442665596,0.2613106842163062,1.5800850246793286e-07
1035,3.102661596958175,0.038790223664093675,1.1200649056326841e-07
1035,3.1045827496497895,0.17386292324289268,1.8914107732488033e-07
1035,3.1065039023414047,0.16481602725574307,3.3295992958324115e-07
1035,3.1084250550330195,0.021214344584425435,9.615738179069821e-08
1035,3.1103462077246347,0.0836819087649355,1.6494490315369738e-08
1035,3.1122673604162494,0.11547594721657452,8.474051450796219e-08
1035,3.1141885131078646,0.05385336859216147,2.481447201836409e-08
1035,3.1161096657994793,0.18625744686264523,4.896882554266789e-08
1035,3.1180308184910945,0.13676087793103742,3.9201762812668914e-07
1035,3.1199519711827093,0.1491183042440115,3.0550539344119834e-07
1035,3.1218731238743245,0.13945547424321453,2.87421509893802e-07
1035,3.123794276565939,0.12056166247123795,2.3886075743172243e-08
1035,3.1257154292575544,0.07431186623230505,1.7580918457485767e-07
1035,3.127636581949169,0.0804612943456126,1.798452013063613e-07
1035,3.1295577346407843,0.17261430078604276,5.5592175578086294e-08
1035,3.131478887332399,0.11011502887632249,1.5917570613681595e-07
1035,3.1334000400240143,0.16560890355132812,5.541840331225312e-08
1035,3.135321192715629,0.1004842243749369,2.216717662025787e-07
1035,3.1372423454072442,0.0888057960841887,8.110488445821346e-08
1035,3.139163498098859,0.12266301933880043,2.657470196113627e-08
1035,3.141084650790474,0.13559490759848647,5.607742644629033e-08
1035,3.143005803482089,0.27035910871680996,1.8446148572667379e-07
1035,3.144926956173704,0.10595206050561423,3.498569287747152e-08
1035,3.146848108865319,0.14919484721570567,1.170237794590685e-08
1035,3.148769261556934,0.12317601652199564,9.732908056473697e-08
1035,3.150690414248549,0.2418676112529001,1.3586500124325353e-07
1035,3.152611566940164,0.18196313899314803,1.2418943495929146e-07
1035,3.1545327196317787,0.14786447427291602,1.9688728437763392e-07
1035,3.156453872323394,0.2036582845371589,1.1033689995144331e-08
1035,3.1583750250150087,0.15530408427172437,1.4325910468203533e-07
1035,3.160296177706624,0.0873371590267426,2.3811218278228618e-07
1035,3.1622173303982386,0.14830501611440172,1.2562622806666427e-08
1035,3.164138483089854,0.06504691398697346,5.379146440939615e-08
1035,3.1660596357814685,0.10068178658459498,1.766878146582824e-07
1035,3.1679807884730837,0.19812770490813836,1.0499894434208128e-08
1035,3.1699019411646985,0.22635173714939727,5.047628320736702e-08
1035,3.1718230938563137,0.1605967793003346,1.80262842389378e-07
1035,3.1737442465479284,0.020949217906912877,3.554577269682078e-08
1035,3.1756653992395436,0.03973479138396366,1.6130551571478065e-08
1035,3.1775865519311584,0.0670177576818012,7.419669312933059e-09
1035,3.1795077046227735,0.05929106890154369,7.326208880786092e-08
1035,3.1814288573143883,0.047474210238609094,6.851789710999489e-08
1035,3.1833500100060035,0.01666250022923505,1.1191993489110288e-08
1035,3.1852711626976182,0.1851199078560523,2.4747020087099302e-08
1035,3.1871923153892334,0.09981856956962086,3.0973663583495096e-07
1035,3.189113468080848,0.012134480336336906,3.1504957213762685e-07
1035,3.1910346207724634,0.18732346151583312,1.251938117158434e-07
1035,3.192955773464078,0.2680393876510492,7.989565569140664e-08
1035,3.1948769261556933,0.11566951319527384,4.2613048922190413e-08
1035,3.196798078847308,0.20599551132171004,7.231833642200782e-08
1035,3.1987192315389232,0.09942682119497384,1.4051590969075727e-07
1035,3.200640384230538,0.21496505090354007,1.508993581069962e-08
1035,3.202561536922153,0.12412046059622767,5.9507720859933645e-08
1035,3.204482689613768,0.17859429717505879,1.9061013470353738e-07
1035,3.206403842305383,0.07728278311800216,1.5756021460745378e-07
1035,3.208324994996998,0.14585097810718944,1.0962623708042999e-07
1035,3.210246147688613,0.07669426837566383,4.266871191764291e-07
1035,3.212167300380228,0.05377412355871031,6.025404288887087e-08
1035,3.214088453071843,0.12872408592515486,1.8520058269369826e-07
1035,3.2160096057634577,0.14142241060411162,4.1178946136910876e-08
1035,3.217930758455073,0.12761337899186104,1.9973411361000264e-09
1035,3.2198519111466877,0.1742028739544257,2.707266016800225e-08
1035,3.221773063838303,0.07854479943890805,6.859361108690316e-08
1035,3.2236942165299176,0.0709879709476757,1.5243380272113026e-07
1035,3.225615369221533,0.10147139056413772,5.832472914187848e-08
1035,3.2275365219131475,0.08212921126864692,1.9979369540429468e-07
1035,3.2294576746047627,0.04624495481026745,1.3722066707388387e-07
1035,3.2313788272963775,0.09941245365440823,2.3761838042733686e-07
1035,3.2332999799879927,0.08586153826904899,2.1704571115122108e-09
1035,3.2352211326796074,0.13232503732027764,2.945650481132886e-07
1035,3.2371422853712226,0.17496827118633076,5.22811127769615e-08
1035,3.2390634380628374,0.10318432216586934,1.5305142335935472e-07
1035,3.2409845907544526,0.23904951290033125,5.912277734508306e-08
1035,3.2429057434460673,0.09314101577334567,9.868837898088898e-08
1035,3.2448268961376825,0.15554860722374148,1.064763228892949e-07
1035,3.2467480488292972,0.16863643097970485,1.304979148655965e-07
1035,3.2486692015209124,0.05308091458790842,1.9927046763089496e-08
1035,3.250590354212527,0.16811886119172575,6.894961721115222e-08
1035,3.2525115069041424,0.1356549595171591,3.129083087000978e-08
1035,3.254432659595757,0.2324348631876314,1.8032053779984472e-08
1035,3.2563538122873723,0.2598155221953075,4.066627810084968e-08
1035,3.258274964978987,0.2076342386674785,1.1664605907344769e-08
1035,3.2601961176706022,0.1283513005917208,2.5604294545941735e-08
1035,3.262117270362217,0.019344567736370506,4.2510463845955297e-08
1035,3.264038423053832,0.1600871885526353,1.6783814143392732e-08
1035,3.265959575745447,0.1917542926020197,4.243489261448159e-08
1035,3.267880728437062,0.10864641653504604,3.2986850337472665e-08
1035,3.269801881128677,0.10810821281841398,3.300596149188562e-08
1035,3.271723033820292,0.12889198778178726,9.100533760444625e-08
1035,3.273644186511907,0.20077086416991893,3.2576189407476314e-08
1035,3.275565339203522,0.2634531400174043,6.994472587823798e-08
1035,3.2774864918951367,0.2372732417826059,3.780998756001484e-08
1035,3.279407644586752,0.23068361030752874,2.7874088910377225e-07
1035,3.2813287972783667,0.2158771141918363,3.7430470375363566e-08
1035,3.283249949969982,0.20147319932996452,1.2728361248149377e-07
1035,3.2851711026615966,0.15707506589925105,5.831282666234144e-07
1035,3.287092255353212,0.08533993496831449,1.5884328881482473e-07
1035,3.2890134080448266,0.21307849876009308,3.927601176244297e-08
1035,3.2909345607364417,0.08189363107097851,1.4145241406290237e-07
1035,3.2928557134280565,0.05729659926056539,2.0493067499289849e-07
1035,3.2947768661196717,0.17904430225096193,5.916646738998989e-09
1035,3.2966980188112864,0.04257672589498818,9.501450439463996e-10
1035,3.2986191715029016,0.0860743835492426,4.662240866221127e-07
1035,3.3005403241945164,0.11478160166970287,1.9240522327935808e-07
1035,3.3024614768861316,0.029128826177909246,7.234670660799874e-08
1035,3.3043826295777463,0.06913603994271736,1.1648239359972808e-07
1035,3.3063037822693615,0.03748400676707892,8.179967513237317e-09
1035,3.3082249349609762,0.16448936764849267,2.6414115634978675e-07
1035,3.3101460876525914,0.04141195356371554,1.0245926789623523e-07
1035,3.312067240344206,0.011837577191359793,7.51745067055563e-08
1035,3.3139883930358214,0.056007564487383615,2.616163652552524e-07
1035,3.315909545727436,0.060779893252046566,1.590271229259939e-07
1035,3.3178306984190513,0.04555451568896405,6.334954467111594e-08
1035,3.319751851110666,0.10592662836103561,1.1465095212366872e-08
1035,3.3216730038022813,0.08932839526018091,1.7067142924706424e-07
1035,3.323594156493896,0.1076593543280348,1.6964591753768339e-07
1035,3.325515309185511,0.10436903022802022,1.6720348977949203e-11
1035,3.327436461877126,0.06265413562069633,8.493518322393485e-08
1035,3.329357614568741,0.11601897810985767,2.0363015028334252e-07
1035,3.331278767260356,0.13003914299561328,1.0752999020036206e-07
1035,3.333199919951971,0.16781696366423696,8.496055390388047e-09
1035,3.335121072643586,0.1784903957691943,2.7587201545868073e-07
1035,3.337042225335201,0.19111789807550342,4.326177456215841e-08
1035,3.3389633780268158,0.12708917731355038,5.1404225650867605e-08
1035,3.340884530718431,0.0756968127241029,3.668110122712834e-08
1035,3.3428056834100457,0.1030336330758929,1.6032009468283108e-07
1035,3.344726836101661,0.028187153366678895,1.235714089773381e-07
1035,3.3466479887932756,0.12153251726916553,1.7400801632864038e-09
1035,3.348569141484891,0.018536729176881383,1.2020499739453275e-07
1035,3.3504902941765056,0.03425864074327718,1.760542079503747e-07
1035,3.3524114468681208,0.22655632533650538,3.711199788936626e-08
1035,3.3543325995597355,0.10002182883143078,4.5770547536794304e-08
1035,3.3562537522513507,0.10735146514684282,6.134327977909311e-08
1035,3.3581749049429654,0.08383457976711826,4.3404161807854603e-07
1035,3.3600960576345806,0.22567466950361825,7.030615412700299e-08
1035,3.3620172103261954,0.08560601760357131,3.02005156524815e-07
1035,3.3639383630178106,0.0527147841178953,3.707629021292377e-08
1035,3.3658595157094253,0.19485463277878115,7.512244481991332e-08
1035,3.3677806684010405,0.039234616238415954,2.5353670746004344e-07
1035,3.3697018210926553,0.009653438081958562,1.8999819816806797e-09
1035,3.3716229737842704,0.11279343110372796,1.8503899736140382e-07
1035,3.373544126475885,0.08692350496202694,6.982214574973945e-09
1035,3.3754652791675004,0.13824013502085666,2.6546806498077175e-08
1035,3.377386431859115,0.0234191962542108,5.514258314029354e-08
1035,3.3793075845507303,0.02536550427117142,1.722258275639375e-08
1035,3.381228737242345,0.17043984083345068,1.5523370647138682e-07
1035,3.3831498899339603,0.14480473645588648,2.3865313856809242e-08
1035,3.385071042625575,0.25363949725168833,3.893254520826717e-08
1035,3.38699219531719,0.08399061330074413,4.628712393640881e-09
1035,3.388913348008805,0.030794314438841154,3.256881787492046e-08
1035,3.39083450070042,0.14649702119352717,4.1861904002478164e-08
1035,3.392755653392035,0.06271254775143102,1.4923788903841834e-07
1035,3.39467680608365,0.16348262074912612,1.916757781991234e-09
1035,3.396597958775265,0.15082631964073637,1.1101553784204135e-07
1035,3.39851911146688,0.12494585465075657,2.999001881766235e-08
1035,3.4004402641584948,0.13531888139819823,7.287679214486709e-08
1035,3.40236141685011,0.06272664186188333,1.2006022897004544e-07
1035,3.4042825695417247,0.15907082812509066,1.384129513302927e-07
1035,3.40620372223334,0.16335432433487657,6.674269815412256e-08
1035,3.4081248749249546,0.17710163287641134,2.482462971377559e-07
1035,3.41004602761657,0.18448720025514828,3.951764258391409e-08
1035,3.4119671803081846,0.16573167719568968,2.9239039014087598e-08
1035,3.4138883329997998,0.12137593932199855,2.77656014952357e-07
1035,3.4158094856914145,0.09422248987831146,1.1778599434204497e-07
1035,3.4177306383830297,0.1203640015322535,2.871245036111453e-08
1035,3.4196517910746445,0.060200084675333075,3.438086780773159e-07
1035,3.4215729437662596,0.20888149271210343,1.1553704266852623e-08
1035,3.4234940964578744,0.1944340102925713,1.1806282457098561e-07
1035,3.4254152491494896,0.08909583146173958,1.6802381963731386e-07
1035,3.4273364018411043,0.20196913514678497,9.419478044614177e-08
1035,3.4292575545327195,0.15001755944724113,9.15669602763666e-08
1035,3.4311787072243343,0.09174510682584634,1.6883662539089158e-07
1035,3.4330998599159495,0.05905099759274406,1.2552530810685592e-07
1035,3.435021012607564,0.1750913457054342,9.866689353081404e-08
1035,3.4369421652991794,0.1315190418216157,3.49115861226856e-08
1035,3.438863317990794,0.09563557856062942,2.4358451883591706e-07
1035,3.4407844706824093,0.17601218161651597,1.309999922115296e-08
1035,3.442705623374024,0.07238398797381214,5.031070058238281e-07
1035,3.4446267760656393,0.024575114409965734,5.44000101276048e-07
1035,3.446547928757254,0.13969058862516776,4.979319122113003e-09
1035,3.448469081448869,0.1633681293564393,3.990987777962801e-09
1035,3.450390234140484,0.07925619162214145,2.0079975594634328e-07
1035,3.452311386832099,0.19850607372563034,2.2468852962235605e-08
1035,3.454232539523714,0.1794733053533185,9.018830089927305e-08
1035,3.456153692215329,0.1305514607953407,4.079340199128864e-07
1035,3.458074844906944,0.08135271905949414,2.944458234638034e-07
1035,3.459995997598559,0.0805668137284387,3.7014956543277653e-07
1035,3.4619171502901738,0.21466792559794054,3.209331879132634e-08
1035,3.463838302981789,0.05705736709609979,7.439752541030621e-08
1035,3.4657594556734037,0.04736924664540099,1.3492585226549916e-07
1035,3.467680608365019,0.10866994036983778,7.018550530929269e-09
1035,3.4696017610566336,0.06257257411963292,5.998221750174172e-08
1035,3.471522913748249,0.22541371722439094,8.440196599906322e-08
1035,3.4734440664398636,0.11013277506003184,2.160722587802265e-07
1035,3.4753652191314788,0.037873646636806084,2.9077397421087115e-07
1035,3.4772863718230935,0.2043907547858866,1.0651630793248371e-07
1035,3.4792075245147087,0.047734012161327534,1.1889597560316852e-07
1035,3.4811286772063235,0.1418342981934984,2.0886153812798684e-07
1035,3.4830498298979387,0.20028663951753148,1.4372168666609559e-07
1035,3.4849709825895534,0.052758282607830685,4.6935990264323686e-08
1035,3.4868921352811686,0.14952253994996495,2.3466206420644277e-07
1035,3.4888132879727833,0.18008212444758825,1.623139083183276e-07
1035,3.4907344406643985,0.13623217625084966,1.877991379636234e-08
1035,3.4926555933560133,0.12390912792523262,2.9184816315254602e-08
1035,3.4945767460476285,0.07996595739505775,3.989742830939783e-08
1035,3.496497898739243,0.07540067048454109,3.610193531730049e-07
1035,3.4984190514308584,0.19123181931229713,4.5997718409796157e-08
1035,3.500340204122473,0.14834806021566757,7.039430082545583e-08
1035,3.5022613568140883,0.12875586520264048,3.67971516487093e-07
1035,3.504182509505703,0.03324726135342827,3.25433791947539e-07
1035,3.5061036621973183,0.05559789005294966,5.7420114229928275e-08
1035,3.508024814888933,0.06104991765932792,1.9912323430620466e-08
1035,3.509945967580548,0.1369016593139102,8.173673482267935e-08
1035,3.511867120272163,0.006435969054899951,1.0550350630008376e-07
1035,3.513788272963778,0.16461812309403756,1.6740455547396195e-07
1035,3.515709425655393,0.05836678906463019,1.060357193280808e-07
1035,3.517630578347008,0.08057422818861674,5.5200008876809696e-08
1035,3.519551731038623,0.07945562313358215,5.667147031492955e-09
1035,3.521472883730238,0.02747291379988859,4.715062571403753e-08
1035,3.523394036421853,0.11353882111272963,4.619888522117116e-07
1035,3.525315189113468,0.12071537355566063,3.066115180428672e-08
1035,3.5272363418050827,0.2473456604311811,3.305943768071385e-08
1035,3.529157494496698,0.07933877247371231,1.4278554894496139e-08
1035,3.5310786471883127,0.13901990145333154,2.6359699073386017e-08
1035,3.532999799879928,0.17167011565708387,3.078402836353575e-08
1035,3.5349209525715426,0.0879673043950488,8.603370440154166e-08
1035,3.536842105263158,0.0383949340889135,1.5534889577269047e-07
1035,3.5387632579547725,0.1099715131110435,9.584374817901061e-08
1035,3.5406844106463877,0.27719625545436405,8.881464908259072e-08
1035,3.5426055633380025,0.06590838848021424,2.631152985658486e-07
1035,3.5445267160296177,0.15356878985623984,5.028951514836563e-08
1035,3.5464478687212324,0.2144465692465824,2.1003314717702084e-08
1035,3.5483690214128476,0.14129488680300886,3.03705552169116e-08
1035,3.5502901741044623,0.058416413357664225,2.014783208236731e-08
1035,3.5522113267960775,0.09706951753808095,4.6009355169431063e-08
1035,3.5541324794876923,0.184006909871069,2.2117093468625933e-08
1035,3.5560536321793075,0.08975333856133304,4.7668322882312805e-09
1035,3.5579747848709222,0.17732581063332797,3.958543497298977e-07
1035,3.5598959375625374,0.09146492601537334,6.488188779883767e-08
1035,3.561817090254152,0.08299439355587343,2.4146740560000902e-08
1035,3.5637382429457674,0.1495975061725541,8.198644695873238e-08
1035,3.565659395637382,0.1509570774266115,8.628634630050542e-09
1035,3.5675805483289973,0.232483771518406,4.201504096264926e-08
1035,3.569501701020612,0.06975711009982365,1.5353313144848674e-07
1035,3.5714228537122272,0.25087595202503304,2.3580275797510232e-07
1035,3.573344006403842,0.18288872837673723,9.187747169378879e-09
1035,3.575265159095457,0.06838375637212118,5.693654904865035e-08
1035,3.577186311787072,0.14915633071832063,7.41464017565243e-08
1035,3.579107464478687,0.14895844088749838,3.082694975669478e-08
1035,3.581028617170302,0.14780220330626503,3.0313324259352514e-08
1035,3.582949769861917,0.03381152055890869,1.4088309042747338e-07
1035,3.584870922553532,0.0241304179092261,1.5098016334313008e-09
1035,3.586792075245147,0.26379296911253725,2.244131947335156e-08
1035,3.5887132279367617,0.12542705317101294,2.849978336965464e-07
1035,3.590634380628377,0.06293450580545677,1.5904547532653055e-07
1035,3.5925555333199917,0.09520752746765988,1.23015108327412e-07
1035,3.594476686011607,0.0601392139690767,2.4211483641847346e-07
1035,3.5963978387032216,0.07961452957695965,3.541434989659332e-07
1035,3.598318991394837,0.07870451706079913,1.4596781621471564e-08
1035,3.6002401440864515,0.03572465906544567,4.2111031504200656e-08
1035,3.6021612967780667,0.14335035876501143,3.62432396343779e-07
1035,3.6040824494696815,0.08782568030335809,1.675446540130553e-07
1035,3.6060036021612967,0.11018123644705625,2.0982998327902643e-07
1035,3.6079247548529114,0.1556410513663569,1.4591357017842145e-07
1035,3.6098459075445266,0.059675048566877394,1.1552467439655161e-07
1035,3.6117670602361414,0.15891707783385714,2.3844491098024183e-07
1035,3.6136882129277565,0.11322593589242753,1.78503562888353e-07
1035,3.6156093656193713,0.13885929231169233,2.5813784000794396e-07
1035,3.6175305183109865,0.046560264563569896,1.0314107400865419e-07
1035,3.6194516710026012,0.07617882934363797,4.771642943183415e-07
1035,3.6213728236942164,0.1206758942885248,1.0345121165546618e-07
1035,3.623293976385831,0.02755357634235857,2.1789750712500125e-08
1035,3.6252151290774464,0.1560213593958693,1.3605316731946822e-07
1035,3.627136281769061,0.1272721431547895,1.7085279020473983e-07
1035,3.6290574344606763,0.07009160745621981,1.651642349590584e-07
1035,3.630978587152291,0.25547747826827993,1.0511080792063973e-08
1035,3.6328997398439062,0.21274829419663618,3.345162928150169e-08
1035,3.634820892535521,0.2508070317318775,5.6331601511424965e-09
1035,3.636742045227136,0.018662820874155724,5.912183147417261e-09
1035,3.638663197918751,0.12683644151166495,7.561273919255786e-08
1035,3.640584350610366,0.13358093565243262,2.0859963093117782e-07
1035,3.642505503301981,0.06218325538061392,1.2992711585527559e-08
1035,3.644426655993596,0.1312587350677073,1.0384712962197954e-07
1035,3.646347808685211,0.11579801274942557,3.569430916679618e-08
1035,3.648268961376826,0.16240444463208983,1.6842292634120936e-08
1035,3.6501901140684407,0.047322573974140004,3.652890686686038e-08
1035,3.652111266760056,0.1572446604105509,9.550187609793133e-08
1035,3.6540324194516707,0.12947645782020076,8.93330891339634e-08
1035,3.655953572143286,0.06843713836441333,3.2296403126082535e-08
1035,3.6578747248349006,0.1332897280680334,2.1666881490789173e-08
1035,3.659795877526516,0.10778380085450914,6.542915929962772e-08
1035,3.6617170302181306,0.06967823708161557,1.4126727771049694e-07
1035,3.6636381829097457,0.142982583063277,1.6531612309065054e-07
1035,3.6655593356013605,0.09402069890417841,4.097743971170683e-08
1035,3.6674804882929757,0.1888540666991537,2.7037518758910973e-08
1035,3.6694016409845904,0.025152646734942944,1.292340822207421e-07
1035,3.6713227936762056,0.11552648710121943,3.1352050048826266e-08
1035,3.6732439463678204,0.08354650215987561,6.341343844333698e-08
1035,3.6751650990594356,0.0679392193932313,8.538787544578978e-08
1035,3.6770862517510503,0.07031542419267534,8.109203066846374e-08
1035,3.6790074044426655,0.029198241779386284,1.1059516270351663e-07
1035,3.6809285571342802,0.08212020848074927,8.53819895067229e-08
1035,3.6828497098258954,0.2009240707615408,1.1483984826419747e-07
1035,3.68477086251751,0.0926532545774589,1.7193038681052935e-07
1035,3.6866920152091254,0.16480506776575313,1.4682153270811246e-07
1035,3.68861316790074,0.1561545593329672,1.8442849598938733e-07
1035,3.6905343205923553,0.08399342653633052,3.0764892564508386e-08
1035,3.69245547328397,0.023461056709087547,5.827768737897116e-08
1035,3.6943766259755852,0.04251032315863364,3.62270591439203e-08
1035,3.6962977786672,0.18941954664226643,8.580826663962958e-08
1035,3.698218931358815,0.2495964449940361,2.561273739603336e-08
1035,3.70014008405043,0.09522428411979239,4.9923589373090004e-08
1035,3.702061236742045,0.07876178403656012,3.8922183075727436e-07
1035,3.70398238943366,0.10032179576139953,1.296259216110705e-07
1035,3.705903542125275,0.08612950370157489,3.108907363160135e-08
1035,3.70782469481689,0.14916256141417872,3.623088657810051e-08
1035,3.709745847508505,0.08141628967879957,1.1783890555331935e-07
1035,3.7116670002001197,0.1227337228702712,7.823855244720939e-09
1035,3.713588152891735,0.17470211738515778,1.751450154176601e-07
1035,3.7155093055833497,0.21967692100580954,5.711844021750403e-07
1035,3.717430458274965,0.08606039268636384,4.5783360047232685e-07
1035,3.7193516109665796,0.08253052834891256,2.703424479254039e-08
1035,3.721272763658195,0.10688056559102549,5.983154081842711e-08
1035,3.7231939163498096,0.22087664015171277,8.87539652622241e-09
1035,3.7251150690414248,0.04262141564355481,8.246012848329839e-08
1035,3.7270362217330395,0.13361023786908627,8.23514572770634e-08
1035,3.7289573744246547,0.11954153245776283,1.205042196663667e-07
1035,3.7308785271162694,0.11348151493642562,3.585081141217156e-08
1035,3.7327996798078846,0.07074024666020219,6.191656501391164e-08
1035,3.7347208324994994,0.20744548950860772,1.7139050942358426e-07
1035,3.7366419851911146,0.2525757596796333,1.393567725354996e-07
1035,3.7385631378827293,0.14064183346566284,1.2842069127479805e-07
1035,3.7404842905743445,0.1919844996548199,4.272809570077278e-09
1035,3.7424054432659593,0.11057840990711201,4.6963196775248485e-07
1035,3.7443265959575744,0.2201152336294209,1.0067945107133335e-07
1035,3.746247748649189,0.025281701404706113,1.3487326417169916e-07
1035,3.7481689013408044,0.10163166149179888,1.2557644193058202e-08
1035,3.750090054032419,0.04784709065804753,2.0381945465677438e-07
1035,3.7520112067240343,0.16450162824177925,4.5310284666307494e-08
1035,3.753932359415649,0.06965276605658377,1.1083553161746971e-08
1035,3.7558535121072643,0.10590224247668048,5.561964532239658e-08
1035,3.757774664798879,0.07436033193980769,2.1345251262291787e-08
1035,3.759695817490494,0.13683931529788781,9.985002486680579e-08
1035,3.761616970182109,0.035904011129325585,1.0542304720795456e-07
1035,3.763538122873724,0.19863452459807787,3.099381526290496e-08
1035,3.765459275565339,0.07607587821025012,1.222041053825272e-08
1035,3.767380428256954,0.07133653649640492,6.282757665591499e-08
1035,3.769301580948569,0.1495782722111863,1.568949861138885e-08
1035,3.771222733640184,0.03458436736379346,1.7529107920628145e-07
1035,3.7731438863317988,0.02326110039084968,1.9839504814565845e-07
1035,3.775065039023414,0.13971307393798885,3.951094878662742e-08
1035,3.7769861917150287,0.19573276798396363,9.399862597383012e-08
1035,3.778907344406644,0.17483297225506178,1.1126008948731788e-09
1035,3.7808284970982586,0.17949493098758124,1.7228165566325965e-07
1035,3.782749649789874,0.1327172968682067,5.907481218324012e-08
1035,3.7846708024814886,0.2673437417535851,8.76491339423983e-09
1035,3.7865919551731038,0.12621772153116498,4.533871121692891e-08
1035,3.7885131078647185,0.20510238245481863,5.67712720640406e-09
1035,3.7904342605563337,0.11900294948266767,2.1064976988374323e-07
1035,3.7923554132479484,0.21991554360675886,6.347159468070306e-08
1035,3.7942765659395636,0.0908318492784022,1.8589844271788954e-07
1035,3.7961977186311784,0.049257796958085014,9.234944195494334e-08
1035,3.7981188713227936,0.09700908880257042,2.664300823979038e-07
1035,3.8000400240144083,0.1715052047803711,4.10775782845906e-08
1035,3.8019611767060235,0.0931782348129608,2.2090073472253623e-08
1035,3.8038823293976383,0.02944163474759049,4.303402377144521e-08
1035,3.8058034820892535,0.1505134000315269,2.381605070487921e-08
1035,3.807724634780868,0.20315376204309954,6.43947314194043e-07
1035,3.8096457874724834,0.10867440274159,9.614665933700456e-09
1035,3.811566940164098,0.09886507658669105,7.49035871675218e-08
1035,3.8134880928557133,0.1822917796106172,2.995179338824444e-07
1035,3.815409245547328,0.12090045733647227,2.296527121570174e-07
1035,3.8173303982389433,0.04355118236504808,9.39873204485507e-08
1035,3.819251550930558,0.05441871224312137,1.0452774611740143e-07
1035,3.821172703622173,0.09603871633125256,4.9694359459755514e-08
1035,3.823093856313788,0.02676375219581384,2.8134430295516882e-08
1035,3.825015009005403,0.054801584003671924,3.8190600510581024e-08
1035,3.826936161697018,0.04306631139203476,1.9726246388412986e-07
1035,3.828857314388633,0.18265943855199593,5.888390669067433e-08
1035,3.830778467080248,0.20719389699483756,1.9010772275115455e-08
1035,3.832699619771863,0.1318996938749386,2.0970479823237832e-08
1035,3.8346207724634778,0.1133951673127389,7.964291226243326e-08
1035,3.836541925155093,0.052758564136248805,6.119747012586515e-08
1035,3.8384630778467077,0.12490639329242022,2.8841478402888543e-07
1035,3.840384230538323,0.10387809530388048,1.4003695555265414e-08
1035,3.8423053832299376,0.03422551706551028,2.219722487882683e-08
1035,3.844226535921553,0.14495074192996832,1.6871284419942e-08
1035,3.8461476886131676,0.02597023361317998,4.349859575475471e-08
1035,3.8480688413047828,0.17831745959006606,9.30977951644932e-08
1035,3.8499899939963975,0.12463181965567129,2.7273668541148998e-08
1035,3.8519111466880127,0.12620496428871625,1.015974009932088e-08
1035,3.8538322993796275,0.1895130504708823,7.486287603026154e-08
1035,3.8557534520712426,0.1229409139369431,1.459763781741587e-07
1035,3.8576746047628574,0.10822835674788515,7.505048274859283e-08
1035,3.8595957574544726,0.02812454228032589,8.555553590178547e-08
1035,3.8615169101460873,0.19166540135391766,5.8887556024054626e-08
1035,3.8634380628377025,0.07557286874497389,1.814854509527692e-07
1035,3.8653592155293173,0.058873574662939424,1.1007310347816052e-08
1035,3.8672803682209325,0.014828965353289864,1.4525859431177609e-08
1035,3.869201520912547,0.15862833075150395,5.0089955351211666e-08
1035,3.8711226736041624,0.1173777920551096,3.566561237612617e-08
1035,3.873043826295777,0.11877274483715272,1.2505392629231303e-08
1035,3.8749649789873923,0.032772285336484464,6.463834556471107e-09
1035,3.876886131679007,0.07297075977420854,7.157760493552785e-08
1035,3.8788072843706223,0.11525579692603337,2.4154258238141245e-07
1035,3.880728437062237,0.09110607907548689,8.016115211858837e-08
1035,3.882649589753852,0.09368775231958061,2.944584743486595e-08
1035,3.884570742445467,0.09502184149568701,8.756842957313177e-08
1035,3.886491895137082,0.09367799686588944,6.90086742937638e-08
1035,3.888413047828697,0.0774519960062956,5.100802741754186e-08
1035,3.890334200520312,0.15085579601850607,1.138741657797125e-08
1035,3.892255353211927,0.06055418536617281,2.980563729431016e-07
1035,3.894176505903542,0.05677362211680934,2.6268985080812866e-08
1035,3.8960976585951568,0.20599948955450417,3.080752957562382e-08
1035,3.898018811286772,0.14341030962053655,7.733840297653404e-08
1035,3.8999399639783867,0.1345029110187919,3.4512195277889088e-09
1035,3.901861116670002,0.2258630487936733,1.3795664332154268e-07
1035,3.9037822693616167,0.0981757969288052,1.5707317516786024e-07
1035,3.905703422053232,0.12778627908175805,2.1151202234297647e-07
1035,3.9076245747448466,0.26477403376943787,1.854104010014405e-08
1035,3.909545727436462,0.14042802370232435,1.0170150302907892e-07
1035,3.9114668801280765,0.14576586203940117,1.5339613058368863e-07
1035,3.9133880328196917,0.08167369574753688,3.807782914598834e-08
1035,3.9153091855113065,0.19401075845145582,3.826864170698437e-08
1035,3.9172303382029217,0.1306583544296177,5.2925974744981576e-08
1035,3.9191514908945364,0.05070083037602762,1.9296765583516642e-07
1035,3.9210726435861516,0.13153886379289406,2.0335242293855287e-07
1035,3.9229937962777663,0.052625250465108325,1.3675001451227452e-07
1035,3.9249149489693815,0.032637018583063886,1.4018111248964382e-07
1035,3.9268361016609963,0.20293874778318888,1.6136370778489643e-08
1035,3.9287572543526115,0.09500885008016362,1.231178017679749e-07
1035,3.930678407044226,0.07272828583264332,5.593355209793124e-08
1035,3.9325995597358414,0.06872682587883647,4.1374234427423114e-08
1035,3.934520712427456,0.18797842585922372,3.671995789114415e-08
1035,3.9364418651190713,0.15049687055227798,2.0455943233443292e-08
1035,3.938363017810686,0.12423898638308102,4.835107645149781e-08
1035,3.9402841705023013,0.09467139710846349,1.3982917126329893e-07
1035,3.942205323193916,0.18516507601086513,1.74445363401202e-08
1035,3.9441264758855312,0.07045970664517821,5.138753845000329e-08
1035,3.946047628577146,0.13788546071099103,1.8134617077233665e-07
1035,3.947968781268761,0.04656489802137447,1.8205525857430947e-07
1035,3.949889933960376,0.1454022928586988,7.194978038883475e-09
1035,3.951811086651991,0.09453818472543284,1.851108804144256e-07
1035,3.953732239343606,0.11670432518093778,1.6292467809222268e-08
1035,3.955653392035221,0.022286857031714267,1.6481414413199878e-07
1035,3.957574544726836,0.09647377874774705,3.805312850812698e-08
1035,3.959495697418451,0.05725966070830617,1.0791543378443412e-07
1035,3.9614168501100657,0.17140718300277819,3.199755568682234e-08
1035,3.963338002801681,0.03866397282440847,1.7703582679894377e-07
1035,3.9652591554932957,0.21527751492379218,1.356938403721709e-07
1035,3.967180308184911,0.0674245525877536,1.4817582902393136e-07
1035,3.9691014608765256,0.1188800431796895,2.880590443122518e-07
1035,3.971022613568141,0.07814339399650855,4.69123956522307e-08
1035,3.9729437662597555,0.02320953915796607,1.4015915214911036e-08
1035,3.9748649189513707,0.136620317901089,1.990654128834016e-07
1035,3.9767860716429855,0.21729260775147088,3.007772507764579e-08
1035,3.9787072243346007,0.054949708209127326,6.72098381874205e-08
1035,3.9806283770262154,0.1579272581903174,1.4592488173841172e-07
1035,3.9825495297178306,0.03364793612959423,1.0655871950464047e-07
1035,3.9844706824094454,0.06293824911380301,3.458075734513062e-08
1035,3.9863918351010605,0.09617603068605943,5.04561745433806e-08
1035,3.9883129877926753,0.08299164034544383,6.464948706613732e-08
1035,3.9902341404842905,0.08506170809080933,6.718002130138066e-08
1035,3.9921552931759052,0.23105851651753453,2.2581478261732186e-07
1035,3.9940764458675204,0.1258517348266059,1.207321854057391e-07
1035,3.995997598559135,0.24527363848564576,1.8812734642181952e-08
1035,3.9979187512507504,0.07827019688864838,1.6343159396752445e-07
1035,3.999839903942365,0.2146851419079214,7.102719466595891e-07
1035,4.00176105663398,0.0961781111682821,6.088288385321596e-09
1035,4.0036822093255955,0.09293510933926828,2.852023869887628e-08
1035,4.00560336201721,0.10654217927245584,5.6475065743346e-08
1035,4.007524514708825,0.15655387479627356,1.6311436590822254e-07
1035,4.00944566740044,0.22286512001253145,2.3371940746688375e-08
1035,4.011366820092055,0.081801586889218,1.0156798363385676e-07
1035,4.01328797278367,0.17017521411066402,2.996979521295481e-08
1035,4.015209125475285,0.10433474851392766,3.245620562501935e-08
1035,4.0171302781669,0.19631831841841327,1.5804017242226696e-07
1035,4.019051430858515,0.010905079874287687,8.399558329398747e-08
1035,4.0209725835501295,0.17517517918895037,4.4566470925117964e-08
1035,4.022893736241745,0.07398625114729586,5.428987387878841e-07
1035,4.02481488893336,0.09316771733910281,9.648264346869372e-08
1035,4.026736041624975,0.14376295389985932,3.910173956845133e-07
1035,4.028657194316589,0.01274508097665863,3.014771167746491e-08
1035,4.030578347008205,0.04040963433447319,9.99455018439841e-08
1035,4.03249949969982,0.10206359847484088,8.598413995284718e-10
1035,4.034420652391435,0.132858938376091,8.643105744489959e-08
1035,4.036341805083049,0.16432019044132004,3.48565723704521e-07
1035,4.0382629577746645,0.11251224906214169,3.9463494167840405e-09
1035,4.04018411046628,0.06137866159581633,1.3368628866026052e-08
1035,4.042105263157895,0.044092028099655636,3.0898576399376134e-07
1035,4.044026415849509,0.11135999203841013,2.2949329644952867e-08
1035,4.045947568541124,0.08215041022215722,7.326719437061332e-08
1035,4.0478687212327396,0.17552279281019284,7.07515242904081e-08
1035,4.049789873924355,0.1537144492515259,9.443417447578181e-08
1035,4.051711026615969,0.07232059132065531,2.9994785955978126e-08
1035,4.053632179307584,0.1594261551941358,4.973568444431197e-07
1035,4.055553331999199,0.11724410562785088,2.0367781863317418e-08
1035,4.057474484690815,0.1293154862475037,1.9283576279638507e-08
1035,4.059395637382429,0.10135383458775223,3.6568489338755105e-08
1035,4.061316790074044,0.06963478187022512,3.856436382838649e-08
1035,4.063237942765659,0.12378120962283072,2.0734759435050765e-08
1035,4.0651590954572745,0.1138985455503203,3.273581421478369e-08
1035,4.067080248148889,0.07634974406743567,1.426572193323324e-07
1035,4.069001400840504,0.07443290203428378,1.9311550496916797e-07
1035,4.070922553532119,0.08349117371238189,2.8284326390712193e-07
1035,4.072843706223734,0.0790321535925367,1.2581061200570655e-07
1035,4.074764858915349,0.09914690126408753,4.100113714393333e-07
1035,4.076686011606964,0.08996530727648908,5.3379901339836054e-08
1035,4.078607164298579,0.16497880916294572,9.037117026061235e-08
1035,4.080528316990194,0.07834161244326888,1.360145901908913e-07
1035,4.0824494696818086,0.21841072886965912,5.0179700244141385e-08
1035,4.084370622373424,0.08265223500809535,6.8828196412251505e-09
1035,4.086291775065039,0.02462328819879983,3.339268152728878e-08
1035,4.088212927756654,0.10539696322918342,4.418950963833916e-08
1035,4.090134080448268,0.13881716486194193,3.194724832640517e-08
1035,4.092055233139884,0.17067736970826022,2.5935921919038543e-08
1035,4.093976385831499,0.1290654287284552,7.980813284031048e-08
1035,4.095897538523114,0.18375868624125608,3.206635619523018e-08
1035,4.097818691214728,0.2012567188963632,1.8101431360055858e-08
1035,4.0997398439063435,0.1708849552667838,9.725587020222402e-09
1035,4.101660996597959,0.20992705744549808,3.0971358993965954e-08
1035,4.103582149289574,0.12210760191128202,7.901462950091377e-08
1035,4.105503301981188,0.0455681527553895,5.8636154709770285e-08
1035,4.107424454672803,0.1798299562010539,8.816023645941593e-08
1035,4.109345607364419,0.17169089326432127,8.450511633852598e-08
1035,4.111266760056034,0.1071944593528725,1.1662136465073496e-07
1035,4.113187912747648,0.23118598567061877,7.515801433935397e-08
1035,4.115109065439263,0.22299965257217058,5.4459236635223406e-08
1035,4.117030218130878,0.14188327511875498,6.961013359517938e-08
1035,4.118951370822494,0.13540419812968926,1.4976957091392743e-08
1035,4.120872523514108,0.2685530897144636,8.976313503200136e-08
1035,4.122793676205723,0.1771706919297131,2.2560869176107354e-07
1035,4.124714828897338,0.14821845598524971,2.3982691109535337e-08
1035,4.1266359815889535,0.13774663265500306,1.832937711529596e-07
1035,4.128557134280568,0.14177631752594064,1.0244645048833732e-08
1035,4.130478286972183,0.12309195998046274,1.8519258013347696e-07
1035,4.132399439663798,0.06301888037801782,2.2419210526989472e-07
1035,4.134320592355413,0.1485423171655333,1.0809396926008284e-08
1035,4.136241745047028,0.08079567723074861,9.29222253193625e-08
1035,4.138162897738643,0.13723821795954377,1.1759835182200107e-07
1035,4.140084050430258,0.1703786959549657,1.869491504646487e-08
1035,4.142005203121873,0.12467839548695933,1.3505818155711023e-07
1035,4.143926355813488,0.16093836476080192,4.108480456657588e-07
1035,4.145847508505103,0.1948062587940388,1.0865976893395104e-08
1035,4.147768661196718,0.08664425206063982,1.3000232438502456e-07
1035,4.149689813888333,0.06070337585323714,7.187363033906182e-08
1035,4.151610966579947,0.10655558103719105,2.858910098493049e-08
1035,4.153532119271563,0.16221775130056493,1.5635555944673046e-07
1035,4.155453271963178,0.10055855878652267,9.061901330280241e-08
1035,4.157374424654793,0.08668467213959316,2.7960848182488637e-07
1035,4.159295577346407,0.09670161089240746,1.1362531654234865e-07
1035,4.1612167300380225,0.16163081782601524,8.154752121380284e-09
1035,4.163137882729638,0.07301607307943929,7.069801611125473e-08
1035,4.165059035421253,0.1648257198233304,5.2232062821787475e-08
1035,4.166980188112867,0.10015290708494103,2.443084085191315e-08
1035,4.168901340804482,0.13738184219404817,1.1772582586418618e-07
1035,4.170822493496098,0.11278060922145303,1.4859062157677235e-07
1035,4.172743646187713,0.046133935864669455,1.326995980931706e-07
1035,4.174664798879327,0.07128531416234868,3.478575569675834e-08
1035,4.176585951570942,0.12747484540981663,5.2350949085882375e-08
1035,4.1785071042625574,0.00926372451338343,5.438190362523805e-08
1035,4.180428256954173,0.18049379631083767,1.6693680041329465e-08
1035,4.182349409645787,0.08628266806907685,4.104042650763227e-08
1035,4.184270562337402,0.06216908915364529,2.968051765628842e-08
1035,4.186191715029017,0.09810763809729052,3.949868533926755e-08
1035,4.1881128677206325,0.056967322067227426,5.555807324300281e-08
1035,4.190034020412247,0.1417390327008288,5.8770576174054274e-08
1035,4.191955173103862,0.05717702243824038,2.557602730714027e-07
1035,4.193876325795477,0.11976583383341033,1.77425074517619e-08
1035,4.195797478487092,0.12082698778214883,3.4555559252104393e-07
1035,4.197718631178707,0.18007256397569982,6.997710432367765e-08
1035,4.199639783870322,0.24392471868564852,6.544723226611055e-08
1035,4.201560936561937,0.13045580959073078,1.749194887525036e-08
1035,4.203482089253552,0.1805406773671076,1.5365375215946367e-07
1035,4.205403241945167,0.14466788296906352,1.9106222292783947e-08
1035,4.207324394636782,0.03918277502060769,1.2913035290283577e-08
1035,4.209245547328397,0.1106038040875682,1.6108043183605647e-07
1035,4.211166700020012,0.13959697964499226,1.4791908462048576e-07
1035,4.2130878527116264,0.1376487239997926,4.554959327281199e-09
1035,4.215009005403242,0.10382104024610045,3.2074572918214525e-07
1035,4.216930158094857,0.13825953475292738,2.0420137362091053e-07
1035,4.218851310786472,0.12382947011441213,3.5923760166806775e-08
1035,4.220772463478086,0.12484281805405595,6.078837915088709e-08
1035,4.2226936161697015,0.12824553005538408,1.3105024476410162e-08
1035,4.224614768861317,0.07898487977204457,5.097331705331086e-09
1035,4.226535921552931,0.036370256647037094,1.4642163264956132e-07
1035,4.228457074244546,0.05644952547163678,2.0419237296879753e-08
1035,4.230378226936161,0.18391733049683986,5.7657674159736216e-09
1035,4.232299379627777,0.14211663820872628,2.8570800075948892e-08
1035,4.234220532319391,0.06634296092655559,1.0975233103813445e-07
1035,4.236141685011006,0.179983017026648,1.199456963075921e-07
1035,4.238062837702621,0.09057804665638354,1.1395513795045502e-07
1035,4.2399839903942365,0.0899957368611649,4.368051949342837e-07
1035,4.241905143085851,0.05156822504088315,8.23377279578928e-08
1035,4.243826295777466,0.04295541444255306,2.942136204716935e-08
1035,4.245747448469081,0.06864059987687213,6.63999894860323e-08
1035,4.247668601160696,0.0647049169615879,2.5768577499965526e-08
1035,4.249589753852311,0.06162731307822546,4.244138646100466e-08
1035,4.251510906543926,0.11022160424053028,1.8102439992337506e-07
1035,4.253432059235541,0.05958335604236308,3.7818941652170226e-08
1035,4.255353211927156,0.0711147402256594,3.950493027271273e-07
1035,4.2572743646187705,0.18120043421339962,1.2293818235155317e-07
1035,4.259195517310386,0.16217874119079195,1.4691272173897986e-08
1035,4.261116670002001,0.017414411489969316,1.1753594332946986e-08
1035,4.263037822693616,0.0607641310095701,1.982682506132264e-08
1035,4.26495897538523,0.12637916957771464,1.010679683362105e-07
1035,4.266880128076846,0.17188710817831412,5.977703417387808e-09
1035,4.268801280768461,0.18159031084369076,2.1827361438950506e-08
1035,4.270722433460076,0.14735824628808364,2.0686495118097852e-07
1035,4.27264358615169,0.09705583647586116,4.464785390589758e-08
1035,4.2745647388433055,0.07425659355660855,1.3267654957013446e-07
1035,4.276485891534921,0.07646044631013642,6.060901619646649e-07
1035,4.278407044226536,0.16173450273934264,6.163572677773116e-08
1035,4.28032819691815,0.0345240714300355,2.192887188319871e-07
1035,4.282249349609765,0.05259450678673519,1.8666605509815622e-07
1035,4.2841705023013805,0.1538772415087088,1.5008867662595148e-07
1035,4.286091654992996,0.1022625521255413,3.21162758934734e-07
1035,4.28801280768461,0.1667289298151459,2.3676571830197368e-07
1035,4.289933960376225,0.0963924676488694,5.0713938282179167e-08
1035,4.29185511306784,0.05525679211997316,1.1373400048444332e-07
1035,4.293776265759456,0.1301108383465903,3.0210594482529816e-08
1035,4.29569741845107,0.04263528460800083,8.426820283498942e-08
1035,4.297618571142685,0.12698235378074374,1.1703938085735702e-07
1035,4.2995397238343,0.08968488259428241,1.66453837310831e-08
1035,4.3014608765259155,0.21616902508162072,2.6969091511123757e-07
1035,4.30338202921753,0.21002808013943536,3.0767453051614325e-07
1035,4.305303181909145,0.22240949677814267,6.740908191020826e-08
1035,4.30722433460076,0.1385407523692226,4.743497917096693e-08
1035,4.309145487292375,0.1001034218294795,2.2231068108157297e-08
1035,4.31106663998399,0.11776116348980367,1.7896935171795263e-08
1035,4.312987792675605,0.09652114759517738,9.635368106881436e-08
1035,4.31490894536722,0.11176793375659236,2.6758808335134207e-08
1035,4.316830098058835,0.09295342220298723,3.313520579348483e-07
1035,4.3187512507504495,0.20416618660213526,3.680091250677498e-08
1035,4.320672403442065,0.029536249886370998,2.2223696239544887e-07
1035,4.32259355613368,0.0925572748922885,1.3780327752561923e-07
1035,4.324514708825295,0.10604096758944415,9.334958629277893e-09
1035,4.326435861516909,0.03748542811325798,2.525871336372258e-07
1035,4.328357014208525,0.047577501539265724,6.677960783938543e-08
1035,4.33027816690014,0.10616860484209076,3.699164115252049e-08
1035,4.332199319591755,0.11989723088397186,1.703125654320175e-08
1035,4.334120472283369,0.11382283531876418,1.2033656357770085e-07
1035,4.3360416249749845,0.08991089281420993,1.7868508117570108e-09
1035,4.3379627776666,0.06738109776399852,3.8404942313844474e-08
1035,4.339883930358215,0.06573897780492247,7.504181954730414e-08
1035,4.341805083049829,0.06863390181585696,2.269813514743748e-08
1035,4.343726235741444,0.12167225685042293,3.2172332287144203e-07
1035,4.3456473884330595,0.21190178123447534,9.058808567107558e-08
1035,4.347568541124675,0.11998102188979703,3.438814848450009e-07
1035,4.349489693816289,0.016456175723142407,2.173977183937847e-07
1035,4.351410846507904,0.17035932763840073,6.504686564252914e-08
1035,4.353331999199519,0.11009400010141575,1.3533365099639142e-07
1035,4.355253151891135,0.19110119145981747,1.7720806487812073e-07
1035,4.357174304582749,0.10616311971452912,3.333123867301043e-07
1035,4.359095457274364,0.06507907066761029,1.2958173191358022e-08
1035,4.361016609965979,0.05704036665012077,7.36304564218853e-08
1035,4.3629377626575945,0.029697902656370543,1.2000284675338468e-07
1035,4.364858915349209,0.07596746693164769,8.672624826304901e-08
1035,4.366780068040824,0.08455234492520892,6.105700893388576e-08
1035,4.368701220732439,0.04441854424829752,1.57690457413882e-07
1035,4.370622373424054,0.009720116124388455,1.2958516115723653e-07
1035,4.372543526115669,0.08198258930593964,8.886046346260162e-08
1035,4.374464678807284,0.04857804816623607,3.9418404998570165e-08
1035,4.376385831498899,0.05936361189588863,1.4713931386570005e-07
1035,4.378306984190514,0.2014215985718307,1.0545617344126513e-08
1035,4.3802281368821285,0.10180697882704479,1.7815977829585052e-07
1035,4.382149289573744,0.15612960453321678,3.566107188961174e-08
1035,4.384070442265359,0.07555528267893871,4.901036978965633e-09
1035,4.385991594956974,0.07764157912377262,2.4616222175574857e-08
1035,4.387912747648588,0.07141624817688162,1.6419164307614513e-07
1035,4.389833900340204,0.1594284458197146,4.026706632933093e-08
1035,4.391755053031819,0.06252754647294469,2.025746228691174e-08
1035,4.393676205723434,0.1784193375110943,2.1589192808264723e-08
1035,4.395597358415048,0.07402512978785733,4.43479380415622e-08
1035,4.3975185111066635,0.1382664931486942,1.942618028166712e-07
1035,4.399439663798279,0.13368898317261652,1.284240046172778e-07
1035,4.401360816489894,0.1726633633996598,8.969947861350127e-08
1035,4.403281969181508,0.10769614416493581,1.3010431876560929e-07
1035,4.405203121873123,0.09401643554487854,3.6331513075513164e-07
1035,4.4071242745647385,0.2571442386971974,1.234019042303029e-07
1035,4.409045427256354,0.09480825484522028,8.27418280582681e-08
1035,4.410966579947968,0.1368053666724222,1.5745586492698234e-07
1035,4.412887732639583,0.12963208715188212,7.74125310078554e-08
1035,4.414808885331198,0.07683461509626895,1.399830060606477e-08
1035,4.416730038022814,0.16211242083933594,1.7597389432460002e-09
1035,4.418651190714428,0.028902491178988205,2.5408578391209992e-08
1035,4.420572343406043,0.06388562309435872,3.599570669358287e-08
1035,4.422493496097658,0.026142037184749393,1.492461964066555e-07
1035,4.4244146487892735,0.11573304764443587,1.9317592609547155e-07
1035,4.426335801480888,0.037219627191547935,7.459744390757422e-07
1035,4.428256954172503,0.3109575471768426,6.793553921279896e-07
1035,4.430178106864118,0.11169365879174797,8.258365272656938e-07
1035,4.432099259555733,0.0697121003546515,2.372222995035926e-07
1035,4.434020412247348,0.12847784227890177,2.587422087274556e-07
1035,4.435941564938963,0.07859420843399499,3.526420118931238e-09
1035,4.437862717630578,0.09729514407099665,1.450554834010634e-07
1035,4.439783870322193,0.09509354943905662,1.1648713498754201e-07
1035,4.4417050230138075,0.17151984022028435,1.088799591069405e-08
1035,4.443626175705423,0.16947903826485874,3.3164982181668755e-08
1035,4.445547328397038,0.09338380974258707,4.482057512299321e-08
1035,4.447468481088653,0.0853975009269563,8.887899781986726e-08
1035,4.449389633780267,0.13230855830053634,8.742781016747581e-08
1035,4.451310786471883,0.16055160348855252,1.6368837132931293e-08
1035,4.453231939163498,0.2559826402895672,1.6971589562431868e-08
1035,4.455153091855113,0.03321618666279161,3.6575388666024235e-07
1035,4.457074244546727,0.054344724866119326,6.063000511070934e-08
1035,4.4589953972383425,0.06796215710605323,1.1379641154608134e-07
1035,4.460916549929958,0.10369494959780584,6.475180889943221e-08
1035,4.462837702621573,0.05582680316253254,2.568547187000545e-07
1035,4.464758855313187,0.0775309050620181,3.2586188180694576e-07
1035,4.466680008004802,0.1595251901623037,1.1188283960623701e-07
1035,4.4686011606964176,0.05235883451999251,1.828269545567356e-08
1035,4.470522313388033,0.09405392204780177,1.4101100947140119e-08
1035,4.472443466079647,0.08337039586536249,1.6992299831913763e-08
1035,4.474364618771262,0.08968568990494394,1.0038408107045636e-08
1035,4.476285771462877,0.12914517436030648,1.224278112827487e-07
1035,4.478206924154493,0.0860655991374446,2.884224934208623e-07
1035,4.480128076846107,0.11547093078207216,8.67786319478572e-08
1035,4.482049229537722,0.16140755258912076,8.534252614071517e-09
1035,4.483970382229337,0.09127870721261867,4.706774350739093e-08
1035,4.4858915349209525,0.08441779914734954,1.1782202725650586e-07
1035,4.487812687612567,0.032831184851885166,5.018686971668478e-08
1035,4.489733840304182,0.11385384599550295,1.58248864060242e-07
1035,4.491654992995797,0.17978581402921207,1.7717026957484e-08
1035,4.493576145687412,0.10710000418420855,1.0412596332123317e-09
1035,4.495497298379027,0.10047411002451462,1.478926308367483e-07
1035,4.497418451070642,0.1668612147276097,1.0045691326772015e-07
1035,4.499339603762257,0.11931160995382975,1.358720815559324e-07
1035,4.501260756453872,0.17886883902278455,2.0756262941393864e-07
1035,4.5031819091454866,0.12592212301310116,4.3182343812194213e-08
1035,4.505103061837102,0.08204805212232465,8.389341816600345e-08
1035,4.507024214528717,0.03943070173050484,3.7825715077791647e-07
1035,4.508945367220332,0.10957258591382502,2.103439442290575e-08
1035,4.510866519911946,0.03889557176757854,5.553827665972593e-07
1035,4.512787672603562,0.08549708846171078,1.319678632169566e-07
1035,4.514708825295177,0.1176043810554448,4.300839432067411e-08
1035,4.516629977986792,0.12829632363238816,5.057933987977857e-08
1035,4.518551130678406,0.21752095112065062,2.891184999840991e-07
1035,4.5204722833700215,0.16380572308357932,2.1962292941297887e-07
1035,4.522393436061637,0.06369860687299456,8.597640098221112e-08
1035,4.524314588753252,0.05512225029684583,6.140513632931635e-08
1035,4.526235741444866,0.03630455667854876,1.11566873878893e-07
1035,4.528156894136481,0.11678121160127075,3.7329514497058516e-08
1035,4.530078046828097,0.1041061731732717,1.3319522168983192e-07
1035,4.531999199519712,0.14831677102155835,3.8677472899431895e-08
1035,4.533920352211326,0.16012571055163397,8.074652431411416e-08
1035,4.535841504902941,0.19901240524382677,5.7866483768526614e-08
1035,4.537762657594556,0.06273961411886507,1.2075179629752444e-08
1035,4.539683810286172,0.11033107208868284,2.297197546056323e-07
1035,4.541604962977786,0.04934646910878648,1.0494824657440582e-07
1035,4.543526115669401,0.028746124584578862,1.2426115674747746e-08
1035,4.545447268361016,0.01361740565948428,2.431725984674274e-07
1035,4.5473684210526315,0.1585405545049612,3.1903382459825633e-08
1035,4.549289573744246,0.10897568989728713,6.079315692841686e-08
1035,4.551210726435861,0.05680317588838972,7.004868769935234e-08
1035,4.553131879127476,0.19326861472071974,3.8888117794261555e-08
1035,4.555053031819091,0.060767806906476686,1.351068982095155e-07
1035,4.556974184510706,0.16233074018834293,1.940436098309001e-07
1035,4.558895337202321,0.20714230218095092,5.9335001858177385e-08
1035,4.560816489893936,0.06113375168515812,2.5259563784875944e-07
1035,4.562737642585551,0.041697820612195534,2.5119381992690586e-08
1035,4.564658795277166,0.0973490548913006,2.6899026848239463e-08
1035,4.566579947968781,0.10158005126401931,3.49771411032007e-08
1035,4.568501100660396,0.05690965470715996,1.0856355517890513e-07
1035,4.570422253352011,0.07896179909977,1.0827068184852109e-07
1035,4.572343406043625,0.07897829246592139,2.7314322605670083e-07
1035,4.574264558735241,0.10532624368637203,9.948410009371954e-09
1035,4.576185711426856,0.07271445552244714,6.184285724720702e-08
1035,4.578106864118471,0.1168946825736699,4.6720463367635834e-08
1035,4.580028016810085,0.057633154185313736,1.173629831244369e-08
1035,4.5819491695017005,0.10402904205625298,6.246286739265437e-08
1035,4.583870322193316,0.0975565987634719,1.9384397075523834e-08
1035,4.585791474884931,0.0219674146856898,1.3407962580381262e-07
1035,4.587712627576545,0.11261323563418045,1.8318389310845417e-07
1035,4.58963378026816,0.10582250030512941,2.0471406545243234e-07
1035,4.591554932959776,0.08068793904895583,2.3763601942164345e-08
1035,4.593476085651391,0.10449256573377448,2.1279261332295544e-07
1035,4.595397238343005,0.12222832652802319,3.593927340018516e-07
1035,4.59731839103462,0.17634326310978865,2.3299211738155147e-08
1035,4.5992395437262354,0.08313491484129754,2.465359504966662e-07
1035,4.601160696417851,0.10004873850328369,1.8014688948077644e-08
1035,4.603081849109465,0.09086254645472228,1.1590143688067791e-07
1035,4.60500300180108,0.12145639932371195,8.338101101503332e-08
1035,4.606924154492695,0.045668698409548306,2.362329823189606e-07
1035,4.6088453071843105,0.15394023690516467,5.042359782093461e-08
1035,4.610766459875925,0.16079206983019764,8.646735668504536e-08
1035,4.61268761256754,0.14845451499486506,1.3859655746452564e-07
1035,4.614608765259155,0.1380565461019402,4.559973986965432e-07
1035,4.61652991795077,0.11651520513460069,3.409527380278371e-08
1035,4.618451070642385,0.15018317611514803,2.7182095353371603e-08
1035,4.620372223334,0.0989524414149803,1.4358526670621117e-08
1035,4.622293376025615,0.09390078052416051,4.794115130327292e-08
1035,4.62421452871723,0.07326576612303903,2.0071533101700502e-08
1035,4.626135681408845,0.08592680869651373,1.4610330174115568e-07
1035,4.62805683410046,0.10787592266301999,3.3295878591907667e-07
1035,4.629977986792075,0.09257560523406516,1.923511172033647e-07
1035,4.63189913948369,0.10934926912703609,2.024249754441382e-07
1035,4.6338202921753044,0.18346192465512948,1.308903409322921e-07
1035,4.63574144486692,0.016008031940518138,3.844427516834612e-09
1035,4.637662597558535,0.09680996417037768,6.643529390635075e-08
1035,4.63958375025015,0.11218740486459956,2.627463074024682e-07
1035,4.641504902941764,0.1150403158375055,2.853140954907789e-07
1035,4.6434260556333795,0.05768469557060653,1.0323418159539595e-08
1035,4.645347208324995,0.1837257047265343,1.1764824667614265e-08
1035,4.64726836101661,0.08329925516949237,3.781594373115296e-08
1035,4.649189513708224,0.11777179586295959,1.0439269718020513e-07
1035,4.651110666399839,0.14968496339142795,2.1899945079215607e-07
1035,4.653031819091455,0.16770802346980093,3.9341357002609046e-08
1035,4.65495297178307,0.15673361633051697,4.1667824925589115e-08
1035,4.656874124474684,0.08239459440065618,5.423169282540488e-08
1035,4.658795277166299,0.050205522977385036,8.206963203059424e-08
1035,4.6607164298579145,0.17787098820329877,1.1035573420217035e-08
1035,4.66263758254953,0.04025411818206655,1.5594841179025248e-08
1035,4.664558735241144,0.024725923281018584,5.468363753297663e-08
1035,4.666479887932759,0.12316773866246467,2.323550133341177e-08
1035,4.668401040624374,0.05516034142554338,1.4758479743778886e-07
1035,4.6703221933159895,0.12967184734120346,9.118698979860843e-08
1035,4.672243346007604,0.07175059261544639,9.395537448719861e-08
1035,4.674164498699219,0.08709221524182639,3.209606353581785e-08
1035,4.676085651390834,0.07791486058944137,1.2452509018094656e-07
1035,4.678006804082449,0.08541772976251907,4.8021985449403677e-08
1035,4.679927956774064,0.047406688312715994,2.139236279365286e-07
1035,4.681849109465679,0.08813650609066119,8.654120248923809e-08
1035,4.683770262157294,0.0300781339655236,3.575674874367626e-08
1035,4.685691414848909,0.09136234470000536,2.4221154845671287e-08
1035,4.687612567540524,0.05725355220007988,1.7719512333863548e-07
1035,4.689533720232139,0.02571400424114252,7.26261309989689e-08
1035,4.691454872923754,0.06516193637632833,6.253926475370096e-08
1035,4.693376025615369,0.14011712516353175,3.767016299467975e-07
1035,4.6952971783069835,0.162120451103701,6.520997330771954e-09
1035,4.697218330998599,0.09196326266503323,2.37709084623401e-08
1035,4.699139483690214,0.023513620132932223,4.2369492926121974e-08
1035,4.701060636381829,0.20247544127579697,1.1475995361093227e-07
1035,4.702981789073443,0.14321065634409136,1.2787535338100567e-07
1035,4.7049029417650585,0.2107786746866583,1.595723289904051e-07
1035,4.706824094456674,0.08371806771949311,8.455936886188089e-08
1035,4.708745247148289,0.1386740146192594,8.227723525093763e-08
1035,4.710666399839903,0.0034639375515542526,9.044398753665327e-08
1035,4.712587552531518,0.10807990367410973,1.8474282972032525e-07
1035,4.714508705223134,0.08272473444135443,2.558673152245573e-07
1035,4.716429857914749,0.12490952863263668,9.448951314306109e-08
1035,4.718351010606363,0.07712977928844547,2.805097738288966e-09
1035,4.720272163297978,0.0810048075698168,1.1015644204068482e-07
1035,4.7221933159895935,0.08686777467865556,1.202198882900194e-08
1035,4.724114468681209,0.018819601678962516,1.2654450068377768e-07
1035,4.726035621372823,0.2529772734068325,7.124755655432668e-08
1035,4.727956774064438,0.07601290502913959,2.329844725437468e-07
1035,4.729877926756053,0.09645261778620953,6.384052099475357e-07
1035,4.7317990794476685,0.12985062013244222,5.67458052286665e-08
1035,4.733720232139283,0.061028972964959946,3.319550553037226e-08
1035,4.735641384830898,0.1379742390375704,1.4654926654375244e-07
1035,4.737562537522513,0.20058563373829963,2.0439955542914178e-07
1035,4.739483690214128,0.11360761922660743,6.573063736457804e-08
1035,4.741404842905743,0.09063271773429353,2.553246426178401e-07
1035,4.743325995597358,0.12229041883326518,2.2927441479241077e-07
1035,4.745247148288973,0.06509265827154505,7.710939541513173e-08
1035,4.747168300980588,0.06175228971205665,5.592772727240198e-08
1035,4.749089453672203,0.06865921533475969,3.2949766611409903e-07
1035,4.751010606363818,0.13175407366970823,8.059760323715065e-08
1035,4.752931759055433,0.12163005496777003,2.8362496896834894e-07
1035,4.754852911747048,0.04043953939396558,1.3556747948713197e-08
1035,4.7567740644386625,0.053975854237156715,1.7434886523332429e-07
1035,4.758695217130278,0.196821610478328,1.0629520188111537e-07
1035,4.760616369821893,0.1639657787541353,4.695072965373325e-08
1035,4.762537522513508,0.0870743373445149,4.9500170409782855e-08
1035,4.764458675205122,0.09986627143556802,8.959147867183024e-09
1035,4.7663798278967375,0.08618953855654357,5.040912662005619e-08
1035,4.768300980588353,0.12773622236245732,7.95391178096092e-08
1035,4.770222133279968,0.13898518298566126,4.599305147042223e-08
1035,4.772143285971582,0.22737393776314477,1.6651148109001942e-08
1035,4.774064438663197,0.22352880393037428,2.6692049891317998e-08
1035,4.775985591354813,0.04472786117639343,3.7094812167189833e-08
1035,4.777906744046428,0.11769934940193855,4.293794796108275e-08
1035,4.779827896738042,0.09217695140414463,9.87624927880299e-09
1035,4.781749049429657,0.17168314741505727,2.039596959435049e-07
1035,4.7836702021212725,0.1696221866422918,9.696653089043365e-09
1035,4.785591354812888,0.0752329408621296,1.2146731778983349e-08
1035,4.787512507504502,0.01866350519251589,4.459302968438094e-09
1035,4.789433660196117,0.11681572054107311,2.0406959832078318e-08
1035,4.791354812887732,0.01618057100923685,2.9164764611816935e-08
1035,4.7932759655793475,0.12721491319126854,1.0741514686285719e-07
1035,4.795197118270962,0.07474666689391711,1.9746023189558102e-07
1035,4.797118270962577,0.07713597378627093,1.0129330249488709e-07
1035,4.799039423654192,0.075348706197334,5.907472149539162e-08
1035,4.800960576345807,0.12168994323634334,2.155084324804327e-07
1035,4.802881729037422,0.10699490406141746,1.9714900050472207e-07
1035,4.804802881729037,0.15191947325124847,4.899263116656698e-08
1035,4.806724034420652,0.22342602940509346,4.930681318503341e-08
1035,4.808645187112267,0.144870452315597,6.25439472868841e-08
1035,4.810566339803882,0.10587022848019248,1.2531222395396368e-07
1035,4.812487492495497,0.19203500405605653,1.324948292501828e-07
1035,4.814408645187112,0.13724100256853658,1.4094597762211036e-09
1035,4.816329797878727,0.15025467494314412,8.558317536160406e-08
1035,4.8182509505703415,0.13621475232066424,2.2314107033899643e-08
1035,4.820172103261957,0.06035299618625226,2.059961628224222e-08
1035,4.822093255953572,0.06354165953000793,2.7773844985876495e-08
1035,4.824014408645187,0.17586711582271145,1.0916175147255717e-07
1035,4.825935561336801,0.24681683513784825,1.0167674788134931e-07
1035,4.8278567140284165,0.18481114289630646,1.1369474552683738e-07
1035,4.829777866720032,0.10462453381309045,1.2087094926948666e-09
1035,4.831699019411647,0.1309941575966,1.2630090156803861e-08
1035,4.833620172103261,0.08988766983848695,8.071795286520947e-08
1035,4.835541324794876,0.049302604022334835,1.327698425229676e-09
1035,4.837462477486492,0.09930920724843595,1.4864879622531228e-08
1035,4.839383630178107,0.11978356241081389,2.3228475154937454e-08
1035,4.841304782869721,0.10336764902636238,1.0327159217550493e-08
1035,4.843225935561336,0.05016659953568904,6.758907554798245e-08
1035,4.8451470882529515,0.29954390744416937,7.016317586532996e-08
1035,4.847068240944567,0.13145443315126007,6.816614169102471e-08
1035,4.848989393636181,0.02240452955666732,2.3272963021159127e-07
1035,4.850910546327796,0.09537553647580123,1.9215499537968492e-08
1035,4.852831699019411,0.08649878581442841,4.809287992306104e-07
1035,4.8547528517110266,0.10283381818496672,3.6338794852955335e-08
1035,4.856674004402641,0.1374100000286415,2.4787359483421546e-07
1035,4.858595157094256,0.1124891266615776,1.2576825481915554e-07
1035,4.860516309785871,0.07557046744624128,1.2407652447248311e-08
1035,4.862437462477486,0.17746000082302368,2.569012630763412e-07
1035,4.864358615169101,0.2742232983673795,1.2193081377508585e-07
1035,4.866279767860716,0.03237423512082262,2.499391473664369e-08
1035,4.868200920552331,0.12937535898744293,6.234459025819469e-08
1035,4.870122073243946,0.05817035800210463,4.6560662006676056e-08
1035,4.872043225935561,0.11617391796482852,1.2897689094656538e-07
1035,4.873964378627176,0.03181314100760341,3.194949737991244e-09
1035,4.875885531318791,0.07259115779571168,2.2501924002975197e-08
1035,4.877806684010406,0.05296809907376335,1.440566815078611e-08
1035,4.8797278367020205,0.027052633957650098,1.3006234363995768e-07
1035,4.881648989393636,0.1225663498811894,1.2612241784731914e-07
1035,4.883570142085251,0.11760626724198969,8.660079184194173e-08
1035,4.885491294776866,0.07862769970046168,6.055455397916683e-09
1035,4.88741244746848,0.17468349308023418,1.419374497951631e-07
1035,4.8893336001600955,0.03309335651594228,8.615343728801503e-08
1035,4.891254752851711,0.06707814742043265,6.163749380695437e-08
1035,4.893175905543326,0.12406926255442906,9.700256131046058e-09
1035,4.89509705823494,0.07886975403065162,1.6638587967987068e-07
1035,4.897018210926555,0.13018845738576942,1.171816509381721e-07
1035,4.898939363618171,0.10043152659073214,3.11804238772161e-08
1035,4.900860516309786,0.12525143432073696,1.0033851450804919e-07
1035,4.9027816690014,0.11465965179178099,8.206837834813066e-08
1035,4.904702821693015,0.10180711077237915,3.4777220459493725e-07
1035,4.9066239743846305,0.16582430025565853,3.403518634322852e-08
1035,4.908545127076246,0.07325146522803117,8.593213850960568e-08
1035,4.91046627976786,0.20893992202521422,2.7589799896233797e-07
1035,4.912387432459475,0.21566419978417664,1.0829029529092662e-08
1035,4.91430858515109,0.10996524711361202,1.1959713700418842e-07
1035,4.916229737842706,0.18395257497287623,1.990463836687355e-08
1035,4.91815089053432,0.03132544429364885,1.9194404864863837e-08
1035,4.920072043225935,0.17660036493275771,1.0905769758287988e-07
1035,4.92199319591755,0.20072300948843794,3.8288982115290257e-07
1035,4.923914348609165,0.13933968345927894,8.536339878227956e-08
1035,4.92583550130078,0.10717090841383362,4.458285716045199e-07
1035,4.927756653992395,0.07066086104110193,3.1420518339696885e-08
1035,4.92967780668401,0.14418748444085933,4.2019218963044814e-08
1035,4.931598959375625,0.16265524297108636,1.5467454382426005e-07
1035,4.93352011206724,0.08864231769210869,2.6084333500226573e-07
1035,4.935441264758855,0.051569241881007394,5.8507169806196146e-08
1035,4.93736241745047,0.16805227317387061,5.9111399757035925e-08
1035,4.939283570142085,0.16262572964546776,4.7298807030299646e-08
1035,4.9412047228336995,0.18482965565223783,5.649019560812373e-09
1035,4.943125875525315,0.15016380518697603,5.7467821381099666e-08
1035,4.94504702821693,0.12626979874102218,2.1018014804382312e-08
1035,4.946968180908545,0.09553012059161868,2.1351958496706e-07
1035,4.948889333600159,0.18870898637712466,4.463034336102364e-08
1035,4.950810486291775,0.08476054231701749,4.6988336211542745e-08
1035,4.95273163898339,0.11931088013292686,2.7799511155646547e-07
1035,4.954652791675005,0.13493778463227257,4.971155685228325e-08
1035,4.956573944366619,0.05077299967314137,3.759686828773614e-08
1035,4.958495097058234,0.049180557432965066,1.693850881675369e-08
1035,4.96041624974985,0.03813420508227305,1.5105571492206627e-07
1035,4.962337402441465,0.08530690319484141,4.24458972889366e-08
1035,4.964258555133079,0.17543204217043468,1.8895631085466686e-07
1035,4.966179707824694,0.1879407120340336,4.6441339308775324e-08
1035,4.9681008605163095,0.123570832646652,4.69978577093989e-07
1035,4.970022013207925,0.07961937624434111,1.141132504413085e-08
1035,4.971943165899539,0.15561369016267196,1.5584479766881778e-07
1035,4.973864318591154,0.02761609250399193,2.7230150738970397e-10
1035,4.975785471282769,0.17847087790407828,1.2047463096774683e-09
1035,4.977706623974385,0.04507506370549193,2.894229045683999e-08
1035,4.979627776665999,0.09537562704254879,4.9839342784603466e-08
1035,4.981548929357614,0.2732597944982585,1.589793872151755e-08
1035,4.983470082049229,0.12465223997465591,1.1347806148272068e-07
1035,4.9853912347408444,0.10441203634560255,4.844211065053997e-08
1035,4.987312387432459,0.0961431468442521,9.29576667311452e-09
1035,4.989233540124074,0.0689456485262711,1.2791138561383724e-07
1035,4.991154692815689,0.05942187622233068,1.8666941669857636e-07
1035,4.993075845507304,0.12190942020465192,1.2191151130359584e-07
1035,4.994996998198919,0.07171155542515559,2.6480504781809142e-08
1035,4.996918150890534,0.11910288473705258,3.3023377899814654e-07
1035,4.998839303582149,0.13331362852543138,4.954285966393914e-07
1035,5.000760456273764,0.23441197468472152,3.6800341432917777e-07
1035,5.0026816089653785,0.20353759887213965,2.185949737693058e-07
1035,5.004602761656994,0.2615164428218105,7.283353307564358e-08
1035,5.006523914348609,0.2054811551881397,1.9159506783780947e-07
1035,5.008445067040224,0.0778790207980229,2.4276173153952322e-08
1035,5.010366219731838,0.1752310632915039,1.3907945249788387e-07
1035,5.012287372423454,0.10207938282897691,2.6935311318259365e-07
1035,5.014208525115069,0.17885293797110016,3.1428835284264734e-08
1035,5.016129677806684,0.13544881172600837,1.966083986381009e-08
1035,5.018050830498298,0.04378300711902836,9.883706621442029e-09
1035,5.0199719831899134,0.14419957434925165,2.6666089111881525e-07
1035,5.021893135881529,0.07650024474758763,2.465875128089065e-08
1035,5.023814288573144,0.1487711237187346,8.876473382039657e-08
1035,5.025735441264758,0.05067796158772719,1.1370537992173026e-08
1035,5.027656593956373,0.09708549687924566,2.6996027509047806e-07
1035,5.0295777466479885,0.04913470665628103,2.373657652800578e-07
1035,5.031498899339604,0.16574293448212393,1.5939161703519056e-07
1035,5.033420052031218,0.1214663423417637,1.9953913546575717e-07
1035,5.035341204722833,0.09588612625920184,9.940412889751687e-08
1035,5.037262357414448,0.1730634089143332,9.145135948926721e-07
1035,5.039183510106064,0.08341285718406281,4.856587816263141e-08
1035,5.041104662797678,0.0663507232559063,1.7705252235732016e-07
1035,5.043025815489293,0.13635109684953428,2.2186938724921294e-07
1035,5.044946968180908,0.131160915163976,8.193757021614207e-08
1035,5.0468681208725235,0.05721318219351813,1.2078823288768874e-08
1035,5.048789273564138,0.10862556475986203,1.8865553189961083e-08
1035,5.050710426255753,0.08937808334921994,1.1416858636151671e-07
1035,5.052631578947368,0.21368286561868466,1.475222170486525e-07
1035,5.054552731638983,0.17212733784153086,3.901017026768182e-08
1035,5.056473884330598,0.15569096282831243,4.5801067220584524e-08
1035,5.058395037022213,0.11162657453656737,1.1574051529386928e-07
1035,5.060316189713828,0.13758923039625803,3.48198028354735e-08
1035,5.062237342405443,0.14252770456790284,4.614880162625125e-08
1035,5.0641584950970575,0.017921861688141832,1.3754595422001204e-07
1035,5.066079647788673,0.11780703241121836,2.18403914927391e-07
1035,5.068000800480288,0.1343081568033965,1.2016262242958279e-07
1035,5.069921953171903,0.16599547458809374,8.149203248574728e-08
1035,5.071843105863517,0.1753458336741477,1.3199723926304612e-07
1035,5.073764258555133,0.0778287879004053,2.247206186959137e-07
1035,5.075685411246748,0.11526510381779491,2.1655675543817725e-08
1035,5.077606563938363,0.10850193940902049,1.007050076443717e-07
1035,5.079527716629977,0.053729066884472175,3.107599011969058e-08
1035,5.0814488693215925,0.21807557987285914,3.283478833920556e-08
1035,5.083370022013208,0.15760391343959063,6.120738370250293e-08
1035,5.085291174704823,0.09418019705547859,1.1844838767149863e-07
1035,5.087212327396437,0.08765330978289432,1.336348624184216e-07
1035,5.089133480088052,0.20170711827099397,1.0301039355043895e-07
1035,5.0910546327796675,0.18172336741237627,2.981763365094423e-08
1035,5.092975785471283,0.06504130198765484,1.5758641119246013e-07
1035,5.094896938162897,0.13549734155233767,1.3685911155865706e-07
1035,5.096818090854512,0.12530301166741895,1.2781501775348625e-07
1035,5.098739243546127,0.07755277585023204,1.9497973446502607e-08
1035,5.100660396237743,0.07766145734010427,1.734312826486713e-07
1035,5.102581548929357,0.12374598119187077,2.065790531549239e-08
1035,5.104502701620972,0.04335133838183628,3.1097068766926434e-09
1035,5.106423854312587,0.12947577743194763,7.90200296767877e-09
1035,5.1083450070042025,0.1483604075153934,3.6098582066631467e-08
1035,5.110266159695817,0.08871598063634578,4.461393310109812e-08
1035,5.112187312387432,0.22987806044778072,2.1813436760060525e-07
1035,5.114108465079047,0.19568959248871162,2.0661927339390296e-08
1035,5.116029617770662,0.1351488108124959,2.210227901229074e-07
1035,5.117950770462277,0.16374047258556412,5.4825043688770876e-08
1035,5.119871923153892,0.01866214550194649,2.7388945795729103e-07
1035,5.121793075845507,0.2087691433443768,3.219737418627442e-07
1035,5.123714228537122,0.14790400487215538,3.883132905200768e-08
1035,5.1256353812287365,0.07548103204436803,1.6737318322567028e-07
1035,5.127556533920352,0.08048340531224982,4.652169866808325e-08
1035,5.129477686611967,0.17780092865259228,6.871736311281456e-08
1035,5.131398839303582,0.16306056452354126,2.6174815611385775e-07
1035,5.133319991995196,0.06356972003745358,3.9923394842512286e-08
1035,5.135241144686812,0.04704667472988246,3.924368094147775e-08
1035,5.137162297378427,0.11734268487877304,2.6171392293890295e-07
1035,5.139083450070042,0.12120457997450952,8.205507918031676e-08
1035,5.141004602761656,0.28685771837168633,2.1459814213371097e-07
1035,5.1429257554532715,0.2084341626888484,2.847301356608849e-07
1035,5.144846908144887,0.03303214280846504,3.959462359713901e-07
1035,5.146768060836502,0.1425301147390798,2.1403618595662846e-07
1035,5.148689213528116,0.13535325482923466,2.3804455113281341e-07
1035,5.150610366219731,0.106618970110608,5.2399269748246963e-08
1035,5.1525315189113465,0.031134238187340305,2.3727988559271583e-07
1035,5.154452671602962,0.1270320233200166,1.6123238973091064e-07
1035,5.156373824294576,0.22968783913844917,2.011022142938258e-07
1035,5.158294976986191,0.09274489243788459,1.9600236187513427e-08
1035,5.160216129677806,0.10503159024302357,1.777797589938212e-07
1035,5.162137282369422,0.05539760139442995,2.7942303989981748e-08
1035,5.164058435061036,0.1964137835768827,2.992146824485083e-07
1035,5.165979587752651,0.22057879063521382,1.492704919925649e-07
1035,5.167900740444266,0.05129781617998876,3.634599550940075e-08
1035,5.1698218931358815,0.21568734041265306,3.0875352206624536e-07
1035,5.171743045827496,0.1771420322859127,4.423614646643801e-08
1035,5.173664198519111,0.0545162959259239,3.929385682799587e-08
1035,5.175585351210726,0.0649408574336838,1.2591242755984993e-07
1035,5.177506503902341,0.04802069575151362,2.058502670988159e-08
1035,5.179427656593956,0.03547818237123816,4.089278003189201e-08
1035,5.181348809285571,0.1481434596784143,1.5428270057082636e-09
1035,5.183269961977186,0.054994138270013385,7.31661412287279e-08
1035,5.185191114668801,0.11868880370797545,1.9234679454082822e-10
1035,5.1871122673604155,0.020840625814336364,2.0869818404152196e-07
1035,5.189033420052031,0.2220284927783178,2.4750790781999555e-07
1035,5.190954572743646,0.1829452229544948,1.011335986749395e-07
1035,5.192875725435261,0.06976086392221353,7.924609450206028e-08
1035,5.194796878126875,0.07001219320709579,6.169151922333299e-08
1035,5.196718030818491,0.1295962025879784,1.7702824178265098e-08
1035,5.198639183510106,0.1477911229701667,1.0256692595044897e-07
1035,5.200560336201721,0.19829557441646678,4.740072253799279e-08
1035,5.202481488893335,0.12900002774425862,2.0009264600871973e-08
1035,5.2044026415849505,0.12681947512703903,7.655289990174237e-08
1035,5.206323794276566,0.16316970312120144,1.1493077075882855e-07
1035,5.208244946968181,0.1042805464316737,1.8910389379093423e-07
1035,5.210166099659795,0.030030643318518888,9.314217662856796e-08
1035,5.21208725235141,0.005006106412012031,8.265848968178076e-08
1035,5.2140084050430255,0.039479170095765556,1.9346171134547155e-07
1035,5.215929557734641,0.09698906527021545,2.354311138892541e-09
1035,5.217850710426255,0.13279808558572154,1.0164876831820821e-07
1035,5.21977186311787,0.09158691378802197,7.762720323367223e-08
1035,5.221693015809485,0.13655556812631306,2.3033825792747785e-07
1035,5.223614168501101,0.16973281497787798,5.57546252484342e-08
1035,5.225535321192715,0.10030881194699806,3.4420904483753825e-07
1035,5.22745647388433,0.11049621534287299,7.517454924765253e-08
1035,5.229377626575945,0.10900390765081909,1.733797739712021e-08
1035,5.2312987792675605,0.12763922038367406,9.328633021313662e-08
1035,5.233219931959175,0.019120884371343388,2.5995412718186015e-08
1035,5.23514108465079,0.13541534130775346,3.8520029088451974e-07
1035,5.237062237342405,0.029440311745731616,8.547391204134622e-08
1035,5.23898339003402,0.031898266779897384,6.159145797010996e-08
1035,5.240904542725635,0.1825124920320244,2.932884362469194e-08
1035,5.24282569541725,0.005640440414555251,2.2070610694047556e-07
1035,5.244746848108865,0.13440471653774658,5.985224165912549e-08
1035,5.24666800080048,0.14522306769680884,1.885563271844723e-07
1035,5.2485891534920945,0.16267890660079806,1.1658361653113933e-07
1035,5.25051030618371,0.11641083067638885,7.344670551832938e-08
1035,5.252431458875325,0.147405208325111,3.5632293382183405e-08
1035,5.25435261156694,0.10079343334148567,4.818228121001119e-09
1035,5.256273764258554,0.12957437287904142,1.9806598112183267e-07
1035,5.25819491695017,0.12589157814111232,1.7993267779163847e-08
1035,5.260116069641785,0.12221151072685997,2.736111424485364e-08
1035,5.2620372223334,0.08112571256295066,5.5868934636979524e-08
1035,5.263958375025014,0.128350055691357,1.832555830101224e-07
1035,5.2658795277166295,0.08662962416462326,6.27247359832769e-08
1035,5.267800680408245,0.1807146518822432,1.7990764092262438e-07
1035,5.26972183309986,0.2327367826147555,2.467514196296543e-07
1035,5.271642985791474,0.12118005341351269,9.368684248663778e-09
1035,5.273564138483089,0.059443148328869586,4.21445471463309e-10
1035,5.2754852911747045,0.1340133032322128,8.929167034379525e-08
1035,5.27740644386632,0.1229751841496555,2.6939656657410004e-09
1035,5.279327596557934,0.17270867282603797,8.987760062890329e-08
1035,5.281248749249549,0.05087005853835816,2.0081386042854368e-08
1035,5.283169901941164,0.08891407478928601,1.936076116429328e-07
1035,5.28509105463278,0.1896770175526583,4.1895479011441037e-07
1035,5.287012207324394,0.11788324342219116,1.1492109311837536e-07
1035,5.288933360016009,0.11257368511571665,4.4916242703388846e-08
1035,5.290854512707624,0.07426645340026476,8.569047749456105e-08
1035,5.2927756653992395,0.15915014749090886,8.225276709880186e-08
1035,5.294696818090854,0.08073704961161195,7.716303370161605e-08
1035,5.296617970782469,0.18649042996732323,6.230623528739373e-08
1035,5.298539123474084,0.12219170195913165,4.588167254166913e-07
1035,5.300460276165699,0.12140016021412126,2.984340724175978e-07
1035,5.302381428857314,0.13845603641304935,4.4890571142762295e-08
1035,5.304302581548929,0.17033852959688567,6.12336220842513e-08
1035,5.306223734240544,0.20938122296268893,9.826496302203024e-08
1035,5.308144886932159,0.17017952515504053,6.11412702601157e-07
1035,5.3100660396237735,0.06390930372993724,5.56534317141775e-08
1035,5.311987192315389,0.02478592433581477,5.3373738192511294e-08
1035,5.313908345007004,0.07517008171626362,3.2164043823325716e-07
1035,5.315829497698619,0.16874153503039857,9.148657980581088e-08
1035,5.317750650390233,0.12191835842296983,1.058444664508575e-07
1035,5.319671803081849,0.06779448767972114,9.834245678045369e-09
1035,5.321592955773464,0.020529692217752693,7.14733060796338e-08
1035,5.323514108465079,0.09850874933995105,2.3464285489780327e-07
1035,5.325435261156693,0.05904327748978078,1.6597009034590118e-07
1035,5.3273564138483085,0.10095187101334746,1.1820332397208685e-08
1035,5.329277566539924,0.047231119365223076,4.2219100296337045e-08
1035,5.331198719231539,0.0741191292027679,3.488911155535449e-07
1035,5.333119871923153,0.17400085128612017,2.2089231315815787e-07
1035,5.335041024614768,0.10085664490542921,6.463145917341963e-09
1035,5.336962177306384,0.06526449761290652,4.2638110386846594e-08
1035,5.338883329997999,0.14896347247287142,6.474638068203142e-08
1035,5.340804482689613,0.14662557755043054,1.3958385143459532e-09
1035,5.342725635381228,0.13034197775274217,1.3107253528633354e-07
1035,5.344646788072843,0.15986572096353235,9.554964096322453e-08
1035,5.346567940764459,0.035453672728813654,2.0454126462478385e-07
1035,5.348489093456073,0.07849347905820796,2.0848701464781864e-07
1035,5.350410246147688,0.1956902577696574,3.18488940363059e-08
1035,5.352331398839303,0.14684661518380066,2.3033846493668315e-07
1035,5.3542525515309185,0.05699436280199017,1.3418428854590818e-08
1035,5.356173704222533,0.15152210985108322,2.2883775842022297e-08
1035,5.358094856914148,0.10196009014821601,3.66368428247944e-08
1035,5.360016009605763,0.07339427299558166,1.592291632611948e-08
1035,5.361937162297378,0.1271505035315754,4.2825487194978474e-07
1035,5.363858314988993,0.09094728330788603,7.440021914746946e-09
1035,5.365779467680608,0.01167224681863673,3.550941917967993e-08
1035,5.367700620372223,0.054677159387523495,1.2427477472860154e-07
1035,5.369621773063838,0.1340799675679685,2.3816292289615355e-08
1035,5.371542925755453,0.0662898777028024,2.2651783157635975e-08
1035,5.373464078447068,0.08361036203103403,1.3514037389086318e-07
1035,5.375385231138683,0.0761159851161173,1.2753925204230048e-07
1035,5.377306383830298,0.06185428840788203,1.8588528851637988e-08
1035,5.379227536521912,0.10776259610677694,3.5661339951809053e-09
1035,5.381148689213528,0.11075823325469933,3.3412745325261183e-09
1035,5.383069841905143,0.017827361615582456,1.1342504388669738e-07
1035,5.384990994596758,0.15639536089876535,3.1403395469946337e-08
1035,5.386912147288372,0.030016045040580336,6.621361115024439e-08
1035,5.3888332999799875,0.033515946125463936,2.5450139423667266e-08
1035,5.390754452671603,0.15433823044732162,1.5350663896222878e-07
1035,5.392675605363218,0.06445975882523769,2.581226589504517e-09
1035,5.394596758054832,0.12462916473227441,8.42162771862521e-09
1035,5.396517910746447,0.10683917003918036,6.597071495080356e-08
1035,5.398439063438063,0.045475641582018035,1.2298366803991834e-08
1035,5.400360216129678,0.009006309073581114,6.961709952921644e-08
1035,5.402281368821292,0.16833278657045114,1.1953672902713755e-07
1035,5.404202521512907,0.10167072838986584,3.361177594553295e-08
1035,5.4061236742045224,0.18997717698792657,6.943491996608341e-08
1035,5.408044826896138,0.17040519648185634,6.574162761616376e-08
1035,5.409965979587752,0.07225187069269233,2.3660678164044576e-07
1035,5.411887132279367,0.12228531336967675,9.88142213236595e-08
1035,5.413808284970982,0.15398430453990333,2.0674577661948226e-07
1035,5.4157294376625975,0.14826720476486618,1.9425022550405219e-07
1035,5.417650590354212,0.20456962599999914,1.5131257774822256e-07
1035,5.419571743045827,0.036493960892072776,3.891063105279627e-07
1035,5.421492895737442,0.06482809393850479,9.367690700428561e-08
1035,5.423414048429057,0.061967253044215194,6.633160349677457e-09
1035,5.425335201120672,0.06858912645801457,9.186948589005981e-08
1035,5.427256353812287,0.09913290314261813,1.403917304084563e-07
1035,5.429177506503902,0.11473726644896727,3.5175760057686146e-08
1035,5.431098659195517,0.07814498222556648,7.021141675614041e-10
1035,5.433019811887132,0.086505657303135,2.0823609246705952e-08
1035,5.434940964578747,0.060635415137359365,2.1518491855021205e-08
1035,5.436862117270362,0.09863419992660163,2.9676780440268576e-08
1035,5.438783269961977,0.11856456945156184,1.309440507445643e-07
1035,5.440704422653591,0.07499143536628725,1.7583661984653403e-08
1035,5.442625575345207,0.052693234653482975,1.1826972592128065e-07
1035,5.444546728036822,0.050134499102619474,5.7194428376978935e-08
1035,5.446467880728437,0.07793325875051162,1.161890250354515e-07
1035,5.448389033420051,0.06968566846489657,2.803868075596748e-11
1035,5.4503101861116665,0.14968975074652455,2.76716998023199e-07
1035,5.452231338803282,0.1449237768506423,1.1669592025301606e-07
1035,5.454152491494897,0.12990294711414632,4.7816539804514235e-08
1035,5.456073644186511,0.2060361614617612,9.799410198009898e-08
1035,5.457994796878126,0.08028365770181252,2.1382905674228652e-07
1035,5.459915949569742,0.08923679477871689,6.637171041898399e-08
1035,5.461837102261357,0.06380221549767316,4.4824415117224895e-08
1035,5.463758254952971,0.17664471664652903,2.713010011261518e-08
1035,5.465679407644586,0.12659812584336252,5.552790235602359e-08
1035,5.4676005603362015,0.06059685761415614,1.1166374704000829e-08
1035,5.469521713027817,0.06541046155478633,9.30933818859641e-08
1035,5.471442865719431,0.051882233045035454,3.034625974674986e-07
1035,5.473364018411046,0.1727904463329856,1.9767656425093032e-07
1035,5.475285171102661,0.07072021782411345,1.1560427099009489e-07
1035,5.4772063237942765,0.1097863598346136,2.466574934651412e-08
1035,5.479127476485891,0.06549494690658178,2.516882878186389e-09
1035,5.481048629177506,0.10090013881288273,2.6987558402895365e-07
1035,5.482969781869121,0.15084715589715794,4.034803419486745e-08
1035,5.484890934560736,0.2002026560986202,1.3024947228821507e-07
1035,5.486812087252351,0.08414799225507184,9.099180222011741e-08
1035,5.488733239943966,0.13938492846529646,2.8453105800396518e-08
1035,5.490654392635581,0.10190516557355597,1.45630636399418e-07
1035,5.492575545327196,0.1313992399941384,6.99255031979441e-08
1035,5.494496698018811,0.08599513602476196,2.2730729889360732e-08
1035,5.496417850710426,0.2198397329340343,1.1888002935120885e-07
1035,5.498339003402041,0.06296492108659738,1.8503289627813725e-07
1035,5.500260156093656,0.13713453418830254,1.4224439925401021e-08
1035,5.5021813087852705,0.10339374674253933,4.090482469776236e-08
1035,5.504102461476886,0.03365877723114471,2.2265029827586008e-08
1035,5.506023614168501,0.1377043837875585,9.752438028120612e-08
1035,5.507944766860116,0.24129793112183812,6.796186146149224e-08
1035,5.50986591955173,0.015146873204350549,1.979411374455189e-08
1035,5.5117870722433455,0.06689889783019345,2.5510654957502496e-08
1035,5.513708224934961,0.0817367014328384,5.507303872450743e-08
1035,5.515629377626576,0.09281245383908043,1.8253336517094952e-07
1035,5.51755053031819,0.1660306363551574,3.757283668909668e-08
1035,5.519471683009805,0.2264498346465556,2.962355092906666e-08
1035,5.521392835701421,0.31082728707309565,2.6440280282281836e-08
1035,5.523313988393036,0.15445368346285207,1.5961302320576383e-07
1035,5.52523514108465,0.1463295527695751,5.0302149236546994e-08
1035,5.527156293776265,0.06684025020055476,1.0871104420347154e-07
1035,5.5290774464678805,0.06396331739823218,1.879515479891043e-07
1035,5.530998599159496,0.09094419423772891,2.4250883823693757e-08
1035,5.53291975185111,0.05350866555226733,1.8872369679473853e-07
1035,5.534840904542725,0.07789499432740161,3.1505368131106334e-07
1035,5.53676205723434,0.01992983633884779,3.98776250412925e-09
1035,5.5386832099259555,0.0306407442345374,9.896062969152245e-08
1035,5.54060436261757,0.05599924779113601,1.3941370428871521e-08
1035,5.542525515309185,0.10344131678323555,4.546222684749518e-08
1035,5.5444466680008,0.039778617636320714,4.838977598361433e-08
1035,5.546367820692415,0.054230610397079715,5.767186241542399e-08
1035,5.54828897338403,0.15348329314419756,5.892354406360211e-09
1035,5.550210126075645,0.04974373424193536,1.0161577832353791e-07
1035,5.55213127876726,0.013548692498871045,1.3882026545624316e-07
1035,5.554052431458875,0.11537478714077877,3.4185955689615683e-07
1035,5.55597358415049,0.17271059021172172,1.942863528211516e-07
1035,5.557894736842105,0.08147934243244563,6.381755263515135e-08
1035,5.55981588953372,0.12627507016975253,3.240243164240906e-07
1035,5.561737042225335,0.08616326607550763,2.863768094111915e-07
1035,5.5636581949169495,0.12356069267936606,3.7017754451470723e-07
1035,5.565579347608565,0.14316189174053504,4.457424639093044e-07
1035,5.56750050030018,0.1245424082804402,2.0462197251426853e-07
1035,5.569421652991795,0.1298192396803391,1.9919156246115177e-09
1035,5.571342805683409,0.06739422019755711,3.6922976912328044e-07
1035,5.5732639583750245,0.16125683862483747,1.5079411491135333e-08
1035,5.57518511106664,0.0869476279430655,2.852371244403542e-07
1035,5.577106263758255,0.2560486983200934,2.344843165953818e-08
1035,5.579027416449869,0.20101764007164305,6.93231168199764e-08
1035,5.580948569141484,0.11149041030805963,1.0071208310081545e-07
1035,5.5828697218331,0.2214335756388306,5.373472590358447e-08
1035,5.584790874524715,0.061983588305260635,1.1655008017168751e-07
1035,5.586712027216329,0.01246679485926167,1.1145498574430187e-07
1035,5.588633179907944,0.048338854373856856,4.35556841708837e-08
1035,5.5905543325995595,0.032631560946162506,1.0959623266047866e-07
1035,5.592475485291175,0.14506089987781515,1.9459118433412104e-07
1035,5.594396637982789,0.16549048986498927,8.738645691345127e-08
1035,5.596317790674404,0.16118736333942482,1.0457867937464813e-07
1035,5.598238943366019,0.15130355445994295,3.153344262920763e-08
1035,5.6001600960576345,0.09318166089596643,1.2402536404523526e-09
1035,5.602081248749249,0.13764531580530714,6.307028969711574e-08
1035,5.604002401440864,0.17556631467127828,1.1459641216402255e-07
1035,5.605923554132479,0.054339286655995515,1.2194777434390824e-08
1035,5.607844706824094,0.04393324875755197,1.5453935865180536e-07
1035,5.609765859515709,0.02374749274543358,7.674138158850347e-08
1035,5.611687012207324,0.036880970646538176,1.6062522223546754e-07
1035,5.613608164898939,0.12070515840783955,1.8345680612502123e-07
1035,5.615529317590554,0.21518991286303987,4.024111951102164e-08
1035,5.617450470282169,0.07759407535663194,2.6790186542652872e-08
1035,5.619371622973784,0.13639312008429924,4.871392579148514e-08
1035,5.621292775665399,0.019282396249826157,1.9842455516734285e-08
1035,5.623213928357014,0.23260787852073686,6.212304217202096e-08
1035,5.6251350810486285,0.0951409304334443,1.3219786676774052e-07
1035,5.627056233740244,0.08780877601264148,7.479993373950827e-08
1035,5.628977386431859,0.21750488754030547,3.4499100615885363e-07
1035,5.630898539123474,0.16580152926257133,2.643668876101589e-07
1035,5.632819691815088,0.15464026141193846,6.493282517333372e-08
1035,5.6347408445067035,0.12428256002010254,3.808525929881703e-08
1035,5.636661997198319,0.05386511776032215,1.8740128420695863e-07
1035,5.638583149889934,0.1363871332600625,1.89355023438934e-07
1035,5.640504302581548,0.09349826496354467,1.0496865636305411e-07
1035,5.642425455273163,0.07349135296077386,1.7276381815943963e-07
1035,5.644346607964779,0.1839667862238637,3.139750945922988e-08
1035,5.646267760656394,0.09295942623286951,8.393943417508069e-08
1035,5.648188913348008,0.0882326096133581,5.833860974024596e-08
1035,5.650110066039623,0.06775243816763683,1.1989373234227953e-09
1035,5.6520312187312385,0.07984549204788738,2.4882798490976964e-07
1035,5.653952371422854,0.07139571005027691,2.706569673047925e-08
1035,5.655873524114468,0.13553570448472327,1.3832622784059255e-07
1035,5.657794676806083,0.2356129906490148,1.6784806743943179e-07
1035,5.659715829497698,0.06412117037055978,3.651636115240902e-08
1035,5.6616369821893135,0.12113812963239921,1.039658639112447e-07
1035,5.663558134880928,0.06938233611612052,1.08914219887443e-07
1035,5.665479287572543,0.016942410464557873,5.3651874290828824e-08
1035,5.667400440264158,0.10876144458329245,5.509562174445364e-08
1035,5.669321592955773,0.10788797605144483,7.126233528402893e-08
1035,5.671242745647388,0.17988716796655885,3.448223392288991e-09
1035,5.673163898339003,0.04628510896507094,2.701779163762899e-07
1035,5.675085051030618,0.16862963052493024,3.210378821657523e-08
1035,5.677006203722233,0.1677603822996676,3.506565364675364e-08
1035,5.678927356413848,0.22263605821021587,9.112100205294566e-09
1035,5.680848509105463,0.06042678930738764,7.346578344092026e-08
1035,5.682769661797078,0.0223435412221554,1.8561846508859068e-08
1035,5.684690814488693,0.14098693071008417,1.3967796674670864e-07
1035,5.6866119671803075,0.14131161955102953,4.3180644569772634e-08
1035,5.688533119871923,0.04258249731705196,1.0394840998497678e-07
1035,5.690454272563538,0.1785288991109161,4.150315465911634e-08
1035,5.692375425255153,0.15045466928704737,2.038674903590286e-08
1035,5.694296577946767,0.1289561958666668,5.095841901385857e-08
1035,5.6962177306383825,0.0354688830137138,1.4013349884086253e-08
1035,5.698138883329998,0.08541765741634179,6.739360440749117e-08
1035,5.700060036021613,0.25015757835417896,5.0211014673758114e-08
1035,5.701981188713227,0.14848210101771347,6.886385309531646e-08
1035,5.703902341404842,0.2659432575735854,4.784497154520604e-09
1035,5.705823494096458,0.21704579668385057,1.2182492067540824e-07
1035,5.707744646788073,0.026495518650086813,1.9944617381538022e-07
1035,5.709665799479687,0.22822597960900612,1.0470492305596487e-07
1035,5.711586952171302,0.13693592285585987,2.752454706725706e-08
1035,5.7135081048629175,0.07305885431751921,1.4715374301642068e-07
1035,5.715429257554533,0.0931304205929785,3.6905886206454216e-07
1035,5.717350410246147,0.082308222481086,6.543761318553381e-08
1035,5.719271562937762,0.14210245112252,1.5704465492505067e-07
1035,5.721192715629377,0.05285755068780184,9.766365976496464e-08
1035,5.723113868320993,0.13240622916995265,7.995282388121824e-08
1035,5.725035021012607,0.07853551162243547,1.38389441809308e-07
1035,5.726956173704222,0.09527273667734877,9.151806898331345e-08
1035,5.728877326395837,0.1403851637511356,1.497450362152376e-07
1035,5.730798479087452,0.03297764758935728,8.230275341074957e-09
1035,5.732719631779067,0.11044957790852264,1.641006868101e-07
1035,5.734640784470682,0.11434361892745758,1.2364660652550614e-07
1035,5.736561937162297,0.15570425314802638,3.632710432541642e-08
1035,5.738483089853912,0.07302010448173438,1.1181711649047037e-08
1035,5.740404242545527,0.12172907986262325,4.048333710450558e-08
1035,5.742325395237142,0.1250489735663193,1.2287153360603391e-08
1035,5.744246547928757,0.13543088538392464,2.2398959671118104e-07
1035,5.746167700620372,0.17800715636254702,2.731176011921782e-07
1035,5.7480888533119865,0.12290520980817651,1.239784889474658e-07
1035,5.750010006003602,0.08423706353835193,3.415565684534033e-08
1035,5.751931158695217,0.05914542195998621,8.3192900512241e-08
1035,5.753852311386832,0.05799254264103499,1.2850882780824867e-07
1035,5.755773464078446,0.05204084729675245,4.9586869402495e-10
1035,5.757694616770062,0.05689497672235832,5.96098621061735e-08
1035,5.759615769461677,0.17634053166677585,1.379799616768175e-07
1035,5.761536922153292,0.2021136619606233,2.2488184887383084e-07
1035,5.763458074844906,0.15236271959094436,3.768841983380642e-08
1035,5.765379227536521,0.09559585894498614,3.2422093576004534e-07
1035,5.767300380228137,0.16621928564861416,2.3212651279499704e-07
1035,5.769221532919752,0.06399163928509227,1.8249196495714897e-07
1035,5.771142685611366,0.024687422987833142,1.5292857174826364e-08
1035,5.773063838302981,0.12165274325879286,6.894701026807821e-08
1035,5.7749849909945965,0.12522608073917177,5.080872594181783e-08
1035,5.776906143686212,0.11075569840003283,6.113871584167718e-09
1035,5.778827296377826,0.14114826219526275,8.610913025019653e-08
1035,5.780748449069441,0.09290782772472597,6.27270642259912e-08
1035,5.782669601761056,0.09575973196703935,7.61394029031275e-08
1035,5.784590754452672,0.1369180633434375,8.084100206905044e-08
1035,5.786511907144286,0.07186717047030335,1.95125800282001e-08
1035,5.788433059835901,0.06493110076295133,1.1516780365599847e-07
1035,5.790354212527516,0.22613114659133823,8.00269346572003e-09
1035,5.7922753652191314,0.05752667741349627,1.524829027593959e-08
1035,5.794196517910746,0.011174260001997062,4.7531107889692804e-08
1035,5.796117670602361,0.05746433853347453,6.2437643210881e-10
1035,5.798038823293976,0.08105850534286829,1.435120450919292e-07
1035,5.799959975985591,0.10418944774646743,1.4818459730127725e-07
1035,5.801881128677206,0.10285615877248559,8.500296178209432e-08
1035,5.803802281368821,0.07970906553309999,8.999276903816372e-08
1035,5.805723434060436,0.12034133504896677,1.9401414805993687e-08
1035,5.807644586752051,0.13147696491475375,2.877653970666749e-08
1035,5.8095657394436655,0.11420295473425315,3.271980792255837e-08
1035,5.811486892135281,0.07994878805328326,9.93862454758602e-08
1035,5.813408044826896,0.06684094036985191,3.621353802147601e-08
1035,5.815329197518511,0.21715502247701177,1.4973427507910478e-07
1035,5.817250350210125,0.17702660682273416,6.517781350068149e-08
1035,5.819171502901741,0.2427135927671886,1.618339640039717e-07
1035,5.821092655593356,0.19115929485292824,5.3308480995651784e-08
1035,5.823013808284971,0.15415096486848648,3.970124284184834e-08
1035,5.824934960976585,0.1964739360876853,3.481954359365485e-08
1035,5.8268561136682,0.14596538204506576,2.629695733304819e-07
1035,5.828777266359816,0.14148341136822776,7.170749064914875e-08
1035,5.830698419051431,0.028605418140719322,1.245424869128745e-07
1035,5.832619571743045,0.09181781706169376,4.587180994626951e-08
1035,5.83454072443466,0.06453923316727125,4.548030260971146e-08
1035,5.8364618771262755,0.043655177182172586,1.5734254217962742e-08
1035,5.838383029817891,0.08817600046128284,6.08219916653642e-09
1035,5.840304182509505,0.08977194960178288,1.9654581160351616e-07
1035,5.84222533520112,0.11117306162782446,2.3304948566755495e-08
1035,5.844146487892735,0.1196560426837111,3.654881061898746e-07
1035,5.846067640584351,0.12452734835004649,6.516646054449761e-08
1035,5.847988793275965,0.11681164854757836,1.7809132885163833e-08
1035,5.84990994596758,0.15834833710815288,1.2927517277741376e-09
1035,5.851831098659195,0.0399309812247243,8.813657208102145e-08
1035,5.8537522513508105,0.26594712705078144,1.6915912875248774e-09
1035,5.855673404042425,0.22029256325343424,4.691105911175432e-07
1035,5.85759455673404,0.13421017097756288,4.4301711788782285e-07
1035,5.859515709425655,0.010281076335876849,6.577161421700656e-08
1035,5.86143686211727,0.23235659724006344,4.320112782884151e-08
1035,5.863358014808885,0.1570259132938892,8.429641234093631e-08
1035,5.8652791675005,0.04146550911222504,1.0583610842978894e-07
1035,5.867200320192115,0.14906866878340205,1.0322464140074535e-07
1035,5.86912147288373,0.05260434040923676,2.947749246485738e-08
1035,5.8710426255753445,0.11273673483961515,5.1991256262964794e-08
1035,5.87296377826696,0.06841593431883536,1.304704793032255e-07
1035,5.874884930958575,0.1458495064117799,2.5835517959404846e-09
1035,5.87680608365019,0.13329421307245037,1.1359371817705112e-08
1035,5.878727236341804,0.162547474350845,8.752077171204756e-08
1035,5.88064838903342,0.08449495504086259,9.285250263822337e-09
1035,5.882569541725035,0.13980168949830576,1.618402802308425e-07
1035,5.88449069441665,0.0724649140230177,3.584277489701897e-07
1035,5.886411847108264,0.11670117498116214,5.883392212213169e-08
1035,5.8883329997998795,0.14761548429664453,2.803973661191323e-07
1035,5.890254152491495,0.163011859023217,2.6856400055005182e-08
1035,5.89217530518311,0.22019965977442968,8.604866461562716e-09
1035,5.894096457874724,0.110036305275045,2.2914815277548905e-07
1035,5.896017610566339,0.02280903010797669,2.3017877306370655e-07
1035,5.8979387632579545,0.19290189220500836,3.633659626190952e-08
1035,5.89985991594957,0.05615362147276744,8.195206972638404e-08
1035,5.901781068641184,0.10490697088505527,7.548625941799242e-08
1035,5.903702221332799,0.19998410135002406,5.365005418178201e-08
1035,5.905623374024414,0.09581674919338165,5.8402384107305184e-08
1035,5.90754452671603,0.023852921527056425,1.5126114726805406e-07
1035,5.909465679407644,0.06472303068191858,4.827891375166635e-08
1035,5.911386832099259,0.04538471708549133,2.1122529843971099e-07
1035,5.913307984790874,0.030902619903857,7.458993773845196e-08
1035,5.9152291374824895,0.03881561250512158,1.3680030677124814e-08
1035,5.917150290174104,0.07240279664755789,6.206273577207253e-08
1035,5.919071442865719,0.2230317018716553,4.8408738857093485e-08
1035,5.920992595557334,0.07825316868452221,5.500908454221087e-08
1035,5.922913748248949,0.02971240926886579,1.524483353655245e-07
1035,5.924834900940564,0.08689507803810018,5.368727807124148e-08
1035,5.926756053632179,0.03590841651172779,1.8338409039420435e-07
1035,5.928677206323794,0.08404159965077772,2.353982394929503e-08
1035,5.930598359015409,0.00578866562923611,9.8360709791612e-08
1035,5.9325195117070235,0.10449879398768916,5.547836223619555e-08
1035,5.934440664398639,0.057419294015920594,1.876005626545927e-08
1035,5.936361817090254,0.040643774218461805,4.794313144743087e-08
1035,5.938282969781869,0.1521798877344987,7.097564756026307e-09
1035,5.940204122473483,0.15249015348103112,5.655963686069596e-07
1035,5.942125275165099,0.23842097228978504,8.577267643719762e-09
1035,5.944046427856714,0.0865319579083054,5.084304479171875e-07
1035,5.945967580548329,0.16180211366651145,3.5306252606989845e-08
1035,5.947888733239943,0.12687350246748463,5.742893503790444e-08
1035,5.9498098859315585,0.09057663210109071,5.316225537312488e-08
1035,5.951731038623174,0.11429561358992772,3.7044122178952336e-08
1035,5.953652191314789,0.19158049928540635,5.7148890723438183e-08
1035,5.955573344006403,0.08140249771026396,5.1730055503486054e-08
1035,5.957494496698018,0.1628869436976659,2.5918989143600715e-09
1035,5.9594156493896335,0.05456766480520432,3.1716851429294834e-08
1035,5.961336802081249,0.18178997305100808,3.8197436632891764e-07
1035,5.963257954772863,0.20799508807851594,2.7209596187687582e-08
1035,5.965179107464478,0.2020205874148352,4.0159227739790986e-07
1035,5.967100260156093,0.15240738936609532,1.9284297246499857e-07
1035,5.969021412847709,0.251610918079095,1.0981308714976665e-07
1035,5.970942565539323,0.03747598003572332,1.1997434272591818e-07
1035,5.972863718230938,0.04070329218777536,5.4455968323676526e-08
1035,5.974784870922553,0.12078243779585877,1.849502838459121e-07
1035,5.9767060236141685,0.19783460107319864,4.0831925429171944e-08
1035,5.978627176305783,0.05163580195916138,4.2341516185716646e-08
1035,5.980548328997398,0.2522711700856456,8.151614329225362e-09
1035,5.982469481689013,0.08797250776919137,1.3042068425605056e-07
1035,5.984390634380628,0.16512216381187803,4.750258185047964e-07
1035,5.986311787072243,0.0855342735569684,3.6682344691509725e-08
1035,5.988232939763858,0.07778810164485854,6.386028847364685e-08
1035,5.990154092455473,0.183239015071411,6.651886007599094e-09
1035,5.992075245147088,0.057025837235275906,3.19876904522996e-10
1035,5.9939963978387025,0.14301744291814222,2.3507362441306797e-07
1035,5.995917550530318,0.15146325986129966,6.616855798564751e-07
1035,5.997838703221933,0.07407559267163104,2.781563932317913e-07
1035,5.999759855913548,0.17897334313365462,7.350762879035306e-08
