window,start,end_exclusive,center,f0_cycles_per_day,air_to_5_rad,5_to_20_rad,20_to_50_rad,F_real_1275,F_imag_1275,F_abs_1275,F_real_996,F_imag_996,F_abs_996,F_real_1012,F_imag_1012,F_abs_1012,F_real_1035,F_imag_1035,F_abs_1035,air_to_5_reason,5_to_20_reason,20_to_50_reason,status,reason,scientific_reliability
0,2025-04-29,2025-05-29,2025-05-14,1,0.3017121655822903,1.4229858808245757,-0.93811923712841461,-3.100012655128479,1.6333157994034602,3.5039690299056137,-8.958819118424195,8.9808649662398263,12.685281847025582,2.7946597125253745,3.762807333264131,4.6870931221897791,-0.35244927888073385,1.1421934480242824,1.1953352529282939,,,,ВЫЧИСЛЕНО / ТРЕБУЕТ ПРОВЕРКИ,,НЕ УСТАНОВЛЕНА
1,2025-04-30,2025-05-30,2025-05-15,1,0.63931506821731476,1.452599984282525,-0.99509447613199065,-4.5955657424163991,0.65890923756670328,4.6425624256677391,-8.7088713112143594,8.6451070722044765,12.271198629521583,2.7880230065026574,3.5662833332799084,4.5267481814231916,-0.87045941679690952,2.5283721503086021,2.6740167027800257,,,,ВЫЧИСЛЕНО / ТРЕБУЕТ ПРОВЕРКИ,,НЕ УСТАНОВЛЕНА
2,2025-05-01,2025-05-31,2025-05-16,1,0.02014452646238718,1.4550073140319455,-0.98645964271703912,-5.1629197328621395,4.9871631417469056,7.1782683406498622,-8.5538823265016237,8.6024430553325004,12.131402613707749,2.808607134498875,3.5273694131794717,4.5089476613720052,-0.75634943143570721,2.3289076181085608,2.4486476177917491,,,,ВЫЧИСЛЕНО / ТРЕБУЕТ ПРОВЕРКИ,,НЕ УСТАНОВЛЕНА
3,2025-05-02,2025-06-01,2025-05-17,1,0.023525700052998921,1.4599756035115661,-0.97765320878852391,-5.1343831856576081,4.9707348321042426,7.1463344078106195,-8.4076075479978094,8.53181836308306,11.978304941092084,2.8255366801055981,3.4804742066919139,4.4830077218391979,-0.68212678953921213,2.2388428120858053,2.3404516859434099,,,,ВЫЧИСЛЕНО / ТРЕБУЕТ ПРОВЕРКИ,,НЕ УСТАНОВЛЕНА
4,2025-05-03,2025-06-02,2025-05-18,1,0.02699041414708736,1.4889444689490778,-1.0124389117827239,-5.1050947914871294,4.9413848672942233,7.1048770036358384,-8.1339727138429705,8.3098727187778607,11.628219842771744,2.8008262099618788,3.2307288297204599,4.2757731733098696,-0.64763364599955231,2.1070799970450271,2.2043628225357876,,,,ВЫЧИСЛЕНО / ТРЕБУЕТ ПРОВЕРКИ,,НЕ УСТАНОВЛЕНА
5,2025-05-04,2025-06-03,2025-05-19,1,0.030471301944338336,1.4837879721093934,-0.96920709515239301,-5.1216883803122109,4.8836200682505515,7.076823922922248,-8.1706471403645313,8.2805690696213379,11.633026210282374,2.7407530842067036,3.2206455395917502,4.2289815748334485,-0.56677820286253711,2.0956484262172967,2.1709398558106394,,,,ВЫЧИСЛЕНО / ТРЕБУЕТ ПРОВЕРКИ,,НЕ УСТАНОВЛЕНА
6,2025-05-05,2025-06-04,2025-05-20,1,-0.10231044699939407,1.7326575628219034,-1.0669564008536665,-5.0947570087456837,4.7907429402747681,6.993408818162699,-7.827114982493498,5.9792069233264673,9.8496012295488065,2.5322826149446191,2.3904349276825516,3.4823317454595628,-0.51965410751769348,2.0120212202765471,2.0780447017095507,,,,ВЫЧИСЛЕНО / ТРЕБУЕТ ПРОВЕРКИ,,НЕ УСТАНОВЛЕНА
7,2025-05-06,2025-06-05,2025-05-21,1,-0.036799357107520247,1.6431149411271431,-1.012187492946715,-5.019985828242989,4.7024964419951836,6.8784976922826546,-7.870256579427239,6.8466270368157236,10.43155023988639,2.5886034236230477,2.573758085540685,3.6503559234243195,-0.44686460150876206,1.9622355359374535,2.012475160238588,,,,ВЫЧИСЛЕНО / ТРЕБУЕТ ПРОВЕРКИ,,НЕ УСТАНОВЛЕНА
8,2025-05-07,2025-06-06,2025-05-22,1,0.11353931738705558,1.3798781785283056,-0.90285654774824131,-4.9801568732180481,4.6340177062117478,6.8026526137489158,-8.4916717488195932,9.9226027629990838,13.060112353344357,2.9131628567095782,3.6617454888454519,4.6791984201134627,-0.45216183390991066,1.9239830600226306,1.9764010573005721,,,,ВЫЧИСЛЕНО / ТРЕБУЕТ ПРОВЕРКИ,,НЕ УСТАНОВЛЕНА
9,2025-05-08,2025-06-07,2025-05-23,1,0.082883914346071563,1.4239713697823353,-0.89785937891331802,-4.9647455743727189,4.6347436991124136,6.7918736571520322,-8.5292251085283599,9.3998339418116252,12.692697076885766,2.9015537265086868,3.536489145096998,4.5744693136150056,-0.40692053776001008,1.902003444198493,1.9450453531457372,,,,ВЫЧИСЛЕНО / ТРЕБУЕТ ПРОВЕРКИ,,НЕ УСТАНОВЛЕНА
10,2025-05-09,2025-06-08,2025-05-24,1,0.050039279997401653,1.4695699245139391,-0.95276415614117527,-4.9790784605301228,4.636700833506997,6.8036914197779064,-8.7387470457345291,8.9949908521151691,12.540955320826621,2.9260878721395596,3.4837177659374494,4.5495362080315864,-0.46950190684990439,1.8074401524233634,1.8674238793396338,,,,ВЫЧИСЛЕНО / ТРЕБУЕТ ПРОВЕРКИ,,НЕ УСТАНОВЛЕНА
11,2025-05-10,2025-06-09,2025-05-25,1,0.046085309096166593,1.4689241146945822,-0.93661077451966657,-4.9764569656408106,4.6332263022273716,6.7994051135762215,-8.7819951420098636,8.9662878431150688,12.550607808384338,2.8570379723871158,3.4342304686454264,4.4672815992988921,-0.4505530984312317,1.8198144290850475,1.8747593581076267,,,,ВЫЧИСЛЕНО / ТРЕБУЕТ ПРОВЕРКИ,,НЕ УСТАНОВЛЕНА
12,2025-05-11,2025-06-10,2025-05-26,1,0.048704583032987081,1.4702118365350882,-0.91318025553312721,-5.0032360076656337,4.6367321416238507,6.8214115475882009,-8.803987494929352,8.9945042502878874,12.586155192087823,2.8797995114141677,3.4502901303208029,4.4941903841882826,-0.40654476165149195,1.8381823012321472,1.8826026707166281,,,,ВЫЧИСЛЕНО / ТРЕБУЕТ ПРОВЕРКИ,,НЕ УСТАНОВЛЕНА
13,2025-05-12,2025-06-11,2025-05-27,1,0.049123002129420001,1.4726219594432397,-0.92494793749086313,-5.0235366169430575,4.6358745732433331,6.8357335524881124,-8.8831405167729205,9.0447004768479839,12.677412675961401,2.9070332699059542,3.4778408084767181,4.5327937435367716,-0.41355098422744119,1.7765293297923108,1.8240287487229476,,,,ВЫЧИСЛЕНО / ТРЕБУЕТ ПРОВЕРКИ,,НЕ УСТАНОВЛЕНА
14,2025-05-13,2025-06-12,2025-05-28,1,0.044020715148495704,1.474997624598303,-0.91586693166380284,-5.0230032021485522,4.6410867777021814,6.8388776598910308,-8.9806166320130725,9.0622093632025944,12.758335065113574,2.9327817516680539,3.5237542931578498,4.5845450288404317,-0.38789522140590599,1.7205167278111997,1.7637008004385819,,,,ВЫЧИСЛЕНО / ТРЕБУЕТ ПРОВЕРКИ,,НЕ УСТАНОВЛЕНА
15,2025-05-14,2025-06-13,2025-05-29,1,-0.29398539594758333,1.4963337234253764,-0.91662324473388734,-3.153270230737157,5.8066512805577686,6.6075950422265084,-9.0647387148355616,8.9552716750787891,12.742306649218074,2.9852721764845489,3.5094753205909837,4.6074143501024505,-0.36249955604215855,1.6861576856605613,1.7246836431771893,,,,ВЫЧИСЛЕНО / ТРЕБУЕТ ПРОВЕРКИ,,НЕ УСТАНОВЛЕНА
16,2025-05-15,2025-06-14,2025-05-30,1,-0.10106513600677136,1.4859528056013716,-0.89417549213703662,-1.6690467424988984,2.0379970968451984,2.6342264890088023,-9.0773966649399878,9.0436012918536033,12.81350282080118,2.9559106851264891,3.5187281206556067,4.5955256027507332,-0.33486321533845931,1.6911033314792783,1.7239384706906233,,,,ВЫЧИСЛЕНО / ТРЕБУЕТ ПРОВЕРКИ,,НЕ УСТАНОВЛЕНА
17,2025-05-16,2025-06-15,2025-05-31,1,-0.092688269124998168,1.495708451119242,-0.89443228755887105,-1.654412177407288,1.9949599103984763,2.5917069079760195,-8.9697217743737365,8.9761656246403216,12.689659492305099,3.0131480058432376,3.5008385943182958,4.6189751859677255,-0.31202177574199341,1.6788023774134604,1.7075523450091576,,,,ВЫЧИСЛЕНО / ТРЕБУЕТ ПРОВЕРКИ,,НЕ УСТАНОВЛЕНА
18,2025-05-17,2025-06-16,2025-06-01,1,-0.092387211443427653,1.4887324445970282,-0.8723187294406074,-1.631114380272918,1.9693757252800885,2.557141933654755,-8.9437071673807491,8.9667495102623391,12.664615851878322,2.9877444089042866,3.5140907382003648,4.6125318827347321,-0.28153221209719903,1.6630386015892535,1.686700262887358,,,,ВЫЧИСЛЕНО / ТРЕБУЕТ ПРОВЕРКИ,,НЕ УСТАНОВЛЕНА
19,2025-05-18,2025-06-17,2025-06-02,1,-0.084521875356388776,1.4779426221286531,-0.87761497342781203,-1.6335311459439272,1.9622801699447379,2.5532268740022359,-8.8535331705026969,8.9720790338091518,12.604889995160978,2.9525107495111964,3.5110790249516235,4.5874824953817983,-0.29988575950722102,1.6629095141663837,1.6897335651102812,,,,ВЫЧИСЛЕНО / ТРЕБУЕТ ПРОВЕРКИ,,НЕ УСТАНОВЛЕНА
20,2025-05-19,2025-06-18,2025-06-03,1,-0.087935734224090734,1.4740135095023401,-0.88992101438459237,-1.6392665034240275,1.9492214234795633,2.5468919935874257,-8.9032637237217713,8.8717169661674866,12.568829176256797,2.929516540986429,3.5724141944327883,4.6199794740342686,-0.33351257706161641,1.6196293066465501,1.6536111181310633,,,,ВЫЧИСЛЕНО / ТРЕБУЕТ ПРОВЕРКИ,,НЕ УСТАНОВЛЕНА
21,2025-05-20,2025-06-19,2025-06-04,1,-0.19534326120810119,1.6738909217558646,-0.77693407362666189,-1.5658896486320337,1.8763630677379597,2.4439207748337428,-8.9660895696342315,7.2506243911173609,11.530928680369581,2.8142412796515921,2.8272009643049971,3.9891125921264914,0.010444605256380543,1.693643877375665,1.69367608271211,,,,ВЫЧИСЛЕНО / ТРЕБУЕТ ПРОВЕРКИ,,НЕ УСТАНОВЛЕНА
22,2025-05-21,2025-06-20,2025-06-05,1,-0.030978896313322846,1.4111240376838996,-0.68340638090609929,-1.6313572504262515,1.8946890636397886,2.5002346142701324,-9.5377773905454699,10.407223815662368,14.116639299099852,3.0492457398222963,3.8544379011977319,4.9147320492590438,-0.023224714625263002,1.6451793876182554,1.645343309104031,,,,ВЫЧИСЛЕНО / ТРЕБУЕТ ПРОВЕРКИ,,НЕ УСТАНОВЛЕНА
23,2025-05-22,2025-06-21,2025-06-06,1,-0.055976273047252612,1.4326793003891671,-0.70015043663406695,-1.6414046524775627,1.8774784921589833,2.4938193041386456,-9.6916695595500943,9.907485898583257,13.859535911499202,2.9450945872757908,3.8081212413647068,4.8140803396842307,-0.067982725638532776,1.6231697449755778,1.6245927711242982,,,,ВЫЧИСЛЕНО / ТРЕБУЕТ ПРОВЕРКИ,,НЕ УСТАНОВЛЕНА
24,2025-05-23,2025-06-22,2025-06-07,1,-0.086532456309540873,1.4634799968670436,-0.74936808084406969,-1.631862511882324,1.8953941633966158,2.5010986170730742,-9.9173393051794427,9.6829462074002652,13.860485783314532,2.950926249123647,3.7545300538670952,4.7754017268873001,-0.13384815048666104,1.604179261506925,1.6097535309598185,,,,ВЫЧИСЛЕНО / ТРЕБУЕТ ПРОВЕРКИ,,НЕ УСТАНОВЛЕНА
25,2025-05-24,2025-06-23,2025-06-08,1,-0.093814947480883593,1.4725898930072168,-0.74129493941065583,-1.6450262528720074,1.9224538984307387,2.5302055972251867,-9.9725522513929619,9.6544602525885281,13.880216178992839,2.95214255971322,3.7187156247933655,4.7480513467055552,-0.11303696403488028,1.605075083388241,1.6090504586718191,,,,ВЫЧИСЛЕНО / ТРЕБУЕТ ПРОВЕРКИ,,НЕ УСТАНОВЛЕНА
26,2025-05-25,2025-06-24,2025-06-09,1,-0.1009589726650284,1.4660366325950216,-0.71355224213943114,-1.6389344942705468,1.9535003297100053,2.5499548652254518,-10.019986355739064,9.7507255507172044,13.981300917103756,3.0265469655761255,3.843647368403035,4.892199058446991,-0.074714452202165826,1.60449471144127,1.6062333356056566,,,,ВЫЧИСЛЕНО / ТРЕБУЕТ ПРОВЕРКИ,,НЕ УСТАНОВЛЕНА
27,2025-05-26,2025-06-25,2025-06-10,1,-0.093319420963911881,1.4625034585672605,-0.68027801776323793,-1.7130074431608788,2.005993599315965,2.6378788487762646,-9.9854051828763879,9.6960487727411699,13.918393530490155,3.0153209667603202,3.8659708744471559,4.9028452285033532,-0.02878017376635077,1.6100300674809536,1.6102872776603387,,,,ВЫЧИСЛЕНО / ТРЕБУЕТ ПРОВЕРКИ,,НЕ УСТАНОВЛЕНА
28,2025-05-27,2025-06-26,2025-06-11,1,-0.089027722340653703,1.4777429436957936,-0.67455425725479401,-1.7121131069350581,1.9825616964543371,2.6195194542485685,-10.050326201343381,9.7345626997392518,13.99181073730502,3.1035341900605249,3.8663593454602871,4.9578885684434999,0.0028804301853403466,1.5722459966744655,1.572248635215479,,,,ВЫЧИСЛЕНО / ТРЕБУЕТ ПРОВЕРКИ,,НЕ УСТАНОВЛЕНА
29,2025-05-28,2025-06-27,2025-06-12,1,-0.073017175384288535,1.4583707307151812,-0.64759451571017967,-1.7747095800039869,1.993090309609026,2.6687081285924341,-10.114278238999951,9.8129123141282086,14.092262855222257,3.0851716607921951,3.9928906426003854,5.0459349837588068,0.01637449548504159,1.5965442275510513,1.5966281954885342,,,,ВЫЧИСЛЕНО / ТРЕБУЕТ ПРОВЕРКИ,,НЕ УСТАНОВЛЕНА
30,2025-05-29,2025-06-28,2025-06-13,1,-0.063866859324602121,1.4615466756453968,-0.68724763078106399,-1.7836330475884068,1.97271891548942,2.6595049855150226,-10.120574704130846,9.8495302308160788,14.122297196619712,3.1494904861299817,4.0365551318335662,5.119869886486879,-0.039292411633277256,1.592345819135158,1.5928305312647597,,,,ВЫЧИСЛЕНО / ТРЕБУЕТ ПРОВЕРКИ,,НЕ УСТАНОВЛЕНА
31,2025-05-30,2025-06-29,2025-06-14,1,-0.74210387050995585,1.4390354938404526,-0.65349339857765409,-0.15684771395348071,2.7731448026896417,2.7775768759940749,-10.270374496180573,10.002653144325876,14.336445243416817,3.1530382257031624,4.2310393903474219,5.2766792943495089,-0.020400411287344763,1.5618336517681977,1.5619668794748103,,,,ВЫЧИСЛЕНО / ТРЕБУЕТ ПРОВЕРКИ,,НЕ УСТАНОВЛЕНА
32,2025-05-31,2025-06-30,2025-06-15,1,2.5571109159072778,1.4303065691192565,-0.70752865238021823,0.35660113149073219,-1.628817879779676,1.6673967891508097,-10.302471348063612,10.005638847275369,14.36153629037568,3.1281082517099721,4.2876431073215793,5.3074423831237461,-0.11784002058384553,1.5226854144830895,1.5272384037637146,,,,ВЫЧИСЛЕНО / ТРЕБУЕТ ПРОВЕРКИ,,НЕ УСТАНОВЛЕНА
33,2025-06-01,2025-07-01,2025-06-16,1,2.538877606370793,1.4236612006374472,-0.72884640936118927,0.33755353898208001,-1.6579895603571024,1.692002297259807,-10.403424845115893,10.032192158285284,14.452547457411629,3.1043278863212462,4.3474414675158854,5.3420126300176802,-0.1635110921636482,1.4976552614339544,1.5065547316182561,,,,ВЫЧИСЛЕНО / ТРЕБУЕТ ПРОВЕРКИ,,НЕ УСТАНОВЛЕНА
34,2025-06-02,2025-07-02,2025-06-17,1,2.5227099565548174,1.4023087223833155,-0.72322957678987665,0.29100193636850991,-1.5915178044093343,1.6179032878148589,-10.528774244033665,10.231214681342442,14.68103678006236,3.1031321530964227,4.5108356569245549,5.4751317320556607,-0.18445206447958426,1.5213769066991156,1.5325176202341526,,,,ВЫЧИСЛЕНО / ТРЕБУЕТ ПРОВЕРКИ,,НЕ УСТАНОВЛЕНА
35,2025-06-03,2025-07-03,2025-06-18,1,2.5038018431717957,1.5559008289298371,-0.90344965625428619,0.37855833137510203,-1.4694065354170684,1.5173865613547175,-10.145123221156277,8.2184394884512244,13.056273312005182,2.9044332200051759,3.6965738614466797,4.7011052575538503,-0.32056301377495661,1.3243614404270823,1.3626055447893126,,,,ВЫЧИСЛЕНО / ТРЕБУЕТ ПРОВЕРКИ,,НЕ УСТАНОВЛЕНА
36,2025-06-04,2025-07-04,2025-06-19,1,2.6035038239625727,1.3457847591316918,-0.84005671094298329,0.31782177197836131,-1.406863273361127,1.4423158283385269,-10.633685874560753,11.182046873028208,15.430925038682314,3.0741557608886612,4.6361569091266333,5.5627677039624404,-0.32419503131950694,1.2460274172220771,1.2875118418101545,,,,ВЫЧИСЛЕНО / ТРЕБУЕТ ПРОВЕРКИ,,НЕ УСТАНОВЛЕНА
37,2025-06-05,2025-07-05,2025-06-20,1,2.5561771679726704,1.3615588808507493,-0.84836069154970506,0.29706208859636607,-1.4886221078033122,1.5179728799692078,-10.793158555702968,10.858437710730582,15.310060128110543,3.0471595835314198,4.6593299494739817,5.5672737588134273,-0.32995471117021308,1.1960041389908875,1.2406836872896947,,,,ВЫЧИСЛЕНО / ТРЕБУЕТ ПРОВЕРКИ,,НЕ УСТАНОВЛЕНА
38,2025-06-06,2025-07-06,2025-06-21,1,2.5485308678509107,1.3691995712096592,-0.90030104678291067,0.30041562708997666,-1.4585927738577642,1.4892086586338231,-10.873641128754693,10.641571916604398,15.214438019631519,2.9932382336045551,4.6390162013783502,5.5208646460280963,-0.40370533424189636,1.1891358630421069,1.2557954043825204,,,,ВЫЧИСЛЕНО / ТРЕБУЕТ ПРОВЕРКИ,,НЕ УСТАНОВЛЕНА
39,2025-06-07,2025-07-07,2025-06-22,1,2.5115734315933578,1.3918565864828087,-0.98877932736665386,0.27150725779758816,-1.4961454411301909,1.5205812612456526,-10.850038904420153,10.338477848099284,14.986909903081104,3.04941801230507,4.6309319234595145,5.5447705717628244,-0.49557473909661592,1.1513523906057099,1.2534778216562756,,,,ВЫЧИСЛЕНО / ТРЕБУЕТ ПРОВЕРКИ,,НЕ УСТАНОВЛЕНА
40,2025-06-08,2025-07-08,2025-06-23,1,2.5063254423471779,1.3917966850309611,-0.99034180609869038,0.26989762643915099,-1.4774986216654982,1.5019477040765881,-10.788487697083584,10.148680808326144,14.811724711842684,2.9872086122995309,4.6009962428077653,5.4856705806790531,-0.50745094233252686,1.1533435003406041,1.2600427328674557,,,,ВЫЧИСЛЕНО / ТРЕБУЕТ ПРОВЕРКИ,,НЕ УСТАНОВЛЕНА
41,2025-06-09,2025-07-09,2025-06-24,1,1.840127295892664,1.4009329271666795,-1.016888674443535,-1.9239729684423794,-3.7151874484024114,4.1838128256488485,-10.825128017237731,10.027574655244209,14.755868326062052,3.0037517349087963,4.6117528091007332,5.5037067924459881,-0.53532204868792121,1.1383283599398377,1.2579193737496668,,,,ВЫЧИСЛЕНО / ТРЕБУЕТ ПРОВЕРКИ,,НЕ УСТАНОВЛЕНА
42,2025-06-10,2025-07-10,2025-06-25,1,0.56923684540486708,1.3945063657884003,-1.0466454053303247,-2.9834383669390907,0.52208120987248485,3.028774220543041,-10.847798537835372,9.9543723723375734,14.722916234381719,2.9377846743197873,4.6220613496495391,5.476680556011309,-0.59274348677057731,1.1372776508835076,1.2824762361572439,,,,ВЫЧИСЛЕНО / ТРЕБУЕТ ПРОВЕРКИ,,НЕ УСТАНОВЛЕНА
43,2025-06-11,2025-07-11,2025-06-26,1,0.58201580101308847,1.3856532133633008,-1.0651786243498274,-3.0019111115280266,0.48892895445554246,3.0414670545676508,-10.907119547802143,10.028813454784336,14.816961771595112,2.8924284905338613,4.6306852019541367,5.4597974332798298,-0.64119114310467884,1.1548170279462042,1.320881694183998,,,,ВЫЧИСЛЕНО / ТРЕБУЕТ ПРОВЕРКИ,,НЕ УСТАНОВЛЕНА
44,2025-06-12,2025-07-12,2025-06-27,1,0.57324960441976547,1.3951049203696613,-1.0560330258459194,-3.0291411454961499,0.52359295137835571,3.0740601259687201,-10.905283759332237,10.046051880971385,14.827284723330976,2.9305201204306774,4.5849368975618887,5.4414698869766314,-0.62015258813214735,1.1702249022665001,1.3243925228011673,,,,ВЫЧИСЛЕНО / ТРЕБУЕТ ПРОВЕРКИ,,НЕ УСТАНОВЛЕНА
45,2025-06-13,2025-07-13,2025-06-28,1,0.55639541212209043,1.3860271140238449,-1.0857271643180635,-3.0035431123042877,0.57412463456433283,3.0579225502756207,-10.878652502288013,10.038745509996716,14.802752841279775,2.8725135347311088,4.5766743956824349,5.4034509835204938,-0.64275927652928222,1.1091091717666282,1.2818980624298104,,,,ВЫЧИСЛЕНО / ТРЕБУЕТ ПРОВЕРКИ,,НЕ УСТАНОВЛЕНА
46,2025-06-14,2025-07-14,2025-06-29,1,0.55049731551278258,1.3998232808615851,-1.1457871337091321,-2.9313192609165171,0.55651015520366176,2.9836782940298638,-10.910880529327583,9.9249455969608391,14.749639284670392,2.9179362427276376,4.5811606687391144,5.4315177427148011,-0.71929489936202595,1.1011274662915751,1.3152440265098835,,,,ВЫЧИСЛЕНО / ТРЕБУЕТ ПРОВЕРКИ,,НЕ УСТАНОВЛЕНА
47,2025-06-15,2025-07-15,2025-06-30,1,0.51987735412524527,1.392625134290447,-1.1923814670340014,-2.9203112999165786,0.62704331644147215,2.9868715086381563,-11.014279049798494,9.8843562120225403,14.799149999678313,2.819494736179355,4.5657293827099599,5.3661378442492662,-0.75529095079341668,1.016196932731168,1.2661439990943595,,,,ВЫЧИСЛЕНО / ТРЕБУЕТ ПРОВЕРКИ,,НЕ УСТАНОВЛЕНА
48,2025-06-16,2025-07-16,2025-07-01,1,0.50979853836319489,1.3894195525281887,-1.2342690711155271,-2.953807447824873,0.64392885206551242,3.0231809084717538,-11.120890386201669,9.8414777511055469,14.850215059298575,2.7850736108809113,4.6140956755242746,5.3894817859342519,-0.79079256693919386,0.95579606363092851,1.2405236794106984,,,,ВЫЧИСЛЕНО / ТРЕБУЕТ ПРОВЕРКИ,,НЕ УСТАНОВЛЕНА
49,2025-06-17,2025-07-17,2025-07-02,1,0.40574017256407391,1.5815638968787784,-1.5266662497545473,-2.9146533607954006,0.61352562011644751,2.9785261288320428,-10.679570238474639,7.5152678697233446,13.058808201065261,2.5960220218532402,3.6059451470381338,4.4432162609302344,-1.0052954182866702,0.79335487412899808,1.280636886214203,,,,ВЫЧИСЛЕНО / ТРЕБУЕТ ПРОВЕРКИ,,НЕ УСТАНОВЛЕНА
50,2025-06-18,2025-07-18,2025-07-03,1,0.4941038348300002,1.5256697549439329,-1.5648362798707862,-2.9167488264234067,0.51945329884211833,2.9626433207729006,-10.75138139437578,8.5239403802821005,13.720414042365247,2.688010237137163,3.7239182891581653,4.592707965817211,-0.97795339942397508,0.71481330428815248,1.2113426069581867,,,,ВЫЧИСЛЕНО / ТРЕБУЕТ ПРОВЕРКИ,,НЕ УСТАНОВЛЕНА
51,2025-06-19,2025-07-19,2025-07-04,1,0.61054698094571513,1.3542591887378723,-1.3740196779660121,-2.9700743739458297,0.50498855269237264,3.0126989934475779,-10.751122468907331,10.613613172646435,15.107462358715907,2.8058726006895762,4.4514156401622413,5.261940920685209,-0.8257369790889979,0.78356887090070304,1.1383416596433722,,,,ВЫЧИСЛЕНО / ТРЕБУЕТ ПРОВЕРКИ,,НЕ УСТАНОВЛЕНА
52,2025-06-20,2025-07-20,2025-07-05,1,0.57824695082544864,1.3864143807123659,-1.3399984598787351,-2.9324223068125681,0.4951230751365806,2.9739279488623538,-10.715552769895263,9.8931505856263513,14.584152346786873,2.7333916422394529,4.348882703748937,5.1365563017289277,-0.80727652837147035,0.81789147539023255,1.1491918285366916,,,,ВЫЧИСЛЕНО / ТРЕБУЕТ ПРОВЕРКИ,,НЕ УСТАНОВЛЕНА
53,2025-06-21,2025-07-21,2025-07-06,1,0.56477837072569459,1.4176247230841428,-1.3288897604201848,-2.9674802849628037,0.52159252682350699,3.0129716237762767,-10.561914135779173,9.6201887538141868,14.286429290434501,2.7649104125157384,4.169042764953458,5.0025640590849738,-0.77365622970289005,0.84171551958229984,1.1432536803631081,,,,ВЫЧИСЛЕНО / ТРЕБУЕТ ПРОВЕРКИ,,НЕ УСТАНОВЛЕНА
54,2025-06-22,2025-07-22,2025-07-07,1,0.56440799396137997,1.421935902225286,-1.3167247872561241,-3.0021332131338321,0.47845243036247515,3.0400198284749766,-10.509796438377219,9.2634544361390549,14.009547075710579,2.6808409123289811,4.1496247701001359,4.9402726371978183,-0.7473897945912612,0.81339190033987829,1.104625678045593,,,,ВЫЧИСЛЕНО / ТРЕБУЕТ ПРОВЕРКИ,,НЕ УСТАНОВЛЕНА
55,2025-06-23,2025-07-23,2025-07-08,1,0.5496201520206192,1.4182790561223833,-1.35661917559899,-2.9943091457793041,0.48394579020902079,3.0331651436014195,-10.497137451746294,9.0199695058866265,13.840149730692199,2.5657798831433438,4.1167820013383247,4.8508886253228134,-0.78024398758444458,0.75887669432552529,1.0884275434552875,,,,ВЫЧИСЛЕНО / ТРЕБУЕТ ПРОВЕРКИ,,НЕ УСТАНОВЛЕНА
56,2025-06-24,2025-07-24,2025-07-09,1,0.72054762903790204,1.420587691710292,-1.3776009291245479,-3.5312380108456858,-0.06492368286723528,3.5318347885820538,-10.572948848518132,8.9446585014716735,13.848976968041011,2.5287923609550074,4.1065219355064038,4.8226873433408119,-0.77046186909410308,0.71081246811347587,1.048268027058705,,,,ВЫЧИСЛЕНО / ТРЕБУЕТ ПРОВЕРКИ,,НЕ УСТАНОВЛЕНА
57,2025-06-25,2025-07-25,2025-07-10,1,0.73688025291789483,1.4373912189918245,-1.5467119151789135,-3.5286776438951897,-0.1530555908777631,3.5319954598533458,-10.487828882101448,8.718453675254219,13.638401268029735,2.5117320776859482,4.0051395906195699,4.7275724394687879,-0.80135501826253641,0.52985999358661906,0.96068802329276592,,,,ВЫЧИСЛЕНО / ТРЕБУЕТ ПРОВЕРКИ,,НЕ УСТАНОВЛЕНА
58,2025-06-26,2025-07-26,2025-07-11,1,0.69738019088804704,1.4135291573637412,-1.4302171118280826,-3.6482317996176223,-0.01551570476220066,3.6482647931359784,-10.59845821338468,8.8031561692052342,13.7776222564083,2.4314257636664838,4.0945770197077751,4.7620785603074784,-0.95118322236608055,0.76359955918219291,1.2197679325568287,,,,ВЫЧИСЛЕНО / ТРЕБУЕТ ПРОВЕРКИ,,НЕ УСТАНОВЛЕНА
59,2025-06-27,2025-07-27,2025-07-12,1,0.71600404851586452,1.4217339054118217,-1.4740219352282378,-3.5728602334891559,-0.097185487234425966,3.5741817618830156,-10.604322810941115,8.7309312933935104,13.736113843755232,2.4340491747541502,4.0629366361826902,4.7362484621012939,-0.99903850793727367,0.73844058519938172,1.2423254155860852,,,,ВЫЧИСЛЕНО / ТРЕБУЕТ ПРОВЕРКИ,,НЕ УСТАНОВЛЕНА
60,2025-06-28,2025-07-28,2025-07-13,1,0.72656905353274048,1.4161056416219404,-1.3707344868065794,-3.5694981227586489,-0.1382719745285147,3.572175245885556,-10.580033501389858,8.6939328159147546,13.693851784584613,2.3802476178862628,4.0331519267748899,4.683149921463249,-0.87477191858390613,0.78793997322655118,1.1773169967987493,,,,ВЫЧИСЛЕНО / ТРЕБУЕТ ПРОВЕРКИ,,НЕ УСТАНОВЛЕНА
61,2025-06-29,2025-07-29,2025-07-14,1,0.72005549910293309,1.4356595555096083,-1.3907637409982656,-3.577255309195134,-0.12045583287888241,3.5792827710086441,-10.509386331521275,8.6102800562505593,13.586173990945072,2.4153795786178986,3.9284783354065662,4.6116158275124262,-0.88900311771178331,0.79765427529602306,1.1943947782032935,,,,ВЫЧИСЛЕНО / ТРЕБУЕТ ПРОВЕРКИ,,НЕ УСТАНОВЛЕНА
62,2025-06-30,2025-07-30,2025-07-15,1,0.71866594701174691,1.4526328193403888,-1.69626790954436,-3.6840549790495842,-0.17535734542870074,3.6882260352716769,-10.616657594383833,8.4301655138903335,13.556589138421721,2.3149854109268491,3.7510493151854405,4.407893875509858,-0.95713764505157573,0.43603334682687189,1.0517782803994002,,,,ВЫЧИСЛЕНО / ТРЕБУЕТ ПРОВЕРКИ,,НЕ УСТАНОВЛЕНА
63,2025-07-01,2025-07-31,2025-07-16,1,0.5836056313963538,1.6168164267606731,-1.5450872927147044,-3.7234631014119834,-0.11260295963677502,3.7251653512422114,-10.433524901538082,6.445375582713452,12.263821112249396,2.1007433876396462,3.0746480245846977,3.723786145282014,-1.0947442842699804,0.79001163506399374,1.350030900193872,,,,ВЫЧИСЛЕНО / ТРЕБУЕТ ПРОВЕРКИ,,НЕ УСТАНОВЛЕНА
64,2025-07-02,2025-08-01,2025-07-17,1,0.67226087110431942,1.5453714090601647,-1.5900572819317105,-3.6886143622173013,-0.23069596517554933,3.6958214975163544,-10.45350891722329,7.303035390864494,12.751869455208761,2.0888754430024581,3.1580780498922323,3.7864043082573526,-1.1177671366395017,0.70877182914480541,1.3235410373466112,,,,ВЫЧИСЛЕНО / ТРЕБУЕТ ПРОВЕРКИ,,НЕ УСТАНОВЛЕНА
65,2025-07-03,2025-08-02,2025-07-18,1,0.055966561731406461,1.3545434028847474,-1.4376753981276673,-4.8441991710014616,3.9392620567313674,6.2437209386658763,-10.699196870760046,9.7438409992275616,14.471186927737113,2.3017955922431939,3.9974560824035068,4.6127993755652312,-1.03918150536914,0.7991585865952805,1.3109357908113723,,,,ВЫЧИСЛЕНО / ТРЕБУЕТ ПРОВЕРКИ,,НЕ УСТАНОВЛЕНА
66,2025-07-04,2025-08-03,2025-07-19,1,0.03963569582423343,1.3717362025686173,-1.3886743906439396,-4.7700278123122963,3.8982427656758922,6.16031346526922,-10.656854904024691,9.4376505415323653,14.235090592950971,2.3696956493598931,4.0842232425710652,4.7218997200017823,-1.1206451183910591,0.95906576583055825,1.4750093642285347,,,,ВЫЧИСЛЕНО / ТРЕБУЕТ ПРОВЕРКИ,,НЕ УСТАНОВЛЕНА
67,2025-07-05,2025-08-04,2025-07-20,1,0.019593949418581502,1.3985104381323286,-1.3883196124728923,-4.7487302075228213,3.9733521857864562,6.1917659981731985,-10.563004767515574,9.1960479893244464,14.005155063065704,2.381775119746159,3.9372346450511446,4.6015942206188543,-1.1276289177739807,1.0020853467718187,1.5085496406863497,,,,ВЫЧИСЛЕНО / ТРЕБУЕТ ПРОВЕРКИ,,НЕ УСТАНОВЛЕНА
68,2025-07-06,2025-08-05,2025-07-21,1,0.018577116692306994,1.4100905111420428,-1.3995300461228994,-4.7467687334486941,3.9564959300906417,6.179455757076826,-10.52820103629251,9.1121148106127379,13.923851959223736,2.4164701259515309,3.9174465521162833,4.6027942989345032,-1.1160808378404203,0.98676960597635421,1.4897485330999001,,,,ВЫЧИСЛЕНО / ТРЕБУЕТ ПРОВЕРКИ,,НЕ УСТАНОВЛЕНА
69,2025-07-07,2025-08-06,2025-07-22,1,0.0079566762208735931,1.4089010889342397,-1.3600976184424034,-4.7110436658834276,3.9885439176836379,6.172715367255444,-10.484104519375586,9.0204178504448915,13.830559850194657,2.369760122419315,3.8773494910644604,4.544183327471135,-1.0702756965407618,1.0158171722370004,1.4755929635293701,,,,ВЫЧИСЛЕНО / ТРЕБУЕТ ПРОВЕРКИ,,НЕ УСТАНОВЛЕНА
70,2025-07-08,2025-08-07,2025-07-23,1,0.0019803944209022539,1.4077580591589411,-1.3761618682511647,-4.7898797468244307,4.1010439521783084,6.3056728020677664,-10.48585578109479,9.0139280084596809,13.827655969238348,2.3435294784206913,3.8480943842864574,4.5055477809700042,-1.0478988048781441,0.96000643066523905,1.4211629928279357,,,,ВЫЧИСЛЕНО / ТРЕБУЕТ ПРОВЕРКИ,,НЕ УСТАНОВЛЕНА
71,2025-07-09,2025-08-08,2025-07-24,1,-0.49750789525682659,1.4040535537393133,-1.348350703511048,-2.4765982466469514,6.5630660505557845,7.0147968508897431,-10.496964879920901,9.0673587601464352,13.870950456817914,2.3803822183843182,3.9201180264086668,4.5862342773319407,-0.97765129534674289,0.9445107020693243,1.3593757838127956,,,,ВЫЧИСЛЕНО / ТРЕБУЕТ ПРОВЕРКИ,,НЕ УСТАНОВЛЕНА
72,2025-07-10,2025-08-09,2025-07-25,1,-0.30503103382604424,1.4072715215602907,-1.3440735493274385,-1.342365318460089,2.1702104102189588,2.5518146235232679,-10.587472970088065,9.1338631977532057,13.982919609567087,2.436911926772245,3.9899197216131608,4.6752539100847192,-0.95907376908910502,0.93937391270968218,1.3424775016492005,,,,ВЫЧИСЛЕНО / ТРЕБУЕТ ПРОВЕРКИ,,НЕ УСТАНОВЛЕНА
73,2025-07-11,2025-08-10,2025-07-26,1,-0.32787688988864927,1.4185594301841862,-1.3450499050963192,-1.3070362861442586,2.201439425369188,2.560210811020764,-10.551025903710482,9.0164067926337594,13.878751351293163,2.4548169845916035,3.9602793956939473,4.6593925912931429,-0.90831558258633971,0.89971386066164161,1.2784843482169961,,,,ВЫЧИСЛЕНО / ТРЕБУЕТ ПРОВЕРКИ,,НЕ УСТАНОВЛЕНА
74,2025-07-12,2025-08-11,2025-07-27,1,-0.34197527330429534,1.4228550472365145,-1.3793891223882331,-1.2721119280509368,2.1840519623727328,2.5275188885216382,-10.56623866578143,8.9251774098509102,13.831275839183006,2.4367175780222712,3.9436920269453521,4.6357630826472427,-0.94369467178972588,0.8701396389219227,1.2836286942833166,,,,ВЫЧИСЛЕНО / ТРЕБУЕТ ПРОВЕРКИ,,НЕ УСТАНОВЛЕНА
75,2025-07-13,2025-08-12,2025-07-28,1,-0.32398806939711111,1.4529893401331915,-1.7473486975556043,-1.3172280585361997,2.1111530519774893,2.488384409023034,-10.662125485454251,8.7814470227770443,13.812846617602501,2.4047700147279949,3.7421623355253986,4.4482241140886538,-1.0615131735614161,0.44207629581371871,1.1498876766731643,,,,ВЫЧИСЛЕНО / ТРЕБУЕТ ПРОВЕРКИ,,НЕ УСТАНОВЛЕНА
76,2025-07-14,2025-08-13,2025-07-29,1,-0.32179998058070813,1.4501216439649047,-1.7858700320958065,-1.3940244041154055,2.2343899266844702,2.6335911572866322,-10.623782423262361,8.7895041870546446,13.788405884331567,2.3409503160186889,3.648051414972878,4.3345504390136718,-1.0616110704884261,0.3940805767372566,1.132394615823102,,,,ВЫЧИСЛЕНО / ТРЕБУЕТ ПРОВЕРКИ,,НЕ УСТАНОВЛЕНА
77,2025-07-15,2025-08-14,2025-07-30,1,-0.26071882881877295,1.5363628797760747,-1.8163227982768992,-1.5015872280249172,2.2151484802828296,2.6761253694598994,-9.8995776310423693,8.5842582193893406,13.103096063533531,2.6855234542403155,3.3214659642657391,4.2713197462904331,-1.2019999922925739,0.5576729717206822,1.3250672152231089,,,,ВЫЧИСЛЕНО / ТРЕБУЕТ ПРОВЕРКИ,,НЕ УСТАНОВЛЕНА
78,2025-07-16,2025-08-15,2025-07-31,1,-0.22954353037089348,1.5167776918691507,-1.8036972163088225,-1.4467720629421612,2.1392693943329224,2.5825613145943827,-9.7141008542785698,8.9884068721329289,13.234621774198994,2.7066267223175871,3.2621297173934041,4.2387873863954084,-1.2289056832873315,0.60839479060494683,1.371259785617277,,,,ВЫЧИСЛЕНО / ТРЕБУЕТ ПРОВЕРКИ,,НЕ УСТАНОВЛЕНА
79,2025-07-17,2025-08-16,2025-08-01,1,0.90799924385826358,1.3108160855790629,-1.5380089075288805,-3.3036078544983241,-0.13870188584148377,3.3065182699387892,-10.111278379114957,11.889275287422452,15.607460309738794,2.9648328170969291,4.2778362224296691,5.2048166518395487,-1.0824582254816215,0.803997784795212,1.3483798603763069,,,,ВЫЧИСЛЕНО / ТРЕБУЕТ ПРОВЕРКИ,,НЕ УСТАНОВЛЕНА
80,2025-07-18,2025-08-17,2025-08-02,1,0.62808442797845698,1.3589770237002465,-1.5185702816212521,-6.7676773617922334,1.3898141053981357,6.9089101977720553,-10.070813765938146,11.025677649184749,14.932744474206388,2.9540694536503969,4.1483119724782922,5.0926435726444765,-1.0793483352415676,0.85693938756013144,1.3781647008760152,,,,ВЫЧИСЛЕНО / ТРЕБУЕТ ПРОВЕРКИ,,НЕ УСТАНОВЛЕНА
81,2025-07-19,2025-08-18,2025-08-03,1,0.49112349785877552,1.3729293389701249,-1.4951228755013792,-10.288695325500397,3.4221764537390538,10.84290289458961,-10.069696785722984,10.625058528191047,14.638670092733326,2.9337082609361023,4.1587549962432044,5.0893896764801321,-1.0563518840146497,0.87190583309571246,1.3697076639369543,,,,ВЫЧИСЛЕНО / ТРЕБУЕТ ПРОВЕРКИ,,НЕ УСТАНОВЛЕНА
82,2025-07-20,2025-08-19,2025-08-04,1,0.18671498591459512,1.3883094887367058,-1.5388740174393156,-11.485934594558602,8.1797056515124709,14.100860897685045,-10.039387753884625,10.452363421704067,14.492798472766594,2.955998452925352,4.1138866808752699,5.0657665241086685,-1.0636978810107289,0.81702522911418496,1.3412618711779596,,,,ВЫЧИСЛЕНО / ТРЕБУЕТ ПРОВЕРКИ,,НЕ УСТАНОВЛЕНА
83,2025-07-21,2025-08-20,2025-08-05,1,0.17559027546810846,1.3915991642776131,-1.5246985180549635,-11.474416216030756,8.1868508632732606,14.095628916660218,-10.121162905642226,10.323835794004172,14.457507532908636,2.9511659769316378,4.1679704476947341,5.1069911176989047,-1.0416015744843423,0.81208954883474982,1.3207661698025464,,,,ВЫЧИСЛЕНО / ТРЕБУЕТ ПРОВЕРКИ,,НЕ УСТАНОВЛЕНА
84,2025-07-22,2025-08-21,2025-08-06,1,0.18077888764917338,1.388601051741035,-1.5060017524978793,-11.477121411234075,8.216346053552126,14.114979927719672,-10.006489042016547,10.346229919993053,14.393550517692175,2.9451862615965627,4.1263614238061495,5.0696134680439542,-1.0308062553297119,0.84159714900654115,1.330731865269184,,,,ВЫЧИСЛЕНО / ТРЕБУЕТ ПРОВЕРКИ,,НЕ УСТАНОВЛЕНА
85,2025-07-23,2025-08-22,2025-08-07,1,0.18557180933532624,1.3783698828728577,-1.4690658290161964,-11.501458226600624,8.2093015442325612,14.130681978672447,-9.9069663615052974,10.312958769004162,14.300527999314477,2.9237182454747552,4.1561658556134295,5.0815197528189238,-1.0061168493161725,0.87318017482432109,1.332184196042024,,,,ВЫЧИСЛЕНО / ТРЕБУЕТ ПРОВЕРКИ,,НЕ УСТАНОВЛЕНА
86,2025-07-24,2025-08-23,2025-08-08,1,0.13061013135159882,1.3833631617407791,-1.4428445121477387,-10.943716019736273,8.8408746295784884,14.06861700866709,-9.7323209384545137,10.22580323662754,14.116838267944505,2.9419974306919019,4.0976518897090974,5.0444127399960337,-0.97544503528245496,0.90988365621237244,1.3339345128976852,,,,ВЫЧИСЛЕНО / ТРЕБУЕТ ПРОВЕРКИ,,НЕ УСТАНОВЛЕНА
87,2025-07-25,2025-08-24,2025-08-09,1,0.10830244705351744,1.3787471016898625,-1.5894270646294695,-10.797498195419994,8.9560230805676735,14.028411053991785,-9.8840096309393761,10.19217253556346,14.197676830354903,2.9156943718089763,4.1833153222662736,5.0991568671012972,-0.85130398336220214,0.57007759469429709,1.0245520660565708,,,,ВЫЧИСЛЕНО / ТРЕБУЕТ ПРОВЕРКИ,,НЕ УСТАНОВЛЕНА
88,2025-07-26,2025-08-25,2025-08-10,1,0.11821656171562278,1.3837863208995405,-1.5294412937490212,-10.445960109985904,8.4637768125679056,13.444463565065691,-9.7127196024368967,9.9840511457243153,13.929041580668821,2.8553827330939465,4.0666688316390323,4.9690045219012857,-0.93479628580676644,0.71583895606218062,1.1773994678843362,,,,ВЫЧИСЛЕНО / ТРЕБУЕТ ПРОВЕРКИ,,НЕ УСТАНОВЛЕНА
89,2025-07-27,2025-08-26,2025-08-11,1,0.10120094241071698,1.4043932109606452,-1.5748306295491303,-10.431911094686296,8.545103651490578,13.484938468608473,-9.6115311861495183,9.6519981978705474,13.62140231231796,2.8109006489295369,3.9282280935103366,4.8303352277866125,-0.8969046730594743,0.63633776463916958,1.0997107543631177,,,,ВЫЧИСЛЕНО / ТРЕБУЕТ ПРОВЕРКИ,,НЕ УСТАНОВЛЕНА
90,2025-07-28,2025-08-27,2025-08-12,1,-0.016662440778102638,1.5886712014516142,-1.892588104021365,-10.381953282305711,8.384821932715365,13.345043754117967,-9.1062812432527114,7.1071476087900134,11.55144602265646,2.5504904104687078,3.1501553294218092,4.053206130136668,-1.0033291479546098,0.37628128264117444,1.0715675353431582,,,,ВЫЧИСЛЕНО / ТРЕБУЕТ ПРОВЕРКИ,,НЕ УСТАНОВЛЕНА
91,2025-07-29,2025-08-28,2025-08-13,1,0.014791774343040132,1.5242969640043906,-1.9437876935688803,-10.350322437657589,8.374802309860689,13.314146172125573,-9.0732184901909854,7.5662356707781324,11.814026239876862,2.4466956842413317,3.2279856879177307,4.0504581682430523,-0.98070807732976994,0.27732703361595956,1.0191656472399773,,,,ВЫЧИСЛЕНО / ТРЕБУЕТ ПРОВЕРКИ,,НЕ УСТАНОВЛЕНА
92,2025-07-30,2025-08-29,2025-08-14,1,0.030963938889072562,1.4744431691658209,-2.0763733131399804,-10.03067159075659,8.4802073935134388,13.135002474252197,-9.0260832116349707,8.1231879548119696,12.143161066730563,2.5513758295804845,3.4523224450443322,4.2927903382676842,-0.99361050497611847,0.13077865518834561,1.0021800697737755,,,,ВЫЧИСЛЕНО / ТРЕБУЕТ ПРОВЕРКИ,,НЕ УСТАНОВЛЕНА
93,2025-07-31,2025-08-30,2025-08-15,1,0.16113879174746026,1.3226740445989655,-1.8403150585642858,-9.8269870616167658,7.9203679885366212,12.621485799343077,-9.2045219570992156,10.258873239461966,13.782877225096016,2.7488855909316694,4.0931835574425959,4.9305703145731705,-0.87881899023694854,0.29306141870030844,0.92639506298972008,,,,ВЫЧИСЛЕНО / ТРЕБУЕТ ПРОВЕРКИ,,НЕ УСТАНОВЛЕНА
94,2025-08-01,2025-08-31,2025-08-16,1,0.1230506883335809,1.3672886594418774,-1.7070449327132124,-9.7893002818807915,7.9108356451721713,12.586171801376221,-9.2799822665124587,9.6071269059507056,13.357206229366517,2.7585434270561358,4.0389965625772914,4.8911200221897833,-0.83153638754764203,0.41505498364905702,0.92936720582754662,,,,ВЫЧИСЛЕНО / ТРЕБУЕТ ПРОВЕРКИ,,НЕ УСТАНОВЛЕНА
95,2025-08-02,2025-09-01,2025-08-17,1,0.39695626514999294,1.3884792270056137,-1.6776642826265642,-8.6653028887801931,3.6367850715457766,9.3975358371713895,-9.3019659381833772,9.4695412993586885,13.273988953415005,2.7977584242640483,3.9859113186899879,4.8697988912275845,-0.82967102349924893,0.45880420570974029,0.94807979960087585,,,,ВЫЧИСЛЕНО / ТРЕБУЕТ ПРОВЕРКИ,,НЕ УСТАНОВЛЕНА
96,2025-08-03,2025-09-02,2025-08-18,1,0.37156022061210692,1.4106498634875804,-1.7411534807939952,-8.6790001620306523,3.726573208276029,9.4452311612352187,-9.2082455536926986,9.0572812255365154,12.91611897496913,2.705655920770182,3.8141674702589308,4.6763711842389233,-0.80211718430320822,0.38413803608010466,0.88935595130295653,,,,ВЫЧИСЛЕНО / ТРЕБУЕТ ПРОВЕРКИ,,НЕ УСТАНОВЛЕНА
97,2025-08-04,2025-09-03,2025-08-19,1,0.35530492883344511,1.423998782831835,-1.7111175076191816,-8.7205423694172186,3.7651552833487827,9.4986448256859326,-9.1830533252413229,8.7786088868831644,12.704032523694584,2.6626327362181565,3.7606818787668308,4.607856473596569,-0.7672694580285907,0.39532889147860623,0.86312649922313878,,,,ВЫЧИСЛЕНО / ТРЕБУЕТ ПРОВЕРКИ,,НЕ УСТАНОВЛЕНА
98,2025-08-05,2025-09-04,2025-08-20,1,0.33157521915405264,1.4315762961673402,-1.7209247491788162,-8.7610595427804832,3.8480949363034704,9.5689079288573673,-9.1388249911817656,8.4360908451198213,12.437272649844212,2.5696691377141341,3.7064380507860522,4.5100867510099194,-0.74690641099702482,0.36641983475939716,0.8319451196404487,,,,ВЫЧИСЛЕНО / ТРЕБУЕТ ПРОВЕРКИ,,НЕ УСТАНОВЛЕНА
99,2025-08-06,2025-09-05,2025-08-21,1,0.32783272072618352,1.43601964183941,-1.8585796289422503,-8.8108322042716889,3.8962547744877356,9.6338759281791457,-8.9873015667314835,8.275549174390985,12.217049708875605,2.4816894788786596,3.5551858641546725,4.3356809382451376,-0.72877070068595406,0.24282694235525054,0.76816121882837629,,,,ВЫЧИСЛЕНО / ТРЕБУЕТ ПРОВЕРКИ,,НЕ УСТАНОВЛЕНА
100,2025-08-07,2025-09-06,2025-08-22,1,0.33707048969509845,1.4357468463698426,-1.8420158687285169,-8.6960988601454723,3.7197695141877007,9.4582673161686213,-8.9656420656284332,8.207327674959032,12.154956405232991,2.479531162448215,3.5763824756914206,4.3518486184591127,-0.69910888414900929,0.24337485222044272,0.74025978587884622,,,,ВЫЧИСЛЕНО / ТРЕБУЕТ ПРОВЕРКИ,,НЕ УСТАНОВЛЕНА
101,2025-08-08,2025-09-07,2025-08-23,1,0.34241384852599754,1.4417181349346215,-1.8672523099939828,-8.6536846539842696,3.6079819553065731,9.3757022073240304,-8.8632941791030735,8.0512998900454686,11.974197828028757,2.4120888492170693,3.4633183741158509,4.2205149895487617,-0.76022433468692152,0.24511040518914445,0.79876163514665566,,,,ВЫЧИСЛЕНО / ТРЕБУЕТ ПРОВЕРКИ,,НЕ УСТАНОВЛЕНА
102,2025-08-09,2025-09-08,2025-08-24,1,0.34452859034314676,1.4571596512435994,-1.864075048846864,-8.557639856480959,3.4711539408839696,9.2348313246396518,-8.757408968452479,7.8351213250781724,11.750801590505503,2.3859612964096453,3.3688645996714719,4.128202998749507,-0.72353693845683187,0.24214797782953493,0.76298187690037456,,,,ВЫЧИСЛЕНО / ТРЕБУЕТ ПРОВЕРКИ,,НЕ УСТАНОВЛЕНА
103,2025-08-10,2025-09-09,2025-08-25,1,0.34171980915631384,1.4585166778152505,-1.7882059537741692,-8.5033562861358245,3.4318196638289868,9.169757594070246,-8.7302783488700921,7.7394830811726365,11.666934405082912,2.3803524767269608,3.3838632669938007,4.1372223197660212,-0.69170048589908772,0.28888396249879467,0.74960223184168751,,,,ВЫЧИСЛЕНО / ТРЕБУЕТ ПРОВЕРКИ,,НЕ УСТАНОВЛЕНА
104,2025-08-11,2025-09-10,2025-08-26,1,0.22187406176842916,1.6588777836768074,-2.0667700950559587,-8.4401313841527426,3.2750562874979199,9.0532762836466976,-8.2582234057645572,5.5535614757175198,9.95189926014584,2.096452150094513,2.5919464339529723,3.3336613406459628,-0.8260007394029022,0.15383404000633052,0.8402036261281014,,,,ВЫЧИСЛЕНО / ТРЕБУЕТ ПРОВЕРКИ,,НЕ УСТАНОВЛЕНА
105,2025-08-12,2025-09-11,2025-08-27,1,0.26621126788759675,1.5616616927508655,-2.1483734049916765,-8.1836536938641089,3.4690660136365934,8.8885660704111409,-8.204234369712422,6.4618851293898132,10.443439137496794,2.193349961618257,2.8377010701528325,3.586548677723103,-0.80748759982755103,0.065094520019894159,0.81010710428429134,,,,ВЫЧИСЛЕНО / ТРЕБУЕТ ПРОВЕРКИ,,НЕ УСТАНОВЛЕНА
106,2025-08-13,2025-09-12,2025-08-28,1,0.29525229290631394,1.5224155688929706,-2.1463906860927722,-7.8163241871406939,3.2269764220319455,8.45625807475332,-8.356961629709124,6.8522900135082025,10.807066489554639,2.1792581116476164,2.936726129578485,3.6569832208161639,-0.80713531004129124,0.050765037105223294,0.80873017608331277,,,,ВЫЧИСЛЕНО / ТРЕБУЕТ ПРОВЕРКИ,,НЕ УСТАНОВЛЕНА
107,2025-08-14,2025-09-13,2025-08-29,1,0.31158880214685958,1.4255934010683404,-1.8472653272070052,-7.519884247365149,2.8689527495541851,8.0485743441273527,-8.958148472509226,7.185910077982264,11.48415115297454,1.9174491872149286,3.2661439939341701,3.7873880148016843,-0.87686312925760357,0.22800264597033293,0.90602105605825178,,,,ВЫЧИСЛЕНО / ТРЕБУЕТ ПРОВЕРКИ,,НЕ УСТАНОВЛЕНА
108,2025-08-15,2025-09-14,2025-08-30,1,0.29956416523225737,1.4504814967674742,-1.867426188043976,-7.5179720005077639,2.8025152552230788,8.0233406232177877,-9.0957600947105544,7.0066970103160884,11.481578928653557,1.8633159181168515,3.136379598060627,3.6481259838221849,-0.88669160826326121,0.2164605435778392,0.91273061474374917,,,,ВЫЧИСЛЕНО / ТРЕБУЕТ ПРОВЕРКИ,,НЕ УСТАНОВЛЕНА
109,2025-08-16,2025-09-15,2025-08-31,1,-0.022897728483238122,1.4404889839863433,-1.8364058185425522,-5.8912491220904464,4.7156975852461844,7.5461659095217453,-9.2307144288142453,7.0481934242310373,11.613919209797059,1.8639549377739197,3.2418047455945316,3.7394686813250626,-0.85442691866171161,0.223827977251921,0.88325778951245804,,,,ВЫЧИСЛЕНО / ТРЕБУЕТ ПРОВЕРКИ,,НЕ УСТАНОВЛЕНА
110,2025-08-17,2025-09-16,2025-09-01,1,-0.197860971876199,1.4346114483392016,-1.7466146854017048,-2.934504073985301,3.3630786949608371,4.463363358358337,-9.1213819797225391,7.0134083312732507,11.505976952922342,1.863885489307761,3.2606242987325134,3.7557608995697431,-0.8455632917630409,0.30242465035274418,0.89801890265078999,,,,ВЫЧИСЛЕНО / ТРЕБУЕТ ПРОВЕРКИ,,НЕ УСТАНОВЛЕНА
111,2025-08-18,2025-09-17,2025-09-02,1,-0.92973678906841517,1.4403815569822234,-1.712635739259778,0.0092143977535471319,1.5524541454871348,1.5524814907000182,-9.0399670109075174,6.8294539265805501,11.329715110874707,1.8274851088777255,3.2172356107189279,3.7000414589633759,-0.83642984218934791,0.32899051155477443,0.89880456028992728,,,,ВЫЧИСЛЕНО / ТРЕБУЕТ ПРОВЕРКИ,,НЕ УСТАНОВЛЕНА
112,2025-08-19,2025-09-18,2025-09-03,1,2.5651813392276344,1.4397538711375617,-1.6941045416894043,0.98353541666427624,-2.6324029373872344,2.8101400571142201,-8.9915467367403412,6.6502489719753806,11.183636443851592,1.7506832061562383,3.1610653852008133,3.6134783876249008,-0.81861616784658164,0.32931106512129682,0.88237078820139192,,,,ВЫЧИСЛЕНО / ТРЕБУЕТ ПРОВЕРКИ,,НЕ УСТАНОВЛЕНА
113,2025-08-20,2025-09-19,2025-09-04,1,2.5624205469498582,1.4311479919864469,-1.7690713242373366,1.0131640177434775,-2.6574330771820582,2.8440203737933047,-8.9302230731650862,6.4753844752238718,11.030842589687355,1.673318385768398,3.1543628904324565,3.5707141673183473,-0.83095004632863378,0.24747413853833256,0.86701870149313875,,,,ВЫЧИСЛЕНО / ТРЕБУЕТ ПРОВЕРКИ,,НЕ УСТАНОВЛЕНА
114,2025-08-21,2025-09-20,2025-09-05,1,2.5578597954919093,1.440060977809928,-1.8139437213787939,0.98667622413066658,-2.6270193081483697,2.8062003521931729,-8.9717918296906056,6.5109766814074082,11.085389753235297,1.7057366635399365,3.1443991946662919,3.577259266640088,-0.76144540395008253,0.1975911984329716,0.78666472203530413,,,,ВЫЧИСЛЕНО / ТРЕБУЕТ ПРОВЕРКИ,,НЕ УСТАНОВЛЕНА
115,2025-08-22,2025-09-21,2025-09-06,1,2.5617903084161036,1.4546184371253874,-1.8656741309741052,1.0402814843206796,-2.6830252806866728,2.8776396965958466,-9.0878816633072077,6.5031930576068362,11.175021837597505,1.7472164899415765,3.1610844567422118,3.6118167735062321,-0.74963974766398689,0.15982440890880095,0.76648782962338913,,,,ВЫЧИСЛЕНО / ТРЕБУЕТ ПРОВЕРКИ,,НЕ УСТАНОВЛЕНА
116,2025-08-23,2025-09-22,2025-09-07,1,2.5578931082382619,1.4554131642871786,-1.8974411156579321,1.0955339510694941,-2.7536838845109846,2.96360752694439,-9.0230119587222486,6.2855748844715187,10.996508374731675,1.632216119311068,3.0376103893698421,3.4483628489105502,-0.74841027594343601,0.12571568490256962,0.75889549647382426,,,,ВЫЧИСЛЕНО / ТРЕБУЕТ ПРОВЕРКИ,,НЕ УСТАНОВЛЕНА
117,2025-08-24,2025-09-23,2025-09-08,1,2.5677275690629404,1.4710836649869705,-1.9849254548054416,1.1342036587797133,-2.7595109064043628,2.9835077312039795,-8.9858169709415101,6.2398404264046183,10.939859011077511,1.6673248284367048,3.0001019186242748,3.4322854784610417,-0.69063976967237239,0.064500711620688322,0.69364517820906302,,,,ВЫЧИСЛЕНО / ТРЕБУЕТ ПРОВЕРКИ,,НЕ УСТАНОВЛЕНА
118,2025-08-25,2025-09-24,2025-09-09,1,2.4002341607218103,1.7195728435681783,-2.1809666400743501,1.2218416374210623,-2.905737886265201,3.1521753838599689,-8.5787435235772929,3.9488451000725147,9.4439514011713364,1.4816698998083875,2.2606832467939157,2.7029677087107196,-0.84535350031705092,-0.025370517762318964,0.8457341211455397,,,,ВЫЧИСЛЕНО / ТРЕБУЕТ ПРОВЕРКИ,,НЕ УСТАНОВЛЕНА
119,2025-08-26,2025-09-25,2025-09-10,1,2.4802925772903315,1.6193627801327812,-2.1655033896332712,1.2637715151989783,-2.9726856909593935,3.2301669708953202,-8.6512545357939903,4.8109950523633733,9.8989837072782851,1.5271038435741269,2.4570972340333093,2.8929868590356596,-0.81215591564794765,-0.031383750894684162,0.81276206305546506,,,,ВЫЧИСЛЕНО / ТРЕБУЕТ ПРОВЕРКИ,,НЕ УСТАНОВЛЕНА
120,2025-08-27,2025-09-26,2025-09-11,1,2.6797529663049371,1.3788109125456529,-1.8771451592880077,1.297553801815984,-2.8419405210310171,3.1241433695791176,-9.0117145788694746,7.2971175706125377,11.5956424785499,1.7046333151930961,3.2061630875092915,3.6311508482812056,-0.73045907021582213,0.13466955105436115,0.74276937284849498,,,,ВЫЧИСЛЕНО / ТРЕБУЕТ ПРОВЕРКИ,,НЕ УСТАНОВЛЕНА
121,2025-08-28,2025-09-27,2025-09-12,1,2.6448410345219813,1.4005270922218411,-1.7379011460790896,1.2933423243164137,-2.9358460123877035,3.2081032053724461,-9.0834955935472266,7.0365080862185909,11.490097399300474,1.6958786863248505,3.1884958682069851,3.6114415986284363,-0.68981798627252022,0.22991270227274049,0.72712358292894663,,,,ВЫЧИСЛЕНО / ТРЕБУЕТ ПРОВЕРКИ,,НЕ УСТАНОВЛЕНА
122,2025-08-29,2025-09-28,2025-09-13,1,2.6468912061894869,1.4249140373020879,-1.7665955078845674,1.3228534521331947,-2.9030855442897172,3.1902738022440387,-9.019801679810513,6.8360587831720592,11.317619980812944,1.6960962586671824,3.0852065834046938,3.5206877426077532,-0.68043094346218502,0.2156021189859845,0.71377205222121565,,,,ВЫЧИСЛЕНО / ТРЕБУЕТ ПРОВЕРКИ,,НЕ УСТАНОВЛЕНА
123,2025-08-30,2025-09-29,2025-09-14,1,2.6475955939564333,1.4191479022813471,-1.7217845359754462,1.3619512524876463,-2.9716906937831671,3.2689228797373224,-9.0838776549905003,6.8635208641866639,11.385286641273524,1.6906150466465515,3.1287045162229865,3.5562580313838072,-0.68381281063432009,0.24529645268658237,0.72647801734686324,,,,ВЫЧИСЛЕНО / ТРЕБУЕТ ПРОВЕРКИ,,НЕ УСТАНОВЛЕНА
124,2025-08-31,2025-09-30,2025-09-15,1,2.6544709537358049,1.4192757406826715,-1.7220511797595681,1.365927783462378,-2.9537022195724982,3.2542457669238734,-9.0871869550315481,6.9155634262804098,11.419368820499791,1.7259329824601228,3.1668342879075051,3.6066167064175714,-0.6825258384644457,0.24739748121009253,0.72598005060793003,,,,ВЫЧИСЛЕНО / ТРЕБУЕТ ПРОВЕРКИ,,НЕ УСТАНОВЛЕНА
125,2025-09-01,2025-10-01,2025-09-16,1,2.655904947557941,1.4082362246449396,-1.6124878100140383,1.3900367095990673,-2.9629839407450125,3.2728391172109035,-9.0867985519585197,6.857163626234831,11.383786756647959,1.6788991814981999,3.1944086766205544,3.6087323612182725,-0.65832180059063228,0.31170077092182347,0.72838517538878511,,,,ВЫЧИСЛЕНО / ТРЕБУЕТ ПРОВЕРКИ,,НЕ УСТАНОВЛЕНА
126,2025-09-02,2025-10-02,2025-09-17,1,2.6612029722593924,1.4104745770585545,-1.5676242154509026,1.4196293635886714,-3.0505147696635859,3.3646675749468709,-9.1510754254340565,7.0268594531966224,11.537717938004977,1.7253595250310529,3.1998022643954118,3.6353266733328637,-0.65297253572683045,0.35476623919857964,0.74312328512073333,,,,ВЫЧИСЛЕНО / ТРЕБУЕТ ПРОВЕРКИ,,НЕ УСТАНОВЛЕНА
127,2025-09-03,2025-10-03,2025-09-18,1,2.6712856442259785,1.3993937745541212,-1.6029078857949517,1.4626061771887142,-3.0683683959634664,3.3991324544503998,-9.1553260660769507,7.0422933539672865,11.550493108933482,1.7054268861816866,3.2419080895086823,3.6631201079043527,-0.68082384538789742,0.33069382521589075,0.75688804620279326,,,,ВЫЧИСЛЕНО / ТРЕБУЕТ ПРОВЕРКИ,,НЕ УСТАНОВЛЕНА
128,2025-09-04,2025-10-04,2025-09-19,1,2.6827513940306256,1.3829590991211465,-1.4637981835822507,1.4855878292905873,-3.1531346025041969,3.4855744175165189,-9.0247495282618058,7.1742479685751732,11.528917467068046,1.7260720604881159,3.2847912127273968,3.7106843127931017,-0.56886870844352955,0.38156239927943059,0.68498282605484717,,,,ВЫЧИСЛЕНО / ТРЕБУЕТ ПРОВЕРКИ,,НЕ УСТАНОВЛЕНА
129,2025-09-05,2025-10-05,2025-09-20,1,2.6851656198706912,1.384159149450511,-1.5277224380372021,1.5363052036633906,-3.224640398265807,3.5719097660678769,-9.1139869227371815,7.2169965430694436,11.625394476339315,1.7518101749777373,3.339432038001874,3.771027078342037,-0.62320108581733391,0.36196513987669193,0.72069296919690917,,,,ВЫЧИСЛЕНО / ТРЕБУЕТ ПРОВЕРКИ,,НЕ УСТАНОВЛЕНА
130,2025-09-06,2025-10-06,2025-09-21,1,2.4352061114938657,1.3895070975309576,-1.6147925045185099,0.5160153496323836,-2.6952270037085957,2.7441793750730374,-9.1220575600978897,7.3051699935220302,11.686635219942211,1.7580141878501507,3.2647812423663267,3.7080197471412473,-0.66607031989011511,0.32171435743874144,0.73969574746698563,,,,ВЫЧИСЛЕНО / ТРЕБУЕТ ПРОВЕРКИ,,НЕ УСТАНОВЛЕНА
131,2025-09-07,2025-10-07,2025-09-22,1,-0.50681216761821535,1.3952239004191522,-1.6486310693046982,-0.59618943581241357,1.4809715037990669,1.5964706193473133,-9.1392675207595797,7.4097482954373239,11.765652579340735,1.8185478119160843,3.2842364710970902,3.7541077957763873,-0.64074531499531917,0.29220138613621671,0.70422738426475384,,,,ВЫЧИСЛЕНО / ТРЕБУЕТ ПРОВЕРКИ,,НЕ УСТАНОВЛЕНА
132,2025-09-08,2025-10-08,2025-09-23,1,-0.6222987253996628,1.5904896089516765,-2.0248283685221824,-0.59560576445648672,1.4615127144763345,1.5782159678668124,-8.6719188207519,5.4552281144316908,10.245081249760636,1.675293576540422,2.5502904883795856,3.0513259646778126,-0.79072034110540779,0.10111005262777596,0.7971586420407446,,,,ВЫЧИСЛЕНО / ТРЕБУЕТ ПРОВЕРКИ,,НЕ УСТАНОВЛЕНА
133,2025-09-09,2025-10-09,2025-09-24,1,-0.5111735908495505,1.5230629938835865,-2.1092154810867525,-0.69012773413575179,1.4409224496143715,1.5976651073444734,-8.6543499984982777,6.0868677674301628,10.580535577875413,1.6567273935225022,2.6120991165466596,3.0931872641519305,-0.87020775254228544,0.023331658890339415,0.87052047585985626,,,,ВЫЧИСЛЕНО / ТРЕБУЕТ ПРОВЕРКИ,,НЕ УСТАНОВЛЕНА
134,2025-09-10,2025-10-10,2025-09-25,1,-0.38154206743915386,1.3315634654400101,-1.9451278925466124,-0.74448814864507229,1.5740530574977305,1.7412368108017131,-8.9077789974208699,8.2562802471820174,12.145562571857274,1.8365461984783877,3.2970183358410607,3.7740206472696429,-0.74614368345634807,0.1005060971509054,0.75288237589036056,,,,ВЫЧИСЛЕНО / ТРЕБУЕТ ПРОВЕРКИ,,НЕ УСТАНОВЛЕНА
135,2025-09-11,2025-10-11,2025-09-26,1,-0.4213385766760136,1.3395057867081324,-1.7262412376303946,-0.74903475380317741,1.6201785742386969,1.7849458464690529,-8.8668562864753007,7.7206776814133908,11.757125680423826,1.7153496952400706,3.2541051849291374,3.6785357319921332,-0.7496269444535838,0.25649249710057503,0.79229347903394032,,,,ВЫЧИСЛЕНО / ТРЕБУЕТ ПРОВЕРКИ,,НЕ УСТАНОВЛЕНА
136,2025-09-12,2025-10-12,2025-09-27,1,-0.41303055681945633,1.3622741685024211,-1.7121189191188593,-0.79673381249284603,1.6530916134817619,1.835074017726021,-8.6594091762382241,7.4226956666643931,11.405339900302714,1.6911798735791033,3.0947492061775557,3.526692787008197,-0.73987156285042888,0.27748037283335752,0.79019319588469961,,,,ВЫЧИСЛЕНО / ТРЕБУЕТ ПРОВЕРКИ,,НЕ УСТАНОВЛЕНА
137,2025-09-13,2025-10-13,2025-09-28,1,-0.43661178520834376,1.3475688792701526,-1.6662899115243441,-0.79344423839391509,1.7218605491955612,1.895879086417839,-8.6720079938407064,7.3396918863552063,11.361109084586133,1.6123803490761346,3.1035078007960237,3.4973605847393903,-0.74290126447377247,0.29988116841220891,0.80114356012203058,,,,ВЫЧИСЛЕНО / ТРЕБУЕТ ПРОВЕРКИ,,НЕ УСТАНОВЛЕНА
138,2025-09-14,2025-10-14,2025-09-29,1,-0.43755345362426112,1.3573419035569891,-1.6115552575577197,-0.84894036617600155,1.8087333297995509,1.9980530532623038,-8.3659907175737214,6.9669975654202538,10.887095836957688,1.5808013802429481,3.0293695392510878,3.4170181165923541,-0.67969771013006364,0.32015121200523605,0.75132268414075831,,,,ВЫЧИСЛЕНО / ТРЕБУЕТ ПРОВЕРКИ,,НЕ УСТАНОВЛЕНА
139,2025-09-15,2025-10-15,2025-09-30,1,-0.4117782911789174,1.3507127837016144,-1.649950679855082,-0.93464067054568445,1.8453844803194892,2.0685736784659419,-8.3377463982219968,6.8843037194082317,10.812569199876682,1.5245122669748243,3.0003144482599633,3.3654159387205329,-0.67001100624115917,0.27616832261095292,0.72469558498588771,,,,ВЫЧИСЛЕНО / ТРЕБУЕТ ПРОВЕРКИ,,НЕ УСТАНОВЛЕНА
140,2025-09-16,2025-10-16,2025-10-01,1,-0.40977911170207237,1.3612615507401591,-1.7453816045246575,-0.9441922203524874,1.8588918407895665,2.0849407245118945,-8.2944428606574796,6.8602665895654811,10.76387662734111,1.5078421603663801,2.8856567394847494,3.2558566919801781,-0.68096215405246008,0.21582318068685005,0.71434522506527265,,,,ВЫЧИСЛЕНО / ТРЕБУЕТ ПРОВЕРКИ,,НЕ УСТАНОВЛЕНА
141,2025-09-17,2025-10-17,2025-10-02,1,-0.40265566643156347,1.3704124171119636,-1.7652602248995308,-0.93391994886534113,1.8705466673877285,2.090729850019839,-8.2857323763906976,7.051125514765384,10.879877390767987,1.5900315670168335,2.8783777788219727,3.2883520221725226,-0.63133954965557315,0.20239152527032492,0.66298714652740476,,,,ВЫЧИСЛЕНО / ТРЕБУЕТ ПРОВЕРКИ,,НЕ УСТАНОВЛЕНА
142,2025-09-18,2025-10-18,2025-10-03,1,-0.36511308634228445,1.368953626188393,-1.7930992983570433,-1.0002016235616908,1.8669183906636739,2.1179677913447326,-8.3058744869990946,7.1948702834948177,10.988799269715471,1.6246814700196153,2.8909327927348878,3.3161849000221677,-0.63385390478906201,0.18894345482559077,0.6614154532045432,,,,ВЫЧИСЛЕНО / ТРЕБУЕТ ПРОВЕРКИ,,НЕ УСТАНОВЛЕНА
143,2025-09-19,2025-10-19,2025-10-04,1,-0.36373856185771114,1.3737006516446399,-1.8103833261749902,-0.99742973036438198,1.8911601036447068,2.138072170117796,-8.3023232464392986,7.3069747671265306,11.059857663450746,1.6747926450222708,2.8939811690881405,3.3436592845051445,-0.56865022046761371,0.16662245215494501,0.5925589547040806,,,,ВЫЧИСЛЕНО / ТРЕБУЕТ ПРОВЕРКИ,,НЕ УСТАНОВЛЕНА
144,2025-09-20,2025-10-20,2025-10-05,1,-0.38789728530630097,1.3787174440162326,-1.8724253748854347,-0.90574550104130158,1.8552777450662881,2.0645654322386608,-8.2290338141663568,7.3456017424964264,11.030632913575714,1.6920268305103681,2.8442435836668629,3.3094827931864339,-0.61128653411240852,0.14637488163406273,0.62856728578613341,,,,ВЫЧИСЛЕНО / ТРЕБУЕТ ПРОВЕРКИ,,НЕ УСТАНОВЛЕНА
145,2025-09-21,2025-10-21,2025-10-06,1,-0.3793664041396041,1.3816489926643563,-1.8487159230949965,-0.92657303376518441,1.9051327054305407,2.1185061274874588,-8.1354587559397675,7.4098774550377726,11.004179799888499,1.7676591369230759,2.88565345394727,3.384023445637669,-0.55883941780774316,0.15568055482653831,0.58011889302693476,,,,ВЫЧИСЛЕНО / ТРЕБУЕТ ПРОВЕРКИ,,НЕ УСТАНОВЛЕНА
146,2025-09-22,2025-10-22,2025-10-07,1,-0.50824681584197906,1.6437682947893482,-2.1692624060933268,-0.93328323795547818,1.8313715581658769,2.055465734646913,-7.7312013521337537,5.1904144915575223,9.3119212271907195,1.6409892030764528,2.0960845068443277,2.6620322733667825,-0.69997609483832002,0.046090043997500385,0.70149185704525208,,,,ВЫЧИСЛЕНО / ТРЕБУЕТ ПРОВЕРКИ,,НЕ УСТАНОВЛЕНА
147,2025-09-23,2025-10-23,2025-10-08,1,-0.44254378860344712,1.5734444581491651,-2.2122722271679542,-0.9245114530783245,1.8170986964669575,2.0387665632864671,-7.603138819029243,5.8716749095752299,9.6064710557605224,1.6748164002297417,2.1568621314951653,2.7307625727544269,-0.69291980135364728,0.013010660455672443,0.69304193840883166,,,,ВЫЧИСЛЕНО / ТРЕБУЕТ ПРОВЕРКИ,,НЕ УСТАНОВЛЕНА
148,2025-09-24,2025-10-24,2025-10-09,1,-0.279121235906997,1.3074444261643796,-2.0110476266582062,-0.98850319277223364,1.9273914738950957,2.1660970559428794,-8.0021117393502887,8.5379595066145395,11.701732556576282,1.8528098167957718,2.9921688040906789,3.5193718714265225,-0.5265788070205919,0.060387731132448157,0.53003011053576443,,,,ВЫЧИСЛЕНО / ТРЕБУЕТ ПРОВЕРКИ,,НЕ УСТАНОВЛЕНА
149,2025-09-25,2025-10-25,2025-10-10,1,-0.28560307750831448,1.3404920759171883,-1.8931467799193367,-1.0116240956770777,1.9320434778338225,2.180865725163903,-7.9207484771020784,8.2020181529516538,11.402252330959149,1.8588333987949639,2.8839037136910828,3.4310584714220269,-0.56520741770401561,0.14443385076814444,0.5833700046071586,,,,ВЫЧИСЛЕНО / ТРЕБУЕТ ПРОВЕРКИ,,НЕ УСТАНОВЛЕНА
150,2025-09-26,2025-10-26,2025-10-11,1,-0.27216415990756548,1.3576142397291395,-1.8096745033074619,-1.0417084653173945,1.9239543179407232,2.1878657966695934,-7.9969444527633797,8.2733290172336567,11.506480504827852,1.8843264752767719,2.8191605881394159,3.3909220998347278,-0.54252581653124921,0.19823620861031779,0.57760873955220948,,,,ВЫЧИСЛЕНО / ТРЕБУЕТ ПРОВЕРКИ,,НЕ УСТАНОВЛЕНА
151,2025-09-27,2025-10-27,2025-10-12,1,-0.28176551237390868,1.3583957452838789,-1.801078541685365,-1.0186836399987147,1.9791771499698525,2.225951156104693,-7.9302578083721906,8.3922065325711905,11.546346582039648,1.9628001582794463,2.8610813670054567,3.4696355788421975,-0.63390047089030011,0.24660291799716422,0.68017851051004274,,,,ВЫЧИСЛЕНО / ТРЕБУЕТ ПРОВЕРКИ,,НЕ УСТАНОВЛЕНА
152,2025-09-28,2025-10-28,2025-10-13,1,-0.27730928134520738,1.3628766484288084,-1.7420494587265918,-1.0329779642148715,1.9870926608066988,2.2395492218715236,-7.9049949696345418,8.3721550770116178,11.51442252583597,1.9743633566596273,2.8480450915636686,3.4654684398649738,-0.62748537756833966,0.29152139297107443,0.69189784045180935,,,,ВЫЧИСЛЕНО / ТРЕБУЕТ ПРОВЕРКИ,,НЕ УСТАНОВЛЕНА
153,2025-09-29,2025-10-29,2025-10-14,1,-0.25930467989594375,1.3680530432386595,-1.7548546883647513,-1.1101309381122468,2.0439478485271114,2.3259650700843695,-7.7826414835931779,8.240044446696432,11.334365484917015,1.9161735978772987,2.7346635924636487,3.3391774767370812,-0.60195677065578534,0.27398612485899598,0.66137761555225849,,,,ВЫЧИСЛЕНО / ТРЕБУЕТ ПРОВЕРКИ,,НЕ УСТАНОВЛЕНА
154,2025-09-30,2025-10-30,2025-10-15,1,-0.73399104238832269,1.3742342619952987,-1.8054092093325724,-0.09289768551702135,4.1025722661551285,4.1036239080841277,-7.6686336092574958,8.1230416263929719,11.1710226343494,1.8855944596569965,2.654656384604988,3.2561736726736776,-0.62196042554833264,0.25057814362209851,0.67054021282049903,,,,ВЫЧИСЛЕНО / ТРЕБУЕТ ПРОВЕРКИ,,НЕ УСТАНОВЛЕНА
155,2025-10-01,2025-10-31,2025-10-16,1,-0.72469453014377727,1.383797358295265,-1.9122839723042744,-0.12065901251521838,4.1554230079624137,4.1571743976413282,-7.5640114268679977,8.0590414476330299,11.052710885590772,1.9090418111085874,2.6178914463054044,3.240030287080625,-0.66320854152646569,0.19688964580161322,0.69181724622731577,,,,ВЫЧИСЛЕНО / ТРЕБУЕТ ПРОВЕРКИ,,НЕ УСТАНОВЛЕНА
156,2025-10-02,2025-11-01,2025-10-17,1,-0.70654884077601388,1.3509972367739591,-1.8896985112321365,-0.17840499952084413,4.1983578227029543,4.2021466836969319,-7.42305127461817,7.9838139664849939,10.901512540792277,1.8301063580240553,2.6637264603712496,3.2318304314060193,-0.66088093720345487,0.1922433561660675,0.68827401603497307,,,,ВЫЧИСЛЕНО / ТРЕБУЕТ ПРОВЕРКИ,,НЕ УСТАНОВЛЕНА
157,2025-10-03,2025-11-02,2025-10-18,1,-0.68693596917479871,1.3538788070035883,-1.9617139837863324,-0.22710330591140473,4.2404373686785517,4.2465144517876503,-7.2639150746526457,7.9482662023207435,10.767515861828119,1.8038780015479496,2.5621531028152074,3.1334652330501802,-0.6232631301360233,0.14102365528929742,0.63901846666438999,,,,ВЫЧИСЛЕНО / ТРЕБУЕТ ПРОВЕРКИ,,НЕ УСТАНОВЛЕНА
158,2025-10-04,2025-11-03,2025-10-19,1,-0.67568208076339253,1.3715827822488187,-2.014524131959047,-0.29952415140170074,4.25089145466902,4.2614308485121528,-7.3152878724624459,7.9152366598553581,10.77795936337275,1.7749136028102133,2.4572080331469168,3.0312026681834507,-0.6636015675742265,0.12200868739546659,0.67472450695593933,,,,ВЫЧИСЛЕНО / ТРЕБУЕТ ПРОВЕРКИ,,НЕ УСТАНОВЛЕНА
159,2025-10-05,2025-11-04,2025-10-20,1,-0.66940506826716017,1.3553575779503113,-1.8784140188321496,-0.32922911688391043,4.3101705016995897,4.3227261728133382,-7.2678939639958662,7.8700487608051795,10.712607066878663,1.734634657233797,2.4833828691837598,3.0292157184710327,-0.58524867484621235,0.18238524187671695,0.6130092885623154,,,,ВЫЧИСЛЕНО / ТРЕБУЕТ ПРОВЕРКИ,,НЕ УСТАНОВЛЕНА
160,2025-10-06,2025-11-05,2025-10-21,1,-1.0727834303959352,1.6691540584504105,-2.3040662944682162,0.67989921903894113,3.7970220794314491,3.8574135919991375,-6.7264092014005508,5.3861526087617628,8.6171468984552622,1.5617876620837088,1.5992288448484882,2.2353329952453005,-0.71259525094177512,0.028721785430134962,0.71317384460106648,,,,ВЫЧИСЛЕНО / ТРЕБУЕТ ПРОВЕРКИ,,НЕ УСТАНОВЛЕНА
161,2025-10-07,2025-11-06,2025-10-22,1,-2.5817427067757976,1.5903013241652184,-2.4205349836154144,1.8472078348283418,-0.32798996675935749,1.8761007977574167,-6.6394463118822262,6.0087912939336148,8.9547652198379222,1.5062970874843205,1.6005082623510614,2.1978529554130231,-0.72496274525100235,-0.068827270411938063,0.72822261373444575,,,,ВЫЧИСЛЕНО / ТРЕБУЕТ ПРОВЕРКИ,,НЕ УСТАНОВЛЕНА
162,2025-10-08,2025-11-07,2025-10-23,1,-2.4061008096787622,1.3027744452880263,-2.0249348342434068,1.8569338255005983,-0.27623519748799513,1.8773676029535393,-6.9171203159470052,8.421573309356047,10.89813977108685,1.712372886330789,2.423377223918759,2.9673183299486134,-0.54497179662418471,0.088510575201903446,0.55211265248893138,,,,ВЫЧИСЛЕНО / ТРЕБУЕТ ПРОВЕРКИ,,НЕ УСТАНОВЛЕНА
163,2025-10-09,2025-11-08,2025-10-24,1,-2.4040264587938194,1.3197162888325398,-1.8351655172957078,1.9255100790131676,-0.26191452420912925,1.9432416942760851,-6.8449961871333711,8.1591276528182544,10.650133184935008,1.6951876775415804,2.3660997221001843,2.9106853414636538,-0.49852739533059787,0.18611803378744049,0.53213671776716653,,,,ВЫЧИСЛЕНО / ТРЕБУЕТ ПРОВЕРКИ,,НЕ УСТАНОВЛЕНА
164,2025-10-10,2025-11-09,2025-10-25,1,-2.4178112474862496,1.319667223756225,-1.780898235518426,1.9530307062306831,-0.31199784646380352,1.977794629297484,-6.8935976996074109,8.3762844816897672,10.848217870333791,1.7607927407496127,2.409581711077283,2.9843718096501748,-0.48977675739529603,0.2192865084409529,0.53662635498908806,,,,ВЫЧИСЛЕНО / ТРЕБУЕТ ПРОВЕРКИ,,НЕ УСТАНОВЛЕНА
165,2025-10-11,2025-11-10,2025-10-26,1,-2.4114046118322507,1.3434200681516311,-1.8727333818855758,1.9434292399295616,-0.30825695355993932,1.9677244624263959,-6.8913630477007617,8.4645893845703952,10.91513436035477,1.8360733353711074,2.3651861437909001,2.9942062032600978,-0.53972887899950694,0.20203430442873102,0.57630297846884804,,,,ВЫЧИСЛЕНО / ТРЕБУЕТ ПРОВЕРКИ,,НЕ УСТАНОВЛЕНА
166,2025-10-12,2025-11-11,2025-10-27,1,-2.3841771264058709,1.3363751455346442,-1.8416993660054874,1.9396780234860416,-0.26776237848101342,1.9580724006339822,-6.9706617505230888,8.6872585470859427,11.13815901772476,1.9051235513376643,2.4538521591241027,3.1065875433825223,-0.54662462327643258,0.22422582911801334,0.59082628683544736,,,,ВЫЧИСЛЕНО / ТРЕБУЕТ ПРОВЕРКИ,,НЕ УСТАНОВЛЕНА
167,2025-10-13,2025-11-12,2025-10-28,1,-2.3517518503312425,1.3295172206438082,-1.8367132606086123,1.9244368280950672,-0.23029491628382981,1.9381673957103858,-6.8903545471890544,8.8442353306765185,11.211488945289812,1.9331027207289695,2.4517478171880298,3.1221712778090849,-0.61283691444749511,0.26036631145298916,0.665852611205484,,,,ВЫЧИСЛЕНО / ТРЕБУЕТ ПРОВЕРКИ,,НЕ УСТАНОВЛЕНА
168,2025-10-14,2025-11-13,2025-10-29,1,-1.5903311555098472,1.3148508073381606,-1.8128012932495423,0.91750975939330348,0.6800488808348828,1.1420554447603384,-7.0702867780446041,9.1595301043916173,11.570909508636245,2.0107222441698656,2.6043244944918098,3.2902142811387711,-0.61289028806502766,0.2703782894358418,0.66987978369457035,,,,ВЫЧИСЛЕНО / ТРЕБУЕТ ПРОВЕРКИ,,НЕ УСТАНОВЛЕНА
169,2025-10-15,2025-11-14,2025-10-30,1,-1.72839131556236,1.3362925722780918,-1.8880903753299245,0.62329633127099104,0.33609270796489726,0.70813602148390586,-6.8877012317948809,9.0205189979826308,11.349457751427346,2.0459785427196149,2.5086136030329853,3.2371546775820299,-0.63464113619073315,0.2438756358298424,0.67988579739311705,,,,ВЫЧИСЛЕНО / ТРЕБУЕТ ПРОВЕРКИ,,НЕ УСТАНОВЛЕНА
170,2025-10-16,2025-11-15,2025-10-31,1,-3.1059404499062921,1.3171581828513226,-1.8371136963718322,1.1744939079273864,-1.4494343840685544,1.8655551381502327,-6.7895020395927901,9.0179808201756462,11.288105067667047,2.0153397490594571,2.5343497101875649,3.2379812781526129,-0.59666697713754768,0.25614118418881343,0.64932256070777838,,,,ВЫЧИСЛЕНО / ТРЕБУЕТ ПРОВЕРКИ,,НЕ УСТАНОВЛЕНА
171,2025-10-17,2025-11-16,2025-11-01,1,-3.089830162718012,1.3148521480906767,-1.8851951689672304,1.1702920624214346,-1.4040100812441303,1.8277931555845601,-6.6546719187356658,8.8804068100051428,11.097129514302098,1.9733521825309901,2.4818349971540772,3.1707449896512649,-0.62829950288646308,0.23460066612591321,0.67066961901826061,,,,ВЫЧИСЛЕНО / ТРЕБУЕТ ПРОВЕРКИ,,НЕ УСТАНОВЛЕНА
172,2025-10-18,2025-11-17,2025-11-02,1,-3.0340540740063964,1.3101001656331093,-1.8514339438951224,1.2334071244992806,-1.3501999683030161,1.8287517844614807,-6.3682732207084527,8.6851715493532886,10.769731131986918,1.9305397963627482,2.3999893659925937,3.080086502392076,-0.61681769691893928,0.25844655350719936,0.66877402181314882,,,,ВЫЧИСЛЕНО / ТРЕБУЕТ ПРОВЕРКИ,,НЕ УСТАНОВЛЕНА
173,2025-10-19,2025-11-18,2025-11-03,1,-3.0260667620061259,1.298248914310264,-1.8142832847928436,1.2201263359338372,-1.3381014697173184,1.8108627277899831,-6.2088845225628289,8.627709293376574,10.629563239641445,1.8865489247736447,2.3595450102167321,3.0210129924916367,-0.66239730551384446,0.30456975037951473,0.72906304473498129,,,,ВЫЧИСЛЕНО / ТРЕБУЕТ ПРОВЕРКИ,,НЕ УСТАНОВЛЕНА
174,2025-10-20,2025-11-19,2025-11-04,1,-3.0204577622977289,1.3517545802264719,-2.1826513652525024,1.1888038066173254,-1.2558335849834021,1.7292693496966016,-6.0855692882721275,8.2275150419393572,10.233579888176928,1.8798559438344813,2.1655054729485674,2.8676248574281864,-0.64745947038449714,0.066956906796017235,0.65091243125190357,,,,ВЫЧИСЛЕНО / ТРЕБУЕТ ПРОВЕРКИ,,НЕ УСТАНОВЛЕНА
175,2025-10-21,2025-11-20,2025-11-05,1,-3.0240604802043043,1.3116943414944977,-1.7705445942113376,1.1570102171460668,-1.2929781867300973,1.7350692303018456,-5.9375833683128709,8.4516515270301724,10.328858106781071,1.8685655138177739,2.2217338225871743,2.9030394861001976,-0.62571361814301141,0.34143952284251,0.71281026906782086,,,,ВЫЧИСЛЕНО / ТРЕБУЕТ ПРОВЕРКИ,,НЕ УСТАНОВЛЕНА
176,2025-10-22,2025-11-21,2025-11-06,1,-2.9936989029679189,1.3570136589263004,-1.9296638606299779,1.1611575771735758,-1.1833402528936172,1.6578845174335692,-5.7354635574615687,7.8987623775490903,9.7614542623501883,1.8263368326381235,2.0450204217267185,2.7418269003585873,-0.5972915772785522,0.23173819184225694,0.64067138054248951,,,,ВЫЧИСЛЕНО / ТРЕБУЕТ ПРОВЕРКИ,,НЕ УСТАНОВЛЕНА
177,2025-10-23,2025-11-22,2025-11-07,1,-2.9719903524466131,1.3704025088139113,-2.0985764858942653,1.1079189650377086,-1.0818098000121967,1.5484821201720917,-5.7174706861670979,7.8793568534665699,9.7351802998943313,1.8112580880790172,1.9729988117265551,2.6783166677422696,-0.63380477068682894,0.13834322920116893,0.64872747468501057,,,,ВЫЧИСЛЕНО / ТРЕБУЕТ ПРОВЕРКИ,,НЕ УСТАНОВЛЕНА
178,2025-10-24,2025-11-23,2025-11-08,1,-2.9135801433949018,1.3739206355415998,-2.1143160016839539,1.1038022102255398,-0.95742468208762233,1.4611780662086915,-5.551947207665842,7.6421965882135199,9.4460196109054788,1.786286934282806,1.9342910956093751,2.6329267088438262,-0.62443160526848429,0.12795705791890627,0.63740712133568023,,,,ВЫЧИСЛЕНО / ТРЕБУЕТ ПРОВЕРКИ,,НЕ УСТАНОВЛЕНА
179,2025-10-25,2025-11-24,2025-11-09,1,2.3289795264238755,1.3488471841015164,-2.1207695706991565,-0.89085594432923787,-4.4058084399153694,4.4949718934356238,-5.3946909264492025,7.6678436347156271,9.3754208544663378,1.7666804597880823,1.9514514828109755,2.6323606775596282,-0.59913503094261267,0.11260032694561545,0.60962416203006986,,,,ВЫЧИСЛЕНО / ТРЕБУЕТ ПРОВЕРКИ,,НЕ УСТАНОВЛЕНА
180,2025-10-26,2025-11-25,2025-11-10,1,0.94907203696683506,1.3460396401096952,-2.0950999071851628,-1.9705341577417637,0.035316190583898455,1.9708506032026882,-5.2761664972087496,7.6495455317281067,9.2926573028520476,1.7911009383677159,1.9527977315213565,2.6498040591063838,-0.64772855113433947,0.14343884135647639,0.66342066380561215,,,,ВЫЧИСЛЕНО / ТРЕБУЕТ ПРОВЕРКИ,,НЕ УСТАНОВЛЕНА
181,2025-10-27,2025-11-26,2025-11-11,1,0.89971797956648381,1.3665282518464839,-2.1664142453025845,-1.8960650469838798,0.15253326777921267,1.9021905951227356,-5.214270574347875,7.7741317739334272,9.3608622712328913,1.8103141827073099,1.8456828804626777,2.585301285216917,-0.6230643503632981,0.11344720887181843,0.63330834030071381,,,,ВЫЧИСЛЕНО / ТРЕБУЕТ ПРОВЕРКИ,,НЕ УСТАНОВЛЕНА
182,2025-10-28,2025-11-27,2025-11-12,1,0.90423190418277777,1.3423096729292343,-2.0880412876807743,-1.8559350036292357,0.1599205434751792,1.8628122068318234,-5.2368623201638869,7.9825337554776974,9.5470190173526497,1.8196613598066225,1.9080168725111286,2.6366068819906459,-0.63970036480139791,0.15956926854969231,0.65930183390653885,,,,ВЫЧИСЛЕНО / ТРЕБУЕТ ПРОВЕРКИ,,НЕ УСТАНОВЛЕНА
183,2025-10-29,2025-11-28,2025-11-13,1,0.86718630873043523,1.338207747612933,-1.994308949696638,-1.8201657065687404,0.23274287778007868,1.8349856801965063,-5.193639818694896,7.9892379327336993,9.5289987570659385,1.8304932767402529,1.9190803963104035,2.6520888378208909,-0.62553018958677353,0.22005205558126531,0.66310702397878818,,,,ВЫЧИСЛЕНО / ТРЕБУЕТ ПРОВЕРКИ,,НЕ УСТАНОВЛЕНА
184,2025-10-30,2025-11-29,2025-11-14,1,1.5811235919935127,1.3456906165093816,-1.9772299391632229,-2.8576626800784397,-1.8718021243949197,3.4161204876295606,-5.1279178638473084,8.0079655596802422,9.5091037444855573,1.8821371648511953,1.9173614712129141,2.6867667034199019,-0.60157197553600339,0.23311588682813877,0.64516033545310225,,,,ВЫЧИСЛЕНО / ТРЕБУЕТ ПРОВЕРКИ,,НЕ УСТАНОВЛЕНА
185,2025-10-31,2025-11-30,2025-11-15,1,1.6025808853665353,1.3385490535526863,-1.8885774596592317,-2.8233959458322091,-1.8888580250950273,3.3969617757501545,-5.1078031252537093,8.1864331170188738,9.6492144729907885,1.9167730691896079,1.9348074639043182,2.7235085682168156,-0.58704775812954246,0.29300094682957495,0.65610565091907969,,,,ВЫЧИСЛЕНО / ТРЕБУЕТ ПРОВЕРКИ,,НЕ УСТАНОВЛЕНА
186,2025-11-01,2025-12-01,2025-11-16,1,1.6236361586675976,1.3632659516827665,-1.915455079196325,-2.7676426670512448,-1.8854942273556907,3.3488706176671204,-5.0905997619796199,8.3931171710016788,9.8162427528474545,1.9926242587655687,1.8665114437523727,2.7302777159621692,-0.60279017291162795,0.3087848230394083,0.6772769444609118,,,,ВЫЧИСЛЕНО / ТРЕБУЕТ ПРОВЕРКИ,,НЕ УСТАНОВЛЕНА
187,2025-11-02,2025-12-02,2025-11-17,1,1.6405901380899044,1.3717510547140046,-1.8966257943269644,-2.7515316395313341,-1.908143269018117,3.3484230763810503,-5.0752667212335121,8.5335356423254698,9.9287241300430704,2.0591499139569294,1.8636064132941557,2.7772517408077966,-0.64590691310158332,0.3607646632983712,0.73982895501406498,,,,ВЫЧИСЛЕНО / ТРЕБУЕТ ПРОВЕРКИ,,НЕ УСТАНОВЛЕНА
188,2025-11-03,2025-12-03,2025-11-18,1,1.6470654501286486,1.3572488799082461,-1.8927593282537853,-2.7225475054496173,-1.8789070127702356,3.3079535187283247,-5.0687187896451764,8.6946990244485605,10.064278478572064,2.0749121647850974,1.8997165740304247,2.8132158739099768,-0.63330798199644633,0.35215825969618408,0.72463400412391377,,,,ВЫЧИСЛЕНО / ТРЕБУЕТ ПРОВЕРКИ,,НЕ УСТАНОВЛЕНА
189,2025-11-04,2025-12-04,2025-11-19,1,1.6445374139824356,1.3735547808811841,-1.9353773705806474,-2.7688151596284984,-1.8710248608470059,3.3417168369112522,-4.9551693756419715,8.6438927590616501,9.9634625292344268,2.1202467750423146,1.8512316159615703,2.8146944564220506,-0.62040793579238873,0.32968450506917646,0.70256521382493775,,,,ВЫЧИСЛЕНО / ТРЕБУЕТ ПРОВЕРКИ,,НЕ УСТАНОВЛЕНА
190,2025-11-05,2025-12-05,2025-11-20,1,1.6420832708237967,1.4438891001891943,-2.0709871486910014,-2.7222400877952802,-1.8587501329870006,3.2962923341959294,-4.7536222041786935,8.1541507839075802,9.4385962445038043,2.080653051991006,1.5972414814709932,2.6230321143461324,-0.62526613030734834,0.2761538949037044,0.68353398407102783,,,,ВЫЧИСЛЕНО / ТРЕБУЕТ ПРОВЕРКИ,,НЕ УСТАНОВЛЕНА
191,2025-11-06,2025-12-06,2025-11-21,1,1.6523821624059227,1.4450542117746874,-2.0700053382741008,-2.7213927174348473,-1.8696457003372315,3.3017500461568741,-4.7326677679997138,8.2586090669671037,9.5185486248300819,2.1352792506969407,1.6102016322914547,2.6743535247029242,-0.59518152113741896,0.26970701208147019,0.65343929746332685,,,,ВЫЧИСЛЕНО / ТРЕБУЕТ ПРОВЕРКИ,,НЕ УСТАНОВЛЕНА
192,2025-11-07,2025-12-07,2025-11-22,1,1.4812120252307297,1.4249189039590888,-2.1161841443850475,-4.0886363202647011,-1.836568934201916,4.4821794262906565,-4.7250334768516158,8.4123828995553733,9.6485298054211412,2.0885761994201664,1.6130730399164019,2.6389685812622945,-0.64192452416612644,0.24733183342912024,0.68792450934191751,,,,ВЫЧИСЛЕНО / ТРЕБУЕТ ПРОВЕРКИ,,НЕ УСТАНОВЛЕНА
193,2025-11-08,2025-12-08,2025-11-23,1,1.195648397953172,1.4125691240451808,-2.1657740092388389,-7.0669908541335866,-0.83516356669297964,7.1161687666566129,-4.6056468346454693,8.577183572061335,9.7355051637970327,2.1093929582541051,1.6069262328287086,2.6517448161701136,-0.63406644378876931,0.21351383460843518,0.66905038129286998,,,,ВЫЧИСЛЕНО / ТРЕБУЕТ ПРОВЕРКИ,,НЕ УСТАНОВЛЕНА
194,2025-11-09,2025-12-09,2025-11-24,1,0.67680176844790285,1.4098889262778007,-2.059865195873845,-8.103596889970099,3.5248637526757625,8.8370213890235956,-4.5758994307690308,8.7105324957227754,9.839320706205017,2.1583770149751493,1.6225345209540503,2.7002239926459111,-0.62928328892172114,0.29403931829749003,0.69459094323277137,,,,ВЫЧИСЛЕНО / ТРЕБУЕТ ПРОВЕРКИ,,НЕ УСТАНОВЛЕНА
195,2025-11-10,2025-12-10,2025-11-25,1,0.69337061347122297,1.3838326267982115,-2.0057010291714934,-8.1115618521214863,3.5465420154229199,8.8529879672318899,-4.4552187322685537,8.8748608615264679,9.9303640045977648,2.1561751407885175,1.6466774204726502,2.7130495323249897,-0.58758338666464438,0.30865453336957471,0.66371820620944466,,,,ВЫЧИСЛЕНО / ТРЕБУЕТ ПРОВЕРКИ,,НЕ УСТАНОВЛЕНА
196,2025-11-11,2025-12-11,2025-11-26,1,0.70890436279310576,1.3776194537378501,-1.8773585532290897,-8.1289322705295017,3.5563561464955584,8.8728354486924115,-4.3365342232982362,8.9890823558315969,9.9804373987195447,2.1710225654541295,1.6254281510772748,2.7120758938542848,-0.57346825698275428,0.41076521671895783,0.70540336335532927,,,,ВЫЧИСЛЕНО / ТРЕБУЕТ ПРОВЕРКИ,,НЕ УСТАНОВЛЕНА
197,2025-11-12,2025-12-12,2025-11-27,1,0.71688074848249261,1.4161026967238888,-1.8074768719677146,-8.1163795209973095,3.5478650368091298,8.8579321993497544,-4.2989145227169621,9.0884862037280936,10.053917025168982,2.2902343027646714,1.5551420149314585,2.7683279878231657,-0.53624405155320576,0.48728542451497475,0.72457212737652033,,,,ВЫЧИСЛЕНО / ТРЕБУЕТ ПРОВЕРКИ,,НЕ УСТАНОВЛЕНА
198,2025-11-13,2025-12-13,2025-11-28,1,0.78343811659030083,1.4058417688684361,-1.7909792400871867,-7.0264126501776296,2.637868361211849,7.5052531084340321,-4.2257696410697445,9.2575833998462951,10.176442377594265,2.3206210676214423,1.5644698891315483,2.7987225967372615,-0.54601928123010601,0.51631182579065327,0.75147518716609629,,,,ВЫЧИСЛЕНО / ТРЕБУЕТ ПРОВЕРКИ,,НЕ УСТАНОВЛЕНА
199,2025-11-14,2025-12-14,2025-11-29,1,0.72031255198673216,1.4091684993904172,-1.6759142083270269,-6.6688148362768631,3.0287665913121078,7.3243783616901421,-4.2655444828621496,9.4457837288310493,10.364251057704321,2.3583124994237088,1.5647041742674557,2.8301832092477865,-0.49352886347509756,0.59686073083525237,0.774476255992534,,,,ВЫЧИСЛЕНО / ТРЕБУЕТ ПРОВЕРКИ,,НЕ УСТАНОВЛЕНА
200,2025-11-15,2025-12-15,2025-11-30,1,0.54896499500250862,1.3920690153588247,-1.6790700559870522,-7.2261744535962071,4.9247836081401619,8.7447750583312587,-4.2881060443405739,9.5097542797151515,10.431839718288947,2.3921432666405154,1.6447953340717583,2.9030503094362285,-0.5095756406567773,0.59211534890596174,0.78119646694080347,,,,ВЫЧИСЛЕНО / ТРЕБУЕТ ПРОВЕРКИ,,НЕ УСТАНОВЛЕНА
201,2025-11-16,2025-12-16,2025-12-01,1,0.55338400697265389,1.3678530768005981,-1.5961131764298799,-7.2245899965655447,4.9510313924501848,8.7582767978354141,-4.2795083850646245,9.670706504240977,10.575289892433549,2.4019598862106841,1.7131922619451523,2.9503286293824948,-0.50174362512764559,0.66707511453371393,0.83470705866573269,,,,ВЫЧИСЛЕНО / ТРЕБУЕТ ПРОВЕРКИ,,НЕ УСТАНОВЛЕНА
202,2025-11-17,2025-12-17,2025-12-02,1,0.55258590874165581,1.369204993949654,-1.600548864374036,-7.2407756290583922,4.9227903636150883,8.7557236522441446,-4.4326492201063719,9.8960891158886177,10.843475406811175,2.4592943253865061,1.7658067416238286,3.0275736205156818,-0.49279231119621403,0.64492912469686114,0.81165130311998246,,,,ВЫЧИСЛЕНО / ТРЕБУЕТ ПРОВЕРКИ,,НЕ УСТАНОВЛЕНА
203,2025-11-18,2025-12-18,2025-12-03,1,0.5465354911926914,1.3770959313952904,-1.593320081290527,-7.276507729752888,4.9447298463039138,8.7976086520191537,-4.5334679485767415,9.953371935233946,10.937181744941215,2.4654568836036606,1.7641881500646781,3.0316394036457082,-0.5082339384097736,0.67748014483299368,0.84692448470595283,,,,ВЫЧИСЛЕНО / ТРЕБУЕТ ПРОВЕРКИ,,НЕ УСТАНОВЛЕНА
204,2025-11-19,2025-12-19,2025-12-04,1,0.45267146322665885,1.642967404389335,-1.9555343173303066,-7.0704960633843275,5.2226912058139403,8.7902456173658496,-4.0636287504635389,7.7690269334286723,8.767602757534922,2.2675485014145371,0.98487343004606243,2.472195760751565,-0.71536681348363629,0.70247849255922779,1.002609450554909,,,,ВЫЧИСЛЕНО / ТРЕБУЕТ ПРОВЕРКИ,,НЕ УСТАНОВЛЕНА
205,2025-11-20,2025-12-20,2025-12-05,1,0.50770922176553857,1.6496165505345513,-2.4271684462500391,-7.0010956690804713,4.7035517949119283,8.4343784628765945,-4.2401164594711345,8.3159617633889837,9.3345491396224194,2.2578298024048125,0.93521984773972588,2.4438558836874305,-0.73176644278364023,0.24390266428165244,0.77134339721547562,,,,ВЫЧИСЛЕНО / ТРЕБУЕТ ПРОВЕРКИ,,НЕ УСТАНОВЛЕНА
206,2025-11-21,2025-12-21,2025-12-06,1,0.5985579728573045,1.2555457474535512,-1.8302101374542912,-6.991925567854512,4.6667403207751175,8.4062767244461973,-4.713834429986119,11.676453271990431,12.592052892451596,2.5251983935709634,2.1224005167816382,3.2986680464284883,-0.67535543724116842,0.47447192605775901,0.82536572210636983,,,,ВЫЧИСЛЕНО / ТРЕБУЕТ ПРОВЕРКИ,,НЕ УСТАНОВЛЕНА
207,2025-11-22,2025-12-22,2025-12-07,1,0.60186748797456646,1.2528765019429935,-1.6343741379706704,-6.9433623469025409,4.5976800719954394,8.3276012587544042,-4.6898048933043857,11.605203193842909,12.516988899397628,2.5558716657245903,2.1613859435959726,3.3472479993015223,-0.6661288577542539,0.69311909378003911,0.96132290792191655,,,,ВЫЧИСЛЕНО / ТРЕБУЕТ ПРОВЕРКИ,,НЕ УСТАНОВЛЕНА
208,2025-11-23,2025-12-23,2025-12-08,1,0.61492417460930415,1.2783498944925453,-1.610576284522037,-6.9462033647735995,4.5178168029476318,8.2861577253747729,-4.7160820531020988,11.834496654407481,12.739573815272376,2.6407240255893725,2.0992759723865948,3.3734823235885827,-0.68288432806490507,0.79217396174686505,1.0458826851929333,,,,ВЫЧИСЛЕНО / ТРЕБУЕТ ПРОВЕРКИ,,НЕ УСТАНОВЛЕНА
209,2025-11-24,2025-12-24,2025-12-09,1,0.18355249227871884,1.2988286744888127,-1.5940091273829007,-5.015865342947345,7.8572800328108405,9.3217892409444776,-4.6752150593913324,11.550531610988736,12.460835298968105,2.6278437315192655,2.0250879095522287,3.3176111463973159,-0.6773093111395172,0.83793665240857385,1.0774440757672643,,,,ВЫЧИСЛЕНО / ТРЕБУЕТ ПРОВЕРКИ,,НЕ УСТАНОВЛЕНА
210,2025-11-25,2025-12-25,2025-12-10,1,0.44917628027760248,1.3252622113992834,-1.647609891394628,-3.9911863837490635,3.6296035133960651,5.3947743617579587,-4.4392187136437924,10.998191399809953,11.860306777415955,2.5639288509689719,1.8661304877761495,3.1711471347508811,-0.67070202567338744,0.78668787826158248,1.0337886752359478,,,,ВЫЧИСЛЕНО / ТРЕБУЕТ ПРОВЕРКИ,,НЕ УСТАНОВЛЕНА
211,2025-11-26,2025-12-26,2025-12-11,1,0.47094821123530473,1.2982503229935327,-1.5876030496087263,-4.0741204554229409,3.5382075881501245,5.3960513731930639,-4.355314932601309,10.756171256360828,11.604481386873902,2.4909288260051206,1.922391141666941,3.1464764607069244,-0.62806354269524856,0.78613215782482559,1.0062144817230683,,,,ВЫЧИСЛЕНО / ТРЕБУЕТ ПРОВЕРКИ,,НЕ УСТАНОВЛЕНА
212,2025-11-27,2025-12-27,2025-12-12,1,0.47000629225170076,1.3139559479216203,-1.6150099016403796,-4.0986370124237759,3.5863384315332176,5.446159078203852,-4.1899764396242185,10.431072102288375,11.241137298678673,2.4307113708039894,1.8052267623927458,3.0277386663671626,-0.62128475257637761,0.76357611045934859,0.98439992901671736,,,,ВЫЧИСЛЕНО / ТРЕБУЕТ ПРОВЕРКИ,,НЕ УСТАНОВЛЕНА
213,2025-11-28,2025-12-28,2025-12-13,1,0.47895313339487666,1.3231065450330766,-1.7173646535378146,-4.1276185658902236,3.5604225189230383,5.4510405922847376,-4.1172629206980549,10.305658452302202,11.097677689213311,2.45223386124901,1.7796270396390104,3.0299378393740253,-0.65579697936466275,0.67045536560247132,0.93785930469818302,,,,ВЫЧИСЛЕНО / ТРЕБУЕТ ПРОВЕРКИ,,НЕ УСТАНОВЛЕНА
214,2025-11-29,2025-12-29,2025-12-14,1,0.48461362057710167,1.3192576433622891,-1.7505313055570122,-4.1498396709265934,3.5603891527183515,5.4678643192009293,-4.0763205329190857,10.292739697886784,11.070541069683644,2.4207546671640054,1.7599159358499303,2.9928844381056297,-0.68706871698724603,0.65621862834316602,0.95009805285932813,,,,ВЫЧИСЛЕНО / ТРЕБУЕТ ПРОВЕРКИ,,НЕ УСТАНОВЛЕНА
215,2025-11-30,2025-12-30,2025-12-15,1,0.49446537175838312,1.3547227219706315,-1.8357016947799112,-4.1912688703350689,3.5592247436337807,5.4986194193756273,-3.9269533237008805,10.055873246061203,10.795441127965772,2.4019919635817284,1.602621135669599,2.8875525791933421,-0.64547876014576211,0.563297796959082,0.85670720661044131,,,,ВЫЧИСЛЕНО / ТРЕБУЕТ ПРОВЕРКИ,,НЕ УСТАНОВЛЕНА
216,2025-12-01,2025-12-31,2025-12-16,1,0.49760517035588991,1.3637269162858123,-1.7854586270899349,-4.2210605237599328,3.5678107509785684,5.5269001709857886,-3.811061302735308,9.7832005333799312,10.499295258708173,2.3649839524574285,1.544519793148432,2.8246575875331219,-0.56826932257079998,0.5594723649826332,0.79745805542005577,,,,ВЫЧИСЛЕНО / ТРЕБУЕТ ПРОВЕРКИ,,НЕ УСТАНОВЛЕНА
217,2025-12-02,2026-01-01,2025-12-17,1,0.64042695817985562,1.381596990200717,-1.7746399164401085,-5.2064187067379919,3.2916267773562313,6.159675526460779,-3.6157564490217551,9.4173283740861091,10.087604691105303,2.3063628637225544,1.4324852337220537,2.715018159053495,-0.49419131034591668,0.52033499576311348,0.71761658219219926,,,,ВЫЧИСЛЕНО / ТРЕБУЕТ ПРОВЕРКИ,,НЕ УСТАНОВЛЕНА
218,2025-12-03,2026-01-02,2025-12-18,1,0.36344050389784943,1.962540917490351,-2.736692724695343,-4.5856392618444941,4.2857176743565937,6.276580551865977,-2.9707385350147799,6.060630302402946,6.7495575488936002,2.000136494367033,0.12819997735624974,2.0042408114528021,-0.71088131948744693,0.25217851355803089,0.75428525976354033,,,,ВЫЧИСЛЕНО / ТРЕБУЕТ ПРОВЕРКИ,,НЕ УСТАНОВЛЕНА
219,2025-12-04,2026-01-03,2025-12-19,1,0.43687336392280773,1.8445389891667094,-2.8106150167690891,-6.3824275651728284,5.661136656239945,8.5313451380952543,-2.9664830328750162,6.8563331103504677,7.4705639214468587,2.0131334757094694,0.27261782080989283,2.0315085201015584,-0.71756435127801366,0.14275275649485455,0.73162623498061896,,,,ВЫЧИСЛЕНО / ТРЕБУЕТ ПРОВЕРКИ,,НЕ УСТАНОВЛЕНА
220,2025-12-05,2026-01-04,2025-12-20,1,0.62921676807021587,1.3162055250608837,-1.9781201863743254,-9.2947221184785587,6.5312476486169517,11.359976017021294,-3.4759300649499174,10.179337105695227,10.756439639946223,2.2900877408894922,1.5123545070028075,2.7443975688343776,-0.56196946203654008,0.36804555737353822,0.67176425073386925,,,,ВЫЧИСЛЕНО / ТРЕБУЕТ ПРОВЕРКИ,,НЕ УСТАНОВЛЕНА
221,2025-12-06,2026-01-05,2025-12-21,1,0.59694040431507034,1.327496495937849,-1.8320814783271475,-11.260293107837754,8.3947860874626041,14.045164090485882,-3.3531504009510633,9.6874061363038191,10.25131480645752,2.2431762325660767,1.4585499023124986,2.6756695289002219,-0.57266223288895446,0.51557096321662477,0.77055528749693314,,,,ВЫЧИСЛЕНО / ТРЕБУЕТ ПРОВЕРКИ,,НЕ УСТАНОВЛЕНА
222,2025-12-07,2026-01-06,2025-12-22,1,0.31696128383386091,1.3659578502936691,-1.7768917145112932,-9.9453604109334997,12.828785660212791,16.232311456445281,-3.3522683517892076,9.4019786879931626,9.9817286254378388,2.2387930317681528,1.3644225311107467,2.621801495631638,-0.58243741242730318,0.62091809493196748,0.85133578569736879,,,,ВЫЧИСЛЕНО / ТРЕБУЕТ ПРОВЕРКИ,,НЕ УСТАНОВЛЕНА
223,2025-12-08,2026-01-07,2025-12-23,1,0.19395221599591483,1.3919387448789626,-1.7627317486945644,-7.0776492255229391,11.87278180854967,13.822303224606724,-3.2620685091434156,9.1168519309309044,9.6828756105231317,2.2769044286384683,1.3111465919346386,2.6274320472079364,-0.58048687181986991,0.66936686743311924,0.88601185746718147,,,,ВЫЧИСЛЕНО / ТРЕБУЕТ ПРОВЕРКИ,,НЕ УСТАНОВЛЕНА
224,2025-12-09,2026-01-08,2025-12-24,1,0.32250258198660742,1.4257255521124979,-1.86284200326192,-6.1888032670031246,7.7788282313834394,9.9403950892827471,-3.0970796835350045,8.4964315232482424,9.0432986899367496,2.1005285308340182,1.1328875578589062,2.3865570027969656,-0.60944664798683534,0.60790620848532917,0.86079914908031718,,,,ВЫЧИСЛЕНО / ТРЕБУЕТ ПРОВЕРКИ,,НЕ УСТАНОВЛЕНА
225,2025-12-10,2026-01-09,2025-12-25,1,0.30653377783418989,1.4472506182435252,-1.8569429505041144,-6.198327677355195,7.8437726310537874,9.9972013625582186,-3.0371873255792448,8.0150403605460419,8.5711947143814928,2.0689718856242059,1.0923292090618391,2.3396212865489674,-0.54462559892106432,0.55952020948657388,0.78082002268386252,,,,ВЫЧИСЛЕНО / ТРЕБУЕТ ПРОВЕРКИ,,НЕ УСТАНОВЛЕНА
226,2025-12-11,2026-01-10,2025-12-26,1,0.30419753996035137,1.4487104218162541,-1.9049800707826283,-6.2514136867345567,7.8075363103505087,10.0018896374702,-3.1158156967601132,8.01037815948823,8.595025637785076,2.0585487468691932,1.1060827110235563,2.336887225961481,-0.53616553640236886,0.49308155997744024,0.72842494961075155,,,,ВЫЧИСЛЕНО / ТРЕБУЕТ ПРОВЕРКИ,,НЕ УСТАНОВЛЕНА
227,2025-12-12,2026-01-11,2025-12-27,1,0.30814301559208035,1.4145663826241917,-1.9571520659860313,-6.2726719630065828,7.8163084127059639,10.022030271258757,-3.0936423166435993,8.0206434839402672,8.5965891305680913,1.9727719468597444,1.1409756302222187,2.2789590920149871,-0.53344946018740169,0.41408421989978478,0.67530294516183154,,,,ВЫЧИСЛЕНО / ТРЕБУЕТ ПРОВЕРКИ,,НЕ УСТАНОВЛЕНА
228,2025-12-13,2026-01-12,2025-12-28,1,0.31472350936253468,1.436964562208515,-2.0491645529619311,-6.2488113940661139,7.8048287572981305,9.9981496172721069,-3.022376977615024,8.0198069602881041,8.5704180921996365,1.9713031830335777,1.0622194391717839,2.2392736269586919,-0.59305374680679968,0.40415811533173879,0.71767438911395376,,,,ВЫЧИСЛЕНО / ТРЕБУЕТ ПРОВЕРКИ,,НЕ УСТАНОВЛЕНА
229,2025-12-14,2026-01-13,2025-12-29,1,0.31889290300353768,1.4099183842827996,-2.0517721164249396,-6.2706114575669849,7.8297856198216431,10.031256696154083,-2.9753844702584549,7.9925211091566402,8.5283824038424587,1.9618357437691434,1.1161301825811256,2.2571101147260859,-0.63847814157050309,0.41156014524602907,0.75962891625994333,,,,ВЫЧИСЛЕНО / ТРЕБУЕТ ПРОВЕРКИ,,НЕ УСТАНОВЛЕНА
230,2025-12-15,2026-01-14,2025-12-30,1,0.33053950501615548,1.4085212957797353,-1.9167381080935106,-6.2939250775087157,7.8252435674069503,10.042306994437929,-2.8883673510648009,7.9914162908610207,8.4973760825643119,1.9222096099495742,1.0729327113861371,2.2013801097822481,-0.61478375050161072,0.53460718999203838,0.81471707203912824,,,,ВЫЧИСЛЕНО / ТРЕБУЕТ ПРОВЕРКИ,,НЕ УСТАНОВЛЕНА
231,2025-12-16,2026-01-15,2025-12-31,1,0.32938034908964076,1.4128675020891563,-1.9431145956114952,-6.328593828487076,7.8165189334736196,10.057289300965557,-2.9182845662011854,7.964664806009484,8.4824684073336893,1.893377283128389,1.0569453286814074,2.1684120835505616,-0.62251572815245848,0.51309022241406865,0.8067139568236712,,,,ВЫЧИСЛЕНО / ТРЕБУЕТ ПРОВЕРКИ,,НЕ УСТАНОВЛЕНА
232,2025-12-17,2026-01-16,2026-01-01,1,0.30222249654662825,1.8585504260791046,-2.5040612623350889,-6.2969625139300103,7.7535772472810658,9.988478213992078,-2.2460558613032657,5.6254368757673987,6.0572524279031352,1.772866403079832,0.16378164480824522,1.7804156004554992,-0.69555040798334322,0.42206566634558818,0.81359068133401125,,,,ВЫЧИСЛЕНО / ТРЕБУЕТ ПРОВЕРКИ,,НЕ УСТАНОВЛЕНА
233,2025-12-18,2026-01-17,2026-01-02,1,0.35714396833188644,1.7490450512334732,-2.5411573514021639,-6.2940251761226644,7.7352459852767792,9.9724010835107535,-2.1547206129462624,6.376193340186453,6.73042810163615,1.8317894719013332,0.27241838285559872,1.8519353241099499,-0.68127703994239386,0.33145044639355442,0.75762642744769448,,,,ВЫЧИСЛЕНО / ТРЕБУЕТ ПРОВЕРКИ,,НЕ УСТАНОВЛЕНА
234,2025-12-19,2026-01-18,2026-01-03,1,0.67868356726555668,1.2495440996442184,-1.6983089692143425,-8.380279153404711,6.0059857534300072,10.310234893512067,-2.5932134726576201,9.359800591987943,9.7123953397990785,2.0441179733962014,1.3731888536979484,2.46253241949861,-0.5307015403271671,0.60625425480780881,0.80572225138579812,,,,ВЫЧИСЛЕНО / ТРЕБУЕТ ПРОВЕРКИ,,НЕ УСТАНОВЛЕНА
235,2025-12-20,2026-01-19,2026-01-04,1,0.64263870544845192,1.265417244593273,-1.6229768834145555,-11.18583090615364,8.6691621424623158,14.151932211304709,-2.4649661160469463,8.9469464092203577,9.2802967626429176,2.0507822924914785,1.3267260219835026,2.4425212278718833,-0.62122619200757989,0.8585047917939741,1.0596945121918171,,,,ВЫЧИСЛЕНО / ТРЕБУЕТ ПРОВЕРКИ,,НЕ УСТАНОВЛЕНА
236,2025-12-21,2026-01-20,2026-01-05,1,0.65017428199381522,1.329410596328108,-1.6445023844945443,-12.967667790451024,9.8103751806780384,16.260500272413658,-2.4708854443424197,8.8263316820290001,9.1656645062020523,2.0866442177558859,1.1791100201819325,2.3967445694498841,-0.59099088738104433,0.88639668265847016,1.0653493830642484,,,,ВЫЧИСЛЕНО / ТРЕБУЕТ ПРОВЕРКИ,,НЕ УСТАНОВЛЕНА
237,2025-12-22,2026-01-21,2026-01-06,1,0.46104030079544067,1.3531510844410821,-1.7240004740719901,-12.877496444637927,14.266788684680412,19.219031558717717,-2.4151611555959418,8.6185373282967479,8.9505412733948084,2.0807329147148597,1.1121538223368674,2.3593082856880532,-0.64446097396247215,0.85826345272644278,1.0732875203069181,,,,ВЫЧИСЛЕНО / ТРЕБУЕТ ПРОВЕРКИ,,НЕ УСТАНОВЛЕНА
238,2025-12-23,2026-01-22,2026-01-07,1,0.45113874135337451,1.3816434088645391,-1.773467946874528,-12.886326338955209,14.293723834924698,19.244946027026035,-2.437316609202226,8.3961379761850878,8.7427481473865214,2.0797182719127765,1.0608199647896335,2.3346449597795687,-0.67232635820635023,0.84108244334250426,1.076774074928446,,,,ВЫЧИСЛЕНО / ТРЕБУЕТ ПРОВЕРКИ,,НЕ УСТАНОВЛЕНА
239,2025-12-24,2026-01-23,2026-01-08,1,0.44449328623152873,1.4047619994202369,-1.8344936361951707,-12.88278048150959,14.308356510677369,19.253443821078033,-2.4954813661408708,8.4077578241044648,8.7702804332328022,2.0981571905587311,1.0253496191034233,2.3352955782274849,-0.71038796510585078,0.81281210062484399,1.0794973700243105,,,,ВЫЧИСЛЕНО / ТРЕБУЕТ ПРОВЕРКИ,,НЕ УСТАНОВЛЕНА
240,2025-12-25,2026-01-24,2026-01-09,1,0.42938465301415762,1.4092145250668384,-1.8473684054797004,-12.894658135787859,14.343207577988622,19.287296649974309,-2.6451260115569695,8.4644854414535686,8.8681568212111976,2.0985352855184272,1.0514098005408872,2.3471925598977461,-0.70393334269477559,0.76933358275449315,1.0427829652000002,,,,ВЫЧИСЛЕНО / ТРЕБУЕТ ПРОВЕРКИ,,НЕ УСТАНОВЛЕНА
241,2025-12-26,2026-01-25,2026-01-10,1,0.40962032378140067,1.4743459758143107,-1.923393586442891,-12.910071323972058,14.331172033134473,19.288660747530951,-2.7378421327568097,8.1616050316291346,8.6085757379610914,2.1262195365111425,0.94978719188387739,2.328713212765436,-0.72943754811877159,0.74819370875133606,1.0449272522145283,,,,ВЫЧИСЛЕНО / ТРЕБУЕТ ПРОВЕРКИ,,НЕ УСТАНОВЛЕНА
242,2025-12-27,2026-01-26,2026-01-11,1,0.40354723625022881,1.4481026614438566,-1.9153645851798964,-12.931617176960739,14.340059719413468,19.309687609275574,-2.8575659324830238,8.3358026737944453,8.8119968948545484,2.1721082708150892,1.0571501661461122,2.4157029647549941,-0.7367945180097365,0.71915389704830868,1.0295865623681038,,,,ВЫЧИСЛЕНО / ТРЕБУЕТ ПРОВЕРКИ,,НЕ УСТАНОВЛЕНА
243,2025-12-28,2026-01-27,2026-01-12,1,0.40062364730795874,1.4368137060255473,-1.9058492781782648,-12.917617446603295,14.367019295414861,19.320354135771236,-2.9317108237284915,8.5118093876723098,9.0025456069954597,2.186749411536328,1.0989507947722776,2.447358951642586,-0.72592414259682791,0.70398719446755276,1.0112189826042803,,,,ВЫЧИСЛЕНО / ТРЕБУЕТ ПРОВЕРКИ,,НЕ УСТАНОВЛЕНА
244,2025-12-29,2026-01-28,2026-01-13,1,0.40389465138005054,1.421457597467608,-1.8835685079059961,-12.950499166641512,14.397007367390097,19.364639160125531,-2.9205560447594681,8.5639925068232188,9.0482935002963565,2.1782559593665822,1.1284862905796629,2.4532183621810506,-0.71228459232377916,0.70467276714041116,1.0019546143469655,,,,ВЫЧИСЛЕНО / ТРЕБУЕТ ПРОВЕРКИ,,НЕ УСТАНОВЛЕНА
245,2025-12-30,2026-01-29,2026-01-14,1,0.39118475644244644,1.3966655912143162,-1.8039134865828945,-12.983615833204531,14.441459901002615,19.419836358128919,-3.0317224231724671,8.5405006043334826,9.062642629155544,2.1912183716950091,1.2407867414058751,2.518132182809778,-0.71749052704099336,0.77271945368475647,1.0544610047301091,,,,ВЫЧИСЛЕНО / ТРЕБУЕТ ПРОВЕРКИ,,НЕ УСТАНОВЛЕНА
246,2025-12-31,2026-01-30,2026-01-15,1,0.25334951432310548,1.9142081503118025,-2.4703899866733434,-12.971843439310135,14.385115610894527,19.370087076540848,-3.0402100952115805,5.8335139868563575,6.5782036193686766,1.90971165030692,0.26332308909125152,1.9277804949128776,-0.95923062528492598,0.56742936411029488,1.1144951663148315,,,,ВЫЧИСЛЕНО / ТРЕБУЕТ ПРОВЕРКИ,,НЕ УСТАНОВЛЕНА
247,2026-01-01,2026-01-31,2026-01-16,1,0.25912835125192757,1.7514035801776302,-2.4755855862272544,-12.007436691900113,14.700310190681837,18.98098141857405,-3.1469916838477139,6.9389497133604188,7.6192243557170114,1.9953746528385985,0.49925937320115704,2.0568859781037863,-0.97645576311009374,0.43703351612119817,1.0697963131008505,,,,ВЫЧИСЛЕНО / ТРЕБУЕТ ПРОВЕРКИ,,НЕ УСТАНОВЛЕНА
248,2026-01-02,2026-02-01,2026-01-17,1,0.41196425735686759,1.2233733953424064,-1.764020553370226,-12.630683581551329,13.655479983366398,18.601244617320386,-3.7036015351959173,10.657104661629212,11.282311115211487,2.2794523739211976,1.8504430052678105,2.9359908788549651,-0.83651987027372554,0.69843816224323885,1.089762065700804,,,,ВЫЧИСЛЕНО / ТРЕБУЕТ ПРОВЕРКИ,,НЕ УСТАНОВЛЕНА
249,2026-01-03,2026-02-02,2026-01-18,1,0.38357565591036513,1.2557032588155099,-1.6648663888424127,-10.753886837724727,12.244960885429439,16.296783400545213,-3.6795660118785394,10.499381275054605,11.125475863743493,2.3193743104037785,1.7711667044479213,2.9183092171162932,-0.83369488745429599,0.90167721111322541,1.2280345916986033,,,,ВЫЧИСЛЕНО / ТРЕБУЕТ ПРОВЕРКИ,,НЕ УСТАНОВЛЕНА
250,2026-01-04,2026-02-03,2026-01-19,1,0.2578277866345835,1.2905025035372315,-1.65108390496576,-7.8473565378799579,11.374227271196702,13.818612471932271,-3.7170319022758616,10.307349633527329,10.957088236858937,2.306481279345217,1.668997436512051,2.8469998832198335,-0.83911058800721972,0.9828165003209145,1.2922982829861194,,,,ВЫЧИСЛЕНО / ТРЕБУЕТ ПРОВЕРКИ,,НЕ УСТАНОВЛЕНА
251,2026-01-05,2026-02-04,2026-01-20,1,0.20477828825704458,1.2996883475784458,-1.6609603027080921,-5.8769366554019964,9.5029989213612964,11.173422615787947,-3.7635279708810496,10.339677285427426,11.003320823932558,2.3321590706505546,1.6656195656937438,2.8658776087682938,-0.88276978955624441,1.0263035604982647,1.3537287393139703,,,,ВЫЧИСЛЕНО / ТРЕБУЕТ ПРОВЕРКИ,,НЕ УСТАНОВЛЕНА
252,2026-01-06,2026-02-05,2026-01-21,1,0.51081118505997392,1.3091146554718787,-1.6609383964813327,-5.8772553953059594,5.0853359027761718,7.7719220419222781,-3.7531059889527487,10.387974429635907,11.04517167431464,2.3516904225342974,1.6379825128561039,2.8659090278412429,-0.85918574664998704,1.0231227147166677,1.3360315253075803,,,,ВЫЧИСЛЕНО / ТРЕБУЕТ ПРОВЕРКИ,,НЕ УСТАНОВЛЕНА
253,2026-01-07,2026-02-06,2026-01-22,1,0.45781716540015305,1.7474823088620024,-2.3608673677330896,-5.8430988440294671,5.0523437605842885,7.7245052641715173,-3.2401411922304306,7.6629997034136403,8.3198605397029333,2.1796951694370832,0.49508285266315383,2.2352132029559151,-1.0924983875186656,0.68096138364823844,1.287346547263404,,,,ВЫЧИСЛЕНО / ТРЕБУЕТ ПРОВЕРКИ,,НЕ УСТАНОВЛЕНА
254,2026-01-08,2026-02-07,2026-01-23,1,0.29652032876683476,1.6049110586865964,-2.3078517240029579,-5.6550314325351456,7.096731284432936,9.0743030270324159,-3.4485679217094343,8.7277824746870145,9.3843917030405919,2.2839716007904056,0.81353730103790023,2.4245348447479818,-1.0589290409314638,0.56694201932188515,1.2011469381390465,,,,ВЫЧИСЛЕНО / ТРЕБУЕТ ПРОВЕРКИ,,НЕ УСТАНОВЛЕНА
255,2026-01-09,2026-02-08,2026-01-24,1,0.31673251854180196,1.5528740732568327,-2.3257692463714323,-5.5730409256384066,7.0144184515226993,8.9588420776293791,-3.46878890563347,9.3672378532226404,9.988875886239299,2.3386565002656741,0.9140149200274017,2.5109236348936599,-1.1384628485342587,0.54049024453679007,1.2602489285582343,,,,ВЫЧИСЛЕНО / ТРЕБУЕТ ПРОВЕРКИ,,НЕ УСТАНОВЛЕНА
256,2026-01-10,2026-02-09,2026-01-25,1,0.32500204874137717,1.5241432101285808,-2.3058155316258211,-5.42064482763658,7.0215101664139326,8.8704563222213899,-3.2785222738837625,9.4961568972881043,10.046178582837575,2.3129097262428306,0.92135956334457458,2.4896696260177156,-1.1487514939586514,0.56441880363677399,1.2799213181953806,,,,ВЫЧИСЛЕНО / ТРЕБУЕТ ПРОВЕРКИ,,НЕ УСТАНОВЛЕНА
257,2026-01-11,2026-02-10,2026-01-26,1,0.32370980764743029,1.517683228775053,-2.2549244971106721,-5.3216519032577763,7.164080545727888,8.9243503430291167,-3.1548520097969441,9.6759232766362686,10.177258101230967,2.3746345730833003,0.91638124345152394,2.5453180428057056,-1.1272870733741849,0.64300718867385154,1.2977805633013559,,,,ВЫЧИСЛЕНО / ТРЕБУЕТ ПРОВЕРКИ,,НЕ УСТАНОВЛЕНА
258,2026-01-12,2026-02-11,2026-01-27,1,0.32274781728642843,1.5191599236083011,-2.1755580146570148,-5.230193394878647,7.0630755968252998,8.7887405146756539,-3.133187168138047,9.6270700999815197,10.124097023465506,2.4052682505600016,0.92263781750247897,2.576155255305415,-1.0934383411651112,0.74766661330065165,1.3246179715579796,,,,ВЫЧИСЛЕНО / ТРЕБУЕТ ПРОВЕРКИ,,НЕ УСТАНОВЛЕНА
259,2026-01-13,2026-02-12,2026-01-28,1,0.32198756375172133,1.5188828334025564,-2.1567486383958041,-5.1915333191620805,7.0229071264377065,8.7334553706158928,-3.155236790589278,9.6968016395030165,10.19722909620827,2.3711578577110073,0.91014356388070861,2.5398328474642047,-1.1076495793792862,0.78799920696232661,1.3593492343295617,,,,ВЫЧИСЛЕНО / ТРЕБУЕТ ПРОВЕРКИ,,НЕ УСТАНОВЛЕНА
260,2026-01-14,2026-02-13,2026-01-29,1,0.33900477418867947,1.5375696147644122,-2.2147108017782449,-5.2316543211276034,6.7881733991701019,8.5702686674907511,-3.2042710803886156,9.7470231789150272,10.260205358905914,2.4133751452624446,0.88325093762429507,2.5699244756577424,-1.149901389199868,0.74688941573455103,1.3711735864652896,,,,ВЫЧИСЛЕНО / ТРЕБУЕТ ПРОВЕРКИ,,НЕ УСТАНОВЛЕНА
261,2026-01-15,2026-02-14,2026-01-30,1,0.32528031540242708,1.5909025090174707,-2.3301450849575138,-5.0642351058581188,6.8676620826108117,8.5329514054831037,-3.0270546453893612,9.4463009368526851,9.9194587158653587,2.3950611846246823,0.71472655961645448,2.4994303617258393,-1.1843357278591546,0.6803779138800784,1.3658569551675173,,,,ВЫЧИСЛЕНО / ТРЕБУЕТ ПРОВЕРКИ,,НЕ УСТАНОВЛЕНА
262,2026-01-16,2026-02-15,2026-01-31,1,0.27579562827191095,1.2742524403550419,-1.9149455676786227,-4.5885084371599616,6.9427924130618566,8.3220656191090825,-3.8319476653293933,12.036891809608672,12.632125210986777,2.5423330370777752,1.7570883193780811,3.0904395534473723,-1.099578751921839,0.78815324025857558,1.3528706374994177,,,,ВЫЧИСЛЕНО / ТРЕБУЕТ ПРОВЕРКИ,,НЕ УСТАНОВЛЕНА
263,2026-01-17,2026-02-16,2026-02-01,1,0.18919151473979801,1.3024865242066532,-1.8842747950740109,-3.8610872884691694,6.9842357146877729,7.980447579396686,-3.7496947346011833,11.47545404723229,12.072541414003755,2.5425890921658851,1.680876228519,3.0479672221336629,-1.136070516158123,0.90596488205395964,1.4530755607327615,,,,ВЫЧИСЛЕНО / ТРЕБУЕТ ПРОВЕРКИ,,НЕ УСТАНОВЛЕНА
264,2026-01-18,2026-02-17,2026-02-02,1,-0.4058331767369121,1.3449277448032415,-1.9143658738106508,0.82637291220377929,10.937812360427326,10.968984976830853,-3.6765788497999421,10.718912454535307,11.3319158242015,2.4344816548494386,1.5137546240847504,2.8667322842805576,-1.1302960575367753,0.89720080513732281,1.443100295344103,,,,ВЫЧИСЛЕНО / ТРЕБУЕТ ПРОВЕРКИ,,НЕ УСТАНОВЛЕНА
265,2026-01-19,2026-02-18,2026-02-03,1,-0.75391397849934361,1.3754053477585142,-2.0001566841088421,3.6344306376849027,8.3577448020463141,9.1137799093611473,-3.6858355621978731,10.297594087012367,10.937359268691624,2.4078385205582276,1.4404325938483276,2.8058033428065934,-1.1018258558012153,0.75756085791838867,1.337130760233316,,,,ВЫЧИСЛЕНО / ТРЕБУЕТ ПРОВЕРКИ,,НЕ УСТАНОВЛЕНА
266,2026-01-20,2026-02-19,2026-02-04,1,-1.0008162264736797,1.3874289468426806,-1.9895894207471752,5.4196451653123887,7.26668043540261,9.0651639956570573,-3.8581082267783611,10.250104502852519,10.952152364212814,2.4380492727888465,1.4726041773540355,2.8482709350949706,-1.1030773669121021,0.76873234383721545,1.3445181641968231,,,,ВЫЧИСЛЕНО / ТРЕБУЕТ ПРОВЕРКИ,,НЕ УСТАНОВЛЕНА
267,2026-01-21,2026-02-20,2026-02-05,1,-1.5279442573401421,1.8147471043412251,-2.5645117481749375,5.3297999241904899,2.818919671154414,6.0293511545042939,-3.4637079975003568,7.2883056581943872,8.0694902230076622,2.1845771466248864,0.44214181311450074,2.2288711700006147,-1.2564434726314337,0.49803520617010882,1.3515506895795804,,,,ВЫЧИСЛЕНО / ТРЕБУЕТ ПРОВЕРКИ,,НЕ УСТАНОВЛЕНА
268,2026-01-22,2026-02-21,2026-02-06,1,-1.490841553378049,1.714496406574658,-2.614627738457409,5.334566599590338,2.8337769698923281,6.0405208981144138,-3.388566137466507,7.8317776087626498,8.5334120362900965,2.1605868126876588,0.58552950598202358,2.2385218733654066,-1.2139861750873897,0.32595986424484752,1.2569853883008466,,,,ВЫЧИСЛЕНО / ТРЕБУЕТ ПРОВЕРКИ,,НЕ УСТАНОВЛЕНА
269,2026-01-23,2026-02-22,2026-02-07,1,-1.4778749993980353,1.6273604318738375,-2.5748622843894897,5.3225503187234979,2.7735696580949014,6.0018522593986168,-3.4535471633769736,8.4626909666920866,9.1402476119304872,2.1513305607382747,0.73904263035445172,2.2747323339346295,-1.2180958682675926,0.29271369346902842,1.2527724656276815,,,,ВЫЧИСЛЕНО / ТРЕБУЕТ ПРОВЕРКИ,,НЕ УСТАНОВЛЕНА
270,2026-01-24,2026-02-23,2026-02-08,1,-1.4690276213918656,1.5403820732784128,-2.4680747846391449,5.3562228747328264,2.7181304047893922,6.0064429058513262,-3.5213561273722682,9.1374025346234102,9.7924498495281824,2.23395176246642,0.93990130990809817,2.4236243416407963,-1.18853407102236,0.33568381661518387,1.2350290938752497,,,,ВЫЧИСЛЕНО / ТРЕБУЕТ ПРОВЕРКИ,,НЕ УСТАНОВЛЕНА
271,2026-01-25,2026-02-24,2026-02-09,1,-1.4461964131942591,1.5008446589926532,-2.3616296675538306,5.3616892279373678,2.7496949869370373,6.0256563043511102,-3.5079488148034912,9.6319580141963037,10.25086923507083,2.2650236211874248,1.0093775546100288,2.4797530224374196,-1.1725973143618276,0.44236464850769414,1.2532641157784365,,,,ВЫЧИСЛЕНО / ТРЕБУЕТ ПРОВЕРКИ,,НЕ УСТАНОВЛЕНА
272,2026-01-26,2026-02-25,2026-02-10,1,-1.436491976094624,1.5049764536736001,-2.3207442862196612,5.3628870032266001,2.7593697305094138,6.0311423726379054,-3.4663490999573292,9.7712470935021205,10.367875666936241,2.2973700610818502,0.98956249631512216,2.5014282183721841,-1.1637482209728454,0.51152359235730782,1.2712066344051181,,,,ВЫЧИСЛЕНО / ТРЕБУЕТ ПРОВЕРКИ,,НЕ УСТАНОВЛЕНА
273,2026-01-27,2026-02-26,2026-02-11,1,-1.4407700881413761,1.4602049961998684,-2.210472357519627,5.3718414219149766,2.6824950463688313,6.0043700698736782,-3.4307856087601132,9.9154317314462883,10.492191206523422,2.3416454935522841,1.1130108680585915,2.5927006788077676,-1.1534449763472563,0.61141347044588812,1.3054737627786348,,,,ВЫЧИСЛЕНО / ТРЕБУЕТ ПРОВЕРКИ,,НЕ УСТАНОВЛЕНА
274,2026-01-28,2026-02-27,2026-02-12,1,-1.4602951434448317,1.481380748637867,-2.1522481987052733,5.4030169456397354,2.6501729944547265,6.0179738297376524,-3.6005374381336694,10.002717377052909,10.63100299918114,2.3668780191766245,1.0996613366809525,2.609859500634546,-1.148088270376699,0.71088777198737885,1.3503585082998293,,,,ВЫЧИСЛЕНО / ТРЕБУЕТ ПРОВЕРКИ,,НЕ УСТАНОВЛЕНА
275,2026-01-29,2026-02-28,2026-02-13,1,-1.4685443626478687,1.4832421511632523,-2.1538148192751438,5.4505017539037297,2.6302318560732743,6.0519491889812072,-3.7103111918967082,10.248608027243982,10.89955850650859,2.3843728146973802,1.1077147027191299,2.6291187843245192,-1.1601202143416447,0.71586733647876699,1.3632112657843274,,,,ВЫЧИСЛЕНО / ТРЕБУЕТ ПРОВЕРКИ,,НЕ УСТАНОВЛЕНА
276,2026-01-30,2026-03-01,2026-02-14,1,-1.4055925872562995,1.177091590833486,-1.6764892937519704,5.4542144423727317,2.6671523692717578,6.0714213281816676,-3.916777909605107,13.144009795782935,13.715179280811764,2.6777060845996496,2.180083132645362,3.452951250850032,-0.91076771151399394,0.90421398464123226,1.283394231854426,,,,ВЫЧИСЛЕНО / ТРЕБУЕТ ПРОВЕРКИ,,НЕ УСТАНОВЛЕНА
277,2026-01-31,2026-03-02,2026-02-15,1,-1.4471578050446199,1.2190047512390718,-1.619721589222658,5.495010696385866,2.6112573251339937,6.0838973833769598,-4.0693150016946849,12.280495376361079,12.937151590355709,2.600070286634677,2.0674124958452182,3.3218308089692776,-0.93035679299214002,1.0592741274352095,1.4098317060274408,,,,ВЫЧИСЛЕНО / ТРЕБУЕТ ПРОВЕРКИ,,НЕ УСТАНОВЛЕНА
278,2026-02-01,2026-03-03,2026-02-16,1,-1.4566758934068675,1.2534271398624268,-1.5919390240802498,5.482189477330448,2.6418398145299866,6.0855335896689065,-4.0986373262801798,11.775925681367209,12.468811233853085,2.631044684080027,2.0097293728687506,3.3108017581542377,-0.87775451562098894,1.1001004618363905,1.4073642086630158,,,,ВЫЧИСЛЕНО / ТРЕБУЕТ ПРОВЕРКИ,,НЕ УСТАНОВЛЕНА
279,2026-02-02,2026-03-04,2026-02-17,1,-1.8260521959369997,1.2812913251751272,-1.6355673368011316,3.2449623792617546,0.34180613493694967,3.2629146903810775,-4.2507520249714501,11.286133403535686,12.060087063541577,2.5857104098963823,1.9644783917894366,3.2473179203234981,-0.88502333289038881,1.0203793829174683,1.350718469868331,,,,ВЫЧИСЛЕНО / ТРЕБУЕТ ПРОВЕРКИ,,НЕ УСТАНОВЛЕНА
280,2026-02-03,2026-03-05,2026-02-18,1,-0.68331603604556479,1.2762344853363725,-1.6321323830264325,1.2386159624244639,3.8145861803865557,4.0106405012128388,-4.2725469208497016,11.036850941710535,11.834979336711957,2.5422196580269905,1.9890159197997417,3.2278576670720289,-0.85141131395133685,0.96053026291985,1.2835574048359575,,,,ВЫЧИСЛЕНО / ТРЕБУЕТ ПРОВЕРКИ,,НЕ УСТАНОВЛЕНА
281,2026-02-04,2026-03-06,2026-02-19,1,-0.72657956816062841,1.5639149280237614,-2.1781292765892708,1.2465112324121512,3.813340936675214,4.0119022111527913,-3.8127893871545631,8.7569746908009716,9.5510192464536079,2.3962870608884663,1.0630191958992337,2.6214884110046599,-1.0275936292891241,0.62429028764389061,1.2023672609490352,,,,ВЫЧИСЛЕНО / ТРЕБУЕТ ПРОВЕРКИ,,НЕ УСТАНОВЛЕНА
282,2026-02-05,2026-03-07,2026-02-20,1,-0.72002835356351902,1.5266579317323297,-2.3471249705459138,1.2432914796578498,3.7797825814973529,3.9790111920903914,-3.9018608443731653,9.1713301975898514,9.9668357888587682,2.4103530630100454,1.1535982041957584,2.6721883738025629,-1.0460868660255302,0.37958301104194542,1.1128256797642591,,,,ВЫЧИСЛЕНО / ТРЕБУЕТ ПРОВЕРКИ,,НЕ УСТАНОВЛЕНА
283,2026-02-06,2026-03-08,2026-02-21,1,-0.67155951805792613,1.1774849290185507,-1.7126366391922663,1.2457344986584189,3.8263482507412943,4.0240272584934988,-4.583627265844699,12.296116399936043,13.122656645396582,2.5745838218375412,2.3990784573394004,3.5190992171488427,-0.81173802418790109,0.65485209538931621,1.0429524853742167,,,,ВЫЧИСЛЕНО / ТРЕБУЕТ ПРОВЕРКИ,,НЕ УСТАНОВЛЕНА
284,2026-02-07,2026-03-09,2026-02-22,1,-0.97160248508022029,1.2243757358169276,-1.6642421818417628,1.1556600378960835,1.6981099117844263,2.0540514588710987,-4.6277169441359218,11.789630908631604,12.665352781379774,2.5867202880433044,2.2708622198717654,3.4420832456836017,-0.81430672823367745,0.76914466990436603,1.1201245336519206,,,,ВЫЧИСЛЕНО / ТРЕБУЕТ ПРОВЕРКИ,,НЕ УСТАНОВЛЕНА
285,2026-02-08,2026-03-10,2026-02-23,1,-0.95725534010643454,1.2758563456152539,-1.6504792868203415,1.0899543897814947,1.7419924537331093,2.0548815733922599,-4.7591351640177466,11.314503659638763,12.274663358861179,2.5815609178839334,2.1441312769182455,3.3558539457796437,-0.80454652015753192,0.82511089839691421,1.1524335545926094,,,,ВЫЧИСЛЕНО / ТРЕБУЕТ ПРОВЕРКИ,,НЕ УСТАНОВЛЕНА
286,2026-02-09,2026-03-11,2026-02-24,1,-0.90345075068268343,1.3095323900534392,-1.7224923671234782,0.94880816243245614,1.779828327273848,2.01693475443924,-4.7830559994526203,10.894919090413968,11.898608602713447,2.5769528222502558,2.0624334734117689,3.3006541291618077,-0.79572199532784205,0.73264868198836552,1.0816411535568584,,,,ВЫЧИСЛЕНО / ТРЕБУЕТ ПРОВЕРКИ,,НЕ УСТАНОВЛЕНА
287,2026-02-10,2026-03-12,2026-02-25,1,-0.92433937444133374,1.3148246271300321,-1.7311833194152744,0.8470216886047196,1.5975772515171713,1.8082308523891384,-5.0706607734663258,10.859913222875434,11.985379255073859,2.5652725863743728,2.1293290146877912,3.3338664483142009,-0.78075031272382223,0.68147135792153757,1.0363272950597078,,,,ВЫЧИСЛЕНО / ТРЕБУЕТ ПРОВЕРКИ,,НЕ УСТАНОВЛЕНА
288,2026-02-11,2026-03-13,2026-02-26,1,-0.87017400012951951,1.2974536686677549,-1.7605983859177023,0.76015270106235688,1.7006568080767936,1.8628112378312369,-5.242425140276417,10.857143249633022,12.056557588899665,2.5210275300349672,2.2253375458410898,3.3626934145301219,-0.7473541647263312,0.57741177436824898,0.94442713044092597,,,,ВЫЧИСЛЕНО / ТРЕБУЕТ ПРОВЕРКИ,,НЕ УСТАНОВЛЕНА
289,2026-02-12,2026-03-14,2026-02-27,1,-0.85502525399849727,1.3220857406658748,-1.7541703705448253,0.72996821053685546,1.7496513941038903,1.8958200308267834,-5.3219201473085764,10.747744083297997,11.993199612046656,2.5731128387498092,2.2048890964443628,3.3885757492725967,-0.69536296965065703,0.56109347532163567,0.89350744127281423,,,,ВЫЧИСЛЕНО / ТРЕБУЕТ ПРОВЕРКИ,,НЕ УСТАНОВЛЕНА
290,2026-02-13,2026-03-15,2026-02-28,1,-0.84738917211292852,1.3392828427721408,-1.7511633421003254,0.77264265365665152,1.9673042648483658,2.1135900124527844,-5.3949259770204563,10.538159564453585,11.838835808617953,2.5826902207940137,2.1960648136010876,3.3901311836154382,-0.65187373418838634,0.53338481141568794,0.84228185447251558,,,,ВЫЧИСЛЕНО / ТРЕБУЕТ ПРОВЕРКИ,,НЕ УСТАНОВЛЕНА
291,2026-02-14,2026-03-16,2026-03-01,1,-0.8095317249273859,1.3089293402211384,-1.6218473140259013,0.63379289076567225,1.8522070443298639,1.957642552523386,-5.6242867239698739,10.807515649307991,12.183390154774692,2.5833577737233093,2.3669270923384103,3.5037239114265573,-0.59820895330742618,0.58946990316291215,0.83983850742393296,,,,ВЫЧИСЛЕНО / ТРЕБУЕТ ПРОВЕРКИ,,НЕ УСТАНОВЛЕНА
292,2026-02-15,2026-03-17,2026-03-02,1,-0.55492375246755765,1.3328590090006163,-1.5789007003494449,0.12544765298899532,1.830066403321851,1.8343609661699147,-5.5722930576288094,10.536053727347642,11.9188455005363,2.5792902168756706,2.2824614917394785,3.4441789274287347,-0.60110857115143124,0.66828906121189469,0.89885581916522672,,,,ВЫЧИСЛЕНО / ТРЕБУЕТ ПРОВЕРКИ,,НЕ УСТАНОВЛЕНА
293,2026-02-16,2026-03-18,2026-03-03,1,-0.22692457117527454,1.3360071959681994,-1.5496647972010016,-1.7273708495098821,6.0254701445338359,6.2681815955191578,-5.7621100602255693,10.395865241271267,11.885955008362803,2.5607450691448186,2.342439309219956,3.4705096493927758,-0.57749881786991497,0.65874445140279292,0.87604174380854472,,,,ВЫЧИСЛЕНО / ТРЕБУЕТ ПРОВЕРКИ,,НЕ УСТАНОВЛЕНА
294,2026-02-17,2026-03-19,2026-03-04,1,0.34082320097440055,1.3316979188444469,-1.4848529715110745,-4.4130453480948555,3.8880175564135846,5.8814666336996169,-6.0129798166326358,10.80705080511734,12.367225775395983,2.715932030300741,2.5141563088051573,3.7009821315859224,-0.5459698549197024,0.70217715111049606,0.88945816878743278,,,,ВЫЧИСЛЕНО / ТРЕБУЕТ ПРОВЕРКИ,,НЕ УСТАНОВЛЕНА
295,2026-02-18,2026-03-20,2026-03-05,1,0.31609268380475797,1.5747124367135115,-1.9913768940659402,-4.3719037254031674,3.7693734659558196,5.772496731055452,-5.5255839824562623,9.1519444648901462,10.690657876651493,2.5805524254770971,1.5442789423176879,3.007332417994653,-0.74802944139997674,0.52387232245147419,0.91323066934475139,,,,ВЫЧИСЛЕНО / ТРЕБУЕТ ПРОВЕРКИ,,НЕ УСТАНОВЛЕНА
296,2026-02-19,2026-03-21,2026-03-06,1,0.36147801044513717,1.5083653984150853,-2.0394194522914266,-4.3741977942755144,3.7392519291619042,5.7546165235561784,-5.3723840038776043,9.7870559568047018,11.164630499337914,2.6360145411939637,1.6690361941596199,3.1199766792078512,-0.69277284755725843,0.41312711343619424,0.80660289496673299,,,,ВЫЧИСЛЕНО / ТРЕБУЕТ ПРОВЕРКИ,,НЕ УСТАНОВЛЕНА
297,2026-02-20,2026-03-22,2026-03-07,1,0.44000536965577419,1.2239518981133415,-1.4047392801946827,-4.382999484157903,3.7052250640264157,5.7392836881633587,-5.9316113101794921,12.967952714996414,14.260147627336547,2.8903599435779066,2.8356259450189176,4.0490684241568591,-0.49881535099709268,0.71402629666396111,0.8710053425312636,,,,ВЫЧИСЛЕНО / ТРЕБУЕТ ПРОВЕРКИ,,НЕ УСТАНОВЛЕНА
298,2026-02-21,2026-03-23,2026-03-08,1,0.42011587321713328,1.2580880840883424,-1.310915803908574,-4.3551771780061612,3.6347565191896942,5.6726557453822011,-6.1887329678195089,12.643199284021239,14.076608394156997,2.9005428121658725,2.8008452745081263,4.0321065036704589,-0.51966465363587411,0.93334103935569412,1.068258792607887,,,,ВЫЧИСЛЕНО / ТРЕБУЕТ ПРОВЕРКИ,,НЕ УСТАНОВЛЕНА
299,2026-02-22,2026-03-24,2026-03-09,1,0.3995026451821504,1.2914835783029464,-1.298968461961302,-4.3425049090789614,3.6524510571209219,5.6743059143862364,-6.2706403668504667,12.283906739412139,13.79185612573411,2.9778013413578091,2.7813824474519859,4.0747256530454132,-0.50852867187290829,0.97803799121532653,1.1023428334131515,,,,ВЫЧИСЛЕНО / ТРЕБУЕТ ПРОВЕРКИ,,НЕ УСТАНОВЛЕНА
300,2026-02-23,2026-03-25,2026-03-10,1,0.38687135113085747,1.3001009379163202,-1.3204250567368057,-4.3609221674798677,3.660749487748896,5.6937447223133484,-6.3623592311578099,12.05589613588465,13.631736742819582,2.9353753930890183,2.7692580974843692,4.035494902590667,-0.55728458380328116,1.0059137456812854,1.1499689435351506,,,,ВЫЧИСЛЕНО / ТРЕБУЕТ ПРОВЕРКИ,,НЕ УСТАНОВЛЕНА
301,2026-02-24,2026-03-26,2026-03-11,1,0.37496035158483076,1.3040170798332475,-1.3172744902819395,-4.371453096340681,3.6680080336635306,5.7064774693786999,-6.4591770159998614,11.887939126737656,13.529377827714065,2.9368000651256039,2.8165132517408371,4.0690959093825123,-0.53242960920960314,0.94968943537999218,1.0887567737724799,,,,ВЫЧИСЛЕНО / ТРЕБУЕТ ПРОВЕРКИ,,НЕ УСТАНОВЛЕНА
302,2026-02-25,2026-03-27,2026-03-12,1,0.36643064838217665,1.2926328799158835,-1.3716329329721932,-4.3925008518449253,3.6305918185662045,5.6987069310939527,-6.5658267574826432,11.638275703803746,13.362617347175052,2.8048449911743667,2.8410547201055549,3.9923360764281841,-0.59925923607702958,0.88990379280286569,1.072865505302762,,,,ВЫЧИСЛЕНО / ТРЕБУЕТ ПРОВЕРКИ,,НЕ УСТАНОВЛЕНА
303,2026-02-26,2026-03-28,2026-03-13,1,0.34137037147802651,1.3184482331660776,-1.4374152072732846,-4.4472493677933338,3.7285335221983189,5.803446317964422,-6.6792482169835647,11.355080095669345,13.173845327889055,2.7281562483865462,2.720855735733112,3.8530367828872758,-0.6117361775323823,0.80356940702058233,1.0099232360933879,,,,ВЫЧИСЛЕНО / ТРЕБУЕТ ПРОВЕРКИ,,НЕ УСТАНОВЛЕНА
304,2026-02-27,2026-03-29,2026-03-14,1,0.33384460936610783,1.3082886854479483,-1.5374729127922393,-4.5130165865475034,3.8225134886191139,5.9142986127797057,-6.5916285902204832,11.142462170910823,12.946197538334985,2.6701457727484326,2.7312536421956217,3.8196105699054157,-0.63537122511190602,0.66397518180829862,0.91899925775680991,,,,ВЫЧИСЛЕНО / ТРЕБУЕТ ПРОВЕРКИ,,НЕ УСТАНОВЛЕНА
305,2026-02-28,2026-03-30,2026-03-15,1,0.33734412275054382,1.2958156284337514,-1.5839863232158276,-4.551226033201651,3.781754379488445,5.9173748057793727,-6.53548834450417,10.8995469363322,12.708765924292512,2.6070615754214521,2.7667980136519121,3.801570899823802,-0.66093771222776987,0.60652271026173998,0.89705543725464643,,,,ВЫЧИСЛЕНО / ТРЕБУЕТ ПРОВЕРКИ,,НЕ УСТАНОВЛЕНА
306,2026-03-01,2026-03-31,2026-03-16,1,0.33513130055762819,1.3055018352088776,-1.6470241532324286,-4.6190114507430931,3.8196287810037033,5.9937326272338547,-6.5396637477228046,10.794098646631065,12.62060884135478,2.6427732672482489,2.7761612804478788,3.8329260359599937,-0.71782698407558032,0.58591299538471875,0.92659031790092483,,,,ВЫЧИСЛЕНО / ТРЕБУЕТ ПРОВЕРКИ,,НЕ УСТАНОВЛЕНА
307,2026-03-02,2026-04-01,2026-03-17,1,0.33251155387168385,1.3329402411011344,-1.7158147145231617,-4.6652651175131803,3.8585097010276854,6.0541552449214606,-6.5348474865885002,10.724605678965649,12.558718033393149,2.6942171710838729,2.6926608290030232,3.8090981222607585,-0.77376790787378291,0.57690875066864922,0.96516344825808265,,,,ВЫЧИСЛЕНО / ТРЕБУЕТ ПРОВЕРКИ,,НЕ УСТАНОВЛЕНА
308,2026-03-03,2026-04-02,2026-03-18,1,0.33086615338480918,1.3246677977462511,-1.8147147612531327,-4.6888611524018913,3.9019853036582819,6.1000744435186043,-6.5082802534859097,10.714284217175557,12.536091820991574,2.6823489783003853,2.7180036622298505,3.8187091993609568,-0.78637613232563841,0.46591828980693484,0.91403898946820039,,,,ВЫЧИСЛЕНО / ТРЕБУЕТ ПРОВЕРКИ,,НЕ УСТАНОВЛЕНА
309,2026-03-04,2026-04-03,2026-03-19,1,0.12230434325522399,1.5567981056065747,-2.3752058423220546,-4.4157990749449834,5.0180906498142646,6.6843485277204326,-5.908759330671713,8.6491098515949432,10.474757183474791,2.5499230143625509,1.7948776624996559,3.1182836950021122,-0.95575033579058633,0.14743214573219413,0.9670547771243454,,,,ВЫЧИСЛЕНО / ТРЕБУЕТ ПРОВЕРКИ,,НЕ УСТАНОВЛЕНА
310,2026-03-05,2026-04-04,2026-03-20,1,-0.020602576608506507,1.5162842392562927,-2.4944860426618929,-3.5740449991217123,5.8056837784999287,6.817606749562791,-6.0145970452306052,9.3337701267048185,11.103812065892686,2.5983967790793314,1.8823551254894126,3.2085708095639882,-0.95705585867620091,0.019308832332860317,0.95725061902957198,,,,ВЫЧИСЛЕНО / ТРЕБУЕТ ПРОВЕРКИ,,НЕ УСТАНОВЛЕНА
311,2026-03-06,2026-04-05,2026-03-21,1,0.051936036752558312,1.2834087568377637,-2.0084771738752716,-3.5887148197568766,5.8131810496171132,6.8316870517588955,-6.4233761035353725,11.726210922478247,13.370257408364186,2.7940483366092419,2.8115721191929079,3.9637916051088977,-0.75323151105806563,0.27034309955260516,0.80027689003652147,,,,ВЫЧИСЛЕНО / ТРЕБУЕТ ПРОВЕРКИ,,НЕ УСТАНОВЛЕНА
312,2026-03-07,2026-04-06,2026-03-22,1,0.031678903685124826,1.2984605401461629,-1.7515766090164508,-3.5780927327295782,5.819927395829791,6.831859373314292,-6.4678549269388972,11.308086029147475,13.027123895876944,2.7476581103420497,2.7835546802997082,3.9112404361719895,-0.71223217502647651,0.48530956820061155,0.86185848497883311,,,,ВЫЧИСЛЕНО / ТРЕБУЕТ ПРОВЕРКИ,,НЕ УСТАНОВЛЕНА
313,2026-03-08,2026-04-07,2026-03-23,1,0.02060085303991821,1.3323944538112613,-1.781552614262413,-3.6134367357555952,5.818696254335852,6.849390567308169,-6.3082963444089604,10.641244319304086,12.370557118901514,2.6832847619476778,2.620295760257592,3.7504622361682989,-0.69724562636335341,0.46333671364208445,0.83715731717011943,,,,ВЫЧИСЛЕНО / ТРЕБУЕТ ПРОВЕРКИ,,НЕ УСТАНОВЛЕНА
314,2026-03-09,2026-04-08,2026-03-24,1,0.025607454122565265,1.3059498311577205,-1.6870912662715714,-3.6537348922841786,5.8346319657617238,6.8842362567668607,-6.3312633790170922,10.710605904018436,12.441944173065458,2.6719614406256307,2.7440722123803147,3.8300535566683647,-0.67758453821511622,0.52132034002566707,0.85492438458185849,,,,ВЫЧИСЛЕНО / ТРЕБУЕТ ПРОВЕРКИ,,НЕ УСТАНОВЛЕНА
315,2026-03-10,2026-04-09,2026-03-25,1,0.032519206005252599,1.291707595045839,-1.6011249669637981,-3.6620525868994771,5.8097700400823733,6.8676092687234247,-6.3254159241958074,10.798197160733372,12.514469566711174,2.667922933978724,2.7968716027813443,3.8652688838028242,-0.64371381721264187,0.57778601252297346,0.86498795063149181,,,,ВЫЧИСЛЕНО / ТРЕБУЕТ ПРОВЕРКИ,,НЕ УСТАНОВЛЕНА
316,2026-03-11,2026-04-10,2026-03-26,1,0.018206508314583036,1.2947564005475058,-1.5295238034971823,-3.6611000816747361,5.8262423769672829,6.8810430926719341,-6.5330558311867062,10.829407118563763,12.647405940864004,2.7044162563599623,2.891745885987167,3.9593006398589812,-0.63764419647395876,0.64768326754377981,0.90889148766676653,,,,ВЫЧИСЛЕНО / ТРЕБУЕТ ПРОВЕРКИ,,НЕ УСТАНОВЛЕНА
317,2026-03-12,2026-04-11,2026-03-27,1,0.0051226339396315268,1.3133959136558424,-1.5653215427761213,-3.6738249807938974,5.8547502587062663,6.9119527328625718,-6.424079858343311,10.355107799982724,12.18593695928365,2.6503902828623289,2.7990378855614524,3.8547609181762987,-0.66487923733065746,0.63650953819494915,0.92043945615480005,,,,ВЫЧИСЛЕНО / ТРЕБУЕТ ПРОВЕРКИ,,НЕ УСТАНОВЛЕНА
318,2026-03-13,2026-04-12,2026-03-28,1,-0.0014444364539869525,1.323844273298457,-1.5725871627502332,-3.6861236766076977,5.816563854717101,6.8862125174328819,-6.4521129442990715,10.148739019250328,12.026082700815165,2.6058515602423205,2.7551946583864089,3.7923027252077777,-0.66909228311066848,0.63055842222968883,0.91939567497516617,,,,ВЫЧИСЛЕНО / ТРЕБУЕТ ПРОВЕРКИ,,НЕ УСТАНОВЛЕНА
319,2026-03-14,2026-04-13,2026-03-29,1,0.30656380548177742,1.3209941933359373,-1.6475730179048695,-5.650887584863888,4.6589313665659269,7.3238085703505851,-6.435804331873106,9.9364588478578977,11.838614438916833,2.5242607852398362,2.73011572412396,3.7182555559036725,-0.62996148037751865,0.49853993500150773,0.80336388613799559,,,,ВЫЧИСЛЕНО / ТРЕБУЕТ ПРОВЕРКИ,,НЕ УСТАНОВЛЕНА
320,2026-03-15,2026-04-14,2026-03-30,1,0.10254483205336085,1.2995369475856213,-1.7708349384715578,-7.1328321388969158,8.8221214099360932,11.344916063741218,-6.4199230846850321,9.8553857628565336,11.761974364365322,2.4330168390681859,2.7619256670029557,3.6807342106214445,-0.66668106520722747,0.38360458717609297,0.76916586118234875,,,,ВЫЧИСЛЕНО / ТРЕБУЕТ ПРОВЕРКИ,,НЕ УСТАНОВЛЕНА
321,2026-03-16,2026-04-15,2026-03-31,1,0.10205782158789933,1.2949775861337018,-1.7897162395933675,-7.1305225847150711,8.8452964032893,11.361497295390881,-6.4362603642911589,9.9010957721608683,11.809197473429224,2.4942233360317907,2.8520746119716005,3.7888625789619912,-0.65959426085851847,0.36003275464060336,0.75145736630336935,,,,ВЫЧИСЛЕНО / ТРЕБУЕТ ПРОВЕРКИ,,НЕ УСТАНОВЛЕНА
322,2026-03-17,2026-04-16,2026-04-01,1,0.10410637143963131,1.2926483450223385,-1.8346687620802469,-7.155609133379575,8.8905989479266534,11.41251469758439,-6.4359526148015371,9.9621740342771741,11.86028657112454,2.5105672364888227,2.8678726569100808,3.8115143217865008,-0.64186615088242605,0.31417590380954369,0.71463183121322338,,,,ВЫЧИСЛЕНО / ТРЕБУЕТ ПРОВЕРКИ,,НЕ УСТАНОВЛЕНА
323,2026-03-18,2026-04-17,2026-04-02,1,0.32457809003106286,1.5232062776243671,-2.5540624631389846,-5.9463097173633823,4.6004206256449987,7.518142668749384,-5.3945887196756832,8.0963832213901679,9.7289777840254299,2.4930888123849559,1.8382030137571899,3.0974961091541418,-0.78767538676885263,-0.037684231612162916,0.78857632238969788,,,,ВЫЧИСЛЕНО / ТРЕБУЕТ ПРОВЕРКИ,,НЕ УСТАНОВЛЕНА
324,2026-03-19,2026-04-18,2026-04-03,1,0.36999734134206719,1.4514285457001099,-2.7552741739830844,-5.9567443262879491,4.5394764911604195,7.4893023561985927,-5.3952321882332743,8.8074438544621376,10.328581587732716,2.475364165090193,1.9570247170289963,3.1555306198601674,-0.7300382841418126,-0.21203360529186582,0.7602066469623826,,,,ВЫЧИСЛЕНО / ТРЕБУЕТ ПРОВЕРКИ,,НЕ УСТАНОВЛЕНА
325,2026-03-20,2026-04-19,2026-04-04,1,0.42139797784576283,1.2391640459897895,-2.1694170106494979,-5.9972299609192632,4.5419002461737774,7.5230063837764414,-6.0461996932561721,11.035457687554992,12.583237147274449,2.7348697811475966,3.0075809328824246,4.0651021866211705,-0.51070844876299037,0.071617293129313836,0.51570549377825137,,,,ВЫЧИСЛЕНО / ТРЕБУЕТ ПРОВЕРКИ,,НЕ УСТАНОВЛЕНА
326,2026-03-21,2026-04-20,2026-04-05,1,0.38865117741106747,1.277377787124979,-2.0622837920473911,-6.0133865166525489,4.5506634080816335,7.5411772855643582,-6.0742855002748399,10.264875604024709,11.92747313998027,2.6096441698949904,2.8406279792656823,3.8573838297548182,-0.55294651333328904,0.14210715925579809,0.5709153101110479,,,,ВЫЧИСЛЕНО / ТРЕБУЕТ ПРОВЕРКИ,,НЕ УСТАНОВЛЕНА
327,2026-03-22,2026-04-21,2026-04-06,1,0.38544733140811438,1.2863977449715485,-2.0708517764459065,-6.0152506035417792,4.557371226319745,7.5467126828770201,-6.0307690483794172,10.130126886507622,11.789387009155131,2.5959463899019157,2.7898043148161831,3.810767084749707,-0.56822816039980106,0.14470736502657147,0.5863646167396831,,,,ВЫЧИСЛЕНО / ТРЕБУЕТ ПРОВЕРКИ,,НЕ УСТАНОВЛЕНА
328,2026-03-23,2026-04-22,2026-04-07,1,0.39000988434880135,1.2854079271946386,-2.0533326534375274,-6.0459472937692782,4.5700049672724825,7.5788141605353552,-5.9235358114964027,10.028448410123914,11.647233749890882,2.6012385047592241,2.7817636170065709,3.8084971549869229,-0.54585611669729461,0.1506813108158454,0.56627180537709265,,,,ВЫЧИСЛЕНО / ТРЕБУЕТ ПРОВЕРКИ,,НЕ УСТАНОВЛЕНА
329,2026-03-24,2026-04-23,2026-04-08,1,0.38582256036566998,1.2899155178081383,-2.0167022054789983,-6.111121478194633,4.6008172414234396,7.6494003039604967,-5.9138883304542711,9.8738075616808967,11.509394030538274,2.5410980144285986,2.7262016988163524,3.7268424734032068,-0.51997371461753172,0.16333679192656733,0.54502437696860595,,,,ВЫЧИСЛЕНО / ТРЕБУЕТ ПРОВЕРКИ,,НЕ УСТАНОВЛЕНА
330,2026-03-25,2026-04-24,2026-04-09,1,0.37673018631133282,1.3019970666568419,-1.9998649732528864,-6.1198461121280214,4.6323432955966135,7.675358027114263,-5.83433131124717,9.5990000119339012,11.232997065721426,2.4962438344262465,2.6482600799713243,3.6393014071495609,-0.51710295010518403,0.17526734756036083,0.54599826385102068,,,,ВЫЧИСЛЕНО / ТРЕБУЕТ ПРОВЕРКИ,,НЕ УСТАНОВЛЕНА
331,2026-03-26,2026-04-25,2026-04-10,1,0.37690505999507407,1.2911383401999155,-2.0733564743167419,-6.1490151436971958,4.6360559840655329,7.7008702316561131,-5.8085689858993259,9.5195393935700583,11.151730983559625,2.4372174013041308,2.6517216989410706,3.6016186124928025,-0.55063855770086834,0.13516598165146332,0.56698559401689941,,,,ВЫЧИСЛЕНО / ТРЕБУЕТ ПРОВЕРКИ,,НЕ УСТАНОВЛЕНА
332,2026-03-27,2026-04-26,2026-04-11,1,0.38043347223905544,1.3253634610264804,-2.1444605392088985,-6.171241410503411,4.720089115506731,7.7693926278079966,-5.6212567414207468,9.4326980981035007,10.980633896225372,2.5511240922182248,2.5381893057535208,3.5986996381662366,-0.50603227762554959,0.1101208654808674,0.51787572931462678,,,,ВЫЧИСЛЕНО / ТРЕБУЕТ ПРОВЕРКИ,,НЕ УСТАНОВЛЕНА
333,2026-03-28,2026-04-27,2026-04-12,1,0.38453785839904464,1.3144771782378637,-2.0798832550925543,-6.1416128094242142,4.7086428263035396,7.7389098177058102,-5.5850682987333613,9.4849729509940612,11.007165837880583,2.5459050101425023,2.5616836406760761,3.6116278041315568,-0.51872013696228192,0.14536095698308679,0.53870250445418144,,,,ВЫЧИСЛЕНО / ТРЕБУЕТ ПРОВЕРКИ,,НЕ УСТАНОВЛЕНА
334,2026-03-29,2026-04-28,2026-04-13,1,0.3839971183821822,1.3146603796794967,-2.0848426430022355,-6.0994467873285583,4.6886683217174481,7.6932997954407956,-5.60546371474486,9.5356012492404059,11.061144364026555,2.5675042927040801,2.5786842971580999,3.6389134363795521,-0.51563629569598579,0.14225108474061338,0.53489827121515288,,,,ВЫЧИСЛЕНО / ТРЕБУЕТ ПРОВЕРКИ,,НЕ УСТАНОВЛЕНА
335,2026-03-30,2026-04-29,2026-04-14,1,0.36714033908823973,1.3221508457460507,-1.9956076503770903,-6.0542753119242185,4.7498718284839159,7.6951628923369926,-5.6933475710098875,9.5323210884220977,11.103123519852458,2.5468388622599196,2.5552847107295187,3.6077511199091106,-0.46029761813154613,0.17269604232280739,0.49162772530801752,,,,ВЫЧИСЛЕНО / ТРЕБУЕТ ПРОВЕРКИ,,НЕ УСТАНОВЛЕНА
336,2026-03-31,2026-04-30,2026-04-15,1,0.35855076552207654,1.3296512128766969,-1.9605178636589027,-6.0111117117674393,4.7976019068124574,7.6909328476848762,-5.6596440700918107,9.4706716019716115,11.032914011833725,2.565146641959545,2.5365645073162355,3.607511163466135,-0.4154534392340174,0.17627759852848304,0.45130405705504401,,,,ВЫЧИСЛЕНО / ТРЕБУЕТ ПРОВЕРКИ,,НЕ УСТАНОВЛЕНА
337,2026-04-01,2026-05-01,2026-04-16,1,0.28279228638292775,1.5275245661335664,-2.5629153606983146,-5.978584300855414,4.7296186876286592,7.6231727760035097,-5.3657603843722903,7.5364474961243966,9.2514553106167448,2.3618978648178035,1.8406209884414435,2.9944026360731879,-0.49166626232367944,-0.041056759916878155,0.49337751371764943,,,,ВЫЧИСЛЕНО / ТРЕБУЕТ ПРОВЕРКИ,,НЕ УСТАНОВЛЕНА
338,2026-04-02,2026-05-02,2026-04-17,1,0.69786097282459947,1.4619817082130488,-2.5523891125900953,-8.2222454759742867,2.4283351187311331,8.5733384463721354,-5.5301673730614613,8.3356608286446274,10.003299087014941,2.3767573934248265,1.9799794438675955,3.0934275982052348,-0.4650008270658067,-0.049180639724317077,0.4675943803079517,,,,ВЫЧИСЛЕНО / ТРЕБУЕТ ПРОВЕРКИ,,НЕ УСТАНОВЛЕНА
339,2026-04-03,2026-05-03,2026-04-18,1,0.76022527219544322,1.2160878660353172,-1.4855656150775693,-9.7751041949842321,2.8863724146412673,10.192340640834194,-6.1643937211933162,10.680661793598727,12.331921435815554,2.5070756678576163,3.0213846926958583,3.9260914234923971,-0.32477182182587722,0.31991617111663745,0.45587618142871755,,,,ВЫЧИСЛЕНО / ТРЕБУЕТ ПРОВЕРКИ,,НЕ УСТАНОВЛЕНА
340,2026-04-04,2026-05-04,2026-04-19,1,0.90714672336733226,1.249072082058964,-1.3254854549758519,-11.464613525518452,1.4711505757916825,11.55861788044543,-5.9921585116177853,10.087119683848208,11.732687123785047,2.5042149316366449,2.8955851739785401,3.8282510267217664,-0.34350845867292401,0.48894094428163981,0.59754607201024224,,,,ВЫЧИСЛЕНО / ТРЕБУЕТ ПРОВЕРКИ,,НЕ УСТАНОВЛЕНА
341,2026-04-05,2026-05-05,2026-04-20,1,0.5698715778591974,1.2853878416705893,-1.3370437587795629,-12.599362365780927,5.7040609616612823,13.830410097990766,-6.1704124909972409,9.5047769562319466,11.332024324752069,2.4143300425319323,2.8112775570075574,3.7057079022511505,-0.36420872429981671,0.50219432846634082,0.62036049068252153,,,,ВЫЧИСЛЕНО / ТРЕБУЕТ ПРОВЕРКИ,,НЕ УСТАНОВЛЕНА
342,2026-04-06,2026-05-06,2026-04-21,1,0.58326102064464314,1.2763664691836176,-1.3510164926236927,-12.647302964877175,5.6627562866237975,13.857167136434789,-6.0763597637894646,9.5521567022557505,11.321035537593238,2.4209822208359686,2.81773603741977,3.7149416267524211,-0.32844222486644448,0.44002062771416589,0.54908327955710745,,,,ВЫЧИСЛЕНО / ТРЕБУЕТ ПРОВЕРКИ,,НЕ УСТАНОВЛЕНА
343,2026-04-07,2026-05-07,2026-04-22,1,0.58645790203210035,1.2713081717780357,-1.2573733981148036,-12.635967097827759,5.6267459719979067,13.83213413507765,-6.3515331656081893,10.010261686440112,11.855265184078828,2.5510146206337283,2.9926270024178279,3.9323646792086002,-0.33835547684614553,0.55005752060802893,0.64579230770367235,,,,ВЫЧИСЛЕНО / ТРЕБУЕТ ПРОВЕРКИ,,НЕ УСТАНОВЛЕНА
344,2026-04-08,2026-05-08,2026-04-23,1,0.57616472806731878,1.3050537776273403,-1.2708116525625284,-12.614866712131587,5.6097562736410698,13.805948993622312,-6.3584229297277135,9.7859659223943591,11.670247263342402,2.5584379763980962,2.8654493616474448,3.8414066334146058,-0.33748511101121931,0.56052031949849612,0.65427763886973178,,,,ВЫЧИСЛЕНО / ТРЕБУЕТ ПРОВЕРКИ,,НЕ УСТАНОВЛЕНА
345,2026-04-09,2026-05-09,2026-04-24,1,0.5678970554541265,1.3070113908926224,-1.2804471876439456,-12.610985809547023,5.5831716538452296,13.791619513490692,-6.4953614471160943,9.7830349057588073,11.742976296321871,2.5538943595877375,2.9065859241313756,3.8691883043207786,-0.36588497636738332,0.58418047340187451,0.68930301133492722,,,,ВЫЧИСЛЕНО / ТРЕБУЕТ ПРОВЕРКИ,,НЕ УСТАНОВЛЕНА
346,2026-04-10,2026-05-10,2026-04-25,1,0.57036339064173225,1.3022048935216439,-1.2399769497142745,-12.552245968860477,5.4638175620430376,13.689856873395865,-6.569048209164599,9.8135553114912248,11.809244777970616,2.5730360778605443,2.9795155896904566,3.9367534602995451,-0.36602566699562339,0.62807869449489073,0.72695091675985746,,,,ВЫЧИСЛЕНО / ТРЕБУЕТ ПРОВЕРКИ,,НЕ УСТАНОВЛЕНА
347,2026-04-11,2026-05-11,2026-04-26,1,0.56894476434987595,1.3027602081998086,-1.2090623218340408,-12.554862363746267,5.4490899494461642,13.68638558019493,-6.6516706593238712,9.8838370040464163,11.913645809854652,2.6109205782881575,3.0351844938557058,4.0036547276046024,-0.33728823926133716,0.61936438260222437,0.70524860494739561,,,,ВЫЧИСЛЕНО / ТРЕБУЕТ ПРОВЕРКИ,,НЕ УСТАНОВЛЕНА
348,2026-04-12,2026-05-12,2026-04-27,1,0.59380840704857585,1.2991041911587224,-0.79341237942922849,-12.641275850910636,5.3571932795198736,13.729580291216092,-6.4412786457086435,9.914628939167347,11.823279477075589,2.7303455358195978,3.0945245706041722,4.1268473515557789,-0.040677529436173011,0.57640452317043123,0.57783807051142189,,,,ВЫЧИСЛЕНО / ТРЕБУЕТ ПРОВЕРКИ,,НЕ УСТАНОВЛЕНА
349,2026-04-13,2026-05-13,2026-04-28,1,0.46845308533695329,1.3027897044585712,-0.94866720229850632,-10.625314509633037,6.0710533844227745,12.237442446243806,-6.5192797263459763,9.8806301305725892,11.837561401214549,2.7443470126093006,3.1318233313926394,4.1641034935112842,-0.14951535944088537,0.64112179878510955,0.65832515035215822,,,,ВЫЧИСЛЕНО / ТРЕБУЕТ ПРОВЕРКИ,,НЕ УСТАНОВЛЕНА
350,2026-04-14,2026-05-14,2026-04-29,1,0.62509903852114945,1.300835853142055,-0.91356243664116743,-9.54765187557215,3.6094111755329115,10.207130124142548,-6.5838864959619547,9.9563102346693277,11.936317475699589,2.7970182718764991,3.2111861698692041,4.258524137629168,-0.12676138633034495,0.63514920799972563,0.64767504621304484,,,,ВЫЧИСЛЕНО / ТРЕБУЕТ ПРОВЕРКИ,,НЕ УСТАНОВЛЕНА
351,2026-04-15,2026-05-15,2026-04-30,1,0.57662526759188459,1.4951538239467013,-1.7424010275750086,-9.5543932048081537,3.5081660798901706,10.178097010550459,-6.069214129045907,8.1129848318265445,10.131923954790524,2.6803958876181304,2.3410328991790674,3.5587859094639192,-0.34883193419348696,0.2828225838182149,0.44907942753012015,,,,ВЫЧИСЛЕНО / ТРЕБУЕТ ПРОВЕРКИ,,НЕ УСТАНОВЛЕНА
352,2026-04-16,2026-05-16,2026-05-01,1,0.61928386877281971,1.4454101401898019,-2.0437582253583186,-9.5411276038858812,3.4499320809329141,10.145695999618914,-6.0731795383417682,8.7909642776519341,10.684781824440101,2.7183577375084993,2.4324137557281569,3.6477534823680018,-0.32962629175259078,0.1270519684599983,0.35326434139907825,,,,ВЫЧИСЛЕНО / ТРЕБУЕТ ПРОВЕРКИ,,НЕ УСТАНОВЛЕНА
353,2026-04-17,2026-05-17,2026-05-02,1,0.64896226095163057,1.2602102980239405,-1.0046534958664424,-9.597791470457107,3.4436347447864346,10.196873117082488,-7.1799808960648974,11.022689605551736,13.154915879936107,2.7894928531456475,3.4293827843250653,4.4206262745425313,-0.15104628563326433,0.45308035633586458,0.47759479655984494,,,,ВЫЧИСЛЕНО / ТРЕБУЕТ ПРОВЕРКИ,,НЕ УСТАНОВЛЕНА
354,2026-04-18,2026-05-18,2026-05-03,1,0.62684398258836849,1.2957719323438344,-1.0295511162819073,-9.5894236203137257,3.4422133905472676,10.188516987073914,-7.2030182248491945,10.544039031195837,12.769503930806822,2.7376209154717261,3.2737104848068257,4.2675225383309217,-0.19363558197386463,0.55965745877165196,0.5922087552249633,,,,ВЫЧИСЛЕНО / ТРЕБУЕТ ПРОВЕРКИ,,НЕ УСТАНОВЛЕНА
355,2026-04-19,2026-05-19,2026-05-04,1,0.61067832498737484,1.3005887544278778,-1.0720052509339442,-9.6297548605225867,3.4806273074028926,10.239479729302515,-7.2335425856984292,10.277576342926993,12.567924006127875,2.6546298616120394,3.2341375510088306,4.1841015046253061,-0.21900221328109207,0.54091571071519884,0.58356814128304302,,,,ВЫЧИСЛЕНО / ТРЕБУЕТ ПРОВЕРКИ,,НЕ УСТАНОВЛЕНА
356,2026-04-20,2026-05-20,2026-05-05,1,0.6006180243326118,1.3158118059896458,-1.0975637095243487,-9.6643577517172563,3.4675950603866581,10.267620282032023,-7.3953739602567445,10.235472651669983,12.627606915608661,2.68129580651535,3.247881704169532,4.2116603336826657,-0.25622690503272633,0.59368775968410925,0.6466199678801966,,,,ВЫЧИСЛЕНО / ТРЕБУЕТ ПРОВЕРКИ,,НЕ УСТАНОВЛЕНА
357,2026-04-21,2026-05-21,2026-05-06,1,0.5896514513002904,1.3310006015276166,-1.132996082788492,-9.7155972462751805,3.4971633065146781,10.325840452198676,-7.3324178367718371,9.9385687853596423,12.350688273709073,2.6170587440206292,3.1364386562884414,4.0848799143077974,-0.26424878638175819,0.5647747243264486,0.62353661507745328,,,,ВЫЧИСЛЕНО / ТРЕБУЕТ ПРОВЕРКИ,,НЕ УСТАНОВЛЕНА
358,2026-04-22,2026-05-22,2026-05-07,1,0.57981100270794439,1.3415512436475145,-1.1580736069712436,-9.7481802622508997,3.5143254058165327,10.362311589761502,-7.3640922622602076,9.7886478458959409,12.249386984581879,2.6259709277353065,3.1394305445099104,4.092889866233004,-0.25159904222053309,0.50591157530912356,0.56502088463883227,,,,ВЫЧИСЛЕНО / ТРЕБУЕТ ПРОВЕРКИ,,НЕ УСТАНОВЛЕНА
359,2026-04-23,2026-05-23,2026-05-08,1,0.57611170434342629,1.3482576828852402,-1.1608775488040051,-9.7249550729864751,3.5273099192240434,10.34488600410182,-7.3205916044301533,9.6953172616746333,12.148672283150095,2.6530829004526804,3.1401321256413235,4.1108732214894568,-0.23738280804397993,0.4799053340936642,0.53540613299288653,,,,ВЫЧИСЛЕНО / ТРЕБУЕТ ПРОВЕРКИ,,НЕ УСТАНОВЛЕНА
360,2026-04-24,2026-05-24,2026-05-09,1,0.57399399414012064,1.3623155590647738,-1.1729760451111144,-9.7441430232457851,3.5169705984344088,10.359411443114015,-7.3943437857114445,9.7182656088397774,12.21151122774112,2.7357746338458577,3.1707131498033796,4.1878257754508494,-0.20584199292624311,0.41433750270825076,0.4626515883495454,,,,ВЫЧИСЛЕНО / ТРЕБУЕТ ПРОВЕРКИ,,НЕ УСТАНОВЛЕНА
361,2026-04-25,2026-05-25,2026-05-10,1,0.56489673177557442,1.3903049152476612,-1.1847826382849354,-9.7393895822030476,3.4942728644274763,10.34725336913132,-7.4718482886466617,9.5990616713286538,12.164312632389999,2.7853428586343374,3.1194369311033103,4.1819877579061062,-0.18446670222527536,0.37618762854107829,0.41898102116590996,,,,ВЫЧИСЛЕНО / ТРЕБУЕТ ПРОВЕРКИ,,НЕ УСТАНОВЛЕНА
362,2026-04-26,2026-05-26,2026-05-11,1,0.55153682350788724,1.3831869535407684,-1.1090096851009035,-9.7558284460508649,3.4579167832139479,10.350525452768469,-7.7268954029966865,9.5820037484085958,12.309334198215909,2.7700644986090386,3.258478609720469,4.2767908735943569,-0.17986424031705017,0.42019363725554859,0.45707093293588152,,,,ВЫЧИСЛЕНО / ТРЕБУЕТ ПРОВЕРКИ,,НЕ УСТАНОВЛЕНА
363,2026-04-27,2026-05-27,2026-05-12,1,0.54665245784591265,1.378951743936117,-1.0542005688282718,-9.7898252796267773,3.4687286221541984,10.386181071971125,-7.7674998043099581,9.5344646154563115,12.297970105401285,2.7499544482084657,3.2960055959321326,4.2925403149693837,-0.141071135850343,0.37607066565426178,0.40165932198287829,,,,ВЫЧИСЛЕНО / ТРЕБУЕТ ПРОВЕРКИ,,НЕ УСТАНОВЛЕНА
364,2026-04-28,2026-05-28,2026-05-13,1,0.54051034748632709,1.3858644697353899,-1.0544280561319637,-9.8404497844260401,3.4596504921387736,10.430898019229531,-7.8500217860968542,9.4686149676503799,12.299492324799754,2.7964814172765369,3.3631774073473846,4.3739307939729528,-0.15008245563725023,0.39779552458086337,0.42516587688415386,,,,ВЫЧИСЛЕНО / ТРЕБУЕТ ПРОВЕРКИ,,НЕ УСТАНОВЛЕНА
365,2026-04-29,2026-05-29,2026-05-14,1,0.44281129960933985,1.6390415538353995,-2.4634697090284869,-9.7816022588284035,3.4105984353273988,10.359146897161688,-7.1891502024464309,7.0878802349092034,10.095639001952877,2.6599215727086936,2.3529887033029482,3.5513009744081647,-0.4113432926346951,-0.018985885590161504,0.41178121405328233,,,,ВЫЧИСЛЕНО / ТРЕБУЕТ ПРОВЕРКИ,,НЕ УСТАНОВЛЕНА
366,2026-04-30,2026-05-30,2026-05-15,1,0.51699102562761601,1.5497842228721552,-2.8322670161712669,-9.8152051230424018,3.3030560035382477,10.356081815527912,-7.1860479051998363,8.0430163446958556,10.785610618637762,2.7501767241310122,2.5630703924301059,3.7593618940591238,-0.34776103372004774,-0.16408973655838946,0.38452981447195722,,,,ВЫЧИСЛЕНО / ТРЕБУЕТ ПРОВЕРКИ,,НЕ УСТАНОВЛЕНА
367,2026-05-01,2026-05-31,2026-05-16,1,0.62504829633055436,1.328135627269976,-1.7526861155384919,-9.8629448795836687,3.3247959110623535,10.408263522217462,-7.5526252859797083,10.565584811114631,12.987445134100712,2.9903977057126885,3.4965897198291178,4.6009366554155449,-0.17929258516125016,0.10400179364019582,0.20727325966989088,,,,ВЫЧИСЛЕНО / ТРЕБУЕТ ПРОВЕРКИ,,НЕ УСТАНОВЛЕНА
368,2026-05-02,2026-06-01,2026-05-17,1,0.29701214650663266,1.3666457114718211,-1.3780854914646932,-7.6260261696422225,5.5671091809805802,9.4418737426967478,-7.6232864235407076,10.170824113403256,12.710631732574317,3.0351013705948637,3.4365290261368742,4.5849287974043911,-0.2008201364570916,0.26163895767047107,0.32982369741656747,,,,ВЫЧИСЛЕНО / ТРЕБУЕТ ПРОВЕРКИ,,НЕ УСТАНОВЛЕНА
369,2026-05-03,2026-06-02,2026-05-18,1,-0.056638299632294942,1.3774104848317466,-1.3528170942213207,-4.201235471766287,6.2839263706476638,7.558975467677377,-7.6498156760074272,10.147750094713691,12.708127787430008,3.0754025869244064,3.426481527850199,4.6042237926017417,-0.20025666268033665,0.27970028624842042,0.34399851900162953,,,,ВЫЧИСЛЕНО / ТРЕБУЕТ ПРОВЕРКИ,,НЕ УСТАНОВЛЕНА
370,2026-05-04,2026-06-03,2026-05-19,1,-0.25757385178025416,1.3745779873272923,-1.2644919015867764,-1.4533877330567653,3.4619061712098871,3.7546145262677744,-7.8620349294172414,10.23428255221215,12.905507839286713,3.0870653366265035,3.5231191451590722,4.6842652469290531,-0.1973819995501524,0.3256058453250783,0.38076084391160181,,,,ВЫЧИСЛЕНО / ТРЕБУЕТ ПРОВЕРКИ,,НЕ УСТАНОВЛЕНА
371,2026-05-05,2026-06-04,2026-05-20,1,1.9993078000656368,1.3604216652804908,-1.2613511740005117,-0.4087882024263344,-0.75195440753395593,0.85588739063774999,-7.8523078975744101,10.451421272224206,13.072526378929593,3.1329477363879374,3.6004460112521359,4.772690331341404,-0.21246092714795886,0.35023832727406889,0.40964195519539753,,,,ВЫЧИСЛЕНО / ТРЕБУЕТ ПРОВЕРКИ,,НЕ УСТАНОВЛЕНА
372,2026-05-06,2026-06-05,2026-05-21,1,1.9593166469777792,1.3828102540600753,-1.2893738281149796,-0.40358379079116924,-0.70974375550438007,0.8164655991937636,-7.958814589919097,10.144624141488558,12.894034614843468,3.1107757564045095,3.5642209920465588,4.7308135755680976,-0.27244695343573067,0.42337262460130715,0.50345975181558511,,,,ВЫЧИСЛЕНО / ТРЕБУЕТ ПРОВЕРКИ,,НЕ УСТАНОВЛЕНА
373,2026-05-07,2026-06-06,2026-05-22,1,1.8877964619134087,1.3984065678952788,-1.2756101258918902,-0.42687133963364354,-0.65318674146884914,0.78030254378113795,-7.8386084491287145,9.7940696827314557,12.544623683831713,3.1179591718008428,3.5302872236395868,4.7100527893442869,-0.26538394548744271,0.43076794427382609,0.50595420774649169,,,,ВЫЧИСЛЕНО / ТРЕБУЕТ ПРОВЕРКИ,,НЕ УСТАНОВЛЕНА
374,2026-05-08,2026-06-07,2026-05-23,1,1.8150937427187532,1.3979980264775937,-1.4308340653178011,-0.46795356458861798,-0.62556010133937145,0.7812208260145902,-7.8714822213307709,9.6499230427042839,12.453162132199255,3.0882070914991391,3.5657375690424638,4.7171503528365966,-0.33408240817073637,0.38315974357454496,0.50835267732674483,,,,ВЫЧИСЛЕНО / ТРЕБУЕТ ПРОВЕРКИ,,НЕ УСТАНОВЛЕНА
375,2026-05-09,2026-06-08,2026-05-24,1,1.5067013442347559,1.4097079753069108,-1.5701130981743399,-2.3671950042355503,-1.7022848729958711,2.9157136308129292,-7.7834886763383455,9.4781883672676539,12.264532225082828,3.1079635266063845,3.5280876251020779,4.7017911026665162,-0.32088845384767489,0.28306671870808925,0.42789737911433379,,,,ВЫЧИСЛЕНО / ТРЕБУЕТ ПРОВЕРКИ,,НЕ УСТАНОВЛЕНА
376,2026-05-10,2026-06-09,2026-05-25,1,0.2462053385124725,1.4068609511339201,-1.6953940510338068,-3.5093289663030411,2.604281626613774,4.3700883954963263,-7.7496605458776786,9.4634243549793613,12.231665426210352,3.1214457974095979,3.5539525139526349,4.730116524737662,-0.29947369032259857,0.2031708116567523,0.36188792450798796,,,,ВЫЧИСЛЕНО / ТРЕБУЕТ ПРОВЕРКИ,,НЕ УСТАНОВЛЕНА
377,2026-05-11,2026-06-10,2026-05-26,1,0.23781515300400313,1.4126187650246056,-1.7991079379461323,-3.5464109668258725,2.6753465569390005,4.4423540995004194,-7.8004188503526422,9.5153411271396795,12.303993295136854,3.1081272959269208,3.5016146249501054,4.6820679479638549,-0.28924605316161328,0.15712512872845605,0.32916801993435618,,,,ВЫЧИСЛЕНО / ТРЕБУЕТ ПРОВЕРКИ,,НЕ УСТАНОВЛЕНА
378,2026-05-12,2026-06-11,2026-05-27,1,0.18623101733106306,1.4120799472692331,-1.9085135431802331,-3.4530437894191124,2.8278030077654561,4.4631806217509578,-7.9918935624497198,9.5194220823717206,12.429390954341713,3.0343548118232282,3.5039970305240233,4.6352243002853655,-0.47215134503090256,0.18638333719494765,0.50760776294144272,,,,ВЫЧИСЛЕНО / ТРЕБУЕТ ПРОВЕРКИ,,НЕ УСТАНОВЛЕНА
379,2026-05-13,2026-06-12,2026-05-28,1,0.095308740454296714,1.5879814958830423,-2.6547613263558536,-3.5128235148192202,3.1492791732170797,4.7178266561125062,-7.3901187381461506,8.0190668929779463,10.905012095268571,3.045268446810562,2.7111431601121292,4.077248722823124,-0.70507922811811552,-0.17298404267096923,0.72598911626995433,,,,ВЫЧИСЛЕНО / ТРЕБУЕТ ПРОВЕРКИ,,НЕ УСТАНОВЛЕНА
380,2026-05-14,2026-06-13,2026-05-29,1,0.43918423218065694,1.543349629596471,-2.6598139458102183,-3.1742843737396833,1.4737991988617529,3.4997378993195301,-7.3611280704644457,8.793991321607086,11.468238305610864,3.1051164342496058,2.7475659995170516,4.1461870425668357,-0.71615154921001967,-0.17723172054126832,0.73775614141932389,,,,ВЫЧИСЛЕНО / ТРЕБУЕТ ПРОВЕРКИ,,НЕ УСТАНОВЛЕНА
381,2026-05-15,2026-06-14,2026-05-30,1,0.49599010443186708,1.3749979840341258,-2.0488571220546552,-3.1919878521184999,1.52082065893797,3.5357717580076624,-7.8901498583613252,10.817548310577465,13.389317243200887,3.2716188161122517,3.5485052290763748,4.8265286737698041,-0.54879510170768586,0.14997164114810066,0.56891788230552565,,,,ВЫЧИСЛЕНО / ТРЕБУЕТ ПРОВЕРКИ,,НЕ УСТАНОВЛЕНА
382,2026-05-16,2026-06-15,2026-05-31,1,0.46995670672174361,1.4131050495062389,-1.8450147669588761,-3.1875613836273646,1.4986366987840187,3.5222804444471283,-7.9678205060855882,10.237758460137748,12.972966580752454,3.2380533371054487,3.4636354416965478,4.7414934236921784,-0.60424518249581183,0.31268351134837419,0.68035521519170106,,,,ВЫЧИСЛЕНО / ТРЕБУЕТ ПРОВЕРКИ,,НЕ УСТАНОВЛЕНА
383,2026-05-17,2026-06-16,2026-06-01,1,0.43575764262827832,1.4126226179710821,-1.8611843502781857,-3.2418554918356173,1.6125244373815999,3.6207543538740095,-7.9563497255562261,9.9714533913421626,12.756699561056839,3.150523100550509,3.4562548052392192,4.6766968135470988,-0.63008934559555962,0.30341075365629588,0.69933587700569322,,,,ВЫЧИСЛЕНО / ТРЕБУЕТ ПРОВЕРКИ,,НЕ УСТАНОВЛЕНА
384,2026-05-18,2026-06-17,2026-06-02,1,0.44168087185233773,1.4195694793358982,-1.8159074515686844,-3.2595641319842397,1.55988905706465,3.613587165251201,-8.0125758908991003,9.8525307775920865,12.699359634675162,3.1721122623155695,3.4964403245003015,4.7209523559896871,-0.67825282306427614,0.36324560007732665,0.76939863397993979,,,,ВЫЧИСЛЕНО / ТРЕБУЕТ ПРОВЕРКИ,,НЕ УСТАНОВЛЕНА
385,2026-05-19,2026-06-18,2026-06-03,1,0.41519368050468231,1.4411673026597533,-1.8010557999816006,-3.2416501328376817,1.5715317648181188,3.6025001973017172,-8.0524790819816499,9.4792700466589164,12.437804467961255,3.1450556132551797,3.465416336978131,4.6797954227789536,-0.70061685457918677,0.38887909554668249,0.80130576428329725,,,,ВЫЧИСЛЕНО / ТРЕБУЕТ ПРОВЕРКИ,,НЕ УСТАНОВЛЕНА
386,2026-05-20,2026-06-19,2026-06-04,1,0.4092327816825807,1.4333306593151409,-1.8315478097054043,-3.2615541263366823,1.6117580271674732,3.6380625691654376,-8.0329349622634201,9.4870234579852823,12.431076309005469,3.1365341408039313,3.4996237998250157,4.6994907337636427,-0.68037645101933519,0.34559720132400629,0.7631183005698734,,,,ВЫЧИСЛЕНО / ТРЕБУЕТ ПРОВЕРКИ,,НЕ УСТАНОВЛЕНА
387,2026-05-21,2026-06-20,2026-06-05,1,0.40370357598314222,1.4511846668580839,-1.8412036786336876,-3.2821371505610419,1.6020268747254118,3.6522478533685834,-8.1247722142141772,9.3952993381084315,12.42109388039264,3.2300085836070531,3.5504185845029865,4.7998362029718713,-0.65300897319558693,0.32987706266691547,0.73160070772772412,,,,ВЫЧИСЛЕНО / ТРЕБУЕТ ПРОВЕРКИ,,НЕ УСТАНОВЛЕНА
388,2026-05-22,2026-06-21,2026-06-06,1,0.39827680954274181,1.4599311330430673,-1.9351089025659116,-3.294527004541318,1.5994156416093401,3.6622450188752538,-8.2020279516318446,9.3411253354974821,12.43100498965482,3.2215520843272052,3.5326334967173056,4.780993333415358,-0.67192013072196288,0.26453260073255253,0.72211782897235532,,,,ВЫЧИСЛЕНО / ТРЕБУЕТ ПРОВЕРКИ,,НЕ УСТАНОВЛЕНА
389,2026-05-23,2026-06-22,2026-06-07,1,0.40033116340400898,1.4586759515877983,-1.9354765709708546,-3.3037548977290028,1.5563521400666696,3.6519896506094423,-8.2630156213018164,9.2292715681399624,12.387771423317211,3.1687235198527777,3.5517865010700786,4.7598315195447629,-0.6472953248156772,0.24644155424340061,0.69262159740087226,,,,ВЫЧИСЛЕНО / ТРЕБУЕТ ПРОВЕРКИ,,НЕ УСТАНОВЛЕНА
390,2026-05-24,2026-06-23,2026-06-08,1,0.39898942595789144,1.4485047487427503,-1.9384151649286154,-3.3092597789080731,1.5673529619771915,3.6616656854111334,-8.3423006318057009,9.3316282280007528,12.516919158365059,3.1774467610812396,3.6299399364124389,4.8241716243794235,-0.66556304447635184,0.24401053480676649,0.7088831407709697,,,,ВЫЧИСЛЕНО / ТРЕБУЕТ ПРОВЕРКИ,,НЕ УСТАНОВЛЕНА
391,2026-05-25,2026-06-24,2026-06-09,1,0.39344598947673903,1.4365714046234235,-1.8821058375661364,-3.3248129767729022,1.6159984006479597,3.6967326332065524,-8.2949861553167441,9.3640750683300791,12.509704121289897,3.1583234221824963,3.6623157324782611,4.8360689990388206,-0.69696182561053877,0.29494225857169509,0.75680031861102415,,,,ВЫЧИСЛЕНО / ТРЕБУЕТ ПРОВЕРКИ,,НЕ УСТАНОВЛЕНА
392,2026-05-26,2026-06-25,2026-06-10,1,0.36899498770125838,1.4248960634243444,-1.937985848856469,-3.1467001508953483,1.6552800857266059,3.5555131840351666,-8.2416268806833877,9.4435200525595722,12.53413278306472,3.1196867003719029,3.6490187083322025,4.800810623450559,-0.65418534035024489,0.23153066697351848,0.69394878001072102,,,,ВЫЧИСЛЕНО / ТРЕБУЕТ ПРОВЕРКИ,,НЕ УСТАНОВЛЕНА
393,2026-05-27,2026-06-26,2026-06-11,1,0.34774533255567253,1.5963628646319936,-2.5194902794396832,-3.1495167430093103,1.5087173691808118,3.4922319245095741,-7.5894739581538087,7.7285595731696697,10.831931870055655,3.0472188531168047,2.8430616226575438,4.1675582934157793,-0.92728254591978865,-0.11995708947880436,0.9350094241683935,,,,ВЫЧИСЛЕНО / ТРЕБУЕТ ПРОВЕРКИ,,НЕ УСТАНОВЛЕНА
394,2026-05-28,2026-06-27,2026-06-12,1,0.40257562141726311,1.5474620433153348,-2.6867770644335507,-3.1503743113898466,1.4692011081757894,3.4761199919062085,-7.5305349384937319,8.3835635169594713,11.269121248028554,3.0668499891387735,2.8868937054436596,4.2118551877303094,-0.88760310696765121,-0.27492384216597354,0.92920524884975164,,,,ВЫЧИСЛЕНО / ТРЕБУЕТ ПРОВЕРКИ,,НЕ УСТАНОВЛЕНА
395,2026-05-29,2026-06-28,2026-06-13,1,0.51696428861553745,1.3193172620072602,-2.0326310310596449,-3.237500275628419,1.4622063551161009,3.5523872902086566,-8.1307340973322333,11.160666696719453,13.808306126269931,3.2844111507094365,3.9818533189176373,5.1616385441330435,-0.64408763669964586,0.14936448728682319,0.66117972882703424,,,,ВЫЧИСЛЕНО / ТРЕБУЕТ ПРОВЕРКИ,,НЕ УСТАНОВЛЕНА
396,2026-05-30,2026-06-29,2026-06-14,1,0.48916843772354923,1.3595309066508579,-1.8705813283233355,-3.2212732088080229,1.4862967088115941,3.5476300529238549,-8.0730413268044003,10.634261013498822,13.351460727857186,3.2619997913372525,3.7935911847049106,5.0031966496785918,-0.7475101075547087,0.32525739968823314,0.81520778759062607,,,,ВЫЧИСЛЕНО / ТРЕБУЕТ ПРОВЕРКИ,,НЕ УСТАНОВЛЕНА
397,2026-05-31,2026-06-30,2026-06-15,1,0.4602876639410276,1.3729609619388503,-1.9333701626322104,-3.2434275814350495,1.5674733370721408,3.6023319028714842,-8.0380626872829524,10.349898439305178,13.104611763368734,3.2003959464618195,3.7036661021534725,4.8948622871711054,-0.79393129074828506,0.28985994446340163,0.84518973126367558,,,,ВЫЧИСЛЕНО / ТРЕБУЕТ ПРОВЕРКИ,,НЕ УСТАНОВЛЕНА
398,2026-06-01,2026-07-01,2026-06-16,1,0.43671085773464524,1.3773228296727815,-1.9865484733305612,-3.2450567217994397,1.6180059052971982,3.6260634629405386,-7.9861442710942852,10.048173012038092,12.835274878185613,3.1193043434268954,3.660299513291903,4.8091425549599629,-0.8310058987697686,0.24799842997620433,0.86722201601482263,,,,ВЫЧИСЛЕНО / ТРЕБУЕТ ПРОВЕРКИ,,НЕ УСТАНОВЛЕНА
399,2026-06-02,2026-07-02,2026-06-17,1,0.41011862499289897,1.3873022965393655,-1.9912090762300263,-3.2409075064854629,1.6901703229076266,3.655154878528609,-8.0054303361018153,9.9002269460339658,12.731905138240554,3.0840294179968222,3.607466686339607,4.7460566098730723,-0.87419834053387468,0.2579424707035361,0.91145875210281724,,,,ВЫЧИСЛЕНО / ТРЕБУЕТ ПРОВЕРКИ,,НЕ УСТАНОВЛЕНА
400,2026-06-03,2026-07-03,2026-06-18,1,0.39130583349999748,1.3984830232260954,-2.0838498964479042,-3.2554541858415496,1.7493941588613626,3.6957221052416158,-8.0688110224454661,9.8485372285235719,12.731826139935787,3.0697951320062487,3.5564239109562727,4.6980627057235811,-0.9030877317212469,0.18215906605675977,0.92127595026251374,,,,ВЫЧИСЛЕНО / ТРЕБУЕТ ПРОВЕРКИ,,НЕ УСТАНОВЛЕНА
401,2026-06-04,2026-07-04,2026-06-19,1,0.37699265423110173,1.4151645407283633,-2.1809461738464013,-3.2216096370389899,1.7579082720269688,3.6700150062804013,-8.1346682318851951,9.7703556390811777,12.713484044783616,3.0859733362368011,3.5123633256606768,4.6754601445644495,-0.86546868338094751,0.096215747681870328,0.87080050069756632,,,,ВЫЧИСЛЕНО / ТРЕБУЕТ ПРОВЕРКИ,,НЕ УСТАНОВЛЕНА
402,2026-06-05,2026-07-05,2026-06-20,1,0.37068061419512865,1.4220307762931395,-2.3000299540420239,-3.1844015471237213,1.7609405466785373,3.6388631222210672,-8.0146296063991862,9.6128256122923652,12.515618401825556,3.0437582004449966,3.4214141746376283,4.5793601012791569,-0.88403107434184169,-0.0019299015125613138,0.88403318089415572,,,,ВЫЧИСЛЕНО / ТРЕБУЕТ ПРОВЕРКИ,,НЕ УСТАНОВЛЕНА
403,2026-06-06,2026-07-06,2026-06-21,1,0.3756679793323876,1.396966860224726,-2.3839850796180766,-3.1736934636998342,1.7399416426884886,3.6193545172437265,-7.9923867855743866,9.6123421907546565,12.501014715709525,2.9150131158174331,3.4375386501603482,4.5071025544948373,-0.88703071060711447,-0.097843378954651575,0.89241067248516592,,,,ВЫЧИСЛЕНО / ТРЕБУЕТ ПРОВЕРКИ,,НЕ УСТАНОВЛЕНА
404,2026-06-07,2026-07-07,2026-06-22,1,0.36922858922824586,1.4056461285378337,-2.3639025114590972,-3.1350963417148279,1.7396489042018606,3.5854159286928526,-8.0007120443455655,9.5962494970957,12.493974452793061,2.9809492267745594,3.4634105294248569,4.5696029135953173,-0.81788998646305522,-0.067575315246670098,0.82067682627647254,,,,ВЫЧИСЛЕНО / ТРЕБУЕТ ПРОВЕРКИ,,НЕ УСТАНОВЛЕНА
405,2026-06-08,2026-07-08,2026-06-23,1,-0.26654976802179986,1.3986015336924762,-2.3291864018663375,-1.303910764762902,2.8822005969635769,3.1634259219399743,-8.0273364709274073,9.6984791032589879,12.589623812244453,2.9854743355716526,3.4931037356473706,4.5950876723247207,-0.79948544111834507,-0.040959208111253899,0.80053396385743425,,,,ВЫЧИСЛЕНО / ТРЕБУЕТ ПРОВЕРКИ,,НЕ УСТАНОВЛЕНА
406,2026-06-09,2026-07-09,2026-06-24,1,1.8069316854071964,1.3938145996039797,-2.3090333188853611,-2.3892048829466637,-3.1979971673012506,3.991927586362634,-8.0063100400045197,9.6411651472561797,12.532081465317102,2.9187341181632167,3.4596758002185224,4.5264075705958788,-0.81723877853177607,-0.030615497235122548,0.81781203818913251,,,,ВЫЧИСЛЕНО / ТРЕБУЕТ ПРОВЕРКИ,,НЕ УСТАНОВЛЕНА
407,2026-06-10,2026-07-10,2026-06-25,1,0.57497789319714743,1.5270243277714828,-2.6801295239148222,-3.4399683937288645,0.90944468366468179,3.5581557276908913,-7.3302453912688472,8.0707110885763473,10.90270035227454,2.7931595874319446,2.7694061333392157,3.9333638036977785,-1.0943238873468273,-0.36224031836315856,1.1527197485363534,,,,ВЫЧИСЛЕНО / ТРЕБУЕТ ПРОВЕРКИ,,НЕ УСТАНОВЛЕНА
408,2026-06-11,2026-07-11,2026-06-26,1,0.61179970127026095,1.4788646223149211,-2.7912163689407778,-3.4215318713406857,0.91274665413778489,3.5411843783174883,-7.2784257975680999,8.6710913431113479,11.320923423965263,2.7963488064836879,2.8235239526997313,3.9738965964141366,-1.0336844089656587,-0.48645841221563424,1.1424295357500345,,,,ВЫЧИСЛЕНО / ТРЕБУЕТ ПРОВЕРКИ,,НЕ УСТАНОВЛЕНА
409,2026-06-12,2026-07-12,2026-06-27,1,0.62932775772280003,1.2992874893068169,-2.3614089530880773,-3.3475700992503508,1.024353042988394,3.5007891576149777,-7.9443879242396651,10.570123650467036,13.222738501421238,2.8265000363801573,3.6814944941044199,4.6413903268070644,-0.81100527301697289,-0.11085158512006103,0.81854604438905265,,,,ВЫЧИСЛЕНО / ТРЕБУЕТ ПРОВЕРКИ,,НЕ УСТАНОВЛЕНА
410,2026-06-13,2026-07-13,2026-06-28,1,0.59849451663513031,1.3383255167756563,-2.2798460395260518,-3.2534439488854714,0.96025072638905307,3.3921938308519746,-8.0759984194685632,9.8792915596690563,12.760178376190789,2.7404818062056813,3.5823890855920357,4.510404869932775,-0.80600036174197676,-0.045203953108584966,0.80726698217184667,,,,ВЫЧИСЛЕНО / ТРЕБУЕТ ПРОВЕРКИ,,НЕ УСТАНОВЛЕНА
411,2026-06-14,2026-07-14,2026-06-29,1,0.56408914016845868,1.3411823835934875,-2.3180167259781967,-3.2453085706030849,1.0124420225054485,3.3995685854773927,-8.13052337256177,9.5689995285516627,12.55671781514561,2.6208556724102157,3.5431216599755584,4.4071073906807356,-0.77984810731455656,-0.086401239648330339,0.78461980901253336,,,,ВЫЧИСЛЕНО / ТРЕБУЕТ ПРОВЕРКИ,,НЕ УСТАНОВЛЕНА
412,2026-06-15,2026-07-15,2026-06-30,1,0.54855822487437056,1.3586942948304275,-2.3251882430203792,-3.2675489396267521,1.0312906459815596,3.4264320319167245,-8.1872990007478776,9.4007004463481181,12.466155534470797,2.5918769912932795,3.4653838820729637,4.3274370923361305,-0.73516784960525128,-0.082844606725468256,0.73982092154568513,,,,ВЫЧИСЛЕНО / ТРЕБУЕТ ПРОВЕРКИ,,НЕ УСТАНОВЛЕНА
413,2026-06-16,2026-07-16,2026-07-01,1,0.54860551917036737,1.3776183064864647,-2.3856663580423696,-3.2235790181893549,0.97319269113789353,3.3672786787842286,-8.202504275776354,9.1842397690169317,12.313867651104649,2.6044012746139229,3.4357188106942216,4.3112724044496122,-0.72213143761166587,-0.12116920600258906,0.7322265972159091,,,,ВЫЧИСЛЕНО / ТРЕБУЕТ ПРОВЕРКИ,,НЕ УСТАНОВЛЕНА
414,2026-06-17,2026-07-17,2026-07-02,1,0.53940469422495241,1.380925943740114,-2.5013419427858028,-3.1848033585492552,0.98658906362690846,3.3341161367137224,-8.1057323262707186,9.0395579805628383,12.141519881345474,2.56494849551851,3.3744488689925309,4.2386160423076351,-0.6812122005550767,-0.19633266337582778,0.70894046075346562,,,,ВЫЧИСЛЕНО / ТРЕБУЕТ ПРОВЕРКИ,,НЕ УСТАНОВЛЕНА
415,2026-06-18,2026-07-18,2026-07-03,1,0.56717662477382236,1.3708009468408502,-2.5984762925694525,-3.2172729774994959,0.93589860482600706,3.3506345086063534,-7.9736345417604424,9.0814517268342492,12.085181557278155,2.523667626179174,3.3178840342921365,4.1686032135999094,-0.66110704774678286,-0.26207353223296836,0.71115755278104986,,,,ВЫЧИСЛЕНО / ТРЕБУЕТ ПРОВЕРКИ,,НЕ УСТАНОВЛЕНА
416,2026-06-19,2026-07-19,2026-07-04,1,0.6043364847880377,1.3751867703167751,-2.6120462569626599,-3.1294590420879382,0.78322248746299628,3.2259806820521537,-7.8544026924957535,8.9332291685958509,11.895134510989619,2.4845055737231752,3.2414595099431454,4.0840944774163068,-0.6715286700242401,-0.27390736528644483,0.72524202816900141,,,,ВЫЧИСЛЕНО / ТРЕБУЕТ ПРОВЕРКИ,,НЕ УСТАНОВЛЕНА
417,2026-06-20,2026-07-20,2026-07-05,1,0.61521417141374446,1.3700230460650751,-2.5434310369432422,-3.0601882725404912,0.73280034139161632,3.1467044036162699,-7.7942652586743701,8.8769574234505573,11.813168246509155,2.4385954760447937,3.2112962974617782,4.0322663361784352,-0.73831728422009002,-0.24726018690694718,0.77862058295898373,,,,ВЫЧИСЛЕНО / ТРЕБУЕТ ПРОВЕРКИ,,НЕ УСТАНОВЛЕНА
418,2026-06-21,2026-07-21,2026-07-06,1,0.6206546099606336,1.3646707439934538,-2.4091153690359337,-3.0284183313949016,0.70587791027272662,3.1095950241373349,-7.7762924389336101,8.8457747972983025,11.777879939120362,2.4161737045003386,3.2214037198709802,4.0268271997588228,-0.79891641745289343,-0.15762276335087358,0.81431712348576546,,,,ВЫЧИСЛЕНО / ТРЕБУЕТ ПРОВЕРКИ,,НЕ УСТАНОВЛЕНА
419,2026-06-22,2026-07-22,2026-07-07,1,0.6299994401210367,1.368188534555415,-2.3688254229934524,-3.0392137943075075,0.67396418076873088,3.1130448445964127,-7.7277471601155199,8.7653048981870647,11.685403122222855,2.3919289516642244,3.1752238728129027,3.9753453626434125,-0.87402619004781146,-0.13425389552566228,0.8842770433259638,,,,ВЫЧИСЛЕНО / ТРЕБУЕТ ПРОВЕРКИ,,НЕ УСТАНОВЛЕНА
420,2026-06-23,2026-07-23,2026-07-08,1,0.64217766497902051,1.3680145309762803,-2.3601681497640272,-3.0247544944400389,0.6050914100918261,3.0846839977868283,-7.7358882189894125,8.6237749415564373,11.585053335195134,2.3113555551743827,3.1249840071496009,3.8868868709259159,-0.84623142499947179,-0.13009104355748302,0.85617247343658021,,,,ВЫЧИСЛЕНО / ТРЕБУЕТ ПРОВЕРКИ,,НЕ УСТАНОВЛЕНА
421,2026-06-24,2026-07-24,2026-07-09,1,0.5810816905504157,1.5811847432966655,-2.688838286509303,-2.9381049681130342,0.47564807804371045,2.9763571522579695,-7.1959734294775393,6.5914292433321284,9.7585333461335626,2.1328762583647785,2.2804743773488845,3.122454886662243,-1.0496979538061961,-0.40240633432128686,1.1241871072587564,,,,ВЫЧИСЛЕНО / ТРЕБУЕТ ПРОВЕРКИ,,НЕ УСТАНОВЛЕНА
422,2026-06-25,2026-07-25,2026-07-10,1,0.64200126378679601,1.5370314681121373,-2.7634785030804538,-3.0894212703348494,0.40441413548663646,3.1157783262900458,-7.272856245546544,7.0828598073125892,10.151913170355108,2.139098876021611,2.3502491662295171,3.1779577002785073,-1.073415270258941,-0.52420068391232555,1.1945738568373347,,,,ВЫЧИСЛЕНО / ТРЕБУЕТ ПРОВЕРКИ,,НЕ УСТАНОВЛЕНА
423,2026-06-26,2026-07-26,2026-07-11,1,0.70322187446107609,1.3412364141430739,-2.412129756740895,-3.03812745366558,0.41346487411130872,3.0661330086674945,-8.059016947234106,8.9635029017659686,12.053718862897602,2.2383366936672218,3.2099272004117112,3.9132829933650437,-0.80975733555176854,-0.19165934313777414,0.83212994555652331,,,,ВЫЧИСЛЕНО / ТРЕБУЕТ ПРОВЕРКИ,,НЕ УСТАНОВЛЕНА
424,2026-06-27,2026-07-27,2026-07-12,1,1.1677080132932662,1.3750384135988689,-2.2432816104259961,-5.22387759880713,-1.9477157180795659,5.5751675926175661,-8.1107014413075813,8.5340115655459794,11.773395061361928,2.2215476057931842,3.1444957409225576,3.850081457513014,-0.83490162583862537,-0.047991473787587703,0.83627980149246983,,,,ВЫЧИСЛЕНО / ТРЕБУЕТ ПРОВЕРКИ,,НЕ УСТАНОВЛЕНА
425,2026-06-28,2026-07-28,2026-07-13,1,0.58583283947932197,1.3903817708220503,-2.2305925892035643,-7.1890540032190327,1.5361765395983209,7.3513492518048595,-8.2346627322218335,8.4170294802457803,11.775230595821455,2.2468914946269347,3.1745173322191969,3.8892263602401633,-0.84841828368994643,-0.037236566546506429,0.84923503577488302,,,,ВЫЧИСЛЕНО / ТРЕБУЕТ ПРОВЕРКИ,,НЕ УСТАНОВЛЕНА
426,2026-06-29,2026-07-29,2026-07-14,1,0.56317897659499172,1.4061871971516151,-2.157357073276573,-7.1665927898879644,1.5744771444188643,7.3375084663918129,-8.2377134074034863,8.1401305928655407,11.58109011498575,2.227198267180253,3.1540731663671351,3.8611642881555723,-0.82567030905528549,0.02334803279806329,0.82600035707679331,,,,ВЫЧИСЛЕНО / ТРЕБУЕТ ПРОВЕРКИ,,НЕ УСТАНОВЛЕНА
427,2026-06-30,2026-07-30,2026-07-15,1,0.55710033482138277,1.4271317310125884,-2.1127255472658892,-7.1286516559633588,1.5800835073040809,7.3016668180713031,-8.2157863133973894,8.050324110377348,11.502472039936924,2.3365310705505813,3.1941231332291586,3.957499214640213,-0.77476630184092588,0.069630806303736706,0.77788898414540697,,,,ВЫЧИСЛЕНО / ТРЕБУЕТ ПРОВЕРКИ,,НЕ УСТАНОВЛЕНА
428,2026-07-01,2026-07-31,2026-07-16,1,0.56230994802638357,1.4388289860999057,-2.1497378807657839,-7.1073637921644419,1.5684690039854257,7.2783731074075302,-8.1895835458254496,8.0937185026206162,11.514232838262314,2.416318761080849,3.1947706863749565,4.00564053475496,-0.70743073704218362,0.048607450473917388,0.70909867575226893,,,,ВЫЧИСЛЕНО / ТРЕБУЕТ ПРОВЕРКИ,,НЕ УСТАНОВЛЕНА
429,2026-07-02,2026-08-01,2026-07-17,1,0.56732182005311227,1.4454400794666746,-2.1822983195018164,-7.0960034993579129,1.5513496194878442,7.263604566934025,-8.1553701733517094,8.1091813092793394,11.50082102161233,2.4635110615679503,3.1926008822393568,4.0325658263372679,-0.67420372555468622,0.030832633412232763,0.67490837514061996,,,,ВЫЧИСЛЕНО / ТРЕБУЕТ ПРОВЕРКИ,,НЕ УСТАНОВЛЕНА
430,2026-07-03,2026-08-02,2026-07-18,1,0.58985124774258768,1.430139643937105,-2.11846647920063,-7.0482541570421757,1.4570397696979192,7.1972808443705789,-7.968002787989076,8.1014645556102174,11.363221214744099,2.4560007269251982,3.2103626925616906,4.0420747381077762,-0.62737037300897347,0.066355846906786004,0.63086978319470599,,,,ВЫЧИСЛЕНО / ТРЕБУЕТ ПРОВЕРКИ,,НЕ УСТАНОВЛЕНА
431,2026-07-04,2026-08-03,2026-07-19,1,0.60646492282074504,1.4190251671347083,-2.0738599124630532,-7.0524560025480758,1.395152070436253,7.1891296390814201,-7.9583179708461014,8.2232352118638765,11.443619282147145,2.479968131929978,3.2622582358222942,4.0978739283412136,-0.65366243210742281,0.096742125503223891,0.66078257694605769,,,,ВЫЧИСЛЕНО / ТРЕБУЕТ ПРОВЕРКИ,,НЕ УСТАНОВЛЕНА
432,2026-07-05,2026-08-04,2026-07-20,1,0.61203192713807963,1.4101028043122064,-2.0143030953277261,-7.0903445062808057,1.4051322716206043,7.2282350486474973,-8.0958166964247535,8.4647535278235466,11.712997066033569,2.5557793250646315,3.3831288566726085,4.239996323026558,-0.64449765157751138,0.13297758221373665,0.65807314202931755,,,,ВЫЧИСЛЕНО / ТРЕБУЕТ ПРОВЕРКИ,,НЕ УСТАНОВЛЕНА
433,2026-07-06,2026-08-05,2026-07-21,1,0.60956445684296678,1.4131948234022715,-1.9899599354505291,-7.0860515026083792,1.409176226550747,7.2248116608735398,-8.1567071596442311,8.4976943091583443,11.778908279636681,2.5871367075886611,3.4154738110136105,4.2847097565030623,-0.66430848040594237,0.15491604191953762,0.68213249239665186,,,,ВЫЧИСЛЕНО / ТРЕБУЕТ ПРОВЕРКИ,,НЕ УСТАНОВЛЕНА
434,2026-07-07,2026-08-06,2026-07-22,1,0.60319272625123821,1.3949527008561082,-2.027375392560963,-7.1324104297623814,1.5223783895610512,7.2930730491052742,-8.1064181886737146,8.5750245858816179,11.800214510683025,2.5213751133239377,3.4032171809433107,4.2354715962637544,-0.69024814903406218,0.12635985676017131,0.70171883304169624,,,,ВЫЧИСЛЕНО / ТРЕБУЕТ ПРОВЕРКИ,,НЕ УСТАНОВЛЕНА
435,2026-07-08,2026-08-07,2026-07-23,1,0.52093652815761571,1.5811344553509068,-2.5477605855726031,-7.066071836252438,1.4800056253754579,7.2194035658233497,-7.5067955918157612,6.6829518395235077,10.050563434290398,2.3759284188369012,2.6139032792312134,3.5323542014657177,-0.93854472535658273,-0.22890374913649519,0.96605544761333795,,,,ВЫЧИСЛЕНО / ТРЕБУЕТ ПРОВЕРКИ,,НЕ УСТАНОВЛЕНА
436,2026-07-09,2026-08-08,2026-07-24,1,0.1777797215036605,1.5195435999471911,-2.7026474880608951,-4.8700139611874249,3.4295541843407951,5.9564148516947579,-7.3986982808770563,7.4870186346635457,10.525976642917858,2.4113047734843076,2.640402849369881,3.5757681576954616,-0.9223761709709889,-0.38105988220480841,0.99799019764777519,,,,ВЫЧИСЛЕНО / ТРЕБУЕТ ПРОВЕРКИ,,НЕ УСТАНОВЛЕНА
437,2026-07-10,2026-08-09,2026-07-25,1,1.0804573028525848,1.3482542536447157,-2.26278264924475,-3.7372214155339543,-0.80141539949834772,3.8221840028024174,-8.0425009717008535,9.5178072221649384,12.460757448811217,2.5906373303981511,3.4314539307852354,4.2995671708619581,-0.65187047909444373,-0.029558685914894689,0.65254029563532323,,,,ВЫЧИСЛЕНО / ТРЕБУЕТ ПРОВЕРКИ,,НЕ УСТАНОВЛЕНА
438,2026-07-11,2026-08-10,2026-07-26,1,1.1758293569693272,1.3833763644240147,-2.1041009792317298,-5.4663386496784083,-1.8802006089868024,5.7806584887019845,-8.1299278242044952,9.1533868516945009,12.242557628353163,2.5788299757625657,3.3425767088968783,4.2217511886362322,-0.68843599990074689,0.085681209650109724,0.69374735721763092,,,,ВЫЧИСЛЕНО / ТРЕБУЕТ ПРОВЕРКИ,,НЕ УСТАНОВЛЕНА
439,2026-07-12,2026-08-11,2026-07-27,1,0.53763577870175538,1.3944276257478014,-2.1376054230557138,-5.5869776811694347,1.7968611482807169,5.8688184156681906,-8.0815905061137272,9.1773766113247319,12.228505492274914,2.6461778781105481,3.3234025296220424,4.2482068848515171,-0.66638559514929152,0.070650645241264604,0.6701203437409452,,,,ВЫЧИСЛЕНО / ТРЕБУЕТ ПРОВЕРКИ,,НЕ УСТАНОВЛЕНА
440,2026-07-13,2026-08-12,2026-07-28,1,0.12610500899125476,1.390447665159444,-2.0998200872000035,-6.7783664075302701,6.1152622082297752,9.129221381374105,-8.023552329839271,9.3220591484536666,12.299519452276902,2.6963012385945362,3.3358396927817782,4.2892734612268377,-0.68093733859767491,0.10343408539375464,0.68874833511067535,,,,ВЫЧИСЛЕНО / ТРЕБУЕТ ПРОВЕРКИ,,НЕ УСТАНОВЛЕНА
441,2026-07-14,2026-08-13,2026-07-29,1,0.13758400450299391,1.3912803497636137,-2.105864955030349,-6.780483321839597,6.1720698465256056,9.1689367032462137,-7.7938699168721532,9.3523804024165287,12.17421157499037,2.7102053475273316,3.2404350699164284,4.2244091265063366,-0.7180951240233665,0.11696147854900758,0.72755796649511306,,,,ВЫЧИСЛЕНО / ТРЕБУЕТ ПРОВЕРКИ,,НЕ УСТАНОВЛЕНА
442,2026-07-15,2026-08-14,2026-07-30,1,0.14832806819708022,1.3724943704452954,-2.1672423818150484,-6.7722863729176224,6.1601344002855978,9.1548412627629823,-7.71382671636115,9.4542170809637831,12.201858187343205,2.6980789826471638,3.2815816170518173,4.2483418066317089,-0.76146157876162091,0.070006163798837173,0.76467287051390143,,,,ВЫЧИСЛЕНО / ТРЕБУЕТ ПРОВЕРКИ,,НЕ УСТАНОВЛЕНА
443,2026-07-16,2026-08-15,2026-07-31,1,0.15802489012426513,1.3726978452575276,-2.1402547296595191,-6.7860473780724435,6.0920087758354562,9.1193755237022724,-7.7924853759056711,9.6123808040829246,12.374194642739608,2.7153945211082982,3.2801225146958699,4.2582356812040976,-0.76883324047868695,0.094285421007665626,0.77459298491501405,,,,ВЫЧИСЛЕНО / ТРЕБУЕТ ПРОВЕРКИ,,НЕ УСТАНОВЛЕНА
444,2026-07-17,2026-08-16,2026-08-01,1,0.15519552741814957,1.3774882086984537,-2.0765140633382875,-6.7728718498908114,6.0747648669666994,9.0980526094311145,-7.915965482683295,9.6996418883138471,12.519806799011157,2.7616551018103763,3.3257132540305494,4.3228587241997332,-0.79004850933458215,0.14971788456760288,0.80410950253133651,,,,ВЫЧИСЛЕНО / ТРЕБУЕТ ПРОВЕРКИ,,НЕ УСТАНОВЛЕНА
445,2026-07-18,2026-08-17,2026-08-02,1,0.1516300690638186,1.3759142759661778,-1.9980127849658367,-6.7113821494996424,6.0491839994954502,9.0352242593293841,-8.0424665467524665,9.8319645013333936,12.702314517878722,2.8555664469325155,3.4577795360750274,4.4844731076176636,-0.7206251320665138,0.19408200506273296,0.74630315934950398,,,,ВЫЧИСЛЕНО / ТРЕБУЕТ ПРОВЕРКИ,,НЕ УСТАНОВЛЕНА
446,2026-07-19,2026-08-18,2026-08-03,1,0.14225618026922282,1.3868872773200875,-1.9406836061831356,-6.7545983798483213,6.1507909231743589,9.1354708829733369,-8.2170149852250596,9.9580893083132711,12.910572331998155,2.9634697265196324,3.5399101001836422,4.616613080753087,-0.76262061066730513,0.25875204422694359,0.80532156074837313,,,,ВЫЧИСЛЕНО / ТРЕБУЕТ ПРОВЕРКИ,,НЕ УСТАНОВЛЕНА
447,2026-07-20,2026-08-19,2026-08-04,1,0.13779792946624747,1.3899309991928224,-1.9342004923018281,-6.7811035481095638,6.2091571907476331,9.1944003801007685,-8.3181769102212275,10.04573502964873,13.042578709582287,3.0200927047182637,3.5977548469944023,4.6973183715992883,-0.73912309158672151,0.25724316395526531,0.78260909138498302,,,,ВЫЧИСЛЕНО / ТРЕБУЕТ ПРОВЕРКИ,,НЕ УСТАНОВЛЕНА
448,2026-07-21,2026-08-20,2026-08-05,1,0.14108212334322179,1.3816169326278223,-2.0238320455801619,-6.7962239978071546,6.2346455169603043,9.2227688548788365,-8.3052495008276637,10.11663321710104,13.089057908052446,3.0064913674193541,3.6115092874333246,4.699147760560872,-0.70399250360498766,0.17317124519522689,0.72497843091673009,,,,ВЫЧИСЛЕНО / ТРЕБУЕТ ПРОВЕРКИ,,НЕ УСТАНОВЛЕНА
449,2026-07-22,2026-08-21,2026-08-06,1,0.087680582538236962,1.5276269595120446,-2.5161565127051531,-6.7440327016907871,6.2159599458299404,9.171702956901564,-7.6166332553345146,8.3677602875053871,11.315145353702704,2.8982457950522562,2.8763750931916738,4.0833028745454945,-0.89440460660172449,-0.14083017306656453,0.90542406526242947,,,,ВЫЧИСЛЕНО / ТРЕБУЕТ ПРОВЕРКИ,,НЕ УСТАНОВЛЕНА
450,2026-07-23,2026-08-22,2026-08-07,1,0.11317510144002396,1.4892067962987721,-2.6178790509224661,-6.6437198732373623,6.2956385029590169,9.1528180312944674,-7.5454081541987508,8.9742848108874629,11.724801579573722,2.9052766229553324,2.8781459196684058,4.0895422960026506,-0.93500763150730937,-0.24572451282683958,0.96675736727521044,,,,ВЫЧИСЛЕНО / ТРЕБУЕТ ПРОВЕРКИ,,НЕ УСТАНОВЛЕНА
451,2026-07-24,2026-08-23,2026-08-08,1,0.20344227478679988,1.2977626163147384,-2.2562411721047715,-6.6576298285202977,6.2174594000533476,9.1093817751214576,-8.1716111602914978,11.540467972105722,14.140637537614721,3.0669921870266044,3.7800417703442539,4.867767132970676,-0.76039808917342244,-0.002899081086421972,0.76040361564746506,,,,ВЫЧИСЛЕНО / ТРЕБУЕТ ПРОВЕРКИ,,НЕ УСТАНОВЛЕНА
452,2026-07-25,2026-08-24,2026-08-09,1,0.235446484117944,1.2984945788591746,-2.0080813080147202,-6.8497554744790756,5.9309911799952513,9.0606736194025626,-8.1632958148787456,11.393279149839161,14.015926952841065,3.0393552617273687,3.7833554288559559,4.8529845155371838,-0.86991423511130506,0.21241677808800233,0.89547287176249768,,,,ВЫЧИСЛЕНО / ТРЕБУЕТ ПРОВЕРКИ,,НЕ УСТАНОВЛЕНА
453,2026-07-26,2026-08-25,2026-08-10,1,0.29007820014499153,1.313657644322598,-1.9156525787189955,-7.3086860971866834,5.7768630768307503,9.3160635182280913,-8.1009524965888993,11.545100945444638,14.103715368387743,3.1325780459440278,3.705526053989145,4.8522127478834713,-0.89232252610872986,0.33276872486666825,0.95235209604980298,,,,ВЫЧИСЛЕНО / ТРЕБУЕТ ПРОВЕРКИ,,НЕ УСТАНОВЛЕНА
454,2026-07-27,2026-08-26,2026-08-11,1,-0.092945211933221916,1.3206615250620217,-1.9016036719356253,-5.242965666493288,9.1443903232183832,10.540804682916642,-8.1038074707468546,11.507776480619331,14.074822025547178,3.1035858840411183,3.6319037122137665,4.7773392086402477,-0.93656662326078322,0.37007867310679265,1.0070329011976671,,,,ВЫЧИСЛЕНО / ТРЕБУЕТ ПРОВЕРКИ,,НЕ УСТАНОВЛЕНА
455,2026-07-28,2026-08-27,2026-08-12,1,-0.091120760652685373,1.3335997380725901,-1.9448906271573005,-3.2674688539883077,5.6614223663304086,6.5366700943041227,-8.0152034443799067,11.357195747813494,13.9006971590979,3.0806258517228282,3.5192719424028853,4.6771284612342194,-0.94108002415739567,0.33813340342202525,0.99998290504280452,,,,ВЫЧИСЛЕНО / ТРЕБУЕТ ПРОВЕРКИ,,НЕ УСТАНОВЛЕНА
456,2026-07-29,2026-08-28,2026-08-13,1,-0.079847550694688962,1.32860793461243,-1.9382038153373866,-3.3068760759317422,5.5907329771863816,6.4955157303919311,-8.1020766750850122,11.494401731190464,14.062891509463869,3.0960367781070319,3.5685322909439292,4.7243905895788192,-0.94156129799746435,0.34072536505899487,1.0013148617099694,,,,ВЫЧИСЛЕНО / ТРЕБУЕТ ПРОВЕРКИ,,НЕ УСТАНОВЛЕНА
457,2026-07-30,2026-08-29,2026-08-14,1,-0.072440087097547678,1.3319695964594054,-1.9222174163208214,-3.3224086267172206,5.4939171546642935,6.4203991141672505,-8.143029962082192,11.494995679537128,14.087010422227477,3.0473097281289232,3.5052122323638901,4.644632318393203,-0.99803820761434658,0.3804675372113826,1.0680991577235479,,,,ВЫЧИСЛЕНО / ТРЕБУЕТ ПРОВЕРКИ,,НЕ УСТАНОВЛЕНА
458,2026-07-31,2026-08-30,2026-08-15,1,-0.069061235647282171,1.3374445717169774,-1.9351861058003021,-3.3531541684588904,5.4287147658041288,6.3807982953477698,-8.1884841247727191,11.412581043377712,14.046290554211071,3.0358764542844701,3.4959939084073501,4.6301748620651626,-1.0433029745074958,0.38164260971520425,1.1109150184268912,,,,ВЫЧИСЛЕНО / ТРЕБУЕТ ПРОВЕРКИ,,НЕ УСТАНОВЛЕНА
459,2026-08-01,2026-08-31,2026-08-16,1,-0.068177237420082637,1.3417771119808517,-1.9366419128058843,-3.3475003371516241,5.3786572523984963,6.335275238378296,-8.2232652192203304,11.400558669301574,14.05684277630742,3.0211504684125243,3.4662478177375458,4.5980674295577169,-1.0197701063383886,0.37345950630103714,1.0860032562695301,,,,ВЫЧИСЛЕНО / ТРЕБУЕТ ПРОВЕРКИ,,НЕ УСТАНОВЛЕНА
460,2026-08-02,2026-09-01,2026-08-17,1,-0.061277318834579209,1.3607192151823737,-2.1079508159581022,-3.3878421834245649,5.4793784032621886,6.442131816869864,-7.953964464926945,11.259185588650245,13.785311415742118,3.0161656508342247,3.2657878403290068,4.4455174559676447,-1.0743065358657331,0.22732781190357743,1.098094926255786,,,,ВЫЧИСЛЕНО / ТРЕБУЕТ ПРОВЕРКИ,,НЕ УСТАНОВЛЕНА
461,2026-08-03,2026-09-02,2026-08-18,1,-0.06287445067321995,1.3330672097530334,-2.0626871406095648,-3.3464129840161023,5.438342040954276,6.3854556622062821,-7.9858367177045775,11.317305462340947,13.85117291097656,2.969906999185365,3.3959447455841518,4.5114064657123096,-0.97919151713300867,0.2258462636409802,1.0048992795428975,,,,ВЫЧИСЛЕНО / ТРЕБУЕТ ПРОВЕРКИ,,НЕ УСТАНОВЛЕНА
462,2026-08-04,2026-09-03,2026-08-19,1,-0.067609715275323001,1.3296617571114719,-2.0208687014730411,-3.3133437858751229,5.4080086003006125,6.342302741459342,-8.0146806395782146,11.29091289162271,13.846292633071199,2.9262488675890004,3.3882317109863709,4.4769461201135243,-0.97703172946519923,0.2623123190892882,1.0116317280155653,,,,ВЫЧИСЛЕНО / ТРЕБУЕТ ПРОВЕРКИ,,НЕ УСТАНОВЛЕНА
463,2026-08-05,2026-09-04,2026-08-20,1,-0.12283492291658238,1.5353509297418508,-2.4610029171633756,-3.3057642970390946,5.2766612702966382,6.2266549405782001,-7.3113899109278098,8.9951980781639271,11.591807921761859,2.7731236777142567,2.4221721769488407,3.6820012203534822,-1.1582953292174674,-0.043293031468943539,1.1591041179552302,,,,ВЫЧИСЛЕНО / ТРЕБУЕТ ПРОВЕРКИ,,НЕ УСТАНОВЛЕНА
464,2026-08-06,2026-09-05,2026-08-21,1,-0.071418643706909979,1.5000415017959261,-2.6191806783962992,-3.2683405245861676,5.0923975281209595,6.0509968078874943,-7.3115595986961832,9.7790237809063836,12.210168298300351,2.8661533404760027,2.477369140786835,3.788428807678013,-1.1314161392114035,-0.218011635122068,1.1522289499559693,,,,ВЫЧИСЛЕНО / ТРЕБУЕТ ПРОВЕРКИ,,НЕ УСТАНОВЛЕНА
465,2026-08-07,2026-09-06,2026-08-22,1,0.0033860958415274922,1.3086979715608207,-2.1401126069595318,-3.2226568494798218,4.9664512020042872,5.9204015667342231,-7.8692895445738653,12.217801093870198,14.532734825411058,3.0145465419845796,3.3248223704444841,4.4879766764990281,-0.92011966510536369,0.15527172245097395,0.93312887958014612,,,,ВЫЧИСЛЕНО / ТРЕБУЕТ ПРОВЕРКИ,,НЕ УСТАНОВЛЕНА
466,2026-08-08,2026-09-07,2026-08-23,1,-0.012356440872753005,1.3468646961253352,-1.9810819933960842,-3.1304267691167285,4.7863122493854853,5.719122022253079,-7.9465809562803473,11.828366351839511,14.249856120257729,3.0345647538719276,3.2229611059447092,4.4267438977056415,-0.96332425914979725,0.34620797860036839,1.0236472012920559,,,,ВЫЧИСЛЕНО / ТРЕБУЕТ ПРОВЕРКИ,,НЕ УСТАНОВЛЕНА
467,2026-08-09,2026-09-08,2026-08-24,1,-0.015514462371392757,1.3681447740511885,-1.9869312059047322,-3.1537930192504451,4.8191375605540188,5.759383407606701,-7.8730157394292899,11.632378148874206,14.046230748201008,3.041056738588646,3.1165011118088977,4.3543777129713392,-0.98576034991897399,0.36768353831276118,1.0521001149218498,,,,ВЫЧИСЛЕНО / ТРЕБУЕТ ПРОВЕРКИ,,НЕ УСТАНОВЛЕНА
468,2026-08-10,2026-09-09,2026-08-25,1,-0.35541368952345431,1.3743728500157726,-1.9593966336167399,-1.4193814246946668,5.8379273621048293,6.007997962215077,-7.814635072494462,11.573058377438782,13.964390481645323,3.0696884926027135,3.1001827077923814,4.3628110506085891,-1.0165571257133645,0.42006736715554632,1.0999295353737937,,,,ВЫЧИСЛЕНО / ТРЕБУЕТ ПРОВЕРКИ,,НЕ УСТАНОВЛЕНА
469,2026-08-11,2026-09-10,2026-08-26,1,-0.032614375707830767,1.3742709180316686,-1.9020539165015413,-1.372986580240952,2.1496143510924304,2.5506732460164856,-7.7974881725193885,11.372794108621834,13.789172115746588,3.0027345829348002,3.0765482223383884,4.2990189508684571,-1.0129317453790321,0.47934491909527149,1.1206258395463959,,,,ВЫЧИСЛЕНО / ТРЕБУЕТ ПРОВЕРКИ,,НЕ УСТАНОВЛЕНА
470,2026-08-12,2026-09-11,2026-08-27,1,2.4270587629429947,1.3726940212987273,-1.886188128140567,-0.24978504896975645,-2.1411594381631498,2.1556800111157406,-7.7232407419603346,11.327878502966,13.710188873105842,2.9872974754667756,3.0543882355670444,4.2723803319110685,-1.0210658309523319,0.50449045771558243,1.1388968579570558,,,,ВЫЧИСЛЕНО / ТРЕБУЕТ ПРОВЕРКИ,,НЕ УСТАНОВЛЕНА
471,2026-08-13,2026-09-12,2026-08-28,1,2.4409887311295346,1.3683073682278906,-1.8083729104002459,-0.22326199981336312,-2.2215555539922258,2.2327460670739896,-7.830764752989154,11.435343552671725,13.8595800363607,3.037010116369331,3.1454175516398815,4.3723085459621771,-1.0213401588925952,0.59881660249621615,1.1839413176301699,,,,ВЫЧИСЛЕНО / ТРЕБУЕТ ПРОВЕРКИ,,НЕ УСТАНОВЛЕНА
472,2026-08-14,2026-09-13,2026-08-29,1,2.4690857879129897,1.3868000081185343,-1.8174437137067958,-0.15952947764967298,-2.19063147459546,2.1964325420388984,-7.6243501045218931,11.148986417050276,13.506687700687188,3.0365964938248182,3.0269544386058675,4.2875834032360167,-1.0276196322850408,0.61646199386153899,1.198343647929669,,,,ВЫЧИСЛЕНО / ТРЕБУЕТ ПРОВЕРКИ,,НЕ УСТАНОВЛЕНА
473,2026-08-15,2026-09-14,2026-08-30,1,2.4926388595287685,1.3630816457215387,-1.8161792928014286,-0.127356375863758,-2.2292647289692509,2.2328996570154018,-7.5265987173298807,11.195442025202015,13.490278365970481,3.0325970549475758,3.1199882444173923,4.3509736316115992,-1.0243120628489206,0.59441366570702381,1.1842900016790958,,,,ВЫЧИСЛЕНО / ТРЕБУЕТ ПРОВЕРКИ,,НЕ УСТАНОВЛЕНА
474,2026-08-16,2026-09-15,2026-08-31,1,2.4642666514048361,1.3709064437672982,-1.8159753142315618,-0.17916377532708513,-2.1825181264844731,2.1898595915772199,-7.5059563242414136,11.079997236689209,13.383038485577936,3.0642647850025995,3.1256145799797022,4.3771206489185008,-1.0270046707623275,0.60216476109930683,1.1905213115595294,,,,ВЫЧИСЛЕНО / ТРЕБУЕТ ПРОВЕРКИ,,НЕ УСТАНОВЛЕНА
475,2026-08-17,2026-09-16,2026-09-01,1,2.4358577290020422,1.3624112926330989,-1.8374566188941528,-0.24394512265179089,-2.122871865903198,2.1368421050486912,-7.4145820747776163,11.042233241703538,13.300636913614181,2.9618034716521748,3.0478120132854358,4.24987504204746,-1.0868236018575779,0.59999696859537033,1.2414434759095208,,,,ВЫЧИСЛЕНО / ТРЕБУЕТ ПРОВЕРКИ,,НЕ УСТАНОВЛЕНА
476,2026-08-18,2026-09-17,2026-09-02,1,2.4095578839525569,1.3657180283241157,-1.8699421633582554,-0.2958808251640116,-2.0415411257445757,2.0628707256651264,-7.3078000932140492,10.959226353159798,13.172265730016665,2.9007402706315557,2.9462713606138746,4.1345869259258734,-1.0471042361560869,0.54309305823193454,1.179566594676086,,,,ВЫЧИСЛЕНО / ТРЕБУЕТ ПРОВЕРКИ,,НЕ УСТАНОВЛЕНА
477,2026-08-19,2026-09-18,2026-09-03,1,2.3777415999996219,1.5528312256987258,-2.2979079874606305,-0.25787157573793063,-2.1104434839484467,2.1261395646838475,-6.5626213971721405,8.7727250652727786,10.955761254859787,2.6585076432295911,2.0642629939292529,3.3658349034401431,-1.2040331540560825,0.22339668555530456,1.2245823431616731,,,,ВЫЧИСЛЕНО / ТРЕБУЕТ ПРОВЕРКИ,,НЕ УСТАНОВЛЕНА
478,2026-08-20,2026-09-19,2026-09-04,1,2.4473536529799826,1.5057431276451663,-2.3254547330858024,-0.21972369972329733,-2.1850725801324038,2.1960921393845418,-6.5409592470914433,9.6846801249817442,11.686623849312832,2.7517480896647788,2.1315580786828119,3.4807552904178309,-1.2024092126515462,0.19042553537759579,1.217394676837859,,,,ВЫЧИСЛЕНО / ТРЕБУЕТ ПРОВЕРКИ,,НЕ УСТАНОВЛЕНА
479,2026-08-21,2026-09-20,2026-09-05,1,2.5036764027728857,1.3153133669680521,-1.8681270689669762,-0.2196132775696043,-2.2379969202581602,2.2487463633700164,-7.2550380744690974,12.100490909262575,14.108772367117647,2.9556741084930436,3.0165017637458975,4.223185092592824,-0.96529455581192503,0.49994778015862001,1.0870792806256926,,,,ВЫЧИСЛЕНО / ТРЕБУЕТ ПРОВЕРКИ,,НЕ УСТАНОВЛЕНА
480,2026-08-22,2026-09-21,2026-09-06,1,2.4752940566808919,1.3344973426458608,-1.771208593276308,-0.28785310285119747,-2.3833388188496607,2.400658937512107,-7.2140434347110265,11.86995072002512,13.890217880714546,3.0205270408825213,3.0024841416033548,4.2589311599604605,-0.96983213657786937,0.64652526331586169,1.1655768053821418,,,,ВЫЧИСЛЕНО / ТРЕБУЕТ ПРОВЕРКИ,,НЕ УСТАНОВЛЕНА
481,2026-08-23,2026-09-22,2026-09-07,1,2.478695324061988,1.3510048208514576,-1.7497237181527319,-0.26779121877640211,-2.3143669620523304,2.3298082693417248,-7.1624753921329081,11.74278258073276,13.754780859078425,3.0791947982784276,2.9708555701018025,4.2787174975861433,-0.94686678373782218,0.68225168150740834,1.1670578662027407,,,,ВЫЧИСЛЕНО / ТРЕБУЕТ ПРОВЕРКИ,,НЕ УСТАНОВЛЕНА
482,2026-08-24,2026-09-23,2026-09-08,1,2.5692221345644253,1.3856641704115642,-1.7332992482127232,-0.04534623438135657,-2.0983456272579986,2.0988355467747661,-7.0309095415648901,11.448082553463808,13.434741647407687,3.1103228936664324,2.8166809308729568,4.1961649120606399,-0.87504335124682309,0.69667844261377476,1.1185087031239522,,,,ВЫЧИСЛЕНО / ТРЕБУЕТ ПРОВЕРКИ,,НЕ УСТАНОВЛЕНА
483,2026-08-25,2026-09-24,2026-09-09,1,2.7766603877976719,1.3832362050980098,-1.7738123746895325,0.35173521703911637,-1.9357433219944347,1.9674399283209649,-6.8527511659171196,11.31181685520712,13.225634166561781,3.0707285193748137,2.7604432022044598,4.1290943695075129,-0.86284095790620907,0.63646573708251886,1.0721861560011388,,,,ВЫЧИСЛЕНО / ТРЕБУЕТ ПРОВЕРКИ,,НЕ УСТАНОВЛЕНА
484,2026-08-26,2026-09-25,2026-09-10,1,-1.9818349165389011,1.3719451509073624,-1.7645033218224644,1.3795047145068007,0.16345654624097708,1.389154886920648,-6.603246775328004,11.29638788218347,13.084771574644368,3.0735047268875944,2.7385409830603189,4.1165565734119776,-0.84527528920137884,0.64159577377849941,1.0611952937442317,,,,ВЫЧИСЛЕНО / ТРЕБУЕТ ПРОВЕРКИ,,НЕ УСТАНОВЛЕНА
485,2026-08-27,2026-09-26,2026-09-11,1,-1.6222567941386397,1.3534435657254456,-1.7165053131921018,1.1978426231042303,0.61408053906984328,1.3460764681805906,-6.6331865553339275,11.447147539612608,13.230130410223543,3.0316152065092035,2.7822549550549094,4.1148066048437117,-0.81832382847649154,0.66521005082429308,1.0545891616976162,,,,ВЫЧИСЛЕНО / ТРЕБУЕТ ПРОВЕРКИ,,НЕ УСТАНОВЛЕНА
486,2026-08-28,2026-09-27,2026-09-12,1,-1.6472306634578955,1.3602728103273423,-1.7626684853683205,1.2638551119228771,0.61139741177460427,1.4039717016586457,-6.5907537404550469,11.326314790121666,13.104329116450449,2.9705272359822934,2.6989112336532735,4.0134964690220469,-0.81454281295399122,0.60823490275785863,1.0165774397791161,,,,ВЫЧИСЛЕНО / ТРЕБУЕТ ПРОВЕРКИ,,НЕ УСТАНОВЛЕНА
487,2026-08-29,2026-09-28,2026-09-13,1,-1.6519029730708472,1.3693625698149292,-1.8502777959279615,1.3144877787619713,0.63582281060897083,1.4601879218118716,-6.528767718338127,11.101229556807777,12.878746274112112,2.935683362044442,2.6434501662717982,3.9504513139319863,-0.82028075647313625,0.51227543406417442,0.96710218683745053,,,,ВЫЧИСЛЕНО / ТРЕБУЕТ ПРОВЕРКИ,,НЕ УСТАНОВЛЕНА
488,2026-08-30,2026-09-29,2026-09-14,1,-1.5999879334722675,1.3718713226122397,-1.8783733868744918,1.2939432825121082,0.69604284153175155,1.4692735809255553,-6.3339248991255115,10.99308014078678,12.687254061045786,2.8822946554053424,2.536348398193768,3.8393600609474352,-0.83752025472682878,0.50383295229851266,0.97738826517383948,,,,ВЫЧИСЛЕНО / ТРЕБУЕТ ПРОВЕРКИ,,НЕ УСТАНОВЛЕНА
489,2026-08-31,2026-09-30,2026-09-15,1,-1.5787932926526778,1.3775381398259228,-2.0039210622752948,1.2476215002406017,0.6934367701855253,1.4273801042847496,-6.0909285554014589,10.755251252625674,12.36021197933559,2.8565650455100133,2.4480855047570458,3.7620588110542856,-0.87304571130628095,0.39947375056537154,0.96009795928387154,,,,ВЫЧИСЛЕНО / ТРЕБУЕТ ПРОВЕРКИ,,НЕ УСТАНОВЛЕНА
490,2026-09-01,2026-10-01,2026-09-16,1,-1.6389442678028605,1.3560776191108266,-1.8598469209228241,1.3018333907299788,0.639880867756496,1.4505921901555654,-6.3456133389668441,10.955674991196645,12.660711795171926,2.8382323808127663,2.5900491433707682,3.8423843655430612,-0.7952050067918508,0.47887308455070238,0.92826205024978348,,,,ВЫЧИСЛЕНО / ТРЕБУЕТ ПРОВЕРКИ,,НЕ УСТАНОВЛЕНА
491,2026-09-02,2026-10-02,2026-09-17,1,-1.7084978916585449,1.6254951816734398,-2.3245381785539365,1.3427503904364717,0.63503059154578623,1.4853425407010628,-5.5148712958373585,8.4273763834088484,10.071468518408228,2.6281286344155852,1.5214330881960225,3.036744763870157,-1.0062947222195853,0.30280419815703385,1.0508660477855951,,,,ВЫЧИСЛЕНО / ТРЕБУЕТ ПРОВЕРКИ,,НЕ УСТАНОВЛЕНА
