month,year1,year2,coverage_variant_pairwise,sensor,sensor_id_pairwise,n_pairs_pairwise,iso_weeks_year1_pairwise,iso_weeks_year2_pairwise,coverage_ok_pairwise,block_days,n_full_blocks_pairwise,fragment_lengths_pairwise,paired_days_pairwise,bootstrap_status_pairwise,delta_A_pairwise,delta_h_pairwise,phase_R_pairwise,A_ci_low_pairwise,A_ci_high_pairwise,A_ci_direction_pairwise,phase_ci_status_pairwise,phase_ci_direction_pairwise,phase_ci_excludes_zero_pairwise,known_sensitive_pairs_pairwise,phase_reliability_pairwise,phase_ci_low_unwrapped_pairwise,phase_ci_high_unwrapped_pairwise,phase_ci_low_wrapped_pairwise,phase_ci_high_wrapped_pairwise,phase_ci_crosses_cut_pairwise,phase_bootstrap_undefined_pairwise,phase_bootstrap_R_pairwise,coverage_variant_common,sensor_id_common,n_pairs_common,iso_weeks_year1_common,iso_weeks_year2_common,coverage_ok_common,n_full_blocks_common,fragment_lengths_common,paired_days_common,bootstrap_status_common,delta_A_common,delta_h_common,phase_R_common,A_ci_low_common,A_ci_high_common,A_ci_direction_common,phase_ci_status_common,phase_ci_direction_common,phase_ci_excludes_zero_common,known_sensitive_pairs_common,phase_reliability_common,phase_ci_low_unwrapped_common,phase_ci_high_unwrapped_common,phase_ci_low_wrapped_common,phase_ci_high_wrapped_common,phase_ci_crosses_cut_common,phase_bootstrap_undefined_common,phase_bootstrap_R_common,delta_A_coverage,delta_h_coverage
1,2018,2019,pairwise,D1,994,12,5,5,True,7,0,5;1;3;2;1,4;5;6;7;8;13;18;19;20;27;28;31,some_pairs_outside_full_blocks,5.9869736961124538,-0.17416717964697703,0.91063391792023152,,,0,bootstrap_unavailable,0,False,0,inherited_not_established,,,,,,,,all_years_common,994,12,5,5,True,0,5;1;3;2;1,4;5;6;7;8;13;18;19;20;27;28;31,some_pairs_outside_full_blocks,5.9869736961124538,-0.17416717964697703,0.91063391792023152,,,0,bootstrap_unavailable,0,False,0,inherited_not_established,,,,,,,,0,0
1,2018,2019,pairwise,D2,1010,12,5,5,True,7,0,5;1;3;2;1,4;5;6;7;8;13;18;19;20;27;28;31,some_pairs_outside_full_blocks,-3.9671990352184512,0.61152704219258069,0.86992612155867644,,,0,bootstrap_unavailable,0,False,0,inherited_not_established,,,,,,,,all_years_common,1010,12,5,5,True,0,5;1;3;2;1,4;5;6;7;8;13;18;19;20;27;28;31,some_pairs_outside_full_blocks,-3.9671990352184512,0.61152704219258069,0.86992612155867644,,,0,bootstrap_unavailable,0,False,0,inherited_not_established,,,,,,,,0,0
1,2018,2019,pairwise,D3,1026,12,5,5,True,7,0,5;1;3;2;1,4;5;6;7;8;13;18;19;20;27;28;31,some_pairs_outside_full_blocks,-1.2266791105685666,2.3306420576048943,0.73701322656517287,,,0,bootstrap_unavailable,0,False,0,inherited_not_established,,,,,,,,all_years_common,1026,12,5,5,True,0,5;1;3;2;1,4;5;6;7;8;13;18;19;20;27;28;31,some_pairs_outside_full_blocks,-1.2266791105685666,2.3306420576048943,0.73701322656517287,,,0,bootstrap_unavailable,0,False,0,inherited_not_established,,,,,,,,0,0
1,2018,2019,pairwise,D1,994,12,5,5,True,3,4,5;1;3;2;1,4;5;6;7;8;13;18;19;20;27;28;31,some_pairs_outside_full_blocks,5.9869736961124538,-0.17416717964697703,0.91063391792023152,,,0,bootstrap_unavailable,0,False,0,inherited_not_established,,,,,,,,all_years_common,994,12,5,5,True,4,5;1;3;2;1,4;5;6;7;8;13;18;19;20;27;28;31,some_pairs_outside_full_blocks,5.9869736961124538,-0.17416717964697703,0.91063391792023152,,,0,bootstrap_unavailable,0,False,0,inherited_not_established,,,,,,,,0,0
1,2018,2019,pairwise,D2,1010,12,5,5,True,3,4,5;1;3;2;1,4;5;6;7;8;13;18;19;20;27;28;31,some_pairs_outside_full_blocks,-3.9671990352184512,0.61152704219258069,0.86992612155867644,,,0,bootstrap_unavailable,0,False,0,inherited_not_established,,,,,,,,all_years_common,1010,12,5,5,True,4,5;1;3;2;1,4;5;6;7;8;13;18;19;20;27;28;31,some_pairs_outside_full_blocks,-3.9671990352184512,0.61152704219258069,0.86992612155867644,,,0,bootstrap_unavailable,0,False,0,inherited_not_established,,,,,,,,0,0
1,2018,2019,pairwise,D3,1026,12,5,5,True,3,4,5;1;3;2;1,4;5;6;7;8;13;18;19;20;27;28;31,some_pairs_outside_full_blocks,-1.2266791105685666,2.3306420576048943,0.73701322656517287,,,0,bootstrap_unavailable,0,False,0,inherited_not_established,,,,,,,,all_years_common,1026,12,5,5,True,4,5;1;3;2;1,4;5;6;7;8;13;18;19;20;27;28;31,some_pairs_outside_full_blocks,-1.2266791105685666,2.3306420576048943,0.73701322656517287,,,0,bootstrap_unavailable,0,False,0,inherited_not_established,,,,,,,,0,0
1,2018,2019,pairwise,D1,994,12,5,5,True,14,0,5;1;3;2;1,4;5;6;7;8;13;18;19;20;27;28;31,some_pairs_outside_full_blocks,5.9869736961124538,-0.17416717964697703,0.91063391792023152,,,0,bootstrap_unavailable,0,False,0,inherited_not_established,,,,,,,,all_years_common,994,12,5,5,True,0,5;1;3;2;1,4;5;6;7;8;13;18;19;20;27;28;31,some_pairs_outside_full_blocks,5.9869736961124538,-0.17416717964697703,0.91063391792023152,,,0,bootstrap_unavailable,0,False,0,inherited_not_established,,,,,,,,0,0
1,2018,2019,pairwise,D2,1010,12,5,5,True,14,0,5;1;3;2;1,4;5;6;7;8;13;18;19;20;27;28;31,some_pairs_outside_full_blocks,-3.9671990352184512,0.61152704219258069,0.86992612155867644,,,0,bootstrap_unavailable,0,False,0,inherited_not_established,,,,,,,,all_years_common,1010,12,5,5,True,0,5;1;3;2;1,4;5;6;7;8;13;18;19;20;27;28;31,some_pairs_outside_full_blocks,-3.9671990352184512,0.61152704219258069,0.86992612155867644,,,0,bootstrap_unavailable,0,False,0,inherited_not_established,,,,,,,,0,0
1,2018,2019,pairwise,D3,1026,12,5,5,True,14,0,5;1;3;2;1,4;5;6;7;8;13;18;19;20;27;28;31,some_pairs_outside_full_blocks,-1.2266791105685666,2.3306420576048943,0.73701322656517287,,,0,bootstrap_unavailable,0,False,0,inherited_not_established,,,,,,,,all_years_common,1026,12,5,5,True,0,5;1;3;2;1,4;5;6;7;8;13;18;19;20;27;28;31,some_pairs_outside_full_blocks,-1.2266791105685666,2.3306420576048943,0.73701322656517287,,,0,bootstrap_unavailable,0,False,0,inherited_not_established,,,,,,,,0,0
1,2018,2020,pairwise,D1,994,23,5,5,True,7,8,5;4;14,4;5;6;7;8;11;12;13;14;18;19;20;21;22;23;24;25;26;27;28;29;30;31,some_pairs_outside_full_blocks,10.513529199345008,-0.92250853386353882,0.86940990863417478,,,0,bootstrap_unavailable,0,False,0,inherited_not_established,,,,,,,,all_years_common,994,12,5,5,True,0,5;1;3;2;1,4;5;6;7;8;13;18;19;20;27;28;31,some_pairs_outside_full_blocks,5.6597083877687702,-0.25644066178302793,0.94658870310539234,,,0,bootstrap_unavailable,0,False,0,inherited_not_established,,,,,,,,-4.853820811576238,0.66606787208051088
1,2018,2020,pairwise,D2,1010,23,5,5,True,7,8,5;4;14,4;5;6;7;8;11;12;13;14;18;19;20;21;22;23;24;25;26;27;28;29;30;31,some_pairs_outside_full_blocks,2.2095093868390459,-0.024448166346166644,0.84299922054394527,,,0,bootstrap_unavailable,0,False,0,inherited_not_established,,,,,,,,all_years_common,1010,12,5,5,True,0,5;1;3;2;1,4;5;6;7;8;13;18;19;20;27;28;31,some_pairs_outside_full_blocks,0.79995073006033834,0.73545926647384796,0.89986753435488009,,,0,bootstrap_unavailable,0,False,0,inherited_not_established,,,,,,,,-1.4095586567787075,0.75990743282001461
1,2018,2020,pairwise,D3,1026,23,5,5,True,7,8,5;4;14,4;5;6;7;8;11;12;13;14;18;19;20;21;22;23;24;25;26;27;28;29;30;31,some_pairs_outside_full_blocks,1.4165154713418144,3.0953305811606437,0.56144851178748378,,,0,bootstrap_unavailable,0,False,0,inherited_not_established,,,,,,,,all_years_common,1026,12,5,5,True,0,5;1;3;2;1,4;5;6;7;8;13;18;19;20;27;28;31,some_pairs_outside_full_blocks,-1.5143602949852357,2.9106011835975441,0.7918061608268161,,,0,bootstrap_unavailable,0,False,0,inherited_not_established,,,,,,,,-2.9308757663270502,-0.1847293975630997
1,2018,2020,pairwise,D1,994,23,5,5,True,3,17,5;4;14,4;5;6;7;8;11;12;13;14;18;19;20;21;22;23;24;25;26;27;28;29;30;31,ok,10.513529199345008,-0.92250853386353882,0.86940990863417478,-3.5567600085611417,20.628413146031406,0,ok,-1,True,0,inherited_not_established,-1.936039927178447,-0.050253531138256813,-1.936039927178447,-0.050253531138256591,False,0,0.99202529177099719,all_years_common,994,12,5,5,True,4,5;1;3;2;1,4;5;6;7;8;13;18;19;20;27;28;31,some_pairs_outside_full_blocks,5.6597083877687702,-0.25644066178302793,0.94658870310539234,,,0,bootstrap_unavailable,0,False,0,inherited_not_established,,,,,,,,-4.853820811576238,0.66606787208051088
1,2018,2020,pairwise,D2,1010,23,5,5,True,3,17,5;4;14,4;5;6;7;8;11;12;13;14;18;19;20;21;22;23;24;25;26;27;28;29;30;31,ok,2.2095093868390459,-0.024448166346166644,0.84299922054394527,-9.097607688438849,7.6651587361481619,0,ok,0,False,0,inherited_not_established,-1.5368373252999279,1.1512960299282315,-1.5368373252999277,1.1512960299282309,False,0,0.98450946956053054,all_years_common,1010,12,5,5,True,4,5;1;3;2;1,4;5;6;7;8;13;18;19;20;27;28;31,some_pairs_outside_full_blocks,0.79995073006033834,0.73545926647384796,0.89986753435488009,,,0,bootstrap_unavailable,0,False,0,inherited_not_established,,,,,,,,-1.4095586567787075,0.75990743282001461
1,2018,2020,pairwise,D3,1026,23,5,5,True,3,17,5;4;14,4;5;6;7;8;11;12;13;14;18;19;20;21;22;23;24;25;26;27;28;29;30;31,ok,1.4165154713418144,3.0953305811606437,0.56144851178748378,-1.1994490444146955,3.3151485735983188,0,ok,0,False,0,inherited_not_established,-1.7449264969361087,3.9732719443200004,-1.7449264969361096,3.9732719443200004,False,0,0.93374844020352521,all_years_common,1026,12,5,5,True,4,5;1;3;2;1,4;5;6;7;8;13;18;19;20;27;28;31,some_pairs_outside_full_blocks,-1.5143602949852357,2.9106011835975441,0.7918061608268161,,,0,bootstrap_unavailable,0,False,0,inherited_not_established,,,,,,,,-2.9308757663270502,-0.1847293975630997
1,2018,2020,pairwise,D1,994,23,5,5,True,14,1,5;4;14,4;5;6;7;8;11;12;13;14;18;19;20;21;22;23;24;25;26;27;28;29;30;31,some_pairs_outside_full_blocks,10.513529199345008,-0.92250853386353882,0.86940990863417478,,,0,bootstrap_unavailable,0,False,0,inherited_not_established,,,,,,,,all_years_common,994,12,5,5,True,0,5;1;3;2;1,4;5;6;7;8;13;18;19;20;27;28;31,some_pairs_outside_full_blocks,5.6597083877687702,-0.25644066178302793,0.94658870310539234,,,0,bootstrap_unavailable,0,False,0,inherited_not_established,,,,,,,,-4.853820811576238,0.66606787208051088
1,2018,2020,pairwise,D2,1010,23,5,5,True,14,1,5;4;14,4;5;6;7;8;11;12;13;14;18;19;20;21;22;23;24;25;26;27;28;29;30;31,some_pairs_outside_full_blocks,2.2095093868390459,-0.024448166346166644,0.84299922054394527,,,0,bootstrap_unavailable,0,False,0,inherited_not_established,,,,,,,,all_years_common,1010,12,5,5,True,0,5;1;3;2;1,4;5;6;7;8;13;18;19;20;27;28;31,some_pairs_outside_full_blocks,0.79995073006033834,0.73545926647384796,0.89986753435488009,,,0,bootstrap_unavailable,0,False,0,inherited_not_established,,,,,,,,-1.4095586567787075,0.75990743282001461
1,2018,2020,pairwise,D3,1026,23,5,5,True,14,1,5;4;14,4;5;6;7;8;11;12;13;14;18;19;20;21;22;23;24;25;26;27;28;29;30;31,some_pairs_outside_full_blocks,1.4165154713418144,3.0953305811606437,0.56144851178748378,,,0,bootstrap_unavailable,0,False,0,inherited_not_established,,,,,,,,all_years_common,1026,12,5,5,True,0,5;1;3;2;1,4;5;6;7;8;13;18;19;20;27;28;31,some_pairs_outside_full_blocks,-1.5143602949852357,2.9106011835975441,0.7918061608268161,,,0,bootstrap_unavailable,0,False,0,inherited_not_established,,,,,,,,-2.9308757663270502,-0.1847293975630997
1,2019,2020,pairwise,D1,994,15,5,5,True,7,2,8;1;3;2;1,1;2;3;4;5;6;7;8;13;18;19;20;27;28;31,some_pairs_outside_full_blocks,7.6784241143360781,0.32379561707447557,0.90244698907747056,,,0,bootstrap_unavailable,0,False,0,inherited_not_established,,,,,,,,all_years_common,994,12,5,5,True,0,5;1;3;2;1,4;5;6;7;8;13;18;19;20;27;28;31,some_pairs_outside_full_blocks,7.1671931533330913,0.018655469132827562,0.89147638436541343,,,0,bootstrap_unavailable,0,False,0,inherited_not_established,,,,,,,,-0.51123096100298682,-0.30514014794164801
1,2019,2020,pairwise,D2,1010,15,5,5,True,7,2,8;1;3;2;1,1;2;3;4;5;6;7;8;13;18;19;20;27;28;31,some_pairs_outside_full_blocks,-2.1860745031419349,0.31441061141782001,0.96769426016036275,,,0,bootstrap_unavailable,0,False,0,inherited_not_established,,,,,,,,all_years_common,1010,12,5,5,True,0,5;1;3;2;1,4;5;6;7;8;13;18;19;20;27;28;31,some_pairs_outside_full_blocks,-1.9847503003920979,0.065107881803214696,0.96990018557980029,,,0,bootstrap_unavailable,0,False,0,inherited_not_established,,,,,,,,0.20132420274983698,-0.24930272961460531
1,2019,2020,pairwise,D3,1026,15,5,5,True,7,2,8;1;3;2;1,1;2;3;4;5;6;7;8;13;18;19;20;27;28;31,some_pairs_outside_full_blocks,-1.7217391516690039,0.62726619633225766,0.86738335138979261,,,0,bootstrap_unavailable,0,False,0,inherited_not_established,,,,,,,,all_years_common,1026,12,5,5,True,0,5;1;3;2;1,4;5;6;7;8;13;18;19;20;27;28;31,some_pairs_outside_full_blocks,0.86209705966873562,0.24134940312617026,0.88386608260075283,,,0,bootstrap_unavailable,0,False,0,inherited_not_established,,,,,,,,2.5838362113377396,-0.38591679320608741
1,2019,2020,pairwise,D1,994,15,5,5,True,3,7,8;1;3;2;1,1;2;3;4;5;6;7;8;13;18;19;20;27;28;31,some_pairs_outside_full_blocks,7.6784241143360781,0.32379561707447557,0.90244698907747056,,,0,bootstrap_unavailable,0,False,0,inherited_not_established,,,,,,,,all_years_common,994,12,5,5,True,4,5;1;3;2;1,4;5;6;7;8;13;18;19;20;27;28;31,some_pairs_outside_full_blocks,7.1671931533330913,0.018655469132827562,0.89147638436541343,,,0,bootstrap_unavailable,0,False,0,inherited_not_established,,,,,,,,-0.51123096100298682,-0.30514014794164801
1,2019,2020,pairwise,D2,1010,15,5,5,True,3,7,8;1;3;2;1,1;2;3;4;5;6;7;8;13;18;19;20;27;28;31,some_pairs_outside_full_blocks,-2.1860745031419349,0.31441061141782001,0.96769426016036275,,,0,bootstrap_unavailable,0,False,0,inherited_not_established,,,,,,,,all_years_common,1010,12,5,5,True,4,5;1;3;2;1,4;5;6;7;8;13;18;19;20;27;28;31,some_pairs_outside_full_blocks,-1.9847503003920979,0.065107881803214696,0.96990018557980029,,,0,bootstrap_unavailable,0,False,0,inherited_not_established,,,,,,,,0.20132420274983698,-0.24930272961460531
1,2019,2020,pairwise,D3,1026,15,5,5,True,3,7,8;1;3;2;1,1;2;3;4;5;6;7;8;13;18;19;20;27;28;31,some_pairs_outside_full_blocks,-1.7217391516690039,0.62726619633225766,0.86738335138979261,,,0,bootstrap_unavailable,0,False,0,inherited_not_established,,,,,,,,all_years_common,1026,12,5,5,True,4,5;1;3;2;1,4;5;6;7;8;13;18;19;20;27;28;31,some_pairs_outside_full_blocks,0.86209705966873562,0.24134940312617026,0.88386608260075283,,,0,bootstrap_unavailable,0,False,0,inherited_not_established,,,,,,,,2.5838362113377396,-0.38591679320608741
1,2019,2020,pairwise,D1,994,15,5,5,True,14,0,8;1;3;2;1,1;2;3;4;5;6;7;8;13;18;19;20;27;28;31,some_pairs_outside_full_blocks,7.6784241143360781,0.32379561707447557,0.90244698907747056,,,0,bootstrap_unavailable,0,False,0,inherited_not_established,,,,,,,,all_years_common,994,12,5,5,True,0,5;1;3;2;1,4;5;6;7;8;13;18;19;20;27;28;31,some_pairs_outside_full_blocks,7.1671931533330913,0.018655469132827562,0.89147638436541343,,,0,bootstrap_unavailable,0,False,0,inherited_not_established,,,,,,,,-0.51123096100298682,-0.30514014794164801
1,2019,2020,pairwise,D2,1010,15,5,5,True,14,0,8;1;3;2;1,1;2;3;4;5;6;7;8;13;18;19;20;27;28;31,some_pairs_outside_full_blocks,-2.1860745031419349,0.31441061141782001,0.96769426016036275,,,0,bootstrap_unavailable,0,False,0,inherited_not_established,,,,,,,,all_years_common,1010,12,5,5,True,0,5;1;3;2;1,4;5;6;7;8;13;18;19;20;27;28;31,some_pairs_outside_full_blocks,-1.9847503003920979,0.065107881803214696,0.96990018557980029,,,0,bootstrap_unavailable,0,False,0,inherited_not_established,,,,,,,,0.20132420274983698,-0.24930272961460531
1,2019,2020,pairwise,D3,1026,15,5,5,True,14,0,8;1;3;2;1,1;2;3;4;5;6;7;8;13;18;19;20;27;28;31,some_pairs_outside_full_blocks,-1.7217391516690039,0.62726619633225766,0.86738335138979261,,,0,bootstrap_unavailable,0,False,0,inherited_not_established,,,,,,,,all_years_common,1026,12,5,5,True,0,5;1;3;2;1,4;5;6;7;8;13;18;19;20;27;28;31,some_pairs_outside_full_blocks,0.86209705966873562,0.24134940312617026,0.88386608260075283,,,0,bootstrap_unavailable,0,False,0,inherited_not_established,,,,,,,,2.5838362113377396,-0.38591679320608741
2,2018,2019,pairwise,D1,994,10,3,3,True,7,0,2;4;2;2,7;8;11;12;13;14;18;19;23;24,some_pairs_outside_full_blocks,3.5245813716061498,1.135501096980585,0.77128990413438803,,,0,bootstrap_unavailable,0,False,0,inherited_not_established,,,,,,,,all_years_common,994,9,3,3,False,0,1;4;2;2,8;11;12;13;14;18;19;23;24,insufficient_calendar_coverage,-0.17347204263982263,1.3744084508976364,0.75796651668633863,,,0,bootstrap_unavailable,0,False,0,inherited_not_established,,,,,,,,-3.6980534142459724,0.23890735391705142
2,2018,2019,pairwise,D2,1010,10,3,3,True,7,0,2;4;2;2,7;8;11;12;13;14;18;19;23;24,some_pairs_outside_full_blocks,-6.9612770659674643,2.0490359622036607,0.72029193211991838,,,0,bootstrap_unavailable,0,False,0,inherited_not_established,,,,,,,,all_years_common,1010,9,3,3,False,0,1;4;2;2,8;11;12;13;14;18;19;23;24,insufficient_calendar_coverage,-7.4933911278476923,2.5732863032189872,0.81165852719017528,,,0,bootstrap_unavailable,0,False,0,inherited_not_established,,,,,,,,-0.53211406188022803,0.52425034101532653
2,2018,2019,pairwise,D3,1026,10,3,3,True,7,0,2;4;2;2,7;8;11;12;13;14;18;19;23;24,some_pairs_outside_full_blocks,-3.2599117538057172,5.2847391189890693,0.39362401727462948,,,0,bootstrap_unavailable,0,False,0,inherited_not_established,,,,,,,,all_years_common,1026,9,3,3,False,0,1;4;2;2,8;11;12;13;14;18;19;23;24,insufficient_calendar_coverage,-4.2618474040606573,5.5047238763898214,0.54485654639846381,,,0,bootstrap_unavailable,0,False,0,inherited_not_established,,,,,,,,-1.0019356502549401,0.21998475740075207
2,2018,2019,pairwise,D1,994,10,3,3,True,3,2,2;4;2;2,7;8;11;12;13;14;18;19;23;24,some_pairs_outside_full_blocks,3.5245813716061498,1.135501096980585,0.77128990413438803,,,0,bootstrap_unavailable,0,False,0,inherited_not_established,,,,,,,,all_years_common,994,9,3,3,False,2,1;4;2;2,8;11;12;13;14;18;19;23;24,insufficient_calendar_coverage,-0.17347204263982263,1.3744084508976364,0.75796651668633863,,,0,bootstrap_unavailable,0,False,0,inherited_not_established,,,,,,,,-3.6980534142459724,0.23890735391705142
2,2018,2019,pairwise,D2,1010,10,3,3,True,3,2,2;4;2;2,7;8;11;12;13;14;18;19;23;24,some_pairs_outside_full_blocks,-6.9612770659674643,2.0490359622036607,0.72029193211991838,,,0,bootstrap_unavailable,0,False,0,inherited_not_established,,,,,,,,all_years_common,1010,9,3,3,False,2,1;4;2;2,8;11;12;13;14;18;19;23;24,insufficient_calendar_coverage,-7.4933911278476923,2.5732863032189872,0.81165852719017528,,,0,bootstrap_unavailable,0,False,0,inherited_not_established,,,,,,,,-0.53211406188022803,0.52425034101532653
2,2018,2019,pairwise,D3,1026,10,3,3,True,3,2,2;4;2;2,7;8;11;12;13;14;18;19;23;24,some_pairs_outside_full_blocks,-3.2599117538057172,5.2847391189890693,0.39362401727462948,,,0,bootstrap_unavailable,0,False,0,inherited_not_established,,,,,,,,all_years_common,1026,9,3,3,False,2,1;4;2;2,8;11;12;13;14;18;19;23;24,insufficient_calendar_coverage,-4.2618474040606573,5.5047238763898214,0.54485654639846381,,,0,bootstrap_unavailable,0,False,0,inherited_not_established,,,,,,,,-1.0019356502549401,0.21998475740075207
2,2018,2019,pairwise,D1,994,10,3,3,True,14,0,2;4;2;2,7;8;11;12;13;14;18;19;23;24,some_pairs_outside_full_blocks,3.5245813716061498,1.135501096980585,0.77128990413438803,,,0,bootstrap_unavailable,0,False,0,inherited_not_established,,,,,,,,all_years_common,994,9,3,3,False,0,1;4;2;2,8;11;12;13;14;18;19;23;24,insufficient_calendar_coverage,-0.17347204263982263,1.3744084508976364,0.75796651668633863,,,0,bootstrap_unavailable,0,False,0,inherited_not_established,,,,,,,,-3.6980534142459724,0.23890735391705142
2,2018,2019,pairwise,D2,1010,10,3,3,True,14,0,2;4;2;2,7;8;11;12;13;14;18;19;23;24,some_pairs_outside_full_blocks,-6.9612770659674643,2.0490359622036607,0.72029193211991838,,,0,bootstrap_unavailable,0,False,0,inherited_not_established,,,,,,,,all_years_common,1010,9,3,3,False,0,1;4;2;2,8;11;12;13;14;18;19;23;24,insufficient_calendar_coverage,-7.4933911278476923,2.5732863032189872,0.81165852719017528,,,0,bootstrap_unavailable,0,False,0,inherited_not_established,,,,,,,,-0.53211406188022803,0.52425034101532653
2,2018,2019,pairwise,D3,1026,10,3,3,True,14,0,2;4;2;2,7;8;11;12;13;14;18;19;23;24,some_pairs_outside_full_blocks,-3.2599117538057172,5.2847391189890693,0.39362401727462948,,,0,bootstrap_unavailable,0,False,0,inherited_not_established,,,,,,,,all_years_common,1026,9,3,3,False,0,1;4;2;2,8;11;12;13;14;18;19;23;24,insufficient_calendar_coverage,-4.2618474040606573,5.5047238763898214,0.54485654639846381,,,0,bootstrap_unavailable,0,False,0,inherited_not_established,,,,,,,,-1.0019356502549401,0.21998475740075207
2,2018,2020,pairwise,D1,994,18,4,5,True,7,2,5;1;4;8,1;2;3;4;5;8;11;12;13;14;18;19;20;21;22;23;24;25,some_pairs_outside_full_blocks,14.314824048745368,0.41851549418246492,0.91178107075288251,,,0,bootstrap_unavailable,0,False,0,inherited_not_established,,,,,,,,all_years_common,994,9,3,4,False,0,1;4;2;2,8;11;12;13;14;18;19;23;24,insufficient_calendar_coverage,19.221185886240271,0.34058246185110619,0.8520224104088272,,,0,bootstrap_unavailable,0,False,0,inherited_not_established,,,,,,,,4.9063618374949023,-0.077933032331358731
2,2018,2020,pairwise,D2,1010,18,4,5,True,7,2,5;1;4;8,1;2;3;4;5;8;11;12;13;14;18;19;20;21;22;23;24;25,some_pairs_outside_full_blocks,1.9045556366760614,0.21303440286206055,0.93292206915047748,,,0,bootstrap_unavailable,0,False,0,inherited_not_established,,,,,,,,all_years_common,1010,9,3,4,False,0,1;4;2;2,8;11;12;13;14;18;19;23;24,insufficient_calendar_coverage,4.3786700348593506,0.35943299243127314,0.88842366462078348,,,0,bootstrap_unavailable,0,False,0,inherited_not_established,,,,,,,,2.4741143981832892,0.14639858956921259
2,2018,2020,pairwise,D3,1026,18,4,5,True,7,2,5;1;4;8,1;2;3;4;5;8;11;12;13;14;18;19;20;21;22;23;24;25,some_pairs_outside_full_blocks,-0.028767186325727057,0.63268843886427284,0.77010067945306027,,,0,bootstrap_unavailable,0,False,0,inherited_not_established,,,,,,,,all_years_common,1026,9,3,4,False,0,1;4;2;2,8;11;12;13;14;18;19;23;24,insufficient_calendar_coverage,2.9076630427583829,1.7858640976812268,0.70213916589076553,,,0,bootstrap_unavailable,0,False,0,inherited_not_established,,,,,,,,2.93643022908411,1.1531756588169539
2,2018,2020,pairwise,D1,994,18,4,5,True,3,11,5;1;4;8,1;2;3;4;5;8;11;12;13;14;18;19;20;21;22;23;24;25,some_pairs_outside_full_blocks,14.314824048745368,0.41851549418246492,0.91178107075288251,,,0,bootstrap_unavailable,0,False,0,inherited_not_established,,,,,,,,all_years_common,994,9,3,4,False,2,1;4;2;2,8;11;12;13;14;18;19;23;24,insufficient_calendar_coverage,19.221185886240271,0.34058246185110619,0.8520224104088272,,,0,bootstrap_unavailable,0,False,0,inherited_not_established,,,,,,,,4.9063618374949023,-0.077933032331358731
2,2018,2020,pairwise,D2,1010,18,4,5,True,3,11,5;1;4;8,1;2;3;4;5;8;11;12;13;14;18;19;20;21;22;23;24;25,some_pairs_outside_full_blocks,1.9045556366760614,0.21303440286206055,0.93292206915047748,,,0,bootstrap_unavailable,0,False,0,inherited_not_established,,,,,,,,all_years_common,1010,9,3,4,False,2,1;4;2;2,8;11;12;13;14;18;19;23;24,insufficient_calendar_coverage,4.3786700348593506,0.35943299243127314,0.88842366462078348,,,0,bootstrap_unavailable,0,False,0,inherited_not_established,,,,,,,,2.4741143981832892,0.14639858956921259
2,2018,2020,pairwise,D3,1026,18,4,5,True,3,11,5;1;4;8,1;2;3;4;5;8;11;12;13;14;18;19;20;21;22;23;24;25,some_pairs_outside_full_blocks,-0.028767186325727057,0.63268843886427284,0.77010067945306027,,,0,bootstrap_unavailable,0,False,0,inherited_not_established,,,,,,,,all_years_common,1026,9,3,4,False,2,1;4;2;2,8;11;12;13;14;18;19;23;24,insufficient_calendar_coverage,2.9076630427583829,1.7858640976812268,0.70213916589076553,,,0,bootstrap_unavailable,0,False,0,inherited_not_established,,,,,,,,2.93643022908411,1.1531756588169539
2,2018,2020,pairwise,D1,994,18,4,5,True,14,0,5;1;4;8,1;2;3;4;5;8;11;12;13;14;18;19;20;21;22;23;24;25,some_pairs_outside_full_blocks,14.314824048745368,0.41851549418246492,0.91178107075288251,,,0,bootstrap_unavailable,0,False,0,inherited_not_established,,,,,,,,all_years_common,994,9,3,4,False,0,1;4;2;2,8;11;12;13;14;18;19;23;24,insufficient_calendar_coverage,19.221185886240271,0.34058246185110619,0.8520224104088272,,,0,bootstrap_unavailable,0,False,0,inherited_not_established,,,,,,,,4.9063618374949023,-0.077933032331358731
2,2018,2020,pairwise,D2,1010,18,4,5,True,14,0,5;1;4;8,1;2;3;4;5;8;11;12;13;14;18;19;20;21;22;23;24;25,some_pairs_outside_full_blocks,1.9045556366760614,0.21303440286206055,0.93292206915047748,,,0,bootstrap_unavailable,0,False,0,inherited_not_established,,,,,,,,all_years_common,1010,9,3,4,False,0,1;4;2;2,8;11;12;13;14;18;19;23;24,insufficient_calendar_coverage,4.3786700348593506,0.35943299243127314,0.88842366462078348,,,0,bootstrap_unavailable,0,False,0,inherited_not_established,,,,,,,,2.4741143981832892,0.14639858956921259
2,2018,2020,pairwise,D3,1026,18,4,5,True,14,0,5;1;4;8,1;2;3;4;5;8;11;12;13;14;18;19;20;21;22;23;24;25,some_pairs_outside_full_blocks,-0.028767186325727057,0.63268843886427284,0.77010067945306027,,,0,bootstrap_unavailable,0,False,0,inherited_not_established,,,,,,,,all_years_common,1026,9,3,4,False,0,1;4;2;2,8;11;12;13;14;18;19;23;24,insufficient_calendar_coverage,2.9076630427583829,1.7858640976812268,0.70213916589076553,,,0,bootstrap_unavailable,0,False,0,inherited_not_established,,,,,,,,2.93643022908411,1.1531756588169539
2,2019,2020,pairwise,D1,994,15,4,4,True,7,6,12;2;1,8;9;10;11;12;13;14;15;16;17;18;19;23;24;28,some_pairs_outside_full_blocks,13.436619845425611,-1.595828679277199,0.76607761020324483,,,0,bootstrap_unavailable,0,False,0,inherited_not_established,,,,,,,,all_years_common,994,9,3,4,False,0,1;4;2;2,8;11;12;13;14;18;19;23;24,insufficient_calendar_coverage,13.057383868065287,-1.0285640338702038,0.65540894018637763,,,0,bootstrap_unavailable,0,False,0,inherited_not_established,,,,,,,,-0.37923597736032377,0.56726464540699517
2,2019,2020,pairwise,D2,1010,15,4,4,True,7,6,12;2;1,8;9;10;11;12;13;14;15;16;17;18;19;23;24;28,some_pairs_outside_full_blocks,10.226399069776198,-2.1686337021294086,0.8369813092185947,,,0,bootstrap_unavailable,0,False,0,inherited_not_established,,,,,,,,all_years_common,1010,9,3,4,False,0,1;4;2;2,8;11;12;13;14;18;19;23;24,insufficient_calendar_coverage,7.8890501321183102,-1.9580380091291225,0.75959670580216587,,,0,bootstrap_unavailable,0,False,0,inherited_not_established,,,,,,,,-2.3373489376578878,0.21059569300028613
2,2019,2020,pairwise,D3,1026,15,4,4,True,7,6,12;2;1,8;9;10;11;12;13;14;15;16;17;18;19;23;24;28,some_pairs_outside_full_blocks,4.5240009894340769,-3.1580463983881515,0.80713389235184574,,,0,bootstrap_unavailable,0,False,0,inherited_not_established,,,,,,,,all_years_common,1026,9,3,4,False,0,1;4;2;2,8;11;12;13;14;18;19;23;24,insufficient_calendar_coverage,3.9089891694011865,-3.8822522367004879,0.72466158900132827,,,0,bootstrap_unavailable,0,False,0,inherited_not_established,,,,,,,,-0.61501182003289045,-0.72420583831233643
2,2019,2020,pairwise,D1,994,15,4,4,True,3,10,12;2;1,8;9;10;11;12;13;14;15;16;17;18;19;23;24;28,some_pairs_outside_full_blocks,13.436619845425611,-1.595828679277199,0.76607761020324483,,,0,bootstrap_unavailable,0,False,0,inherited_not_established,,,,,,,,all_years_common,994,9,3,4,False,2,1;4;2;2,8;11;12;13;14;18;19;23;24,insufficient_calendar_coverage,13.057383868065287,-1.0285640338702038,0.65540894018637763,,,0,bootstrap_unavailable,0,False,0,inherited_not_established,,,,,,,,-0.37923597736032377,0.56726464540699517
2,2019,2020,pairwise,D2,1010,15,4,4,True,3,10,12;2;1,8;9;10;11;12;13;14;15;16;17;18;19;23;24;28,some_pairs_outside_full_blocks,10.226399069776198,-2.1686337021294086,0.8369813092185947,,,0,bootstrap_unavailable,0,False,0,inherited_not_established,,,,,,,,all_years_common,1010,9,3,4,False,2,1;4;2;2,8;11;12;13;14;18;19;23;24,insufficient_calendar_coverage,7.8890501321183102,-1.9580380091291225,0.75959670580216587,,,0,bootstrap_unavailable,0,False,0,inherited_not_established,,,,,,,,-2.3373489376578878,0.21059569300028613
2,2019,2020,pairwise,D3,1026,15,4,4,True,3,10,12;2;1,8;9;10;11;12;13;14;15;16;17;18;19;23;24;28,some_pairs_outside_full_blocks,4.5240009894340769,-3.1580463983881515,0.80713389235184574,,,0,bootstrap_unavailable,0,False,0,inherited_not_established,,,,,,,,all_years_common,1026,9,3,4,False,2,1;4;2;2,8;11;12;13;14;18;19;23;24,insufficient_calendar_coverage,3.9089891694011865,-3.8822522367004879,0.72466158900132827,,,0,bootstrap_unavailable,0,False,0,inherited_not_established,,,,,,,,-0.61501182003289045,-0.72420583831233643
2,2019,2020,pairwise,D1,994,15,4,4,True,14,0,12;2;1,8;9;10;11;12;13;14;15;16;17;18;19;23;24;28,some_pairs_outside_full_blocks,13.436619845425611,-1.595828679277199,0.76607761020324483,,,0,bootstrap_unavailable,0,False,0,inherited_not_established,,,,,,,,all_years_common,994,9,3,4,False,0,1;4;2;2,8;11;12;13;14;18;19;23;24,insufficient_calendar_coverage,13.057383868065287,-1.0285640338702038,0.65540894018637763,,,0,bootstrap_unavailable,0,False,0,inherited_not_established,,,,,,,,-0.37923597736032377,0.56726464540699517
2,2019,2020,pairwise,D2,1010,15,4,4,True,14,0,12;2;1,8;9;10;11;12;13;14;15;16;17;18;19;23;24;28,some_pairs_outside_full_blocks,10.226399069776198,-2.1686337021294086,0.8369813092185947,,,0,bootstrap_unavailable,0,False,0,inherited_not_established,,,,,,,,all_years_common,1010,9,3,4,False,0,1;4;2;2,8;11;12;13;14;18;19;23;24,insufficient_calendar_coverage,7.8890501321183102,-1.9580380091291225,0.75959670580216587,,,0,bootstrap_unavailable,0,False,0,inherited_not_established,,,,,,,,-2.3373489376578878,0.21059569300028613
2,2019,2020,pairwise,D3,1026,15,4,4,True,14,0,12;2;1,8;9;10;11;12;13;14;15;16;17;18;19;23;24;28,some_pairs_outside_full_blocks,4.5240009894340769,-3.1580463983881515,0.80713389235184574,,,0,bootstrap_unavailable,0,False,0,inherited_not_established,,,,,,,,all_years_common,1026,9,3,4,False,0,1;4;2;2,8;11;12;13;14;18;19;23;24,insufficient_calendar_coverage,3.9089891694011865,-3.8822522367004879,0.72466158900132827,,,0,bootstrap_unavailable,0,False,0,inherited_not_established,,,,,,,,-0.61501182003289045,-0.72420583831233643
3,2018,2019,pairwise,D1,994,18,5,5,True,7,0,5;5;6;2,1;2;3;4;5;15;16;17;18;19;22;23;24;25;26;27;30;31,some_pairs_outside_full_blocks,2.5838624763799185,0.0037501396508865525,0.8550361408109225,,,0,bootstrap_unavailable,0,False,0,inherited_not_established,,,,,,,,all_years_common,994,16,5,5,True,0,5;5;4;2,1;2;3;4;5;15;16;17;18;19;22;23;24;25;30;31,some_pairs_outside_full_blocks,3.4561392639945865,0.18454093136719329,0.84641973738757259,,,0,bootstrap_unavailable,0,False,0,inherited_not_established,,,,,,,,0.87227678761466798,0.18079079171630674
3,2018,2019,pairwise,D2,1010,18,5,5,True,7,0,5;5;6;2,1;2;3;4;5;15;16;17;18;19;22;23;24;25;26;27;30;31,some_pairs_outside_full_blocks,-4.9457861158407947,0.48111296646640334,0.96700638358399116,,,0,bootstrap_unavailable,0,False,0,inherited_not_established,,,,,,,,all_years_common,1010,16,5,5,True,0,5;5;4;2,1;2;3;4;5;15;16;17;18;19;22;23;24;25;30;31,some_pairs_outside_full_blocks,-2.8193129660257448,0.56320285122825808,0.96641043861546416,,,0,bootstrap_unavailable,0,False,0,inherited_not_established,,,,,,,,2.12647314981505,0.082089884761854748
3,2018,2019,pairwise,D3,1026,18,5,5,True,7,0,5;5;6;2,1;2;3;4;5;15;16;17;18;19;22;23;24;25;26;27;30;31,some_pairs_outside_full_blocks,-2.0834939369970602,1.6903140713077658,0.9488890806330792,,,0,bootstrap_unavailable,0,False,0,inherited_not_established,,,,,,,,all_years_common,1026,16,5,5,True,0,5;5;4;2,1;2;3;4;5;15;16;17;18;19;22;23;24;25;30;31,some_pairs_outside_full_blocks,-1.3827791503914781,1.6885859602907392,0.94313939186790396,,,0,bootstrap_unavailable,0,False,0,inherited_not_established,,,,,,,,0.70071478660558206,-0.0017281110170266345
3,2018,2019,pairwise,D1,994,18,5,5,True,3,10,5;5;6;2,1;2;3;4;5;15;16;17;18;19;22;23;24;25;26;27;30;31,some_pairs_outside_full_blocks,2.5838624763799185,0.0037501396508865525,0.8550361408109225,,,0,bootstrap_unavailable,0,False,0,inherited_not_established,,,,,,,,all_years_common,994,16,5,5,True,8,5;5;4;2,1;2;3;4;5;15;16;17;18;19;22;23;24;25;30;31,some_pairs_outside_full_blocks,3.4561392639945865,0.18454093136719329,0.84641973738757259,,,0,bootstrap_unavailable,0,False,0,inherited_not_established,,,,,,,,0.87227678761466798,0.18079079171630674
3,2018,2019,pairwise,D2,1010,18,5,5,True,3,10,5;5;6;2,1;2;3;4;5;15;16;17;18;19;22;23;24;25;26;27;30;31,some_pairs_outside_full_blocks,-4.9457861158407947,0.48111296646640334,0.96700638358399116,,,0,bootstrap_unavailable,0,False,0,inherited_not_established,,,,,,,,all_years_common,1010,16,5,5,True,8,5;5;4;2,1;2;3;4;5;15;16;17;18;19;22;23;24;25;30;31,some_pairs_outside_full_blocks,-2.8193129660257448,0.56320285122825808,0.96641043861546416,,,0,bootstrap_unavailable,0,False,0,inherited_not_established,,,,,,,,2.12647314981505,0.082089884761854748
3,2018,2019,pairwise,D3,1026,18,5,5,True,3,10,5;5;6;2,1;2;3;4;5;15;16;17;18;19;22;23;24;25;26;27;30;31,some_pairs_outside_full_blocks,-2.0834939369970602,1.6903140713077658,0.9488890806330792,,,0,bootstrap_unavailable,0,False,0,inherited_not_established,,,,,,,,all_years_common,1026,16,5,5,True,8,5;5;4;2,1;2;3;4;5;15;16;17;18;19;22;23;24;25;30;31,some_pairs_outside_full_blocks,-1.3827791503914781,1.6885859602907392,0.94313939186790396,,,0,bootstrap_unavailable,0,False,0,inherited_not_established,,,,,,,,0.70071478660558206,-0.0017281110170266345
3,2018,2019,pairwise,D1,994,18,5,5,True,14,0,5;5;6;2,1;2;3;4;5;15;16;17;18;19;22;23;24;25;26;27;30;31,some_pairs_outside_full_blocks,2.5838624763799185,0.0037501396508865525,0.8550361408109225,,,0,bootstrap_unavailable,0,False,0,inherited_not_established,,,,,,,,all_years_common,994,16,5,5,True,0,5;5;4;2,1;2;3;4;5;15;16;17;18;19;22;23;24;25;30;31,some_pairs_outside_full_blocks,3.4561392639945865,0.18454093136719329,0.84641973738757259,,,0,bootstrap_unavailable,0,False,0,inherited_not_established,,,,,,,,0.87227678761466798,0.18079079171630674
3,2018,2019,pairwise,D2,1010,18,5,5,True,14,0,5;5;6;2,1;2;3;4;5;15;16;17;18;19;22;23;24;25;26;27;30;31,some_pairs_outside_full_blocks,-4.9457861158407947,0.48111296646640334,0.96700638358399116,,,0,bootstrap_unavailable,0,False,0,inherited_not_established,,,,,,,,all_years_common,1010,16,5,5,True,0,5;5;4;2,1;2;3;4;5;15;16;17;18;19;22;23;24;25;30;31,some_pairs_outside_full_blocks,-2.8193129660257448,0.56320285122825808,0.96641043861546416,,,0,bootstrap_unavailable,0,False,0,inherited_not_established,,,,,,,,2.12647314981505,0.082089884761854748
3,2018,2019,pairwise,D3,1026,18,5,5,True,14,0,5;5;6;2,1;2;3;4;5;15;16;17;18;19;22;23;24;25;26;27;30;31,some_pairs_outside_full_blocks,-2.0834939369970602,1.6903140713077658,0.9488890806330792,,,0,bootstrap_unavailable,0,False,0,inherited_not_established,,,,,,,,all_years_common,1026,16,5,5,True,0,5;5;4;2,1;2;3;4;5;15;16;17;18;19;22;23;24;25;30;31,some_pairs_outside_full_blocks,-1.3827791503914781,1.6885859602907392,0.94313939186790396,,,0,bootstrap_unavailable,0,False,0,inherited_not_established,,,,,,,,0.70071478660558206,-0.0017281110170266345
3,2018,2020,pairwise,D1,994,18,5,6,True,7,1,7;5;4;2,1;2;3;4;5;6;7;15;16;17;18;19;22;23;24;25;30;31,some_pairs_outside_full_blocks,-1.1161472765744236,-0.84907499459626834,0.9008595238323347,,,0,bootstrap_unavailable,0,False,0,inherited_not_established,,,,,,,,all_years_common,994,16,5,6,True,0,5;5;4;2,1;2;3;4;5;15;16;17;18;19;22;23;24;25;30;31,some_pairs_outside_full_blocks,-1.1161472765744236,-0.90277487360007136,0.88999011092174429,,,0,bootstrap_unavailable,0,False,0,inherited_not_established,,,,,,,,0,-0.053699879003803019
3,2018,2020,pairwise,D2,1010,18,5,6,True,7,1,7;5;4;2,1;2;3;4;5;6;7;15;16;17;18;19;22;23;24;25;30;31,some_pairs_outside_full_blocks,-5.7446354610358679,-0.32289402480276586,0.98680556211952331,,,0,bootstrap_unavailable,0,False,0,inherited_not_established,,,,,,,,all_years_common,1010,16,5,6,True,0,5;5;4;2,1;2;3;4;5;15;16;17;18;19;22;23;24;25;30;31,some_pairs_outside_full_blocks,-6.8070219000669709,-0.32743051730306938,0.98540836011376665,,,0,bootstrap_unavailable,0,False,0,inherited_not_established,,,,,,,,-1.0623864390311031,-0.0045364925003035239
3,2018,2020,pairwise,D3,1026,18,5,6,True,7,1,7;5;4;2,1;2;3;4;5;6;7;15;16;17;18;19;22;23;24;25;30;31,some_pairs_outside_full_blocks,-1.832915385401261,0.37860999577726595,0.96793267862955379,,,0,bootstrap_unavailable,0,False,0,inherited_not_established,,,,,,,,all_years_common,1026,16,5,6,True,0,5;5;4;2,1;2;3;4;5;15;16;17;18;19;22;23;24;25;30;31,some_pairs_outside_full_blocks,-2.4325110741012699,0.48003707058760448,0.96704893151324145,,,0,bootstrap_unavailable,0,False,0,inherited_not_established,,,,,,,,-0.5995956887000089,0.10142707481033852
3,2018,2020,pairwise,D1,994,18,5,6,True,3,10,7;5;4;2,1;2;3;4;5;6;7;15;16;17;18;19;22;23;24;25;30;31,some_pairs_outside_full_blocks,-1.1161472765744236,-0.84907499459626834,0.9008595238323347,,,0,bootstrap_unavailable,0,False,0,inherited_not_established,,,,,,,,all_years_common,994,16,5,6,True,8,5;5;4;2,1;2;3;4;5;15;16;17;18;19;22;23;24;25;30;31,some_pairs_outside_full_blocks,-1.1161472765744236,-0.90277487360007136,0.88999011092174429,,,0,bootstrap_unavailable,0,False,0,inherited_not_established,,,,,,,,0,-0.053699879003803019
3,2018,2020,pairwise,D2,1010,18,5,6,True,3,10,7;5;4;2,1;2;3;4;5;6;7;15;16;17;18;19;22;23;24;25;30;31,some_pairs_outside_full_blocks,-5.7446354610358679,-0.32289402480276586,0.98680556211952331,,,0,bootstrap_unavailable,0,False,0,inherited_not_established,,,,,,,,all_years_common,1010,16,5,6,True,8,5;5;4;2,1;2;3;4;5;15;16;17;18;19;22;23;24;25;30;31,some_pairs_outside_full_blocks,-6.8070219000669709,-0.32743051730306938,0.98540836011376665,,,0,bootstrap_unavailable,0,False,0,inherited_not_established,,,,,,,,-1.0623864390311031,-0.0045364925003035239
3,2018,2020,pairwise,D3,1026,18,5,6,True,3,10,7;5;4;2,1;2;3;4;5;6;7;15;16;17;18;19;22;23;24;25;30;31,some_pairs_outside_full_blocks,-1.832915385401261,0.37860999577726595,0.96793267862955379,,,0,bootstrap_unavailable,0,False,0,inherited_not_established,,,,,,,,all_years_common,1026,16,5,6,True,8,5;5;4;2,1;2;3;4;5;15;16;17;18;19;22;23;24;25;30;31,some_pairs_outside_full_blocks,-2.4325110741012699,0.48003707058760448,0.96704893151324145,,,0,bootstrap_unavailable,0,False,0,inherited_not_established,,,,,,,,-0.5995956887000089,0.10142707481033852
3,2018,2020,pairwise,D1,994,18,5,6,True,14,0,7;5;4;2,1;2;3;4;5;6;7;15;16;17;18;19;22;23;24;25;30;31,some_pairs_outside_full_blocks,-1.1161472765744236,-0.84907499459626834,0.9008595238323347,,,0,bootstrap_unavailable,0,False,0,inherited_not_established,,,,,,,,all_years_common,994,16,5,6,True,0,5;5;4;2,1;2;3;4;5;15;16;17;18;19;22;23;24;25;30;31,some_pairs_outside_full_blocks,-1.1161472765744236,-0.90277487360007136,0.88999011092174429,,,0,bootstrap_unavailable,0,False,0,inherited_not_established,,,,,,,,0,-0.053699879003803019
3,2018,2020,pairwise,D2,1010,18,5,6,True,14,0,7;5;4;2,1;2;3;4;5;6;7;15;16;17;18;19;22;23;24;25;30;31,some_pairs_outside_full_blocks,-5.7446354610358679,-0.32289402480276586,0.98680556211952331,,,0,bootstrap_unavailable,0,False,0,inherited_not_established,,,,,,,,all_years_common,1010,16,5,6,True,0,5;5;4;2,1;2;3;4;5;15;16;17;18;19;22;23;24;25;30;31,some_pairs_outside_full_blocks,-6.8070219000669709,-0.32743051730306938,0.98540836011376665,,,0,bootstrap_unavailable,0,False,0,inherited_not_established,,,,,,,,-1.0623864390311031,-0.0045364925003035239
3,2018,2020,pairwise,D3,1026,18,5,6,True,14,0,7;5;4;2,1;2;3;4;5;6;7;15;16;17;18;19;22;23;24;25;30;31,some_pairs_outside_full_blocks,-1.832915385401261,0.37860999577726595,0.96793267862955379,,,0,bootstrap_unavailable,0,False,0,inherited_not_established,,,,,,,,all_years_common,1026,16,5,6,True,0,5;5;4;2,1;2;3;4;5;15;16;17;18;19;22;23;24;25;30;31,some_pairs_outside_full_blocks,-2.4325110741012699,0.48003707058760448,0.96704893151324145,,,0,bootstrap_unavailable,0,False,0,inherited_not_established,,,,,,,,-0.5995956887000089,0.10142707481033852
3,2019,2020,pairwise,D1,994,25,5,6,True,7,7,5;3;13;4,1;2;3;4;5;8;9;10;13;14;15;16;17;18;19;20;21;22;23;24;25;28;29;30;31,some_pairs_outside_full_blocks,-2.4745344437839449,-1.0141766918385908,0.97883944546218016,,,0,bootstrap_unavailable,0,False,0,inherited_not_established,,,,,,,,all_years_common,994,16,5,6,True,0,5;5;4;2,1;2;3;4;5;15;16;17;18;19;22;23;24;25;30;31,some_pairs_outside_full_blocks,-3.9966515955453854,-1.0664506431068688,0.98479540578963276,,,0,bootstrap_unavailable,0,False,0,inherited_not_established,,,,,,,,-1.5221171517614405,-0.052273951268277941
3,2019,2020,pairwise,D2,1010,25,5,6,True,7,7,5;3;13;4,1;2;3;4;5;8;9;10;13;14;15;16;17;18;19;20;21;22;23;24;25;28;29;30;31,some_pairs_outside_full_blocks,-3.1621889830279812,-0.88388384754289007,0.97936177899307897,,,0,bootstrap_unavailable,0,False,0,inherited_not_established,,,,,,,,all_years_common,1010,16,5,6,True,0,5;5;4;2,1;2;3;4;5;15;16;17;18;19;22;23;24;25;30;31,some_pairs_outside_full_blocks,-4.1118103643876491,-0.88779911603346306,0.98344611958641392,,,0,bootstrap_unavailable,0,False,0,inherited_not_established,,,,,,,,-0.94962138135966789,-0.0039152684905729984
3,2019,2020,pairwise,D3,1026,25,5,6,True,7,7,5;3;13;4,1;2;3;4;5;8;9;10;13;14;15;16;17;18;19;20;21;22;23;24;25;28;29;30;31,some_pairs_outside_full_blocks,0.069454670220274295,-1.0532718596416153,0.93783100358475824,,,0,bootstrap_unavailable,0,False,0,inherited_not_established,,,,,,,,all_years_common,1026,16,5,6,True,0,5;5;4;2,1;2;3;4;5;15;16;17;18;19;22;23;24;25;30;31,some_pairs_outside_full_blocks,-1.3787489356533165,-1.164060131541067,0.91766295135532516,,,0,bootstrap_unavailable,0,False,0,inherited_not_established,,,,,,,,-1.4482036058735908,-0.11078827189945173
3,2019,2020,pairwise,D1,994,25,5,6,True,3,17,5;3;13;4,1;2;3;4;5;8;9;10;13;14;15;16;17;18;19;20;21;22;23;24;25;28;29;30;31,ok,-2.4745344437839449,-1.0141766918385908,0.97883944546218016,-4.7249072002229155,-0.10183134983696007,-1,ok,-1,True,0,inherited_not_established,-1.2551107875408549,-0.55086687318361471,-1.255110787540854,-0.55086687318361527,False,0,0.99887385488594171,all_years_common,994,16,5,6,True,8,5;5;4;2,1;2;3;4;5;15;16;17;18;19;22;23;24;25;30;31,some_pairs_outside_full_blocks,-3.9966515955453854,-1.0664506431068688,0.98479540578963276,,,0,bootstrap_unavailable,0,False,0,inherited_not_established,,,,,,,,-1.5221171517614405,-0.052273951268277941
3,2019,2020,pairwise,D2,1010,25,5,6,True,3,17,5;3;13;4,1;2;3;4;5;8;9;10;13;14;15;16;17;18;19;20;21;22;23;24;25;28;29;30;31,ok,-3.1621889830279812,-0.88388384754289007,0.97936177899307897,-6.0349184236059585,-0.51063640687479506,-1,ok,-1,True,0,inherited_not_established,-1.1848229126729959,-0.40400227579577852,-1.1848229126729954,-0.4040022757957793,False,0,0.99863267469225048,all_years_common,1010,16,5,6,True,8,5;5;4;2,1;2;3;4;5;15;16;17;18;19;22;23;24;25;30;31,some_pairs_outside_full_blocks,-4.1118103643876491,-0.88779911603346306,0.98344611958641392,,,0,bootstrap_unavailable,0,False,0,inherited_not_established,,,,,,,,-0.94962138135966789,-0.0039152684905729984
3,2019,2020,pairwise,D3,1026,25,5,6,True,3,17,5;3;13;4,1;2;3;4;5;8;9;10;13;14;15;16;17;18;19;20;21;22;23;24;25;28;29;30;31,ok,0.069454670220274295,-1.0532718596416153,0.93783100358475824,-4.1579638060661228,2.4139860896786383,0,ok,-1,True,0,inherited_not_established,-1.7383287777808374,-0.30390363224218386,-1.7383287777808381,-0.30390363224218397,False,0,0.99521420664003257,all_years_common,1026,16,5,6,True,8,5;5;4;2,1;2;3;4;5;15;16;17;18;19;22;23;24;25;30;31,some_pairs_outside_full_blocks,-1.3787489356533165,-1.164060131541067,0.91766295135532516,,,0,bootstrap_unavailable,0,False,0,inherited_not_established,,,,,,,,-1.4482036058735908,-0.11078827189945173
3,2019,2020,pairwise,D1,994,25,5,6,True,14,0,5;3;13;4,1;2;3;4;5;8;9;10;13;14;15;16;17;18;19;20;21;22;23;24;25;28;29;30;31,some_pairs_outside_full_blocks,-2.4745344437839449,-1.0141766918385908,0.97883944546218016,,,0,bootstrap_unavailable,0,False,0,inherited_not_established,,,,,,,,all_years_common,994,16,5,6,True,0,5;5;4;2,1;2;3;4;5;15;16;17;18;19;22;23;24;25;30;31,some_pairs_outside_full_blocks,-3.9966515955453854,-1.0664506431068688,0.98479540578963276,,,0,bootstrap_unavailable,0,False,0,inherited_not_established,,,,,,,,-1.5221171517614405,-0.052273951268277941
3,2019,2020,pairwise,D2,1010,25,5,6,True,14,0,5;3;13;4,1;2;3;4;5;8;9;10;13;14;15;16;17;18;19;20;21;22;23;24;25;28;29;30;31,some_pairs_outside_full_blocks,-3.1621889830279812,-0.88388384754289007,0.97936177899307897,,,0,bootstrap_unavailable,0,False,0,inherited_not_established,,,,,,,,all_years_common,1010,16,5,6,True,0,5;5;4;2,1;2;3;4;5;15;16;17;18;19;22;23;24;25;30;31,some_pairs_outside_full_blocks,-4.1118103643876491,-0.88779911603346306,0.98344611958641392,,,0,bootstrap_unavailable,0,False,0,inherited_not_established,,,,,,,,-0.94962138135966789,-0.0039152684905729984
3,2019,2020,pairwise,D3,1026,25,5,6,True,14,0,5;3;13;4,1;2;3;4;5;8;9;10;13;14;15;16;17;18;19;20;21;22;23;24;25;28;29;30;31,some_pairs_outside_full_blocks,0.069454670220274295,-1.0532718596416153,0.93783100358475824,,,0,bootstrap_unavailable,0,False,0,inherited_not_established,,,,,,,,all_years_common,1026,16,5,6,True,0,5;5;4;2,1;2;3;4;5;15;16;17;18;19;22;23;24;25;30;31,some_pairs_outside_full_blocks,-1.3787489356533165,-1.164060131541067,0.91766295135532516,,,0,bootstrap_unavailable,0,False,0,inherited_not_established,,,,,,,,-1.4482036058735908,-0.11078827189945173
4,2018,2019,pairwise,D1,994,21,5,5,True,7,9,15;2;4,3;4;5;6;7;8;9;10;11;12;13;14;15;16;17;20;21;27;28;29;30,some_pairs_outside_full_blocks,-1.1034002921980104,-0.26622427350674194,0.83295857083698888,,,0,bootstrap_unavailable,0,False,0,inherited_not_established,,,,,,,,all_years_common,994,20,4,5,True,9,15;2;3,3;4;5;6;7;8;9;10;11;12;13;14;15;16;17;20;21;27;28;29,some_pairs_outside_full_blocks,-1.3442915993728892,-0.32405528565448982,0.82629140776899812,,,0,bootstrap_unavailable,0,False,0,inherited_not_established,,,,,,,,-0.24089130717487883,-0.057831012147747884
4,2018,2019,pairwise,D2,1010,21,5,5,True,7,9,15;2;4,3;4;5;6;7;8;9;10;11;12;13;14;15;16;17;20;21;27;28;29;30,some_pairs_outside_full_blocks,-5.1461056221428052,0.29034469711166189,0.8904565339139261,,,0,bootstrap_unavailable,0,False,0,inherited_not_established,,,,,,,,all_years_common,1010,20,4,5,True,9,15;2;3,3;4;5;6;7;8;9;10;11;12;13;14;15;16;17;20;21;27;28;29,some_pairs_outside_full_blocks,-5.2607108667804781,0.26698689388121544,0.88528984366636332,,,0,bootstrap_unavailable,0,False,0,inherited_not_established,,,,,,,,-0.11460524463767285,-0.02335780323044645
4,2018,2019,pairwise,D3,1026,21,5,5,True,7,9,15;2;4,3;4;5;6;7;8;9;10;11;12;13;14;15;16;17;20;21;27;28;29;30,some_pairs_outside_full_blocks,-3.5789034531504083,1.1409619011365617,0.84482892416130406,,,0,bootstrap_unavailable,0,False,0,inherited_not_established,,,,,,,,all_years_common,1026,20,4,5,True,9,15;2;3,3;4;5;6;7;8;9;10;11;12;13;14;15;16;17;20;21;27;28;29,some_pairs_outside_full_blocks,-3.9045517440860111,1.2071648108026558,0.83935935576886567,,,0,bootstrap_unavailable,0,False,0,inherited_not_established,,,,,,,,-0.32564829093560288,0.066202909666094101
4,2018,2019,pairwise,D1,994,21,5,5,True,3,15,15;2;4,3;4;5;6;7;8;9;10;11;12;13;14;15;16;17;20;21;27;28;29;30,some_pairs_outside_full_blocks,-1.1034002921980104,-0.26622427350674194,0.83295857083698888,,,0,bootstrap_unavailable,0,False,0,inherited_not_established,,,,,,,,all_years_common,994,20,4,5,True,14,15;2;3,3;4;5;6;7;8;9;10;11;12;13;14;15;16;17;20;21;27;28;29,some_pairs_outside_full_blocks,-1.3442915993728892,-0.32405528565448982,0.82629140776899812,,,0,bootstrap_unavailable,0,False,0,inherited_not_established,,,,,,,,-0.24089130717487883,-0.057831012147747884
4,2018,2019,pairwise,D2,1010,21,5,5,True,3,15,15;2;4,3;4;5;6;7;8;9;10;11;12;13;14;15;16;17;20;21;27;28;29;30,some_pairs_outside_full_blocks,-5.1461056221428052,0.29034469711166189,0.8904565339139261,,,0,bootstrap_unavailable,0,False,0,inherited_not_established,,,,,,,,all_years_common,1010,20,4,5,True,14,15;2;3,3;4;5;6;7;8;9;10;11;12;13;14;15;16;17;20;21;27;28;29,some_pairs_outside_full_blocks,-5.2607108667804781,0.26698689388121544,0.88528984366636332,,,0,bootstrap_unavailable,0,False,0,inherited_not_established,,,,,,,,-0.11460524463767285,-0.02335780323044645
4,2018,2019,pairwise,D3,1026,21,5,5,True,3,15,15;2;4,3;4;5;6;7;8;9;10;11;12;13;14;15;16;17;20;21;27;28;29;30,some_pairs_outside_full_blocks,-3.5789034531504083,1.1409619011365617,0.84482892416130406,,,0,bootstrap_unavailable,0,False,0,inherited_not_established,,,,,,,,all_years_common,1026,20,4,5,True,14,15;2;3,3;4;5;6;7;8;9;10;11;12;13;14;15;16;17;20;21;27;28;29,some_pairs_outside_full_blocks,-3.9045517440860111,1.2071648108026558,0.83935935576886567,,,0,bootstrap_unavailable,0,False,0,inherited_not_established,,,,,,,,-0.32564829093560288,0.066202909666094101
4,2018,2019,pairwise,D1,994,21,5,5,True,14,2,15;2;4,3;4;5;6;7;8;9;10;11;12;13;14;15;16;17;20;21;27;28;29;30,some_pairs_outside_full_blocks,-1.1034002921980104,-0.26622427350674194,0.83295857083698888,,,0,bootstrap_unavailable,0,False,0,inherited_not_established,,,,,,,,all_years_common,994,20,4,5,True,2,15;2;3,3;4;5;6;7;8;9;10;11;12;13;14;15;16;17;20;21;27;28;29,some_pairs_outside_full_blocks,-1.3442915993728892,-0.32405528565448982,0.82629140776899812,,,0,bootstrap_unavailable,0,False,0,inherited_not_established,,,,,,,,-0.24089130717487883,-0.057831012147747884
4,2018,2019,pairwise,D2,1010,21,5,5,True,14,2,15;2;4,3;4;5;6;7;8;9;10;11;12;13;14;15;16;17;20;21;27;28;29;30,some_pairs_outside_full_blocks,-5.1461056221428052,0.29034469711166189,0.8904565339139261,,,0,bootstrap_unavailable,0,False,0,inherited_not_established,,,,,,,,all_years_common,1010,20,4,5,True,2,15;2;3,3;4;5;6;7;8;9;10;11;12;13;14;15;16;17;20;21;27;28;29,some_pairs_outside_full_blocks,-5.2607108667804781,0.26698689388121544,0.88528984366636332,,,0,bootstrap_unavailable,0,False,0,inherited_not_established,,,,,,,,-0.11460524463767285,-0.02335780323044645
4,2018,2019,pairwise,D3,1026,21,5,5,True,14,2,15;2;4,3;4;5;6;7;8;9;10;11;12;13;14;15;16;17;20;21;27;28;29;30,some_pairs_outside_full_blocks,-3.5789034531504083,1.1409619011365617,0.84482892416130406,,,0,bootstrap_unavailable,0,False,0,inherited_not_established,,,,,,,,all_years_common,1026,20,4,5,True,2,15;2;3,3;4;5;6;7;8;9;10;11;12;13;14;15;16;17;20;21;27;28;29,some_pairs_outside_full_blocks,-3.9045517440860111,1.2071648108026558,0.83935935576886567,,,0,bootstrap_unavailable,0,False,0,inherited_not_established,,,,,,,,-0.32564829093560288,0.066202909666094101
4,2018,2020,pairwise,D1,994,25,4,5,True,7,13,15;10,3;4;5;6;7;8;9;10;11;12;13;14;15;16;17;20;21;22;23;24;25;26;27;28;29,ok,0.48666785726661033,-0.081441352659386013,0.84446551429703121,-1.9970801420811704,21.959855688532375,0,ok,0,False,0,inherited_not_established,-0.93304748966501583,0.90597953739437997,-0.93304748966501627,0.90597953739437997,False,0,0.99076170030793509,all_years_common,994,20,4,5,True,9,15;2;3,3;4;5;6;7;8;9;10;11;12;13;14;15;16;17;20;21;27;28;29,some_pairs_outside_full_blocks,-0.097511626086692615,-0.4602136875825078,0.82483540806391431,,,0,bootstrap_unavailable,0,False,0,inherited_not_established,,,,,,,,-0.58417948335330294,-0.37877233492312179
4,2018,2020,pairwise,D2,1010,25,4,5,True,7,13,15;10,3;4;5;6;7;8;9;10;11;12;13;14;15;16;17;20;21;22;23;24;25;26;27;28;29,ok,-4.0560749888380627,0.11100599557657631,0.91177129420305447,-11.82558438282285,8.5084106949236649,0,ok,0,False,0,inherited_not_established,-0.10436815139963004,0.35272243415619903,-0.10436815139962974,0.35272243415619897,False,0,0.99952007619160799,all_years_common,1010,20,4,5,True,9,15;2;3,3;4;5;6;7;8;9;10;11;12;13;14;15;16;17;20;21;27;28;29,some_pairs_outside_full_blocks,-6.3104717044691192,0.055238006516699301,0.89045766097262458,,,0,bootstrap_unavailable,0,False,0,inherited_not_established,,,,,,,,-2.2543967156310565,-0.05576798905987701
4,2018,2020,pairwise,D3,1026,25,4,5,True,7,13,15;10,3;4;5;6;7;8;9;10;11;12;13;14;15;16;17;20;21;22;23;24;25;26;27;28;29,ok,-1.9414123089970996,0.47080034469458099,0.88580213333476632,-7.7245836184186381,2.129489667417511,0,ok,0,False,0,inherited_not_established,-0.18023847442413876,1.4350414038665775,-0.18023847442413832,1.4350414038665775,False,0,0.99379983059751553,all_years_common,1026,20,4,5,True,9,15;2;3,3;4;5;6;7;8;9;10;11;12;13;14;15;16;17;20;21;27;28;29,some_pairs_outside_full_blocks,-2.5568266607094285,0.72291088085502686,0.86642124000615273,,,0,bootstrap_unavailable,0,False,0,inherited_not_established,,,,,,,,-0.61541435171232894,0.25211053616044587
4,2018,2020,pairwise,D1,994,25,4,5,True,3,21,15;10,3;4;5;6;7;8;9;10;11;12;13;14;15;16;17;20;21;22;23;24;25;26;27;28;29,ok,0.48666785726661033,-0.081441352659386013,0.84446551429703121,-1.9970801420811704,4.4792457085742896,0,ok,0,False,0,inherited_not_established,-0.75151681007685278,0.718871506645963,-0.75151681007685234,0.71887150664596255,False,0,0.99506020208664747,all_years_common,994,20,4,5,True,14,15;2;3,3;4;5;6;7;8;9;10;11;12;13;14;15;16;17;20;21;27;28;29,some_pairs_outside_full_blocks,-0.097511626086692615,-0.4602136875825078,0.82483540806391431,,,0,bootstrap_unavailable,0,False,0,inherited_not_established,,,,,,,,-0.58417948335330294,-0.37877233492312179
4,2018,2020,pairwise,D2,1010,25,4,5,True,3,21,15;10,3;4;5;6;7;8;9;10;11;12;13;14;15;16;17;20;21;22;23;24;25;26;27;28;29,ok,-4.0560749888380627,0.11100599557657631,0.91177129420305447,-11.434250663384116,4.8356331384040345,0,ok,0,False,0,inherited_not_established,-0.065273624243531281,0.35497728621112512,-0.065273624243531003,0.35497728621112579,False,0,0.99961109438459872,all_years_common,1010,20,4,5,True,14,15;2;3,3;4;5;6;7;8;9;10;11;12;13;14;15;16;17;20;21;27;28;29,some_pairs_outside_full_blocks,-6.3104717044691192,0.055238006516699301,0.89045766097262458,,,0,bootstrap_unavailable,0,False,0,inherited_not_established,,,,,,,,-2.2543967156310565,-0.05576798905987701
4,2018,2020,pairwise,D3,1026,25,4,5,True,3,21,15;10,3;4;5;6;7;8;9;10;11;12;13;14;15;16;17;20;21;22;23;24;25;26;27;28;29,ok,-1.9414123089970996,0.47080034469458099,0.88580213333476632,-6.8361917143627444,2.129489667417511,0,ok,0,False,0,inherited_not_established,-0.029249594149190705,1.1634229989797404,-0.029249594149190372,1.1634229989797404,False,0,0.99677329671200321,all_years_common,1026,20,4,5,True,14,15;2;3,3;4;5;6;7;8;9;10;11;12;13;14;15;16;17;20;21;27;28;29,some_pairs_outside_full_blocks,-2.5568266607094285,0.72291088085502686,0.86642124000615273,,,0,bootstrap_unavailable,0,False,0,inherited_not_established,,,,,,,,-0.61541435171232894,0.25211053616044587
4,2018,2020,pairwise,D1,994,25,4,5,True,14,2,15;10,3;4;5;6;7;8;9;10;11;12;13;14;15;16;17;20;21;22;23;24;25;26;27;28;29,some_pairs_outside_full_blocks,0.48666785726661033,-0.081441352659386013,0.84446551429703121,,,0,bootstrap_unavailable,0,False,0,inherited_not_established,,,,,,,,all_years_common,994,20,4,5,True,2,15;2;3,3;4;5;6;7;8;9;10;11;12;13;14;15;16;17;20;21;27;28;29,some_pairs_outside_full_blocks,-0.097511626086692615,-0.4602136875825078,0.82483540806391431,,,0,bootstrap_unavailable,0,False,0,inherited_not_established,,,,,,,,-0.58417948335330294,-0.37877233492312179
4,2018,2020,pairwise,D2,1010,25,4,5,True,14,2,15;10,3;4;5;6;7;8;9;10;11;12;13;14;15;16;17;20;21;22;23;24;25;26;27;28;29,some_pairs_outside_full_blocks,-4.0560749888380627,0.11100599557657631,0.91177129420305447,,,0,bootstrap_unavailable,0,False,0,inherited_not_established,,,,,,,,all_years_common,1010,20,4,5,True,2,15;2;3,3;4;5;6;7;8;9;10;11;12;13;14;15;16;17;20;21;27;28;29,some_pairs_outside_full_blocks,-6.3104717044691192,0.055238006516699301,0.89045766097262458,,,0,bootstrap_unavailable,0,False,0,inherited_not_established,,,,,,,,-2.2543967156310565,-0.05576798905987701
4,2018,2020,pairwise,D3,1026,25,4,5,True,14,2,15;10,3;4;5;6;7;8;9;10;11;12;13;14;15;16;17;20;21;22;23;24;25;26;27;28;29,some_pairs_outside_full_blocks,-1.9414123089970996,0.47080034469458099,0.88580213333476632,,,0,bootstrap_unavailable,0,False,0,inherited_not_established,,,,,,,,all_years_common,1026,20,4,5,True,2,15;2;3,3;4;5;6;7;8;9;10;11;12;13;14;15;16;17;20;21;27;28;29,some_pairs_outside_full_blocks,-2.5568266607094285,0.72291088085502686,0.86642124000615273,,,0,bootstrap_unavailable,0,False,0,inherited_not_established,,,,,,,,-0.61541435171232894,0.25211053616044587
4,2019,2020,pairwise,D1,994,22,5,5,True,7,11,17;2;3,1;2;3;4;5;6;7;8;9;10;11;12;13;14;15;16;17;20;21;27;28;29,some_pairs_outside_full_blocks,0.35384290821351705,-0.50109276642056955,0.9038579297479562,,,0,bootstrap_unavailable,0,False,0,inherited_not_established,,,,,,,,all_years_common,994,20,5,5,True,9,15;2;3,3;4;5;6;7;8;9;10;11;12;13;14;15;16;17;20;21;27;28;29,some_pairs_outside_full_blocks,1.0213955770184775,-0.50309308193275015,0.89518663875358284,,,0,bootstrap_unavailable,0,False,0,inherited_not_established,,,,,,,,0.66755266880496045,-0.002000315512180606
4,2019,2020,pairwise,D2,1010,22,5,5,True,7,11,17;2;3,1;2;3;4;5;6;7;8;9;10;11;12;13;14;15;16;17;20;21;27;28;29,some_pairs_outside_full_blocks,-0.88156760712405635,-0.35142557027963583,0.98330638217084909,,,0,bootstrap_unavailable,0,False,0,inherited_not_established,,,,,,,,all_years_common,1010,20,5,5,True,9,15;2;3,3;4;5;6;7;8;9;10;11;12;13;14;15;16;17;20;21;27;28;29,some_pairs_outside_full_blocks,-0.59440867946279496,-0.31671393697745742,0.98207664398414785,,,0,bootstrap_unavailable,0,False,0,inherited_not_established,,,,,,,,0.28715892766126139,0.034711633302178413
4,2019,2020,pairwise,D3,1026,22,5,5,True,7,11,17;2;3,1;2;3;4;5;6;7;8;9;10;11;12;13;14;15;16;17;20;21;27;28;29,some_pairs_outside_full_blocks,-0.17098698571662752,-0.51571780683801549,0.97429889379426249,,,0,bootstrap_unavailable,0,False,0,inherited_not_established,,,,,,,,all_years_common,1026,20,5,5,True,9,15;2;3,3;4;5;6;7;8;9;10;11;12;13;14;15;16;17;20;21;27;28;29,some_pairs_outside_full_blocks,0.016991868419679257,-0.45456809150768507,0.97307783250341817,,,0,bootstrap_unavailable,0,False,0,inherited_not_established,,,,,,,,0.18797885413630677,0.061149715330330423
4,2019,2020,pairwise,D1,994,22,5,5,True,3,16,17;2;3,1;2;3;4;5;6;7;8;9;10;11;12;13;14;15;16;17;20;21;27;28;29,some_pairs_outside_full_blocks,0.35384290821351705,-0.50109276642056955,0.9038579297479562,,,0,bootstrap_unavailable,0,False,0,inherited_not_established,,,,,,,,all_years_common,994,20,5,5,True,14,15;2;3,3;4;5;6;7;8;9;10;11;12;13;14;15;16;17;20;21;27;28;29,some_pairs_outside_full_blocks,1.0213955770184775,-0.50309308193275015,0.89518663875358284,,,0,bootstrap_unavailable,0,False,0,inherited_not_established,,,,,,,,0.66755266880496045,-0.002000315512180606
4,2019,2020,pairwise,D2,1010,22,5,5,True,3,16,17;2;3,1;2;3;4;5;6;7;8;9;10;11;12;13;14;15;16;17;20;21;27;28;29,some_pairs_outside_full_blocks,-0.88156760712405635,-0.35142557027963583,0.98330638217084909,,,0,bootstrap_unavailable,0,False,0,inherited_not_established,,,,,,,,all_years_common,1010,20,5,5,True,14,15;2;3,3;4;5;6;7;8;9;10;11;12;13;14;15;16;17;20;21;27;28;29,some_pairs_outside_full_blocks,-0.59440867946279496,-0.31671393697745742,0.98207664398414785,,,0,bootstrap_unavailable,0,False,0,inherited_not_established,,,,,,,,0.28715892766126139,0.034711633302178413
4,2019,2020,pairwise,D3,1026,22,5,5,True,3,16,17;2;3,1;2;3;4;5;6;7;8;9;10;11;12;13;14;15;16;17;20;21;27;28;29,some_pairs_outside_full_blocks,-0.17098698571662752,-0.51571780683801549,0.97429889379426249,,,0,bootstrap_unavailable,0,False,0,inherited_not_established,,,,,,,,all_years_common,1026,20,5,5,True,14,15;2;3,3;4;5;6;7;8;9;10;11;12;13;14;15;16;17;20;21;27;28;29,some_pairs_outside_full_blocks,0.016991868419679257,-0.45456809150768507,0.97307783250341817,,,0,bootstrap_unavailable,0,False,0,inherited_not_established,,,,,,,,0.18797885413630677,0.061149715330330423
4,2019,2020,pairwise,D1,994,22,5,5,True,14,4,17;2;3,1;2;3;4;5;6;7;8;9;10;11;12;13;14;15;16;17;20;21;27;28;29,some_pairs_outside_full_blocks,0.35384290821351705,-0.50109276642056955,0.9038579297479562,,,0,bootstrap_unavailable,0,False,0,inherited_not_established,,,,,,,,all_years_common,994,20,5,5,True,2,15;2;3,3;4;5;6;7;8;9;10;11;12;13;14;15;16;17;20;21;27;28;29,some_pairs_outside_full_blocks,1.0213955770184775,-0.50309308193275015,0.89518663875358284,,,0,bootstrap_unavailable,0,False,0,inherited_not_established,,,,,,,,0.66755266880496045,-0.002000315512180606
4,2019,2020,pairwise,D2,1010,22,5,5,True,14,4,17;2;3,1;2;3;4;5;6;7;8;9;10;11;12;13;14;15;16;17;20;21;27;28;29,some_pairs_outside_full_blocks,-0.88156760712405635,-0.35142557027963583,0.98330638217084909,,,0,bootstrap_unavailable,0,False,0,inherited_not_established,,,,,,,,all_years_common,1010,20,5,5,True,2,15;2;3,3;4;5;6;7;8;9;10;11;12;13;14;15;16;17;20;21;27;28;29,some_pairs_outside_full_blocks,-0.59440867946279496,-0.31671393697745742,0.98207664398414785,,,0,bootstrap_unavailable,0,False,0,inherited_not_established,,,,,,,,0.28715892766126139,0.034711633302178413
4,2019,2020,pairwise,D3,1026,22,5,5,True,14,4,17;2;3,1;2;3;4;5;6;7;8;9;10;11;12;13;14;15;16;17;20;21;27;28;29,some_pairs_outside_full_blocks,-0.17098698571662752,-0.51571780683801549,0.97429889379426249,,,0,bootstrap_unavailable,0,False,0,inherited_not_established,,,,,,,,all_years_common,1026,20,5,5,True,2,15;2;3,3;4;5;6;7;8;9;10;11;12;13;14;15;16;17;20;21;27;28;29,some_pairs_outside_full_blocks,0.016991868419679257,-0.45456809150768507,0.97307783250341817,,,0,bootstrap_unavailable,0,False,0,inherited_not_established,,,,,,,,0.18797885413630677,0.061149715330330423
5,2018,2019,pairwise,D1,994,29,5,5,True,7,17,15;14,1;2;3;4;5;6;7;8;9;10;11;12;13;14;15;18;19;20;21;22;23;24;25;26;27;28;29;30;31,ok,1.444052343880017,0.34074539482113941,0.57857977663254934,-2.7126599264760038,12.022705083971282,0,ok,0,False,0,inherited_not_established,-1.5283273874952368,1.8830410765921191,-1.5283273874952368,1.8830410765921197,False,0,0.97405274514714091,all_years_common,994,21,5,5,True,5,2;6;1;11;1,2;3;6;7;8;9;10;11;15;18;19;20;21;22;23;24;25;26;27;28;31,some_pairs_outside_full_blocks,2.9771207675072375,0.28204213949358348,0.56428662082750292,,,0,bootstrap_unavailable,0,False,0,inherited_not_established,,,,,,,,1.5330684236272205,-0.058703255327555937
5,2018,2019,pairwise,D2,1010,29,5,5,True,7,17,15;14,1;2;3;4;5;6;7;8;9;10;11;12;13;14;15;18;19;20;21;22;23;24;25;26;27;28;29;30;31,ok,-6.5382469809435655,0.45146767296210477,0.67067669991895829,-15.148022397387376,-1.7530302823273587,-1,ok,0,False,0,inherited_not_established,-0.11505593180416362,1.6446043596974094,-0.1150559318041644,1.6446043596974089,False,0,0.9930922705083608,all_years_common,1010,21,5,5,True,5,2;6;1;11;1,2;3;6;7;8;9;10;11;15;18;19;20;21;22;23;24;25;26;27;28;31,some_pairs_outside_full_blocks,-6.5382469809435655,0.51521163888836874,0.65594325841831014,,,0,bootstrap_unavailable,0,False,0,inherited_not_established,,,,,,,,0,0.063743965926263968
5,2018,2019,pairwise,D3,1026,29,5,5,True,7,17,15;14,1;2;3;4;5;6;7;8;9;10;11;12;13;14;15;18;19;20;21;22;23;24;25;26;27;28;29;30;31,ok,-3.0217839655603562,1.2201783776996642,0.54034017782661348,-8.5079514732719872,1.2459091469134904,0,ok,1,True,0,inherited_not_established,0.79020965297771251,3.0554561321271061,0.79020965297771184,3.0554561321271052,False,0,0.98770364171911762,all_years_common,1026,21,5,5,True,5,2;6;1;11;1,2;3;6;7;8;9;10;11;15;18;19;20;21;22;23;24;25;26;27;28;31,some_pairs_outside_full_blocks,-3.0217839655603562,1.1562001669651085,0.55798351993012596,,,0,bootstrap_unavailable,0,False,0,inherited_not_established,,,,,,,,0,-0.063978210734555674
5,2018,2019,pairwise,D1,994,29,5,5,True,3,25,15;14,1;2;3;4;5;6;7;8;9;10;11;12;13;14;15;18;19;20;21;22;23;24;25;26;27;28;29;30;31,ok,1.444052343880017,0.34074539482113941,0.57857977663254934,-1.1069786048591652,9.7525824884189518,0,ok,0,False,0,inherited_not_established,-1.4064586663145213,1.8125804097631069,-1.4064586663145207,1.8125804097631075,False,0,0.97582669521568588,all_years_common,994,21,5,5,True,13,2;6;1;11;1,2;3;6;7;8;9;10;11;15;18;19;20;21;22;23;24;25;26;27;28;31,some_pairs_outside_full_blocks,2.9771207675072375,0.28204213949358348,0.56428662082750292,,,0,bootstrap_unavailable,0,False,0,inherited_not_established,,,,,,,,1.5330684236272205,-0.058703255327555937
5,2018,2019,pairwise,D2,1010,29,5,5,True,3,25,15;14,1;2;3;4;5;6;7;8;9;10;11;12;13;14;15;18;19;20;21;22;23;24;25;26;27;28;29;30;31,ok,-6.5382469809435655,0.45146767296210477,0.67067669991895829,-15.148022397387376,-1.7530302823273587,-1,ok,0,False,0,inherited_not_established,-0.37971041843455222,1.5778342211134611,-0.37971041843455211,1.5778342211134611,False,0,0.99155081748391716,all_years_common,1010,21,5,5,True,13,2;6;1;11;1,2;3;6;7;8;9;10;11;15;18;19;20;21;22;23;24;25;26;27;28;31,some_pairs_outside_full_blocks,-6.5382469809435655,0.51521163888836874,0.65594325841831014,,,0,bootstrap_unavailable,0,False,0,inherited_not_established,,,,,,,,0,0.063743965926263968
5,2018,2019,pairwise,D3,1026,29,5,5,True,3,25,15;14,1;2;3;4;5;6;7;8;9;10;11;12;13;14;15;18;19;20;21;22;23;24;25;26;27;28;29;30;31,ok,-3.0217839655603562,1.2201783776996642,0.54034017782661348,-8.5079514732719872,1.2459091469134904,0,ok,0,False,0,inherited_not_established,-0.022206763335780089,2.9664528264808219,-0.022206763335780977,2.9664528264808219,False,0,0.97846453006447864,all_years_common,1026,21,5,5,True,13,2;6;1;11;1,2;3;6;7;8;9;10;11;15;18;19;20;21;22;23;24;25;26;27;28;31,some_pairs_outside_full_blocks,-3.0217839655603562,1.1562001669651085,0.55798351993012596,,,0,bootstrap_unavailable,0,False,0,inherited_not_established,,,,,,,,0,-0.063978210734555674
5,2018,2019,pairwise,D1,994,29,5,5,True,14,3,15;14,1;2;3;4;5;6;7;8;9;10;11;12;13;14;15;18;19;20;21;22;23;24;25;26;27;28;29;30;31,ok,1.444052343880017,0.34074539482113941,0.57857977663254934,-1.0957661044327409,3.2278329390107316,0,ok,0,False,0,inherited_not_established,-0.26661821265458308,0.52404494284531289,-0.26661821265458308,0.52404494284531289,False,0,0.99844049497774401,all_years_common,994,21,5,5,True,0,2;6;1;11;1,2;3;6;7;8;9;10;11;15;18;19;20;21;22;23;24;25;26;27;28;31,some_pairs_outside_full_blocks,2.9771207675072375,0.28204213949358348,0.56428662082750292,,,0,bootstrap_unavailable,0,False,0,inherited_not_established,,,,,,,,1.5330684236272205,-0.058703255327555937
5,2018,2019,pairwise,D2,1010,29,5,5,True,14,3,15;14,1;2;3;4;5;6;7;8;9;10;11;12;13;14;15;18;19;20;21;22;23;24;25;26;27;28;29;30;31,ok,-6.5382469809435655,0.45146767296210477,0.67067669991895829,-11.619180206348204,-2.5012100265713002,-1,ok,1,True,0,inherited_not_established,0.4165040689762094,0.46433533018350381,0.4165040689762094,0.46433533018350381,False,0,0.99999503010151169,all_years_common,1010,21,5,5,True,0,2;6;1;11;1,2;3;6;7;8;9;10;11;15;18;19;20;21;22;23;24;25;26;27;28;31,some_pairs_outside_full_blocks,-6.5382469809435655,0.51521163888836874,0.65594325841831014,,,0,bootstrap_unavailable,0,False,0,inherited_not_established,,,,,,,,0,0.063743965926263968
5,2018,2019,pairwise,D3,1026,29,5,5,True,14,3,15;14,1;2;3;4;5;6;7;8;9;10;11;12;13;14;15;18;19;20;21;22;23;24;25;26;27;28;29;30;31,ok,-3.0217839655603562,1.2201783776996642,0.54034017782661348,-7.1941784821222523,-1.4633076491319379,-1,ok,1,True,0,inherited_not_established,0.99015296619023729,1.7015963944764874,0.99015296619023729,1.7015963944764874,False,0,0.99821518385806773,all_years_common,1026,21,5,5,True,0,2;6;1;11;1,2;3;6;7;8;9;10;11;15;18;19;20;21;22;23;24;25;26;27;28;31,some_pairs_outside_full_blocks,-3.0217839655603562,1.1562001669651085,0.55798351993012596,,,0,bootstrap_unavailable,0,False,0,inherited_not_established,,,,,,,,0,-0.063978210734555674
5,2018,2020,pairwise,D1,994,21,5,5,True,7,5,2;6;1;11;1,2;3;6;7;8;9;10;11;15;18;19;20;21;22;23;24;25;26;27;28;31,some_pairs_outside_full_blocks,19.600308801242779,-0.026124608680028416,0.83300334846151824,,,0,bootstrap_unavailable,0,False,0,inherited_not_established,,,,,,,,all_years_common,994,21,5,5,True,5,2;6;1;11;1,2;3;6;7;8;9;10;11;15;18;19;20;21;22;23;24;25;26;27;28;31,some_pairs_outside_full_blocks,19.600308801242779,-0.026124608680028416,0.83300334846151824,,,0,bootstrap_unavailable,0,False,0,inherited_not_established,,,,,,,,0,0
5,2018,2020,pairwise,D2,1010,21,5,5,True,7,5,2;6;1;11;1,2;3;6;7;8;9;10;11;15;18;19;20;21;22;23;24;25;26;27;28;31,some_pairs_outside_full_blocks,4.2954417775426705,-0.53592254855960775,0.88453987825300195,,,0,bootstrap_unavailable,0,False,0,inherited_not_established,,,,,,,,all_years_common,1010,21,5,5,True,5,2;6;1;11;1,2;3;6;7;8;9;10;11;15;18;19;20;21;22;23;24;25;26;27;28;31,some_pairs_outside_full_blocks,4.2954417775426705,-0.53592254855960775,0.88453987825300195,,,0,bootstrap_unavailable,0,False,0,inherited_not_established,,,,,,,,0,0
5,2018,2020,pairwise,D3,1026,21,5,5,True,7,5,2;6;1;11;1,2;3;6;7;8;9;10;11;15;18;19;20;21;22;23;24;25;26;27;28;31,some_pairs_outside_full_blocks,-0.81753044545508757,-0.77201899828771303,0.76508057382808203,,,0,bootstrap_unavailable,0,False,0,inherited_not_established,,,,,,,,all_years_common,1026,21,5,5,True,5,2;6;1;11;1,2;3;6;7;8;9;10;11;15;18;19;20;21;22;23;24;25;26;27;28;31,some_pairs_outside_full_blocks,-0.81753044545508757,-0.77201899828771303,0.76508057382808203,,,0,bootstrap_unavailable,0,False,0,inherited_not_established,,,,,,,,0,0
5,2018,2020,pairwise,D1,994,21,5,5,True,3,13,2;6;1;11;1,2;3;6;7;8;9;10;11;15;18;19;20;21;22;23;24;25;26;27;28;31,some_pairs_outside_full_blocks,19.600308801242779,-0.026124608680028416,0.83300334846151824,,,0,bootstrap_unavailable,0,False,0,inherited_not_established,,,,,,,,all_years_common,994,21,5,5,True,13,2;6;1;11;1,2;3;6;7;8;9;10;11;15;18;19;20;21;22;23;24;25;26;27;28;31,some_pairs_outside_full_blocks,19.600308801242779,-0.026124608680028416,0.83300334846151824,,,0,bootstrap_unavailable,0,False,0,inherited_not_established,,,,,,,,0,0
5,2018,2020,pairwise,D2,1010,21,5,5,True,3,13,2;6;1;11;1,2;3;6;7;8;9;10;11;15;18;19;20;21;22;23;24;25;26;27;28;31,some_pairs_outside_full_blocks,4.2954417775426705,-0.53592254855960775,0.88453987825300195,,,0,bootstrap_unavailable,0,False,0,inherited_not_established,,,,,,,,all_years_common,1010,21,5,5,True,13,2;6;1;11;1,2;3;6;7;8;9;10;11;15;18;19;20;21;22;23;24;25;26;27;28;31,some_pairs_outside_full_blocks,4.2954417775426705,-0.53592254855960775,0.88453987825300195,,,0,bootstrap_unavailable,0,False,0,inherited_not_established,,,,,,,,0,0
5,2018,2020,pairwise,D3,1026,21,5,5,True,3,13,2;6;1;11;1,2;3;6;7;8;9;10;11;15;18;19;20;21;22;23;24;25;26;27;28;31,some_pairs_outside_full_blocks,-0.81753044545508757,-0.77201899828771303,0.76508057382808203,,,0,bootstrap_unavailable,0,False,0,inherited_not_established,,,,,,,,all_years_common,1026,21,5,5,True,13,2;6;1;11;1,2;3;6;7;8;9;10;11;15;18;19;20;21;22;23;24;25;26;27;28;31,some_pairs_outside_full_blocks,-0.81753044545508757,-0.77201899828771303,0.76508057382808203,,,0,bootstrap_unavailable,0,False,0,inherited_not_established,,,,,,,,0,0
5,2018,2020,pairwise,D1,994,21,5,5,True,14,0,2;6;1;11;1,2;3;6;7;8;9;10;11;15;18;19;20;21;22;23;24;25;26;27;28;31,some_pairs_outside_full_blocks,19.600308801242779,-0.026124608680028416,0.83300334846151824,,,0,bootstrap_unavailable,0,False,0,inherited_not_established,,,,,,,,all_years_common,994,21,5,5,True,0,2;6;1;11;1,2;3;6;7;8;9;10;11;15;18;19;20;21;22;23;24;25;26;27;28;31,some_pairs_outside_full_blocks,19.600308801242779,-0.026124608680028416,0.83300334846151824,,,0,bootstrap_unavailable,0,False,0,inherited_not_established,,,,,,,,0,0
5,2018,2020,pairwise,D2,1010,21,5,5,True,14,0,2;6;1;11;1,2;3;6;7;8;9;10;11;15;18;19;20;21;22;23;24;25;26;27;28;31,some_pairs_outside_full_blocks,4.2954417775426705,-0.53592254855960775,0.88453987825300195,,,0,bootstrap_unavailable,0,False,0,inherited_not_established,,,,,,,,all_years_common,1010,21,5,5,True,0,2;6;1;11;1,2;3;6;7;8;9;10;11;15;18;19;20;21;22;23;24;25;26;27;28;31,some_pairs_outside_full_blocks,4.2954417775426705,-0.53592254855960775,0.88453987825300195,,,0,bootstrap_unavailable,0,False,0,inherited_not_established,,,,,,,,0,0
5,2018,2020,pairwise,D3,1026,21,5,5,True,14,0,2;6;1;11;1,2;3;6;7;8;9;10;11;15;18;19;20;21;22;23;24;25;26;27;28;31,some_pairs_outside_full_blocks,-0.81753044545508757,-0.77201899828771303,0.76508057382808203,,,0,bootstrap_unavailable,0,False,0,inherited_not_established,,,,,,,,all_years_common,1026,21,5,5,True,0,2;6;1;11;1,2;3;6;7;8;9;10;11;15;18;19;20;21;22;23;24;25;26;27;28;31,some_pairs_outside_full_blocks,-0.81753044545508757,-0.77201899828771303,0.76508057382808203,,,0,bootstrap_unavailable,0,False,0,inherited_not_established,,,,,,,,0,0
5,2019,2020,pairwise,D1,994,23,5,5,True,7,8,2;6;14;1,2;3;6;7;8;9;10;11;15;16;17;18;19;20;21;22;23;24;25;26;27;28;31,some_pairs_outside_full_blocks,6.1403426203710794,-0.68890741690661628,0.7474083730339105,,,0,bootstrap_unavailable,0,False,0,inherited_not_established,,,,,,,,all_years_common,994,21,5,5,True,5,2;6;1;11;1,2;3;6;7;8;9;10;11;15;18;19;20;21;22;23;24;25;26;27;28;31,some_pairs_outside_full_blocks,7.9578039193131538,-0.70088941044212838,0.72338754547929884,,,0,bootstrap_unavailable,0,False,0,inherited_not_established,,,,,,,,1.8174612989420744,-0.011981993535512103
5,2019,2020,pairwise,D2,1010,23,5,5,True,7,8,2;6;14;1,2;3;6;7;8;9;10;11;15;16;17;18;19;20;21;22;23;24;25;26;27;28;31,some_pairs_outside_full_blocks,5.5515301939616819,-1.1103263285891494,0.78420794426366325,,,0,bootstrap_unavailable,0,False,0,inherited_not_established,,,,,,,,all_years_common,1010,21,5,5,True,5,2;6;1;11;1,2;3;6;7;8;9;10;11;15;18;19;20;21;22;23;24;25;26;27;28;31,some_pairs_outside_full_blocks,5.6101730395389247,-1.2112818985638754,0.76611514393149194,,,0,bootstrap_unavailable,0,False,0,inherited_not_established,,,,,,,,0.058642845577242753,-0.10095556997472599
5,2019,2020,pairwise,D3,1026,23,5,5,True,7,8,2;6;14;1,2;3;6;7;8;9;10;11;15;16;17;18;19;20;21;22;23;24;25;26;27;28;31,some_pairs_outside_full_blocks,3.0622704130216754,-1.7052980160494826,0.80824817669491456,,,0,bootstrap_unavailable,0,False,0,inherited_not_established,,,,,,,,all_years_common,1026,21,5,5,True,5,2;6;1;11;1,2;3;6;7;8;9;10;11;15;18;19;20;21;22;23;24;25;26;27;28;31,some_pairs_outside_full_blocks,3.0622704130216754,-1.8637968414369492,0.79742495972646776,,,0,bootstrap_unavailable,0,False,0,inherited_not_established,,,,,,,,0,-0.15849882538746662
5,2019,2020,pairwise,D1,994,23,5,5,True,3,16,2;6;14;1,2;3;6;7;8;9;10;11;15;16;17;18;19;20;21;22;23;24;25;26;27;28;31,some_pairs_outside_full_blocks,6.1403426203710794,-0.68890741690661628,0.7474083730339105,,,0,bootstrap_unavailable,0,False,0,inherited_not_established,,,,,,,,all_years_common,994,21,5,5,True,13,2;6;1;11;1,2;3;6;7;8;9;10;11;15;18;19;20;21;22;23;24;25;26;27;28;31,some_pairs_outside_full_blocks,7.9578039193131538,-0.70088941044212838,0.72338754547929884,,,0,bootstrap_unavailable,0,False,0,inherited_not_established,,,,,,,,1.8174612989420744,-0.011981993535512103
5,2019,2020,pairwise,D2,1010,23,5,5,True,3,16,2;6;14;1,2;3;6;7;8;9;10;11;15;16;17;18;19;20;21;22;23;24;25;26;27;28;31,some_pairs_outside_full_blocks,5.5515301939616819,-1.1103263285891494,0.78420794426366325,,,0,bootstrap_unavailable,0,False,0,inherited_not_established,,,,,,,,all_years_common,1010,21,5,5,True,13,2;6;1;11;1,2;3;6;7;8;9;10;11;15;18;19;20;21;22;23;24;25;26;27;28;31,some_pairs_outside_full_blocks,5.6101730395389247,-1.2112818985638754,0.76611514393149194,,,0,bootstrap_unavailable,0,False,0,inherited_not_established,,,,,,,,0.058642845577242753,-0.10095556997472599
5,2019,2020,pairwise,D3,1026,23,5,5,True,3,16,2;6;14;1,2;3;6;7;8;9;10;11;15;16;17;18;19;20;21;22;23;24;25;26;27;28;31,some_pairs_outside_full_blocks,3.0622704130216754,-1.7052980160494826,0.80824817669491456,,,0,bootstrap_unavailable,0,False,0,inherited_not_established,,,,,,,,all_years_common,1026,21,5,5,True,13,2;6;1;11;1,2;3;6;7;8;9;10;11;15;18;19;20;21;22;23;24;25;26;27;28;31,some_pairs_outside_full_blocks,3.0622704130216754,-1.8637968414369492,0.79742495972646776,,,0,bootstrap_unavailable,0,False,0,inherited_not_established,,,,,,,,0,-0.15849882538746662
5,2019,2020,pairwise,D1,994,23,5,5,True,14,1,2;6;14;1,2;3;6;7;8;9;10;11;15;16;17;18;19;20;21;22;23;24;25;26;27;28;31,some_pairs_outside_full_blocks,6.1403426203710794,-0.68890741690661628,0.7474083730339105,,,0,bootstrap_unavailable,0,False,0,inherited_not_established,,,,,,,,all_years_common,994,21,5,5,True,0,2;6;1;11;1,2;3;6;7;8;9;10;11;15;18;19;20;21;22;23;24;25;26;27;28;31,some_pairs_outside_full_blocks,7.9578039193131538,-0.70088941044212838,0.72338754547929884,,,0,bootstrap_unavailable,0,False,0,inherited_not_established,,,,,,,,1.8174612989420744,-0.011981993535512103
5,2019,2020,pairwise,D2,1010,23,5,5,True,14,1,2;6;14;1,2;3;6;7;8;9;10;11;15;16;17;18;19;20;21;22;23;24;25;26;27;28;31,some_pairs_outside_full_blocks,5.5515301939616819,-1.1103263285891494,0.78420794426366325,,,0,bootstrap_unavailable,0,False,0,inherited_not_established,,,,,,,,all_years_common,1010,21,5,5,True,0,2;6;1;11;1,2;3;6;7;8;9;10;11;15;18;19;20;21;22;23;24;25;26;27;28;31,some_pairs_outside_full_blocks,5.6101730395389247,-1.2112818985638754,0.76611514393149194,,,0,bootstrap_unavailable,0,False,0,inherited_not_established,,,,,,,,0.058642845577242753,-0.10095556997472599
5,2019,2020,pairwise,D3,1026,23,5,5,True,14,1,2;6;14;1,2;3;6;7;8;9;10;11;15;16;17;18;19;20;21;22;23;24;25;26;27;28;31,some_pairs_outside_full_blocks,3.0622704130216754,-1.7052980160494826,0.80824817669491456,,,0,bootstrap_unavailable,0,False,0,inherited_not_established,,,,,,,,all_years_common,1026,21,5,5,True,0,2;6;1;11;1,2;3;6;7;8;9;10;11;15;18;19;20;21;22;23;24;25;26;27;28;31,some_pairs_outside_full_blocks,3.0622704130216754,-1.8637968414369492,0.79742495972646776,,,0,bootstrap_unavailable,0,False,0,inherited_not_established,,,,,,,,0,-0.15849882538746662
6,2018,2019,pairwise,D1,994,14,4,5,True,7,1,7;1;2;4,1;2;3;4;5;6;7;10;19;20;24;25;26;27,some_pairs_outside_full_blocks,1.4490634185022238,0.068546828885773792,0.94672385560680616,,,0,bootstrap_unavailable,0,False,0,inherited_not_established,,,,,,,,all_years_common,994,9,4,5,False,0,1;4;1;2;1,1;4;5;6;7;10;19;20;27,insufficient_calendar_coverage,1.7811538795664816,0.6969165754936153,0.96436068835949906,,,0,bootstrap_unavailable,0,False,0,inherited_not_established,,,,,,,,0.33209046106425788,0.62836974660784151
6,2018,2019,pairwise,D2,1010,14,4,5,True,7,1,7;1;2;4,1;2;3;4;5;6;7;10;19;20;24;25;26;27,some_pairs_outside_full_blocks,3.1270653856189004,-0.57141495951639243,0.96598564797277675,,,0,bootstrap_unavailable,0,False,0,inherited_not_established,,,,,,,,all_years_common,1010,9,4,5,False,0,1;4;1;2;1,1;4;5;6;7;10;19;20;27,insufficient_calendar_coverage,3.5221053306082304,-0.39141674637996537,0.98207237323811758,,,0,bootstrap_unavailable,0,False,0,inherited_not_established,,,,,,,,0.39503994498933004,0.17999821313642705
6,2018,2019,pairwise,D3,1026,14,4,5,True,7,1,7;1;2;4,1;2;3;4;5;6;7;10;19;20;24;25;26;27,some_pairs_outside_full_blocks,0.95675844346776273,-1.2536766284436709,0.782764322401724,,,0,bootstrap_unavailable,0,False,0,inherited_not_established,,,,,,,,all_years_common,1026,9,4,5,False,0,1;4;1;2;1,1;4;5;6;7;10;19;20;27,insufficient_calendar_coverage,-1.5847943406627412,-1.5830044279412672,0.76064070053493338,,,0,bootstrap_unavailable,0,False,0,inherited_not_established,,,,,,,,-2.5415527841305039,-0.32932779949759627
6,2018,2019,pairwise,D1,994,14,4,5,True,3,7,7;1;2;4,1;2;3;4;5;6;7;10;19;20;24;25;26;27,some_pairs_outside_full_blocks,1.4490634185022238,0.068546828885773792,0.94672385560680616,,,0,bootstrap_unavailable,0,False,0,inherited_not_established,,,,,,,,all_years_common,994,9,4,5,False,2,1;4;1;2;1,1;4;5;6;7;10;19;20;27,insufficient_calendar_coverage,1.7811538795664816,0.6969165754936153,0.96436068835949906,,,0,bootstrap_unavailable,0,False,0,inherited_not_established,,,,,,,,0.33209046106425788,0.62836974660784151
6,2018,2019,pairwise,D2,1010,14,4,5,True,3,7,7;1;2;4,1;2;3;4;5;6;7;10;19;20;24;25;26;27,some_pairs_outside_full_blocks,3.1270653856189004,-0.57141495951639243,0.96598564797277675,,,0,bootstrap_unavailable,0,False,0,inherited_not_established,,,,,,,,all_years_common,1010,9,4,5,False,2,1;4;1;2;1,1;4;5;6;7;10;19;20;27,insufficient_calendar_coverage,3.5221053306082304,-0.39141674637996537,0.98207237323811758,,,0,bootstrap_unavailable,0,False,0,inherited_not_established,,,,,,,,0.39503994498933004,0.17999821313642705
6,2018,2019,pairwise,D3,1026,14,4,5,True,3,7,7;1;2;4,1;2;3;4;5;6;7;10;19;20;24;25;26;27,some_pairs_outside_full_blocks,0.95675844346776273,-1.2536766284436709,0.782764322401724,,,0,bootstrap_unavailable,0,False,0,inherited_not_established,,,,,,,,all_years_common,1026,9,4,5,False,2,1;4;1;2;1,1;4;5;6;7;10;19;20;27,insufficient_calendar_coverage,-1.5847943406627412,-1.5830044279412672,0.76064070053493338,,,0,bootstrap_unavailable,0,False,0,inherited_not_established,,,,,,,,-2.5415527841305039,-0.32932779949759627
6,2018,2019,pairwise,D1,994,14,4,5,True,14,0,7;1;2;4,1;2;3;4;5;6;7;10;19;20;24;25;26;27,some_pairs_outside_full_blocks,1.4490634185022238,0.068546828885773792,0.94672385560680616,,,0,bootstrap_unavailable,0,False,0,inherited_not_established,,,,,,,,all_years_common,994,9,4,5,False,0,1;4;1;2;1,1;4;5;6;7;10;19;20;27,insufficient_calendar_coverage,1.7811538795664816,0.6969165754936153,0.96436068835949906,,,0,bootstrap_unavailable,0,False,0,inherited_not_established,,,,,,,,0.33209046106425788,0.62836974660784151
6,2018,2019,pairwise,D2,1010,14,4,5,True,14,0,7;1;2;4,1;2;3;4;5;6;7;10;19;20;24;25;26;27,some_pairs_outside_full_blocks,3.1270653856189004,-0.57141495951639243,0.96598564797277675,,,0,bootstrap_unavailable,0,False,0,inherited_not_established,,,,,,,,all_years_common,1010,9,4,5,False,0,1;4;1;2;1,1;4;5;6;7;10;19;20;27,insufficient_calendar_coverage,3.5221053306082304,-0.39141674637996537,0.98207237323811758,,,0,bootstrap_unavailable,0,False,0,inherited_not_established,,,,,,,,0.39503994498933004,0.17999821313642705
6,2018,2019,pairwise,D3,1026,14,4,5,True,14,0,7;1;2;4,1;2;3;4;5;6;7;10;19;20;24;25;26;27,some_pairs_outside_full_blocks,0.95675844346776273,-1.2536766284436709,0.782764322401724,,,0,bootstrap_unavailable,0,False,0,inherited_not_established,,,,,,,,all_years_common,1026,9,4,5,False,0,1;4;1;2;1,1;4;5;6;7;10;19;20;27,insufficient_calendar_coverage,-1.5847943406627412,-1.5830044279412672,0.76064070053493338,,,0,bootstrap_unavailable,0,False,0,inherited_not_established,,,,,,,,-2.5415527841305039,-0.32932779949759627
6,2018,2020,pairwise,D1,994,13,4,5,True,7,1,1;7;2;3,1;4;5;6;7;8;9;10;19;20;27;28;29,some_pairs_outside_full_blocks,10.513129678337112,0.67731628984019743,0.93179756945747672,,,0,bootstrap_unavailable,0,False,0,inherited_not_established,,,,,,,,all_years_common,994,9,4,4,False,0,1;4;1;2;1,1;4;5;6;7;10;19;20;27,insufficient_calendar_coverage,10.513129678337112,1.3035648477744495,0.94191478735937306,,,0,bootstrap_unavailable,0,False,0,inherited_not_established,,,,,,,,0,0.62624855793425205
6,2018,2020,pairwise,D2,1010,13,4,5,True,7,1,1;7;2;3,1;4;5;6;7;8;9;10;19;20;27;28;29,some_pairs_outside_full_blocks,4.4734884732880218,-0.12626820734158706,0.97770175015722682,,,0,bootstrap_unavailable,0,False,0,inherited_not_established,,,,,,,,all_years_common,1010,9,4,4,False,0,1;4;1;2;1,1;4;5;6;7;10;19;20;27,insufficient_calendar_coverage,11.164882811901055,-0.16564224204753231,0.97967118735850822,,,0,bootstrap_unavailable,0,False,0,inherited_not_established,,,,,,,,6.6913943386130335,-0.039374034705945249
6,2018,2020,pairwise,D3,1026,13,4,5,True,7,1,1;7;2;3,1;4;5;6;7;8;9;10;19;20;27;28;29,some_pairs_outside_full_blocks,-1.9399879787995538,-1.1681462094872508,0.93270898679658421,,,0,bootstrap_unavailable,0,False,0,inherited_not_established,,,,,,,,all_years_common,1026,9,4,4,False,0,1;4;1;2;1,1;4;5;6;7;10;19;20;27,insufficient_calendar_coverage,-0.19381309474371911,-1.6590861924328699,0.93961716246988858,,,0,bootstrap_unavailable,0,False,0,inherited_not_established,,,,,,,,1.7461748840558347,-0.49093998294561914
6,2018,2020,pairwise,D1,994,13,4,5,True,3,6,1;7;2;3,1;4;5;6;7;8;9;10;19;20;27;28;29,some_pairs_outside_full_blocks,10.513129678337112,0.67731628984019743,0.93179756945747672,,,0,bootstrap_unavailable,0,False,0,inherited_not_established,,,,,,,,all_years_common,994,9,4,4,False,2,1;4;1;2;1,1;4;5;6;7;10;19;20;27,insufficient_calendar_coverage,10.513129678337112,1.3035648477744495,0.94191478735937306,,,0,bootstrap_unavailable,0,False,0,inherited_not_established,,,,,,,,0,0.62624855793425205
6,2018,2020,pairwise,D2,1010,13,4,5,True,3,6,1;7;2;3,1;4;5;6;7;8;9;10;19;20;27;28;29,some_pairs_outside_full_blocks,4.4734884732880218,-0.12626820734158706,0.97770175015722682,,,0,bootstrap_unavailable,0,False,0,inherited_not_established,,,,,,,,all_years_common,1010,9,4,4,False,2,1;4;1;2;1,1;4;5;6;7;10;19;20;27,insufficient_calendar_coverage,11.164882811901055,-0.16564224204753231,0.97967118735850822,,,0,bootstrap_unavailable,0,False,0,inherited_not_established,,,,,,,,6.6913943386130335,-0.039374034705945249
6,2018,2020,pairwise,D3,1026,13,4,5,True,3,6,1;7;2;3,1;4;5;6;7;8;9;10;19;20;27;28;29,some_pairs_outside_full_blocks,-1.9399879787995538,-1.1681462094872508,0.93270898679658421,,,0,bootstrap_unavailable,0,False,0,inherited_not_established,,,,,,,,all_years_common,1026,9,4,4,False,2,1;4;1;2;1,1;4;5;6;7;10;19;20;27,insufficient_calendar_coverage,-0.19381309474371911,-1.6590861924328699,0.93961716246988858,,,0,bootstrap_unavailable,0,False,0,inherited_not_established,,,,,,,,1.7461748840558347,-0.49093998294561914
6,2018,2020,pairwise,D1,994,13,4,5,True,14,0,1;7;2;3,1;4;5;6;7;8;9;10;19;20;27;28;29,some_pairs_outside_full_blocks,10.513129678337112,0.67731628984019743,0.93179756945747672,,,0,bootstrap_unavailable,0,False,0,inherited_not_established,,,,,,,,all_years_common,994,9,4,4,False,0,1;4;1;2;1,1;4;5;6;7;10;19;20;27,insufficient_calendar_coverage,10.513129678337112,1.3035648477744495,0.94191478735937306,,,0,bootstrap_unavailable,0,False,0,inherited_not_established,,,,,,,,0,0.62624855793425205
6,2018,2020,pairwise,D2,1010,13,4,5,True,14,0,1;7;2;3,1;4;5;6;7;8;9;10;19;20;27;28;29,some_pairs_outside_full_blocks,4.4734884732880218,-0.12626820734158706,0.97770175015722682,,,0,bootstrap_unavailable,0,False,0,inherited_not_established,,,,,,,,all_years_common,1010,9,4,4,False,0,1;4;1;2;1,1;4;5;6;7;10;19;20;27,insufficient_calendar_coverage,11.164882811901055,-0.16564224204753231,0.97967118735850822,,,0,bootstrap_unavailable,0,False,0,inherited_not_established,,,,,,,,6.6913943386130335,-0.039374034705945249
6,2018,2020,pairwise,D3,1026,13,4,5,True,14,0,1;7;2;3,1;4;5;6;7;8;9;10;19;20;27;28;29,some_pairs_outside_full_blocks,-1.9399879787995538,-1.1681462094872508,0.93270898679658421,,,0,bootstrap_unavailable,0,False,0,inherited_not_established,,,,,,,,all_years_common,1026,9,4,4,False,0,1;4;1;2;1,1;4;5;6;7;10;19;20;27,insufficient_calendar_coverage,-0.19381309474371911,-1.6590861924328699,0.93961716246988858,,,0,bootstrap_unavailable,0,False,0,inherited_not_established,,,,,,,,1.7461748840558347,-0.49093998294561914
6,2019,2020,pairwise,D1,994,18,5,4,True,7,1,1;4;7;5;1,1;4;5;6;7;10;11;12;13;14;15;16;19;20;21;22;23;27,some_pairs_outside_full_blocks,8.975510551117539,0.63103560966301941,0.9472043972100358,,,0,bootstrap_unavailable,0,False,0,inherited_not_established,,,,,,,,all_years_common,994,9,5,4,False,0,1;4;1;2;1,1;4;5;6;7;10;19;20;27,insufficient_calendar_coverage,15.39410510487598,0.65993329516446941,0.90082973891489981,,,0,bootstrap_unavailable,0,False,0,inherited_not_established,,,,,,,,6.4185945537584406,0.028897685501449999
6,2019,2020,pairwise,D2,1010,18,5,4,True,7,1,1;4;7;5;1,1;4;5;6;7;10;11;12;13;14;15;16;19;20;21;22;23;27,some_pairs_outside_full_blocks,4.330190787556722,0.3279165838665854,0.96956347498001116,,,0,bootstrap_unavailable,0,False,0,inherited_not_established,,,,,,,,all_years_common,1010,9,5,4,False,0,1;4;1;2;1,1;4;5;6;7;10;19;20;27,insufficient_calendar_coverage,7.9095835805880768,0.19427773805093196,0.9494651805063693,,,0,bootstrap_unavailable,0,False,0,inherited_not_established,,,,,,,,3.5793927930313547,-0.13363884581565344
6,2019,2020,pairwise,D3,1026,18,5,4,True,7,1,1;4;7;5;1,1;4;5;6;7;10;11;12;13;14;15;16;19;20;21;22;23;27,some_pairs_outside_full_blocks,-0.92083311452345118,0.56713800708973672,0.89083447670831328,,,0,bootstrap_unavailable,0,False,0,inherited_not_established,,,,,,,,all_years_common,1026,9,5,4,False,0,1;4;1;2;1,1;4;5;6;7;10;19;20;27,insufficient_calendar_coverage,-1.3671959187693652,0.28860593144777447,0.81243301354483355,,,0,bootstrap_unavailable,0,False,0,inherited_not_established,,,,,,,,-0.44636280424591401,-0.27853207564196225
6,2019,2020,pairwise,D1,994,18,5,4,True,3,10,1;4;7;5;1,1;4;5;6;7;10;11;12;13;14;15;16;19;20;21;22;23;27,some_pairs_outside_full_blocks,8.975510551117539,0.63103560966301941,0.9472043972100358,,,0,bootstrap_unavailable,0,False,0,inherited_not_established,,,,,,,,all_years_common,994,9,5,4,False,2,1;4;1;2;1,1;4;5;6;7;10;19;20;27,insufficient_calendar_coverage,15.39410510487598,0.65993329516446941,0.90082973891489981,,,0,bootstrap_unavailable,0,False,0,inherited_not_established,,,,,,,,6.4185945537584406,0.028897685501449999
6,2019,2020,pairwise,D2,1010,18,5,4,True,3,10,1;4;7;5;1,1;4;5;6;7;10;11;12;13;14;15;16;19;20;21;22;23;27,some_pairs_outside_full_blocks,4.330190787556722,0.3279165838665854,0.96956347498001116,,,0,bootstrap_unavailable,0,False,0,inherited_not_established,,,,,,,,all_years_common,1010,9,5,4,False,2,1;4;1;2;1,1;4;5;6;7;10;19;20;27,insufficient_calendar_coverage,7.9095835805880768,0.19427773805093196,0.9494651805063693,,,0,bootstrap_unavailable,0,False,0,inherited_not_established,,,,,,,,3.5793927930313547,-0.13363884581565344
6,2019,2020,pairwise,D3,1026,18,5,4,True,3,10,1;4;7;5;1,1;4;5;6;7;10;11;12;13;14;15;16;19;20;21;22;23;27,some_pairs_outside_full_blocks,-0.92083311452345118,0.56713800708973672,0.89083447670831328,,,0,bootstrap_unavailable,0,False,0,inherited_not_established,,,,,,,,all_years_common,1026,9,5,4,False,2,1;4;1;2;1,1;4;5;6;7;10;19;20;27,insufficient_calendar_coverage,-1.3671959187693652,0.28860593144777447,0.81243301354483355,,,0,bootstrap_unavailable,0,False,0,inherited_not_established,,,,,,,,-0.44636280424591401,-0.27853207564196225
6,2019,2020,pairwise,D1,994,18,5,4,True,14,0,1;4;7;5;1,1;4;5;6;7;10;11;12;13;14;15;16;19;20;21;22;23;27,some_pairs_outside_full_blocks,8.975510551117539,0.63103560966301941,0.9472043972100358,,,0,bootstrap_unavailable,0,False,0,inherited_not_established,,,,,,,,all_years_common,994,9,5,4,False,0,1;4;1;2;1,1;4;5;6;7;10;19;20;27,insufficient_calendar_coverage,15.39410510487598,0.65993329516446941,0.90082973891489981,,,0,bootstrap_unavailable,0,False,0,inherited_not_established,,,,,,,,6.4185945537584406,0.028897685501449999
6,2019,2020,pairwise,D2,1010,18,5,4,True,14,0,1;4;7;5;1,1;4;5;6;7;10;11;12;13;14;15;16;19;20;21;22;23;27,some_pairs_outside_full_blocks,4.330190787556722,0.3279165838665854,0.96956347498001116,,,0,bootstrap_unavailable,0,False,0,inherited_not_established,,,,,,,,all_years_common,1010,9,5,4,False,0,1;4;1;2;1,1;4;5;6;7;10;19;20;27,insufficient_calendar_coverage,7.9095835805880768,0.19427773805093196,0.9494651805063693,,,0,bootstrap_unavailable,0,False,0,inherited_not_established,,,,,,,,3.5793927930313547,-0.13363884581565344
6,2019,2020,pairwise,D3,1026,18,5,4,True,14,0,1;4;7;5;1,1;4;5;6;7;10;11;12;13;14;15;16;19;20;21;22;23;27,some_pairs_outside_full_blocks,-0.92083311452345118,0.56713800708973672,0.89083447670831328,,,0,bootstrap_unavailable,0,False,0,inherited_not_established,,,,,,,,all_years_common,1026,9,5,4,False,0,1;4;1;2;1,1;4;5;6;7;10;19;20;27,insufficient_calendar_coverage,-1.3671959187693652,0.28860593144777447,0.81243301354483355,,,0,bootstrap_unavailable,0,False,0,inherited_not_established,,,,,,,,-0.44636280424591401,-0.27853207564196225
7,2018,2019,pairwise,D1,994,18,4,4,True,7,6,6;12,5;6;7;8;9;10;13;14;15;16;17;18;19;20;21;22;23;24,some_pairs_outside_full_blocks,20.739151894193736,1.4000940158529289,0.87402895259881874,,,0,bootstrap_unavailable,0,False,0,inherited_not_established,,,,,,,,all_years_common,994,10,3,3,True,2,2;8,6;7;14;15;16;17;18;19;20;21,some_pairs_outside_full_blocks,19.944669732687537,1.2255022637576722,0.85421464322366258,,,0,bootstrap_unavailable,0,False,0,inherited_not_established,,,,,,,,-0.79448216150619899,-0.17459175209525668
7,2018,2019,pairwise,D2,1010,18,4,4,True,7,6,6;12,5;6;7;8;9;10;13;14;15;16;17;18;19;20;21;22;23;24,some_pairs_outside_full_blocks,1.3917716390082546,0.9031665622247953,0.84405422158402366,,,0,bootstrap_unavailable,0,False,0,inherited_not_established,,,,,,,,all_years_common,1010,10,3,3,True,2,2;8,6;7;14;15;16;17;18;19;20;21,some_pairs_outside_full_blocks,1.3917716390082546,0.35462650254966555,0.95907392113779977,,,0,bootstrap_unavailable,0,False,0,inherited_not_established,,,,,,,,0,-0.54854005967512975
7,2018,2019,pairwise,D3,1026,18,4,4,True,7,6,6;12,5;6;7;8;9;10;13;14;15;16;17;18;19;20;21;22;23;24,some_pairs_outside_full_blocks,-4.4458837524302677,1.3975700424447233,0.93998474343284089,,,0,bootstrap_unavailable,0,False,0,inherited_not_established,,,,,,,,all_years_common,1026,10,3,3,True,2,2;8,6;7;14;15;16;17;18;19;20;21,some_pairs_outside_full_blocks,-4.4458837524302677,1.1768878243241989,0.949534103242195,,,0,bootstrap_unavailable,0,False,0,inherited_not_established,,,,,,,,0,-0.22068221812052435
7,2018,2019,pairwise,D1,994,18,4,4,True,3,14,6;12,5;6;7;8;9;10;13;14;15;16;17;18;19;20;21;22;23;24,ok,20.739151894193736,1.4000940158529289,0.87402895259881874,12.776976380754732,22.080405140416172,1,ok,0,False,0,inherited_not_established,-0.074575102950855454,2.6497369235887032,-0.07457510295085612,2.6497369235887032,False,0,0.98358804266717237,all_years_common,994,10,3,3,True,6,2;8,6;7;14;15;16;17;18;19;20;21,some_pairs_outside_full_blocks,19.944669732687537,1.2255022637576722,0.85421464322366258,,,0,bootstrap_unavailable,0,False,0,inherited_not_established,,,,,,,,-0.79448216150619899,-0.17459175209525668
7,2018,2019,pairwise,D2,1010,18,4,4,True,3,14,6;12,5;6;7;8;9;10;13;14;15;16;17;18;19;20;21;22;23;24,ok,1.3917716390082546,0.9031665622247953,0.84405422158402366,-10.528223591055276,4.1657479043976231,0,ok,1,True,0,inherited_not_established,0.18350209895036362,1.7912209891985971,0.18350209895036329,1.7912209891985977,False,0,0.99464662851327534,all_years_common,1010,10,3,3,True,6,2;8,6;7;14;15;16;17;18;19;20;21,some_pairs_outside_full_blocks,1.3917716390082546,0.35462650254966555,0.95907392113779977,,,0,bootstrap_unavailable,0,False,0,inherited_not_established,,,,,,,,0,-0.54854005967512975
7,2018,2019,pairwise,D3,1026,18,4,4,True,3,14,6;12,5;6;7;8;9;10;13;14;15;16;17;18;19;20;21;22;23;24,ok,-4.4458837524302677,1.3975700424447233,0.93998474343284089,-11.453988637409655,0.14757442974974211,0,ok,1,True,0,inherited_not_established,0.95220309962312122,2.2015542735112206,0.95220309962312122,2.2015542735112206,False,0,0.99634124354779596,all_years_common,1026,10,3,3,True,6,2;8,6;7;14;15;16;17;18;19;20;21,some_pairs_outside_full_blocks,-4.4458837524302677,1.1768878243241989,0.949534103242195,,,0,bootstrap_unavailable,0,False,0,inherited_not_established,,,,,,,,0,-0.22068221812052435
7,2018,2019,pairwise,D1,994,18,4,4,True,14,0,6;12,5;6;7;8;9;10;13;14;15;16;17;18;19;20;21;22;23;24,some_pairs_outside_full_blocks,20.739151894193736,1.4000940158529289,0.87402895259881874,,,0,bootstrap_unavailable,0,False,0,inherited_not_established,,,,,,,,all_years_common,994,10,3,3,True,0,2;8,6;7;14;15;16;17;18;19;20;21,some_pairs_outside_full_blocks,19.944669732687537,1.2255022637576722,0.85421464322366258,,,0,bootstrap_unavailable,0,False,0,inherited_not_established,,,,,,,,-0.79448216150619899,-0.17459175209525668
7,2018,2019,pairwise,D2,1010,18,4,4,True,14,0,6;12,5;6;7;8;9;10;13;14;15;16;17;18;19;20;21;22;23;24,some_pairs_outside_full_blocks,1.3917716390082546,0.9031665622247953,0.84405422158402366,,,0,bootstrap_unavailable,0,False,0,inherited_not_established,,,,,,,,all_years_common,1010,10,3,3,True,0,2;8,6;7;14;15;16;17;18;19;20;21,some_pairs_outside_full_blocks,1.3917716390082546,0.35462650254966555,0.95907392113779977,,,0,bootstrap_unavailable,0,False,0,inherited_not_established,,,,,,,,0,-0.54854005967512975
7,2018,2019,pairwise,D3,1026,18,4,4,True,14,0,6;12,5;6;7;8;9;10;13;14;15;16;17;18;19;20;21;22;23;24,some_pairs_outside_full_blocks,-4.4458837524302677,1.3975700424447233,0.93998474343284089,,,0,bootstrap_unavailable,0,False,0,inherited_not_established,,,,,,,,all_years_common,1026,10,3,3,True,0,2;8,6;7;14;15;16;17;18;19;20;21,some_pairs_outside_full_blocks,-4.4458837524302677,1.1768878243241989,0.949534103242195,,,0,bootstrap_unavailable,0,False,0,inherited_not_established,,,,,,,,0,-0.22068221812052435
7,2018,2020,pairwise,D1,994,11,4,3,True,7,2,2;8;1,6;7;14;15;16;17;18;19;20;21;26,some_pairs_outside_full_blocks,-9.5964046188896219,-1.3700104273337441,0.83746170056764013,,,0,bootstrap_unavailable,0,False,0,inherited_not_established,,,,,,,,all_years_common,994,10,3,3,True,2,2;8,6;7;14;15;16;17;18;19;20;21,some_pairs_outside_full_blocks,-10.043982172573939,-1.6877093710434785,0.85365794570071363,,,0,bootstrap_unavailable,0,False,0,inherited_not_established,,,,,,,,-0.44757755368431695,-0.31769894370973439
7,2018,2020,pairwise,D2,1010,11,4,3,True,7,2,2;8;1,6;7;14;15;16;17;18;19;20;21;26,some_pairs_outside_full_blocks,-9.7842428451394738,-0.32786907597150083,0.86717226157407301,,,0,bootstrap_unavailable,0,False,0,inherited_not_established,,,,,,,,all_years_common,1010,10,3,3,True,2,2;8,6;7;14;15;16;17;18;19;20;21,some_pairs_outside_full_blocks,-10.619732948444891,-0.40245645977448063,0.85545746195028327,,,0,bootstrap_unavailable,0,False,0,inherited_not_established,,,,,,,,-0.83549010330541762,-0.074587383802979801
7,2018,2020,pairwise,D3,1026,11,4,3,True,7,2,2;8;1,6;7;14;15;16;17;18;19;20;21;26,some_pairs_outside_full_blocks,-4.3017722741530076,-0.22576005021563716,0.94305853119809346,,,0,bootstrap_unavailable,0,False,0,inherited_not_established,,,,,,,,all_years_common,1026,10,3,3,True,2,2;8,6;7;14;15;16;17;18;19;20;21,some_pairs_outside_full_blocks,-4.4497413725247386,-0.35328703905790526,0.94297298687919895,,,0,bootstrap_unavailable,0,False,0,inherited_not_established,,,,,,,,-0.147969098371731,-0.1275269888422681
7,2018,2020,pairwise,D1,994,11,4,3,True,3,6,2;8;1,6;7;14;15;16;17;18;19;20;21;26,some_pairs_outside_full_blocks,-9.5964046188896219,-1.3700104273337441,0.83746170056764013,,,0,bootstrap_unavailable,0,False,0,inherited_not_established,,,,,,,,all_years_common,994,10,3,3,True,6,2;8,6;7;14;15;16;17;18;19;20;21,some_pairs_outside_full_blocks,-10.043982172573939,-1.6877093710434785,0.85365794570071363,,,0,bootstrap_unavailable,0,False,0,inherited_not_established,,,,,,,,-0.44757755368431695,-0.31769894370973439
7,2018,2020,pairwise,D2,1010,11,4,3,True,3,6,2;8;1,6;7;14;15;16;17;18;19;20;21;26,some_pairs_outside_full_blocks,-9.7842428451394738,-0.32786907597150083,0.86717226157407301,,,0,bootstrap_unavailable,0,False,0,inherited_not_established,,,,,,,,all_years_common,1010,10,3,3,True,6,2;8,6;7;14;15;16;17;18;19;20;21,some_pairs_outside_full_blocks,-10.619732948444891,-0.40245645977448063,0.85545746195028327,,,0,bootstrap_unavailable,0,False,0,inherited_not_established,,,,,,,,-0.83549010330541762,-0.074587383802979801
7,2018,2020,pairwise,D3,1026,11,4,3,True,3,6,2;8;1,6;7;14;15;16;17;18;19;20;21;26,some_pairs_outside_full_blocks,-4.3017722741530076,-0.22576005021563716,0.94305853119809346,,,0,bootstrap_unavailable,0,False,0,inherited_not_established,,,,,,,,all_years_common,1026,10,3,3,True,6,2;8,6;7;14;15;16;17;18;19;20;21,some_pairs_outside_full_blocks,-4.4497413725247386,-0.35328703905790526,0.94297298687919895,,,0,bootstrap_unavailable,0,False,0,inherited_not_established,,,,,,,,-0.147969098371731,-0.1275269888422681
7,2018,2020,pairwise,D1,994,11,4,3,True,14,0,2;8;1,6;7;14;15;16;17;18;19;20;21;26,some_pairs_outside_full_blocks,-9.5964046188896219,-1.3700104273337441,0.83746170056764013,,,0,bootstrap_unavailable,0,False,0,inherited_not_established,,,,,,,,all_years_common,994,10,3,3,True,0,2;8,6;7;14;15;16;17;18;19;20;21,some_pairs_outside_full_blocks,-10.043982172573939,-1.6877093710434785,0.85365794570071363,,,0,bootstrap_unavailable,0,False,0,inherited_not_established,,,,,,,,-0.44757755368431695,-0.31769894370973439
7,2018,2020,pairwise,D2,1010,11,4,3,True,14,0,2;8;1,6;7;14;15;16;17;18;19;20;21;26,some_pairs_outside_full_blocks,-9.7842428451394738,-0.32786907597150083,0.86717226157407301,,,0,bootstrap_unavailable,0,False,0,inherited_not_established,,,,,,,,all_years_common,1010,10,3,3,True,0,2;8,6;7;14;15;16;17;18;19;20;21,some_pairs_outside_full_blocks,-10.619732948444891,-0.40245645977448063,0.85545746195028327,,,0,bootstrap_unavailable,0,False,0,inherited_not_established,,,,,,,,-0.83549010330541762,-0.074587383802979801
7,2018,2020,pairwise,D3,1026,11,4,3,True,14,0,2;8;1,6;7;14;15;16;17;18;19;20;21;26,some_pairs_outside_full_blocks,-4.3017722741530076,-0.22576005021563716,0.94305853119809346,,,0,bootstrap_unavailable,0,False,0,inherited_not_established,,,,,,,,all_years_common,1026,10,3,3,True,0,2;8,6;7;14;15;16;17;18;19;20;21,some_pairs_outside_full_blocks,-4.4497413725247386,-0.35328703905790526,0.94297298687919895,,,0,bootstrap_unavailable,0,False,0,inherited_not_established,,,,,,,,-0.147969098371731,-0.1275269888422681
7,2019,2020,pairwise,D1,994,12,4,4,True,7,2,2;1;8;1,6;7;11;14;15;16;17;18;19;20;21;29,some_pairs_outside_full_blocks,-26.455915438521032,-2.7499648430495967,0.98593923225636804,,,0,bootstrap_unavailable,0,False,0,inherited_not_established,,,,,,,,all_years_common,994,10,3,3,True,2,2;8,6;7;14;15;16;17;18;19;20;21,some_pairs_outside_full_blocks,-27.81841781762764,-2.8732624185459859,0.98715913268733813,,,0,bootstrap_unavailable,0,False,0,inherited_not_established,,,,,,,,-1.3625023791066084,-0.1232975754963892
7,2019,2020,pairwise,D2,1010,12,4,4,True,7,2,2;1;8;1,6;7;11;14;15;16;17;18;19;20;21;29,some_pairs_outside_full_blocks,-9.8794364230945675,-1.1234204043214202,0.85919519687634216,,,0,bootstrap_unavailable,0,False,0,inherited_not_established,,,,,,,,all_years_common,1010,10,3,3,True,2,2;8,6;7;14;15;16;17;18;19;20;21,some_pairs_outside_full_blocks,-11.285854141474394,-1.0078218512211592,0.83303065865911186,,,0,bootstrap_unavailable,0,False,0,inherited_not_established,,,,,,,,-1.4064177183798261,0.11559855310026101
7,2019,2020,pairwise,D3,1026,12,4,4,True,7,2,2;1;8;1,6;7;11;14;15;16;17;18;19;20;21;29,some_pairs_outside_full_blocks,-0.38068384241350994,-1.4937097608277021,0.98022530892566229,,,0,bootstrap_unavailable,0,False,0,inherited_not_established,,,,,,,,all_years_common,1026,10,3,3,True,2,2;8,6;7;14;15;16;17;18;19;20;21,some_pairs_outside_full_blocks,-0.92686433435075877,-1.5394973724613497,0.97841078582321928,,,0,bootstrap_unavailable,0,False,0,inherited_not_established,,,,,,,,-0.54618049193724882,-0.045787611633647529
7,2019,2020,pairwise,D1,994,12,4,4,True,3,6,2;1;8;1,6;7;11;14;15;16;17;18;19;20;21;29,some_pairs_outside_full_blocks,-26.455915438521032,-2.7499648430495967,0.98593923225636804,,,0,bootstrap_unavailable,0,False,0,inherited_not_established,,,,,,,,all_years_common,994,10,3,3,True,6,2;8,6;7;14;15;16;17;18;19;20;21,some_pairs_outside_full_blocks,-27.81841781762764,-2.8732624185459859,0.98715913268733813,,,0,bootstrap_unavailable,0,False,0,inherited_not_established,,,,,,,,-1.3625023791066084,-0.1232975754963892
7,2019,2020,pairwise,D2,1010,12,4,4,True,3,6,2;1;8;1,6;7;11;14;15;16;17;18;19;20;21;29,some_pairs_outside_full_blocks,-9.8794364230945675,-1.1234204043214202,0.85919519687634216,,,0,bootstrap_unavailable,0,False,0,inherited_not_established,,,,,,,,all_years_common,1010,10,3,3,True,6,2;8,6;7;14;15;16;17;18;19;20;21,some_pairs_outside_full_blocks,-11.285854141474394,-1.0078218512211592,0.83303065865911186,,,0,bootstrap_unavailable,0,False,0,inherited_not_established,,,,,,,,-1.4064177183798261,0.11559855310026101
7,2019,2020,pairwise,D3,1026,12,4,4,True,3,6,2;1;8;1,6;7;11;14;15;16;17;18;19;20;21;29,some_pairs_outside_full_blocks,-0.38068384241350994,-1.4937097608277021,0.98022530892566229,,,0,bootstrap_unavailable,0,False,0,inherited_not_established,,,,,,,,all_years_common,1026,10,3,3,True,6,2;8,6;7;14;15;16;17;18;19;20;21,some_pairs_outside_full_blocks,-0.92686433435075877,-1.5394973724613497,0.97841078582321928,,,0,bootstrap_unavailable,0,False,0,inherited_not_established,,,,,,,,-0.54618049193724882,-0.045787611633647529
7,2019,2020,pairwise,D1,994,12,4,4,True,14,0,2;1;8;1,6;7;11;14;15;16;17;18;19;20;21;29,some_pairs_outside_full_blocks,-26.455915438521032,-2.7499648430495967,0.98593923225636804,,,0,bootstrap_unavailable,0,False,0,inherited_not_established,,,,,,,,all_years_common,994,10,3,3,True,0,2;8,6;7;14;15;16;17;18;19;20;21,some_pairs_outside_full_blocks,-27.81841781762764,-2.8732624185459859,0.98715913268733813,,,0,bootstrap_unavailable,0,False,0,inherited_not_established,,,,,,,,-1.3625023791066084,-0.1232975754963892
7,2019,2020,pairwise,D2,1010,12,4,4,True,14,0,2;1;8;1,6;7;11;14;15;16;17;18;19;20;21;29,some_pairs_outside_full_blocks,-9.8794364230945675,-1.1234204043214202,0.85919519687634216,,,0,bootstrap_unavailable,0,False,0,inherited_not_established,,,,,,,,all_years_common,1010,10,3,3,True,0,2;8,6;7;14;15;16;17;18;19;20;21,some_pairs_outside_full_blocks,-11.285854141474394,-1.0078218512211592,0.83303065865911186,,,0,bootstrap_unavailable,0,False,0,inherited_not_established,,,,,,,,-1.4064177183798261,0.11559855310026101
7,2019,2020,pairwise,D3,1026,12,4,4,True,14,0,2;1;8;1,6;7;11;14;15;16;17;18;19;20;21;29,some_pairs_outside_full_blocks,-0.38068384241350994,-1.4937097608277021,0.98022530892566229,,,0,bootstrap_unavailable,0,False,0,inherited_not_established,,,,,,,,all_years_common,1026,10,3,3,True,0,2;8,6;7;14;15;16;17;18;19;20;21,some_pairs_outside_full_blocks,-0.92686433435075877,-1.5394973724613497,0.97841078582321928,,,0,bootstrap_unavailable,0,False,0,inherited_not_established,,,,,,,,-0.54618049193724882,-0.045787611633647529
8,2018,2019,pairwise,D1,994,13,3,3,True,7,2,5;8,17;18;19;20;21;24;25;26;27;28;29;30;31,some_pairs_outside_full_blocks,8.7118357776751552,-0.2554929388799394,0.47485147254598264,,,0,bootstrap_unavailable,0,False,0,inherited_not_established,,,,,,,,all_years_common,994,12,3,3,True,1,5;7,17;18;19;20;21;24;25;26;27;28;29;30,some_pairs_outside_full_blocks,7.8779817073772005,-0.10658204351359757,0.43314609463394976,,,0,bootstrap_unavailable,0,False,0,inherited_not_established,,,,,,,,-0.83385407029795466,0.14891089536634183
8,2018,2019,pairwise,D2,1010,13,3,3,True,7,2,5;8,17;18;19;20;21;24;25;26;27;28;29;30;31,some_pairs_outside_full_blocks,-3.7783598583299352,0.083906379726002456,0.62017007878864283,,,0,bootstrap_unavailable,0,False,0,inherited_not_established,,,,,,,,all_years_common,1010,12,3,3,True,1,5;7,17;18;19;20;21;24;25;26;27;28;29;30,some_pairs_outside_full_blocks,-5.2686223287471421,0.077139662721631197,0.58852503098819353,,,0,bootstrap_unavailable,0,False,0,inherited_not_established,,,,,,,,-1.4902624704172069,-0.0067667170043712588
8,2018,2019,pairwise,D3,1026,13,3,3,True,7,2,5;8,17;18;19;20;21;24;25;26;27;28;29;30;31,some_pairs_outside_full_blocks,-2.0297091814544395,1.8365314928154568,0.53320087600954935,,,0,bootstrap_unavailable,0,False,0,inherited_not_established,,,,,,,,all_years_common,1026,12,3,3,True,1,5;7,17;18;19;20;21;24;25;26;27;28;29;30,some_pairs_outside_full_blocks,-2.8126772350034592,1.533834591142508,0.50615467452244978,,,0,bootstrap_unavailable,0,False,0,inherited_not_established,,,,,,,,-0.78296805354901977,-0.30269690167294883
8,2018,2019,pairwise,D1,994,13,3,3,True,3,9,5;8,17;18;19;20;21;24;25;26;27;28;29;30;31,ok,8.7118357776751552,-0.2554929388799394,0.47485147254598264,-8.3397034128690919,13.021412004407694,0,ok,0,False,0,inherited_not_established,-4.5921969659626631,4.3776523622518786,-4.5921969659626631,4.3776523622518795,False,0,0.85715791095951477,all_years_common,994,12,3,3,True,8,5;7,17;18;19;20;21;24;25;26;27;28;29;30,ok,7.8779817073772005,-0.10658204351359757,0.43314609463394976,-8.3397034128690919,13.021412004407694,0,not_localized_in_open_semicircle,0,False,0,inherited_not_established,,,,,False,0,0.78124928340136546,-0.83385407029795466,0.14891089536634183
8,2018,2019,pairwise,D2,1010,13,3,3,True,3,9,5;8,17;18;19;20;21;24;25;26;27;28;29;30;31,ok,-3.7783598583299352,0.083906379726002456,0.62017007878864283,-9.775271019955639,15.345195023405754,0,ok,0,False,0,inherited_not_established,-1.6633850616755714,1.0013510521698259,-1.6633850616755712,1.0013510521698255,False,0,0.98484017912184685,all_years_common,1010,12,3,3,True,8,5;7,17;18;19;20;21;24;25;26;27;28;29;30,ok,-5.2686223287471421,0.077139662721631197,0.58852503098819353,-8.7842896560207109,15.345195023405754,0,ok,0,False,0,inherited_not_established,-1.7211141142303434,0.98349367737808713,-1.7211141142303426,0.98349367737808713,False,0,0.98354439577656316,-1.4902624704172069,-0.0067667170043712588
8,2018,2019,pairwise,D3,1026,13,3,3,True,3,9,5;8,17;18;19;20;21;24;25;26;27;28;29;30;31,ok,-2.0297091814544395,1.8365314928154568,0.53320087600954935,-9.8252734035143536,10.027875086011882,0,ok,0,False,0,inherited_not_established,-1.0090002650923808,2.2883466007340747,-1.0090002650923804,2.2883466007340747,False,0,0.97794186249977288,all_years_common,1026,12,3,3,True,8,5;7,17;18;19;20;21;24;25;26;27;28;29;30,ok,-2.8126772350034592,1.533834591142508,0.50615467452244978,-9.8252734035143536,10.306625556880707,0,ok,0,False,0,inherited_not_established,-0.90365763500731333,2.0009261083420373,-0.90365763500731333,2.0009261083420373,False,0,0.97824489027632155,-0.78296805354901977,-0.30269690167294883
8,2018,2019,pairwise,D1,994,13,3,3,True,14,0,5;8,17;18;19;20;21;24;25;26;27;28;29;30;31,some_pairs_outside_full_blocks,8.7118357776751552,-0.2554929388799394,0.47485147254598264,,,0,bootstrap_unavailable,0,False,0,inherited_not_established,,,,,,,,all_years_common,994,12,3,3,True,0,5;7,17;18;19;20;21;24;25;26;27;28;29;30,some_pairs_outside_full_blocks,7.8779817073772005,-0.10658204351359757,0.43314609463394976,,,0,bootstrap_unavailable,0,False,0,inherited_not_established,,,,,,,,-0.83385407029795466,0.14891089536634183
8,2018,2019,pairwise,D2,1010,13,3,3,True,14,0,5;8,17;18;19;20;21;24;25;26;27;28;29;30;31,some_pairs_outside_full_blocks,-3.7783598583299352,0.083906379726002456,0.62017007878864283,,,0,bootstrap_unavailable,0,False,0,inherited_not_established,,,,,,,,all_years_common,1010,12,3,3,True,0,5;7,17;18;19;20;21;24;25;26;27;28;29;30,some_pairs_outside_full_blocks,-5.2686223287471421,0.077139662721631197,0.58852503098819353,,,0,bootstrap_unavailable,0,False,0,inherited_not_established,,,,,,,,-1.4902624704172069,-0.0067667170043712588
8,2018,2019,pairwise,D3,1026,13,3,3,True,14,0,5;8,17;18;19;20;21;24;25;26;27;28;29;30;31,some_pairs_outside_full_blocks,-2.0297091814544395,1.8365314928154568,0.53320087600954935,,,0,bootstrap_unavailable,0,False,0,inherited_not_established,,,,,,,,all_years_common,1026,12,3,3,True,0,5;7,17;18;19;20;21;24;25;26;27;28;29;30,some_pairs_outside_full_blocks,-2.8126772350034592,1.533834591142508,0.50615467452244978,,,0,bootstrap_unavailable,0,False,0,inherited_not_established,,,,,,,,-0.78296805354901977,-0.30269690167294883
8,2018,2020,pairwise,D1,994,12,3,2,True,7,1,5;7,17;18;19;20;21;24;25;26;27;28;29;30,some_pairs_outside_full_blocks,-0.19687236123601792,-2.5402825125229764,0.55644839623101705,,,0,bootstrap_unavailable,0,False,0,inherited_not_established,,,,,,,,all_years_common,994,12,3,2,True,1,5;7,17;18;19;20;21;24;25;26;27;28;29;30,some_pairs_outside_full_blocks,-0.19687236123601792,-2.5402825125229764,0.55644839623101705,,,0,bootstrap_unavailable,0,False,0,inherited_not_established,,,,,,,,0,0
8,2018,2020,pairwise,D2,1010,12,3,2,True,7,1,5;7,17;18;19;20;21;24;25;26;27;28;29;30,some_pairs_outside_full_blocks,0.19063423984705707,-1.8225044237247072,0.59570195186574604,,,0,bootstrap_unavailable,0,False,0,inherited_not_established,,,,,,,,all_years_common,1010,12,3,2,True,1,5;7,17;18;19;20;21;24;25;26;27;28;29;30,some_pairs_outside_full_blocks,0.19063423984705707,-1.8225044237247072,0.59570195186574604,,,0,bootstrap_unavailable,0,False,0,inherited_not_established,,,,,,,,0,0
8,2018,2020,pairwise,D3,1026,12,3,2,True,7,1,5;7,17;18;19;20;21;24;25;26;27;28;29;30,some_pairs_outside_full_blocks,0.71673885278792548,-0.32354474525777732,0.51848453018153251,,,0,bootstrap_unavailable,0,False,0,inherited_not_established,,,,,,,,all_years_common,1026,12,3,2,True,1,5;7,17;18;19;20;21;24;25;26;27;28;29;30,some_pairs_outside_full_blocks,0.71673885278792548,-0.32354474525777732,0.51848453018153251,,,0,bootstrap_unavailable,0,False,0,inherited_not_established,,,,,,,,0,0
8,2018,2020,pairwise,D1,994,12,3,2,True,3,8,5;7,17;18;19;20;21;24;25;26;27;28;29;30,ok,-0.19687236123601792,-2.5402825125229764,0.55644839623101705,-3.8574788156462372,20.112741987896761,0,ok,-1,True,0,inherited_not_established,-4.1497452809495474,-0.024209446507285293,-4.1497452809495474,-0.024209446507285293,False,0,0.96476374645829066,all_years_common,994,12,3,2,True,8,5;7,17;18;19;20;21;24;25;26;27;28;29;30,ok,-0.19687236123601792,-2.5402825125229764,0.55644839623101705,-3.8574788156462372,14.130300128953561,0,ok,-1,True,0,inherited_not_established,-4.1459379964705034,-0.14338748446012506,-4.1459379964705034,-0.14338748446012417,False,0,0.96607317857926267,0,0
8,2018,2020,pairwise,D2,1010,12,3,2,True,3,8,5;7,17;18;19;20;21;24;25;26;27;28;29;30,ok,0.19063423984705707,-1.8225044237247072,0.59570195186574604,-6.671410632357146,3.9988577188554686,0,ok,-1,True,0,inherited_not_established,-3.5857552928569083,-0.88722541704906099,-3.5857552928569092,-0.88722541704906099,False,0,0.98517821179423115,all_years_common,1010,12,3,2,True,8,5;7,17;18;19;20;21;24;25;26;27;28;29;30,ok,0.19063423984705707,-1.8225044237247072,0.59570195186574604,-6.671410632357146,3.9988577188554686,0,ok,-1,True,0,inherited_not_established,-3.4928440929356217,-0.88722541704906099,-3.4928440929356217,-0.88722541704906099,False,0,0.98556371056593217,0,0
8,2018,2020,pairwise,D3,1026,12,3,2,True,3,8,5;7,17;18;19;20;21;24;25;26;27;28;29;30,ok,0.71673885278792548,-0.32354474525777732,0.51848453018153251,-6.3209095921766014,4.0881446060924773,0,ok,0,False,0,inherited_not_established,-3.1777305585190501,0.49865020495949786,-3.1777305585190501,0.49865020495949786,False,0,0.96923234640208022,all_years_common,1026,12,3,2,True,8,5;7,17;18;19;20;21;24;25;26;27;28;29;30,ok,0.71673885278792548,-0.32354474525777732,0.51848453018153251,-6.3209095921766014,3.7583705088960544,0,ok,0,False,0,inherited_not_established,-3.1777305585190483,0.47529051625515883,-3.1777305585190483,0.47529051625515883,False,0,0.9698155974319449,0,0
8,2018,2020,pairwise,D1,994,12,3,2,True,14,0,5;7,17;18;19;20;21;24;25;26;27;28;29;30,some_pairs_outside_full_blocks,-0.19687236123601792,-2.5402825125229764,0.55644839623101705,,,0,bootstrap_unavailable,0,False,0,inherited_not_established,,,,,,,,all_years_common,994,12,3,2,True,0,5;7,17;18;19;20;21;24;25;26;27;28;29;30,some_pairs_outside_full_blocks,-0.19687236123601792,-2.5402825125229764,0.55644839623101705,,,0,bootstrap_unavailable,0,False,0,inherited_not_established,,,,,,,,0,0
8,2018,2020,pairwise,D2,1010,12,3,2,True,14,0,5;7,17;18;19;20;21;24;25;26;27;28;29;30,some_pairs_outside_full_blocks,0.19063423984705707,-1.8225044237247072,0.59570195186574604,,,0,bootstrap_unavailable,0,False,0,inherited_not_established,,,,,,,,all_years_common,1010,12,3,2,True,0,5;7,17;18;19;20;21;24;25;26;27;28;29;30,some_pairs_outside_full_blocks,0.19063423984705707,-1.8225044237247072,0.59570195186574604,,,0,bootstrap_unavailable,0,False,0,inherited_not_established,,,,,,,,0,0
8,2018,2020,pairwise,D3,1026,12,3,2,True,14,0,5;7,17;18;19;20;21;24;25;26;27;28;29;30,some_pairs_outside_full_blocks,0.71673885278792548,-0.32354474525777732,0.51848453018153251,,,0,bootstrap_unavailable,0,False,0,inherited_not_established,,,,,,,,all_years_common,1026,12,3,2,True,0,5;7,17;18;19;20;21;24;25;26;27;28;29;30,some_pairs_outside_full_blocks,0.71673885278792548,-0.32354474525777732,0.51848453018153251,,,0,bootstrap_unavailable,0,False,0,inherited_not_established,,,,,,,,0,0
8,2019,2020,pairwise,D1,994,29,5,5,True,7,23,29,2;3;4;5;6;7;8;9;10;11;12;13;14;15;16;17;18;19;20;21;22;23;24;25;26;27;28;29;30,ok,-7.8564041234769206,-1.3848675976517306,0.84714993668290928,-8.6914615498214509,13.697807834617713,0,ok,-1,True,0,inherited_not_established,-1.9693851013176826,-0.36770551282018538,-1.9693851013176822,-0.36770551282018538,False,0,0.9941110805783786,all_years_common,994,12,3,2,True,1,5;7,17;18;19;20;21;24;25;26;27;28;29;30,some_pairs_outside_full_blocks,-8.5643012895591966,-1.2285790731421091,0.71324901316667599,,,0,bootstrap_unavailable,0,False,0,inherited_not_established,,,,,,,,-0.70789716608227593,0.1562885245096215
8,2019,2020,pairwise,D2,1010,29,5,5,True,7,23,29,2;3;4;5;6;7;8;9;10;11;12;13;14;15;16;17;18;19;20;21;22;23;24;25;26;27;28;29;30,ok,4.3861031066022491,-1.1192710326240132,0.90743762624196933,1.0768352351573078,8.2794823997943219,1,ok,-1,True,0,inherited_not_established,-1.3760136750111434,-0.71298121309314255,-1.3760136750111442,-0.71298121309314233,False,0,0.99899677983841073,all_years_common,1010,12,3,2,True,1,5;7,17;18;19;20;21;24;25;26;27;28;29;30,some_pairs_outside_full_blocks,0.96903188557569919,-1.4355752196253722,0.8122406271667546,,,0,bootstrap_unavailable,0,False,0,inherited_not_established,,,,,,,,-3.4170712210265499,-0.31630418700135898
8,2019,2020,pairwise,D3,1026,29,5,5,True,7,23,29,2;3;4;5;6;7;8;9;10;11;12;13;14;15;16;17;18;19;20;21;22;23;24;25;26;27;28;29;30,ok,3.8088575901932664,-1.2396642457254003,0.94391652250606284,-0.093569184824726648,5.7055168890216397,0,ok,-1,True,0,inherited_not_established,-1.4388413677337848,-0.80187616897488301,-1.4388413677337848,-0.80187616897488212,False,0,0.99902798715684182,all_years_common,1026,12,3,2,True,1,5;7,17;18;19;20;21;24;25;26;27;28;29;30,some_pairs_outside_full_blocks,-0.41275850412118764,-1.4682971706451617,0.89467301274705324,,,0,bootstrap_unavailable,0,False,0,inherited_not_established,,,,,,,,-4.2216160943144541,-0.22863292491976139
8,2019,2020,pairwise,D1,994,29,5,5,True,3,27,29,2;3;4;5;6;7;8;9;10;11;12;13;14;15;16;17;18;19;20;21;22;23;24;25;26;27;28;29;30,ok,-7.8564041234769206,-1.3848675976517306,0.84714993668290928,-10.39847287282489,-1.1302095220867123,-1,ok,-1,True,0,inherited_not_established,-2.0585928259002229,-0.59200325202145387,-2.0585928259002237,-0.59200325202145443,False,0,0.99521619233711245,all_years_common,994,12,3,2,True,8,5;7,17;18;19;20;21;24;25;26;27;28;29;30,ok,-8.5643012895591966,-1.2285790731421091,0.71324901316667599,-11.276628868750167,13.763547633671816,0,ok,0,False,0,inherited_not_established,-2.6347678370147767,0.27398829056440133,-2.6347678370147776,0.27398829056440199,False,0,0.97926385049865594,-0.70789716608227593,0.1562885245096215
8,2019,2020,pairwise,D2,1010,29,5,5,True,3,27,29,2;3;4;5;6;7;8;9;10;11;12;13;14;15;16;17;18;19;20;21;22;23;24;25;26;27;28;29;30,ok,4.3861031066022491,-1.1192710326240132,0.90743762624196933,1.0768352351573078,6.0451315924152205,1,ok,-1,True,0,inherited_not_established,-1.7359266958655004,-0.70369117848682827,-1.7359266958655013,-0.70369117848682805,False,0,0.99766102369937837,all_years_common,1010,12,3,2,True,8,5;7,17;18;19;20;21;24;25;26;27;28;29;30,ok,0.96903188557569919,-1.4355752196253722,0.8122406271667546,-9.1770673198522239,5.0968025057150914,0,ok,-1,True,0,inherited_not_established,-2.8475030286381173,-0.47046234611535986,-2.8475030286381173,-0.47046234611535986,False,0,0.98741020116503664,-3.4170712210265499,-0.31630418700135898
8,2019,2020,pairwise,D3,1026,29,5,5,True,3,27,29,2;3;4;5;6;7;8;9;10;11;12;13;14;15;16;17;18;19;20;21;22;23;24;25;26;27;28;29;30,ok,3.8088575901932664,-1.2396642457254003,0.94391652250606284,0.672986550097189,4.9576528359794327,1,ok,-1,True,0,inherited_not_established,-1.7873082018055393,-0.78375073047917976,-1.7873082018055388,-0.78375073047918065,False,0,0.99782087793549068,all_years_common,1026,12,3,2,True,8,5;7,17;18;19;20;21;24;25;26;27;28;29;30,ok,-0.41275850412118764,-1.4682971706451617,0.89467301274705324,-6.2695045771158266,3.9659220327029594,0,ok,-1,True,0,inherited_not_established,-2.7548395482430141,-0.65036913281583075,-2.7548395482430141,-0.65036913281583075,False,0,0.99081679305264414,-4.2216160943144541,-0.22863292491976139
8,2019,2020,pairwise,D1,994,29,5,5,True,14,16,29,2;3;4;5;6;7;8;9;10;11;12;13;14;15;16;17;18;19;20;21;22;23;24;25;26;27;28;29;30,ok,-7.8564041234769206,-1.3848675976517306,0.84714993668290928,-8.6914615498214509,-4.6378943119068765,-1,ok,-1,True,0,inherited_not_established,-1.9159609979088792,-0.56426051230692087,-1.9159609979088792,-0.56426051230692131,False,0,0.99547983009998653,all_years_common,994,12,3,2,True,0,5;7,17;18;19;20;21;24;25;26;27;28;29;30,some_pairs_outside_full_blocks,-8.5643012895591966,-1.2285790731421091,0.71324901316667599,,,0,bootstrap_unavailable,0,False,0,inherited_not_established,,,,,,,,-0.70789716608227593,0.1562885245096215
8,2019,2020,pairwise,D2,1010,29,5,5,True,14,16,29,2;3;4;5;6;7;8;9;10;11;12;13;14;15;16;17;18;19;20;21;22;23;24;25;26;27;28;29;30,ok,4.3861031066022491,-1.1192710326240132,0.90743762624196933,1.0768352351573078,5.9744300184519652,1,ok,-1,True,0,inherited_not_established,-1.3037980459126004,-0.82966501508637813,-1.3037980459126004,-0.82966501508637869,False,0,0.99947329381289673,all_years_common,1010,12,3,2,True,0,5;7,17;18;19;20;21;24;25;26;27;28;29;30,some_pairs_outside_full_blocks,0.96903188557569919,-1.4355752196253722,0.8122406271667546,,,0,bootstrap_unavailable,0,False,0,inherited_not_established,,,,,,,,-3.4170712210265499,-0.31630418700135898
8,2019,2020,pairwise,D3,1026,29,5,5,True,14,16,29,2;3;4;5;6;7;8;9;10;11;12;13;14;15;16;17;18;19;20;21;22;23;24;25;26;27;28;29;30,ok,3.8088575901932664,-1.2396642457254003,0.94391652250606284,0.672986550097189,4.8619914042198022,1,ok,-1,True,0,inherited_not_established,-1.3537798003881387,-0.85502955928120272,-1.3537798003881392,-0.85502955928120272,False,0,0.99942003162652948,all_years_common,1026,12,3,2,True,0,5;7,17;18;19;20;21;24;25;26;27;28;29;30,some_pairs_outside_full_blocks,-0.41275850412118764,-1.4682971706451617,0.89467301274705324,,,0,bootstrap_unavailable,0,False,0,inherited_not_established,,,,,,,,-4.2216160943144541,-0.22863292491976139
9,2018,2019,pairwise,D1,994,11,4,6,True,7,0,3;3;1;3;1,1;2;3;7;8;9;17;21;22;23;30,some_pairs_outside_full_blocks,-3.5812350211097836,-1.7111042404540022,0.94061427817108745,,,0,bootstrap_unavailable,0,False,0,inherited_not_established,,,,,,,,all_years_common,994,11,4,6,True,0,3;3;1;3;1,1;2;3;7;8;9;17;21;22;23;30,some_pairs_outside_full_blocks,-3.5812350211097836,-1.7111042404540022,0.94061427817108745,,,0,bootstrap_unavailable,0,False,0,inherited_not_established,,,,,,,,0,0
9,2018,2019,pairwise,D2,1010,11,4,6,True,7,0,3;3;1;3;1,1;2;3;7;8;9;17;21;22;23;30,some_pairs_outside_full_blocks,-3.2796517923173738,-1.0385875781374718,0.97377062522931157,,,0,bootstrap_unavailable,0,False,0,inherited_not_established,,,,,,,,all_years_common,1010,11,4,6,True,0,3;3;1;3;1,1;2;3;7;8;9;17;21;22;23;30,some_pairs_outside_full_blocks,-3.2796517923173738,-1.0385875781374718,0.97377062522931157,,,0,bootstrap_unavailable,0,False,0,inherited_not_established,,,,,,,,0,0
9,2018,2019,pairwise,D3,1026,11,4,6,True,7,0,3;3;1;3;1,1;2;3;7;8;9;17;21;22;23;30,some_pairs_outside_full_blocks,-0.64186558713548436,-1.2721555771552033,0.93711102591408968,,,0,bootstrap_unavailable,0,False,0,inherited_not_established,,,,,,,,all_years_common,1026,11,4,6,True,0,3;3;1;3;1,1;2;3;7;8;9;17;21;22;23;30,some_pairs_outside_full_blocks,-0.64186558713548436,-1.2721555771552033,0.93711102591408968,,,0,bootstrap_unavailable,0,False,0,inherited_not_established,,,,,,,,0,0
9,2018,2019,pairwise,D1,994,11,4,6,True,3,3,3;3;1;3;1,1;2;3;7;8;9;17;21;22;23;30,some_pairs_outside_full_blocks,-3.5812350211097836,-1.7111042404540022,0.94061427817108745,,,0,bootstrap_unavailable,0,False,0,inherited_not_established,,,,,,,,all_years_common,994,11,4,6,True,3,3;3;1;3;1,1;2;3;7;8;9;17;21;22;23;30,some_pairs_outside_full_blocks,-3.5812350211097836,-1.7111042404540022,0.94061427817108745,,,0,bootstrap_unavailable,0,False,0,inherited_not_established,,,,,,,,0,0
9,2018,2019,pairwise,D2,1010,11,4,6,True,3,3,3;3;1;3;1,1;2;3;7;8;9;17;21;22;23;30,some_pairs_outside_full_blocks,-3.2796517923173738,-1.0385875781374718,0.97377062522931157,,,0,bootstrap_unavailable,0,False,0,inherited_not_established,,,,,,,,all_years_common,1010,11,4,6,True,3,3;3;1;3;1,1;2;3;7;8;9;17;21;22;23;30,some_pairs_outside_full_blocks,-3.2796517923173738,-1.0385875781374718,0.97377062522931157,,,0,bootstrap_unavailable,0,False,0,inherited_not_established,,,,,,,,0,0
9,2018,2019,pairwise,D3,1026,11,4,6,True,3,3,3;3;1;3;1,1;2;3;7;8;9;17;21;22;23;30,some_pairs_outside_full_blocks,-0.64186558713548436,-1.2721555771552033,0.93711102591408968,,,0,bootstrap_unavailable,0,False,0,inherited_not_established,,,,,,,,all_years_common,1026,11,4,6,True,3,3;3;1;3;1,1;2;3;7;8;9;17;21;22;23;30,some_pairs_outside_full_blocks,-0.64186558713548436,-1.2721555771552033,0.93711102591408968,,,0,bootstrap_unavailable,0,False,0,inherited_not_established,,,,,,,,0,0
9,2018,2019,pairwise,D1,994,11,4,6,True,14,0,3;3;1;3;1,1;2;3;7;8;9;17;21;22;23;30,some_pairs_outside_full_blocks,-3.5812350211097836,-1.7111042404540022,0.94061427817108745,,,0,bootstrap_unavailable,0,False,0,inherited_not_established,,,,,,,,all_years_common,994,11,4,6,True,0,3;3;1;3;1,1;2;3;7;8;9;17;21;22;23;30,some_pairs_outside_full_blocks,-3.5812350211097836,-1.7111042404540022,0.94061427817108745,,,0,bootstrap_unavailable,0,False,0,inherited_not_established,,,,,,,,0,0
9,2018,2019,pairwise,D2,1010,11,4,6,True,14,0,3;3;1;3;1,1;2;3;7;8;9;17;21;22;23;30,some_pairs_outside_full_blocks,-3.2796517923173738,-1.0385875781374718,0.97377062522931157,,,0,bootstrap_unavailable,0,False,0,inherited_not_established,,,,,,,,all_years_common,1010,11,4,6,True,0,3;3;1;3;1,1;2;3;7;8;9;17;21;22;23;30,some_pairs_outside_full_blocks,-3.2796517923173738,-1.0385875781374718,0.97377062522931157,,,0,bootstrap_unavailable,0,False,0,inherited_not_established,,,,,,,,0,0
9,2018,2019,pairwise,D3,1026,11,4,6,True,14,0,3;3;1;3;1,1;2;3;7;8;9;17;21;22;23;30,some_pairs_outside_full_blocks,-0.64186558713548436,-1.2721555771552033,0.93711102591408968,,,0,bootstrap_unavailable,0,False,0,inherited_not_established,,,,,,,,all_years_common,1026,11,4,6,True,0,3;3;1;3;1,1;2;3;7;8;9;17;21;22;23;30,some_pairs_outside_full_blocks,-0.64186558713548436,-1.2721555771552033,0.93711102591408968,,,0,bootstrap_unavailable,0,False,0,inherited_not_established,,,,,,,,0,0
10,2017,2018,pairwise,D1,994,15,5,5,True,7,0,3;4;1;1;1;2;3,2;3;4;7;8;9;10;15;19;22;25;26;29;30;31,some_pairs_outside_full_blocks,-3.7079048805806174,1.5718009269776481,0.81015670386026661,,,0,bootstrap_unavailable,0,False,0,inherited_not_established,,,,,,,,all_years_common,994,15,5,5,True,0,3;4;1;1;1;2;3,2;3;4;7;8;9;10;15;19;22;25;26;29;30;31,some_pairs_outside_full_blocks,-3.7079048805806174,1.5718009269776481,0.81015670386026661,,,0,bootstrap_unavailable,0,False,0,inherited_not_established,,,,,,,,0,0
10,2017,2018,pairwise,D2,1010,15,5,5,True,7,0,3;4;1;1;1;2;3,2;3;4;7;8;9;10;15;19;22;25;26;29;30;31,some_pairs_outside_full_blocks,-9.803420803732438,1.3762493450132212,0.79826399908254753,,,0,bootstrap_unavailable,0,False,0,inherited_not_established,,,,,,,,all_years_common,1010,15,5,5,True,0,3;4;1;1;1;2;3,2;3;4;7;8;9;10;15;19;22;25;26;29;30;31,some_pairs_outside_full_blocks,-9.803420803732438,1.3762493450132212,0.79826399908254753,,,0,bootstrap_unavailable,0,False,0,inherited_not_established,,,,,,,,0,0
10,2017,2018,pairwise,D3,1026,15,5,5,True,7,0,3;4;1;1;1;2;3,2;3;4;7;8;9;10;15;19;22;25;26;29;30;31,some_pairs_outside_full_blocks,-6.8620394275389165,2.3508322749149055,0.74068158869715739,,,0,bootstrap_unavailable,0,False,0,inherited_not_established,,,,,,,,all_years_common,1026,15,5,5,True,0,3;4;1;1;1;2;3,2;3;4;7;8;9;10;15;19;22;25;26;29;30;31,some_pairs_outside_full_blocks,-6.8620394275389165,2.3508322749149055,0.74068158869715739,,,0,bootstrap_unavailable,0,False,0,inherited_not_established,,,,,,,,0,0
10,2017,2018,pairwise,D1,994,15,5,5,True,3,4,3;4;1;1;1;2;3,2;3;4;7;8;9;10;15;19;22;25;26;29;30;31,some_pairs_outside_full_blocks,-3.7079048805806174,1.5718009269776481,0.81015670386026661,,,0,bootstrap_unavailable,0,False,0,inherited_not_established,,,,,,,,all_years_common,994,15,5,5,True,4,3;4;1;1;1;2;3,2;3;4;7;8;9;10;15;19;22;25;26;29;30;31,some_pairs_outside_full_blocks,-3.7079048805806174,1.5718009269776481,0.81015670386026661,,,0,bootstrap_unavailable,0,False,0,inherited_not_established,,,,,,,,0,0
10,2017,2018,pairwise,D2,1010,15,5,5,True,3,4,3;4;1;1;1;2;3,2;3;4;7;8;9;10;15;19;22;25;26;29;30;31,some_pairs_outside_full_blocks,-9.803420803732438,1.3762493450132212,0.79826399908254753,,,0,bootstrap_unavailable,0,False,0,inherited_not_established,,,,,,,,all_years_common,1010,15,5,5,True,4,3;4;1;1;1;2;3,2;3;4;7;8;9;10;15;19;22;25;26;29;30;31,some_pairs_outside_full_blocks,-9.803420803732438,1.3762493450132212,0.79826399908254753,,,0,bootstrap_unavailable,0,False,0,inherited_not_established,,,,,,,,0,0
10,2017,2018,pairwise,D3,1026,15,5,5,True,3,4,3;4;1;1;1;2;3,2;3;4;7;8;9;10;15;19;22;25;26;29;30;31,some_pairs_outside_full_blocks,-6.8620394275389165,2.3508322749149055,0.74068158869715739,,,0,bootstrap_unavailable,0,False,0,inherited_not_established,,,,,,,,all_years_common,1026,15,5,5,True,4,3;4;1;1;1;2;3,2;3;4;7;8;9;10;15;19;22;25;26;29;30;31,some_pairs_outside_full_blocks,-6.8620394275389165,2.3508322749149055,0.74068158869715739,,,0,bootstrap_unavailable,0,False,0,inherited_not_established,,,,,,,,0,0
10,2017,2018,pairwise,D1,994,15,5,5,True,14,0,3;4;1;1;1;2;3,2;3;4;7;8;9;10;15;19;22;25;26;29;30;31,some_pairs_outside_full_blocks,-3.7079048805806174,1.5718009269776481,0.81015670386026661,,,0,bootstrap_unavailable,0,False,0,inherited_not_established,,,,,,,,all_years_common,994,15,5,5,True,0,3;4;1;1;1;2;3,2;3;4;7;8;9;10;15;19;22;25;26;29;30;31,some_pairs_outside_full_blocks,-3.7079048805806174,1.5718009269776481,0.81015670386026661,,,0,bootstrap_unavailable,0,False,0,inherited_not_established,,,,,,,,0,0
10,2017,2018,pairwise,D2,1010,15,5,5,True,14,0,3;4;1;1;1;2;3,2;3;4;7;8;9;10;15;19;22;25;26;29;30;31,some_pairs_outside_full_blocks,-9.803420803732438,1.3762493450132212,0.79826399908254753,,,0,bootstrap_unavailable,0,False,0,inherited_not_established,,,,,,,,all_years_common,1010,15,5,5,True,0,3;4;1;1;1;2;3,2;3;4;7;8;9;10;15;19;22;25;26;29;30;31,some_pairs_outside_full_blocks,-9.803420803732438,1.3762493450132212,0.79826399908254753,,,0,bootstrap_unavailable,0,False,0,inherited_not_established,,,,,,,,0,0
10,2017,2018,pairwise,D3,1026,15,5,5,True,14,0,3;4;1;1;1;2;3,2;3;4;7;8;9;10;15;19;22;25;26;29;30;31,some_pairs_outside_full_blocks,-6.8620394275389165,2.3508322749149055,0.74068158869715739,,,0,bootstrap_unavailable,0,False,0,inherited_not_established,,,,,,,,all_years_common,1026,15,5,5,True,0,3;4;1;1;1;2;3,2;3;4;7;8;9;10;15;19;22;25;26;29;30;31,some_pairs_outside_full_blocks,-6.8620394275389165,2.3508322749149055,0.74068158869715739,,,0,bootstrap_unavailable,0,False,0,inherited_not_established,,,,,,,,0,0
10,2017,2019,pairwise,D1,994,23,5,5,True,7,3,3;5;8;7,2;3;4;7;8;9;10;11;15;16;17;18;19;20;21;22;25;26;27;28;29;30;31,some_pairs_outside_full_blocks,7.5562133932668516,0.21655989871635484,0.72437121976470276,,,0,bootstrap_unavailable,0,False,0,inherited_not_established,,,,,,,,all_years_common,994,15,5,5,True,0,3;4;1;1;1;2;3,2;3;4;7;8;9;10;15;19;22;25;26;29;30;31,some_pairs_outside_full_blocks,6.7469438643083386,-0.52220072666999506,0.63871579209703266,,,0,bootstrap_unavailable,0,False,0,inherited_not_established,,,,,,,,-0.80926952895851301,-0.7387606253863499
10,2017,2019,pairwise,D2,1010,23,5,5,True,7,3,3;5;8;7,2;3;4;7;8;9;10;11;15;16;17;18;19;20;21;22;25;26;27;28;29;30;31,some_pairs_outside_full_blocks,-1.4163801954750745,0.66711254964250877,0.80343662805910621,,,0,bootstrap_unavailable,0,False,0,inherited_not_established,,,,,,,,all_years_common,1010,15,5,5,True,0,3;4;1;1;1;2;3,2;3;4;7;8;9;10;15;19;22;25;26;29;30;31,some_pairs_outside_full_blocks,-3.4649106312234395,0.51662964061676675,0.7156526288617131,,,0,bootstrap_unavailable,0,False,0,inherited_not_established,,,,,,,,-2.0485304357483649,-0.15048290902574202
10,2017,2019,pairwise,D3,1026,23,5,5,True,7,3,3;5;8;7,2;3;4;7;8;9;10;11;15;16;17;18;19;20;21;22;25;26;27;28;29;30;31,some_pairs_outside_full_blocks,-1.2489283268303009,0.88218269776901614,0.8517542463553629,,,0,bootstrap_unavailable,0,False,0,inherited_not_established,,,,,,,,all_years_common,1026,15,5,5,True,0,3;4;1;1;1;2;3,2;3;4;7;8;9;10;15;19;22;25;26;29;30;31,some_pairs_outside_full_blocks,-0.93375043258749102,0.82450391001999712,0.78980708257686894,,,0,bootstrap_unavailable,0,False,0,inherited_not_established,,,,,,,,0.31517789424280984,-0.057678787749019023
10,2017,2019,pairwise,D1,994,23,5,5,True,3,15,3;5;8;7,2;3;4;7;8;9;10;11;15;16;17;18;19;20;21;22;25;26;27;28;29;30;31,ok,7.5562133932668516,0.21655989871635484,0.72437121976470276,-9.0059605279344517,18.24996117722381,0,ok,0,False,0,inherited_not_established,-0.86636192291911684,1.7366731475707464,-0.86636192291911662,1.7366731475707464,False,0,0.98440978257621159,all_years_common,994,15,5,5,True,4,3;4;1;1;1;2;3,2;3;4;7;8;9;10;15;19;22;25;26;29;30;31,some_pairs_outside_full_blocks,6.7469438643083386,-0.52220072666999506,0.63871579209703266,,,0,bootstrap_unavailable,0,False,0,inherited_not_established,,,,,,,,-0.80926952895851301,-0.7387606253863499
10,2017,2019,pairwise,D2,1010,23,5,5,True,3,15,3;5;8;7,2;3;4;7;8;9;10;11;15;16;17;18;19;20;21;22;25;26;27;28;29;30;31,ok,-1.4163801954750745,0.66711254964250877,0.80343662805910621,-5.9771303382596273,1.6599729722594887,0,ok,1,True,0,inherited_not_established,0.012965507399126275,1.8565736398599821,0.012965507399126608,1.8565736398599828,False,0,0.99236635212782776,all_years_common,1010,15,5,5,True,4,3;4;1;1;1;2;3,2;3;4;7;8;9;10;15;19;22;25;26;29;30;31,some_pairs_outside_full_blocks,-3.4649106312234395,0.51662964061676675,0.7156526288617131,,,0,bootstrap_unavailable,0,False,0,inherited_not_established,,,,,,,,-2.0485304357483649,-0.15048290902574202
10,2017,2019,pairwise,D3,1026,23,5,5,True,3,15,3;5;8;7,2;3;4;7;8;9;10;11;15;16;17;18;19;20;21;22;25;26;27;28;29;30;31,ok,-1.2489283268303009,0.88218269776901614,0.8517542463553629,-2.0958676412690593,-0.87212782235710051,-1,ok,1,True,0,inherited_not_established,0.19276635764392946,2.0188005601973016,0.19276635764392935,2.0188005601973025,False,0,0.99220532040110609,all_years_common,1026,15,5,5,True,4,3;4;1;1;1;2;3,2;3;4;7;8;9;10;15;19;22;25;26;29;30;31,some_pairs_outside_full_blocks,-0.93375043258749102,0.82450391001999712,0.78980708257686894,,,0,bootstrap_unavailable,0,False,0,inherited_not_established,,,,,,,,0.31517789424280984,-0.057678787749019023
10,2017,2019,pairwise,D1,994,23,5,5,True,14,0,3;5;8;7,2;3;4;7;8;9;10;11;15;16;17;18;19;20;21;22;25;26;27;28;29;30;31,some_pairs_outside_full_blocks,7.5562133932668516,0.21655989871635484,0.72437121976470276,,,0,bootstrap_unavailable,0,False,0,inherited_not_established,,,,,,,,all_years_common,994,15,5,5,True,0,3;4;1;1;1;2;3,2;3;4;7;8;9;10;15;19;22;25;26;29;30;31,some_pairs_outside_full_blocks,6.7469438643083386,-0.52220072666999506,0.63871579209703266,,,0,bootstrap_unavailable,0,False,0,inherited_not_established,,,,,,,,-0.80926952895851301,-0.7387606253863499
10,2017,2019,pairwise,D2,1010,23,5,5,True,14,0,3;5;8;7,2;3;4;7;8;9;10;11;15;16;17;18;19;20;21;22;25;26;27;28;29;30;31,some_pairs_outside_full_blocks,-1.4163801954750745,0.66711254964250877,0.80343662805910621,,,0,bootstrap_unavailable,0,False,0,inherited_not_established,,,,,,,,all_years_common,1010,15,5,5,True,0,3;4;1;1;1;2;3,2;3;4;7;8;9;10;15;19;22;25;26;29;30;31,some_pairs_outside_full_blocks,-3.4649106312234395,0.51662964061676675,0.7156526288617131,,,0,bootstrap_unavailable,0,False,0,inherited_not_established,,,,,,,,-2.0485304357483649,-0.15048290902574202
10,2017,2019,pairwise,D3,1026,23,5,5,True,14,0,3;5;8;7,2;3;4;7;8;9;10;11;15;16;17;18;19;20;21;22;25;26;27;28;29;30;31,some_pairs_outside_full_blocks,-1.2489283268303009,0.88218269776901614,0.8517542463553629,,,0,bootstrap_unavailable,0,False,0,inherited_not_established,,,,,,,,all_years_common,1026,15,5,5,True,0,3;4;1;1;1;2;3,2;3;4;7;8;9;10;15;19;22;25;26;29;30;31,some_pairs_outside_full_blocks,-0.93375043258749102,0.82450391001999712,0.78980708257686894,,,0,bootstrap_unavailable,0,False,0,inherited_not_established,,,,,,,,0.31517789424280984,-0.057678787749019023
10,2018,2019,pairwise,D1,994,20,5,5,True,7,4,10;1;1;5;3,1;2;3;4;5;6;7;8;9;10;15;19;22;23;24;25;26;29;30;31,some_pairs_outside_full_blocks,5.937675298309836,-2.2234847600255563,0.55163911397520182,,,0,bootstrap_unavailable,0,False,0,inherited_not_established,,,,,,,,all_years_common,994,15,5,5,True,0,3;4;1;1;1;2;3,2;3;4;7;8;9;10;15;19;22;25;26;29;30;31,some_pairs_outside_full_blocks,6.3805097869896343,-1.8055444445469213,0.54863465764557484,,,0,bootstrap_unavailable,0,False,0,inherited_not_established,,,,,,,,0.44283448867979835,0.41794031547863497
10,2018,2019,pairwise,D2,1010,20,5,5,True,7,4,10;1;1;5;3,1;2;3;4;5;6;7;8;9;10;15;19;22;23;24;25;26;29;30;31,some_pairs_outside_full_blocks,7.3339589625983361,-1.0712326944553716,0.57251419846253471,,,0,bootstrap_unavailable,0,False,0,inherited_not_established,,,,,,,,all_years_common,1010,15,5,5,True,0,3;4;1;1;1;2;3,2;3;4;7;8;9;10;15;19;22;25;26;29;30;31,some_pairs_outside_full_blocks,8.3024669420190769,-0.5916295101546698,0.56471291410775726,,,0,bootstrap_unavailable,0,False,0,inherited_not_established,,,,,,,,0.96850797942074074,0.47960318430070181
10,2018,2019,pairwise,D3,1026,20,5,5,True,7,4,10;1;1;5;3,1;2;3;4;5;6;7;8;9;10;15;19;22;23;24;25;26;29;30;31,some_pairs_outside_full_blocks,6.0055062363951244,-1.9891851336464246,0.57713601920990931,,,0,bootstrap_unavailable,0,False,0,inherited_not_established,,,,,,,,all_years_common,1026,15,5,5,True,0,3;4;1;1;1;2;3,2;3;4;7;8;9;10;15;19;22;25;26;29;30;31,some_pairs_outside_full_blocks,6.5021943477774142,-1.0928183560108646,0.57916590358817055,,,0,bootstrap_unavailable,0,False,0,inherited_not_established,,,,,,,,0.49668811138228985,0.89636677763555994
10,2018,2019,pairwise,D1,994,20,5,5,True,3,12,10;1;1;5;3,1;2;3;4;5;6;7;8;9;10;15;19;22;23;24;25;26;29;30;31,some_pairs_outside_full_blocks,5.937675298309836,-2.2234847600255563,0.55163911397520182,,,0,bootstrap_unavailable,0,False,0,inherited_not_established,,,,,,,,all_years_common,994,15,5,5,True,4,3;4;1;1;1;2;3,2;3;4;7;8;9;10;15;19;22;25;26;29;30;31,some_pairs_outside_full_blocks,6.3805097869896343,-1.8055444445469213,0.54863465764557484,,,0,bootstrap_unavailable,0,False,0,inherited_not_established,,,,,,,,0.44283448867979835,0.41794031547863497
10,2018,2019,pairwise,D2,1010,20,5,5,True,3,12,10;1;1;5;3,1;2;3;4;5;6;7;8;9;10;15;19;22;23;24;25;26;29;30;31,some_pairs_outside_full_blocks,7.3339589625983361,-1.0712326944553716,0.57251419846253471,,,0,bootstrap_unavailable,0,False,0,inherited_not_established,,,,,,,,all_years_common,1010,15,5,5,True,4,3;4;1;1;1;2;3,2;3;4;7;8;9;10;15;19;22;25;26;29;30;31,some_pairs_outside_full_blocks,8.3024669420190769,-0.5916295101546698,0.56471291410775726,,,0,bootstrap_unavailable,0,False,0,inherited_not_established,,,,,,,,0.96850797942074074,0.47960318430070181
10,2018,2019,pairwise,D3,1026,20,5,5,True,3,12,10;1;1;5;3,1;2;3;4;5;6;7;8;9;10;15;19;22;23;24;25;26;29;30;31,some_pairs_outside_full_blocks,6.0055062363951244,-1.9891851336464246,0.57713601920990931,,,0,bootstrap_unavailable,0,False,0,inherited_not_established,,,,,,,,all_years_common,1026,15,5,5,True,4,3;4;1;1;1;2;3,2;3;4;7;8;9;10;15;19;22;25;26;29;30;31,some_pairs_outside_full_blocks,6.5021943477774142,-1.0928183560108646,0.57916590358817055,,,0,bootstrap_unavailable,0,False,0,inherited_not_established,,,,,,,,0.49668811138228985,0.89636677763555994
10,2018,2019,pairwise,D1,994,20,5,5,True,14,0,10;1;1;5;3,1;2;3;4;5;6;7;8;9;10;15;19;22;23;24;25;26;29;30;31,some_pairs_outside_full_blocks,5.937675298309836,-2.2234847600255563,0.55163911397520182,,,0,bootstrap_unavailable,0,False,0,inherited_not_established,,,,,,,,all_years_common,994,15,5,5,True,0,3;4;1;1;1;2;3,2;3;4;7;8;9;10;15;19;22;25;26;29;30;31,some_pairs_outside_full_blocks,6.3805097869896343,-1.8055444445469213,0.54863465764557484,,,0,bootstrap_unavailable,0,False,0,inherited_not_established,,,,,,,,0.44283448867979835,0.41794031547863497
10,2018,2019,pairwise,D2,1010,20,5,5,True,14,0,10;1;1;5;3,1;2;3;4;5;6;7;8;9;10;15;19;22;23;24;25;26;29;30;31,some_pairs_outside_full_blocks,7.3339589625983361,-1.0712326944553716,0.57251419846253471,,,0,bootstrap_unavailable,0,False,0,inherited_not_established,,,,,,,,all_years_common,1010,15,5,5,True,0,3;4;1;1;1;2;3,2;3;4;7;8;9;10;15;19;22;25;26;29;30;31,some_pairs_outside_full_blocks,8.3024669420190769,-0.5916295101546698,0.56471291410775726,,,0,bootstrap_unavailable,0,False,0,inherited_not_established,,,,,,,,0.96850797942074074,0.47960318430070181
10,2018,2019,pairwise,D3,1026,20,5,5,True,14,0,10;1;1;5;3,1;2;3;4;5;6;7;8;9;10;15;19;22;23;24;25;26;29;30;31,some_pairs_outside_full_blocks,6.0055062363951244,-1.9891851336464246,0.57713601920990931,,,0,bootstrap_unavailable,0,False,0,inherited_not_established,,,,,,,,all_years_common,1026,15,5,5,True,0,3;4;1;1;1;2;3,2;3;4;7;8;9;10;15;19;22;25;26;29;30;31,some_pairs_outside_full_blocks,6.5021943477774142,-1.0928183560108646,0.57916590358817055,,,0,bootstrap_unavailable,0,False,0,inherited_not_established,,,,,,,,0.49668811138228985,0.89636677763555994
11,2017,2018,pairwise,D1,994,4,2,2,False,7,0,1;3,1;22;23;24,insufficient_calendar_coverage,-13.936985070711401,3.400951327749425,0.94485113404273013,,,0,bootstrap_unavailable,0,False,0,inherited_not_established,,,,,,,,all_years_common,994,4,2,2,False,0,1;3,1;22;23;24,insufficient_calendar_coverage,-13.936985070711401,3.400951327749425,0.94485113404273013,,,0,bootstrap_unavailable,0,False,0,inherited_not_established,,,,,,,,0,0
11,2017,2018,pairwise,D2,1010,4,2,2,False,7,0,1;3,1;22;23;24,insufficient_calendar_coverage,-17.317217916542365,3.9921932042415449,0.92256280246221034,,,0,bootstrap_unavailable,0,False,0,inherited_not_established,,,,,,,,all_years_common,1010,4,2,2,False,0,1;3,1;22;23;24,insufficient_calendar_coverage,-17.317217916542365,3.9921932042415449,0.92256280246221034,,,0,bootstrap_unavailable,0,False,0,inherited_not_established,,,,,,,,0,0
11,2017,2018,pairwise,D3,1026,4,2,2,False,7,0,1;3,1;22;23;24,insufficient_calendar_coverage,-5.8609727639884532,7.5447503179859154,0.72067846324197915,,,0,bootstrap_unavailable,0,False,1,inherited_not_established,,,,,,,,all_years_common,1026,4,2,2,False,0,1;3,1;22;23;24,insufficient_calendar_coverage,-5.8609727639884532,7.5447503179859154,0.72067846324197915,,,0,bootstrap_unavailable,0,False,1,inherited_not_established,,,,,,,,0,0
11,2017,2018,pairwise,D1,994,4,2,2,False,3,1,1;3,1;22;23;24,insufficient_calendar_coverage,-13.936985070711401,3.400951327749425,0.94485113404273013,,,0,bootstrap_unavailable,0,False,0,inherited_not_established,,,,,,,,all_years_common,994,4,2,2,False,1,1;3,1;22;23;24,insufficient_calendar_coverage,-13.936985070711401,3.400951327749425,0.94485113404273013,,,0,bootstrap_unavailable,0,False,0,inherited_not_established,,,,,,,,0,0
11,2017,2018,pairwise,D2,1010,4,2,2,False,3,1,1;3,1;22;23;24,insufficient_calendar_coverage,-17.317217916542365,3.9921932042415449,0.92256280246221034,,,0,bootstrap_unavailable,0,False,0,inherited_not_established,,,,,,,,all_years_common,1010,4,2,2,False,1,1;3,1;22;23;24,insufficient_calendar_coverage,-17.317217916542365,3.9921932042415449,0.92256280246221034,,,0,bootstrap_unavailable,0,False,0,inherited_not_established,,,,,,,,0,0
11,2017,2018,pairwise,D3,1026,4,2,2,False,3,1,1;3,1;22;23;24,insufficient_calendar_coverage,-5.8609727639884532,7.5447503179859154,0.72067846324197915,,,0,bootstrap_unavailable,0,False,1,inherited_not_established,,,,,,,,all_years_common,1026,4,2,2,False,1,1;3,1;22;23;24,insufficient_calendar_coverage,-5.8609727639884532,7.5447503179859154,0.72067846324197915,,,0,bootstrap_unavailable,0,False,1,inherited_not_established,,,,,,,,0,0
11,2017,2018,pairwise,D1,994,4,2,2,False,14,0,1;3,1;22;23;24,insufficient_calendar_coverage,-13.936985070711401,3.400951327749425,0.94485113404273013,,,0,bootstrap_unavailable,0,False,0,inherited_not_established,,,,,,,,all_years_common,994,4,2,2,False,0,1;3,1;22;23;24,insufficient_calendar_coverage,-13.936985070711401,3.400951327749425,0.94485113404273013,,,0,bootstrap_unavailable,0,False,0,inherited_not_established,,,,,,,,0,0
11,2017,2018,pairwise,D2,1010,4,2,2,False,14,0,1;3,1;22;23;24,insufficient_calendar_coverage,-17.317217916542365,3.9921932042415449,0.92256280246221034,,,0,bootstrap_unavailable,0,False,0,inherited_not_established,,,,,,,,all_years_common,1010,4,2,2,False,0,1;3,1;22;23;24,insufficient_calendar_coverage,-17.317217916542365,3.9921932042415449,0.92256280246221034,,,0,bootstrap_unavailable,0,False,0,inherited_not_established,,,,,,,,0,0
11,2017,2018,pairwise,D3,1026,4,2,2,False,14,0,1;3,1;22;23;24,insufficient_calendar_coverage,-5.8609727639884532,7.5447503179859154,0.72067846324197915,,,0,bootstrap_unavailable,0,False,1,inherited_not_established,,,,,,,,all_years_common,1026,4,2,2,False,0,1;3,1;22;23;24,insufficient_calendar_coverage,-5.8609727639884532,7.5447503179859154,0.72067846324197915,,,0,bootstrap_unavailable,0,False,1,inherited_not_established,,,,,,,,0,0
11,2017,2019,pairwise,D1,994,11,4,4,True,7,3,1;9;1,1;16;17;18;19;20;21;22;23;24;28,some_pairs_outside_full_blocks,0.61558066365365605,1.5328875636535493,0.98463613448941223,,,0,bootstrap_unavailable,0,False,0,inherited_not_established,,,,,,,,all_years_common,994,4,2,2,False,0,1;3,1;22;23;24,insufficient_calendar_coverage,3.1094234254008999,1.6942405445749102,0.99655055350405286,,,0,bootstrap_unavailable,0,False,0,inherited_not_established,,,,,,,,2.4938427617472438,0.16135298092136097
11,2017,2019,pairwise,D2,1010,11,4,4,True,7,3,1;9;1,1;16;17;18;19;20;21;22;23;24;28,some_pairs_outside_full_blocks,-12.572445002879364,1.8633983807474621,0.99126764727448413,,,0,bootstrap_unavailable,0,False,0,inherited_not_established,,,,,,,,all_years_common,1010,4,2,2,False,0,1;3,1;22;23;24,insufficient_calendar_coverage,-8.4567796165433755,2.274561369319283,0.99648315883662442,,,0,bootstrap_unavailable,0,False,0,inherited_not_established,,,,,,,,4.1156653863359889,0.41116298857182088
11,2017,2019,pairwise,D3,1026,11,4,4,True,7,3,1;9;1,1;16;17;18;19;20;21;22;23;24;28,some_pairs_outside_full_blocks,-4.3592571220280725,4.5706408743845017,0.9471770484991896,,,0,bootstrap_unavailable,0,False,1,inherited_not_established,,,,,,,,all_years_common,1026,4,2,2,False,0,1;3,1;22;23;24,insufficient_calendar_coverage,-3.7063450589048621,4.6277464813019904,0.9039876500379197,,,0,bootstrap_unavailable,0,False,1,inherited_not_established,,,,,,,,0.65291206312321037,0.057105606917488672
11,2017,2019,pairwise,D1,994,11,4,4,True,3,7,1;9;1,1;16;17;18;19;20;21;22;23;24;28,some_pairs_outside_full_blocks,0.61558066365365605,1.5328875636535493,0.98463613448941223,,,0,bootstrap_unavailable,0,False,0,inherited_not_established,,,,,,,,all_years_common,994,4,2,2,False,1,1;3,1;22;23;24,insufficient_calendar_coverage,3.1094234254008999,1.6942405445749102,0.99655055350405286,,,0,bootstrap_unavailable,0,False,0,inherited_not_established,,,,,,,,2.4938427617472438,0.16135298092136097
11,2017,2019,pairwise,D2,1010,11,4,4,True,3,7,1;9;1,1;16;17;18;19;20;21;22;23;24;28,some_pairs_outside_full_blocks,-12.572445002879364,1.8633983807474621,0.99126764727448413,,,0,bootstrap_unavailable,0,False,0,inherited_not_established,,,,,,,,all_years_common,1010,4,2,2,False,1,1;3,1;22;23;24,insufficient_calendar_coverage,-8.4567796165433755,2.274561369319283,0.99648315883662442,,,0,bootstrap_unavailable,0,False,0,inherited_not_established,,,,,,,,4.1156653863359889,0.41116298857182088
11,2017,2019,pairwise,D3,1026,11,4,4,True,3,7,1;9;1,1;16;17;18;19;20;21;22;23;24;28,some_pairs_outside_full_blocks,-4.3592571220280725,4.5706408743845017,0.9471770484991896,,,0,bootstrap_unavailable,0,False,1,inherited_not_established,,,,,,,,all_years_common,1026,4,2,2,False,1,1;3,1;22;23;24,insufficient_calendar_coverage,-3.7063450589048621,4.6277464813019904,0.9039876500379197,,,0,bootstrap_unavailable,0,False,1,inherited_not_established,,,,,,,,0.65291206312321037,0.057105606917488672
11,2017,2019,pairwise,D1,994,11,4,4,True,14,0,1;9;1,1;16;17;18;19;20;21;22;23;24;28,some_pairs_outside_full_blocks,0.61558066365365605,1.5328875636535493,0.98463613448941223,,,0,bootstrap_unavailable,0,False,0,inherited_not_established,,,,,,,,all_years_common,994,4,2,2,False,0,1;3,1;22;23;24,insufficient_calendar_coverage,3.1094234254008999,1.6942405445749102,0.99655055350405286,,,0,bootstrap_unavailable,0,False,0,inherited_not_established,,,,,,,,2.4938427617472438,0.16135298092136097
11,2017,2019,pairwise,D2,1010,11,4,4,True,14,0,1;9;1,1;16;17;18;19;20;21;22;23;24;28,some_pairs_outside_full_blocks,-12.572445002879364,1.8633983807474621,0.99126764727448413,,,0,bootstrap_unavailable,0,False,0,inherited_not_established,,,,,,,,all_years_common,1010,4,2,2,False,0,1;3,1;22;23;24,insufficient_calendar_coverage,-8.4567796165433755,2.274561369319283,0.99648315883662442,,,0,bootstrap_unavailable,0,False,0,inherited_not_established,,,,,,,,4.1156653863359889,0.41116298857182088
11,2017,2019,pairwise,D3,1026,11,4,4,True,14,0,1;9;1,1;16;17;18;19;20;21;22;23;24;28,some_pairs_outside_full_blocks,-4.3592571220280725,4.5706408743845017,0.9471770484991896,,,0,bootstrap_unavailable,0,False,1,inherited_not_established,,,,,,,,all_years_common,1026,4,2,2,False,0,1;3,1;22;23;24,insufficient_calendar_coverage,-3.7063450589048621,4.6277464813019904,0.9039876500379197,,,0,bootstrap_unavailable,0,False,1,inherited_not_established,,,,,,,,0.65291206312321037,0.057105606917488672
11,2018,2019,pairwise,D1,994,9,4,4,False,7,0,4;1;3;1,1;2;3;4;9;22;23;24;27,insufficient_calendar_coverage,6.5626371489570374,-1.3936893973432571,0.95620458498771732,,,0,bootstrap_unavailable,0,False,0,inherited_not_established,,,,,,,,all_years_common,994,4,2,2,False,0,1;3,1;22;23;24,insufficient_calendar_coverage,15.017882088396471,-1.7165539908142851,0.93855893641544441,,,0,bootstrap_unavailable,0,False,0,inherited_not_established,,,,,,,,8.4552449394394333,-0.32286459347102792
11,2018,2019,pairwise,D2,1010,9,4,4,False,7,0,4;1;3;1,1;2;3;4;9;22;23;24;27,insufficient_calendar_coverage,3.9535932561796692,-1.4603748158763636,0.92330597493213196,,,0,bootstrap_unavailable,0,False,0,inherited_not_established,,,,,,,,all_years_common,1010,4,2,2,False,0,1;3,1;22;23;24,insufficient_calendar_coverage,7.3579730233218914,-1.7027042516430022,0.93670108369603111,,,0,bootstrap_unavailable,0,False,0,inherited_not_established,,,,,,,,3.4043797671422222,-0.24232943576663857
11,2018,2019,pairwise,D3,1026,9,4,4,False,7,0,4;1;3;1,1;2;3;4;9;22;23;24;27,insufficient_calendar_coverage,1.5900291873152193,-2.0646205908764905,0.88165256827581062,,,0,bootstrap_unavailable,0,False,0,inherited_not_established,,,,,,,,all_years_common,1026,4,2,2,False,0,1;3,1;22;23;24,insufficient_calendar_coverage,1.7475840297975831,-2.4553442450622924,0.83289227715516234,,,0,bootstrap_unavailable,0,False,0,inherited_not_established,,,,,,,,0.15755484248236384,-0.39072365418580191
11,2018,2019,pairwise,D1,994,9,4,4,False,3,3,4;1;3;1,1;2;3;4;9;22;23;24;27,insufficient_calendar_coverage,6.5626371489570374,-1.3936893973432571,0.95620458498771732,,,0,bootstrap_unavailable,0,False,0,inherited_not_established,,,,,,,,all_years_common,994,4,2,2,False,1,1;3,1;22;23;24,insufficient_calendar_coverage,15.017882088396471,-1.7165539908142851,0.93855893641544441,,,0,bootstrap_unavailable,0,False,0,inherited_not_established,,,,,,,,8.4552449394394333,-0.32286459347102792
11,2018,2019,pairwise,D2,1010,9,4,4,False,3,3,4;1;3;1,1;2;3;4;9;22;23;24;27,insufficient_calendar_coverage,3.9535932561796692,-1.4603748158763636,0.92330597493213196,,,0,bootstrap_unavailable,0,False,0,inherited_not_established,,,,,,,,all_years_common,1010,4,2,2,False,1,1;3,1;22;23;24,insufficient_calendar_coverage,7.3579730233218914,-1.7027042516430022,0.93670108369603111,,,0,bootstrap_unavailable,0,False,0,inherited_not_established,,,,,,,,3.4043797671422222,-0.24232943576663857
11,2018,2019,pairwise,D3,1026,9,4,4,False,3,3,4;1;3;1,1;2;3;4;9;22;23;24;27,insufficient_calendar_coverage,1.5900291873152193,-2.0646205908764905,0.88165256827581062,,,0,bootstrap_unavailable,0,False,0,inherited_not_established,,,,,,,,all_years_common,1026,4,2,2,False,1,1;3,1;22;23;24,insufficient_calendar_coverage,1.7475840297975831,-2.4553442450622924,0.83289227715516234,,,0,bootstrap_unavailable,0,False,0,inherited_not_established,,,,,,,,0.15755484248236384,-0.39072365418580191
11,2018,2019,pairwise,D1,994,9,4,4,False,14,0,4;1;3;1,1;2;3;4;9;22;23;24;27,insufficient_calendar_coverage,6.5626371489570374,-1.3936893973432571,0.95620458498771732,,,0,bootstrap_unavailable,0,False,0,inherited_not_established,,,,,,,,all_years_common,994,4,2,2,False,0,1;3,1;22;23;24,insufficient_calendar_coverage,15.017882088396471,-1.7165539908142851,0.93855893641544441,,,0,bootstrap_unavailable,0,False,0,inherited_not_established,,,,,,,,8.4552449394394333,-0.32286459347102792
11,2018,2019,pairwise,D2,1010,9,4,4,False,14,0,4;1;3;1,1;2;3;4;9;22;23;24;27,insufficient_calendar_coverage,3.9535932561796692,-1.4603748158763636,0.92330597493213196,,,0,bootstrap_unavailable,0,False,0,inherited_not_established,,,,,,,,all_years_common,1010,4,2,2,False,0,1;3,1;22;23;24,insufficient_calendar_coverage,7.3579730233218914,-1.7027042516430022,0.93670108369603111,,,0,bootstrap_unavailable,0,False,0,inherited_not_established,,,,,,,,3.4043797671422222,-0.24232943576663857
11,2018,2019,pairwise,D3,1026,9,4,4,False,14,0,4;1;3;1,1;2;3;4;9;22;23;24;27,insufficient_calendar_coverage,1.5900291873152193,-2.0646205908764905,0.88165256827581062,,,0,bootstrap_unavailable,0,False,0,inherited_not_established,,,,,,,,all_years_common,1026,4,2,2,False,0,1;3,1;22;23;24,insufficient_calendar_coverage,1.7475840297975831,-2.4553442450622924,0.83289227715516234,,,0,bootstrap_unavailable,0,False,0,inherited_not_established,,,,,,,,0.15755484248236384,-0.39072365418580191
12,2017,2018,pairwise,D1,994,7,2,2,False,7,1,7,9;10;11;12;13;14;15,insufficient_calendar_coverage,-3.186201020042482,1.9531149521779678,0.99625186358164486,,,0,bootstrap_unavailable,0,False,0,inherited_not_established,,,,,,,,all_years_common,994,7,2,2,False,1,7,9;10;11;12;13;14;15,insufficient_calendar_coverage,-3.186201020042482,1.9531149521779678,0.99625186358164486,,,0,bootstrap_unavailable,0,False,0,inherited_not_established,,,,,,,,0,0
12,2017,2018,pairwise,D2,1010,7,2,2,False,7,1,7,9;10;11;12;13;14;15,insufficient_calendar_coverage,-14.122299669231166,3.1704389741749424,0.98999839377774335,,,0,bootstrap_unavailable,0,False,0,inherited_not_established,,,,,,,,all_years_common,1010,7,2,2,False,1,7,9;10;11;12;13;14;15,insufficient_calendar_coverage,-14.122299669231166,3.1704389741749424,0.98999839377774335,,,0,bootstrap_unavailable,0,False,0,inherited_not_established,,,,,,,,0,0
12,2017,2018,pairwise,D3,1026,7,2,2,False,7,1,7,9;10;11;12;13;14;15,insufficient_calendar_coverage,-8.1891502304975514,6.3260074976480674,0.9450925636756442,,,0,bootstrap_unavailable,0,False,0,inherited_not_established,,,,,,,,all_years_common,1026,7,2,2,False,1,7,9;10;11;12;13;14;15,insufficient_calendar_coverage,-8.1891502304975514,6.3260074976480674,0.9450925636756442,,,0,bootstrap_unavailable,0,False,0,inherited_not_established,,,,,,,,0,0
12,2017,2018,pairwise,D1,994,7,2,2,False,3,5,7,9;10;11;12;13;14;15,insufficient_calendar_coverage,-3.186201020042482,1.9531149521779678,0.99625186358164486,,,0,bootstrap_unavailable,0,False,0,inherited_not_established,,,,,,,,all_years_common,994,7,2,2,False,5,7,9;10;11;12;13;14;15,insufficient_calendar_coverage,-3.186201020042482,1.9531149521779678,0.99625186358164486,,,0,bootstrap_unavailable,0,False,0,inherited_not_established,,,,,,,,0,0
12,2017,2018,pairwise,D2,1010,7,2,2,False,3,5,7,9;10;11;12;13;14;15,insufficient_calendar_coverage,-14.122299669231166,3.1704389741749424,0.98999839377774335,,,0,bootstrap_unavailable,0,False,0,inherited_not_established,,,,,,,,all_years_common,1010,7,2,2,False,5,7,9;10;11;12;13;14;15,insufficient_calendar_coverage,-14.122299669231166,3.1704389741749424,0.98999839377774335,,,0,bootstrap_unavailable,0,False,0,inherited_not_established,,,,,,,,0,0
12,2017,2018,pairwise,D3,1026,7,2,2,False,3,5,7,9;10;11;12;13;14;15,insufficient_calendar_coverage,-8.1891502304975514,6.3260074976480674,0.9450925636756442,,,0,bootstrap_unavailable,0,False,0,inherited_not_established,,,,,,,,all_years_common,1026,7,2,2,False,5,7,9;10;11;12;13;14;15,insufficient_calendar_coverage,-8.1891502304975514,6.3260074976480674,0.9450925636756442,,,0,bootstrap_unavailable,0,False,0,inherited_not_established,,,,,,,,0,0
12,2017,2018,pairwise,D1,994,7,2,2,False,14,0,7,9;10;11;12;13;14;15,insufficient_calendar_coverage,-3.186201020042482,1.9531149521779678,0.99625186358164486,,,0,bootstrap_unavailable,0,False,0,inherited_not_established,,,,,,,,all_years_common,994,7,2,2,False,0,7,9;10;11;12;13;14;15,insufficient_calendar_coverage,-3.186201020042482,1.9531149521779678,0.99625186358164486,,,0,bootstrap_unavailable,0,False,0,inherited_not_established,,,,,,,,0,0
12,2017,2018,pairwise,D2,1010,7,2,2,False,14,0,7,9;10;11;12;13;14;15,insufficient_calendar_coverage,-14.122299669231166,3.1704389741749424,0.98999839377774335,,,0,bootstrap_unavailable,0,False,0,inherited_not_established,,,,,,,,all_years_common,1010,7,2,2,False,0,7,9;10;11;12;13;14;15,insufficient_calendar_coverage,-14.122299669231166,3.1704389741749424,0.98999839377774335,,,0,bootstrap_unavailable,0,False,0,inherited_not_established,,,,,,,,0,0
12,2017,2018,pairwise,D3,1026,7,2,2,False,14,0,7,9;10;11;12;13;14;15,insufficient_calendar_coverage,-8.1891502304975514,6.3260074976480674,0.9450925636756442,,,0,bootstrap_unavailable,0,False,0,inherited_not_established,,,,,,,,all_years_common,1026,7,2,2,False,0,7,9;10;11;12;13;14;15,insufficient_calendar_coverage,-8.1891502304975514,6.3260074976480674,0.9450925636756442,,,0,bootstrap_unavailable,0,False,0,inherited_not_established,,,,,,,,0,0
12,2017,2019,pairwise,D1,994,8,2,2,False,7,2,8,9;10;11;12;13;14;15;16,insufficient_calendar_coverage,3.5575862775502189,-0.47649769716769086,0.97505520593031325,,,0,bootstrap_unavailable,0,False,0,inherited_not_established,,,,,,,,all_years_common,994,7,2,1,False,1,7,9;10;11;12;13;14;15,insufficient_calendar_coverage,3.7292722714555104,-0.32999983811075495,0.97721181501434773,,,0,bootstrap_unavailable,0,False,0,inherited_not_established,,,,,,,,0.17168599390529149,0.14649785905693591
12,2017,2019,pairwise,D2,1010,8,2,2,False,7,2,8,9;10;11;12;13;14;15;16,insufficient_calendar_coverage,-2.7793523632197861,0.13559195236440225,0.98165780388220003,,,0,bootstrap_unavailable,0,False,0,inherited_not_established,,,,,,,,all_years_common,1010,7,2,1,False,1,7,9;10;11;12;13;14;15,insufficient_calendar_coverage,-2.9570066884460218,0.12767538069569717,0.9790540045685735,,,0,bootstrap_unavailable,0,False,0,inherited_not_established,,,,,,,,-0.1776543252262357,-0.0079165716687050747
12,2017,2019,pairwise,D3,1026,8,2,2,False,7,2,8,9;10;11;12;13;14;15;16,insufficient_calendar_coverage,-2.351632350264441,2.0316229401247909,0.98072457565104132,,,0,bootstrap_unavailable,0,False,0,inherited_not_established,,,,,,,,all_years_common,1026,7,2,1,False,1,7,9;10;11;12;13;14;15,insufficient_calendar_coverage,-2.6171739456759049,1.9864436408627899,0.9785089675592259,,,0,bootstrap_unavailable,0,False,0,inherited_not_established,,,,,,,,-0.26554159541146394,-0.045179299262001038
12,2017,2019,pairwise,D1,994,8,2,2,False,3,6,8,9;10;11;12;13;14;15;16,insufficient_calendar_coverage,3.5575862775502189,-0.47649769716769086,0.97505520593031325,,,0,bootstrap_unavailable,0,False,0,inherited_not_established,,,,,,,,all_years_common,994,7,2,1,False,5,7,9;10;11;12;13;14;15,insufficient_calendar_coverage,3.7292722714555104,-0.32999983811075495,0.97721181501434773,,,0,bootstrap_unavailable,0,False,0,inherited_not_established,,,,,,,,0.17168599390529149,0.14649785905693591
12,2017,2019,pairwise,D2,1010,8,2,2,False,3,6,8,9;10;11;12;13;14;15;16,insufficient_calendar_coverage,-2.7793523632197861,0.13559195236440225,0.98165780388220003,,,0,bootstrap_unavailable,0,False,0,inherited_not_established,,,,,,,,all_years_common,1010,7,2,1,False,5,7,9;10;11;12;13;14;15,insufficient_calendar_coverage,-2.9570066884460218,0.12767538069569717,0.9790540045685735,,,0,bootstrap_unavailable,0,False,0,inherited_not_established,,,,,,,,-0.1776543252262357,-0.0079165716687050747
12,2017,2019,pairwise,D3,1026,8,2,2,False,3,6,8,9;10;11;12;13;14;15;16,insufficient_calendar_coverage,-2.351632350264441,2.0316229401247909,0.98072457565104132,,,0,bootstrap_unavailable,0,False,0,inherited_not_established,,,,,,,,all_years_common,1026,7,2,1,False,5,7,9;10;11;12;13;14;15,insufficient_calendar_coverage,-2.6171739456759049,1.9864436408627899,0.9785089675592259,,,0,bootstrap_unavailable,0,False,0,inherited_not_established,,,,,,,,-0.26554159541146394,-0.045179299262001038
12,2017,2019,pairwise,D1,994,8,2,2,False,14,0,8,9;10;11;12;13;14;15;16,insufficient_calendar_coverage,3.5575862775502189,-0.47649769716769086,0.97505520593031325,,,0,bootstrap_unavailable,0,False,0,inherited_not_established,,,,,,,,all_years_common,994,7,2,1,False,0,7,9;10;11;12;13;14;15,insufficient_calendar_coverage,3.7292722714555104,-0.32999983811075495,0.97721181501434773,,,0,bootstrap_unavailable,0,False,0,inherited_not_established,,,,,,,,0.17168599390529149,0.14649785905693591
12,2017,2019,pairwise,D2,1010,8,2,2,False,14,0,8,9;10;11;12;13;14;15;16,insufficient_calendar_coverage,-2.7793523632197861,0.13559195236440225,0.98165780388220003,,,0,bootstrap_unavailable,0,False,0,inherited_not_established,,,,,,,,all_years_common,1010,7,2,1,False,0,7,9;10;11;12;13;14;15,insufficient_calendar_coverage,-2.9570066884460218,0.12767538069569717,0.9790540045685735,,,0,bootstrap_unavailable,0,False,0,inherited_not_established,,,,,,,,-0.1776543252262357,-0.0079165716687050747
12,2017,2019,pairwise,D3,1026,8,2,2,False,14,0,8,9;10;11;12;13;14;15;16,insufficient_calendar_coverage,-2.351632350264441,2.0316229401247909,0.98072457565104132,,,0,bootstrap_unavailable,0,False,0,inherited_not_established,,,,,,,,all_years_common,1026,7,2,1,False,0,7,9;10;11;12;13;14;15,insufficient_calendar_coverage,-2.6171739456759049,1.9864436408627899,0.9785089675592259,,,0,bootstrap_unavailable,0,False,0,inherited_not_established,,,,,,,,-0.26554159541146394,-0.045179299262001038
12,2018,2019,pairwise,D1,994,15,5,5,True,7,3,9;2;4,7;8;9;10;11;12;13;14;15;18;19;28;29;30;31,some_pairs_outside_full_blocks,3.9467354291474486,-1.7852041457414032,0.82261030792255729,,,0,bootstrap_unavailable,0,False,0,inherited_not_established,,,,,,,,all_years_common,994,7,2,1,False,1,7,9;10;11;12;13;14;15,insufficient_calendar_coverage,6.9010511632494058,-2.2853920297376966,0.9874964804905787,,,0,bootstrap_unavailable,0,False,0,inherited_not_established,,,,,,,,2.9543157341019572,-0.50018788399629344
12,2018,2019,pairwise,D2,1010,15,5,5,True,7,3,9;2;4,7;8;9;10;11;12;13;14;15;18;19;28;29;30;31,some_pairs_outside_full_blocks,7.4029280803592474,-2.5121974417806037,0.76654788703373944,,,0,bootstrap_unavailable,0,False,0,inherited_not_established,,,,,,,,all_years_common,1010,7,2,1,False,1,7,9;10;11;12;13;14;15,insufficient_calendar_coverage,8.2941979350785466,-3.0481833332733359,0.98013041995915862,,,0,bootstrap_unavailable,0,False,0,inherited_not_established,,,,,,,,0.8912698547192992,-0.53598589149273224
12,2018,2019,pairwise,D3,1026,15,5,5,True,7,3,9;2;4,7;8;9;10;11;12;13;14;15;18;19;28;29;30;31,some_pairs_outside_full_blocks,5.2596859931536644,-3.3924766656144651,0.61530455703384157,,,0,bootstrap_unavailable,0,False,0,inherited_not_established,,,,,,,,all_years_common,1026,7,2,1,False,1,7,9;10;11;12;13;14;15,insufficient_calendar_coverage,5.6974165205736975,-4.3376084715257042,0.94681598278366963,,,0,bootstrap_unavailable,0,False,0,inherited_not_established,,,,,,,,0.43773052742003316,-0.94513180591123813
12,2018,2019,pairwise,D1,994,15,5,5,True,3,9,9;2;4,7;8;9;10;11;12;13;14;15;18;19;28;29;30;31,some_pairs_outside_full_blocks,3.9467354291474486,-1.7852041457414032,0.82261030792255729,,,0,bootstrap_unavailable,0,False,0,inherited_not_established,,,,,,,,all_years_common,994,7,2,1,False,5,7,9;10;11;12;13;14;15,insufficient_calendar_coverage,6.9010511632494058,-2.2853920297376966,0.9874964804905787,,,0,bootstrap_unavailable,0,False,0,inherited_not_established,,,,,,,,2.9543157341019572,-0.50018788399629344
12,2018,2019,pairwise,D2,1010,15,5,5,True,3,9,9;2;4,7;8;9;10;11;12;13;14;15;18;19;28;29;30;31,some_pairs_outside_full_blocks,7.4029280803592474,-2.5121974417806037,0.76654788703373944,,,0,bootstrap_unavailable,0,False,0,inherited_not_established,,,,,,,,all_years_common,1010,7,2,1,False,5,7,9;10;11;12;13;14;15,insufficient_calendar_coverage,8.2941979350785466,-3.0481833332733359,0.98013041995915862,,,0,bootstrap_unavailable,0,False,0,inherited_not_established,,,,,,,,0.8912698547192992,-0.53598589149273224
12,2018,2019,pairwise,D3,1026,15,5,5,True,3,9,9;2;4,7;8;9;10;11;12;13;14;15;18;19;28;29;30;31,some_pairs_outside_full_blocks,5.2596859931536644,-3.3924766656144651,0.61530455703384157,,,0,bootstrap_unavailable,0,False,0,inherited_not_established,,,,,,,,all_years_common,1026,7,2,1,False,5,7,9;10;11;12;13;14;15,insufficient_calendar_coverage,5.6974165205736975,-4.3376084715257042,0.94681598278366963,,,0,bootstrap_unavailable,0,False,0,inherited_not_established,,,,,,,,0.43773052742003316,-0.94513180591123813
12,2018,2019,pairwise,D1,994,15,5,5,True,14,0,9;2;4,7;8;9;10;11;12;13;14;15;18;19;28;29;30;31,some_pairs_outside_full_blocks,3.9467354291474486,-1.7852041457414032,0.82261030792255729,,,0,bootstrap_unavailable,0,False,0,inherited_not_established,,,,,,,,all_years_common,994,7,2,1,False,0,7,9;10;11;12;13;14;15,insufficient_calendar_coverage,6.9010511632494058,-2.2853920297376966,0.9874964804905787,,,0,bootstrap_unavailable,0,False,0,inherited_not_established,,,,,,,,2.9543157341019572,-0.50018788399629344
12,2018,2019,pairwise,D2,1010,15,5,5,True,14,0,9;2;4,7;8;9;10;11;12;13;14;15;18;19;28;29;30;31,some_pairs_outside_full_blocks,7.4029280803592474,-2.5121974417806037,0.76654788703373944,,,0,bootstrap_unavailable,0,False,0,inherited_not_established,,,,,,,,all_years_common,1010,7,2,1,False,0,7,9;10;11;12;13;14;15,insufficient_calendar_coverage,8.2941979350785466,-3.0481833332733359,0.98013041995915862,,,0,bootstrap_unavailable,0,False,0,inherited_not_established,,,,,,,,0.8912698547192992,-0.53598589149273224
12,2018,2019,pairwise,D3,1026,15,5,5,True,14,0,9;2;4,7;8;9;10;11;12;13;14;15;18;19;28;29;30;31,some_pairs_outside_full_blocks,5.2596859931536644,-3.3924766656144651,0.61530455703384157,,,0,bootstrap_unavailable,0,False,0,inherited_not_established,,,,,,,,all_years_common,1026,7,2,1,False,0,7,9;10;11;12;13;14;15,insufficient_calendar_coverage,5.6974165205736975,-4.3376084715257042,0.94681598278366963,,,0,bootstrap_unavailable,0,False,0,inherited_not_established,,,,,,,,0.43773052742003316,-0.94513180591123813
