level,localdatetime,sensorid,datavalue,trend_24h,residual,fitted_residual,fit_error,date
D1,2017-11-16 00:00:03.000000,994,401.424615,417.89246017708336,-16.467845177083348,-17.544920951690795,1.0770757746074473,2017-11-16 00:00:00.000000
D1,2017-11-16 00:05:04.000000,994,402.628263,417.9206912534722,-15.292428253472224,-17.755888929813697,2.463460676341473,2017-11-16 00:00:00.000000
D1,2017-11-16 00:10:02.000000,994,401.391729,417.8094128222997,-16.417683822299693,-17.9565037889789,1.5388199666792062,2017-11-16 00:00:00.000000
D1,2017-11-16 00:15:03.000000,994,399.028079,417.99364380902784,-18.965564809027853,-18.150708472260916,-0.8148563367669368,2017-11-16 00:00:00.000000
D1,2017-11-16 00:20:05.000000,994,399.618944,418.0361993159722,-18.417255315972227,-18.336950788257997,-0.08030452771422958,2017-11-16 00:00:00.000000
D1,2017-11-16 00:25:01.000000,994,407.355642,418.0361993159722,-10.680557315972237,-18.51103981525969,7.830482499287452,2017-11-16 00:00:00.000000
D1,2017-11-16 00:30:01.000000,994,399.104675,418.033045625,-18.928370625000014,-18.67885947003937,-0.24951115496064347,2017-11-16 00:00:00.000000
D1,2017-11-16 00:35:02.000000,994,405.714162,418.05352539583333,-12.339363395833345,-18.838435296560867,6.499071900727522,2017-11-16 00:00:00.000000
D1,2017-11-16 00:40:03.000000,994,402.004576,418.02045336585365,-16.01587736585367,-18.989116879919287,2.973239514065618,2017-11-16 00:00:00.000000
D1,2017-11-16 00:45:00.000000,994,399.268802,418.0847198715278,-18.8159178715278,-19.129007852697136,0.31308998116933395,2017-11-16 00:00:00.000000
D1,2017-11-16 00:50:01.000000,994,415.409517,417.98577831250003,-2.576261312500037,-19.261809144330734,16.685547831830696,2017-11-16 00:00:00.000000
D1,2017-11-16 00:55:01.000000,994,391.335328,417.94914998958336,-26.613821989583357,-19.38511749459562,-7.228704494987738,2017-11-16 00:00:00.000000
D1,2017-11-16 01:00:00.000000,994,402.059285,417.9855881284723,-15.926303128472284,-19.498964868153063,3.572661739680779,2017-11-16 00:00:00.000000
D1,2017-11-16 01:05:04.000000,994,405.353069,417.9653365659722,-12.612267565972218,-19.605397777331813,6.9931302113595954,2017-11-16 00:00:00.000000
D1,2017-11-16 01:10:03.000000,994,407.968346,418.068761432526,-10.100415432526006,-19.700864956061444,9.600449523535438,2017-11-16 00:00:00.000000
D1,2017-11-16 01:15:01.000000,994,409.817696,417.9521902118056,-8.134494211805588,-19.786874733586227,11.652380521780639,2017-11-16 00:00:00.000000
D1,2017-11-16 01:20:02.000000,994,404.959106,417.91005237847224,-12.950946378472224,-19.86444817220039,6.913501793728166,2017-11-16 00:00:00.000000
D1,2017-11-16 01:25:04.000000,994,389.945555,417.935732087108,-27.99017708710801,-19.93284663670097,-8.05733045040704,2017-11-16 00:00:00.000000
D1,2017-11-16 01:30:02.000000,994,407.22429,417.9259713240418,-10.701681324041829,-19.9910455421447,9.289364218102872,2017-11-16 00:00:00.000000
D1,2017-11-16 01:35:01.000000,994,387.669373,418.00781625,-30.33844325000001,-20.04013393035394,-10.298309319646073,2017-11-16 00:00:00.000000
D1,2017-11-16 01:40:03.000000,994,380.468988,417.9635661951219,-37.4945781951219,-20.080229087239815,-17.41434910788209,2017-11-16 00:00:00.000000
D1,2017-11-16 01:45:04.000000,994,393.622319,417.93611339024386,-24.313794390243856,-20.110686519524283,-4.203107870719574,2017-11-16 00:00:00.000000
D1,2017-11-16 01:50:01.000000,994,399.662813,418.0368448715278,-18.37403187152779,-20.131424046776885,1.7573921752490946,2017-11-16 00:00:00.000000
D1,2017-11-16 01:55:01.000000,994,407.268063,418.0493074861111,-10.78124448611112,-20.142967629489263,9.361723143378143,2017-11-16 00:00:00.000000
D1,2017-11-16 02:00:04.000000,994,397.824399,418.0228240381944,-20.198425038194387,-20.145028193655747,-0.05339684453863924,2017-11-16 00:00:00.000000
D1,2017-11-16 02:05:03.000000,994,408.241971,417.99128727777776,-9.74931627777778,-20.137604544336163,10.388288266558384,2017-11-16 00:00:00.000000
D1,2017-11-16 02:10:02.000000,994,430.707645,417.99128727777776,12.716357722222256,-20.1207902314533,32.837147953675554,2017-11-16 00:00:00.000000
D1,2017-11-16 02:15:01.000000,994,397.080231,418.0107412430556,-20.93051024305555,-20.094593204449097,-0.8359170386064534,2017-11-16 00:00:00.000000
D1,2017-11-16 02:20:02.000000,994,397.692998,418.0164408263889,-20.323442826388884,-20.058756426852725,-0.2646863995361599,2017-11-16 00:00:00.000000
D1,2017-11-16 02:25:03.000000,994,413.385057,418.0768640449827,-4.691807044982681,-20.013440720983986,15.321633676001305,2017-11-16 00:00:00.000000
D1,2017-11-16 02:30:02.000000,994,410.452366,418.0047379513889,-7.5523719513889205,-19.95906289387497,12.406690942486051,2017-11-16 00:00:00.000000
D1,2017-11-16 02:35:04.000000,994,394.968239,418.02434379861114,-23.05610479861116,-19.894692786324082,-3.1614120122870766,2017-11-16 00:00:00.000000
D1,2017-11-16 02:40:01.000000,994,387.363005,418.02434379861114,-30.661338798611155,-19.822159048731383,-10.839179749879772,2017-11-16 00:00:00.000000
D1,2017-11-16 02:45:02.000000,994,419.534938,417.9183830313589,1.6165549686410827,-19.739345246542314,21.355900215183397,2017-11-16 00:00:00.000000
D1,2017-11-16 02:50:02.000000,994,402.923759,417.8649650278746,-14.941206027874557,-19.64752705820389,4.706321030329335,2017-11-16 00:00:00.000000
D1,2017-11-16 02:55:03.000000,994,408.679692,417.9314811944445,-9.251789194444484,-19.54613637927832,10.294347184833835,2017-11-16 00:00:00.000000
D1,2017-11-16 03:00:04.000000,994,404.707432,417.9060235555555,-13.198591555555538,-19.43551238063463,6.236920825079093,2017-11-16 00:00:00.000000
D1,2017-11-16 03:05:00.000000,994,390.273762,417.9060235555555,-27.632261555555544,-19.317772847744944,-8.3144887078106,2017-11-16 00:00:00.000000
D1,2017-11-16 03:10:03.000000,994,411.754688,417.9035917986111,-6.148903798611116,-19.188110633512046,13.03920683490093,2017-11-16 00:00:00.000000
D1,2017-11-16 03:15:02.000000,994,402.234332,417.9965522422146,-15.762220242214596,-19.051158280701245,3.2889380384866485,2017-11-16 00:00:00.000000
D1,2017-11-16 03:20:00.000000,994,405.473439,417.9347862222223,-12.461347222222287,-18.905831355709445,6.444484133487158,2017-11-16 00:00:00.000000
D1,2017-11-16 03:25:02.000000,994,421.428092,418.0511148442907,3.3769771557093122,-18.749627616655093,22.126604772364406,2017-11-16 00:00:00.000000
D1,2017-11-16 03:30:01.000000,994,408.504613,417.9879804965278,-9.48336749652782,-18.58619704451799,9.102829547990172,2017-11-16 00:00:00.000000
D1,2017-11-16 03:35:02.000000,994,410.135094,417.92463497560976,-7.789540975609782,-18.412929225327993,10.62338824971821,2017-11-16 00:00:00.000000
D1,2017-11-16 03:40:02.000000,994,409.062688,417.99056408680553,-8.927876086805554,-18.23158983835622,9.303713751550667,2017-11-16 00:00:00.000000
D1,2017-11-16 03:45:01.000000,994,407.333708,417.99056408680553,-10.656856086805533,-18.042351081693766,7.385494994888234,2017-11-16 00:00:00.000000
D1,2017-11-16 03:50:03.000000,994,407.913733,417.8634008327526,-9.949667832752596,-17.842687003762087,7.893019171009492,2017-11-16 00:00:00.000000
D1,2017-11-16 03:55:04.000000,994,412.816079,417.97274422916666,-5.156665229166663,-17.635252819995557,12.478587590828894,2017-11-16 00:00:00.000000
D1,2017-11-16 04:00:02.000000,994,402.409379,417.97274422916666,-15.563365229166664,-17.421691920837265,1.8583266916706016,2017-11-16 00:00:00.000000
D1,2017-11-16 04:05:03.000000,994,405.517228,417.98532102777773,-12.46809302777774,-17.197806917959,4.729713890181259,2017-11-16 00:00:00.000000
D1,2017-11-16 04:10:02.000000,994,402.442296,417.9927301597222,-15.550434159722215,-16.967381736112614,1.416947576390399,2017-11-16 00:00:00.000000
D1,2017-11-16 04:15:02.000000,994,403.339577,417.9987333993056,-14.659156399305573,-16.728254540253936,2.0690981409483626,2017-11-16 00:00:00.000000
D1,2017-11-16 04:20:02.000000,994,410.835409,417.9996074340277,-7.164198434027696,-16.48129643043686,9.317097996409164,2017-11-16 00:00:00.000000
D1,2017-11-16 04:25:02.000000,994,399.848779,417.9195502847222,-18.07077128472224,-16.226624945346444,-1.844146339375797,2017-11-16 00:00:00.000000
D1,2017-11-16 04:30:04.000000,994,397.310019,417.94265177430555,-20.632632774305534,-15.962587672717607,-4.670045101587927,2017-11-16 00:00:00.000000
D1,2017-11-16 04:35:00.000000,994,402.004544,417.94265177430555,-15.938107774305536,-15.69645295346956,-0.24165482083597567,2017-11-16 00:00:00.000000
D1,2017-11-16 04:40:02.000000,994,410.353994,418.02835865743947,-7.674364657439469,-15.417560344663272,7.743195687223803,2017-11-16 00:00:00.000000
D1,2017-11-16 04:45:03.000000,994,406.020546,417.96586750694445,-11.945321506944424,-15.132323800783105,3.187002293838681,2017-11-16 00:00:00.000000
D1,2017-11-16 04:50:02.000000,994,403.821071,418.0297977474048,-14.208726747404796,-14.841934446663515,0.633207699258719,2017-11-16 00:00:00.000000
D1,2017-11-16 04:55:03.000000,994,391.488457,418.00545061937714,-26.51699361937716,-14.542646763539597,-11.974346855837563,2017-11-16 00:00:00.000000
D1,2017-11-16 05:00:02.000000,994,400.089486,417.93379877083333,-17.844312770833312,-14.238579337430647,-3.6057334334026656,2017-11-16 00:00:00.000000
D1,2017-11-16 05:05:02.000000,994,409.774017,418.0127205397924,-8.238703539792368,-13.926860238566006,5.688156698773637,2017-11-16 00:00:00.000000
D1,2017-11-16 05:10:02.000000,994,404.773124,417.92486955208335,-13.151745552083355,-13.608643537707554,0.4568979856241988,2017-11-16 00:00:00.000000
D1,2017-11-16 05:15:04.000000,994,400.964975,417.9710345659722,-17.006059565972237,-13.281895986649312,-3.7241635793229246,2017-11-16 00:00:00.000000
D1,2017-11-16 05:20:03.000000,994,399.881633,417.9487324738676,-18.067099473867586,-12.952213472142741,-5.1148860017248445,2017-11-16 00:00:00.000000
D1,2017-11-16 05:25:02.000000,994,410.080369,418.0726222352941,-7.992253235294072,-12.616537390912356,4.624284155618284,2017-11-16 00:00:00.000000
D1,2017-11-16 05:30:02.000000,994,408.854723,418.01370415277773,-9.158981152777756,-12.273874656447328,3.114893503669572,2017-11-16 00:00:00.000000
D1,2017-11-16 05:35:03.000000,994,412.586276,418.00772233218,-5.421446332179983,-11.924330440815318,6.502884108635335,2017-11-16 00:00:00.000000
D1,2017-11-16 05:40:02.000000,994,408.931367,417.9075536794425,-8.976186679442492,-11.57158238333897,2.595395703896479,2017-11-16 00:00:00.000000
D1,2017-11-16 05:45:03.000000,994,416.952499,417.9464194429066,-0.9939204429065853,-11.211080646189126,10.21716020328254,2017-11-16 00:00:00.000000
D1,2017-11-16 05:50:04.000000,994,403.066063,417.9042363101046,-14.838173310104594,-10.845339114346123,-3.992834195758471,2017-11-16 00:00:00.000000
D1,2017-11-16 05:55:05.000000,994,409.77397,417.9241094861111,-8.150139486111073,-10.474533023346092,2.3243935372350197,2017-11-16 00:00:00.000000
D1,2017-11-16 06:00:02.000000,994,413.363171,417.9241094861111,-4.56093848611107,-10.103863893677348,5.542925407566278,2017-11-16 00:00:00.000000
D1,2017-11-16 06:05:04.000000,994,407.169517,417.9792733135888,-10.80975631358882,-9.722254142431227,-1.0875021711575936,2017-11-16 00:00:00.000000
D1,2017-11-16 06:10:02.000000,994,408.099715,418.0196496435986,-9.919934643598594,-9.341231562688819,-0.5787030809097757,2017-11-16 00:00:00.000000
D1,2017-11-16 06:15:03.000000,994,415.311082,417.9640983728223,-2.6530163728223215,-8.952051538662785,6.299035165840463,2017-11-16 00:00:00.000000
D1,2017-11-16 06:20:03.000000,994,403.197352,418.04759356747405,-14.85024156747403,-8.560027519904446,-6.290214047569583,2017-11-16 00:00:00.000000
D1,2017-11-16 06:25:03.000000,994,406.644344,418.0382197456446,-11.393875745644607,-8.164060220859692,-3.2298155247849145,2017-11-16 00:00:00.000000
D1,2017-11-16 06:30:03.000000,994,397.977527,418.11169551041667,-20.134168510416657,-7.764338100517375,-12.369830409899283,2017-11-16 00:00:00.000000
D1,2017-11-16 06:35:04.000000,994,417.70757,418.11169551041667,-0.40412551041669076,-7.359701369091091,6.9555758586744005,2017-11-16 00:00:00.000000
D1,2017-11-16 06:40:02.000000,994,425.96933,418.11583726041664,7.853492739583373,-6.955752996668482,14.809245736251857,2017-11-16 00:00:00.000000
D1,2017-11-16 06:45:03.000000,994,416.481972,418.19319707986114,-1.7112250798611512,-6.544553663878432,4.833328584017281,2017-11-16 00:00:00.000000
D1,2017-11-16 06:50:02.000000,994,403.952328,418.19319707986114,-14.240869079861113,-6.133112041802833,-8.107757038058281,2017-11-16 00:00:00.000000
D1,2017-11-16 06:55:03.000000,994,416.339652,418.21778062847227,-1.8781286284722682,-5.7161212474782035,3.8379926190059352,2017-11-16 00:00:00.000000
D1,2017-11-16 07:00:03.000000,994,407.082065,418.2437316076389,-11.161666607638892,-5.297921532968365,-5.863745074670527,2017-11-16 00:00:00.000000
D1,2017-11-16 07:05:00.000000,994,416.230281,418.27333066666665,-2.0430496666666613,-4.8815482055857915,2.83849853891913,2017-11-16 00:00:00.000000
D1,2017-11-16 07:10:02.000000,994,404.050843,418.3116611937716,-14.260818193771627,-4.455962884922196,-9.80485530884943,2017-11-16 00:00:00.000000
D1,2017-11-16 07:15:01.000000,994,407.038212,418.29430493402776,-11.256092934027777,-4.032617921921405,-7.2234750121063716,2017-11-16 00:00:00.000000
D1,2017-11-16 07:20:02.000000,994,398.535649,418.2140194097222,-19.67837040972222,-3.604647231650274,-16.073723178071944,2017-11-16 00:00:00.000000
D1,2017-11-16 07:25:01.000000,994,408.701547,418.23864081944447,-9.537093819444465,-3.1779402449173784,-6.359153574527086,2017-11-16 00:00:00.000000
D1,2017-11-16 07:30:05.000000,994,407.246145,418.3381146215278,-11.091969621527767,-2.742691723744782,-8.349277897782985,2017-11-16 00:00:00.000000
D1,2017-11-16 07:35:00.000000,994,410.485284,418.3381146215278,-7.852830621527801,-2.319173796820654,-5.533656824707147,2017-11-16 00:00:00.000000
D1,2017-11-16 07:40:02.000000,994,399.695619,418.38135403819444,-18.685735038194423,-1.8846333293346795,-16.801101708859743,2017-11-16 00:00:00.000000
D1,2017-11-16 07:45:03.000000,994,404.379161,418.4528246423611,-14.073663642361112,-1.45075895589504,-12.622904686466072,2017-11-16 00:00:00.000000
D1,2017-11-16 07:50:03.000000,994,402.529828,418.5091062891986,-15.97927828919859,-1.0177652101591876,-14.961513079039403,2017-11-16 00:00:00.000000
D1,2017-11-16 07:55:04.000000,994,404.280663,418.4411596875,-14.160496687499972,-0.5829730404823579,-13.577523647017614,2017-11-16 00:00:00.000000
D1,2017-11-16 08:00:01.000000,994,408.843835,418.47001084083047,-9.626175840830456,-0.15381325095372134,-9.472362589876735,2017-11-16 00:00:00.000000
D1,2017-11-16 08:05:01.000000,994,396.533124,418.50575302083337,-21.97262902083338,0.27962346730914156,-22.252252488142524,2017-11-16 00:00:00.000000
D1,2017-11-16 08:10:00.000000,994,394.278924,418.48219555208334,-24.203271552083322,0.7113530277707305,-24.914624579854053,2017-11-16 00:00:00.000000
D1,2017-11-16 08:15:01.000000,994,416.547616,418.47463464583336,-1.927018645833357,1.1454989925521435,-3.0725176383855004,2017-11-16 00:00:00.000000
D1,2017-11-16 08:20:03.000000,994,404.970105,418.48985142857146,-13.519746428571466,1.5804031374924676,-15.100149566063934,2017-11-16 00:00:00.000000
D1,2017-11-16 08:25:01.000000,994,411.37166,418.5057528506945,-7.134092850694458,2.008670740810402,-9.14276359150486,2017-11-16 00:00:00.000000
D1,2017-11-16 08:30:03.000000,994,410.386737,418.4788706608997,-8.09213366089972,2.441591892233885,-10.533725553133603,2017-11-16 00:00:00.000000
D1,2017-11-16 08:35:03.000000,994,415.978575,418.4993933598616,-2.5208183598616074,2.8703492678611147,-5.391167627722722,2017-11-16 00:00:00.000000
D1,2017-11-16 08:40:02.000000,994,416.350651,418.55020794076654,-2.199556940766513,3.296188193755131,-5.495745134521644,2017-11-16 00:00:00.000000
D1,2017-11-16 08:45:04.000000,994,411.163696,418.4620966089965,-7.298400608996474,3.7245852502647354,-11.022985859261208,2017-11-16 00:00:00.000000
D1,2017-11-16 08:50:00.000000,994,416.186396,418.4812450243055,-2.294849024305506,4.142600542296242,-6.437449566601749,2017-11-16 00:00:00.000000
D1,2017-11-16 08:55:02.000000,994,405.232636,418.492112,-13.259476000000006,4.566978326972257,-17.826454326972264,2017-11-16 00:00:00.000000
D1,2017-11-16 09:00:03.000000,994,410.25548,418.51322337630666,-8.257743376306678,4.987627406505487,-13.245370782812165,2017-11-16 00:00:00.000000
D1,2017-11-16 09:05:00.000000,994,412.794145,418.48154884375003,-5.687403843750019,5.4002159792906035,-11.087619823040622,2017-11-16 00:00:00.000000
D1,2017-11-16 09:10:01.000000,994,409.193961,418.3628912145329,-9.168930214532907,5.815659411514483,-14.98458962604739,2017-11-16 00:00:00.000000
D1,2017-11-16 09:15:04.000000,994,425.761429,418.4332176979167,7.328211302083332,6.230915548888316,1.0972957531950165,2017-11-16 00:00:00.000000
D1,2017-11-16 09:20:01.000000,994,412.84887,418.4332176979167,-5.584347697916712,6.634884635712266,-12.219232333628979,2017-11-16 00:00:00.000000
D1,2017-11-16 09:25:04.000000,994,405.407778,418.4133462291667,-13.00556822916667,7.043691849981984,-20.049260079148652,2017-11-16 00:00:00.000000
D1,2017-11-16 09:30:01.000000,994,428.803571,418.4133462291667,10.3902247708333,7.440956725357257,2.9492680454760425,2017-11-16 00:00:00.000000
D1,2017-11-16 09:35:05.000000,994,419.52405,418.4563578229167,1.0676921770833019,7.843855757422769,-6.7761635803394675,2017-11-16 00:00:00.000000
D1,2017-11-16 09:40:00.000000,994,411.667029,418.4563578229167,-6.789328822916673,8.231035360320163,-15.020364183236836,2017-11-16 00:00:00.000000
D1,2017-11-16 09:45:03.000000,994,421.351512,418.48227165972224,2.86924034027777,8.624637869264495,-5.755397528986725,2017-11-16 00:00:00.000000
D1,2017-11-16 09:50:04.000000,994,422.533337,418.45895470934255,4.074382290657468,9.011364617428443,-4.936982326770975,2017-11-16 00:00:00.000000
D1,2017-11-16 09:55:02.000000,994,411.382564,418.4698091006944,-7.0872451006944175,9.389854580013875,-16.477099680708292,2017-11-16 00:00:00.000000
D1,2017-11-16 10:00:03.000000,994,422.839737,418.49587454513886,4.343862454861153,9.767546709364435,-5.423684254503282,2017-11-16 00:00:00.000000
D1,2017-11-16 10:05:02.000000,994,426.42897,418.49587454513886,7.933095454861132,10.13796593052798,-2.204870475666848,2017-11-16 00:00:00.000000
D1,2017-11-16 10:10:03.000000,994,423.299313,418.55860589236113,4.740707107638855,10.505890008681032,-5.765182901042177,2017-11-16 00:00:00.000000
D1,2017-11-16 10:15:04.000000,994,416.580359,418.51137688541667,-1.9310178854166793,10.86864876024748,-12.799666645664159,2017-11-16 00:00:00.000000
D1,2017-11-16 10:20:01.000000,994,423.036734,418.51137688541667,4.5253571145833575,11.22135436735378,-6.695997252770422,2017-11-16 00:00:00.000000
D1,2017-11-16 10:25:04.000000,994,432.677364,418.59242209375003,14.08494190624998,11.575657905195673,2.509284001054308,2017-11-16 00:00:00.000000
D1,2017-11-16 10:30:01.000000,994,438.35667,418.59242209375003,19.764247906249977,11.917362811253561,7.846885094996416,2017-11-16 00:00:00.000000
D1,2017-11-16 10:35:05.000000,994,431.834745,418.6174238645833,13.217321135416682,12.261230062840971,0.9560910725757115,2017-11-16 00:00:00.000000
D1,2017-11-16 10:40:04.000000,994,440.446806,418.6657167638889,21.781089236111086,12.593466140899167,9.187623095211919,2017-11-16 00:00:00.000000
D1,2017-11-16 10:45:02.000000,994,431.88947,418.61264707958475,13.27682292041527,12.918537844679832,0.3582850757354379,2017-11-16 00:00:00.000000
D1,2017-11-16 10:50:04.000000,994,444.287729,418.6563311319444,25.631397868055615,13.241651020892853,12.389746847162762,2017-11-16 00:00:00.000000
D1,2017-11-16 10:55:04.000000,994,433.848206,418.7310515609756,15.117154439024432,13.556170131947482,1.56098430707695,2017-11-16 00:00:00.000000
D1,2017-11-16 11:00:02.000000,994,437.689177,418.6717911660899,19.017385833910055,13.86207562317592,5.155310210734134,2017-11-16 00:00:00.000000
D1,2017-11-16 11:05:01.000000,994,444.561354,418.74064438194443,25.82070961805556,14.162335012146166,11.658374605909394,2017-11-16 00:00:00.000000
D1,2017-11-16 11:10:03.000000,994,434.865967,418.7399221180556,16.126044881944438,14.458677890467284,1.667366991477154,2017-11-16 00:00:00.000000
D1,2017-11-16 11:15:04.000000,994,445.009979,418.7201641701389,26.289814829861086,14.746968728752774,11.542846101108312,2017-11-16 00:00:00.000000
D1,2017-11-16 11:20:01.000000,994,446.531026,418.6668306262976,27.864195373702387,15.024374551890727,12.83982082181166,2017-11-16 00:00:00.000000
D1,2017-11-16 11:25:04.000000,994,447.482967,418.71248896527777,28.770478034722203,15.300029212715136,13.470448822007066,2017-11-16 00:00:00.000000
D1,2017-11-16 11:30:02.000000,994,443.051147,418.71248896527777,24.338658034722243,15.563760158012702,8.774897876709542,2017-11-16 00:00:00.000000
D1,2017-11-16 11:35:00.000000,994,438.05035,418.73087887500003,19.31947112499995,15.820052939392301,3.4994181856076487,2017-11-16 00:00:00.000000
D1,2017-11-16 11:40:05.000000,994,434.920629,418.65625490972224,16.264374090277784,16.074538133182692,0.1898359570950916,2017-11-16 00:00:00.000000
D1,2017-11-16 11:45:03.000000,994,433.213568,418.6329798062284,14.580588193771632,16.31541538656488,-1.7348271927932473,2017-11-16 00:00:00.000000
D1,2017-11-16 11:50:02.000000,994,454.103422,418.6856637847222,35.41775821527784,16.54927041046405,18.868487804813793,2017-11-16 00:00:00.000000
D1,2017-11-16 11:55:02.000000,994,449.934212,418.7122988923611,31.221913107638898,16.775913395386805,14.445999712252092,2017-11-16 00:00:00.000000
D1,2017-11-16 12:00:02.000000,994,437.404633,418.6922370173611,18.712395982638895,16.99444112491025,1.717954857728646,2017-11-16 00:00:00.000000
D1,2017-11-16 12:05:03.000000,994,451.520967,418.73809810069446,32.78286889930553,17.20543676258886,15.577432136716666,2017-11-16 00:00:00.000000
D1,2017-11-16 12:10:03.000000,994,459.224749,418.7629646968641,40.46178430313586,17.407397976978856,23.054386326157,2017-11-16 00:00:00.000000
D1,2017-11-16 12:15:00.000000,994,445.764987,418.7004441875,27.064542812500008,17.599049893502897,9.46549291899711,2017-11-16 00:00:00.000000
D1,2017-11-16 12:20:04.000000,994,456.839164,418.68697465051906,38.15218934948092,17.786583330037697,20.365606019443224,2017-11-16 00:00:00.000000
D1,2017-11-16 12:25:03.000000,994,431.18914,418.7479397048611,12.441200295138913,17.962422353781456,-5.521222058642543,2017-11-16 00:00:00.000000
D1,2017-11-16 12:30:04.000000,994,450.273403,418.7847958506944,31.48860714930555,18.13072847301958,13.35787867628597,2017-11-16 00:00:00.000000
D1,2017-11-16 12:35:02.000000,994,456.90484,418.73972021107267,38.16511978892731,18.28867020780974,19.876449581117573,2017-11-16 00:00:00.000000
D1,2017-11-16 12:40:05.000000,994,436.529207,418.8025017430556,17.7267052569444,18.440323088505718,-0.7136178315613186,2017-11-16 00:00:00.000000
D1,2017-11-16 12:45:02.000000,994,408.931398,418.87056341463415,-9.939165414634147,18.58015504950487,-28.519320464139017,2017-11-16 00:00:00.000000
D1,2017-11-16 12:50:05.000000,994,421.865797,418.7950926666667,3.0707043333333104,18.71374774379533,-15.64304341046202,2017-11-16 00:00:00.000000
D1,2017-11-16 12:55:01.000000,994,444.834884,418.7950926666667,26.039791333333312,18.83535240584449,7.204438927488823,2017-11-16 00:00:00.000000
D1,2017-11-16 13:00:05.000000,994,440.063842,418.87628992361107,21.187552076388954,18.951026462088215,2.2365256143007386,2017-11-16 00:00:00.000000
D1,2017-11-16 13:05:03.000000,994,445.830599,418.87628992361107,26.954309076388938,19.055298040189083,7.899011036199855,2017-11-16 00:00:00.000000
D1,2017-11-16 13:10:02.000000,994,447.855123,418.86561291319447,28.989510086805524,19.150795861934267,9.838714224871257,2017-11-16 00:00:00.000000
D1,2017-11-16 13:15:03.000000,994,431.626797,418.8136728715278,12.813124128472225,19.23765597891126,-6.424531850439035,2017-11-16 00:00:00.000000
D1,2017-11-16 13:20:03.000000,994,456.65315,418.8009440243056,37.8522059756944,19.314925178970658,18.537280796723746,2017-11-16 00:00:00.000000
D1,2017-11-16 13:25:05.000000,994,448.993174,418.8438414305556,30.149332569444425,19.383292300404435,10.76604026903999,2017-11-16 00:00:00.000000
D1,2017-11-16 13:30:03.000000,994,441.49731,418.8843276724739,22.61298232752614,19.44146017821773,3.1715221493084087,2017-11-16 00:00:00.000000
D1,2017-11-16 13:35:01.000000,994,439.494769,418.84315724652777,20.651611753472253,19.49036884160281,1.1612429118694436,2017-11-16 00:00:00.000000
D1,2017-11-16 13:40:03.000000,994,446.990538,418.91219248788923,28.078345512110786,19.530463998488685,8.547881513622102,2017-11-16 00:00:00.000000
D1,2017-11-16 13:45:04.000000,994,446.94678,419.0118141107266,27.93496588927337,19.560921430773153,8.374044458500219,2017-11-16 00:00:00.000000
D1,2017-11-16 13:50:01.000000,994,435.128546,419.0246124290657,16.10393357093426,19.581658958025756,-3.477725387091496,2017-11-16 00:00:00.000000
D1,2017-11-16 13:55:04.000000,994,437.349923,419.1330387317073,18.216884268292688,19.593270228483973,-1.3763859601912856,2017-11-16 00:00:00.000000
D1,2017-11-16 14:00:03.000000,994,449.901374,419.0265056955017,30.87486830449825,19.5952721720203,11.279596132477948,2017-11-16 00:00:00.000000
D1,2017-11-16 14:05:02.000000,994,443.084002,419.0463843598616,24.03761764013842,19.58787993796645,4.449737702171973,2017-11-16 00:00:00.000000
D1,2017-11-16 14:10:02.000000,994,448.467843,419.08389968402776,29.38394331597226,19.57102514270217,9.812918173270091,2017-11-16 00:00:00.000000
D1,2017-11-16 14:15:01.000000,994,450.875346,419.0076036423611,31.86774235763886,19.544828115697968,12.322914241940893,2017-11-16 00:00:00.000000
D1,2017-11-16 14:20:04.000000,994,446.421544,419.06212809375,27.35941590624998,19.508721497737554,7.850694408512425,2017-11-16 00:00:00.000000
D1,2017-11-16 14:25:01.000000,994,433.323034,419.06212809375,14.260905906250002,19.464007970372066,-5.2031020641220636,2017-11-16 00:00:00.000000
D1,2017-11-16 14:30:03.000000,994,452.363539,419.0492102222222,33.3143287777778,19.40910030957767,13.905228468200132,2017-11-16 00:00:00.000000
D1,2017-11-16 14:35:02.000000,994,440.457678,419.0492102222222,21.408467777777787,19.3453851529964,2.063082624781387,2017-11-16 00:00:00.000000
D1,2017-11-16 14:40:03.000000,994,430.401246,419.2568046689895,11.144441331010512,19.271874568795692,-8.12743323778518,2017-11-16 00:00:00.000000
D1,2017-11-16 14:45:02.000000,994,436.748091,419.2311352430555,17.51695575694447,19.18958015779119,-1.672624400846722,2017-11-16 00:00:00.000000
D1,2017-11-16 14:50:03.000000,994,436.211904,419.18436231597224,17.027541684027767,19.09744046488375,-2.069898780855983,2017-11-16 00:00:00.000000
D1,2017-11-16 14:55:02.000000,994,442.952696,419.18436231597224,23.768333684027766,18.99672345154466,4.771610232483106,2017-11-16 00:00:00.000000
D1,2017-11-16 15:00:03.000000,994,434.274928,419.1540413229166,15.120886677083377,18.88613004307282,-3.765243365989445,2017-11-16 00:00:00.000000
D1,2017-11-16 15:05:02.000000,994,441.825565,419.24917897909404,22.576386020905943,18.767182147958422,3.8092038729475206,2017-11-16 00:00:00.000000
D1,2017-11-16 15:10:04.000000,994,455.471309,419.21745646875,36.253852531250004,18.637902377990418,17.615950153259586,2017-11-16 00:00:00.000000
D1,2017-11-16 15:15:01.000000,994,434.537617,419.21745646875,15.320160531249996,18.501866058697335,-3.1817055274473383,2017-11-16 00:00:00.000000
D1,2017-11-16 15:20:02.000000,994,443.357579,419.2589776759582,24.098601324041795,18.355061282060543,5.743540041981252,2017-11-16 00:00:00.000000
D1,2017-11-16 15:25:00.000000,994,446.268415,419.19853453125,27.06988046875,18.200926385187465,8.868954083562535,2017-11-16 00:00:00.000000
D1,2017-11-16 15:30:02.000000,994,441.486343,419.1977434808362,22.288599519163768,18.035870795681813,4.252728723481955,2017-11-16 00:00:00.000000
D1,2017-11-16 15:35:03.000000,994,436.200953,419.1861523519164,17.01480064808362,17.86257396506054,-0.8477733169769195,2017-11-16 00:00:00.000000
D1,2017-11-16 15:40:00.000000,994,438.236364,419.13926075347223,19.09710324652775,17.68306207515298,1.4140411713747731,2017-11-16 00:00:00.000000
D1,2017-11-16 15:45:02.000000,994,428.694153,419.1064323333333,9.587720666666655,17.491938942493388,-7.904218275826732,2017-11-16 00:00:00.000000
D1,2017-11-16 15:50:05.000000,994,448.621066,419.14678406944444,29.47428193055555,17.291571285111086,12.182710645444462,2017-11-16 00:00:00.000000
D1,2017-11-16 15:55:02.000000,994,430.379359,419.14678406944444,11.232574930555586,17.08689359390954,-5.854318663353954,2017-11-16 00:00:00.000000
D1,2017-11-16 16:00:03.000000,994,432.513205,419.181195902439,13.332009097561013,16.871196571361203,-3.5391874738001903,2017-11-16 00:00:00.000000
D1,2017-11-16 16:05:03.000000,994,435.172335,419.0936406782007,16.078694321799276,16.64804182920787,-0.5693475074085939,2017-11-16 00:00:00.000000
D1,2017-11-16 16:10:04.000000,994,430.499729,419.15445921875,11.34526978125001,16.416048647554867,-5.070778866304856,2017-11-16 00:00:00.000000
D1,2017-11-16 16:15:03.000000,994,426.954285,419.19811647569446,7.756168524305565,16.177679201550514,-8.42151067724495,2017-11-16 00:00:00.000000
D1,2017-11-16 16:20:04.000000,994,430.412229,419.22809540625,11.184133593750005,15.92985893897611,-4.745725345226106,2017-11-16 00:00:00.000000
D1,2017-11-16 16:25:00.000000,994,433.913978,419.22809540625,14.685882593749966,15.678582941684576,-0.9927003479346101,2017-11-16 00:00:00.000000
D1,2017-11-16 16:30:02.000000,994,442.175754,419.2477393854167,22.928014614583276,15.414596206065513,7.513418408517763,2017-11-16 00:00:00.000000
D1,2017-11-16 16:35:03.000000,994,425.301917,419.36306851916373,5.9388484808362705,15.143953765402147,-9.205105284565876,2017-11-16 00:00:00.000000
D1,2017-11-16 16:40:01.000000,994,443.401289,419.2981604444444,24.1031285555556,14.86873086844059,9.23439768711501,2017-11-16 00:00:00.000000
D1,2017-11-16 16:45:03.000000,994,446.946859,419.2742986631945,27.67256033680553,14.582558712031972,13.09000162477356,2017-11-16 00:00:00.000000
D1,2017-11-16 16:50:00.000000,994,434.592342,419.29352458333335,15.298817416666623,14.294134795817488,1.0046826208491346,2017-11-16 00:00:00.000000
D1,2017-11-16 16:55:02.000000,994,432.808622,419.3309504513889,13.477671548611113,13.99388738414195,-0.5162158355308364,2017-11-16 00:00:00.000000
D1,2017-11-16 17:00:02.000000,994,443.226242,419.44170879513894,23.784533204861077,13.688814248679517,10.09571895618156,2017-11-16 00:00:00.000000
D1,2017-11-16 17:05:00.000000,994,434.876839,419.4865064895833,15.390332510416727,13.379194957989593,2.011137552427133,2017-11-16 00:00:00.000000
D1,2017-11-16 17:10:02.000000,994,438.05027,419.49068604513894,18.55958395486107,13.058878448956424,5.500705505904644,2017-11-16 00:00:00.000000
D1,2017-11-16 17:15:00.000000,994,438.750617,419.4937635763889,19.256853423611062,12.736500026943851,6.520353396667211,2017-11-16 00:00:00.000000
D1,2017-11-16 17:20:03.000000,994,445.371087,419.50710028124996,25.863986718750027,12.4024483833916,13.461538335358426,2017-11-16 00:00:00.000000
D1,2017-11-16 17:25:01.000000,994,426.330519,419.5347611423611,6.7957578576388755,12.067904778545504,-5.2721469209066285,2017-11-16 00:00:00.000000
D1,2017-11-16 17:30:03.000000,994,425.564496,419.5309237638889,6.033572236111127,11.722957717368057,-5.689385481256931,2017-11-16 00:00:00.000000
D1,2017-11-16 17:35:00.000000,994,417.072868,419.5309237638889,-2.458055763888865,11.378076999569814,-13.836132763458679,2017-11-16 00:00:00.000000
D1,2017-11-16 17:40:04.000000,994,427.588908,419.5387260836237,8.050181916376289,11.019439606663068,-2.9692576902867795,2017-11-16 00:00:00.000000
D1,2017-11-16 17:45:02.000000,994,419.458405,419.49912120486107,-0.04071620486104166,10.662522009030509,-10.70323821389155,2017-11-16 00:00:00.000000
D1,2017-11-16 17:50:04.000000,994,422.75219,419.4280601107266,3.3241298892733653,10.295574025594997,-6.971444136321631,2017-11-16 00:00:00.000000
D1,2017-11-16 17:55:02.000000,994,429.438289,419.4848726006945,9.953416399305524,9.928488084003098,0.024928315302426896,2017-11-16 00:00:00.000000
D1,2017-11-16 18:00:04.000000,994,436.573029,419.4605934201389,17.112435579861142,9.551586979660478,7.560848600200664,2017-11-16 00:00:00.000000
D1,2017-11-16 18:05:04.000000,994,423.813709,419.45448942906575,4.359219570934272,9.172489053680097,-4.813269482745826,2017-11-16 00:00:00.000000
D1,2017-11-16 18:10:00.000000,994,423.813597,419.49714558333335,4.316451416666666,8.794038065598981,-4.477586648932315,2017-11-16 00:00:00.000000
D1,2017-11-16 18:15:03.000000,994,432.786767,419.5398149479167,13.246952052083316,8.402286449911658,4.844665602171657,2017-11-16 00:00:00.000000
D1,2017-11-16 18:20:01.000000,994,427.271541,419.52454043055553,7.747000569444481,8.012889189614201,-0.26588862016972037,2017-11-16 00:00:00.000000
D1,2017-11-16 18:25:05.000000,994,431.593974,419.56918541666664,12.024788583333361,7.611642540197792,4.413146043135569,2017-11-16 00:00:00.000000
D1,2017-11-16 18:30:02.000000,994,428.256432,419.52703759515566,8.729394404844356,7.215911446161231,1.5134829586831255,2017-11-16 00:00:00.000000
D1,2017-11-16 18:35:04.000000,994,422.040955,419.6018622847222,2.439092715277809,6.809936280339962,-4.370843565062153,2017-11-16 00:00:00.000000
D1,2017-11-16 18:40:02.000000,994,419.611613,419.5700975347222,0.041515465277768726,6.405987907917366,-6.364472442639597,2017-11-16 00:00:00.000000
D1,2017-11-16 18:45:02.000000,994,441.934999,419.5360151597222,22.398983840277822,5.99615976873581,16.402824071542014,2017-11-16 00:00:00.000000
D1,2017-11-16 18:50:02.000000,994,425.542625,419.5021604375,6.040464562500006,5.5833469530516915,0.45711760944831425,2017-11-16 00:00:00.000000
D1,2017-11-16 18:55:03.000000,994,417.061885,419.51113455709344,-2.449249557093424,5.16635615872707,-7.615605715820494,2017-11-16 00:00:00.000000
D1,2017-11-16 19:00:03.000000,994,423.22278,419.49701104498274,3.7257689550172586,4.748156444217235,-1.0223874891999767,2017-11-16 00:00:00.000000
D1,2017-11-16 19:05:02.000000,994,427.556133,419.55165103135886,8.00448196864113,4.3289717534253,3.67551021521583,2017-11-16 00:00:00.000000
D1,2017-11-16 19:10:01.000000,994,418.987894,419.55311280555554,-0.5652188055555598,3.9076104603124415,-4.472829265868001,2017-11-16 00:00:00.000000
D1,2017-11-16 19:15:03.000000,994,410.02566,419.6484592195122,-9.62279921951216,3.480014889207027,-13.102814108719187,2017-11-16 00:00:00.000000
D1,2017-11-16 19:20:04.000000,994,408.592129,419.6424798159722,-11.050350815972195,3.0520329208632795,-14.102383736835474,2017-11-16 00:00:00.000000
D1,2017-11-16 19:25:04.000000,994,421.406237,419.66052793750004,1.745709062499941,2.623886522715228,-0.8781774602152872,2017-11-16 00:00:00.000000
D1,2017-11-16 19:30:02.000000,994,408.581209,419.66052793750004,-11.079318937500034,2.197228093293557,-13.27654703079359,2017-11-16 00:00:00.000000
D1,2017-11-16 19:35:01.000000,994,423.299297,419.70317331707315,3.596123682926873,1.76797134383024,1.8281523390966328,2017-11-16 00:00:00.000000
D1,2017-11-16 19:40:02.000000,994,415.475241,419.59367847404843,-4.118437474048449,1.3348682405835675,-5.453305714632016,2017-11-16 00:00:00.000000
D1,2017-11-16 19:45:02.000000,994,413.757165,419.6627689583333,-5.905603958333302,0.9024363581899753,-6.808040316523277,2017-11-16 00:00:00.000000
D1,2017-11-16 19:50:05.000000,994,416.405265,419.74677800694445,-3.341513006944467,0.4651120809213456,-3.8066250878658128,2017-11-16 00:00:00.000000
D1,2017-11-16 19:55:01.000000,994,398.294926,419.74677800694445,-21.451852006944478,0.03754250289204286,-21.489394509836522,2017-11-16 00:00:00.000000
D1,2017-11-16 20:00:00.000000,994,426.779143,419.73271936805554,7.046423631944435,-0.3945068377548804,7.440930469699316,2017-11-16 00:00:00.000000
D1,2017-11-16 20:05:04.000000,994,412.969287,419.80470844947735,-6.835421449477337,-0.8337219341868245,-6.001699515290513,2017-11-16 00:00:00.000000
D1,2017-11-16 20:10:03.000000,994,402.617375,419.9247511805555,-17.307376180555536,-1.2654478297592053,-16.041928350796333,2017-11-16 00:00:00.000000
D1,2017-11-16 20:15:04.000000,994,412.859837,419.9499423125,-7.090105312499986,-1.6995880375640446,-5.390517274935942,2017-11-16 00:00:00.000000
D1,2017-11-16 20:20:03.000000,994,423.069461,419.9499423125,3.1195186874999763,-2.130168226243603,5.249686913743579,2017-11-16 00:00:00.000000
D1,2017-11-16 20:25:02.000000,994,427.315299,420.0439820520833,7.2713169479166595,-2.5598712761476934,9.831188224064352,2017-11-16 00:00:00.000000
D1,2017-11-16 20:30:01.000000,994,411.185519,420.0439820520833,-8.858463052083323,-2.988494033007071,-5.869969019076252,2017-11-16 00:00:00.000000
D1,2017-11-16 20:35:02.000000,994,408.679692,420.08805747916665,-11.408365479166662,-3.418687538795486,-7.989677940371176,2017-11-16 00:00:00.000000
D1,2017-11-16 20:40:04.000000,994,407.979329,420.1367305763889,-12.157401576388907,-3.848796243084685,-8.308605333304222,2017-11-16 00:00:00.000000
D1,2017-11-16 20:45:02.000000,994,403.656912,420.1367305763889,-16.479818576388936,-4.271519389954221,-12.208299186434715,2017-11-16 00:00:00.000000
D1,2017-11-16 20:50:00.000000,994,413.593038,420.1408723263889,-6.547834326388909,-4.69236563104737,-1.8554686953415391,2017-11-16 00:00:00.000000
D1,2017-11-16 20:55:04.000000,994,398.491844,420.16750831944444,-21.675664319444422,-5.119546305974309,-16.556118013470112,2017-11-16 00:00:00.000000
D1,2017-11-16 21:00:05.000000,994,409.390958,420.2167131111111,-10.825755111111107,-5.540179295899153,-5.285575815211954,2017-11-16 00:00:00.000000
D1,2017-11-16 21:05:01.000000,994,408.18723,420.24836389583334,-12.061133895833336,-5.95136589109618,-6.109768004737156,2017-11-16 00:00:00.000000
D1,2017-11-16 21:10:00.000000,994,397.01457,420.24836389583334,-23.233793895833344,-6.364049010968028,-16.869744884865316,2017-11-16 00:00:00.000000
D1,2017-11-16 21:15:02.000000,994,419.294198,420.3431260625,-1.0489280625000106,-6.7779498078247835,5.729021745324773,2017-11-16 00:00:00.000000
D1,2017-11-16 21:20:01.000000,994,399.487782,420.3132994027778,-20.82551740277779,-7.1846497244634016,-13.64086767831439,2017-11-16 00:00:00.000000
D1,2017-11-16 21:25:02.000000,994,406.206592,420.3300559791667,-14.123463979166672,-7.590769973372869,-6.532694005793803,2017-11-16 00:00:00.000000
D1,2017-11-16 21:30:03.000000,994,405.407778,420.3181464912892,-14.910368491289205,-7.993385005225246,-6.916983486063959,2017-11-16 00:00:00.000000
D1,2017-11-16 21:35:00.000000,994,407.651075,420.3454058888889,-12.694330888888885,-8.38702577361742,-4.307305115271465,2017-11-16 00:00:00.000000
D1,2017-11-16 21:40:04.000000,994,413.658714,420.47018484375,-6.811470843750044,-8.786023843471167,1.9745529997211229,2017-11-16 00:00:00.000000
D1,2017-11-16 21:45:02.000000,994,400.603882,420.47018484375,-19.86630284375002,-9.173110941826874,-10.693191901923147,2017-11-16 00:00:00.000000
D1,2017-11-16 21:50:00.000000,994,411.743673,420.5317003715278,-8.78802737152779,-9.556019242627563,0.767991871099774,2017-11-16 00:00:00.000000
D1,2017-11-16 21:55:03.000000,994,403.919554,420.6591012152778,-16.73954721527781,-9.94088222719795,-6.79866498807986,2017-11-16 00:00:00.000000
D1,2017-11-16 22:00:02.000000,994,403.208272,420.6591012152778,-17.450829215277793,-10.316064873502087,-7.134764341775705,2017-11-16 00:00:00.000000
D1,2017-11-16 22:05:02.000000,994,411.207453,420.71921111805557,-9.511758118055582,-10.687731019279099,1.175972901223517,2017-11-16 00:00:00.000000
D1,2017-11-16 22:10:02.000000,994,410.922956,420.76241272916667,-9.83945672916667,-11.054441213140052,1.2149844839733817,2017-11-16 00:00:00.000000
D1,2017-11-16 22:15:03.000000,994,404.204067,420.8086538472222,-16.60458684722221,-11.417217414409205,-5.1873694328130036,2017-11-16 00:00:00.000000
D1,2017-11-16 22:20:03.000000,994,403.361479,420.8777958083624,-17.516316808362433,-11.773476583454956,-5.742840224907477,2017-11-16 00:00:00.000000
D1,2017-11-16 22:25:02.000000,994,417.554267,420.94426181250003,-3.389994812500049,-12.123103032387476,8.733108219887427,2017-11-16 00:00:00.000000
D1,2017-11-16 22:30:01.000000,994,411.163727,421.08925319723187,-9.925526197231875,-12.467127900004702,2.5416017027728266,2017-11-16 00:00:00.000000
D1,2017-11-16 22:35:01.000000,994,407.43227,421.0292968888889,-13.597026888888877,-12.80650999393406,-0.7905168949548163,2017-11-16 00:00:00.000000
D1,2017-11-16 22:40:02.000000,994,407.049211,421.1776290519031,-14.128418051903111,-13.14102895253335,-0.9873890993697607,2017-11-16 00:00:00.000000
D1,2017-11-16 22:45:01.000000,994,403.328578,421.1107221875,-17.782144187500023,-13.467222365150906,-4.314921822349117,2017-11-16 00:00:00.000000
D1,2017-11-16 22:50:02.000000,994,399.629895,421.1349634548611,-21.505068454861146,-13.789297560776632,-7.715770894084514,2017-11-16 00:00:00.000000
D1,2017-11-16 22:55:04.000000,994,405.615711,421.2722144083045,-15.656503408304502,-14.105935220698615,-1.5505681876058865,2017-11-16 00:00:00.000000
D1,2017-11-16 23:00:01.000000,994,414.720138,421.2285477708333,-6.508409770833282,-14.410825205859693,7.902415435026411,2017-11-16 00:00:00.000000
D1,2017-11-16 23:05:03.000000,994,397.900931,421.3094030173611,-23.408472017361078,-14.714085700563643,-8.694386316797434,2017-11-16 00:00:00.000000
D1,2017-11-16 23:10:03.000000,994,400.899299,421.4156071522491,-20.51630815224911,-15.008442979218408,-5.5078651730307016,2017-11-16 00:00:00.000000
D1,2017-11-16 23:15:02.000000,994,407.235193,421.3689045138889,-14.133711513888898,-15.294841865204372,1.1611303513154745,2017-11-16 00:00:00.000000
D1,2017-11-16 23:20:00.000000,994,403.30677,421.38801652083333,-18.08124652083336,-15.573217516836673,-2.508029003996688,2017-11-16 00:00:00.000000
D1,2017-11-16 23:25:02.000000,994,401.599693,421.5540014636678,-19.954308463667815,-15.84799944525422,-4.106309018413594,2017-11-16 00:00:00.000000
D1,2017-11-16 23:30:03.000000,994,411.864026,421.5362767291667,-9.672250729166649,-16.114397796212078,6.442147067045429,2017-11-16 00:00:00.000000
D1,2017-11-16 23:35:02.000000,994,399.991115,421.4787364041812,-21.487621404181198,-16.371512712165124,-5.116108692016073,2017-11-16 00:00:00.000000
D1,2017-11-16 23:40:02.000000,994,409.489441,421.60717733680553,-12.117736336805535,-16.6218390533971,4.504102716591564,2017-11-16 00:00:00.000000
D1,2017-11-16 23:45:01.000000,994,411.92975,421.70136939583335,-9.77161939583334,-16.863589694308427,7.091970298475086,2017-11-16 00:00:00.000000
D1,2017-11-16 23:50:02.000000,994,416.689809,421.7766014930556,-5.086792493055555,-17.099035499215187,12.012243006159633,2017-11-16 00:00:00.000000
D1,2017-11-16 23:55:05.000000,994,403.252029,421.80380682291667,-18.551777822916677,-17.327904108494746,-1.2238737144219307,2017-11-16 00:00:00.000000
D2,2017-11-16 00:00:03.000000,1010,375.305007,371.21413443750004,4.090872562499953,2.3545960105583776,1.7362765519415757,2017-11-16 00:00:00.000000
D2,2017-11-16 00:05:04.000000,1010,375.978988,371.1971657465278,4.781822253472228,1.9331588350977948,2.848663418374433,2017-11-16 00:00:00.000000
D2,2017-11-16 00:10:02.000000,1010,373.696426,371.18605565853653,2.5103703414634424,1.514911485573874,0.9954588558895685,2017-11-16 00:00:00.000000
D2,2017-11-16 00:15:03.000000,1010,376.760403,371.1990806111111,5.561322388888868,1.0916336063404548,4.469688782548413,2017-11-16 00:00:00.000000
D2,2017-11-16 00:20:05.000000,1010,370.586341,371.1536523333333,-0.5673113333332935,0.6663246484161887,-1.2336359817494822,2017-11-16 00:00:00.000000
D2,2017-11-16 00:25:01.000000,1010,370.708952,371.1536523333333,-0.4447003333332873,0.24905571000337767,-0.693756043336665,2017-11-16 00:00:00.000000
D2,2017-11-16 00:30:01.000000,1010,369.376189,371.1974848506945,-1.8212958506944688,-0.17406647950124787,-1.6472293711932209,2017-11-16 00:00:00.000000
D2,2017-11-16 00:35:02.000000,1010,371.459592,371.2091876840278,0.25040431597216184,-0.5986143612924364,0.8490186772645982,2017-11-16 00:00:00.000000
D2,2017-11-16 00:40:03.000000,1010,367.721523,371.21055671777003,-3.4890337177700417,-1.0229743677077043,-2.4660593500623373,2017-11-16 00:00:00.000000
D2,2017-11-16 00:45:00.000000,1010,378.031928,371.2479662013889,6.783961798611074,-1.4413124876838501,8.225274286294924,2017-11-16 00:00:00.000000
D2,2017-11-16 00:50:01.000000,1010,362.466796,371.1972185208333,-8.730422520833315,-1.8646961963539086,-6.8657263244794065,2017-11-16 00:00:00.000000
D2,2017-11-16 00:55:01.000000,1010,361.103325,371.2175392881944,-10.114214288194432,-2.2858830071668206,-7.828331281027612,2017-11-16 00:00:00.000000
D2,2017-11-16 01:00:00.000000,1010,369.131012,371.27068072569443,-2.1396687256944347,-2.704681348431758,0.5650126227373233,2017-11-16 00:00:00.000000
D2,2017-11-16 01:05:04.000000,1010,366.46533,371.2140292048611,-4.748699204861111,-3.129270996303501,-1.6194282085576104,2017-11-16 00:00:00.000000
D2,2017-11-16 01:10:03.000000,1010,371.934481,371.23878660553635,0.6956943944636578,-3.5454849903750016,4.241179384838659,2017-11-16 00:00:00.000000
D2,2017-11-16 01:15:01.000000,1010,363.646418,371.24264803125,-7.596230031250002,-3.95873648913832,-3.637493542111682,2017-11-16 00:00:00.000000
D2,2017-11-16 01:20:02.000000,1010,377.388433,371.2618513125,6.126581687499993,-4.374358746079359,10.500940433579352,2017-11-16 00:00:00.000000
D2,2017-11-16 01:25:04.000000,1010,379.104315,371.2345259616725,7.869789038327497,-4.789354699514844,12.65914373784234,2017-11-16 00:00:00.000000
D2,2017-11-16 01:30:02.000000,1010,370.341253,371.2589741393728,-0.9177211393728157,-5.1966882285010385,4.278967089128223,2017-11-16 00:00:00.000000
D2,2017-11-16 01:35:01.000000,1010,361.731377,371.2452551145833,-9.513878114583292,-5.603033122466673,-3.910844992116619,2017-11-16 00:00:00.000000
D2,2017-11-16 01:40:03.000000,1010,361.700802,371.2439744738676,-9.543172473867571,-6.010864511806858,-3.532307962060713,2017-11-16 00:00:00.000000
D2,2017-11-16 01:45:04.000000,1010,359.847088,371.2828885714286,-11.435800571428615,-6.414560047961089,-5.021240523467526,2017-11-16 00:00:00.000000
D2,2017-11-16 01:50:01.000000,1010,354.668932,371.32749411805554,-16.658562118055556,-6.809976288634696,-9.848585829420859,2017-11-16 00:00:00.000000
D2,2017-11-16 01:55:01.000000,1010,364.780067,371.30903598263893,-6.528968982638958,-7.206258816918799,0.6772898342798417,2017-11-16 00:00:00.000000
D2,2017-11-16 02:00:04.000000,1010,360.904166,371.35590038888887,-10.451734388888895,-7.60312188704329,-2.8486125018456043,2017-11-16 00:00:00.000000
D2,2017-11-16 02:05:03.000000,1010,359.050407,371.3972319826389,-12.346824982638907,-7.991226312888886,-4.355598669750021,2017-11-16 00:00:00.000000
D2,2017-11-16 02:10:02.000000,1010,368.227142,371.3972319826389,-3.170089982638899,-8.375650285277999,5.2055603026391,2017-11-16 00:00:00.000000
D2,2017-11-16 02:15:01.000000,1010,361.762129,371.4455323645833,-9.683403364583285,-8.756212056905778,-0.9271913076775071,2017-11-16 00:00:00.000000
D2,2017-11-16 02:20:02.000000,1010,356.032292,371.3857950208333,-15.35350302083333,-9.135236221296209,-6.218266799537121,2017-11-16 00:00:00.000000
D2,2017-11-16 02:25:03.000000,1010,359.632641,371.4643465605536,-11.831705560553644,-9.509982410122053,-2.321723150431591,2017-11-16 00:00:00.000000
D2,2017-11-16 02:30:02.000000,1010,363.477879,371.4424998541666,-7.96462085416664,-9.877825784608838,1.9132049304421983,2017-11-16 00:00:00.000000
D2,2017-11-16 02:35:04.000000,1010,368.717273,371.3934548645833,-2.6761818645833273,-10.244717868161242,7.568536003577915,2017-11-16 00:00:00.000000
D2,2017-11-16 02:40:01.000000,1010,367.644952,371.3934548645833,-3.7485028645833154,-10.600814532782698,6.852311668199382,2017-11-16 00:00:00.000000
D2,2017-11-16 02:45:02.000000,1010,372.363396,371.31913346689896,1.0442625331010618,-10.956759275315866,12.001021808416928,2017-11-16 00:00:00.000000
D2,2017-11-16 02:50:02.000000,1010,357.426538,371.31390236933794,-13.887364369337945,-11.306396591714163,-2.5809677776237816,2017-11-16 00:00:00.000000
D2,2017-11-16 02:55:03.000000,1010,368.38026,371.35738928819444,-2.977129288194419,-11.651889784419716,8.674760496225296,2017-11-16 00:00:00.000000
D2,2017-11-16 03:00:04.000000,1010,359.663216,371.346484375,-11.683268375000011,-11.991899212504759,0.3086308375047473,2017-11-16 00:00:00.000000
D2,2017-11-16 03:05:00.000000,1010,353.67307,371.346484375,-17.673414374999993,-12.320754759734648,-5.352659615265345,2017-11-16 00:00:00.000000
D2,2017-11-16 03:10:03.000000,1010,353.044974,371.36127186805555,-18.31629786805553,-12.65157237724623,-5.664725490809298,2017-11-16 00:00:00.000000
D2,2017-11-16 03:15:02.000000,1010,371.796649,371.48226366782006,0.31438533217993836,-12.97210033507963,13.286485667259567,2017-11-16 00:00:00.000000
D2,2017-11-16 03:20:00.000000,1010,365.377611,371.42361575347223,-6.046004753472232,-13.285551399956173,7.239546646483941,2017-11-16 00:00:00.000000
D2,2017-11-16 03:25:02.000000,1010,355.128533,371.51099505882354,-16.382462058823535,-13.596942772739311,-2.7855192860842237,2017-11-16 00:00:00.000000
D2,2017-11-16 03:30:01.000000,1010,356.568508,371.4361161944445,-14.867608194444472,-13.898878867275284,-0.9687293271691875,2017-11-16 00:00:00.000000
D2,2017-11-16 03:35:02.000000,1010,365.821902,371.41580332055753,-5.5939013205575066,-14.196295725685918,8.602394405128411,2017-11-16 00:00:00.000000
D2,2017-11-16 03:40:02.000000,1010,356.323442,371.52420587847223,-15.20076387847223,-14.486055158015027,-0.7147087204572031,2017-11-16 00:00:00.000000
D2,2017-11-16 03:45:01.000000,1010,361.869208,371.52420587847223,-9.654997878472216,-14.76808652027047,5.113088641798255,2017-11-16 00:00:00.000000
D2,2017-11-16 03:50:03.000000,1010,363.554494,371.48904023693376,-7.934546236933784,-15.045958820477061,7.111412583543277,2017-11-16 00:00:00.000000
D2,2017-11-16 03:55:04.000000,1010,360.184078,371.60772122569443,-11.423643225694434,-15.31578940498107,3.8921461792866356,2017-11-16 00:00:00.000000
D2,2017-11-16 04:00:02.000000,1010,365.346991,371.60772122569443,-6.260730225694431,-15.575799704081383,9.315069478386953,2017-11-16 00:00:00.000000
D2,2017-11-16 04:05:03.000000,1010,362.114429,371.63426501736114,-9.519836017361172,-15.831100036188147,6.311264018826975,2017-11-16 00:00:00.000000
D2,2017-11-16 04:10:02.000000,1010,362.757947,371.6149019513889,-8.8569549513889,-16.077292605769912,7.220337654381012,2017-11-16 00:00:00.000000
D2,2017-11-16 04:15:02.000000,1010,364.580886,371.64325421527775,-7.062368215277729,-16.316767380168276,9.254399164890547,2017-11-16 00:00:00.000000
D2,2017-11-16 04:20:02.000000,1010,367.828824,371.6970339409722,-3.8682099409721786,-16.548574535864322,12.680364594892144,2017-11-16 00:00:00.000000
D2,2017-11-16 04:25:02.000000,1010,352.692607,371.71495971527776,-19.022352715277748,-16.772603745206577,-2.2497489700711704,2017-11-16 00:00:00.000000
D2,2017-11-16 04:30:04.000000,1010,360.904099,371.7990069548611,-10.89490795486114,-16.9901626565467,6.095254701685562,2017-11-16 00:00:00.000000
D2,2017-11-16 04:35:00.000000,1010,361.317816,371.7990069548611,-10.48119095486112,-17.195544527166675,6.714353572305555,2017-11-16 00:00:00.000000
D2,2017-11-16 04:40:02.000000,1010,357.120123,371.9177423044983,-14.797619304498312,-17.39697624951647,2.599356945018158,2017-11-16 00:00:00.000000
D2,2017-11-16 04:45:03.000000,1010,351.022654,371.82241277083335,-20.799758770833364,-17.58949103005788,-3.2102677407754854,2017-11-16 00:00:00.000000
D2,2017-11-16 04:50:02.000000,1010,361.225869,371.90714107266433,-10.681272072664342,-17.77248105219227,7.091208979527927,2017-11-16 00:00:00.000000
D2,2017-11-16 04:55:03.000000,1010,357.88614,371.9454143564014,-14.059274356401374,-17.948306569668528,3.8890322132671535,2017-11-16 00:00:00.000000
D2,2017-11-16 05:00:02.000000,1010,360.521224,371.88534232638887,-11.364118326388848,-18.114547995717977,6.7504296693291295,2017-11-16 00:00:00.000000
D2,2017-11-16 05:05:02.000000,1010,359.556026,371.95384270242215,-12.397816702422176,-18.272836266747372,5.875019564325196,2017-11-16 00:00:00.000000
D2,2017-11-16 05:10:02.000000,1010,362.92642,371.891087,-8.96466700000002,-18.422525936224776,9.457858936224756,2017-11-16 00:00:00.000000
D2,2017-11-16 05:15:04.000000,1010,368.625437,371.98688992013894,-3.3614529201389587,-18.564456647027633,15.203003726888674,2017-11-16 00:00:00.000000
D2,2017-11-16 05:20:03.000000,1010,351.451724,371.9279277421603,-20.476203742160294,-18.696254881454173,-1.7799488607061207,2017-11-16 00:00:00.000000
D2,2017-11-16 05:25:02.000000,1010,363.294096,372.08764084083043,-8.793544840830407,-18.819311557419447,10.02576671658904,2017-11-16 00:00:00.000000
D2,2017-11-16 05:30:02.000000,1010,357.625697,372.02763684375003,-14.401939843750029,-18.933935800446953,4.531995956696925,2017-11-16 00:00:00.000000
D2,2017-11-16 05:35:03.000000,1010,363.156153,372.16105982352946,-9.004906823529438,-19.03998420202858,10.035077378499142,2017-11-16 00:00:00.000000
D2,2017-11-16 05:40:02.000000,1010,364.810686,372.01071961672477,-7.200033616724795,-19.136394226419153,11.936360609694358,2017-11-16 00:00:00.000000
D2,2017-11-16 05:45:03.000000,1010,352.769222,372.2118441141869,-19.44262211418686,-19.22440939563612,-0.21821271855074187,2017-11-16 00:00:00.000000
D2,2017-11-16 05:50:04.000000,1010,353.703756,372.08897464459926,-18.385218644599263,-19.303312624544525,0.9180939799452617,2017-11-16 00:00:00.000000
D2,2017-11-16 05:55:05.000000,1010,357.610343,372.1964762395833,-14.586133239583319,-19.37306610871578,4.78693286913246,2017-11-16 00:00:00.000000
D2,2017-11-16 06:00:02.000000,1010,348.234539,372.1964762395833,-23.961937239583335,-19.43289184409556,-4.529045395487774,2017-11-16 00:00:00.000000
D2,2017-11-16 06:05:04.000000,1010,350.180133,372.1703785783972,-21.990245578397207,-19.484528219912622,-2.505717358484585,2017-11-16 00:00:00.000000
D2,2017-11-16 06:10:02.000000,1010,362.405469,372.329473615917,-9.924004615917,-19.5263666357327,9.6023620198157,2017-11-16 00:00:00.000000
D2,2017-11-16 06:15:03.000000,1010,355.725921,372.1935450313589,-16.467624031358866,-19.559415694400716,3.0917916630418496,2017-11-16 00:00:00.000000
D2,2017-11-16 06:20:03.000000,1010,359.387465,372.39828142560555,-13.010816425605526,-19.58312867650573,6.572312250900204,2017-11-16 00:00:00.000000
D2,2017-11-16 06:25:03.000000,1010,356.767734,372.26998543902437,-15.502251439024349,-19.597619428836907,4.095367989812559,2017-11-16 00:00:00.000000
D2,2017-11-16 06:30:03.000000,1010,352.7692,372.3067485520833,-19.537548552083308,-19.602881054580955,0.06533250249764677,2017-11-16 00:00:00.000000
D2,2017-11-16 06:35:04.000000,1010,358.652045,372.3067485520833,-13.654703552083333,-19.59888237968793,5.9441788276045955,2017-11-16 00:00:00.000000
D2,2017-11-16 06:40:02.000000,1010,358.86658,372.3140362916667,-13.447456291666697,-19.58577062812127,6.138314336454574,2017-11-16 00:00:00.000000
D2,2017-11-16 06:45:03.000000,1010,359.739809,372.32143050347224,-12.581621503472263,-19.563288097683607,6.981666594211344,2017-11-16 00:00:00.000000
D2,2017-11-16 06:50:02.000000,1010,355.710723,372.32143050347224,-16.61070750347227,-19.531772846903813,2.9210653434315432,2017-11-16 00:00:00.000000
D2,2017-11-16 06:55:03.000000,1010,355.588067,372.36792248958335,-16.779855489583326,-19.490818383734226,2.7109628941508994,2017-11-16 00:00:00.000000
D2,2017-11-16 07:00:03.000000,1010,356.90561,372.36834822222227,-15.462738222222242,-19.44080636682853,3.9780681446062864,2017-11-16 00:00:00.000000
D2,2017-11-16 07:05:00.000000,1010,354.148092,372.38372122916667,-18.235629229166648,-19.382276748828158,1.14664751966151,2017-11-16 00:00:00.000000
D2,2017-11-16 07:10:02.000000,1010,362.543389,372.44736930103807,-9.903980301038075,-19.313589784805217,9.409609483767142,2017-11-16 00:00:00.000000
D2,2017-11-16 07:15:01.000000,1010,354.224552,372.39558330555553,-18.171031305555516,-19.23650629075449,1.0654749851989749,2017-11-16 00:00:00.000000
D2,2017-11-16 07:20:02.000000,1010,353.182783,372.41116918055553,-19.22838618055556,-19.149819827783503,-0.07856635277205726,2017-11-16 00:00:00.000000
D2,2017-11-16 07:25:01.000000,1010,355.067228,372.41765900347224,-17.350431003472238,-19.054723313859093,1.7042923103868546,2017-11-16 00:00:00.000000
D2,2017-11-16 07:30:05.000000,1010,357.671626,372.48925834375,-14.817632343750006,-18.948901030915437,4.131268687165431,2017-11-16 00:00:00.000000
D2,2017-11-16 07:35:00.000000,1010,343.117622,372.48925834375,-29.371636343750026,-18.83745405509452,-10.534182288655508,2017-11-16 00:00:00.000000
D2,2017-11-16 07:40:02.000000,1010,354.592228,372.5186219305555,-17.926393930555548,-18.71448119547645,0.7880872649209003,2017-11-16 00:00:00.000000
D2,2017-11-16 07:45:03.000000,1010,352.079798,372.60820136458335,-20.52840336458337,-18.583033112679338,-1.9453702519040306,2017-11-16 00:00:00.000000
D2,2017-11-16 07:50:03.000000,1010,356.660477,372.5543396480836,-15.893862648083598,-18.443260848396456,2.549398200312858,2017-11-16 00:00:00.000000
D2,2017-11-16 07:55:04.000000,1010,360.643746,372.64421371180555,-12.000467711805527,-18.294299593105244,6.293831881299717,2017-11-16 00:00:00.000000
D2,2017-11-16 08:00:01.000000,1010,346.212219,372.70690791349483,-26.494688913494826,-18.138823248600954,-8.355865664893873,2017-11-16 00:00:00.000000
D2,2017-11-16 08:05:01.000000,1010,355.465635,372.6615547465278,-17.195919746527807,-17.973284542709003,0.777364796181196,2017-11-16 00:00:00.000000
D2,2017-11-16 08:10:00.000000,1010,344.021603,372.67453415625,-28.652931156249963,-17.79988374408193,-10.853047412168031,2017-11-16 00:00:00.000000
D2,2017-11-16 08:15:01.000000,1010,353.121723,372.6710229131944,-19.54929991319443,-17.616921849531355,-1.9323780636630765,2017-11-16 00:00:00.000000
D2,2017-11-16 08:20:03.000000,1010,355.863953,372.67769843554004,-16.813745435540056,-17.424968838336007,0.6112234027959502,2017-11-16 00:00:00.000000
D2,2017-11-16 08:25:01.000000,1010,355.710656,372.7195883923611,-17.008932392361146,-17.227417412987286,0.21848502062614017,2017-11-16 00:00:00.000000
D2,2017-11-16 08:30:03.000000,1010,352.616059,372.80518707266435,-20.189128072664346,-17.019059677065307,-3.1700683955990385,2017-11-16 00:00:00.000000
D2,2017-11-16 08:35:03.000000,1010,356.492004,372.86853434256057,-16.376530342560557,-16.80405302719902,0.42752268463846477,2017-11-16 00:00:00.000000
D2,2017-11-16 08:40:02.000000,1010,357.579746,372.74282082578395,-15.163074825783951,-16.58190286344556,1.4188280376616085,2017-11-16 00:00:00.000000
D2,2017-11-16 08:45:04.000000,1010,355.465479,372.8585150657439,-17.3930360657439,-16.34966528831547,-1.0433707774284287,2017-11-16 00:00:00.000000
D2,2017-11-16 08:50:00.000000,1010,347.912769,372.8304979930556,-24.91772899305556,-16.114485407685407,-8.803243585370154,2017-11-16 00:00:00.000000
D2,2017-11-16 08:55:02.000000,1010,350.348717,372.88300060069446,-22.534283600694437,-15.86694272315159,-6.667340877542847,2017-11-16 00:00:00.000000
D2,2017-11-16 09:00:03.000000,1010,343.362821,372.90610933101044,-29.543288331010444,-15.612703822760928,-13.930584508249517,2017-11-16 00:00:00.000000
D2,2017-11-16 09:05:00.000000,1010,354.837449,372.98933609027773,-18.15188709027774,-15.354607973910253,-2.797279116367486,2017-11-16 00:00:00.000000
D2,2017-11-16 09:10:01.000000,1010,347.315337,373.0248610761246,-25.70952407612458,-15.085827041049171,-10.62369703507541,2017-11-16 00:00:00.000000
D2,2017-11-16 09:15:04.000000,1010,354.990613,373.00449661805555,-18.01388361805556,-14.80806022493281,-3.205823393122749,2017-11-16 00:00:00.000000
D2,2017-11-16 09:20:01.000000,1010,359.249477,373.00449661805555,-13.755019618055542,-14.528912806658946,0.7738931886034042,2017-11-16 00:00:00.000000
D2,2017-11-16 09:25:04.000000,1010,353.489332,373.06843672916665,-19.57910472916666,-14.237242097458788,-5.341862631707871,2017-11-16 00:00:00.000000
D2,2017-11-16 09:30:01.000000,1010,353.550638,373.06843672916665,-19.517798729166657,-13.944735029626365,-5.573063699540292,2017-11-16 00:00:00.000000
D2,2017-11-16 09:35:05.000000,1010,352.141148,373.07242601388884,-20.931278013888857,-13.638698094241681,-7.292579919647176,2017-11-16 00:00:00.000000
D2,2017-11-16 09:40:00.000000,1010,352.263692,373.07242601388884,-20.808734013888852,-13.335444060573892,-7.473289953314961,2017-11-16 00:00:00.000000
D2,2017-11-16 09:45:03.000000,1010,353.121522,373.1463663402778,-20.024844340277753,-13.017677393925094,-7.007166946352658,2017-11-16 00:00:00.000000
D2,2017-11-16 09:50:04.000000,1010,355.971098,373.18489934602076,-17.213801346020773,-12.695849320538613,-4.51795202548216,2017-11-16 00:00:00.000000
D2,2017-11-16 09:55:02.000000,1010,347.606376,373.1665800208333,-25.560204020833282,-12.371333537409726,-13.188870483423557,2017-11-16 00:00:00.000000
D2,2017-11-16 10:00:03.000000,1010,355.618709,373.15684521180555,-17.538136211805522,-12.037751916492542,-5.50038429531298,2017-11-16 00:00:00.000000
D2,2017-11-16 10:05:02.000000,1010,349.429493,373.15684521180555,-23.727352211805567,-11.700774162322267,-12.0265780494833,2017-11-16 00:00:00.000000
D2,2017-11-16 10:10:03.000000,1010,360.96536,373.1631744756944,-12.197814475694429,-11.356053846616694,-0.8417606290777346,2017-11-16 00:00:00.000000
D2,2017-11-16 10:15:04.000000,1010,360.168791,373.18423930902776,-13.01544830902776,-11.005991508380733,-2.009456800647028,2017-11-16 00:00:00.000000
D2,2017-11-16 10:20:01.000000,1010,364.795465,373.18423930902776,-8.38877430902778,-10.655508811063857,2.2667345020360763,2017-11-16 00:00:00.000000
D2,2017-11-16 10:25:04.000000,1010,371.873287,373.19913327083333,-1.325846270833324,-10.292923899883377,8.967077629050053,2017-11-16 00:00:00.000000
D2,2017-11-16 10:30:01.000000,1010,352.110573,373.19913327083333,-21.08856027083334,-9.93276516310091,-11.15579510773243,2017-11-16 00:00:00.000000
D2,2017-11-16 10:35:05.000000,1010,358.437643,373.1691843229167,-14.731541322916712,-9.559420492934574,-5.172120829982138,2017-11-16 00:00:00.000000
D2,2017-11-16 10:40:04.000000,1010,353.335991,373.1385975451389,-19.80260654513893,-9.18775654756081,-10.61484999757812,2017-11-16 00:00:00.000000
D2,2017-11-16 10:45:02.000000,1010,357.426538,373.1307738027682,-15.70423580276821,-8.813110559852564,-6.8911252429156455,2017-11-16 00:00:00.000000
D2,2017-11-16 10:50:04.000000,1010,354.240061,373.1653008888889,-18.925239888888882,-8.429312981467234,-10.495926907421648,2017-11-16 00:00:00.000000
D2,2017-11-16 10:55:04.000000,1010,364.443032,373.1461021672474,-8.703070167247404,-8.044130040258729,-0.658940126988675,2017-11-16 00:00:00.000000
D2,2017-11-16 11:00:02.000000,1010,357.778905,373.1389371211073,-15.360032121107281,-7.65782150769142,-7.702210613415861,2017-11-16 00:00:00.000000
D2,2017-11-16 11:05:01.000000,1010,349.827855,373.1173728472222,-23.289517847222214,-7.266699906303625,-16.02281794091859,2017-11-16 00:00:00.000000
D2,2017-11-16 11:10:03.000000,1010,358.008617,373.1520556875,-15.143438687500009,-6.868266322495867,-8.275172365004142,2017-11-16 00:00:00.000000
D2,2017-11-16 11:15:04.000000,1010,362.129784,373.16189665625,-11.032112656250035,-6.467954725736646,-4.56415793051339,2017-11-16 00:00:00.000000
D2,2017-11-16 11:20:01.000000,1010,364.075333,373.1358626712803,-9.060529671280278,-6.070021565998841,-2.990508105281437,2017-11-16 00:00:00.000000
D2,2017-11-16 11:25:04.000000,1010,368.073978,373.2362097083333,-5.162231708333309,-5.661232015335097,0.4990003070017881,2017-11-16 00:00:00.000000
D2,2017-11-16 11:30:02.000000,1010,364.534979,373.2362097083333,-8.701230708333298,-5.256603947510758,-3.4446267608225405,2017-11-16 00:00:00.000000
D2,2017-11-16 11:35:00.000000,1010,362.466885,373.2627539618056,-10.795868961805581,-4.849604239418092,-5.94626472238749,2017-11-16 00:00:00.000000
D2,2017-11-16 11:40:05.000000,1010,364.856749,373.3564294583333,-8.49968045833333,-4.430787755643153,-4.068892702690177,2017-11-16 00:00:00.000000
D2,2017-11-16 11:45:03.000000,1010,364.274559,373.370116,-9.095556999999985,-4.019574809805537,-5.075982190194448,2017-11-16 00:00:00.000000
D2,2017-11-16 11:50:02.000000,1010,359.632575,373.3632910798611,-13.73071607986111,-3.60518244383953,-10.125533636021581,2017-11-16 00:00:00.000000
D2,2017-11-16 11:55:02.000000,1010,365.040531,373.3753660208333,-8.334835020833339,-3.1877894732237335,-5.147045547609605,2017-11-16 00:00:00.000000
D2,2017-11-16 12:00:02.000000,1010,367.87473,373.41606010069444,-5.541330100694438,-2.76897756632626,-2.772352534368178,2017-11-16 00:00:00.000000
D2,2017-11-16 12:05:03.000000,1010,361.85401,373.4555306076388,-11.601520607638804,-2.347544133535275,-9.25397647410353,2017-11-16 00:00:00.000000
D2,2017-11-16 12:10:03.000000,1010,369.759153,373.4787121358885,-3.71955913588846,-1.9264898657868923,-1.7930692701015676,2017-11-16 00:00:00.000000
D2,2017-11-16 12:15:00.000000,1010,373.956779,373.48515998611106,0.471619013888926,-1.508839094180265,1.980458108069191,2017-11-16 00:00:00.000000
D2,2017-11-16 12:20:04.000000,1010,355.710611,373.49537900346024,-17.78476800346027,-1.0807171298777143,-16.704050873582556,2017-11-16 00:00:00.000000
D2,2017-11-16 12:25:03.000000,1010,372.700564,373.53170459375,-0.8311405937500354,-0.6592187553125655,-0.1719218384374699,2017-11-16 00:00:00.000000
D2,2017-11-16 12:30:04.000000,1010,376.714408,373.5409600451389,3.1734479548611034,-0.234685250743365,3.4081332056044684,2017-11-16 00:00:00.000000
D2,2017-11-16 12:35:02.000000,1010,376.239475,373.52681356055365,2.7126614394463786,0.18563099557467444,2.527030443871704,2017-11-16 00:00:00.000000
D2,2017-11-16 12:40:05.000000,1010,381.984488,373.52106500694447,8.46342299305553,0.6128095865843899,7.85061340647114,2017-11-16 00:00:00.000000
D2,2017-11-16 12:45:02.000000,1010,368.931764,373.50534771428573,-4.573583714285746,1.0311444800618448,-5.604728194347591,2017-11-16 00:00:00.000000
D2,2017-11-16 12:50:05.000000,1010,374.079434,373.56048181250003,0.5189521874999627,1.4573342919138605,-0.9383821044138978,2017-11-16 00:00:00.000000
D2,2017-11-16 12:55:01.000000,1010,385.523421,373.56048181250003,11.962939187499956,1.8728996414490502,10.090039546050905,2017-11-16 00:00:00.000000
D2,2017-11-16 13:00:05.000000,1010,372.164437,373.6197935763889,-1.4553565763888514,2.298691809934647,-3.7540483863234986,2017-11-16 00:00:00.000000
D2,2017-11-16 13:05:03.000000,1010,373.206161,373.6197935763889,-0.4136325763888635,2.7148931821859406,-3.128525758574804,2017-11-16 00:00:00.000000
D2,2017-11-16 13:10:02.000000,1010,378.368918,373.64787996875,4.721038031250032,3.1311121260989867,1.5899259051510453,2017-11-16 00:00:00.000000
D2,2017-11-16 13:15:03.000000,1010,380.820154,373.68931849652773,7.1308355034722695,3.548520887153403,3.5823146163188664,2017-11-16 00:00:00.000000
D2,2017-11-16 13:20:03.000000,1010,369.238246,373.6916587847222,-4.453412784722218,3.962752967037061,-8.41616575175928,2017-11-16 00:00:00.000000
D2,2017-11-16 13:25:05.000000,1010,383.393955,373.65314590625,9.740809093749988,4.377741931084808,5.36306716266518,2017-11-16 00:00:00.000000
D2,2017-11-16 13:30:03.000000,1010,367.307895,373.6646856027874,-6.3567906027874415,4.785067915261429,-11.14185851804887,2017-11-16 00:00:00.000000
D2,2017-11-16 13:35:01.000000,1010,380.667013,373.6283574270833,7.038655572916696,5.190049756748898,1.8486058161677974,2017-11-16 00:00:00.000000
D2,2017-11-16 13:40:03.000000,1010,384.144551,373.62154225605536,10.523008743944615,5.5978811460890885,4.925127597855527,2017-11-16 00:00:00.000000
D2,2017-11-16 13:45:04.000000,1010,384.129286,373.6547265155709,10.47455948442905,6.001576682243317,4.472982802185734,2017-11-16 00:00:00.000000
D2,2017-11-16 13:50:01.000000,1010,374.324522,373.67836888235297,0.6461531176470316,6.39699292291693,-5.750839805269898,2017-11-16 00:00:00.000000
D2,2017-11-16 13:55:04.000000,1010,385.937004,373.7756083902439,12.161395609756084,6.797221765377024,5.36417384437906,2017-11-16 00:00:00.000000
D2,2017-11-16 14:00:03.000000,1010,383.761609,373.73890665397926,10.022702346020765,7.188834543136684,2.8338678028840807,2017-11-16 00:00:00.000000
D2,2017-11-16 14:05:02.000000,1010,393.826749,373.76037575432525,20.066373245674754,7.576950971275725,12.489422274399029,2017-11-16 00:00:00.000000
D2,2017-11-16 14:10:02.000000,1010,392.095601,373.8114520347222,18.28414896527778,7.962666919560219,10.321482045717561,2017-11-16 00:00:00.000000
D2,2017-11-16 14:15:01.000000,1010,372.623971,373.82373960763886,-1.1997686076388732,8.343228691187997,-9.54299729882687,2017-11-16 00:00:00.000000
D2,2017-11-16 14:20:04.000000,1010,387.25448,373.87241295138887,13.382067048611134,8.724757181564087,4.657309867047047,2017-11-16 00:00:00.000000
D2,2017-11-16 14:25:01.000000,1010,383.792206,373.87241295138887,9.919793048611155,9.094523549492045,0.8252694991191092,2017-11-16 00:00:00.000000
D2,2017-11-16 14:30:03.000000,1010,378.047304,373.9556091145833,4.0916948854167,9.466065088913357,-5.374370203496657,2017-11-16 00:00:00.000000
D2,2017-11-16 14:35:02.000000,1010,383.669662,373.9556091145833,9.71405288541672,9.82932048500177,-0.1152675995850494,2017-11-16 00:00:00.000000
D2,2017-11-16 14:40:03.000000,1010,389.108194,373.99467932404184,15.113514675958186,10.190212874075073,4.923301801883113,2017-11-16 00:00:00.000000
D2,2017-11-16 14:45:02.000000,1010,386.2128,373.9977924791667,12.215007520833296,10.54377590959809,1.671231611235207,2017-11-16 00:00:00.000000
D2,2017-11-16 14:50:03.000000,1010,384.849284,374.04619971875,10.803084281249994,10.894569941202596,-0.0914856599526015,2017-11-16 00:00:00.000000
D2,2017-11-16 14:55:02.000000,1010,388.51085,374.04619971875,14.464650281249988,11.237767588826912,3.226882692423075,2017-11-16 00:00:00.000000
D2,2017-11-16 15:00:03.000000,1010,386.948131,374.06832872916664,12.879802270833352,11.577795506585627,1.302006764247725,2017-11-16 00:00:00.000000
D2,2017-11-16 15:05:02.000000,1010,396.400528,374.16389371428573,22.236634285714274,11.909974470082902,10.326659815631372,2017-11-16 00:00:00.000000
D2,2017-11-16 15:10:04.000000,1010,393.734868,374.2198268576389,19.5150411423611,12.239670902801636,7.275370239559463,2017-11-16 00:00:00.000000
D2,2017-11-16 15:15:01.000000,1010,387.039989,374.2198268576389,12.820162142361085,12.558054944545125,0.2621071978159595,2017-11-16 00:00:00.000000
D2,2017-11-16 15:20:02.000000,1010,391.329651,374.21983593728226,17.109815062717757,12.874651145948803,4.235163916768954,2017-11-16 00:00:00.000000
D2,2017-11-16 15:25:00.000000,1010,391.55934,374.1855696736111,17.37377032638892,13.181918292187818,4.191852034201103,2017-11-16 00:00:00.000000
D2,2017-11-16 15:30:02.000000,1010,389.429919,374.2656892195122,15.164229780487801,13.486894538599891,1.67733524188791,2017-11-16 00:00:00.000000
D2,2017-11-16 15:35:03.000000,1010,397.626146,374.27689877003485,23.349247229965158,13.784289362568474,9.564957867396684,2017-11-16 00:00:00.000000
D2,2017-11-16 15:40:00.000000,1010,385.783841,374.23408253472223,11.549758465277762,14.071162414599236,-2.521403949321474,2017-11-16 00:00:00.000000
D2,2017-11-16 15:45:02.000000,1010,387.484325,374.25610584375,13.22821915625002,14.35603492579075,-1.1278157695407298,2017-11-16 00:00:00.000000
D2,2017-11-16 15:50:05.000000,1010,394.209779,374.30174682986114,19.90803217013888,14.634791958192992,5.27324021194589,2017-11-16 00:00:00.000000
D2,2017-11-16 15:55:02.000000,1010,392.92299,374.30174682986114,18.621243170138882,14.901036894533886,3.720206275604996,2017-11-16 00:00:00.000000
D2,2017-11-16 16:00:03.000000,1010,385.799106,374.34549245296165,11.453613547038344,15.163676772529298,-3.710063225490954,2017-11-16 00:00:00.000000
D2,2017-11-16 16:05:03.000000,1010,387.775386,374.2693302802768,13.506055719723236,15.418116670470381,-1.9120609507471453,2017-11-16 00:00:00.000000
D2,2017-11-16 16:10:04.000000,1010,395.128937,374.3464831215278,20.78245387847221,15.665930878133326,5.116523000338885,2017-11-16 00:00:00.000000
D2,2017-11-16 16:15:03.000000,1010,395.435464,374.37308084375,21.062383156250007,15.90456950404651,5.157813652203497,2017-11-16 00:00:00.000000
D2,2017-11-16 16:20:04.000000,1010,396.293249,374.3903154027778,21.902933597222216,16.13711057238236,5.765823024839857,2017-11-16 00:00:00.000000
D2,2017-11-16 16:25:00.000000,1010,393.152679,374.3903154027778,18.76236359722219,16.358152841719747,2.4042107555024437,2017-11-16 00:00:00.000000
D2,2017-11-16 16:30:02.000000,1010,405.577173,374.4077629861111,31.16941001388892,16.575765016706992,14.59364499718193,2017-11-16 00:00:00.000000
D2,2017-11-16 16:35:03.000000,1010,398.821166,374.4963966062718,24.324769393728218,16.78460259748697,7.540166796241248,2017-11-16 00:00:00.000000
D2,2017-11-16 16:40:01.000000,1010,396.278051,374.4404773368056,21.837573663194405,16.983339520500795,4.85423414269361,2017-11-16 00:00:00.000000
D2,2017-11-16 16:45:03.000000,1010,394.347811,374.46925571875,19.878555281249987,17.17650766434011,2.7020476169098764,2017-11-16 00:00:00.000000
D2,2017-11-16 16:50:00.000000,1010,399.081608,374.4997365625,24.581871437500013,17.358301168201116,7.223570269298897,2017-11-16 00:00:00.000000
D2,2017-11-16 16:55:02.000000,1010,401.486804,374.50952445138887,26.977279548611136,17.53475309406296,9.442526454548176,2017-11-16 00:00:00.000000
D2,2017-11-16 17:00:02.000000,1010,399.801652,374.53218543055556,25.269466569444432,17.70156463000021,7.567901939444223,2017-11-16 00:00:00.000000
D2,2017-11-16 17:05:00.000000,1010,389.322707,374.52250378472223,14.800203215277747,17.858826035369045,-3.0586228200912977,2017-11-16 00:00:00.000000
D2,2017-11-16 17:10:02.000000,1010,397.534221,374.52633359375,23.007887406250006,18.009542570507,4.998344835743005,2017-11-16 00:00:00.000000
D2,2017-11-16 17:15:00.000000,1010,409.422566,374.52894021527777,34.893625784722246,18.14965111887906,16.743974665843187,2017-11-16 00:00:00.000000
D2,2017-11-16 17:20:03.000000,1010,394.807256,374.4959596875,20.31129631250002,18.283271515736406,2.0280247967636136,2017-11-16 00:00:00.000000
D2,2017-11-16 17:25:01.000000,1010,395.205685,374.5351109340278,20.670574065972232,18.40593126570221,2.264642800270021,2017-11-16 00:00:00.000000
D2,2017-11-16 17:30:03.000000,1010,401.302954,374.5073965763889,26.795557423611115,18.5213196397364,8.274237783874714,2017-11-16 00:00:00.000000
D2,2017-11-16 17:35:00.000000,1010,400.307115,374.5073965763889,25.799718423611125,18.625988314477986,7.173730109133139,2017-11-16 00:00:00.000000
D2,2017-11-16 17:40:04.000000,1010,402.957576,374.5269307108014,28.430645289198594,18.72402566011551,9.706619629083082,2017-11-16 00:00:00.000000
D2,2017-11-16 17:45:02.000000,1010,399.188843,374.50564118750003,24.683201812499988,18.81114868440042,5.872053128099569,2017-11-16 00:00:00.000000
D2,2017-11-16 17:50:04.000000,1010,409.146792,374.4874152179931,34.659376782006916,18.89032925882675,15.769047523180166,2017-11-16 00:00:00.000000
D2,2017-11-16 17:55:02.000000,1010,391.865867,374.5595807013889,17.3062862986111,18.959432780838057,-1.6531464822269584,2017-11-16 00:00:00.000000
D2,2017-11-16 18:00:04.000000,1010,400.414394,374.63118043055556,25.783213569444456,19.02028097348315,6.762932595961306,2017-11-16 00:00:00.000000
D2,2017-11-16 18:05:04.000000,1010,394.332323,374.60546944290655,19.72685355709342,19.07154485419485,0.6553087028985694,2017-11-16 00:00:00.000000
D2,2017-11-16 18:10:00.000000,1010,395.9869,374.69027963888885,21.296620361111138,19.113132697727586,2.183487663383552,2017-11-16 00:00:00.000000
D2,2017-11-16 18:15:03.000000,1010,399.388046,374.7202280451389,24.66781795486105,19.146432328682945,5.521385626178105,2017-11-16 00:00:00.000000
D2,2017-11-16 18:20:01.000000,1010,404.167862,374.75980509722217,29.408056902777844,19.170017749957807,10.238039152820036,2017-11-16 00:00:00.000000
D2,2017-11-16 18:25:05.000000,1010,397.534288,374.78251923263883,22.75176876736117,19.18470170450263,3.5670670628585412,2017-11-16 00:00:00.000000
D2,2017-11-16 18:30:02.000000,1010,389.629145,374.75464129065745,14.874503709342548,19.189895484702447,-4.315391775359899,2017-11-16 00:00:00.000000
D2,2017-11-16 18:35:04.000000,1010,396.584311,374.8309796284723,21.753331371527736,19.185899013970158,2.5674323575575784,2017-11-16 00:00:00.000000
D2,2017-11-16 18:40:02.000000,1010,392.049672,374.834118375,17.215553624999984,19.172787262403503,-1.9572336374035189,2017-11-16 00:00:00.000000
D2,2017-11-16 18:45:02.000000,1010,396.369909,374.8653968298611,21.504512170138923,19.150394786591775,2.3541173835471483,2017-11-16 00:00:00.000000
D2,2017-11-16 18:50:02.000000,1010,395.266857,374.87624858333334,20.39060841666668,19.11878948118604,1.2718189354806384,2017-11-16 00:00:00.000000
D2,2017-11-16 18:55:03.000000,1010,392.448079,374.8704161384083,17.577662861591705,19.077835018016454,-1.5001721564247497,2017-11-16 00:00:00.000000
D2,2017-11-16 19:00:03.000000,1010,405.301488,374.88753847750866,30.41394952249135,19.02782300111076,11.38612652138059,2017-11-16 00:00:00.000000
D2,2017-11-16 19:05:02.000000,1010,385.875788,375.02245616027875,10.85333183972125,18.96886889054099,-8.11553705081974,2017-11-16 00:00:00.000000
D2,2017-11-16 19:10:01.000000,1010,391.099761,374.9673699201389,16.132391079861122,18.900849085961624,-2.768458006100502,2017-11-16 00:00:00.000000
D2,2017-11-16 19:15:03.000000,1010,391.13047,375.06339879094077,16.067071209059236,18.82297698187321,-2.755905772813975,2017-11-16 00:00:00.000000
D2,2017-11-16 19:20:04.000000,1010,394.408983,375.0372151840278,19.37176781597219,18.736230070012418,0.6355377459597733,2017-11-16 00:00:00.000000
D2,2017-11-16 19:25:04.000000,1010,390.854651,375.02721465972223,15.827436340277757,18.640740571070022,-2.8133042307922658,2017-11-16 00:00:00.000000
D2,2017-11-16 19:30:02.000000,1010,404.121933,375.02721465972223,29.09471834027778,18.53700680325177,10.557711537026009,2017-11-16 00:00:00.000000
D2,2017-11-16 19:35:01.000000,1010,391.91184,375.1554796898955,16.75636031010447,18.424078291072863,-1.6677179809683942,2017-11-16 00:00:00.000000
D2,2017-11-16 19:40:02.000000,1010,393.750245,375.01460561245676,18.735639387543245,18.301497829758684,0.4341415577845602,2017-11-16 00:00:00.000000
D2,2017-11-16 19:45:02.000000,1010,397.304376,375.08551664583337,22.218859354166625,18.17050106465744,4.048358289509185,2017-11-16 00:00:00.000000
D2,2017-11-16 19:50:05.000000,1010,392.049739,375.1429137013889,16.906825298611068,18.02931646609737,-1.1224911674863023,2017-11-16 00:00:00.000000
D2,2017-11-16 19:55:01.000000,1010,390.150007,375.1429137013889,15.007093298611096,17.882843770161664,-2.8757504715505675,2017-11-16 00:00:00.000000
D2,2017-11-16 20:00:00.000000,1010,390.762838,375.14546685416667,15.617371145833317,17.726377449100287,-2.1090063032669697,2017-11-16 00:00:00.000000
D2,2017-11-16 20:05:04.000000,1010,391.712637,375.25321874564463,16.45941825435534,17.558602952292585,-1.0991846979372433,2017-11-16 00:00:00.000000
D2,2017-11-16 20:10:03.000000,1010,389.966157,375.33776398611116,14.628393013888854,17.38511828398922,-2.756725270100368,2017-11-16 00:00:00.000000
D2,2017-11-16 20:15:04.000000,1010,392.585821,375.4047883715278,17.181032628472224,17.202072809857704,-0.02104018138548014,2017-11-16 00:00:00.000000
D2,2017-11-16 20:20:03.000000,1010,384.742006,375.4047883715278,9.337217628472217,17.011985472618235,-7.674767844146018,2017-11-16 00:00:00.000000
D2,2017-11-16 20:25:02.000000,1010,389.368703,375.52346498263887,13.845238017361112,16.813757613347633,-2.968519595986521,2017-11-16 00:00:00.000000
D2,2017-11-16 20:30:01.000000,1010,395.940927,375.52346498263887,20.417462017361117,16.60748294987243,3.809979067488687,2017-11-16 00:00:00.000000
D2,2017-11-16 20:35:02.000000,1010,393.642899,375.5941073159722,18.048791684027776,16.39179953022662,1.6569921538011556,2017-11-16 00:00:00.000000
D2,2017-11-16 20:40:04.000000,1010,393.65832,375.6490573055555,18.009262694444487,16.16740735834683,1.8418553360976588,2017-11-16 00:00:00.000000
D2,2017-11-16 20:45:02.000000,1010,385.262957,375.6490573055555,9.613899694444456,15.938245656396294,-6.324345961951838,2017-11-16 00:00:00.000000
D2,2017-11-16 20:50:00.000000,1010,391.390889,375.7000713194445,15.69081768055554,15.701502041967636,-0.010684361412096166,2017-11-16 00:00:00.000000
D2,2017-11-16 20:55:04.000000,1010,394.791946,375.80300289236106,18.98894310763893,15.452294691759668,3.536648415879263,2017-11-16 00:00:00.000000
D2,2017-11-16 21:00:05.000000,1010,396.875416,375.9047638159722,20.970652184027756,15.19800633900232,5.772645845025435,2017-11-16 00:00:00.000000
D2,2017-11-16 21:05:01.000000,1010,381.371724,375.9240735694445,5.447650430555484,14.940743594066443,-9.49309316351096,2017-11-16 00:00:00.000000
D2,2017-11-16 21:10:00.000000,1010,387.254524,375.9240735694445,11.330450430555516,14.67374851042434,-3.343298079868825,2017-11-16 00:00:00.000000
D2,2017-11-16 21:15:02.000000,1010,386.840941,376.0223768715278,10.81856412847219,14.396933696185528,-3.578369567713338,2017-11-16 00:00:00.000000
D2,2017-11-16 21:20:01.000000,1010,389.276845,376.0479635,13.2288815,14.115929440941171,-0.8870479409411711,2017-11-16 00:00:00.000000
D2,2017-11-16 21:25:02.000000,1010,392.907658,376.08594464236114,16.821713357638885,13.82620644232329,2.9955069153155947,2017-11-16 00:00:00.000000
D2,2017-11-16 21:30:03.000000,1010,382.030462,376.2311359372822,5.799326062717796,13.529760041616084,-7.730433978898288,2017-11-16 00:00:00.000000
D2,2017-11-16 21:35:00.000000,1010,381.12648,376.1966419895833,4.929838010416688,13.230801742420347,-8.300963732003659,2017-11-16 00:00:00.000000
D2,2017-11-16 21:40:04.000000,1010,389.230738,376.36553408333333,12.865203916666644,12.918306938230941,-0.05310302156429714,2017-11-16 00:00:00.000000
D2,2017-11-16 21:45:02.000000,1010,377.679561,376.36553408333333,1.3140269166666485,12.605753078904872,-11.291726162238223,2017-11-16 00:00:00.000000
D2,2017-11-16 21:50:00.000000,1010,384.282405,376.4329316597222,7.849473340277768,12.287182316584907,-4.437708976307139,2017-11-16 00:00:00.000000
D2,2017-11-16 21:55:03.000000,1010,385.845057,376.57996130555557,9.265095694444426,11.957251489044758,-2.692155794600332,2017-11-16 00:00:00.000000
D2,2017-11-16 22:00:02.000000,1010,380.513693,376.57996130555557,3.9337316944444183,11.62588626968121,-7.692154575236792,2017-11-16 00:00:00.000000
D2,2017-11-16 22:05:02.000000,1010,375.932926,376.6663495277778,-0.7334235277778021,11.287790796604504,-12.021214324382306,2017-11-16 00:00:00.000000
D2,2017-11-16 22:10:02.000000,1010,388.909057,376.7808773020833,12.128179697916721,10.94422466759581,1.1839550303209112,2017-11-16 00:00:00.000000
D2,2017-11-16 22:15:03.000000,1010,381.356303,376.8369975486111,4.519305451388902,10.594179800653679,-6.0748743492647765,2017-11-16 00:00:00.000000
D2,2017-11-16 22:20:03.000000,1010,380.299269,376.9747174285714,3.3245515714285716,10.240148585744677,-6.915597014316106,2017-11-16 00:00:00.000000
D2,2017-11-16 22:25:02.000000,1010,379.609823,376.9775372222222,2.6322857777777813,9.882350084197911,-7.25006430642013,2017-11-16 00:00:00.000000
D2,2017-11-16 22:30:01.000000,1010,378.39956,376.99634644636683,1.4032135536331793,9.519781797383128,-8.11656824374995,2017-11-16 00:00:00.000000
D2,2017-11-16 22:35:01.000000,1010,370.279926,377.0827553819445,-6.802829381944491,9.151379636177849,-15.95420901812234,2017-11-16 00:00:00.000000
D2,2017-11-16 22:40:02.000000,1010,371.260455,377.2143774740484,-5.953922474048397,8.777273531486296,-14.731196005534693,2017-11-16 00:00:00.000000
D2,2017-11-16 22:45:01.000000,1010,370.877536,377.2972885381944,-6.419752538194359,8.401391253248242,-14.821143791442601,2017-11-16 00:00:00.000000
D2,2017-11-16 22:50:02.000000,1010,385.845057,377.3912830659722,8.453773934027822,8.018884572330759,0.4348893616970635,2017-11-16 00:00:00.000000
D2,2017-11-16 22:55:04.000000,1010,372.286936,377.52210246020763,-5.2351664602076085,7.631146674540952,-12.86631313474856,2017-11-16 00:00:00.000000
D2,2017-11-16 23:00:01.000000,1010,371.93457,377.5675158993056,-5.632945899305582,7.246140432874718,-12.8790863321803,2017-11-16 00:00:00.000000
D2,2017-11-16 23:05:03.000000,1010,380.054137,377.81657126041665,2.237565739583374,6.851088897281604,-4.61352315769823,2017-11-16 00:00:00.000000
D2,2017-11-16 23:10:03.000000,1010,371.704702,377.8402167785467,-6.135514778546678,6.455282956778106,-12.590797735324784,2017-11-16 00:00:00.000000
D2,2017-11-16 23:15:02.000000,1010,372.899745,377.90907649999997,-5.009331499999973,6.057641351553618,-11.06697285155359,2017-11-16 00:00:00.000000
D2,2017-11-16 23:20:00.000000,1010,365.638075,377.9590791111111,-12.321004111111108,5.658382736294833,-17.97938684740594,2017-11-16 00:00:00.000000
D2,2017-11-16 23:25:02.000000,1010,382.673845,378.05639338408304,4.617451615916934,5.250955832246926,-0.6335042163299915,2017-11-16 00:00:00.000000
D2,2017-11-16 23:30:03.000000,1010,374.401137,378.18355994097226,-3.7824229409722534,4.8422586702723684,-8.624681611244622,2017-11-16 00:00:00.000000
D2,2017-11-16 23:35:02.000000,1010,379.487346,378.2383218745645,1.2490241254354828,4.433881751414224,-3.184857625978741,2017-11-16 00:00:00.000000
D2,2017-11-16 23:40:02.000000,1010,388.035917,378.2724477743056,9.763469225694394,4.021934354602543,5.741534871091851,2017-11-16 00:00:00.000000
D2,2017-11-16 23:45:01.000000,1010,377.31184,378.31686495486116,-1.0050249548611419,3.609357447755043,-4.614382402616185,2017-11-16 00:00:00.000000
D2,2017-11-16 23:50:02.000000,1010,376.270072,378.4132000034722,-2.1431280034721567,3.192199078121745,-5.335327081593902,2017-11-16 00:00:00.000000
D2,2017-11-16 23:55:05.000000,1010,381.341038,378.59533806597227,2.745699934027755,2.770624680513511,-0.024924746485756266,2017-11-16 00:00:00.000000
D3,2017-11-16 00:00:03.000000,1026,361.11859,366.0211905833333,-4.90260058333331,7.438970592065892,-12.341571175399203,2017-11-16 00:00:00.000000
D3,2017-11-16 00:05:04.000000,1026,374.799299,366.0620436736111,8.737255326388947,7.351575381612798,1.3856799447761494,2017-11-16 00:00:00.000000
D3,2017-11-16 00:10:02.000000,1026,386.243464,366.1197300174216,20.123733982578415,7.261280886880088,12.862453095698328,2017-11-16 00:00:00.000000
D3,2017-11-16 00:15:03.000000,1026,365.546083,366.12502531250004,-0.5789423125000326,7.1663124334784625,-7.745254745978495,2017-11-16 00:00:00.000000
D3,2017-11-16 00:20:05.000000,1026,370.954018,366.0890127395834,4.865005260416638,7.067271416703263,-2.2022661562866253,2017-11-16 00:00:00.000000
D3,2017-11-16 00:25:01.000000,1026,371.566938,366.0890127395834,5.477925260416612,6.966592215511092,-1.4886669550944802,2017-11-16 00:00:00.000000
D3,2017-11-16 00:30:01.000000,1026,371.04592,366.12481244791667,4.921107552083356,6.86095822397173,-1.9398506718883741,2017-11-16 00:00:00.000000
D3,2017-11-16 00:35:02.000000,1026,366.220109,366.11188604513893,0.10822295486104849,6.751385990402515,-6.643163035541466,2017-11-16 00:00:00.000000
D3,2017-11-16 00:40:03.000000,1026,365.117146,366.12207792334493,-1.004931923344941,6.638274103141949,-7.64320602648689,2017-11-16 00:00:00.000000
D3,2017-11-16 00:45:00.000000,1026,378.30759,366.08996959374997,12.217620406250035,6.523248833904638,5.694371572345396,2017-11-16 00:00:00.000000
D3,2017-11-16 00:50:01.000000,1026,375.105871,366.07996891666664,9.025902083333335,6.403267095660821,2.622634987672514,2017-11-16 00:00:00.000000
D3,2017-11-16 00:55:01.000000,1026,379.38,366.0233169340278,13.35668306597222,6.280327831243351,7.076355234728869,2017-11-16 00:00:00.000000
D3,2017-11-16 01:00:00.000000,1026,363.677038,365.98655890277774,-2.309520902777763,6.154522763748496,-8.464043666526258,2017-11-16 00:00:00.000000
D3,2017-11-16 01:05:04.000000,1026,373.160165,365.89389403819445,7.26627096180556,6.023322707716385,1.2429482540891748,2017-11-16 00:00:00.000000
D3,2017-11-16 01:10:03.000000,1026,376.423279,365.88357313840834,10.539705861591642,5.891105315801825,4.648600545789817,2017-11-16 00:00:00.000000
D3,2017-11-16 01:15:01.000000,1026,367.859465,365.9553340729167,1.9041309270833153,5.756259465362419,-3.8521285382791035,2017-11-16 00:00:00.000000
D3,2017-11-16 01:20:02.000000,1026,354.408401,365.9701221840278,-11.56172118402776,5.617008722031372,-17.178729906059132,2017-11-16 00:00:00.000000
D3,2017-11-16 01:25:04.000000,1026,380.467787,365.98334312195124,14.48444387804875,5.474284333261483,9.010159544787268,2017-11-16 00:00:00.000000
D3,2017-11-16 01:30:02.000000,1026,368.947163,365.9372758466899,3.0098871533101033,5.330561078534231,-2.3206739252241277,2017-11-16 00:00:00.000000
D3,2017-11-16 01:35:01.000000,1026,368.793955,365.90245804166665,2.8914969583333345,5.183539286648655,-2.29204232831532,2017-11-16 00:00:00.000000
D3,2017-11-16 01:40:03.000000,1026,372.562688,365.9266527665505,6.6360352334494905,5.0322495202173485,1.603785713232142,2017-11-16 00:00:00.000000
D3,2017-11-16 01:45:04.000000,1026,365.929114,365.89633313240415,0.03278086759587495,4.8787401469902765,-4.8459592793944015,2017-11-16 00:00:00.000000
D3,2017-11-16 01:50:01.000000,1026,363.738276,365.8784140104167,-2.140138010416706,4.724680457378612,-6.864818467795318,2017-11-16 00:00:00.000000
D3,2017-11-16 01:55:01.000000,1026,369.958245,365.90671295833334,4.051532041666633,4.5665260414799675,-0.5149939998133348,2017-11-16 00:00:00.000000
D3,2017-11-16 02:00:04.000000,1026,368.073867,365.90517028125004,2.1686967187499704,4.4042767714279005,-2.23558005267793,2017-11-16 00:00:00.000000
D3,2017-11-16 02:05:03.000000,1026,371.214593,365.8718177951389,5.342775204861084,4.241770013313065,1.101005191548019,2017-11-16 00:00:00.000000
D3,2017-11-16 02:10:02.000000,1026,379.763098,365.8718177951389,13.891280204861118,4.076956973900234,9.814323230960884,2017-11-16 00:00:00.000000
D3,2017-11-16 02:15:01.000000,1026,378.001264,365.87463712847216,12.126626871527833,3.909915573214873,8.21671129831296,2017-11-16 00:00:00.000000
D3,2017-11-16 02:20:02.000000,1026,361.608922,365.8789991423612,-4.270077142361174,3.7395860167593304,-8.009663159120505,2017-11-16 00:00:00.000000
D3,2017-11-16 02:25:03.000000,1026,371.214504,365.82542014532874,5.389083854671242,3.567159832184197,1.8219240224870448,2017-11-16 00:00:00.000000
D3,2017-11-16 02:30:02.000000,1026,367.139378,365.82208121180554,1.3172967881944828,3.3938851679658137,-2.076588379771331,2017-11-16 00:00:00.000000
D3,2017-11-16 02:35:04.000000,1026,374.094566,365.76771759027775,8.326848409722231,3.216938049852368,5.109910359869863,2017-11-16 00:00:00.000000
D3,2017-11-16 02:40:01.000000,1026,366.741104,365.76771759027775,0.9733864097222522,3.04110745488757,-2.067721045165318,2017-11-16 00:00:00.000000
D3,2017-11-16 02:45:02.000000,1026,380.391283,365.7585612334495,14.632721766550503,2.8611588848827325,11.771562881667771,2017-11-16 00:00:00.000000
D3,2017-11-16 02:50:02.000000,1026,367.614288,365.8126347979094,1.801653202090563,2.68014064404235,-0.878487441951787,2017-11-16 00:00:00.000000
D3,2017-11-16 02:55:03.000000,1026,354.23995,365.7476632326389,-11.507713232638878,2.4969327226188565,-14.004645955257734,2017-11-16 00:00:00.000000
D3,2017-11-16 03:00:04.000000,1026,369.62121,365.74569528472216,3.875514715277859,2.312223558060157,1.563291157217702,2017-11-16 00:00:00.000000
D3,2017-11-16 03:05:00.000000,1026,357.334569,365.74569528472216,-8.411126284722172,2.1292044332216884,-10.54033071794386,2017-11-16 00:00:00.000000
D3,2017-11-16 03:10:03.000000,1026,369.621299,365.8039426423611,3.8173563576389142,1.9405306348275118,1.8768257228114025,2017-11-16 00:00:00.000000
D3,2017-11-16 03:15:02.000000,1026,362.956994,365.82563288581315,-2.868638885813141,1.753120729314265,-4.621759615127406,2017-11-16 00:00:00.000000
D3,2017-11-16 03:20:00.000000,1026,373.834279,365.8112303784722,8.023048621527778,1.5652134731649254,6.457835148362852,2017-11-16 00:00:00.000000
D3,2017-11-16 03:25:02.000000,1026,373.772907,365.929798449827,7.843108550172985,1.3737295531844804,6.469378996988505,2017-11-16 00:00:00.000000
D3,2017-11-16 03:30:01.000000,1026,357.411162,365.9215554618056,-8.51039346180562,1.1831923880546968,-9.693585849860316,2017-11-16 00:00:00.000000
D3,2017-11-16 03:35:02.000000,1026,376.04036,365.9581478919861,10.082212108013948,0.9905120276469912,9.091700080366957,2017-11-16 00:00:00.000000
D3,2017-11-16 03:40:02.000000,1026,373.328638,365.9877296215278,7.340908378472193,0.797696098574598,6.543212279897595,2017-11-16 00:00:00.000000
D3,2017-11-16 03:45:01.000000,1026,356.660433,365.9877296215278,-9.327296621527807,0.6048436559826311,-9.932140277510438,2017-11-16 00:00:00.000000
D3,2017-11-16 03:50:03.000000,1026,368.686743,365.9214224390244,2.7653205609755673,0.4094608665174815,2.355859694458086,2017-11-16 00:00:00.000000
D3,2017-11-16 03:55:04.000000,1026,373.742355,365.8859149965278,7.856440003472187,0.21422301866839666,7.64221698480379,2017-11-16 00:00:00.000000
D3,2017-11-16 04:00:02.000000,1026,371.919216,365.8859149965278,6.033301003472218,0.020529286737626773,6.012771716734591,2017-11-16 00:00:00.000000
D3,2017-11-16 04:05:03.000000,1026,364.749425,365.90644809027776,-1.1570230902777894,-0.17542724249189234,-0.981595847785897,2017-11-16 00:00:00.000000
D3,2017-11-16 04:10:02.000000,1026,348.203897,365.89293678819445,-17.689039788194464,-0.3703005961562029,-17.31873919203826,2017-11-16 00:00:00.000000
D3,2017-11-16 04:15:02.000000,1026,363.92217,365.9078842951389,-1.985714295138905,-0.5659520231457962,-1.419762271993109,2017-11-16 00:00:00.000000
D3,2017-11-16 04:20:02.000000,1026,368.656079,365.91745908680554,2.738619913194441,-0.7616369679442703,3.500256881138711,2017-11-16 00:00:00.000000
D3,2017-11-16 04:25:02.000000,1026,367.553072,365.85133816319444,1.7017338368055448,-0.9572622951161658,2.6589961319217106,2017-11-16 00:00:00.000000
D3,2017-11-16 04:30:04.000000,1026,369.789705,365.84958269444445,3.940122305555576,-1.1540373269373982,5.094159632492975,2017-11-16 00:00:00.000000
D3,2017-11-16 04:35:00.000000,1026,366.29679,365.84958269444445,0.447207305555537,-1.3466612469744406,1.7938685525299776,2017-11-16 00:00:00.000000
D3,2017-11-16 04:40:02.000000,1026,359.923658,365.8767872214533,-5.95312922145331,-1.5428499079880669,-4.410279313465242,2017-11-16 00:00:00.000000
D3,2017-11-16 04:45:03.000000,1026,363.477923,365.8385716979167,-2.3606486979167016,-1.737954006523789,-0.6226946913929126,2017-11-16 00:00:00.000000
D3,2017-11-16 04:50:02.000000,1026,368.717318,365.8266926782007,2.890625321799291,-1.9312393930111786,4.82186471481047,2017-11-16 00:00:00.000000
D3,2017-11-16 04:55:03.000000,1026,365.469468,365.87811320415227,-0.4086452041522648,-2.1251991135340553,1.7165539093817905,2017-11-16 00:00:00.000000
D3,2017-11-16 05:00:02.000000,1026,374.293769,365.8328274097222,8.460941590277798,-2.3171640312107575,10.778105621488557,2017-11-16 00:00:00.000000
D3,2017-11-16 05:05:02.000000,1026,366.296813,365.86311131141866,0.43370168858132274,-2.50897223944734,2.942673928028663,2017-11-16 00:00:00.000000
D3,2017-11-16 05:10:02.000000,1026,352.064466,365.8669781215278,-13.802512121527798,-2.699889193103469,-11.102622928424328,2017-11-16 00:00:00.000000
D3,2017-11-16 05:15:04.000000,1026,365.285575,365.85782844444446,-0.5722534444444705,-2.8910867595339633,2.318833315089493,2017-11-16 00:00:00.000000
D3,2017-11-16 05:20:03.000000,1026,364.933319,365.82859510801393,-0.8952761080139453,-3.0793139866203845,2.184037878606439,2017-11-16 00:00:00.000000
D3,2017-11-16 05:25:02.000000,1026,356.200965,365.8231948131488,-9.622229813148806,-3.2663862454962036,-6.355843567652602,2017-11-16 00:00:00.000000
D3,2017-11-16 05:30:02.000000,1026,356.905677,365.8212845902778,-8.915607590277773,-3.4528344087755025,-5.46277318150227,2017-11-16 00:00:00.000000
D3,2017-11-16 05:35:03.000000,1026,379.809049,365.8705864186851,13.938462581314923,-3.638556775657566,17.57701935697249,2017-11-16 00:00:00.000000
D3,2017-11-16 05:40:02.000000,1026,354.193954,365.8474922787456,-11.6535382787456,-3.8216211885421885,-7.831917090203412,2017-11-16 00:00:00.000000
D3,2017-11-16 05:45:03.000000,1026,363.799715,365.945755183391,-2.146040183390994,-4.004388860689831,1.858348677298837,2017-11-16 00:00:00.000000
D3,2017-11-16 05:50:04.000000,1026,363.033609,365.86473362369344,-2.8311246236934267,-4.185542836940522,1.3544182132470954,2017-11-16 00:00:00.000000
D3,2017-11-16 05:55:05.000000,1026,369.483445,365.87197849305556,3.6114665069444527,-4.364996322081284,7.976462829025737,2017-11-16 00:00:00.000000
D3,2017-11-16 06:00:02.000000,1026,362.865136,365.87197849305556,-3.006842493055558,-4.540314395267565,1.533471902212007,2017-11-16 00:00:00.000000
D3,2017-11-16 06:05:04.000000,1026,354.086698,365.77815092682926,-11.691452926829243,-4.716716149661288,-6.974736777167955,2017-11-16 00:00:00.000000
D3,2017-11-16 06:10:02.000000,1026,369.529308,365.84418583391005,3.6851221660899682,-4.888852748859403,8.573974914949371,2017-11-16 00:00:00.000000
D3,2017-11-16 06:15:03.000000,1026,368.870481,365.8208009512195,3.0496800487804876,-5.060694681962997,8.110374730743484,2017-11-16 00:00:00.000000
D3,2017-11-16 06:20:03.000000,1026,363.784339,365.8886087128028,-2.104269712802818,-5.229856556262337,3.1255868434595193,2017-11-16 00:00:00.000000
D3,2017-11-16 06:25:03.000000,1026,355.159241,365.861797010453,-10.702556010453009,-5.396832182409023,-5.305723828043986,2017-11-16 00:00:00.000000
D3,2017-11-16 06:30:03.000000,1026,359.877818,365.7734621006944,-5.895644100694426,-5.5615420890483644,-0.33410201164606157,2017-11-16 00:00:00.000000
D3,2017-11-16 06:35:04.000000,1026,361.134011,365.7734621006944,-4.63945110069443,-5.724445096012157,1.0849939953177268,2017-11-16 00:00:00.000000
D3,2017-11-16 06:40:02.000000,1026,364.856637,365.81362405208336,-0.9569870520833774,-5.883323246165601,4.926336194082223,2017-11-16 00:00:00.000000
D3,2017-11-16 06:45:03.000000,1026,360.10753,365.94224872569447,-5.834718725694472,-6.0412991771061595,0.20658045141168735,2017-11-16 00:00:00.000000
D3,2017-11-16 06:50:02.000000,1026,357.472467,365.94224872569447,-8.469781725694475,-6.1956617226597706,-2.274120003034704,2017-11-16 00:00:00.000000
D3,2017-11-16 06:55:03.000000,1026,362.589362,365.91937503472224,-3.330013034722242,-6.34840189180376,3.0183888570815176,2017-11-16 00:00:00.000000
D3,2017-11-16 07:00:03.000000,1026,364.764779,365.9072999375,-1.1425209375000236,-6.497911552631665,5.3553906151316415,2017-11-16 00:00:00.000000
D3,2017-11-16 07:05:00.000000,1026,366.541923,365.93671676041663,0.6052062395833673,-6.6431782807207025,7.24838452030407,2017-11-16 00:00:00.000000
D3,2017-11-16 07:10:02.000000,1026,359.035098,365.95381278892734,-6.918714788927332,-6.788017014532553,-0.13069777439477903,2017-11-16 00:00:00.000000
D3,2017-11-16 07:15:01.000000,1026,355.588223,365.94549386458334,-10.357270864583313,-6.92849422680592,-3.4287766377773927,2017-11-16 00:00:00.000000
D3,2017-11-16 07:20:02.000000,1026,350.532544,365.92926946874996,-15.396725468749992,-7.066906247945806,-8.329819220804186,2017-11-16 00:00:00.000000
D3,2017-11-16 07:25:01.000000,1026,361.271709,365.9563986979167,-4.684689697916724,-7.201348349333848,2.5166586514171243,2017-11-16 00:00:00.000000
D3,2017-11-16 07:30:05.000000,1026,355.113134,366.0243275520833,-10.911193552083319,-7.33485622503499,-3.5763373270483285,2017-11-16 00:00:00.000000
D3,2017-11-16 07:35:00.000000,1026,371.857999,366.0243275520833,5.833671447916686,-7.461282418904919,13.294953866821604,2017-11-16 00:00:00.000000
D3,2017-11-16 07:40:02.000000,1026,350.747035,366.03650888541665,-15.289473885416669,-7.587454492755009,-7.70201939266166,2017-11-16 00:00:00.000000
D3,2017-11-16 07:45:03.000000,1026,361.731488,366.02235890625,-4.2908709062500066,-7.709872883862455,3.4190019776124485,2017-11-16 00:00:00.000000
D3,2017-11-16 07:50:03.000000,1026,354.944684,366.0003708466899,-11.055686846689923,-7.828512420929663,-3.2271744257602606,2017-11-16 00:00:00.000000
D3,2017-11-16 07:55:04.000000,1026,378.706064,366.06342455208335,12.642639447916679,-7.9441071594713915,20.586746607388072,2017-11-16 00:00:00.000000
D3,2017-11-16 08:00:01.000000,1026,348.387725,366.10361887197234,-17.715893871972355,-8.054734165347899,-9.661159706624456,2017-11-16 00:00:00.000000
D3,2017-11-16 08:05:01.000000,1026,361.838611,366.08385125,-4.245240249999995,-8.162965357485529,3.917725107485534,2017-11-16 00:00:00.000000
D3,2017-11-16 08:10:00.000000,1026,360.674365,366.14598280902777,-5.471617809027748,-8.267271476783096,2.7956536677553476,2017-11-16 00:00:00.000000
D3,2017-11-16 08:15:01.000000,1026,369.100348,366.1741751319444,2.9261728680555734,-8.368631187275454,11.294804055331028,2017-11-16 00:00:00.000000
D3,2017-11-16 08:20:03.000000,1026,368.257694,366.2120744390244,2.045619560975638,-8.46660439694911,10.512223957924748,2017-11-16 00:00:00.000000
D3,2017-11-16 08:25:01.000000,1026,361.716201,366.25279633680555,-4.536595336805533,-8.559578229084035,4.0229828922785025,2017-11-16 00:00:00.000000
D3,2017-11-16 08:30:03.000000,1026,373.941469,366.3730175121107,7.568451487889263,-8.650003681371908,16.21845516926117,2017-11-16 00:00:00.000000
D3,2017-11-16 08:35:03.000000,1026,356.767689,366.4578341937716,-9.69014519377157,-8.736003617456046,-0.954141576315525,2017-11-16 00:00:00.000000
D3,2017-11-16 08:40:02.000000,1026,367.47639,366.3914306480836,1.0849593519163818,-8.817881200065386,9.902840551981768,2017-11-16 00:00:00.000000
D3,2017-11-16 08:45:04.000000,1026,345.277685,366.4782430311419,-21.200558031141895,-8.896653722652816,-12.303904308489079,2017-11-16 00:00:00.000000
D3,2017-11-16 08:50:00.000000,1026,362.972349,366.48541589930556,-3.5130668993055565,-8.969995369606044,5.456928470300488,2017-11-16 00:00:00.000000
D3,2017-11-16 08:55:02.000000,1026,363.677127,366.47546822569444,-2.7983412256944575,-9.040843955444755,6.2425027297502975,2017-11-16 00:00:00.000000
D3,2017-11-16 09:00:03.000000,1026,360.214764,366.4333328501742,-6.218568850174222,-9.107424509029288,2.888855658855066,2017-11-16 00:00:00.000000
D3,2017-11-16 09:05:00.000000,1026,361.808036,366.4631262604167,-4.655090260416671,-9.169142266391807,4.514052005975136,2017-11-16 00:00:00.000000
D3,2017-11-16 09:10:01.000000,1026,355.542183,366.5366062318339,-10.994423231833878,-9.227630020988746,-1.7667932108451314,2017-11-16 00:00:00.000000
D3,2017-11-16 09:15:04.000000,1026,351.267831,366.49616033680553,-15.22832933680553,-9.282348946335325,-5.945980390470204,2017-11-16 00:00:00.000000
D3,2017-11-16 09:20:01.000000,1026,347.437881,366.49616033680553,-19.058279336805526,-9.331910627424376,-9.72636870938115,2017-11-16 00:00:00.000000
D3,2017-11-16 09:25:04.000000,1026,358.023971,366.5673341006944,-8.543363100694364,-9.37829341100418,0.8349303103098151,2017-11-16 00:00:00.000000
D3,2017-11-16 09:30:01.000000,1026,356.507314,366.5673341006944,-10.060020100694373,-9.419638788715112,-0.6403813119792616,2017-11-16 00:00:00.000000
D3,2017-11-16 09:35:05.000000,1026,357.855453,366.62675226041665,-8.77129926041664,-9.457715332244,0.6864160718273595,2017-11-16 00:00:00.000000
D3,2017-11-16 09:40:00.000000,1026,352.478228,366.62675226041665,-14.14852426041665,-9.490543150443985,-4.657981109972665,2017-11-16 00:00:00.000000
D3,2017-11-16 09:45:03.000000,1026,353.075616,366.63919985416663,-13.563583854166609,-9.520019022401105,-4.043564831765504,2017-11-16 00:00:00.000000
D3,2017-11-16 09:50:04.000000,1026,362.160403,366.6958490346021,-4.535446034602103,-9.545029856894178,5.009583822292075,2017-11-16 00:00:00.000000
D3,2017-11-16 09:55:02.000000,1026,353.9488,366.6514342673611,-12.702634267361077,-9.565586698893418,-3.1370475684676595,2017-11-16 00:00:00.000000
D3,2017-11-16 10:00:03.000000,1026,350.7623,366.5928669548611,-15.830566954861126,-9.5820935785795,-6.248473376281627,2017-11-16 00:00:00.000000
D3,2017-11-16 10:05:02.000000,1026,357.993374,366.5928669548611,-8.599492954861091,-9.594247308098257,0.9947543532371661,2017-11-16 00:00:00.000000
D3,2017-11-16 10:10:03.000000,1026,358.897355,366.6263266840278,-7.728971684027783,-9.602204649470512,1.8732329654427282,2017-11-16 00:00:00.000000
D3,2017-11-16 10:15:04.000000,1026,353.50462,366.6611159965278,-13.156495996527838,-9.605866247200314,-3.5506297493275234,2017-11-16 00:00:00.000000
D3,2017-11-16 10:20:01.000000,1026,353.458713,366.6611159965278,-13.202402996527837,-9.605266973710478,-3.5971360228173594,2017-11-16 00:00:00.000000
D3,2017-11-16 10:25:04.000000,1026,358.161825,366.7256406979167,-8.563815697916652,-9.600344208843538,1.0365285109268854,2017-11-16 00:00:00.000000
D3,2017-11-16 10:30:01.000000,1026,360.27607,366.7256406979167,-6.44957069791667,-9.591295202504552,3.1417245045878825,2017-11-16 00:00:00.000000
D3,2017-11-16 10:35:05.000000,1026,358.560209,366.70420290625003,-8.143993906250046,-9.577706880541772,1.4337129742917263,2017-11-16 00:00:00.000000
D3,2017-11-16 10:40:04.000000,1026,361.471024,366.6824998611111,-5.211475861111126,-9.560079400067075,4.348603538955949,2017-11-16 00:00:00.000000
D3,2017-11-16 10:45:02.000000,1026,352.646678,366.7153037197232,-14.068625719723173,-9.53831307175347,-4.530312647969703,2017-11-16 00:00:00.000000
D3,2017-11-16 10:50:04.000000,1026,356.629947,366.6860641840278,-10.056117184027812,-9.511989543417345,-0.5441276406104674,2017-11-16 00:00:00.000000
D3,2017-11-16 10:55:04.000000,1026,353.29004,366.6224573310105,-13.332417331010504,-9.48160192163064,-3.850815409379864,2017-11-16 00:00:00.000000
D3,2017-11-16 11:00:02.000000,1026,356.813774,366.66096851903114,-9.84719451903112,-9.447249005130624,-0.39994551390049615,2017-11-16 00:00:00.000000
D3,2017-11-16 11:05:01.000000,1026,348.096619,366.6190918784722,-18.52247287847223,-9.408622205358057,-9.113850673114172,2017-11-16 00:00:00.000000
D3,2017-11-16 11:10:03.000000,1026,347.621663,366.62191113541667,-19.000248135416655,-9.365397958333453,-9.634850177083202,2017-11-16 00:00:00.000000
D3,2017-11-16 11:15:04.000000,1026,360.521158,366.62403909722224,-6.102881097222223,-9.31812758330396,3.215246486081737,2017-11-16 00:00:00.000000
D3,2017-11-16 11:20:01.000000,1026,355.909748,366.6560377231834,-10.746289723183395,-9.267408194733227,-1.4788815284501684,2017-11-16 00:00:00.000000
D3,2017-11-16 11:25:04.000000,1026,350.04228,366.61457054513886,-16.572290545138856,-9.21151535970997,-7.360775185428885,2017-11-16 00:00:00.000000
D3,2017-11-16 11:30:02.000000,1026,365.438871,366.61457054513886,-1.1756995451388548,-9.152483848003413,7.976784302864559,2017-11-16 00:00:00.000000
D3,2017-11-16 11:35:00.000000,1026,362.849805,366.62606027777775,-3.77625527777775,-9.089452990502187,5.3131977127244365,2017-11-16 00:00:00.000000
D3,2017-11-16 11:40:05.000000,1026,351.252476,366.7164906354167,-15.464014635416675,-9.020831079894307,-6.443183555522367,2017-11-16 00:00:00.000000
D3,2017-11-16 11:45:03.000000,1026,360.076844,366.71641672664356,-6.639572726643564,-8.949800080302039,2.3102273536584743,2017-11-16 00:00:00.000000
D3,2017-11-16 11:50:02.000000,1026,358.330431,366.6712220694444,-8.340791069444435,-8.874606925721086,0.5338158562766502,2017-11-16 00:00:00.000000
D3,2017-11-16 11:55:02.000000,1026,353.994751,366.6366985520833,-12.641947552083309,-8.795247912357633,-3.846699639725676,2017-11-16 00:00:00.000000
D3,2017-11-16 12:00:02.000000,1026,351.022743,366.59877103472223,-15.576028034722242,-8.712005717656963,-6.864022317065279,2017-11-16 00:00:00.000000
D3,2017-11-16 12:05:03.000000,1026,368.839817,366.67116875694444,2.168648243055543,-8.624623293025342,10.793271536080885,2017-11-16 00:00:00.000000
D3,2017-11-16 12:10:03.000000,1026,354.056079,366.581727456446,-12.525648456445992,-8.533722818928693,-3.9919256375172996,2017-11-16 00:00:00.000000
D3,2017-11-16 12:15:00.000000,1026,361.762085,366.60823920138887,-4.846154201388856,-8.440028686266329,3.593874484877473,2017-11-16 00:00:00.000000
D3,2017-11-16 12:20:04.000000,1026,348.479605,366.71911943598616,-18.239514435986166,-8.340356726975923,-9.899157709010243,2017-11-16 00:00:00.000000
D3,2017-11-16 12:25:03.000000,1026,366.158937,366.69787187152775,-0.538934871527772,-8.23865111737573,7.6997162458479576,2017-11-16 00:00:00.000000
D3,2017-11-16 12:30:04.000000,1026,355.710656,366.7746315277778,-11.063975527777814,-8.13263498059718,-2.9313405471806337,2017-11-16 00:00:00.000000
D3,2017-11-16 12:35:02.000000,1026,362.298301,366.8356361626298,-4.537335162629802,-8.024137192199202,3.4868020295694,2017-11-16 00:00:00.000000
D3,2017-11-16 12:40:05.000000,1026,356.874879,366.85947668750003,-9.984597687500013,-7.9102620134507164,-2.074335674049297,2017-11-16 00:00:00.000000
D3,2017-11-16 12:45:02.000000,1026,348.831971,366.8195877909408,-17.987616790940763,-7.795214072871471,-10.192402718069292,2017-11-16 00:00:00.000000
D3,2017-11-16 12:50:05.000000,1026,343.408728,366.8529337847222,-23.444205784722215,-7.6744010177781075,-15.769804766944107,2017-11-16 00:00:00.000000
D3,2017-11-16 12:55:01.000000,1026,353.856897,366.8529337847222,-12.996036784722207,-7.553079033040041,-5.442957751682166,2017-11-16 00:00:00.000000
D3,2017-11-16 13:00:05.000000,1026,353.167518,366.91650139930556,-13.748983399305587,-7.425142740709258,-6.323840658596329,2017-11-16 00:00:00.000000
D3,2017-11-16 13:05:03.000000,1026,349.98093,366.91650139930556,-16.93557139930556,-7.296510859818289,-9.63906053948727,2017-11-16 00:00:00.000000
D3,2017-11-16 13:10:02.000000,1026,362.911154,366.95384386458335,-4.042689864583338,-7.164303894847379,3.121614030264041,2017-11-16 00:00:00.000000
D3,2017-11-16 13:15:03.000000,1026,366.220175,366.9511312395833,-0.7309562395832927,-7.028095447989575,6.297139208406282,2017-11-16 00:00:00.000000
D3,2017-11-16 13:20:03.000000,1026,365.592101,367.0279976770833,-1.4358966770832922,-6.889292265907798,5.453395588824506,2017-11-16 00:00:00.000000
D3,2017-11-16 13:25:05.000000,1026,353.718977,367.0239549236111,-13.30497792361109,-6.746558003649824,-6.558419919961267,2017-11-16 00:00:00.000000
D3,2017-11-16 13:30:03.000000,1026,355.909748,367.0172538501742,-11.10750585017422,-6.602825231952692,-4.504680618221529,2017-11-16 00:00:00.000000
D3,2017-11-16 13:35:01.000000,1026,349.735886,367.0233166354167,-17.287430635416683,-6.456290488445346,-10.831140146971338,2017-11-16 00:00:00.000000
D3,2017-11-16 13:40:03.000000,1026,361.838655,367.0877547093425,-5.249099709342488,-6.305000722014038,1.0559010126715496,2017-11-16 00:00:00.000000
D3,2017-11-16 13:45:04.000000,1026,360.735626,367.09628939100344,-6.360663391003413,-6.151491348786966,-0.2091720422164478,2017-11-16 00:00:00.000000
D3,2017-11-16 13:50:01.000000,1026,365.484778,367.1075273910035,-1.622749391003481,-5.9974316591753,4.374682268171819,2017-11-16 00:00:00.000000
D3,2017-11-16 13:55:04.000000,1026,357.549105,367.10933412891984,-9.560229128919843,-5.837683067364382,-3.7225460615554615,2017-11-16 00:00:00.000000
D3,2017-11-16 14:00:03.000000,1026,354.944684,367.15820542560556,-12.213521425605563,-5.6775675181391545,-6.535953907466409,2017-11-16 00:00:00.000000
D3,2017-11-16 14:05:02.000000,1026,360.230118,367.17315434256057,-6.943036342560561,-5.515068602865061,-1.4279677396954993,2017-11-16 00:00:00.000000
D3,2017-11-16 14:10:02.000000,1026,357.564392,367.1591215694445,-9.594729569444496,-5.349708175696927,-4.245021393747569,2017-11-16 00:00:00.000000
D3,2017-11-16 14:15:01.000000,1026,359.586646,367.1731117604167,-7.586465760416729,-5.182666775011565,-2.403798985405164,2017-11-16 00:00:00.000000
D3,2017-11-16 14:20:04.000000,1026,362.451464,367.25726485416664,-4.805800854166648,-5.011198357943059,0.20539750377641042,2017-11-16 00:00:00.000000
D3,2017-11-16 14:25:01.000000,1026,360.827529,367.25726485416664,-6.4297358541666085,-4.841063461559488,-1.588672392607121,2017-11-16 00:00:00.000000
D3,2017-11-16 14:30:03.000000,1026,363.615843,367.2748721423611,-3.6590291423611347,-4.666053612939178,1.0070244705780436,2017-11-16 00:00:00.000000
D3,2017-11-16 14:35:02.000000,1026,356.85977,367.2748721423611,-10.415102142361093,-4.490867294790313,-5.92423484757078,2017-11-16 00:00:00.000000
D3,2017-11-16 14:40:03.000000,1026,351.804069,367.2767855365854,-15.47271653658538,-4.31266870493134,-11.16004783165404,2017-11-16 00:00:00.000000
D3,2017-11-16 14:45:02.000000,1026,367.568337,367.2998738715278,0.2684631284722059,-4.133910086679425,4.402373215151631,2017-11-16 00:00:00.000000
D3,2017-11-16 14:50:03.000000,1026,348.219229,367.27210612152777,-19.052877121527786,-3.9522857640531446,-15.100591357474642,2017-11-16 00:00:00.000000
D3,2017-11-16 14:55:02.000000,1026,365.92907,367.27210612152777,-1.3430361215277458,-3.77029512288798,2.4272590013602344,2017-11-16 00:00:00.000000
D3,2017-11-16 15:00:03.000000,1026,364.366461,367.31992784375,-2.953466843749993,-3.585590799715366,0.6321239559653731,2017-11-16 00:00:00.000000
D3,2017-11-16 15:05:02.000000,1026,374.508238,367.33294113937285,7.1752968606271565,-3.4007145651660884,10.576011425793245,2017-11-16 00:00:00.000000
D3,2017-11-16 15:10:04.000000,1026,365.469535,367.43105100347225,-1.9615160034722408,-3.212657028896133,1.2511410254238924,2017-11-16 00:00:00.000000
D3,2017-11-16 15:15:01.000000,1026,365.637986,367.43105100347225,-1.7930650034722362,-3.0265006524495988,1.2334356489773626,2017-11-16 00:00:00.000000
D3,2017-11-16 15:20:02.000000,1026,370.034904,367.44349060278745,2.591413397212534,-2.8366999606590975,5.428113357871632,2017-11-16 00:00:00.000000
D3,2017-11-16 15:25:00.000000,1026,391.5135,367.5122256006945,24.001274399305544,-2.6477521516135742,26.649026550919118,2017-11-16 00:00:00.000000
D3,2017-11-16 15:30:02.000000,1026,361.716156,367.49201270034837,-5.775856700348356,-2.455304848116828,-3.3205518522315285,2017-11-16 00:00:00.000000
D3,2017-11-16 15:35:03.000000,1026,365.745354,367.5078130696864,-1.762459069686372,-2.262621745010339,0.500162675323967,2017-11-16 00:00:00.000000
D3,2017-11-16 15:40:00.000000,1026,368.303668,367.5429190034722,0.7607489965278091,-2.071735102017394,2.832484098545203,2017-11-16 00:00:00.000000
D3,2017-11-16 15:45:02.000000,1026,347.759584,367.5719101701389,-19.812326170138874,-1.876948830839007,-17.93537733929987,2017-11-16 00:00:00.000000
D3,2017-11-16 15:50:05.000000,1026,367.598912,367.5613244409722,0.03758755902777011,-1.6809163570762404,1.7185039161040105,2017-11-16 00:00:00.000000
D3,2017-11-16 15:55:02.000000,1026,357.947378,367.5613244409722,-9.6139464409722,-1.488272930581569,-8.12567351039063,2017-11-16 00:00:00.000000
D3,2017-11-16 16:00:03.000000,1026,369.054397,367.51042907665504,1.543967923344951,-1.2926299393007517,2.8365978626457027,2017-11-16 00:00:00.000000
D3,2017-11-16 16:05:03.000000,1026,365.57677,367.51687293079584,-1.940102930795831,-1.097323959304794,-0.842778971491037,2017-11-16 00:00:00.000000
D3,2017-11-16 16:10:04.000000,1026,365.132411,367.6057417777778,-2.4733307777777895,-0.9011465786660651,-1.5721841991117245,2017-11-16 00:00:00.000000
D3,2017-11-16 16:15:03.000000,1026,363.814936,367.6516486354167,-3.8367126354166885,-0.7061468994365425,-3.130565735980146,2017-11-16 00:00:00.000000
D3,2017-11-16 16:20:04.000000,1026,363.41664,367.6625003125,-4.245860312500042,-0.5098097641307766,-3.7360505483692656,2017-11-16 00:00:00.000000
D3,2017-11-16 16:25:00.000000,1026,354.148026,367.6625003125,-13.514474312499999,-0.31679267325721794,-13.19768163924278,2017-11-16 00:00:00.000000
D3,2017-11-16 16:30:02.000000,1026,372.378772,367.6864908715277,4.6922811284723025,-0.1200163041959188,4.812297432668221,2017-11-16 00:00:00.000000
D3,2017-11-16 16:35:03.000000,1026,368.211832,367.67393111498257,0.53790088501745,0.07586078061210522,0.4620401044053448,2017-11-16 00:00:00.000000
D3,2017-11-16 16:40:01.000000,1026,370.356563,367.68106499652777,2.675498003472228,0.26944974414716594,2.406048259325062,2017-11-16 00:00:00.000000
D3,2017-11-16 16:45:03.000000,1026,360.076799,367.71675893055556,-7.6399599305555626,0.4652028047271002,-8.105162735282663,2017-11-16 00:00:00.000000
D3,2017-11-16 16:50:00.000000,1026,376.178236,367.7382495729167,8.43998642708334,0.6571972443978091,7.782789182685532,2017-11-16 00:00:00.000000
D3,2017-11-16 16:55:02.000000,1026,379.701815,367.72691915972223,11.974895840277782,0.8518046569158493,11.123091183361932,2017-11-16 00:00:00.000000
D3,2017-11-16 17:00:02.000000,1026,366.664422,367.7526121840277,-1.0881901840277237,1.0444128294140689,-2.1326030134417926,2017-11-16 00:00:00.000000
D3,2017-11-16 17:05:00.000000,1026,368.196478,367.7431437881944,0.4533342118056112,1.2349451661014008,-0.7816109542957896,2017-11-16 00:00:00.000000
D3,2017-11-16 17:10:02.000000,1026,365.454159,367.7466547222223,-2.29249572222227,1.4271379913067777,-3.719633713529048,2017-11-16 00:00:00.000000
D3,2017-11-16 17:15:00.000000,1026,376.331377,367.8317655972222,8.49961140277776,1.6158100430983793,6.88380135967938,2017-11-16 00:00:00.000000
D3,2017-11-16 17:20:03.000000,1026,369.192295,367.8707043611111,1.3215906388888925,1.8065627848236994,-0.48497214593480686,2017-11-16 00:00:00.000000
D3,2017-11-16 17:25:01.000000,1026,360.90421,367.8530436805556,-6.948833680555595,1.9930114071605751,-8.94184508771617,2017-11-16 00:00:00.000000
D3,2017-11-16 17:30:03.000000,1026,373.466492,367.9843801284722,5.48211187152782,2.180702508399046,3.301409363128774,2017-11-16 00:00:00.000000
D3,2017-11-16 17:35:00.000000,1026,381.279821,367.9843801284722,13.29544087152783,2.363961469873552,10.93147940165428,2017-11-16 00:00:00.000000
D3,2017-11-16 17:40:04.000000,1026,380.084801,367.974833271777,12.109967728223012,2.5500895237683316,9.55987820445468,2017-11-16 00:00:00.000000
D3,2017-11-16 17:45:02.000000,1026,380.008163,367.98586934027776,12.022293659722266,2.731033080699132,9.291260579023135,2017-11-16 00:00:00.000000
D3,2017-11-16 17:50:04.000000,1026,368.977826,367.982304532872,0.9955214671280146,2.912791635143829,-1.9172701680158144,2017-11-16 00:00:00.000000
D3,2017-11-16 17:55:02.000000,1026,369.927559,367.99948750347227,1.928071496527707,3.090465219177395,-1.1623937226496879,2017-11-16 00:00:00.000000
D3,2017-11-16 18:00:04.000000,1026,369.084994,368.05709634375,1.0278976562499906,3.268737704964056,-2.240840048714065,2017-11-16 00:00:00.000000
D3,2017-11-16 18:05:04.000000,1026,387.683462,368.11016490657437,19.57329709342565,3.443964947864597,16.129332145561055,2017-11-16 00:00:00.000000
D3,2017-11-16 18:10:00.000000,1026,362.956928,368.15885749999995,-5.201929499999949,3.614952834514144,-8.816882334514093,2017-11-16 00:00:00.000000
D3,2017-11-16 18:15:03.000000,1026,373.42063,368.1483782395833,5.2722517604167365,3.7879434801663048,1.4843082802504317,2017-11-16 00:00:00.000000
D3,2017-11-16 18:20:01.000000,1026,377.817415,368.13454767708333,9.68286732291665,3.9559847586615127,5.726882564255137,2017-11-16 00:00:00.000000
D3,2017-11-16 18:25:05.000000,1026,361.179962,368.21997734722225,-7.0400153472222655,4.125186636410493,-11.165201983632759,2017-11-16 00:00:00.000000
D3,2017-11-16 18:30:02.000000,1026,363.0183,368.19476883737025,-5.176468837370237,4.288245704814956,-9.464714542185192,2017-11-16 00:00:00.000000
D3,2017-11-16 18:35:04.000000,1026,382.735173,368.2236471388889,14.511525861111068,4.451693894215466,10.0598319668956,2017-11-16 00:00:00.000000
D3,2017-11-16 18:40:02.000000,1026,388.725341,368.2713091527778,20.45403184722221,4.610572044368904,15.843459802853307,2017-11-16 00:00:00.000000
D3,2017-11-16 18:45:02.000000,1026,381.371613,368.2539680451389,13.117644954861134,4.768027384175694,8.34961757068544,2017-11-16 00:00:00.000000
D3,2017-11-16 18:50:02.000000,1026,366.204866,368.26614984375,-2.0612838437500045,4.922910520863085,-6.9841943646130895,2017-11-16 00:00:00.000000
D3,2017-11-16 18:55:03.000000,1026,376.28547,368.3312702249135,7.954199775086465,5.075650690007071,2.8785490850793947,2017-11-16 00:00:00.000000
D3,2017-11-16 19:00:03.000000,1026,383.378623,368.3328603114187,15.045762688581306,5.225160350834975,9.82060233774633,2017-11-16 00:00:00.000000
D3,2017-11-16 19:05:02.000000,1026,361.608899,368.35153285017424,-6.742633850174229,5.37139588341895,-12.11402973359318,2017-11-16 00:00:00.000000
D3,2017-11-16 19:10:01.000000,1026,369.851077,368.3549839027778,1.4960930972221718,5.51479107212788,-4.018697974905709,2017-11-16 00:00:00.000000
D3,2017-11-16 19:15:03.000000,1026,368.87057,368.4575449163763,0.4130250836236655,5.656672729535792,-5.243647645912127,2017-11-16 00:00:00.000000
D3,2017-11-16 19:20:04.000000,1026,378.843873,368.42679580208335,10.417077197916626,5.795064496012124,4.622012701904502,2017-11-16 00:00:00.000000
D3,2017-11-16 19:25:04.000000,1026,370.693598,368.4019543194444,2.2916436805555804,5.929930442984596,-3.638286762429016,2017-11-16 00:00:00.000000
D3,2017-11-16 19:30:02.000000,1026,388.939654,368.4019543194444,20.53769968055559,6.06080339898824,14.47689628156735,2017-11-16 00:00:00.000000
D3,2017-11-16 19:35:01.000000,1026,373.757575,368.41548160278745,5.342093397212523,6.188954471309779,-0.846861074097256,2017-11-16 00:00:00.000000
D3,2017-11-16 19:40:02.000000,1026,379.625133,368.3417655121107,11.28336748788928,6.314703290958313,4.968664196930966,2017-11-16 00:00:00.000000
D3,2017-11-16 19:45:02.000000,1026,368.334309,368.40285832638887,-0.06854932638884748,6.436720555417683,-6.50526988180653,2017-11-16 00:00:00.000000
D3,2017-11-16 19:50:05.000000,1026,378.813165,368.42780565972225,10.385359340277773,6.556540724921582,3.828818615356191,2017-11-16 00:00:00.000000
D3,2017-11-16 19:55:01.000000,1026,375.841112,368.42780565972225,7.413306340277757,6.670221034513849,0.7430853057639073,2017-11-16 00:00:00.000000
D3,2017-11-16 20:00:00.000000,1026,377.679583,368.39301604166667,9.28656695833331,6.781616259646155,2.5049506986871553,2017-11-16 00:00:00.000000
D3,2017-11-16 20:05:04.000000,1026,391.636155,368.46234748083623,23.173807519163745,6.891278461677668,16.282529057486077,2017-11-16 00:00:00.000000
D3,2017-11-16 20:10:03.000000,1026,377.786662,368.5641427951389,9.2225192048611,6.995548625175229,2.2269705796858714,2017-11-16 00:00:00.000000
D3,2017-11-16 20:15:04.000000,1026,389.659719,368.58137789930555,21.078341100694445,7.096871648328641,13.981469452365804,2017-11-16 00:00:00.000000
D3,2017-11-16 20:20:03.000000,1026,377.939981,368.58137789930555,9.358603100694438,7.193853195152422,2.164749905542016,2017-11-16 00:00:00.000000
D3,2017-11-16 20:25:02.000000,1026,382.704531,368.63962548611113,14.064905513888846,7.287132779866105,6.777772734022741,2017-11-16 00:00:00.000000
D3,2017-11-16 20:30:01.000000,1026,381.877276,368.63962548611113,13.237650513888866,7.37666630190798,5.860984211980886,2017-11-16 00:00:00.000000
D3,2017-11-16 20:35:02.000000,1026,392.264185,368.62983782986106,23.634347170138938,7.462972130530252,16.171375039608684,2017-11-16 00:00:00.000000
D3,2017-11-16 20:40:04.000000,1026,381.264467,368.7248966875,12.539570312500018,7.545664693426007,4.993905619074011,2017-11-16 00:00:00.000000
D3,2017-11-16 20:45:02.000000,1026,376.607173,368.7248966875,7.882276312499982,7.623393912450796,0.2588824000491865,2017-11-16 00:00:00.000000
D3,2017-11-16 20:50:00.000000,1026,392.785002,368.8506484791667,23.934353520833326,7.697244167809355,16.23710935302397,2017-11-16 00:00:00.000000
D3,2017-11-16 20:55:04.000000,1026,370.739549,368.91176863541665,1.8277803645833615,7.768548474870377,-5.940768110287015,2017-11-16 00:00:00.000000
D3,2017-11-16 21:00:05.000000,1026,375.013835,368.96464358680555,6.049191413194421,7.835102163595934,-1.7859107504015128,2017-11-16 00:00:00.000000
D3,2017-11-16 21:05:01.000000,1026,386.442601,369.03853028819447,17.40407071180556,7.896592160687696,9.507478551117863,2017-11-16 00:00:00.000000
D3,2017-11-16 21:10:00.000000,1026,377.664207,369.03853028819447,8.62567671180551,7.9546913076934835,0.6709854041120273,2017-11-16 00:00:00.000000
D3,2017-11-16 21:15:02.000000,1026,375.274299,369.10475721874997,6.169541781250018,8.009250297831038,-1.8397085165810196,2017-11-16 00:00:00.000000
D3,2017-11-16 21:20:01.000000,1026,379.609734,369.16874994444447,10.440984055555532,8.059159425627689,2.381824629927843,2017-11-16 00:00:00.000000
D3,2017-11-16 21:25:02.000000,1026,372.807821,369.28636276736114,3.5214582326388495,8.105249943724889,-4.5837917110860396,2017-11-16 00:00:00.000000
D3,2017-11-16 21:30:03.000000,1026,389.629211,369.3846424947735,20.244568505226482,8.147152139453397,12.097416365773086,2017-11-16 00:00:00.000000
D3,2017-11-16 21:35:00.000000,1026,377.158566,369.39003870833335,7.768527291666658,8.184372694040379,-0.41584540237372103,2017-11-16 00:00:00.000000
D3,2017-11-16 21:40:04.000000,1026,372.639214,369.5758993368056,3.063314663194376,8.218209103193585,-5.154894439999209,2017-11-16 00:00:00.000000
D3,2017-11-16 21:45:02.000000,1026,369.268888,369.5758993368056,-0.30701133680560133,8.247177627063671,-8.554188963869272,2017-11-16 00:00:00.000000
D3,2017-11-16 21:50:00.000000,1026,383.010813,369.6472330381945,13.363579961805499,8.27197424515085,5.09160571665465,2017-11-16 00:00:00.000000
D3,2017-11-16 21:55:03.000000,1026,372.486051,369.78532579513893,2.700725204861044,8.29289742520767,-5.592172220346626,2017-11-16 00:00:00.000000
D3,2017-11-16 22:00:02.000000,1026,376.423302,369.78532579513893,6.637976204861047,8.30929462896592,-1.6713184241048733,2017-11-16 00:00:00.000000
D3,2017-11-16 22:05:02.000000,1026,379.563939,369.86910724305557,9.694831756944438,8.321496106301568,1.3733356506428702,2017-11-16 00:00:00.000000
D3,2017-11-16 22:10:02.000000,1026,374.156049,369.94038778472225,4.215661215277748,8.329434121861294,-4.113772906583545,2017-11-16 00:00:00.000000
D3,2017-11-16 22:15:03.000000,1026,376.62255,370.00767835069445,6.614871649305542,8.333109995209165,-1.7182383459036235,2017-11-16 00:00:00.000000
D3,2017-11-16 22:20:03.000000,1026,385.477448,370.16067643554004,15.316771564459941,8.332497553386467,6.984274011073474,2017-11-16 00:00:00.000000
D3,2017-11-16 22:25:02.000000,1026,380.115442,370.2165721423611,9.898869857638886,8.327639772936852,1.5712300847020337,2017-11-16 00:00:00.000000
D3,2017-11-16 22:30:01.000000,1026,373.405209,370.36426671972316,3.0409422802768518,8.318544000707863,-5.2776017204310115,2017-11-16 00:00:00.000000
D3,2017-11-16 22:35:01.000000,1026,379.517921,370.39929518055555,9.118625819444446,8.305162859909515,0.813462959534931,2017-11-16 00:00:00.000000
D3,2017-11-16 22:40:02.000000,1026,376.178214,370.5164057647059,5.6618082352941315,8.28746013400097,-2.6256518987068382,2017-11-16 00:00:00.000000
D3,2017-11-16 22:45:01.000000,1026,376.162815,370.5478133402778,5.615001659722225,8.265641908382397,-2.6506402486601726,2017-11-16 00:00:00.000000
D3,2017-11-16 22:50:02.000000,1026,379.824448,370.65792571527777,9.166522284722248,8.239426765803776,0.9270955189184722,2017-11-16 00:00:00.000000
D3,2017-11-16 22:55:04.000000,1026,367.767541,370.76051783391006,-2.9929768339100633,8.208850719833949,-11.201827553744012,2017-11-16 00:00:00.000000
D3,2017-11-16 23:00:01.000000,1026,376.607107,370.82117921527777,5.785927784722219,8.174620010419599,-2.3886922256973797,2017-11-16 00:00:00.000000
D3,2017-11-16 23:05:03.000000,1026,376.760337,371.00432767361116,5.756009326388835,8.135598645420739,-2.379589319031904,2017-11-16 00:00:00.000000
D3,2017-11-16 23:10:03.000000,1026,370.310678,370.9935515155709,-0.6828735155709182,8.092646756536766,-8.775520272107684,2017-11-16 00:00:00.000000
D3,2017-11-16 23:15:02.000000,1026,370.892779,371.07470390625,-0.18192490625000346,8.045704224124279,-8.227629130374282,2017-11-16 00:00:00.000000
D3,2017-11-16 23:20:00.000000,1026,375.871642,371.1355582708333,4.736083729166694,7.994834534318012,-3.258750805151318,2017-11-16 00:00:00.000000
D3,2017-11-16 23:25:02.000000,1026,363.140933,371.2971424048443,-8.156209404844276,7.939146768157767,-16.095356173002042,2017-11-16 00:00:00.000000
D3,2017-11-16 23:30:03.000000,1026,373.972066,371.4499907986111,2.5220752013888728,7.879527805023848,-5.357452603634975,2017-11-16 00:00:00.000000
D3,2017-11-16 23:35:02.000000,1026,379.012391,371.47995660278747,7.532434397212512,7.816265317960933,-0.28383092074842065,2017-11-16 00:00:00.000000
D3,2017-11-16 23:40:02.000000,1026,379.870243,371.4964293923611,8.373813607638908,7.7487749904312615,0.6250386172076468,2017-11-16 00:00:00.000000
D3,2017-11-16 23:45:01.000000,1026,366.695131,371.5967541875,-4.901623187499979,7.677538648244529,-12.579161835744507,2017-11-16 00:00:00.000000
D3,2017-11-16 23:50:02.000000,1026,374.722818,371.6802695347222,3.0425484652778323,7.601855723924394,-4.5593072586465615,2017-11-16 00:00:00.000000
D3,2017-11-16 23:55:05.000000,1026,363.906949,371.8573539097222,-7.950404909722181,7.521683445863024,-15.472088355585205,2017-11-16 00:00:00.000000
D1,2017-11-17 00:00:03.000000,994,414.632607,421.89233771180557,-7.25973071180556,-20.746122408558445,13.486391696752886,2017-11-17 00:00:00.000000
D1,2017-11-17 00:05:04.000000,994,392.418607,421.88485247222224,-29.466245472222226,-20.96242820753456,-8.503817264687665,2017-11-17 00:00:00.000000
D1,2017-11-17 00:10:03.000000,994,400.757058,422.0216667404844,-21.264608740484448,-21.167352806205987,-0.09725593427846135,2017-11-17 00:00:00.000000
D1,2017-11-17 00:15:04.000000,994,407.563559,421.94154222569443,-14.377983225694436,-21.36353937629657,6.985556150602132,2017-11-17 00:00:00.000000
D1,2017-11-17 00:20:03.000000,994,406.272268,422.0622952975778,-15.790027297577808,-21.548288136591406,5.758260839013598,2017-11-17 00:00:00.000000
D1,2017-11-17 00:25:02.000000,994,405.845547,421.94154228125,-16.095995281249998,-21.722848885186867,5.626853603936869,2017-11-17 00:00:00.000000
D1,2017-11-17 00:30:01.000000,994,409.719245,421.99865042708336,-12.279405427083361,-21.887139093552303,9.607733666468942,2017-11-17 00:00:00.000000
D1,2017-11-17 00:35:01.000000,994,405.757936,422.0206123090278,-16.262676309027825,-22.04157849952075,5.778902190492925,2017-11-17 00:00:00.000000
D1,2017-11-17 00:40:00.000000,994,407.060099,422.0078456041667,-14.947746604166696,-22.185064531886002,7.237317927719307,2017-11-17 00:00:00.000000
D1,2017-11-17 00:45:02.000000,994,409.51136,422.24200097923875,-12.730640979238729,-22.319342549876932,9.588701570638204,2017-11-17 00:00:00.000000
D1,2017-11-17 00:50:00.000000,994,403.033145,422.2882183506944,-19.25507335069443,-22.441289891533874,3.1862165408394425,2017-11-17 00:00:00.000000
D1,2017-11-17 00:55:02.000000,994,406.764682,422.3529832752613,-15.588301275261301,-22.554121360915612,6.965820085654311,2017-11-17 00:00:00.000000
D1,2017-11-17 01:00:04.000000,994,410.014741,422.4625820833333,-12.447841083333287,-22.656074233403015,10.208233150069727,2017-11-17 00:00:00.000000
D1,2017-11-17 01:05:04.000000,994,402.27809,422.6151360902778,-20.337046090277795,-22.7465325644811,2.4094864742033053,2017-11-17 00:00:00.000000
D1,2017-11-17 01:10:03.000000,994,404.171228,422.52719188501743,-18.355963885017445,-22.825916914185946,4.469953029168501,2017-11-17 00:00:00.000000
D1,2017-11-17 01:15:01.000000,994,398.656082,422.80126019031144,-24.145178190311412,-22.894297835296342,-1.2508803550150702,2017-11-17 00:00:00.000000
D1,2017-11-17 01:20:01.000000,994,401.293198,422.7706159652778,-21.477417965277766,-22.952277044134757,1.4748590788569906,2017-11-17 00:00:00.000000
D1,2017-11-17 01:25:01.000000,994,402.300008,422.7977830451389,-20.497775045138894,-22.99933176010707,2.5015567149681743,2017-11-17 00:00:00.000000
D1,2017-11-17 01:30:04.000000,994,407.027245,422.77090862020907,-15.743663620209077,-23.035745321692534,7.292081701483458,2017-11-17 00:00:00.000000
D1,2017-11-17 01:35:01.000000,994,413.385057,422.90584350694445,-9.520786506944432,-23.06058334159405,13.539796834649618,2017-11-17 00:00:00.000000
D1,2017-11-17 01:40:02.000000,994,413.078658,422.9683470902778,-9.889689090277784,-23.07477991702025,13.185090826742467,2017-11-17 00:00:00.000000
D1,2017-11-17 01:45:02.000000,994,409.259637,422.98882707986115,-13.729190079861155,-23.07792823151872,9.348738151657564,2017-11-17 00:00:00.000000
D1,2017-11-17 01:50:00.000000,994,397.321033,423.0634894027778,-25.742456402777805,-23.0701808547818,-2.672275547996005,2017-11-17 00:00:00.000000
D1,2017-11-17 01:55:04.000000,994,406.72094,423.16915623958334,-16.44821623958336,-23.051113429574745,6.602897189991385,2017-11-17 00:00:00.000000
D1,2017-11-17 02:00:02.000000,994,400.75709,423.31496890311416,-22.557878903114158,-23.021487543024023,0.46360863990986445,2017-11-17 00:00:00.000000
D1,2017-11-17 02:05:01.000000,994,403.569333,423.2226549965278,-19.653321996527836,-22.980895950952586,3.32757395442475,2017-11-17 00:00:00.000000
D1,2017-11-17 02:10:02.000000,994,408.734385,423.3737723252595,-14.63938732525952,-22.929058317941124,8.289670992681604,2017-11-17 00:00:00.000000
D1,2017-11-17 02:15:03.000000,994,412.509648,423.1905122404181,-10.680864240418089,-22.866234368289096,12.185370127871007,2017-11-17 00:00:00.000000
D1,2017-11-17 02:20:02.000000,994,397.966623,423.45851315916957,-25.491890159169543,-22.79298051902573,-2.698909640143814,2017-11-17 00:00:00.000000
D1,2017-11-17 02:25:01.000000,994,410.255543,423.3787804131945,-13.123237413194488,-22.708950194538033,9.585712781343545,2017-11-17 00:00:00.000000
D1,2017-11-17 02:30:02.000000,994,409.861533,423.46506917361114,-13.603536173611133,-22.613513178102217,9.009977004491084,2017-11-17 00:00:00.000000
D1,2017-11-17 02:35:04.000000,994,422.86164,423.44543873867593,-0.5837987386759096,-22.50686996353276,21.92307122485685,2017-11-17 00:00:00.000000
D1,2017-11-17 02:40:03.000000,994,411.86401,423.71050141176465,-11.846491411764646,-22.39059135421926,10.544099942454615,2017-11-17 00:00:00.000000
D1,2017-11-17 02:45:03.000000,994,398.645099,423.64176157142856,-24.996662571428544,-22.26328451727287,-2.7333780541556756,2017-11-17 00:00:00.000000
D1,2017-11-17 02:50:01.000000,994,410.342995,423.79510246527775,-13.452107465277777,-22.126335411434894,8.674227946157117,2017-11-17 00:00:00.000000
D1,2017-11-17 02:55:03.000000,994,399.947246,423.8129963414634,-23.86575034146341,-21.97694676871576,-1.8888035727476513,2017-11-17 00:00:00.000000
D1,2017-11-17 03:00:04.000000,994,403.13166,424.00358698263886,-20.871926982638854,-21.81750508074,0.9455780981011443,2017-11-17 00:00:00.000000
D1,2017-11-17 03:05:02.000000,994,409.259637,424.1240204775086,-14.864383477508625,-21.649354271457778,6.784970793949153,2017-11-17 00:00:00.000000
D1,2017-11-17 03:10:02.000000,994,412.608147,424.06255678125,-11.454409781250035,-21.46980509012219,10.015395308872154,2017-11-17 00:00:00.000000
D1,2017-11-17 03:15:03.000000,994,400.406901,424.14546392013887,-23.73856292013886,-21.279387443165742,-2.459175476973119,2017-11-17 00:00:00.000000
D1,2017-11-17 03:20:03.000000,994,401.851352,424.07852275261325,-22.227170752613233,-21.079457142593,-1.147713610020233,2017-11-17 00:00:00.000000
D1,2017-11-17 03:25:03.000000,994,410.507139,424.2626054826389,-13.755466482638894,-20.869493709995705,7.114027227356811,2017-11-17 00:00:00.000000
D1,2017-11-17 03:30:02.000000,994,406.80844,424.34761047058817,-17.539170470588147,-20.650346451120427,3.1111759805322805,2017-11-17 00:00:00.000000
D1,2017-11-17 03:35:03.000000,994,405.681372,424.4138737301038,-18.732501730103763,-20.419871901282384,1.687370171178621,2017-11-17 00:00:00.000000
D1,2017-11-17 03:40:02.000000,994,397.780657,424.3246417804878,-26.54398478048779,-20.18124168869179,-6.362743091795998,2017-11-17 00:00:00.000000
D1,2017-11-17 03:45:01.000000,994,409.161154,424.4348419305556,-15.273687930555582,-19.933069774271516,4.659381843715934,2017-11-17 00:00:00.000000
D1,2017-11-17 03:50:01.000000,994,419.535033,424.4997391354167,-4.964706135416691,-19.674596284963414,14.709890149546723,2017-11-17 00:00:00.000000
D1,2017-11-17 03:55:02.000000,994,405.95487,424.5543016145833,-18.599431614583295,-19.405849989636934,0.8064183750536387,2017-11-17 00:00:00.000000
D1,2017-11-17 04:00:04.000000,994,402.387603,424.72798171180557,-22.340378711805556,-19.12686634527544,-3.2135123665301144,2017-11-17 00:00:00.000000
D1,2017-11-17 04:05:02.000000,994,410.671329,424.72798171180557,-14.056652711805555,-18.84253414404959,4.785881432244036,2017-11-17 00:00:00.000000
D1,2017-11-17 04:10:02.000000,994,406.381623,424.78923111458334,-18.407608114583354,-18.54735539421884,0.13974727963548617,2017-11-17 00:00:00.000000
D1,2017-11-17 04:15:02.000000,994,415.912867,425.0007748546713,-9.0879078546713,-18.24334865565759,9.155440800986291,2017-11-17 00:00:00.000000
D1,2017-11-17 04:20:03.000000,994,419.469341,424.9939918333333,-5.5246508333333395,-17.92960196363179,12.40495113029845,2017-11-17 00:00:00.000000
D1,2017-11-17 04:25:05.000000,994,405.506245,425.09392067708336,-19.587675677083382,-17.60617927781019,-1.9814963992731904,2017-11-17 00:00:00.000000
D1,2017-11-17 04:30:02.000000,994,413.166285,425.09392067708336,-11.927635677083344,-17.27982800808276,5.352192330999415,2017-11-17 00:00:00.000000
D1,2017-11-17 04:35:03.000000,994,400.669543,425.22769638062283,-24.558153380622855,-16.940857515935996,-7.617295864686859,2017-11-17 00:00:00.000000
D1,2017-11-17 04:40:01.000000,994,403.481801,425.2274386701389,-21.745637670138876,-16.597268650787342,-5.148369019351534,2017-11-17 00:00:00.000000
D1,2017-11-17 04:45:05.000000,994,411.557611,425.22990856944443,-13.672297569444424,-16.23873115146067,2.566433582016245,2017-11-17 00:00:00.000000
D1,2017-11-17 04:50:02.000000,994,414.599721,425.19728685017424,-10.597565850174249,-15.88078346791433,5.283217617740082,2017-11-17 00:00:00.000000
D1,2017-11-17 04:55:02.000000,994,423.38686,425.34128988927336,-1.9544298892733423,-15.511699674251489,13.557269784978146,2017-11-17 00:00:00.000000
D1,2017-11-17 05:00:03.000000,994,412.991222,425.3252785972222,-12.33405659722223,-15.133965662454841,2.7999090652326117,2017-11-17 00:00:00.000000
D1,2017-11-17 05:05:00.000000,994,410.977729,425.3252785972222,-14.347549597222212,-14.754142981661065,0.4065933844388532,2017-11-17 00:00:00.000000
D1,2017-11-17 05:10:05.000000,994,405.659453,425.35772703472225,-19.69827403472226,-14.356927592036993,-5.341346442685268,2017-11-17 00:00:00.000000
D1,2017-11-17 05:15:03.000000,994,404.805946,425.31106191289194,-20.505115912891938,-13.962005212244463,-6.543110700647475,2017-11-17 00:00:00.000000
D1,2017-11-17 05:20:03.000000,994,407.847961,425.40058549480966,-17.552624494809663,-13.5578093091942,-3.9948151856154634,2017-11-17 00:00:00.000000
D1,2017-11-17 05:25:02.000000,994,408.471791,425.36221023958336,-16.890419239583366,-13.148539505875558,-3.7418797337078082,2017-11-17 00:00:00.000000
D1,2017-11-17 05:30:00.000000,994,409.358136,425.36221023958336,-16.00407423958336,-12.734452640971275,-3.269621598612085,2017-11-17 00:00:00.000000
D1,2017-11-17 05:35:03.000000,994,404.225985,425.4501919163763,-21.224206916376318,-12.307286955246248,-8.91691996113007,2017-11-17 00:00:00.000000
D1,2017-11-17 05:40:05.000000,994,408.132521,425.4640013923611,-17.33148039236113,-11.8755845822057,-5.455895810155429,2017-11-17 00:00:00.000000
D1,2017-11-17 05:45:03.000000,994,405.648549,425.484926815331,-19.83637781533099,-11.443984311033905,-8.392393504297086,2017-11-17 00:00:00.000000
D1,2017-11-17 05:50:02.000000,994,410.266415,425.4652954844291,-15.198880484429083,-11.005534077442665,-4.193346406986418,2017-11-17 00:00:00.000000
D1,2017-11-17 05:55:03.000000,994,405.309312,425.460905630662,-20.151593630662035,-10.558895584130143,-9.592698046531892,2017-11-17 00:00:00.000000
D1,2017-11-17 06:00:02.000000,994,410.835425,425.4455728506944,-14.610147850694432,-10.110215155044711,-4.49993269564972,2017-11-17 00:00:00.000000
D1,2017-11-17 06:05:03.000000,994,417.69654,425.33307216609,-7.636532166089978,-9.653705591231779,2.0171734251418005,2017-11-17 00:00:00.000000
D1,2017-11-17 06:10:03.000000,994,420.388492,425.3289247916666,-4.9404327916666375,-9.194109677254502,4.253676885587865,2017-11-17 00:00:00.000000
D1,2017-11-17 06:15:03.000000,994,410.912021,425.3289247916666,-14.416903791666641,-8.730137412937925,-5.686766378728716,2017-11-17 00:00:00.000000
D1,2017-11-17 06:20:03.000000,994,414.840492,425.2763260592335,-10.435834059233514,-8.262009623951192,-2.173824435282322,2017-11-17 00:00:00.000000
D1,2017-11-17 06:25:03.000000,994,407.85896,425.2012280069204,-17.342268006920392,-7.789949113768142,-9.55231889315225,2017-11-17 00:00:00.000000
D1,2017-11-17 06:30:01.000000,994,407.388465,425.1790309722222,-17.790565972222225,-7.317364128513592,-10.473201843708633,2017-11-17 00:00:00.000000
D1,2017-11-17 06:35:04.000000,994,408.559322,425.18521139792387,-16.625889397923856,-6.833327327294765,-9.792562070629092,2017-11-17 00:00:00.000000
D1,2017-11-17 06:40:02.000000,994,416.153606,425.1961289548611,-9.042522954861056,-6.3540402213073985,-2.6884827335536574,2017-11-17 00:00:00.000000
D1,2017-11-17 06:45:04.000000,994,406.731812,425.15326962499995,-18.42145762499996,-5.865275966783079,-12.55618165821688,2017-11-17 00:00:00.000000
D1,2017-11-17 06:50:03.000000,994,412.017266,425.15191298606265,-13.134646986062648,-5.378578878483449,-7.7560681075792,2017-11-17 00:00:00.000000
D1,2017-11-17 06:55:01.000000,994,414.030743,425.1328275486111,-11.102084548611117,-4.890978703965611,-6.211105844645506,2017-11-17 00:00:00.000000
D1,2017-11-17 07:00:00.000000,994,412.257957,425.1652760416667,-12.90731904166671,-4.399433614976415,-8.507885426690295,2017-11-17 00:00:00.000000
D1,2017-11-17 07:05:03.000000,994,419.972642,425.18298198958337,-5.21033998958336,-3.8991913934207236,-1.3111485961626368,2017-11-17 00:00:00.000000
D1,2017-11-17 07:10:04.000000,994,418.900363,425.1834756597222,-6.283112659722178,-3.400375711762983,-2.882736947959195,2017-11-17 00:00:00.000000
D1,2017-11-17 07:15:03.000000,994,411.678028,425.1834756597222,-13.505447659722222,-2.9032604444508063,-10.602187215271416,2017-11-17 00:00:00.000000
D1,2017-11-17 07:20:03.000000,994,404.784012,425.2052407577855,-20.421228757785457,-2.4031029047293115,-18.018125853056144,2017-11-17 00:00:00.000000
D1,2017-11-17 07:25:01.000000,994,413.899406,425.2629251736111,-11.36351917361111,-1.9051464416018433,-9.458372732009266,2017-11-17 00:00:00.000000
D1,2017-11-17 07:30:04.000000,994,410.310125,425.3125479201389,-15.002422920138883,-1.3979185489689634,-13.60450437116992,2017-11-17 00:00:00.000000
D1,2017-11-17 07:35:02.000000,994,398.043172,425.31912131944443,-27.275949319444408,-0.8983969821595768,-26.377552337284833,2017-11-17 00:00:00.000000
D1,2017-11-17 07:40:00.000000,994,409.719165,425.31912131944443,-15.599956319444459,-0.39845306291801563,-15.201503256526443,2017-11-17 00:00:00.000000
D1,2017-11-17 07:45:02.000000,994,412.039169,425.34055090277775,-13.301381902777734,0.10839180240272306,-13.409773705180458,2017-11-17 00:00:00.000000
D1,2017-11-17 07:50:03.000000,994,419.064426,425.33458595155713,-6.270159951557105,0.6135070784425096,-6.883667029999614,2017-11-17 00:00:00.000000
D1,2017-11-17 07:55:02.000000,994,400.231775,425.45991341114984,-25.228138411149814,1.1149760651303708,-26.343114476280185,2017-11-17 00:00:00.000000
D1,2017-11-17 08:00:01.000000,994,406.305106,425.45575498263884,-19.150648982638813,1.6159183644262782,-20.76656734706509,2017-11-17 00:00:00.000000
D1,2017-11-17 08:05:04.000000,994,428.672282,425.4423105605536,3.2299714394463876,2.122782244831912,1.1071891946144756,2017-11-17 00:00:00.000000
D1,2017-11-17 08:10:01.000000,994,419.983657,425.4856196701389,-5.50196267013888,2.6186110131358653,-8.120573683274745,2017-11-17 00:00:00.000000
D1,2017-11-17 08:15:01.000000,994,423.802662,425.55207476388887,-1.74941276388887,3.118207727059879,-4.867620490948749,2017-11-17 00:00:00.000000
D1,2017-11-17 08:20:05.000000,994,430.226135,425.5317852361111,4.6943497638889085,3.6229512040939813,1.0713985597949272,2017-11-17 00:00:00.000000
D1,2017-11-17 08:25:01.000000,994,413.199075,425.5317852361111,-12.332710236111097,4.112713142328465,-16.445423378439564,2017-11-17 00:00:00.000000
D1,2017-11-17 08:30:02.000000,994,423.08046,425.5604203867596,-2.479960386759558,4.608793095301543,-7.088753482061101,2017-11-17 00:00:00.000000
D1,2017-11-17 08:35:02.000000,994,423.146216,425.5691357673611,-2.4229197673611225,5.101028464794061,-7.523948232155184,2017-11-17 00:00:00.000000
D1,2017-11-17 08:40:03.000000,994,423.200862,425.5894634340278,-2.3886014340278052,5.592464846704901,-7.981066280732707,2017-11-17 00:00:00.000000
D1,2017-11-17 08:45:03.000000,994,412.35652,425.6992457944251,-13.342725794425121,6.079603114998629,-19.42232890942375,2017-11-17 00:00:00.000000
D1,2017-11-17 08:50:02.000000,994,428.158013,425.7194156724739,2.438597327526111,6.562239184016108,-4.123641856489997,2017-11-17 00:00:00.000000
D1,2017-11-17 08:55:03.000000,994,400.932185,425.7142544221453,-24.782069422145298,7.044969847932366,-31.827039270077663,2017-11-17 00:00:00.000000
D1,2017-11-17 09:00:03.000000,994,424.42646,425.7854399377162,-1.3589799377161853,7.5227388502915655,-8.88171878800775,2017-11-17 00:00:00.000000
D1,2017-11-17 09:05:00.000000,994,421.909571,425.8423652222222,-3.932794222222185,7.992204461426911,-11.924998683649097,2017-11-17 00:00:00.000000
D1,2017-11-17 09:10:03.000000,994,436.485465,425.9434731909722,10.541991809027763,8.467311274174847,2.0746805348529165,2017-11-17 00:00:00.000000
D1,2017-11-17 09:15:03.000000,994,417.171351,425.9666413972126,-8.795290397212568,8.933665130382998,-17.728955527595566,2017-11-17 00:00:00.000000
D1,2017-11-17 09:20:02.000000,994,417.674764,426.0599031010453,-8.385139101045297,9.394234462620062,-17.77937356366536,2017-11-17 00:00:00.000000
D1,2017-11-17 09:25:02.000000,994,410.46327,426.03546001730103,-15.572190017301011,9.851880673545967,-25.42407069084698,2017-11-17 00:00:00.000000
D1,2017-11-17 09:30:03.000000,994,428.168853,426.10431025347225,2.0645427465277635,10.30634015233222,-8.241797405804457,2017-11-17 00:00:00.000000
D1,2017-11-17 09:35:00.000000,994,433.169762,426.14971530555556,7.0200466944444315,10.749921667867824,-3.7298749734233922,2017-11-17 00:00:00.000000
D1,2017-11-17 09:40:03.000000,994,433.957656,426.187675183391,7.7699808166090065,11.197295910613208,-3.427315094004202,2017-11-17 00:00:00.000000
D1,2017-11-17 09:45:05.000000,994,439.067984,426.3136676527777,12.7543163472223,11.637784827454768,1.1165315197675323,2017-11-17 00:00:00.000000
D1,2017-11-17 09:50:04.000000,994,432.086515,426.35128392361116,5.735231076388857,12.068369474417485,-6.333138398028629,2017-11-17 00:00:00.000000
D1,2017-11-17 09:55:00.000000,994,438.520829,426.35128392361116,12.169545076388829,12.489014901470942,-0.31946982508211264,2017-11-17 00:00:00.000000
D1,2017-11-17 10:00:03.000000,994,440.151389,426.464216097561,13.687172902438988,12.913613369360911,0.7735595330780765,2017-11-17 00:00:00.000000
D1,2017-11-17 10:05:04.000000,994,438.871034,426.4837763344948,12.387257665505217,13.329202333870967,-0.9419446683657497,2017-11-17 00:00:00.000000
D1,2017-11-17 10:10:03.000000,994,436.616755,426.47518901041667,10.141565989583341,13.735707961995812,-3.594141972412471,2017-11-17 00:00:00.000000
D1,2017-11-17 10:15:03.000000,994,438.652182,426.42906159515576,12.223120404844224,14.137046820249182,-1.9139264154049584,2017-11-17 00:00:00.000000
D1,2017-11-17 10:20:03.000000,994,440.020005,426.4760515017301,13.5439534982699,14.531657661960253,-0.9877041636903527,2017-11-17 00:00:00.000000
D1,2017-11-17 10:25:02.000000,994,440.993929,426.55631043402775,14.43761856597223,14.918072049924174,-0.4804534839519441,2017-11-17 00:00:00.000000
D1,2017-11-17 10:30:00.000000,994,454.530207,426.6083271875,27.921879812500038,15.29617713152858,12.625702680971457,2017-11-17 00:00:00.000000
D1,2017-11-17 10:35:02.000000,994,440.873591,426.73998297569443,14.133608024305545,15.672028415137904,-1.5384203908323588,2017-11-17 00:00:00.000000
D1,2017-11-17 10:40:01.000000,994,454.858446,426.73998297569443,28.118463024305584,16.03670055093572,12.081762473369864,2017-11-17 00:00:00.000000
D1,2017-11-17 10:45:02.000000,994,438.870955,426.8823542951389,11.988600704861085,16.39615399164537,-4.407553286784285,2017-11-17 00:00:00.000000
D1,2017-11-17 10:50:03.000000,994,446.924988,426.9635139652778,19.961474034722187,16.747752097002017,3.2137219377201696,2017-11-17 00:00:00.000000
D1,2017-11-17 10:55:03.000000,994,458.16323,426.9300853356401,31.233144664359884,17.09019843177788,14.142946232582005,2017-11-17 00:00:00.000000
D1,2017-11-17 11:00:01.000000,994,454.847558,427.0040935798611,27.8434644201389,17.422309741272333,10.421154678866568,2017-11-17 00:00:00.000000
D1,2017-11-17 11:05:02.000000,994,450.689284,427.0342625798611,23.655021420138894,17.74945853026709,5.905562889871803,2017-11-17 00:00:00.000000
D1,2017-11-17 11:10:02.000000,994,452.002398,427.1090007326389,24.893397267361138,18.06705921006674,6.826338057294397,2017-11-17 00:00:00.000000
D1,2017-11-17 11:15:02.000000,994,450.514237,427.17146629166666,23.34277070833332,18.376061400275287,4.966709308058032,2017-11-17 00:00:00.000000
D1,2017-11-17 11:20:02.000000,994,450.940911,427.3166111111111,23.624299888888913,18.676318032585694,4.947981856303219,2017-11-17 00:00:00.000000
D1,2017-11-17 11:25:01.000000,994,464.94778,427.3166111111111,37.63116888888891,18.966729893098915,18.664438995789993,2017-11-17 00:00:00.000000
D1,2017-11-17 11:30:00.000000,994,463.875389,427.3943507465278,36.48103825347221,19.248175144732432,17.232863108739775,2017-11-17 00:00:00.000000
D1,2017-11-17 11:35:03.000000,994,458.469725,427.47250821874997,30.997216781250017,19.52410187317895,11.473114908071068,2017-11-17 00:00:00.000000
D1,2017-11-17 11:40:02.000000,994,462.047942,427.47250821874997,34.57543378125001,19.787094715320926,14.788339065929087,2017-11-17 00:00:00.000000
D1,2017-11-17 11:45:01.000000,994,454.880412,427.52319468402777,27.357217315972207,20.040733097912756,7.3164842180594505,2017-11-17 00:00:00.000000
D1,2017-11-17 11:50:02.000000,994,451.991463,427.5393049375,24.45215806250002,20.286498148989217,4.165659913510801,2017-11-17 00:00:00.000000
D1,2017-11-17 11:55:03.000000,994,459.881306,427.5881299722222,32.293176027777804,20.52254390756045,11.770632120217353,2017-11-17 00:00:00.000000
D1,2017-11-17 12:00:02.000000,994,462.901529,427.6754827326389,35.226046267361085,20.747286888543552,14.478759378817532,2017-11-17 00:00:00.000000
D1,2017-11-17 12:05:00.000000,994,449.365218,427.6997242708333,21.665493729166712,20.961519068472818,0.7039746606938948,2017-11-17 00:00:00.000000
D1,2017-11-17 12:10:02.000000,994,461.424176,427.8184998263889,33.60567617361107,21.168583796428653,12.43709237718242,2017-11-17 00:00:00.000000
D1,2017-11-17 12:15:02.000000,994,459.892209,427.8255058892733,32.06670311072668,21.364169220924737,10.702533889801941,2017-11-17 00:00:00.000000
D1,2017-11-17 12:20:00.000000,994,456.83918,427.89585987152776,28.943320128472237,21.548384655454896,7.394935473017341,2017-11-17 00:00:00.000000
D1,2017-11-17 12:25:03.000000,994,447.636286,427.96497449305554,19.67131150694445,21.72531524258897,-2.054003735644521,2017-11-17 00:00:00.000000
D1,2017-11-17 12:30:02.000000,994,456.598425,428.0285484634146,28.56987653658541,21.88957096828232,6.6803055683030905,2017-11-17 00:00:00.000000
D1,2017-11-17 12:35:03.000000,994,453.228029,428.0357231597222,25.19230584027781,22.04447270094929,3.1478331393285224,2017-11-17 00:00:00.000000
D1,2017-11-17 12:40:01.000000,994,459.465456,428.10880895818815,31.35664704181187,22.187426585603085,9.169220456208784,2017-11-17 00:00:00.000000
D1,2017-11-17 12:45:00.000000,994,466.7425,428.0767591909722,38.665740809027795,22.32038836346026,16.345352445567535,2017-11-17 00:00:00.000000
D1,2017-11-17 12:50:03.000000,994,462.999996,428.21031493055557,34.78968106944444,22.44436378654397,12.34531728290047,2017-11-17 00:00:00.000000
D1,2017-11-17 12:55:04.000000,994,453.91744,428.23372035069445,25.683719649305544,22.556732115750478,3.1269875335550665,2017-11-17 00:00:00.000000
D1,2017-11-17 13:00:05.000000,994,472.399855,428.26951238541665,44.130342614583355,22.658293428932062,21.472049185651294,2017-11-17 00:00:00.000000
D1,2017-11-17 13:05:03.000000,994,457.43014,428.2712467128028,29.158893287197202,22.748148728150582,6.41074455904662,2017-11-17 00:00:00.000000
D1,2017-11-17 13:10:03.000000,994,469.390663,428.3332308685121,41.05743213148793,22.827816643981976,18.229615487505953,2017-11-17 00:00:00.000000
D1,2017-11-17 13:15:00.000000,994,454.869461,428.41712671180557,26.452334288194436,22.89598606225309,3.5563482259413455,2017-11-17 00:00:00.000000
D1,2017-11-17 13:20:04.000000,994,464.477269,428.55440653125,35.92286246875,22.95470143896705,12.968161029782948,2017-11-17 00:00:00.000000
D1,2017-11-17 13:25:05.000000,994,459.979741,428.59832996874997,31.381411031250025,23.00178497774009,8.379626053509934,2017-11-17 00:00:00.000000
D1,2017-11-17 13:30:04.000000,994,461.632156,428.5473929619377,33.084763038062306,23.037645051488564,10.047117986573742,2017-11-17 00:00:00.000000
D1,2017-11-17 13:35:05.000000,994,457.495801,428.61303493055556,28.882766069444415,23.062744192937007,5.820021876507408,2017-11-17 00:00:00.000000
D1,2017-11-17 13:40:03.000000,994,452.888775,428.6671616794425,24.221613320557537,23.076708387127297,1.1449049334302401,2017-11-17 00:00:00.000000
D1,2017-11-17 13:45:05.000000,994,468.449529,428.61751857986116,39.83201042013883,23.0798039718838,16.75220644825503,2017-11-17 00:00:00.000000
D1,2017-11-17 13:50:01.000000,994,465.560595,428.7265655679443,36.83402943205567,23.072036343188184,13.761993088867488,2017-11-17 00:00:00.000000
D1,2017-11-17 13:55:04.000000,994,449.562184,428.6434938546713,20.918690145328696,23.053013159370774,-2.134323014042078,2017-11-17 00:00:00.000000
D1,2017-11-17 14:00:01.000000,994,453.096755,428.71961383333337,24.377141166666604,23.02350477752077,1.3536363891458336,2017-11-17 00:00:00.000000
D1,2017-11-17 14:05:05.000000,994,446.804523,428.86065514583333,17.943867854166683,22.982178950880233,-5.038311096713549,2017-11-17 00:00:00.000000
D1,2017-11-17 14:10:01.000000,994,463.175042,428.86065514583333,34.314386854166685,22.931148470060705,11.38323838410598,2017-11-17 00:00:00.000000
D1,2017-11-17 14:15:03.000000,994,472.367032,428.88816439930554,43.47886760069446,22.86813409808512,20.610733502609335,2017-11-17 00:00:00.000000
D1,2017-11-17 14:20:01.000000,994,451.466258,428.9073525138889,22.558905486111087,22.79514322628842,-0.23623774017733368,2017-11-17 00:00:00.000000
D1,2017-11-17 14:25:05.000000,994,458.174197,428.9977066458333,29.176490354166674,22.709652900086823,6.466837454079851,2017-11-17 00:00:00.000000
D1,2017-11-17 14:30:05.000000,994,463.722213,429.04767134375,34.67454165625003,22.61440709427457,12.06013456197546,2017-11-17 00:00:00.000000
D1,2017-11-17 14:35:04.000000,994,458.447695,429.04767134375,29.400023656250028,22.50876969332879,6.891253962921237,2017-11-17 00:00:00.000000
D1,2017-11-17 14:40:00.000000,994,465.046295,428.99607259375006,36.05022240624993,22.393710430459027,13.656511975790902,2017-11-17 00:00:00.000000
D1,2017-11-17 14:45:03.000000,994,467.803939,428.9814726816609,38.82246631833914,22.265184247068902,16.557282071270237,2017-11-17 00:00:00.000000
D1,2017-11-17 14:50:01.000000,994,460.50504,429.0565960380623,31.4484439619377,22.128235141230924,9.320208820706775,2017-11-17 00:00:00.000000
D1,2017-11-17 14:55:04.000000,994,459.607744,429.1848752777778,30.422868722222233,21.978334184808556,8.444534537413677,2017-11-17 00:00:00.000000
D1,2017-11-17 15:00:03.000000,994,453.370285,429.1848752777778,24.185409722222232,21.81995186816139,2.3654578540608426,2017-11-17 00:00:00.000000
D1,2017-11-17 15:05:00.000000,994,458.808867,429.24893641666665,29.55993058333337,21.65241651112442,7.907514072208947,2017-11-17 00:00:00.000000
D1,2017-11-17 15:10:02.000000,994,450.153033,429.2735958506944,20.879437149305602,21.47170481991822,-0.5922676706126175,2017-11-17 00:00:00.000000
D1,2017-11-17 15:15:02.000000,994,463.733149,429.30080084375,34.43234815625004,21.281936722076228,13.150411434173815,2017-11-17 00:00:00.000000
D1,2017-11-17 15:20:03.000000,994,466.66584,429.2899174602076,37.375922539792384,21.081356872389033,16.29456566740335,2017-11-17 00:00:00.000000
D1,2017-11-17 15:25:01.000000,994,456.696924,429.38519025694444,27.311733743055584,20.872826199598784,6.4389075434568,2017-11-17 00:00:00.000000
D1,2017-11-17 15:30:01.000000,994,448.829047,429.40206046875005,19.426986531249952,20.65299544622639,-1.2260089149764397,2017-11-17 00:00:00.000000
D1,2017-11-17 15:35:00.000000,994,460.636425,429.4608783333333,31.175546666666662,20.424117178959733,10.751429487706929,2017-11-17 00:00:00.000000
D1,2017-11-17 15:40:05.000000,994,456.062285,429.58516306597227,26.477121934027707,20.180698594616928,6.296423339410779,2017-11-17 00:00:00.000000
D1,2017-11-17 15:45:02.000000,994,447.384548,429.58060375347225,17.80394424652775,19.9341236184868,-2.130179371959052,2017-11-17 00:00:00.000000
D1,2017-11-17 15:50:02.000000,994,464.33506,429.61560574216026,34.71945425783974,19.67561870735615,15.043835550483593,2017-11-17 00:00:00.000000
D1,2017-11-17 15:55:02.000000,994,461.402384,429.53187167128027,31.870512328719713,19.407749719432964,12.462762609286749,2017-11-17 00:00:00.000000
D1,2017-11-17 16:00:01.000000,994,451.510048,429.61373626041666,21.896311739583325,19.131583029487416,2.764728710095909,2017-11-17 00:00:00.000000
D1,2017-11-17 16:05:02.000000,994,452.812163,429.65841915972226,23.15374384027774,18.84443387384562,4.309309966432121,2017-11-17 00:00:00.000000
D1,2017-11-17 16:10:03.000000,994,455.810642,429.7930931707317,26.017548829268264,18.548256353264613,7.469292476003652,2017-11-17 00:00:00.000000
D1,2017-11-17 16:15:01.000000,994,460.614459,429.7303457430555,30.884113256944488,18.246276246708277,12.637837010236211,2017-11-17 00:00:00.000000
D1,2017-11-17 16:20:03.000000,994,444.955222,429.7543973194445,15.200824680555513,17.93150169342781,-2.7306770128722953,2017-11-17 00:00:00.000000
D1,2017-11-17 16:25:02.000000,994,448.150492,429.7104360243055,18.440055975694463,17.611333837889617,0.8287221378048457,2017-11-17 00:00:00.000000
D1,2017-11-17 16:30:04.000000,994,455.383794,429.7674295451389,25.616364454861127,17.279502588896705,8.336861865964423,2017-11-17 00:00:00.000000
D1,2017-11-17 16:35:00.000000,994,450.547059,429.7674295451389,20.779629454861094,16.946176010294412,3.8334534445666826,2017-11-17 00:00:00.000000
D1,2017-11-17 16:40:03.000000,994,445.765003,429.88263379166665,15.88236920833333,16.596835899636503,-0.7144666913031728,2017-11-17 00:00:00.000000
D1,2017-11-17 16:45:02.000000,994,445.294476,429.88263379166665,15.411842208333326,16.244208146458575,-0.8323659381252497,2017-11-17 00:00:00.000000
D1,2017-11-17 16:50:02.000000,994,445.513328,429.8874594479167,15.625868552083318,15.88268319771036,-0.2568146456270419,2017-11-17 00:00:00.000000
D1,2017-11-17 16:55:01.000000,994,446.498124,429.9241256840278,16.573998315972233,15.514842046217595,1.059156269754638,2017-11-17 00:00:00.000000
D1,2017-11-17 17:00:01.000000,994,446.082322,429.9197941354166,16.162527864583353,15.138399386434136,1.0241284781492173,2017-11-17 00:00:00.000000
D1,2017-11-17 17:05:04.000000,994,443.04018,429.9531545208333,13.087025479166698,14.750879879583152,-1.6638544004164544,2017-11-17 00:00:00.000000
D1,2017-11-17 17:10:02.000000,994,439.232079,429.9531545208333,9.278924479166676,14.362769077226453,-5.083844598059777,2017-11-17 00:00:00.000000
D1,2017-11-17 17:15:03.000000,994,439.3634,429.98450435986155,9.378895640138467,13.963904942040497,-4.58500930190203,2017-11-17 00:00:00.000000
D1,2017-11-17 17:20:00.000000,994,437.131039,430.0719299097222,7.059109090277786,13.563783264704863,-6.504674174427077,2017-11-17 00:00:00.000000
D1,2017-11-17 17:25:00.000000,994,435.248947,430.08530491666664,5.163642083333343,13.153197696558328,-7.989555613224985,2017-11-17 00:00:00.000000
D1,2017-11-17 17:30:04.000000,994,442.525895,430.14442654166663,12.381468458333359,12.730753041153745,-0.34928458282038655,2017-11-17 00:00:00.000000
D1,2017-11-17 17:35:03.000000,994,438.137817,430.12721611072664,8.010600889273348,12.309186685042265,-4.298585795768917,2017-11-17 00:00:00.000000
D1,2017-11-17 17:40:02.000000,994,418.878412,430.2171509409722,-11.338738940972178,11.88180126188475,-23.220540202856927,2017-11-17 00:00:00.000000
D1,2017-11-17 17:45:03.000000,994,432.929007,430.30651756597223,2.6224894340277842,11.445884040829943,-8.82339460680216,2017-11-17 00:00:00.000000
D1,2017-11-17 17:50:00.000000,994,412.367392,430.3899944791667,-18.02260247916672,11.010384104213863,-29.032986583380584,2017-11-17 00:00:00.000000
D1,2017-11-17 17:55:03.000000,994,421.045065,430.4140838090277,-9.369018809027693,10.560795313926164,-19.929814122953857,2017-11-17 00:00:00.000000
D1,2017-11-17 18:00:03.000000,994,411.327807,430.52588288850177,-19.198075888501762,10.110606141902343,-29.308682030404107,2017-11-17 00:00:00.000000
D1,2017-11-17 18:05:02.000000,994,418.178097,430.5162549444444,-12.338157944444447,9.657129744316338,-21.995287688760783,2017-11-17 00:00:00.000000
D1,2017-11-17 18:10:00.000000,994,421.09979,430.54600588541666,-9.446215885416677,9.200627395421078,-18.646843280837757,2017-11-17 00:00:00.000000
D1,2017-11-17 18:15:05.000000,994,419.633547,430.58901764583334,-10.955470645833316,8.728929803734472,-19.68440044956779,2017-11-17 00:00:00.000000
D1,2017-11-17 18:20:03.000000,994,413.735278,430.55754630449826,-16.822268304498266,8.263909353747222,-25.08617765824549,2017-11-17 00:00:00.000000
D1,2017-11-17 18:25:02.000000,994,415.114037,430.6121194097222,-15.498082409722201,7.793428663393993,-23.291511073116194,2017-11-17 00:00:00.000000
D1,2017-11-17 18:30:01.000000,994,430.510696,430.66022239930555,-0.14952639930555733,7.319263858309619,-7.468790257615177,2017-11-17 00:00:00.000000
D1,2017-11-17 18:35:02.000000,994,424.71091,430.6814012041522,-5.970491204152211,6.838433157523199,-12.808924361675409,2017-11-17 00:00:00.000000
D1,2017-11-17 18:40:03.000000,994,421.099869,430.79108086111114,-9.691211861111128,6.354326454570605,-16.045538315681732,2017-11-17 00:00:00.000000
D1,2017-11-17 18:45:03.000000,994,428.103256,430.74660420069205,-2.64334820069206,5.868798920599492,-8.512147121291552,2017-11-17 00:00:00.000000
D1,2017-11-17 18:50:04.000000,994,419.655307,430.83998178125,-11.18467478125001,5.37884646293812,-16.56352124418813,2017-11-17 00:00:00.000000
D1,2017-11-17 18:55:03.000000,994,426.407051,430.89855055749126,-4.491499557491238,4.889597931631922,-9.38109748912316,2017-11-17 00:00:00.000000
D1,2017-11-17 19:00:03.000000,994,421.28582,430.89651998958334,-9.610699989583338,4.396390523272908,-14.007090512856246,2017-11-17 00:00:00.000000
D1,2017-11-17 19:05:00.000000,994,434.592406,430.89651998958334,3.6958860104166433,3.9060536993080293,-0.21016768889138593,2017-11-17 00:00:00.000000
D1,2017-11-17 19:10:02.000000,994,419.130071,430.8821197291667,-11.752048729166688,3.405595474749492,-15.157644203916181,2017-11-17 00:00:00.000000
D1,2017-11-17 19:15:04.000000,994,420.618359,430.9730537351916,-10.354694735191629,2.9034951464358203,-13.258189881627448,2017-11-17 00:00:00.000000
D1,2017-11-17 19:20:01.000000,994,420.88089,430.9538939861111,-10.073003986111075,2.4083410715058653,-12.481345057616942,2017-11-17 00:00:00.000000
D1,2017-11-17 19:25:01.000000,994,418.068711,430.99094009375,-12.92222909374999,1.9070461713978935,-14.829275265147885,2017-11-17 00:00:00.000000
D1,2017-11-17 19:30:02.000000,994,426.210086,431.02980999305555,-4.819723993055561,1.4031688154555821,-6.222892808511143,2017-11-17 00:00:00.000000
D1,2017-11-17 19:35:01.000000,994,425.192436,431.07893906597224,-5.886503065972249,0.9019737963575523,-6.7884768623298015,2017-11-17 00:00:00.000000
D1,2017-11-17 19:40:01.000000,994,421.646961,431.22965847386763,-9.582697473867654,0.398674681441161,-9.981372155308815,2017-11-17 00:00:00.000000
D1,2017-11-17 19:45:02.000000,994,413.965098,431.1234329930796,-17.158334993079563,-0.10649207260668092,-17.051842920472883,2017-11-17 00:00:00.000000
D1,2017-11-17 19:50:02.000000,994,423.408747,431.18969779861106,-7.780950798611059,-0.6099295767350643,-7.1710212218759946,2017-11-17 00:00:00.000000
D1,2017-11-17 19:55:03.000000,994,427.577925,431.3197960277778,-3.7418710277777905,-1.1147527375373212,-2.6271182902404693,2017-11-17 00:00:00.000000
D1,2017-11-17 20:00:00.000000,994,423.463504,431.3197960277778,-7.8562920277777835,-1.6123443829219948,-6.243947644855789,2017-11-17 00:00:00.000000
D1,2017-11-17 20:05:02.000000,994,421.570317,431.4268305729167,-9.856513572916697,-2.1175399858727424,-7.738973587043954,2017-11-17 00:00:00.000000
D1,2017-11-17 20:10:01.000000,994,421.756442,431.44244660416666,-9.68600460416667,-2.616711283339825,-7.069293320826844,2017-11-17 00:00:00.000000
D1,2017-11-17 20:15:03.000000,994,410.430527,431.4792081289199,-21.048681128919895,-3.119633927387934,-17.92904720153196,2017-11-17 00:00:00.000000
D1,2017-11-17 20:20:01.000000,994,419.655387,431.42648817708334,-11.771101177083324,-3.6144210652755984,-8.156680111807725,2017-11-17 00:00:00.000000
D1,2017-11-17 20:25:03.000000,994,421.187321,431.4506159722222,-10.263294972222184,-4.114116390104323,-6.149178582117861,2017-11-17 00:00:00.000000
D1,2017-11-17 20:30:03.000000,994,428.07045,431.47930319097225,-3.408853190972252,-4.608537923480892,1.19968473250864,2017-11-17 00:00:00.000000
D1,2017-11-17 20:35:03.000000,994,414.53406,431.4766813611111,-16.942621361111094,-5.100765590319239,-11.841855770791856,2017-11-17 00:00:00.000000
D1,2017-11-17 20:40:03.000000,994,417.554315,431.4542170207613,-13.899902020761317,-5.590565116908858,-8.309336903852458,2017-11-17 00:00:00.000000
D1,2017-11-17 20:45:03.000000,994,419.381793,431.4773520899654,-12.095559089965377,-6.077703385202576,-6.017855704762801,2017-11-17 00:00:00.000000
D1,2017-11-17 20:50:02.000000,994,429.066261,431.5503169204152,-2.4840559204151873,-6.560339454220066,4.076283533804879,2017-11-17 00:00:00.000000
D1,2017-11-17 20:55:01.000000,994,420.880969,431.56209575347225,-10.681126753472256,-7.039873488152047,-3.641253265320209,2017-11-17 00:00:00.000000
D1,2017-11-17 21:00:01.000000,994,419.064458,431.6687122916667,-12.604254291666678,-7.517665595745019,-5.086588695921659,2017-11-17 00:00:00.000000
D1,2017-11-17 21:05:03.000000,994,420.640262,431.77677286458334,-11.136510864583329,-7.995028158676442,-3.1414827059068866,2017-11-17 00:00:00.000000
D1,2017-11-17 21:10:01.000000,994,413.680633,431.7681889896194,-18.087555989619375,-8.462288749657766,-9.625267239961609,2017-11-17 00:00:00.000000
D1,2017-11-17 21:15:04.000000,994,426.253891,431.8026125505226,-5.5487215505226,-8.933312926765126,3.3845913762425255,2017-11-17 00:00:00.000000
D1,2017-11-17 21:20:02.000000,994,425.903749,431.78004095155705,-5.87629195155705,-9.39233473282404,3.5160427812669894,2017-11-17 00:00:00.000000
D1,2017-11-17 21:25:01.000000,994,419.152006,431.8290176076389,-12.677011607638917,-9.848463124115948,-2.828548483522969,2017-11-17 00:00:00.000000
D1,2017-11-17 21:30:03.000000,994,418.484433,432.34967731250003,-13.86524431250001,-10.304440422536196,-3.5608038899638146,2017-11-17 00:00:00.000000
D1,2017-11-17 21:35:03.000000,994,426.549292,432.34078639930556,-5.791494399305577,-10.752477326146334,4.960982926840757,2017-11-17 00:00:00.000000
D1,2017-11-17 21:40:01.000000,994,418.221903,432.34078639930556,-14.11888339930556,-11.192460800045762,-2.926422599259798,2017-11-17 00:00:00.000000
D1,2017-11-17 21:45:00.000000,994,424.360752,432.41685462152776,-8.05610262152777,-11.628637344991613,3.5725347234638427,2017-11-17 00:00:00.000000
D1,2017-11-17 21:50:03.000000,994,422.577159,432.38435945328723,-9.807200453287237,-12.065039058041425,2.2578386047541876,2017-11-17 00:00:00.000000
D1,2017-11-17 21:55:00.000000,994,413.188076,432.3853936354167,-19.197317635416653,-12.487115171674919,-6.710202463741734,2017-11-17 00:00:00.000000
D1,2017-11-17 22:00:03.000000,994,416.821241,432.4644633923611,-15.64322239236111,-12.911713639564862,-2.7315087527962483,2017-11-17 00:00:00.000000
D1,2017-11-17 22:05:04.000000,994,419.906998,432.39159104844293,-12.484593048442946,-13.327302604074909,0.8427095556319628,2017-11-17 00:00:00.000000
D1,2017-11-17 22:10:01.000000,994,415.026585,432.3690929826389,-17.342507982638892,-13.731110490556848,-3.6113974920820446,2017-11-17 00:00:00.000000
D1,2017-11-17 22:15:01.000000,994,413.144366,432.40853298958336,-19.264166989583373,-14.132493564797993,-5.1316734247853795,2017-11-17 00:00:00.000000
D1,2017-11-17 22:20:02.000000,994,417.78415,432.42057754166666,-14.636427541666649,-14.528453947217134,-0.10797359444951482,2017-11-17 00:00:00.000000
D1,2017-11-17 22:25:04.000000,994,432.535092,432.39382829861114,0.14126370138887978,-14.91873348886472,15.0599971902536,2017-11-17 00:00:00.000000
D1,2017-11-17 22:30:03.000000,994,427.917226,432.3166980592335,-4.39947205923346,-15.298047603965522,10.898575544732061,2017-11-17 00:00:00.000000
D1,2017-11-17 22:35:01.000000,994,428.595638,432.26080425347226,-3.6651662534722504,-15.668896518024882,12.003730264552631,2017-11-17 00:00:00.000000
D1,2017-11-17 22:40:01.000000,994,420.246283,432.34572508680554,-12.099442086805539,-16.034800821139683,3.9353587343341445,2017-11-17 00:00:00.000000
D1,2017-11-17 22:45:01.000000,994,431.134446,432.3957659444444,-1.2613199444443808,-16.39307297542128,15.131753030976899,2017-11-17 00:00:00.000000
D1,2017-11-17 22:50:02.000000,994,423.00388,432.4550400034722,-9.45116000347224,-16.744697459246733,7.293537455774494,2017-11-17 00:00:00.000000
D1,2017-11-17 22:55:00.000000,994,417.30264,432.4822449444444,-15.179604944444407,-17.08491423130801,1.9053092868636021,2017-11-17 00:00:00.000000
D1,2017-11-17 23:00:02.000000,994,423.40881,432.4063761184669,-8.997566118466864,-17.42151079180269,8.423944673335825,2017-11-17 00:00:00.000000
D1,2017-11-17 23:05:02.000000,994,419.425519,432.5135539409722,-13.088034940972193,-17.747558800471054,4.6595238594988615,2017-11-17 00:00:00.000000
D1,2017-11-17 23:10:03.000000,994,418.88938,432.4063382369338,-13.51695823693376,-18.066203853464465,4.549245616530705,2017-11-17 00:00:00.000000
D1,2017-11-17 23:15:02.000000,994,431.900454,432.61862707266437,-0.7181730726643423,-18.374161670479236,17.655988597814893,2017-11-17 00:00:00.000000
D1,2017-11-17 23:20:01.000000,994,420.443217,432.5564895381944,-12.113272538194394,-18.673432133849005,6.560159595654611,2017-11-17 00:00:00.000000
D1,2017-11-17 23:25:01.000000,994,423.988708,432.61561127430554,-8.626903274305562,-18.964830163302885,10.337926888997323,2017-11-17 00:00:00.000000
D1,2017-11-17 23:30:03.000000,994,419.425535,432.52081129861114,-13.095276298611111,-19.249053390680537,6.153777092069426,2017-11-17 00:00:00.000000
D1,2017-11-17 23:35:02.000000,994,414.938958,432.6529322318339,-17.7139742318339,-19.52130701151954,1.8073327796856375,2017-11-17 00:00:00.000000
D1,2017-11-17 23:40:03.000000,994,424.087143,432.4605566132404,-8.37341361324036,-19.78605893309973,11.412645319859372,2017-11-17 00:00:00.000000
D1,2017-11-17 23:45:04.000000,994,416.569503,432.61268535069445,-16.04318235069445,-20.041330424394374,3.998148073699923,2017-11-17 00:00:00.000000
D1,2017-11-17 23:50:03.000000,994,430.751419,432.54516347735193,-1.793744477351936,-20.28539877965189,18.491654302299953,2017-11-17 00:00:00.000000
D1,2017-11-17 23:55:03.000000,994,428.409624,432.7187023217993,-4.309078321799291,-20.520644177764424,16.211565855965134,2017-11-17 00:00:00.000000
D2,2017-11-17 00:00:03.000000,1010,386.672513,378.67645911805556,7.99605388194442,-4.423399405531064,12.419453287475484,2017-11-17 00:00:00.000000
D2,2017-11-17 00:05:04.000000,1010,382.872982,378.7686983298611,4.104283670138898,-4.895569818976801,8.999853489115699,2017-11-17 00:00:00.000000
D2,2017-11-17 00:10:03.000000,1010,375.335693,378.79700078892733,-3.4613077889273427,-5.362073936845401,1.9007661479180582,2017-11-17 00:00:00.000000
D2,2017-11-17 00:15:04.000000,1010,368.82453,378.88402379166666,-10.059493791666682,-5.8289288527478895,-4.230564938918793,2017-11-17 00:00:00.000000
D2,2017-11-17 00:20:03.000000,1010,384.374329,378.9168040934256,5.457524906574406,-6.289710038586067,11.747234945160473,2017-11-17 00:00:00.000000
D2,2017-11-17 00:25:02.000000,1010,378.261684,378.99738115277773,-0.7356971527777318,-6.74731109061649,6.011613937838758,2017-11-17 00:00:00.000000
D2,2017-11-17 00:30:01.000000,1010,372.041759,379.0621188715278,-7.0203598715277735,-7.20151566500039,0.1811557934726169,2017-11-17 00:00:00.000000
D2,2017-11-17 00:35:01.000000,1010,369.452626,379.1050999236111,-9.652473923611069,-7.653609726681681,-1.9988641969293877,2017-11-17 00:00:00.000000
D2,2017-11-17 00:40:00.000000,1010,363.998718,379.1721250034723,-15.173407003472278,-8.100365693348873,-7.073041310123404,2017-11-17 00:00:00.000000
D2,2017-11-17 00:45:02.000000,1010,373.420607,379.2766914775087,-5.856084477508659,-8.547506328394586,2.691421850885927,2017-11-17 00:00:00.000000
D2,2017-11-17 00:50:00.000000,1010,378.430157,379.31261136458335,-0.8824543645833387,-8.984477977582241,8.102023612998902,2017-11-17 00:00:00.000000
D2,2017-11-17 00:55:02.000000,1010,371.2605,379.39175149477353,-8.13125149477355,-9.4228001887125,1.2915486939389496,2017-11-17 00:00:00.000000
D2,2017-11-17 01:00:04.000000,1010,376.055625,379.47054522916665,-3.4149202291666256,-9.856367003961578,6.441446774794953,2017-11-17 00:00:00.000000
D2,2017-11-17 01:05:04.000000,1010,374.554211,379.6930033263889,-5.138792326388909,-10.282147665771795,5.143355339382886,2017-11-17 00:00:00.000000
D2,2017-11-17 01:10:03.000000,1010,375.258945,379.6976168641115,-4.438671864111541,-10.701433136121242,6.262761272009701,2017-11-17 00:00:00.000000
D2,2017-11-17 01:15:01.000000,1010,372.25625,379.8959044083045,-7.639654408304466,-11.11407701919886,3.4744226108943934,2017-11-17 00:00:00.000000
D2,2017-11-17 01:20:01.000000,1010,378.062436,379.8926952083333,-1.8302592083333025,-11.524010635349395,9.693751427016092,2017-11-17 00:00:00.000000
D2,2017-11-17 01:25:01.000000,1010,368.012606,380.0172230416667,-12.004617041666677,-11.928251567572408,-0.07636547409426875,2017-11-17 00:00:00.000000
D2,2017-11-17 01:30:04.000000,1010,363.202171,380.12118471777,-16.919013717769985,-12.330560614046478,-4.5884531037235075,2017-11-17 00:00:00.000000
D2,2017-11-17 01:35:01.000000,1010,366.802298,380.2277666041666,-13.42546860416661,-12.71888859405506,-0.7065800101115514,2017-11-17 00:00:00.000000
D2,2017-11-17 01:40:02.000000,1010,366.587852,380.3282505625,-13.74039856249999,-13.106184444132344,-0.6342141183676464,2017-11-17 00:00:00.000000
D2,2017-11-17 01:45:02.000000,1010,371.291053,380.39426493750005,-9.103211937500078,-13.485737344839182,4.382525407339104,2017-11-17 00:00:00.000000
D2,2017-11-17 01:50:00.000000,1010,366.679732,380.4650668229167,-13.785334822916695,-13.856200041891034,0.07086521897433862,2017-11-17 00:00:00.000000
D2,2017-11-17 01:55:04.000000,1010,362.466707,380.59831860416665,-18.131611604166665,-14.227204168906981,-3.9044074352596834,2017-11-17 00:00:00.000000
D2,2017-11-17 02:00:02.000000,1010,374.477708,380.73786741868514,-6.260159418685134,-14.583931156314346,8.323771737629212,2017-11-17 00:00:00.000000
D2,2017-11-17 02:05:01.000000,1010,367.108736,380.72736831597217,-13.61863231597215,-14.934765440676369,1.3161331247042192,2017-11-17 00:00:00.000000
D2,2017-11-17 02:10:02.000000,1010,371.765963,380.89308214878895,-9.12711914878895,-15.280605667750118,6.153486518961168,2017-11-17 00:00:00.000000
D2,2017-11-17 02:15:03.000000,1010,365.592124,380.8828612160279,-15.290737216027878,-15.618915323195994,0.3281781071681156,2017-11-17 00:00:00.000000
D2,2017-11-17 02:20:02.000000,1010,366.22022,381.1035334186851,-14.883313418685134,-15.947361260729952,1.0640478420448183,2017-11-17 00:00:00.000000
D2,2017-11-17 02:25:01.000000,1010,366.541878,381.08217596527777,-14.540297965277773,-16.268061136712774,1.7277631714350008,2017-11-17 00:00:00.000000
D2,2017-11-17 02:30:02.000000,1010,380.529137,381.20228901736107,-0.6731520173610761,-16.5829287280867,15.909776710725623,2017-11-17 00:00:00.000000
D2,2017-11-17 02:35:04.000000,1010,373.619766,381.29938312543555,-7.679617125435527,-16.890646998444446,9.211029873008918,2017-11-17 00:00:00.000000
D2,2017-11-17 02:40:03.000000,1010,374.891268,381.5752191730104,-6.683951173010371,-17.187075822002335,10.503124648991964,2017-11-17 00:00:00.000000
D2,2017-11-17 02:45:03.000000,1010,372.68521,381.5328130557491,-8.847603055749119,-17.476121874126015,8.628518818376897,2017-11-17 00:00:00.000000
D2,2017-11-17 02:50:01.000000,1010,371.046009,381.63486579513886,-10.588856795138838,-17.75480074826721,7.165943953128373,2017-11-17 00:00:00.000000
D2,2017-11-17 02:55:03.000000,1010,374.753415,381.71136864808363,-6.957953648083617,-18.02850376627941,11.070550118195793,2017-11-17 00:00:00.000000
D2,2017-11-17 03:00:04.000000,1010,366.695108,381.9716396597222,-15.276531659722195,-18.292438774966328,3.015907115244133,2017-11-17 00:00:00.000000
D2,2017-11-17 03:05:02.000000,1010,368.916543,382.10908684083046,-13.192543840830467,-18.54490370377415,5.352359862943683,2017-11-17 00:00:00.000000
D2,2017-11-17 03:10:02.000000,1010,374.40107,382.05946378125,-7.65839378124997,-18.790058627890907,11.131664846640938,2017-11-17 00:00:00.000000
D2,2017-11-17 03:15:03.000000,1010,362.957039,382.2279841458333,-19.27094514583331,-19.026833873707922,-0.2441112721253873,2017-11-17 00:00:00.000000
D2,2017-11-17 03:20:03.000000,1010,364.351152,382.19627102090595,-17.84511902090594,-19.253543553778346,1.4084245328724059,2017-11-17 00:00:00.000000
D2,2017-11-17 03:25:03.000000,1010,360.505781,382.4037924826389,-21.89801148263888,-19.47088171088217,-2.4271297717567073,2017-11-17 00:00:00.000000
D2,2017-11-17 03:30:02.000000,1010,369.039043,382.5203427716263,-13.481299771626311,-19.678067876119552,6.196768104493241,2017-11-17 00:00:00.000000
D2,2017-11-17 03:35:03.000000,1010,361.945823,382.61019565397925,-20.66437265397923,-19.87703420099266,-0.7873384529865675,2017-11-17 00:00:00.000000
D2,2017-11-17 03:40:02.000000,1010,364.412479,382.54681727177706,-18.13433827177704,-20.06504265126173,1.9307043794846912,2017-11-17 00:00:00.000000
D2,2017-11-17 03:45:01.000000,1010,360.122884,382.6998197951389,-22.576935795138922,-20.24335828965011,-2.3335775054888117,2017-11-17 00:00:00.000000
D2,2017-11-17 03:50:01.000000,1010,376.699098,382.83003976041664,-6.130941760416647,-20.412443991439023,14.281502231022376,2017-11-17 00:00:00.000000
D2,2017-11-17 03:55:02.000000,1010,363.784316,382.9297265763889,-19.145410576388883,-20.572120458901153,1.4267098825122702,2017-11-17 00:00:00.000000
D2,2017-11-17 04:00:04.000000,1010,363.860954,383.15335562847224,-19.29240162847225,-20.72221125096296,1.429809622490712,2017-11-17 00:00:00.000000
D2,2017-11-17 04:05:02.000000,1010,362.819163,383.15335562847224,-20.334192628472238,-20.860310995836247,0.5261183673640097,2017-11-17 00:00:00.000000
D2,2017-11-17 04:10:02.000000,1010,372.823064,383.2601167743056,-10.437052774305585,-20.989234971003196,10.552182196697611,2017-11-17 00:00:00.000000
D2,2017-11-17 04:15:02.000000,1010,372.24103,383.4655709238755,-11.224540923875452,-21.107961328093676,9.883420404218224,2017-11-17 00:00:00.000000
D2,2017-11-17 04:20:03.000000,1010,372.792377,383.4240087951389,-10.631631795138901,-21.21677792770871,10.585146132569808,2017-11-17 00:00:00.000000
D2,2017-11-17 04:25:05.000000,1010,357.717511,383.6117857534722,-25.89427475347219,-21.315529497732577,-4.578745255739612,2017-11-17 00:00:00.000000
D2,2017-11-17 04:30:02.000000,1010,373.252001,383.6117857534722,-10.359784753472184,-21.402414044361795,11.04262929088961,2017-11-17 00:00:00.000000
D2,2017-11-17 04:35:03.000000,1010,358.391647,383.78474688581315,-25.39309988581317,-21.48007442232914,-3.9130254634840327,2017-11-17 00:00:00.000000
D2,2017-11-17 04:40:01.000000,1010,365.408297,383.73253709722223,-18.32424009722223,-21.546616468762593,3.2223763715403635,2017-11-17 00:00:00.000000
D2,2017-11-17 04:45:05.000000,1010,359.801137,383.92589840277776,-24.12476140277778,-21.60386034334137,-2.520901059436408,2017-11-17 00:00:00.000000
D2,2017-11-17 04:50:02.000000,1010,364.044781,383.87309105226484,-19.82831005226484,-21.649383738063413,1.8210736857985736,2017-11-17 00:00:00.000000
D2,2017-11-17 04:55:02.000000,1010,364.412502,384.1199838442907,-19.70748184429067,-21.68490764250019,1.97742579820952,2017-11-17 00:00:00.000000
D2,2017-11-17 05:00:03.000000,1010,357.73291,384.15612359374995,-26.42321359374995,-21.70996852258562,-4.71324507116433,2017-11-17 00:00:00.000000
D2,2017-11-17 05:05:00.000000,1010,360.659011,384.15612359374995,-23.497112593749932,-21.724295948537176,-1.7728166452127567,2017-11-17 00:00:00.000000
D2,2017-11-17 05:10:05.000000,1010,363.677127,384.31145168750004,-20.634324687500055,-21.728250258964277,1.0939255714642222,2017-11-17 00:00:00.000000
D2,2017-11-17 05:15:03.000000,1010,359.127045,384.22395651567945,-25.096911515679437,-21.721582398205058,-3.3753291174743794,2017-11-17 00:00:00.000000
D2,2017-11-17 05:20:03.000000,1010,362.727283,384.4098975121107,-21.682614512110717,-21.70435877467125,0.021744262560531524,2017-11-17 00:00:00.000000
D2,2017-11-17 05:25:02.000000,1010,360.827551,384.46247085069444,-23.634919850694416,-21.676707203069043,-1.9582126476253734,2017-11-17 00:00:00.000000
D2,2017-11-17 05:30:00.000000,1010,352.110507,384.46247085069444,-32.35196385069446,-21.638745711369552,-10.713218139324908,2017-11-17 00:00:00.000000
D2,2017-11-17 05:35:03.000000,1010,359.065739,384.4510345121951,-25.385295512195114,-21.589517895707438,-3.795777616487676,2017-11-17 00:00:00.000000
D2,2017-11-17 05:40:05.000000,1010,368.395548,384.5409860520833,-16.145438052083307,-21.529811373696205,5.384373321612898,2017-11-17 00:00:00.000000
D2,2017-11-17 05:45:03.000000,1010,359.44877,384.48994822299653,-25.041178222996507,-21.460510327096483,-3.5806678959000244,2017-11-17 00:00:00.000000
D2,2017-11-17 05:50:02.000000,1010,362.558788,384.59008020761246,-22.031292207612466,-21.380641517878,-0.6506506897344657,2017-11-17 00:00:00.000000
D2,2017-11-17 05:55:03.000000,1010,359.448837,384.4791655783972,-25.03032857839719,-21.28982004026771,-3.740508538129479,2017-11-17 00:00:00.000000
D2,2017-11-17 06:00:02.000000,1010,367.016767,384.5192293854167,-17.502462385416663,-21.18929571538765,3.6868333299709874,2017-11-17 00:00:00.000000
D2,2017-11-17 06:05:03.000000,1010,367.200705,384.48702803114185,-17.28632303114182,-21.077771953883488,3.791448922741669,2017-11-17 00:00:00.000000
D2,2017-11-17 06:10:03.000000,1010,371.03061,384.46459896874995,-13.43398896874993,-20.95636181982434,7.522372851074412,2017-11-17 00:00:00.000000
D2,2017-11-17 06:15:03.000000,1010,367.124112,384.46459896874995,-17.34048696874993,-20.824769713528283,3.484282744778355,2017-11-17 00:00:00.000000
D2,2017-11-17 06:20:03.000000,1010,352.141126,384.38420241114983,-32.24307641114984,-20.683058265710915,-11.560018145438928,2017-11-17 00:00:00.000000
D2,2017-11-17 06:25:03.000000,1010,370.555744,384.45628152595157,-13.900537525951563,-20.531294923346316,6.630757397394753,2017-11-17 00:00:00.000000
D2,2017-11-17 06:30:01.000000,1010,366.725794,384.41087178124997,-17.68507778124996,-20.37066308130177,2.6855853000518124,2017-11-17 00:00:00.000000
D2,2017-11-17 06:35:04.000000,1010,359.556004,384.52996607612454,-24.973962076124565,-20.19731760742122,-4.776644468703346,2017-11-17 00:00:00.000000
D2,2017-11-17 06:40:02.000000,1010,367.874775,384.4881107118056,-16.613335711805576,-20.017060661021336,3.4037249492157606,2017-11-17 00:00:00.000000
D2,2017-11-17 06:45:04.000000,1010,362.865114,384.51922937847223,-21.654115378472227,-19.824584739891666,-1.829530638580561,2017-11-17 00:00:00.000000
D2,2017-11-17 06:50:03.000000,1010,363.75363,384.4817811986063,-20.728151198606326,-19.624393340094795,-1.103757858511532,2017-11-17 00:00:00.000000
D2,2017-11-17 06:55:01.000000,1010,365.147765,384.5689664305556,-19.421201430555584,-19.415434413547008,-0.005767017008576403,2017-11-17 00:00:00.000000
D2,2017-11-17 07:00:00.000000,1010,360.536423,384.61519215972226,-24.078769159722242,-19.19640439802717,-4.882364761695072,2017-11-17 00:00:00.000000
D2,2017-11-17 07:05:03.000000,1010,359.157619,384.69376021180557,-25.536141211805557,-18.964975468391938,-6.571165743413619,2017-11-17 00:00:00.000000
D2,2017-11-17 07:10:04.000000,1010,369.360857,384.7652005416667,-15.404343541666663,-18.72574715044175,3.321403608775089,2017-11-17 00:00:00.000000
D2,2017-11-17 07:15:03.000000,1010,358.39167,384.7652005416667,-26.373530541666696,-18.479018213855877,-7.894512327810819,2017-11-17 00:00:00.000000
D2,2017-11-17 07:20:03.000000,1010,362.313633,384.83620715570936,-22.52257415570938,-18.222476342734456,-4.300097812974922,2017-11-17 00:00:00.000000
D2,2017-11-17 07:25:01.000000,1010,352.187077,384.80296835069447,-32.61589135069448,-17.958852294889887,-14.657039055804596,2017-11-17 00:00:00.000000
D2,2017-11-17 07:30:04.000000,1010,362.574097,384.8152026909722,-22.241105690972233,-17.681948136260846,-4.559157554711387,2017-11-17 00:00:00.000000
D2,2017-11-17 07:35:02.000000,1010,353.99484,384.8720674652778,-30.87722746527777,-17.401032306385147,-13.476195158892622,2017-11-17 00:00:00.000000
D2,2017-11-17 07:40:00.000000,1010,355.603511,384.8720674652778,-29.268556465277754,-17.111739464529727,-12.156817000748028,2017-11-17 00:00:00.000000
D2,2017-11-17 07:45:02.000000,1010,359.479411,384.9163784861111,-25.436967486111087,-16.810156305207137,-8.62681118090395,2017-11-17 00:00:00.000000
D2,2017-11-17 07:50:03.000000,1010,365.791216,385.0066883391004,-19.21547233910036,-16.501294462139548,-2.714177876960811,2017-11-17 00:00:00.000000
D2,2017-11-17 07:55:02.000000,1010,361.379054,384.9642271219512,-23.585173121951186,-16.186449799000815,-7.398723322950371,2017-11-17 00:00:00.000000
D2,2017-11-17 08:00:01.000000,1010,357.45718,385.0187248402778,-27.561544840277804,-15.863746038442821,-11.697798801834983,2017-11-17 00:00:00.000000
D2,2017-11-17 08:05:04.000000,1010,376.270049,385.0856206782007,-8.81557167820074,-15.528864011520941,6.713292333320201,2017-11-17 00:00:00.000000
D2,2017-11-17 08:10:01.000000,1010,367.353802,385.06261020486113,-17.708808204861157,-15.193089468832827,-2.5157187360283295,2017-11-17 00:00:00.000000
D2,2017-11-17 08:15:01.000000,1010,372.424746,385.10734657291664,-12.682600572916613,-14.846522030531746,2.1639214576151335,2017-11-17 00:00:00.000000
D2,2017-11-17 08:20:05.000000,1010,371.551517,385.21224631944443,-13.660729319444442,-14.487914306385022,0.8271849869405798,2017-11-17 00:00:00.000000
D2,2017-11-17 08:25:01.000000,1010,374.201956,385.21224631944443,-11.010290319444437,-14.13173350508439,3.1214431856399543,2017-11-17 00:00:00.000000
D2,2017-11-17 08:30:02.000000,1010,372.961051,385.22450740069684,-12.263456400696839,-13.76261494867125,1.4991585479744103,2017-11-17 00:00:00.000000
D2,2017-11-17 08:35:02.000000,1010,369.360813,385.29549571527775,-15.934682715277745,-13.387953102064088,-2.5467296132136568,2017-11-17 00:00:00.000000
D2,2017-11-17 08:40:03.000000,1010,360.536534,385.3177847395834,-24.781250739583356,-13.005429829155222,-11.775820910428134,2017-11-17 00:00:00.000000
D2,2017-11-17 08:45:03.000000,1010,370.157515,385.3046306933798,-15.147115693379817,-12.617768772704263,-2.529346920675554,2017-11-17 00:00:00.000000
D2,2017-11-17 08:50:02.000000,1010,364.48905,385.3549680278746,-20.865918027874557,-12.22521749151494,-8.640700536359617,2017-11-17 00:00:00.000000
D2,2017-11-17 08:55:03.000000,1010,363.416729,385.45372604844295,-22.03699704844297,-11.823994361952254,-10.213002686490716,2017-11-17 00:00:00.000000
D2,2017-11-17 09:00:03.000000,1010,372.669967,385.46597156747407,-12.796004567474085,-11.41825880128006,-1.3777457661940247,2017-11-17 00:00:00.000000
D2,2017-11-17 09:05:00.000000,1010,360.398658,385.42635544097226,-25.027697440972247,-11.011021956883878,-14.016675484088369,2017-11-17 00:00:00.000000
D2,2017-11-17 09:10:03.000000,1010,375.626688,385.5554583090278,-9.928770309027811,-10.590056418195804,0.6612861091679925,2017-11-17 00:00:00.000000
D2,2017-11-17 09:15:03.000000,1010,362.359562,385.55097927526134,-23.191417275261358,-10.167983775262822,-13.023433499998536,2017-11-17 00:00:00.000000
D2,2017-11-17 09:20:02.000000,1010,370.188046,385.62661781881536,-15.438571818815376,-9.742295736862715,-5.696276081952661,2017-11-17 00:00:00.000000
D2,2017-11-17 09:25:02.000000,1010,372.623927,385.7344152906574,-13.110488290657429,-9.310347609134826,-3.8001406815226026,2017-11-17 00:00:00.000000
D2,2017-11-17 09:30:03.000000,1010,366.296879,385.70950819791665,-19.412629197916658,-8.872297564259672,-10.540331633656987,2017-11-17 00:00:00.000000
D2,2017-11-17 09:35:00.000000,1010,373.849567,385.77749044097226,-11.927923440972279,-8.435696180370002,-3.4922272606022773,2017-11-17 00:00:00.000000
D2,2017-11-17 09:40:03.000000,1010,379.196196,385.90023101730105,-6.7040350173010665,-7.986010945017267,1.2819759277162008,2017-11-17 00:00:00.000000
D2,2017-11-17 09:45:05.000000,1010,372.532024,385.96063913194445,-13.428615131944468,-7.533740439735705,-5.894874692208764,2017-11-17 00:00:00.000000
D2,2017-11-17 09:50:04.000000,1010,369.422073,386.0243129826389,-16.602239982638878,-7.0821747858780455,-9.520065196760832,2017-11-17 00:00:00.000000
D2,2017-11-17 09:55:00.000000,1010,376.499939,386.0243129826389,-9.524373982638906,-6.631637710979268,-2.892736271659638,2017-11-17 00:00:00.000000
D2,2017-11-17 10:00:03.000000,1010,380.498517,386.0941176480836,-5.595600648083632,-6.167055595263725,0.5714549471800927,2017-11-17 00:00:00.000000
D2,2017-11-17 10:05:04.000000,1010,382.413492,386.14296050174215,-3.729468501742133,-5.702364972804026,1.972896471061893,2017-11-17 00:00:00.000000
D2,2017-11-17 10:10:03.000000,1010,377.127991,386.24719758680556,-9.119206586805547,-5.2378493496434855,-3.881357237162061,2017-11-17 00:00:00.000000
D2,2017-11-17 10:15:03.000000,1010,387.652864,386.272099349481,1.3807646505190405,-4.769084098698482,6.149848749217522,2017-11-17 00:00:00.000000
D2,2017-11-17 10:20:03.000000,1010,377.786818,386.31244025605537,-8.525622256055385,-4.297841143011797,-4.227781113043588,2017-11-17 00:00:00.000000
D2,2017-11-17 10:25:02.000000,1010,381.938537,386.3333193229166,-4.394782322916626,-3.82592658426603,-0.5688557386505959,2017-11-17 00:00:00.000000
D2,2017-11-17 10:30:00.000000,1010,372.348153,386.3955039652778,-14.047350965277758,-3.353584875268867,-10.693766090008891,2017-11-17 00:00:00.000000
D2,2017-11-17 10:35:02.000000,1010,379.900996,386.5322669861111,-6.631270986111076,-2.873087993189368,-3.758182992921708,2017-11-17 00:00:00.000000
D2,2017-11-17 10:40:01.000000,1010,393.658187,386.5322669861111,7.125920013888901,-2.395790822851935,9.521710836740837,2017-11-17 00:00:00.000000
D2,2017-11-17 10:45:02.000000,1010,384.496962,386.67690256944445,-2.1799405694444545,-1.9139488987474964,-0.26599167069695806,2017-11-17 00:00:00.000000
D2,2017-11-17 10:50:03.000000,1010,388.939743,386.7215858541667,2.218157145833345,-1.4309806887231984,3.6491378345565435,2017-11-17 00:00:00.000000
D2,2017-11-17 10:55:03.000000,1010,380.498406,386.73525134602073,-6.236845346020743,-0.9487263392374228,-5.288119006783321,2017-11-17 00:00:00.000000
D2,2017-11-17 11:00:01.000000,1010,392.539914,386.78541910763886,5.754494892361151,-0.4690336714263532,6.223528563787505,2017-11-17 00:00:00.000000
D2,2017-11-17 11:05:02.000000,1010,386.79479,386.8743600972222,-0.07957009722224484,0.01591917921289454,-0.09548927643513938,2017-11-17 00:00:00.000000
D2,2017-11-17 11:10:02.000000,1010,384.650126,386.91819253472227,-2.2680665347222657,0.49946178306297107,-2.767528317785237,2017-11-17 00:00:00.000000
D2,2017-11-17 11:15:02.000000,1010,376.530536,387.00958075,-10.479044750000014,0.9829745491584863,-11.4620192991585,2017-11-17 00:00:00.000000
D2,2017-11-17 11:20:02.000000,1010,386.24342,387.1958137951389,-0.952393795138903,1.4662273516097537,-2.4186211467486567,2017-11-17 00:00:00.000000
D2,2017-11-17 11:25:01.000000,1010,383.914817,387.1958137951389,-3.28099679513889,1.9473820467944423,-5.228378841933332,2017-11-17 00:00:00.000000
D2,2017-11-17 11:30:00.000000,1010,391.176532,387.22012353819446,3.9564084618055517,2.4278225575502566,1.5285859042552952,2017-11-17 00:00:00.000000
D2,2017-11-17 11:35:03.000000,1010,388.066581,387.29358427777777,0.7729967222222172,2.913729034257525,-2.1407323120353077,2017-11-17 00:00:00.000000
D2,2017-11-17 11:40:02.000000,1010,377.648897,387.29358427777777,-9.644687277777791,3.3920430356907803,-13.03673031346857,2017-11-17 00:00:00.000000
D2,2017-11-17 11:45:01.000000,1010,392.019053,387.3070955798611,4.711957420138901,3.8689598483562104,0.842997571782691,2017-11-17 00:00:00.000000
D2,2017-11-17 11:50:02.000000,1010,386.274017,387.3431080763889,-1.0690910763888724,4.347427251614208,-5.416518328003081,2017-11-17 00:00:00.000000
D2,2017-11-17 11:55:03.000000,1010,390.854851,387.41162252083336,3.4432284791666348,4.824020965369256,-1.3807924862026209,2017-11-17 00:00:00.000000
D2,2017-11-17 12:00:02.000000,1010,391.237593,387.4261446076389,3.8114483923611147,5.2953673097471015,-1.4839189173859868,2017-11-17 00:00:00.000000
D2,2017-11-17 12:05:00.000000,1010,388.418903,387.4345485972222,0.9843544027777966,5.762851962861819,-4.7784975600840225,2017-11-17 00:00:00.000000
D2,2017-11-17 12:10:02.000000,1010,386.948109,387.46444415624995,-0.5163351562499656,6.2340587523113955,-6.750393908561361,2017-11-17 00:00:00.000000
D2,2017-11-17 12:15:02.000000,1010,389.981556,387.5178940692041,2.463661930795922,6.699377070375447,-4.235715139579525,2017-11-17 00:00:00.000000
D2,2017-11-17 12:20:00.000000,1010,388.357531,387.5828015833333,0.7747294166666734,7.158642829989597,-6.383913413322923,2017-11-17 00:00:00.000000
D2,2017-11-17 12:25:03.000000,1010,391.345027,387.6232830277778,3.721743972222214,7.622376533615694,-3.90063256139348,2017-11-17 00:00:00.000000
D2,2017-11-17 12:30:02.000000,1010,389.092951,387.67757405226484,1.415376947735183,8.076569387324355,-6.661192439589172,2017-11-17 00:00:00.000000
D2,2017-11-17 12:35:04.000000,1010,395.542698,387.73504486111113,7.807653138888838,8.531652162207308,-0.7239990233184699,2017-11-17 00:00:00.000000
D2,2017-11-17 12:40:01.000000,1010,396.186015,387.8177498327526,8.368265167247387,8.975393788915394,-0.6071286216680072,2017-11-17 00:00:00.000000
D2,2017-11-17 12:45:00.000000,1010,395.190309,387.81223024999997,7.378078750000043,9.418099731926384,-2.0400209819263413,2017-11-17 00:00:00.000000
D2,2017-11-17 12:50:03.000000,1010,403.003461,387.8847875243056,15.118673475694436,9.862395452092835,5.256278023601601,2017-11-17 00:00:00.000000
D2,2017-11-17 12:55:04.000000,1010,402.084347,387.9196301493056,14.16471685069439,10.299227949540725,3.8654889011536646,2017-11-17 00:00:00.000000
D2,2017-11-17 13:00:05.000000,1010,413.727404,387.9722923125,25.755111687500005,10.731335107083806,15.023776580416198,2017-11-17 00:00:00.000000
D2,2017-11-17 13:05:03.000000,1010,395.711126,387.9844928823529,7.726633117647054,11.154277342613135,-3.4276442249660803,2017-11-17 00:00:00.000000
D2,2017-11-17 13:10:03.000000,1010,406.573079,388.0106802629758,18.562398737024182,11.574973719388863,6.987425017635319,2017-11-17 00:00:00.000000
D2,2017-11-17 13:15:00.000000,1010,410.127255,388.05495712152776,22.072297878472227,11.986241854778132,10.086056023694095,2017-11-17 00:00:00.000000
D2,2017-11-17 13:20:04.000000,1010,405.102262,388.10974755555554,16.992514444444453,12.401622129631019,4.590892314813434,2017-11-17 00:00:00.000000
D2,2017-11-17 13:25:05.000000,1010,400.521628,388.1596970868056,12.361930913194442,12.807142697327034,-0.4452117841325922,2017-11-17 00:00:00.000000
D2,2017-11-17 13:30:04.000000,1010,410.816768,388.1402908719723,22.676477128027727,13.204101197314108,9.47237593071362,2017-11-17 00:00:00.000000
D2,2017-11-17 13:35:05.000000,1010,409.606393,388.2997582569444,21.30663474305561,13.597617705412858,7.709017037642752,2017-11-17 00:00:00.000000
D2,2017-11-17 13:40:03.000000,1010,403.156691,388.37540949825785,14.781281501742171,13.981001011999592,0.8002804897425797,2017-11-17 00:00:00.000000
D2,2017-11-17 13:45:05.000000,1010,404.520229,388.3833274548611,16.13690154513887,14.363040292432892,1.7738612527059772,2017-11-17 00:00:00.000000
D2,2017-11-17 13:50:01.000000,1010,412.701035,388.458949738676,24.242085261324007,14.730972584986343,9.511112676337664,2017-11-17 00:00:00.000000
D2,2017-11-17 13:55:04.000000,1010,403.386447,388.3872668788928,14.999180121107202,15.100744752174608,-0.1015646310674061,2017-11-17 00:00:00.000000
D2,2017-11-17 14:00:01.000000,1010,403.478483,388.4772688229167,15.001214177083284,15.456286372299449,-0.4550721952161645,2017-11-17 00:00:00.000000
D2,2017-11-17 14:05:05.000000,1010,406.894849,388.5137069722222,18.3811420277778,15.812950563920964,2.5681914638568344,2017-11-17 00:00:00.000000
D2,2017-11-17 14:10:01.000000,1010,415.550566,388.5137069722222,27.03685902777778,16.153009657099535,10.883849370678245,2017-11-17 00:00:00.000000
D2,2017-11-17 14:15:03.000000,1010,414.324992,388.5533899583333,25.77160204166671,16.49245590646361,9.2791461352031,2017-11-17 00:00:00.000000
D2,2017-11-17 14:20:01.000000,1010,411.214997,388.6053608263889,22.60963617361108,16.819816187014794,5.789819986596285,2017-11-17 00:00:00.000000
D2,2017-11-17 14:25:05.000000,1010,418.384765,388.70419633333336,29.68056866666666,17.145838819145425,12.534729847521234,2017-11-17 00:00:00.000000
D2,2017-11-17 14:30:05.000000,1010,408.380686,388.68882309027777,19.69186290972226,17.45956673159347,2.2322961781287916,2017-11-17 00:00:00.000000
D2,2017-11-17 14:35:04.000000,1010,418.675804,388.68882309027777,29.986980909722263,17.764187581712072,12.22279332801019,2017-11-17 00:00:00.000000
D2,2017-11-17 14:40:00.000000,1010,423.63958,388.68621646875005,34.95336353124998,18.057683352741527,16.89568017850845,2017-11-17 00:00:00.000000
D2,2017-11-17 14:45:03.000000,1010,410.924002,388.70580676470587,22.218195235294104,18.349662457393645,3.868532777900459,2017-11-17 00:00:00.000000
D2,2017-11-17 14:50:01.000000,1010,413.681587,388.7216568650519,24.95993013494808,18.628341331534838,6.3315888034132435,2017-11-17 00:00:00.000000
D2,2017-11-17 14:55:04.000000,1010,422.735666,388.78882862847223,33.94683737152775,18.90293592868622,15.04390144284153,2017-11-17 00:00:00.000000
D2,2017-11-17 15:00:03.000000,1010,420.881885,388.78882862847223,32.09305637152778,19.165117285712988,12.927939085814792,2017-11-17 00:00:00.000000
D2,2017-11-17 15:05:00.000000,1010,421.693875,388.8318627638889,32.86201223611107,19.416779473908917,13.445232762202153,2017-11-17 00:00:00.000000
D2,2017-11-17 15:10:02.000000,1010,413.191299,388.83111808333337,24.36018091666665,19.66359921115854,4.696581705508109,2017-11-17 00:00:00.000000
D2,2017-11-17 15:15:02.000000,1010,416.117423,388.9038879166667,27.213535083333284,19.899603206031163,7.313931877302121,2017-11-17 00:00:00.000000
D2,2017-11-17 15:20:03.000000,1010,417.097953,388.92261845328716,28.17533454671286,20.127084137045976,8.048250409666885,2017-11-17 00:00:00.000000
D2,2017-11-17 15:25:01.000000,1010,416.423839,389.0079360451389,27.41590295486111,20.343004633318145,7.072898321542965,2017-11-17 00:00:00.000000
D2,2017-11-17 15:30:01.000000,1010,416.086826,389.05150238194443,27.035323618055543,20.550931325301857,6.484392292753686,2017-11-17 00:00:00.000000
D2,2017-11-17 15:35:00.000000,1010,415.397402,389.0801742916667,26.31722770833329,20.74863959575344,5.568588112579853,2017-11-17 00:00:00.000000
D2,2017-11-17 15:40:05.000000,1010,426.611544,389.1218256875,37.489718312499974,20.940420637693414,16.54929767480656,2017-11-17 00:00:00.000000
D2,2017-11-17 15:45:02.000000,1010,424.987675,389.18991463541664,35.79776036458338,21.117478887622745,14.680281476960637,2017-11-17 00:00:00.000000
D2,2017-11-17 15:50:02.000000,1010,422.919582,389.2334366445993,33.6861453554007,21.28653164348786,12.399613711912838,2017-11-17 00:00:00.000000
D2,2017-11-17 15:55:02.000000,1010,412.486588,389.09490308650516,23.391684913494828,21.44566104216878,1.946023871326048,2017-11-17 00:00:00.000000
D2,2017-11-17 16:00:01.000000,1010,430.640675,389.18278706944443,41.45788793055556,21.594310935077463,19.863576995478095,2017-11-17 00:00:00.000000
D2,2017-11-17 16:05:02.000000,1010,418.522596,389.22502351388886,29.297572486111164,21.733851579103877,7.563720907007287,2017-11-17 00:00:00.000000
D2,2017-11-17 16:10:03.000000,1010,422.766263,389.331335728223,33.434927271776985,21.863188280912812,11.571738990864173,2017-11-17 00:00:00.000000
D2,2017-11-17 16:15:01.000000,1010,414.99904,389.25694009722224,25.74209990277774,21.981123160037228,3.7609767427405103,2017-11-17 00:00:00.000000
D2,2017-11-17 16:20:03.000000,1010,427.45422,389.2786429861111,38.175577013888926,22.090318510976346,16.08525850291258,2017-11-17 00:00:00.000000
D2,2017-11-17 16:25:02.000000,1010,416.071472,389.29055891666667,26.78091308333336,22.188140622458086,4.592772460875274,2017-11-17 00:00:00.000000
D2,2017-11-17 16:30:04.000000,1010,413.099353,389.3529031111111,23.74644988888889,22.276505219466912,1.4699446694219773,2017-11-17 00:00:00.000000
D2,2017-11-17 16:35:00.000000,1010,426.075373,389.3529031111111,36.722469888888895,22.35289273267928,14.369577156209616,2017-11-17 00:00:00.000000
D2,2017-11-17 16:40:03.000000,1010,423.225819,389.47599481249995,33.74982418750005,22.42056879882489,11.329255388675165,2017-11-17 00:00:00.000000
D2,2017-11-17 16:45:02.000000,1010,423.088099,389.47599481249995,33.61210418750005,22.476888603758223,11.135215583741829,2017-11-17 00:00:00.000000
D2,2017-11-17 16:50:02.000000,1010,414.447559,389.5553609340278,24.892198065972195,22.522924321331047,2.3692737446411485,2017-11-17 00:00:00.000000
D2,2017-11-17 16:55:01.000000,1010,424.65064,389.60557648958337,35.04506351041664,22.558347294123735,12.486716216292905,2017-11-17 00:00:00.000000
D2,2017-11-17 17:00:01.000000,1010,427.57672,389.67664424305553,37.90007575694449,22.583377596252127,15.316698160692361,2017-11-17 00:00:00.000000
D2,2017-11-17 17:05:04.000000,1010,415.857026,389.77414978125,26.082876218750016,22.597958952430577,3.4849172663194388,2017-11-17 00:00:00.000000
D2,2017-11-17 17:10:02.000000,1010,415.734393,389.77414978125,25.96024321875001,22.60180504688225,3.358438171867757,2017-11-17 00:00:00.000000
D2,2017-11-17 17:15:03.000000,1010,411.598072,389.7668093044983,21.83126269550172,22.595122981472688,-0.7638602859709671,2017-11-17 00:00:00.000000
D2,2017-11-17 17:20:00.000000,1010,410.586789,389.873197375,20.713591624999992,22.578123774987812,-1.86453214998782,2017-11-17 00:00:00.000000
D2,2017-11-17 17:25:00.000000,1010,420.744165,389.9076671145833,30.83649788541669,22.5504674959102,8.28603038950649,2017-11-17 00:00:00.000000
D2,2017-11-17 17:30:04.000000,1010,413.865369,389.9916072638889,23.873761736111078,22.511706187047984,1.3620555490630935,2017-11-17 00:00:00.000000
D2,2017-11-17 17:35:03.000000,1010,411.245661,389.9428026124568,21.30285838754321,22.463058478975064,-1.1602000914318538,2017-11-17 00:00:00.000000
D2,2017-11-17 17:40:02.000000,1010,402.068993,390.0500146388889,12.018978361111067,22.40399722023595,-10.385018859124884,2017-11-17 00:00:00.000000
D2,2017-11-17 17:45:03.000000,1010,406.205336,390.09709214236113,16.108243857638854,22.334050910364112,-6.2258070527252585,2017-11-17 00:00:00.000000
D2,2017-11-17 17:50:00.000000,1010,391.712704,390.1709793854167,1.541724614583302,22.254750652379894,-20.713026037796592,2017-11-17 00:00:00.000000
D2,2017-11-17 17:55:03.000000,1010,396.017542,390.1975231770833,5.820018822916666,22.163360623535336,-16.34334180061867,2017-11-17 00:00:00.000000
D2,2017-11-17 18:00:03.000000,1010,387.086051,390.3386111777004,-3.2525601777003885,22.062482914325095,-25.315043092025483,2017-11-17 00:00:00.000000
D2,2017-11-17 18:05:02.000000,1010,388.541381,390.29885867708333,-1.7574776770833296,21.951700145198107,-23.709177822281436,2017-11-17 00:00:00.000000
D2,2017-11-17 18:10:00.000000,1010,399.372625,390.3223703472222,9.050254652777824,21.831167005520598,-12.780912352742774,2017-11-17 00:00:00.000000
D2,2017-11-17 18:15:05.000000,1010,396.017497,390.3587554236111,5.658741576388877,21.697398987796642,-16.038657411407765,2017-11-17 00:00:00.000000
D2,2017-11-17 18:20:03.000000,1010,398.698622,390.2970714636678,8.401550536332195,21.556598848978542,-13.155048312646347,2017-11-17 00:00:00.000000
D2,2017-11-17 18:25:02.000000,1010,390.900647,390.42955738541673,0.4710896145832635,21.40535800320069,-20.934268388617426,2017-11-17 00:00:00.000000
D2,2017-11-17 18:30:01.000000,1010,407.093964,390.47924120138885,16.614722798611183,21.244203664569397,-4.6294808659582145,2017-11-17 00:00:00.000000
D2,2017-11-17 18:35:02.000000,1010,401.364304,390.4663869031142,10.897917096885806,21.072035325281423,-10.174118228395617,2017-11-17 00:00:00.000000
D2,2017-11-17 18:40:03.000000,1010,405.822328,390.6015883819444,15.220739618055632,20.88998013580944,-5.66924051775381,2017-11-17 00:00:00.000000
D2,2017-11-17 18:45:03.000000,1010,391.559429,390.57723111764705,0.9821978823529776,20.698778838926845,-19.716580956573868,2017-11-17 00:00:00.000000
D2,2017-11-17 18:50:04.000000,1010,409.591128,390.6885615034723,18.902566496527754,20.497248419511713,-1.594681922983959,2017-11-17 00:00:00.000000
D2,2017-11-17 18:55:03.000000,1010,405.761089,390.777553825784,14.983535174216001,20.287540980418278,-5.304005806202277,2017-11-17 00:00:00.000000
D2,2017-11-17 19:00:03.000000,1010,403.876734,390.8352716597222,13.041462340277803,20.067700145740407,-7.026237805462603,2017-11-17 00:00:00.000000
D2,2017-11-17 19:05:00.000000,1010,409.928141,390.8352716597222,19.092869340277787,19.840853787234263,-0.747984446956476,2017-11-17 00:00:00.000000
D2,2017-11-17 19:10:02.000000,1010,411.674576,390.91075451041667,20.763821489583336,19.600907719729378,1.162913769853958,2017-11-17 00:00:00.000000
D2,2017-11-17 19:15:04.000000,1010,401.777843,391.0700745818815,10.707768418118519,19.35171854570444,-8.64395012758592,2017-11-17 00:00:00.000000
D2,2017-11-17 19:20:01.000000,1010,394.638739,391.03267618402776,3.606062815972223,19.097756748442137,-15.491693932469914,2017-11-17 00:00:00.000000
D2,2017-11-17 19:25:01.000000,1010,399.066188,391.12512803125,7.941059968750039,18.832392878157528,-10.891332909407488,2017-11-17 00:00:00.000000
D2,2017-11-17 19:30:02.000000,1010,399.433886,391.21906955555556,8.21481644444441,18.557345460888666,-10.342529016444256,2017-11-17 00:00:00.000000
D2,2017-11-17 19:35:01.000000,1010,408.288895,391.25816694791666,17.03072805208336,18.275529643333822,-1.2448015912504609,2017-11-17 00:00:00.000000
D2,2017-11-17 19:40:01.000000,1010,406.511819,391.4881441567945,15.023674843205526,17.984295315534887,-2.96062047232936,2017-11-17 00:00:00.000000
D2,2017-11-17 19:45:02.000000,1010,400.537004,391.37196198269896,9.165042017301062,17.683696888474774,-8.518654871173712,2017-11-17 00:00:00.000000
D2,2017-11-17 19:50:02.000000,1010,407.783298,391.4827000069444,16.30059799305559,17.375874683507465,-1.0752766904518758,2017-11-17 00:00:00.000000
D2,2017-11-17 19:55:03.000000,1010,394.500907,391.59015306597223,2.9107539340277526,17.058924119810193,-14.14817018578244,2017-11-17 00:00:00.000000
D2,2017-11-17 20:00:00.000000,1010,396.921501,391.59015306597223,5.331347934027747,16.7383788286388,-11.407030894611054,2017-11-17 00:00:00.000000
D2,2017-11-17 20:05:02.000000,1010,404.351622,391.66239115972223,12.689230840277787,16.404640631817532,-3.715409791539745,2017-11-17 00:00:00.000000
D2,2017-11-17 20:10:01.000000,1010,402.850231,391.66435964930554,11.18587135069447,16.06663005210046,-4.880758701405991,2017-11-17 00:00:00.000000
D2,2017-11-17 20:15:03.000000,1010,402.038285,391.7653998501742,10.272885149825754,15.717727570620495,-5.444842420794741,2017-11-17 00:00:00.000000
D2,2017-11-17 20:20:01.000000,1010,405.500669,391.7016496493055,13.799019350694493,15.366221156093273,-1.5672018053987795,2017-11-17 00:00:00.000000
D2,2017-11-17 20:25:03.000000,1010,403.616314,391.72585268750004,11.890461312499951,15.00284431502449,-3.1123830025245383,2017-11-17 00:00:00.000000
D2,2017-11-17 20:30:03.000000,1010,405.669142,391.74133216666667,13.927809833333356,14.634917786953311,-0.7071079536199552,2017-11-17 00:00:00.000000
D2,2017-11-17 20:35:03.000000,1010,400.062138,391.7979310694444,8.264206930555588,14.260233709643432,-5.996026779087844,2017-11-17 00:00:00.000000
D2,2017-11-17 20:40:03.000000,1010,389.828281,391.7489194221453,-1.9206384221453163,13.878970412422863,-15.799608834568179,2017-11-17 00:00:00.000000
D2,2017-11-17 20:45:03.000000,1010,405.837704,391.80770779930793,14.02999620069204,13.491309355971909,0.5386868447201305,2017-11-17 00:00:00.000000
D2,2017-11-17 20:50:02.000000,1010,397.748779,391.85228936678203,5.896489633217982,13.09875807478258,-7.202268441564598,2017-11-17 00:00:00.000000
D2,2017-11-17 20:55:01.000000,1010,401.502225,391.94730061458336,9.554924385416655,12.700220480775004,-3.145296095358349,2017-11-17 00:00:00.000000
D2,2017-11-17 21:00:01.000000,1010,398.330901,392.00576114930556,6.325139850694427,12.294523186801698,-5.969383336107271,2017-11-17 00:00:00.000000
D2,2017-11-17 21:05:03.000000,1010,408.825134,392.0774134166667,16.74772058333332,11.880421472093465,4.867299111239854,2017-11-17 00:00:00.000000
D2,2017-11-17 21:10:01.000000,1010,396.98274,392.0475789792388,4.9351610207612,11.466393430372346,-6.531232409611146,2017-11-17 00:00:00.000000
D2,2017-11-17 21:15:04.000000,1010,410.985107,392.20823719512197,18.77686980487806,11.04010889725263,7.736760907625431,2017-11-17 00:00:00.000000
D2,2017-11-17 21:20:02.000000,1010,404.183149,392.1111386124568,12.07201038754323,10.61583632013034,1.4561740674128902,2017-11-17 00:00:00.000000
D2,2017-11-17 21:25:01.000000,1010,398.223556,392.1872604618056,6.036295538194395,10.185335840391039,-4.149040302196644,2017-11-17 00:00:00.000000
D2,2017-11-17 21:30:03.000000,1010,401.609348,392.19731383333334,9.412034166666672,9.745838147527294,-0.3338039808606226,2017-11-17 00:00:00.000000
D2,2017-11-17 21:35:03.000000,1010,391.697261,392.22284653125,-0.5255855312499875,9.304805190066336,-9.830390721316324,2017-11-17 00:00:00.000000
D2,2017-11-17 21:40:01.000000,1010,410.678736,392.22284653125,18.45588946875,8.862533396102965,9.593356072647037,2017-11-17 00:00:00.000000
D2,2017-11-17 21:45:00.000000,1010,398.407605,392.20311158680556,6.204493413194427,8.414800846243436,-2.2103074330490085,2017-11-17 00:00:00.000000
D2,2017-11-17 21:50:03.000000,1010,402.620474,392.2145609134948,10.405913086505223,7.95723166623895,2.448681420266272,2017-11-17 00:00:00.000000
D2,2017-11-17 21:55:00.000000,1010,400.368376,392.2937014965278,8.074674503472238,7.505178294246889,0.569496209225349,2017-11-17 00:00:00.000000
D2,2017-11-17 22:00:03.000000,1010,389.950825,392.32721368750003,-2.3763886875000253,7.040596178531375,-9.4169848660314,2017-11-17 00:00:00.000000
D2,2017-11-17 22:05:04.000000,1010,404.366932,392.34035381314874,12.026578186851282,6.575905556071687,5.450672630779595,2017-11-17 00:00:00.000000
D2,2017-11-17 22:10:01.000000,1010,400.705366,392.37482208333336,8.33054391666667,6.114506219053233,2.2160376976134373,2017-11-17 00:00:00.000000
D2,2017-11-17 22:15:01.000000,1010,393.443807,392.3665771041667,1.077229895833284,5.645758236156862,-4.568528340323578,2017-11-17 00:00:00.000000
D2,2017-11-17 22:20:02.000000,1010,393.014825,392.3198193263889,0.6950056736110923,5.172956404221736,-4.477950730610644,2017-11-17 00:00:00.000000
D2,2017-11-17 22:25:04.000000,1010,397.519,392.33343702083334,5.1855629791666615,4.696303513882511,0.48925946528415043,2017-11-17 00:00:00.000000
D2,2017-11-17 22:30:03.000000,1010,392.861662,392.4030721567944,0.4585898432056297,4.222360917684162,-3.763771074478532,2017-11-17 00:00:00.000000
D2,2017-11-17 22:35:01.000000,1010,395.205574,392.39487659375004,2.8106974062499717,3.7482223881281564,-0.9375249818781848,2017-11-17 00:00:00.000000
D2,2017-11-17 22:40:01.000000,1010,390.272595,392.3837588159722,-2.1111638159721906,3.2693314061195764,-5.380495222091767,2017-11-17 00:00:00.000000
D2,2017-11-17 22:45:01.000000,1010,393.520444,392.3489169652778,1.171527034722203,2.7890922784314762,-1.6175652437092731,2017-11-17 00:00:00.000000
D2,2017-11-17 22:50:02.000000,1010,398.713843,392.36099206250003,6.352850937499966,2.306127427377959,4.046723510122007,2017-11-17 00:00:00.000000
D2,2017-11-17 22:55:00.000000,1010,390.670913,392.3718967430556,-1.7009837430555876,1.8270931129389485,-3.528076855994536,2017-11-17 00:00:00.000000
D2,2017-11-17 23:00:02.000000,1010,397.549575,392.41091942857145,5.138655571428558,1.3409637055685382,3.7976918658600196,2017-11-17 00:00:00.000000
D2,2017-11-17 23:05:02.000000,1010,392.677879,392.3904088888889,0.2874701111111335,0.8576214040547461,-0.5701512929436126,2017-11-17 00:00:00.000000
D2,2017-11-17 23:10:03.000000,1010,398.024508,392.4133222195122,5.611185780487801,0.3724669135581218,5.23871886692968,2017-11-17 00:00:00.000000
D2,2017-11-17 23:15:02.000000,1010,397.089996,392.369987851211,4.720008148788963,-0.1094339658908261,4.8294421146797895,2017-11-17 00:00:00.000000
D2,2017-11-17 23:20:01.000000,1010,395.082941,392.42498594791664,2.6579550520833664,-0.591076611829862,3.2490316639132284,2017-11-17 00:00:00.000000
D2,2017-11-17 23:25:01.000000,1010,389.675051,392.45137064930555,-2.776319649305549,-1.0738414635268119,-1.702478185778737,2017-11-17 00:00:00.000000
D2,2017-11-17 23:30:03.000000,1010,388.112377,392.4856804513889,-4.373303451388892,-1.5590980573400173,-2.814205394048875,2017-11-17 00:00:00.000000
D2,2017-11-17 23:35:02.000000,1010,386.932799,392.47044219377165,-5.5376431937716575,-2.038586647563031,-3.4990565462086263,2017-11-17 00:00:00.000000
D2,2017-11-17 23:40:03.000000,1010,391.927172,392.5374296724739,-0.6102576724738924,-2.520099946429938,1.9098422739560457,2017-11-17 00:00:00.000000
D2,2017-11-17 23:45:04.000000,1010,387.683439,392.5821217361111,-4.898682736111084,-3.000196537878277,-1.8984861982328072,2017-11-17 00:00:00.000000
D2,2017-11-17 23:50:03.000000,1010,396.002232,392.6041011951219,3.3981308048780647,-3.4754732649642057,6.873604069842271,2017-11-17 00:00:00.000000
D2,2017-11-17 23:55:03.000000,1010,385.523399,392.5946450069204,-7.071246006920433,-3.950480382101634,-3.1207656248187985,2017-11-17 00:00:00.000000
D3,2017-11-17 00:00:03.000000,1026,381.969134,371.94576292708336,10.023371072916632,3.946657670480523,6.076713402436109,2017-11-17 00:00:00.000000
D3,2017-11-17 00:05:04.000000,1026,368.701941,371.95039111805556,-3.2484501180555867,3.765571007888398,-7.014021125943985,2017-11-17 00:00:00.000000
D3,2017-11-17 00:10:03.000000,1026,374.21711,371.9741380484429,2.242971951557081,3.584342921812016,-1.341370970254935,2017-11-17 00:00:00.000000
D3,2017-11-17 00:15:04.000000,1026,383.638954,372.1256137048611,11.513340295138903,3.400635884420218,8.112704410718685,2017-11-17 00:00:00.000000
D3,2017-11-17 00:20:03.000000,1026,380.559756,372.15304773356405,8.406708266435942,3.216977942400223,5.189730324035718,2017-11-17 00:00:00.000000
D3,2017-11-17 00:25:02.000000,1026,369.682538,372.2352471875,-2.5527091874999996,3.032239378324396,-5.584948565824396,2017-11-17 00:00:00.000000
D3,2017-11-17 00:30:01.000000,1026,393.152701,372.31195322222226,20.84074777777772,2.8465075325734945,17.994240245204228,2017-11-17 00:00:00.000000
D3,2017-11-17 00:35:01.000000,1026,384.404971,372.39323452083335,12.011736479166643,2.659244589576133,9.35249188959051,2017-11-17 00:00:00.000000
D3,2017-11-17 00:40:00.000000,1026,371.36769,372.46807884722216,-1.1003888472221774,2.471787453781279,-3.5721763010034566,2017-11-17 00:00:00.000000
D3,2017-11-17 00:45:02.000000,1026,377.403809,372.6236211764706,4.780187823529445,2.2817104688855103,2.498477354643935,2017-11-17 00:00:00.000000
D3,2017-11-17 00:50:00.000000,1026,374.125296,372.7062310729167,1.4190649270832978,2.093512221898764,-0.6744472948154661,2017-11-17 00:00:00.000000
D3,2017-11-17 00:55:02.000000,1026,378.016596,372.93055277003486,5.086043229965128,1.9022313870549523,3.183811842910176,2017-11-17 00:00:00.000000
D3,2017-11-17 01:00:04.000000,1026,383.347915,372.9500210347222,10.397893965277774,1.710482256458707,8.687411708819067,2017-11-17 00:00:00.000000
D3,2017-11-17 01:05:04.000000,1026,383.914795,373.19790713541664,10.716887864583384,1.519630697492818,9.197257167090566,2017-11-17 00:00:00.000000
D3,2017-11-17 01:10:03.000000,1026,365.88323,373.2337494808362,-7.350519480836169,1.3291365916402693,-8.679656072476439,2017-11-17 00:00:00.000000
D3,2017-11-17 01:15:01.000000,1026,377.618278,373.29441456055366,4.323863439446313,1.139092340724341,3.1847710987219724,2017-11-17 00:00:00.000000
D3,2017-11-17 01:20:01.000000,1026,376.545935,373.31897789236115,3.226957107638839,0.9476742553351207,2.279282852303718,2017-11-17 00:00:00.000000
D3,2017-11-17 01:25:01.000000,1026,379.303474,373.4397292326389,5.863744767361084,0.7562483734986789,5.107496393862405,2017-11-17 00:00:00.000000
D3,2017-11-17 01:30:04.000000,1026,368.763336,373.61530907317075,-4.851973073170768,0.5629931067789933,-5.4149661799497615,2017-11-17 00:00:00.000000
D3,2017-11-17 01:35:01.000000,1026,382.643248,373.66394411458333,8.979303885416698,0.3737376142408322,8.605566271175865,2017-11-17 00:00:00.000000
D3,2017-11-17 01:40:02.000000,1026,371.796627,373.8244849861111,-2.027857986111087,0.18219899373477233,-2.2100569798458594,2017-11-17 00:00:00.000000
D3,2017-11-17 01:45:02.000000,1026,375.029211,373.91448976736115,1.1147212326388285,-0.008346264388953362,1.1230674970277819,2017-11-17 00:00:00.000000
D3,2017-11-17 01:50:00.000000,1026,369.176896,373.97789775347223,-4.801001753472235,-0.19717866467146195,-4.603823088800773,2017-11-17 00:00:00.000000
D3,2017-11-17 01:55:04.000000,1026,371.000058,374.0541255173611,-3.0540675173610907,-0.3892663803642922,-2.6648011369967985,2017-11-17 00:00:00.000000
D3,2017-11-17 02:00:02.000000,1026,377.342415,374.2015286020761,3.1408863979239072,-0.5769370839331254,3.7178234818570326,2017-11-17 00:00:00.000000
D3,2017-11-17 02:05:01.000000,1026,372.394104,374.2683926458333,-1.8742886458332464,-0.7645255898063015,-1.109763056026945,2017-11-17 00:00:00.000000
D3,2017-11-17 02:10:02.000000,1026,383.792273,374.3831951245675,9.409077875432502,-0.9525588606364961,10.361636736068998,2017-11-17 00:00:00.000000
D3,2017-11-17 02:15:03.000000,1026,388.434102,374.49335314634146,13.940748853658533,-1.1396895327330445,15.080438386391577,2017-11-17 00:00:00.000000
D3,2017-11-17 02:20:02.000000,1026,375.412175,374.5987877785467,0.8133872214532971,-1.3245946176796228,2.13798183913292,2017-11-17 00:00:00.000000
D3,2017-11-17 02:25:01.000000,1026,366.802298,374.6409659861111,-7.838667986111091,-1.5084331678140073,-6.330234818297083,2017-11-17 00:00:00.000000
D3,2017-11-17 02:30:02.000000,1026,376.622483,374.7364498784722,1.8860331215278165,-1.6923361638538426,3.578369285381659,2017-11-17 00:00:00.000000
D3,2017-11-17 02:35:04.000000,1026,374.109942,374.8539325226481,-0.7439905226481187,-1.8755867206846748,1.131596198036556,2017-11-17 00:00:00.000000
D3,2017-11-17 02:40:03.000000,1026,373.926226,375.0064372076125,-1.0802112076125354,-2.055683506287937,0.9754722986754016,2017-11-17 00:00:00.000000
D3,2017-11-17 02:45:03.000000,1026,371.306407,375.1131984216028,-3.8067914216028385,-2.234963257271113,-1.5718281643317256,2017-11-17 00:00:00.000000
D3,2017-11-17 02:50:01.000000,1026,368.702052,375.19158116666665,-6.489529166666671,-2.4115560660120816,-4.077973100654589,2017-11-17 00:00:00.000000
D3,2017-11-17 02:55:03.000000,1026,368.012606,375.35516885714287,-7.342562857142866,-2.588917249107125,-4.753645608035741,2017-11-17 00:00:00.000000
D3,2017-11-17 03:00:04.000000,1026,363.370667,375.5212268402778,-12.150559840277765,-2.7640018182916917,-9.386558021986072,2017-11-17 00:00:00.000000
D3,2017-11-17 03:05:02.000000,1026,378.736661,375.6036516816609,3.133009318339134,-2.93559750795056,6.0686068262896935,2017-11-17 00:00:00.000000
D3,2017-11-17 03:10:02.000000,1026,386.47322,375.60745520138886,10.865764798611167,-3.106510369077632,13.9722751676888,2017-11-17 00:00:00.000000
D3,2017-11-17 03:15:03.000000,1026,372.930387,375.85108514583334,-2.9206981458333416,-3.276061454250279,0.3553633084169374,2017-11-17 00:00:00.000000
D3,2017-11-17 03:20:03.000000,1026,387.23917,375.87135058536586,11.367819414634141,-3.4430435255872522,14.810862940221394,2017-11-17 00:00:00.000000
D3,2017-11-17 03:25:03.000000,1026,357.870741,375.9194395798611,-18.04869857986108,-3.6079436495082047,-14.440754930352877,2017-11-17 00:00:00.000000
D3,2017-11-17 03:30:02.000000,1026,380.575066,376.0322928269896,4.542773173010403,-3.770144551480594,8.312917724490998,2017-11-17 00:00:00.000000
D3,2017-11-17 03:35:03.000000,1026,377.618322,376.097442467128,1.5208795328719589,-3.9311851492380643,5.452064682110024,2017-11-17 00:00:00.000000
D3,2017-11-17 03:40:02.000000,1026,367.461058,376.16066847038326,-8.699610470383277,-4.0888493156498935,-4.6107611547333835,2017-11-17 00:00:00.000000
D3,2017-11-17 03:45:01.000000,1026,370.877469,376.2698308263889,-5.392361826388878,-4.244140067665153,-1.1482217587237251,2017-11-17 00:00:00.000000
D3,2017-11-17 03:50:01.000000,1026,365.638053,376.4184029201389,-10.78034992013886,-4.397490984196522,-6.382858935942338,2017-11-17 00:00:00.000000
D3,2017-11-17 03:55:02.000000,1026,363.493277,376.52771783680555,-13.034440836805572,-4.548804082086436,-8.485636754719136,2017-11-17 00:00:00.000000
D3,2017-11-17 04:00:04.000000,1026,364.887301,376.73900646874995,-11.85170546874997,-4.697981056517827,-7.153724412232142,2017-11-17 00:00:00.000000
D3,2017-11-17 04:05:02.000000,1026,371.995831,376.73900646874995,-4.743175468749939,-4.842521117380673,0.09934564863073359,2017-11-17 00:00:00.000000
D3,2017-11-17 04:10:02.000000,1026,371.030677,376.84459766319446,-5.813920663194438,-4.985292230210068,-0.8286284329843694,2017-11-17 00:00:00.000000
D3,2017-11-17 04:15:02.000000,1026,377.143345,376.99040281314876,0.1529421868512486,-5.125247368767951,5.2781895556192,2017-11-17 00:00:00.000000
D3,2017-11-17 04:20:03.000000,1026,371.781362,377.03615096180556,-5.254788961805559,-5.262771936938089,0.007982975132529546,2017-11-17 00:00:00.000000
D3,2017-11-17 04:25:05.000000,1026,374.462353,377.32877343055554,-2.866420430555536,-5.397770794354093,2.5313503637985573,2017-11-17 00:00:00.000000
D3,2017-11-17 04:30:02.000000,1026,364.795354,377.32877343055554,-12.533419430555568,-5.527557718975222,-7.005861711580346,2017-11-17 00:00:00.000000
D3,2017-11-17 04:35:03.000000,1026,369.728489,377.5153114602076,-7.786822460207588,-5.656018311620244,-2.1308041485873446,2017-11-17 00:00:00.000000
D3,2017-11-17 04:40:01.000000,1026,370.203511,377.54761520833335,-7.344104208333363,-5.780089653005261,-1.564014555328102,2017-11-17 00:00:00.000000
D3,2017-11-17 04:45:05.000000,1026,369.667228,377.8001295833334,-8.132901583333364,-5.903411043792794,-2.2294905395405706,2017-11-17 00:00:00.000000
D3,2017-11-17 04:50:02.000000,1026,365.454159,377.8057807804878,-12.35162178048779,-6.020667451519836,-6.3309543289679535,2017-11-17 00:00:00.000000
D3,2017-11-17 04:55:02.000000,1026,372.869059,378.005922,-5.136863000000005,-6.135815868703121,0.9989528687031157,2017-11-17 00:00:00.000000
D3,2017-11-17 05:00:03.000000,1026,371.566871,378.1354133055556,-6.568542305555582,-6.247967656379247,-0.3205746491763346,2017-11-17 00:00:00.000000
D3,2017-11-17 05:05:00.000000,1026,367.307962,378.1354133055556,-10.827451305555599,-6.355257789626185,-4.472193515929414,2017-11-17 00:00:00.000000
D3,2017-11-17 05:10:05.000000,1026,376.576398,378.31994489236115,-1.7435468923611666,-6.461899877074104,4.718352984712937,2017-11-17 00:00:00.000000
D3,2017-11-17 05:15:03.000000,1026,376.499939,378.3268737003484,-1.8269347003484313,-6.562582046063783,4.735647345715352,2017-11-17 00:00:00.000000
D3,2017-11-17 05:20:03.000000,1026,359.847043,378.42385627335636,-18.57681327335638,-6.6603850385212535,-11.916428234835125,2017-11-17 00:00:00.000000
D3,2017-11-17 05:25:02.000000,1026,371.474946,378.5518725486111,-7.076926548611084,-6.754266889385424,-0.32265965922565965,2017-11-17 00:00:00.000000
D3,2017-11-17 05:30:00.000000,1026,379.456593,378.5518725486111,0.9047204513889255,-6.844219444270802,7.748939895659728,2017-11-17 00:00:00.000000
D3,2017-11-17 05:35:03.000000,1026,363.278675,378.6195015331011,-15.340826533101051,-6.931937073670527,-8.408889459430524,2017-11-17 00:00:00.000000
D3,2017-11-17 05:40:05.000000,1026,371.153221,378.6542710659722,-7.501050065972208,-7.015566437296119,-0.4854836286760893,2017-11-17 00:00:00.000000
D3,2017-11-17 05:45:03.000000,1026,360.643791,378.6495536724738,-18.005762672473793,-7.094331238153481,-10.911431434320312,2017-11-17 00:00:00.000000
D3,2017-11-17 05:50:02.000000,1026,370.111564,378.6437419515571,-8.532177951557117,-7.169572313412082,-1.3626056381450349,2017-11-17 00:00:00.000000
D3,2017-11-17 05:55:03.000000,1026,373.17543,378.70779107665504,-5.532361076655036,-7.241448170180062,1.7090870935250262,2017-11-17 00:00:00.000000
D3,2017-11-17 06:00:02.000000,1026,375.764497,378.72741386111113,-2.9629168611111254,-7.308969703607799,4.346052842496674,2017-11-17 00:00:00.000000
D3,2017-11-17 06:05:03.000000,1026,383.393911,378.71997089965396,4.673940100346044,-7.373007824308582,12.046947924654626,2017-11-17 00:00:00.000000
D3,2017-11-17 06:10:03.000000,1026,366.511281,378.76534152777776,-12.254060527777767,-7.432874242158613,-4.821186285619154,2017-11-17 00:00:00.000000
D3,2017-11-17 06:15:03.000000,1026,364.887279,378.76534152777776,-13.878062527777786,-7.488759769260041,-6.389302758517744,2017-11-17 00:00:00.000000
D3,2017-11-17 06:20:03.000000,1026,370.295324,378.7766512369338,-8.481327236933794,-7.540637807128716,-0.9406894298050776,2017-11-17 00:00:00.000000
D3,2017-11-17 06:25:03.000000,1026,373.252001,378.79111135294113,-5.5391103529411225,-7.588483664628318,2.0493733116871953,2017-11-17 00:00:00.000000
D3,2017-11-17 06:30:01.000000,1026,360.934718,378.85226117708334,-17.91754317708336,-7.631996103678276,-10.285547073405084,2017-11-17 00:00:00.000000
D3,2017-11-17 06:35:04.000000,1026,374.860671,378.9193961349481,-4.058725134948077,-7.67211522672954,3.613390091781463,2017-11-17 00:00:00.000000
D3,2017-11-17 06:40:02.000000,1026,359.862398,378.90614690972217,-19.043748909722183,-7.707498180470872,-11.336250729251311,2017-11-17 00:00:00.000000
D3,2017-11-17 06:45:04.000000,1026,363.615888,378.95604320486115,-15.340155204861162,-7.7392169941877365,-7.600938210673426,2017-11-17 00:00:00.000000
D3,2017-11-17 06:50:03.000000,1026,367.552983,379.0004723937283,-11.44748939372829,-7.766500974967878,-3.6809884187604123,2017-11-17 00:00:00.000000
D3,2017-11-17 06:55:01.000000,1026,377.005424,379.0518462013889,-2.046422201388907,-7.789602195851306,5.743179994462399,2017-11-17 00:00:00.000000
D3,2017-11-17 07:00:00.000000,1026,363.048897,379.1580222951389,-16.10912529513888,-7.8086647707043335,-8.300460524434548,2017-11-17 00:00:00.000000
D3,2017-11-17 07:05:03.000000,1026,369.345436,379.28574211458334,-9.940306114583336,-7.823766979227074,-2.1165391353562626,2017-11-17 00:00:00.000000
D3,2017-11-17 07:10:04.000000,1026,375.703348,379.31723281597226,-3.6138848159722556,-7.83456082270573,4.220676006733474,2017-11-17 00:00:00.000000
D3,2017-11-17 07:15:03.000000,1026,357.089481,379.31723281597226,-22.227751815972283,-7.841124790534712,-14.386627025437571,2017-11-17 00:00:00.000000
D3,2017-11-17 07:20:03.000000,1026,353.044863,379.40581813840834,-26.360955138408315,-7.843542471266352,-18.51741266714196,2017-11-17 00:00:00.000000
D3,2017-11-17 07:25:01.000000,1026,354.117362,379.4077693368056,-25.290407336805572,-7.841809357459665,-17.448597979345905,2017-11-17 00:00:00.000000
D3,2017-11-17 07:30:04.000000,1026,362.451509,379.4817628958333,-17.03025389583331,-7.835822869644046,-9.194431026189266,2017-11-17 00:00:00.000000
D3,2017-11-17 07:35:02.000000,1026,351.788692,379.5602776354167,-27.77158563541667,-7.825783385454257,-19.945802249962412,2017-11-17 00:00:00.000000
D3,2017-11-17 07:40:00.000000,1026,363.738321,379.5602776354167,-15.821956635416711,-7.8116313915590805,-8.010325243857631,2017-11-17 00:00:00.000000
D3,2017-11-17 07:45:02.000000,1026,368.656034,379.62240896527777,-10.966374965277794,-7.793100573081646,-3.1732743921961477,2017-11-17 00:00:00.000000
D3,2017-11-17 07:50:03.000000,1026,355.20497,379.7749294152249,-24.5699594152249,-7.770444094662532,-16.799515320562367,2017-11-17 00:00:00.000000
D3,2017-11-17 07:55:02.000000,1026,368.686654,379.79198719163765,-11.10533319163767,-7.743810381108176,-3.361522810529493,2017-11-17 00:00:00.000000
D3,2017-11-17 08:00:01.000000,1026,361.731443,379.90061581944445,-18.16917281944444,-7.713075266947573,-10.456097552496868,2017-11-17 00:00:00.000000
D3,2017-11-17 08:05:04.000000,1026,375.488812,379.94869725605537,-4.459885256055372,-7.677759807235295,3.2178745511799223,2017-11-17 00:00:00.000000
D3,2017-11-17 08:10:01.000000,1026,382.964951,379.90811580555555,3.0568351944444316,-7.63908707867628,10.695922273120711,2017-11-17 00:00:00.000000
D3,2017-11-17 08:15:01.000000,1026,374.064058,379.9829075902778,-5.91884959027783,-7.595965138051319,1.6771155477734894,2017-11-17 00:00:00.000000
D3,2017-11-17 08:20:05.000000,1026,364.243917,380.0827539583333,-15.838836958333275,-7.548128293668813,-8.29070866466446,2017-11-17 00:00:00.000000
D3,2017-11-17 08:25:01.000000,1026,382.505283,380.0827539583333,2.422529041666735,-7.4975681725959,9.920097214262634,2017-11-17 00:00:00.000000
D3,2017-11-17 08:30:02.000000,1026,371.122624,380.1219808362369,-8.999356836236927,-7.44214920581468,-1.5572076304222477,2017-11-17 00:00:00.000000
D3,2017-11-17 08:35:02.000000,1026,376.316045,380.20924997569443,-3.8932049756944593,-7.382922378107851,3.4897174024133912,2017-11-17 00:00:00.000000
D3,2017-11-17 08:40:03.000000,1026,375.304985,380.23760254861116,-4.9326175486111765,-7.319521236768537,2.3869036881573606,2017-11-17 00:00:00.000000
D3,2017-11-17 08:45:03.000000,1026,381.494201,380.30742188153306,1.1867791184669159,-7.252397210694772,8.439176329161688,2017-11-17 00:00:00.000000
D3,2017-11-17 08:50:02.000000,1026,372.761803,380.3806590313589,-7.618856031358916,-7.181621354388922,-0.43723467696999485,2017-11-17 00:00:00.000000
D3,2017-11-17 08:55:03.000000,1026,371.490278,380.491894615917,-9.001616615916987,-7.106497979385472,-1.8951186365315147,2017-11-17 00:00:00.000000
D3,2017-11-17 09:00:03.000000,1026,375.44275,380.57390210380623,-5.131152103806244,-7.027792214282167,1.8966401104759232,2017-11-17 00:00:00.000000
D3,2017-11-17 09:05:00.000000,1026,383.087406,380.5932078923611,2.4941981076389084,-6.946141917754224,9.440340025393132,2017-11-17 00:00:00.000000
D3,2017-11-17 09:10:03.000000,1026,374.615539,380.7324706770833,-6.116931677083301,-6.8590556657569515,0.7421239886736508,2017-11-17 00:00:00.000000
D3,2017-11-17 09:15:03.000000,1026,369.697736,380.7514886968641,-11.05375269686408,-6.769105191793405,-4.284647505070676,2017-11-17 00:00:00.000000
D3,2017-11-17 09:20:02.000000,1026,381.310374,380.82985095470383,0.48052304529619505,-6.6758078358359825,7.1563308811321775,2017-11-17 00:00:00.000000
D3,2017-11-17 09:25:02.000000,1026,373.451204,380.91979557439447,-7.468591574394452,-6.5785839646268585,-0.8900076097675935,2017-11-17 00:00:00.000000
D3,2017-11-17 09:30:03.000000,1026,370.938752,380.9479621527778,-10.009210152777769,-6.477443880773139,-3.5317662720046297,2017-11-17 00:00:00.000000
D3,2017-11-17 09:35:00.000000,1026,377.081995,381.02227458680557,-3.940279586805559,-6.374168376439997,2.4338887896344374,2017-11-17 00:00:00.000000
D3,2017-11-17 09:40:03.000000,1026,386.779547,381.1886644013841,5.590882598615906,-6.265295064036648,11.856177662652554,2017-11-17 00:00:00.000000
D3,2017-11-17 09:45:05.000000,1026,373.619722,381.3514953020833,-7.7317733020832975,-6.153304258630589,-1.5784690434527082,2017-11-17 00:00:00.000000
D3,2017-11-17 09:50:04.000000,1026,377.86341,381.4152759375,-3.551865937499997,-6.0390595200262,2.487193582526203,2017-11-17 00:00:00.000000
D3,2017-11-17 09:55:00.000000,1026,378.016507,381.4152759375,-3.3987689374999945,-5.922714867412521,2.523945929912527,2017-11-17 00:00:00.000000
D3,2017-11-17 10:00:03.000000,1026,374.891357,381.52779207317076,-6.6364350731707304,-5.800329999999239,-0.8361050731714919,2017-11-17 00:00:00.000000
D3,2017-11-17 10:05:04.000000,1026,378.52217,381.60941,-3.0872400000000084,-5.6755168258461,2.5882768258460915,2017-11-17 00:00:00.000000
D3,2017-11-17 10:10:03.000000,1026,378.277038,381.7663588576389,-3.4893208576389156,-5.548398840124598,2.0590779824856824,2017-11-17 00:00:00.000000
D3,2017-11-17 10:15:03.000000,1026,380.866105,381.87557237024225,-1.0094673702422483,-5.417776935835495,4.408309565593247,2017-11-17 00:00:00.000000
D3,2017-11-17 10:20:03.000000,1026,386.25864,381.97332308304505,4.285316916954969,-5.284133217978292,9.56945013493326,2017-11-17 00:00:00.000000
D3,2017-11-17 10:25:02.000000,1026,381.999776,381.9611559826389,0.038620017361097325,-5.147991475888705,5.186611493249802,2017-11-17 00:00:00.000000
D3,2017-11-17 10:30:00.000000,1026,389.062354,382.0279147326389,7.034439267361108,-5.009445233771668,12.043884501132776,2017-11-17 00:00:00.000000
D3,2017-11-17 10:35:02.000000,1026,387.882531,382.20813777430556,5.674393225694416,-4.86619329098993,10.540586516684346,2017-11-17 00:00:00.000000
D3,2017-11-17 10:40:01.000000,1026,374.921932,382.20813777430556,-7.286205774305529,-4.721609478042934,-2.5645962962625948,2017-11-17 00:00:00.000000
D3,2017-11-17 10:45:02.000000,1026,384.359042,382.35426318402773,2.0047788159722586,-4.573359260856293,6.578138076828552,2017-11-17 00:00:00.000000
D3,2017-11-17 10:50:03.000000,1026,373.635076,382.4009147222222,-8.765838722222156,-4.422471632659796,-4.34336708956236,2017-11-17 00:00:00.000000
D3,2017-11-17 10:55:03.000000,1026,383.301919,382.4590572595156,0.842861740484409,-4.269532863272886,5.112394603757295,2017-11-17 00:00:00.000000
D3,2017-11-17 11:00:01.000000,1026,379.380156,382.51006946875003,-3.1299134687500327,-4.115162910118426,0.985249441368393,2017-11-17 00:00:00.000000
D3,2017-11-17 11:05:02.000000,1026,378.276993,382.57900964583337,-4.302016645833362,-3.9568333160304094,-0.3451833298029525,2017-11-17 00:00:00.000000
D3,2017-11-17 11:10:02.000000,1026,367.890018,382.65103456249994,-14.761016562499947,-3.796699288975528,-10.964317273524419,2017-11-17 00:00:00.000000
D3,2017-11-17 11:15:02.000000,1026,378.047215,382.7158254409722,-4.668610440972202,-3.6343149935151837,-1.0342954474570183,2017-11-17 00:00:00.000000
D3,2017-11-17 11:20:02.000000,1026,381.509511,382.86274885069446,-1.3532378506944838,-3.469757715779309,2.1165198650848254,2017-11-17 00:00:00.000000
D3,2017-11-17 11:25:01.000000,1026,392.23361,382.86274885069446,9.37086114930554,-3.3036646746314977,12.674525823937039,2017-11-17 00:00:00.000000
D3,2017-11-17 11:30:00.000000,1026,388.204346,382.92604982291664,5.278296177083348,-3.1355694373319736,8.413865614415322,2017-11-17 00:00:00.000000
D3,2017-11-17 11:35:03.000000,1026,376.22412,383.0581316527778,-6.834011652777747,-2.9632643194632444,-3.8707473333145024,2017-11-17 00:00:00.000000
D3,2017-11-17 11:40:02.000000,1026,380.146017,383.0581316527778,-2.9121146527778023,-2.791379916340244,-0.12073473643755817,2017-11-17 00:00:00.000000
D3,2017-11-17 11:45:01.000000,1026,384.129264,383.1061133159722,1.0231506840277689,-2.617735514172934,3.640886198200703,2017-11-17 00:00:00.000000
D3,2017-11-17 11:50:02.000000,1026,381.386967,383.19611825000004,-1.8091512500000135,-2.441235020795091,0.6320837707950773,2017-11-17 00:00:00.000000
D3,2017-11-17 11:55:03.000000,1026,381.938515,383.3027196111111,-1.36420461111112,-2.2631186682459905,0.8989140571348706,2017-11-17 00:00:00.000000
D3,2017-11-17 12:00:02.000000,1026,376.48454,383.4050654340278,-6.920525434027809,-2.084670325908008,-4.835855108119801,2017-11-17 00:00:00.000000
D3,2017-11-17 12:05:00.000000,1026,370.172736,383.4864526631944,-13.313716663194441,-1.905399969799911,-11.40831669339453,2017-11-17 00:00:00.000000
D3,2017-11-17 12:10:02.000000,1026,378.813254,383.56959597916665,-4.7563419791666774,-1.7223645728415347,-3.0339774063251426,2017-11-17 00:00:00.000000
D3,2017-11-17 12:15:02.000000,1026,387.469015,383.6474441038062,3.821570896193805,-1.5392739301133291,5.360844826307134,2017-11-17 00:00:00.000000
D3,2017-11-17 12:20:00.000000,1026,380.054048,383.6474735833333,-3.5934255833332713,-1.3562395752552152,-2.237186008078056,2017-11-17 00:00:00.000000
D3,2017-11-17 12:25:03.000000,1026,388.250275,383.8131741527778,4.4371008472222115,-1.1690332068308034,5.606134054053015,2017-11-17 00:00:00.000000
D3,2017-11-17 12:30:02.000000,1026,379.11967,383.78063224738673,-4.660962247386749,-0.9832981861479551,-3.6776640612387936,2017-11-17 00:00:00.000000
D3,2017-11-17 12:35:04.000000,1026,383.853467,383.8731777534722,-0.019710753472168108,-0.7947810567143212,0.7750703032421531,2017-11-17 00:00:00.000000
D3,2017-11-17 12:40:01.000000,1026,387.530343,383.91675088153306,3.613592118466954,-0.6085726339677819,4.222164752434736,2017-11-17 00:00:00.000000
D3,2017-11-17 12:45:00.000000,1026,386.764348,383.92413814583335,2.8402098541666305,-0.42038489926528566,3.260594753431916,2017-11-17 00:00:00.000000
D3,2017-11-17 12:50:03.000000,1026,388.939721,384.0606881493056,4.879032850694443,-0.22902808379727158,5.108060934491715,2017-11-17 00:00:00.000000
D3,2017-11-17 12:55:04.000000,1026,378.537413,384.1029244409722,-5.565511440972159,-0.038376362299379574,-5.52713507867278,2017-11-17 00:00:00.000000
D3,2017-11-17 13:00:05.000000,1026,394.608097,384.1119144895833,10.496182510416702,0.15273995118074923,10.343442559235953,2017-11-17 00:00:00.000000
D3,2017-11-17 13:05:03.000000,1026,379.931548,384.1510962422145,-4.2195482422145005,0.3423192163829567,-4.561867458597457,2017-11-17 00:00:00.000000
D3,2017-11-17 13:10:03.000000,1026,375.795272,384.16853696539795,-8.373264965397937,0.5334500097427339,-8.90671497514067,2017-11-17 00:00:00.000000
D3,2017-11-17 13:15:00.000000,1026,388.204435,384.23202761458333,3.972407385416659,0.7228563151537846,3.2495510702628745,2017-11-17 00:00:00.000000
D3,2017-11-17 13:20:04.000000,1026,400.368487,384.41012238194446,15.958364618055555,0.9168267181172864,15.041537899938268,2017-11-17 00:00:00.000000
D3,2017-11-17 13:25:05.000000,1026,386.58041,384.4374638611111,2.142946138888874,1.1088902125592144,1.0340559263296596,2017-11-17 00:00:00.000000
D3,2017-11-17 13:30:04.000000,1026,387.622201,384.45479192041523,3.167409079584786,1.299593494604013,1.867815584980773,2017-11-17 00:00:00.000000
D3,2017-11-17 13:35:05.000000,1026,395.971657,384.55172514583336,11.419931854166634,1.4913963056688404,9.928535548497795,2017-11-17 00:00:00.000000
D3,2017-11-17 13:40:03.000000,1026,387.760032,384.59616799651565,3.1638640034843775,1.681023401175998,1.4828406023083796,2017-11-17 00:00:00.000000
D3,2017-11-17 13:45:05.000000,1026,378.997126,384.6634866701389,-5.666360670138943,1.8728362108743188,-7.539196881013261,2017-11-17 00:00:00.000000
D3,2017-11-17 13:50:01.000000,1026,387.438374,384.71744691637633,2.7209270836236783,2.0603980891895763,0.660528994434102,2017-11-17 00:00:00.000000
D3,2017-11-17 13:55:04.000000,1026,390.931377,384.7531340899654,6.178242910034612,2.251852981747297,3.926389928287315,2017-11-17 00:00:00.000000
D3,2017-11-17 14:00:01.000000,1026,383.271345,384.8008878263889,-1.5295428263888766,2.4388950530812337,-3.9684378794701103,2017-11-17 00:00:00.000000
D3,2017-11-17 14:05:05.000000,1026,385.845213,384.9507901215278,0.8944228784721986,2.629616499123794,-1.7351936206515952,2017-11-17 00:00:00.000000
D3,2017-11-17 14:10:01.000000,1026,381.831214,384.9507901215278,-3.119576121527814,2.8145222113507424,-5.934098332878556,2017-11-17 00:00:00.000000
D3,2017-11-17 14:15:03.000000,1026,384.604108,384.9829724236111,-0.3788644236111054,3.0022761341160447,-3.38114055772715,2017-11-17 00:00:00.000000
D3,2017-11-17 14:20:01.000000,1026,394.853207,385.00510143055556,9.848105569444442,3.1865645363530697,6.661541033091373,2017-11-17 00:00:00.000000
D3,2017-11-17 14:25:05.000000,1026,388.32689,385.06808360416665,3.2588063958333464,3.3734715223576073,-0.11466512652426086,2017-11-17 00:00:00.000000
D3,2017-11-17 14:30:05.000000,1026,379.456682,385.1296826527778,-5.673000652777773,3.5567495045529136,-9.229750157330686,2017-11-17 00:00:00.000000
D3,2017-11-17 14:35:04.000000,1026,391.957769,385.1296826527778,6.828086347222211,3.738173322067678,3.089913025154533,2017-11-17 00:00:00.000000
D3,2017-11-17 14:40:00.000000,1026,401.82395,385.1878245451389,16.636125454861144,3.9164699881048146,12.719655466756329,2017-11-17 00:00:00.000000
D3,2017-11-17 14:45:03.000000,1026,397.687429,385.2138471764706,12.4735818235294,4.0975498586541175,8.376031964875283,2017-11-17 00:00:00.000000
D3,2017-11-17 14:50:01.000000,1026,385.906385,385.3027989515571,0.6035860484428781,4.274142667395086,-3.670556618952208,2017-11-17 00:00:00.000000
D3,2017-11-17 14:55:04.000000,1026,393.076108,385.4176247013889,7.658483298611088,4.452088365858074,3.206394932753014,2017-11-17 00:00:00.000000
D3,2017-11-17 15:00:03.000000,1026,394.470221,385.4176247013889,9.052596298611093,4.626009628412936,4.426586670198157,2017-11-17 00:00:00.000000
D3,2017-11-17 15:05:00.000000,1026,399.342006,385.49199075347224,13.85001524652779,4.797038423715783,9.052976822812006,2017-11-17 00:00:00.000000
D3,2017-11-17 15:10:02.000000,1026,402.421204,385.52023670138885,16.900967298611135,4.96909697046064,11.931870328150495,2017-11-17 00:00:00.000000
D3,2017-11-17 15:15:02.000000,1026,398.851741,385.50608680208336,13.345654197916645,5.138088055727615,8.20756614218903,2017-11-17 00:00:00.000000
D3,2017-11-17 15:20:03.000000,1026,390.073392,385.53821772664355,4.535174273356461,5.305630126970257,-0.7704558536137966,2017-11-17 00:00:00.000000
D3,2017-11-17 15:25:01.000000,1026,391.161089,385.5323116423611,5.62877735763891,5.469437983519668,0.15933937411924237,2017-11-17 00:00:00.000000
D3,2017-11-17 15:30:01.000000,1026,408.534028,385.6402432013889,22.89378479861108,5.632192336995537,17.261592461615543,2017-11-17 00:00:00.000000
D3,2017-11-17 15:35:00.000000,1026,380.544402,385.6766281145833,-5.132226114583318,5.792178061818644,-10.924404176401962,2017-11-17 00:00:00.000000
D3,2017-11-17 15:40:05.000000,1026,407.599427,385.79003871527783,21.80938828472216,5.953005929224521,15.85638235549764,2017-11-17 00:00:00.000000
D3,2017-11-17 15:45:02.000000,1026,390.548347,385.80706095486113,4.74128604513885,6.107241971338714,-1.365955926199864,2017-11-17 00:00:00.000000
D3,2017-11-17 15:50:02.000000,1026,399.081608,385.87733624390245,13.204271756097569,6.260584554405736,6.943687201691833,2017-11-17 00:00:00.000000
D3,2017-11-17 15:55:02.000000,1026,395.098451,385.8881926297578,9.21025837024223,6.411390683469442,2.7988676867727875,2017-11-17 00:00:00.000000
D3,2017-11-17 16:00:01.000000,1026,392.75445,385.9659527534722,6.788497246527811,6.559099000870487,0.22939824565732447,2017-11-17 00:00:00.000000
D3,2017-11-17 16:05:02.000000,1026,395.987034,386.03489331944445,9.952140680555544,6.705107718763678,3.2470329617918665,2017-11-17 00:00:00.000000
D3,2017-11-17 16:10:03.000000,1026,390.609585,386.1453032195122,4.464281780487795,6.848350063748712,-2.384068283260917,2017-11-17 00:00:00.000000
D3,2017-11-17 16:15:01.000000,1026,393.505112,386.1011198611111,7.403992138888896,6.9873722046882,0.4166199342006953,2017-11-17 00:00:00.000000
D3,2017-11-17 16:20:03.000000,1026,401.073154,386.0982473680556,14.974906631944407,7.125358538321098,7.849548093623309,2017-11-17 00:00:00.000000
D3,2017-11-17 16:25:02.000000,1026,400.766783,386.14431370138885,14.622469298611122,7.259031252142647,7.363438046468475,2017-11-17 00:00:00.000000
D3,2017-11-17 16:30:04.000000,1026,401.456118,386.19671084375,15.259407156250006,7.39100816081386,7.868398995436146,2017-11-17 00:00:00.000000
D3,2017-11-17 16:35:00.000000,1026,402.160918,386.19671084375,15.964207156249984,7.517340045387409,8.446867110862573,2017-11-17 00:00:00.000000
D3,2017-11-17 16:40:03.000000,1026,398.928401,386.2474042847222,12.680996715277786,7.643498364780649,5.0374983504971365,2017-11-17 00:00:00.000000
D3,2017-11-17 16:45:02.000000,1026,404.229101,386.2474042847222,17.981696715277792,7.764796878918435,10.216899836359357,2017-11-17 00:00:00.000000
D3,2017-11-17 16:50:02.000000,1026,413.466984,386.2888955069444,27.17808849305561,7.883254052902844,19.29483444015277,2017-11-17 00:00:00.000000
D3,2017-11-17 16:55:01.000000,1026,399.98539,386.3516118125,13.633778187500013,7.998024199272274,5.635753988227739,2017-11-17 00:00:00.000000
D3,2017-11-17 17:00:01.000000,1026,405.653811,386.3617719652778,19.292039034722222,8.109820356388438,11.182218678333784,2017-11-17 00:00:00.000000
D3,2017-11-17 17:05:04.000000,1026,395.174999,386.4575750381944,8.717423961805594,8.219266289399442,0.49815767240615116,2017-11-17 00:00:00.000000
D3,2017-11-17 17:10:02.000000,1026,391.620735,386.4575750381944,5.163159961805604,8.323455166414456,-3.160295204608852,2017-11-17 00:00:00.000000
D3,2017-11-17 17:15:03.000000,1026,394.884027,386.4866261314879,8.39740086851208,8.425168647446789,-0.027767778934709497,2017-11-17 00:00:00.000000
D3,2017-11-17 17:20:00.000000,1026,389.797684,386.52130212847226,3.2763818715277466,8.522011419301665,-5.245629547773918,2017-11-17 00:00:00.000000
D3,2017-11-17 17:25:00.000000,1026,388.541336,386.58194409375005,1.959391906249948,8.616237541099366,-6.656845634849418,2017-11-17 00:00:00.000000
D3,2017-11-17 17:30:04.000000,1026,395.603959,386.6227441840278,8.98121481597218,8.707988719087682,0.27322609688449795,2017-11-17 00:00:00.000000
D3,2017-11-17 17:35:03.000000,1026,392.708365,386.6185156539793,6.089849346020742,8.794523675053536,-2.7046743290327946,2017-11-17 00:00:00.000000
D3,2017-11-17 17:40:02.000000,1026,376.009563,386.6995567673611,-10.689993767361102,8.877341066479824,-19.567334833840924,2017-11-17 00:00:00.000000
D3,2017-11-17 17:45:03.000000,1026,367.047453,386.7592938020833,-19.71184080208326,8.956917839536487,-28.668758641619746,2017-11-17 00:00:00.000000
D3,2017-11-17 17:50:00.000000,1026,388.572067,386.8629695138889,1.7090974861110908,9.031668314752958,-7.322570828641867,2017-11-17 00:00:00.000000
D3,2017-11-17 17:55:03.000000,1026,384.359153,386.87265054513887,-2.5134975451388755,9.10403477156307,-11.617532316701945,2017-11-17 00:00:00.000000
D3,2017-11-17 18:00:03.000000,1026,368.027849,386.931159163763,-18.903310163763024,9.171775610265495,-28.07508577402852,2017-11-17 00:00:00.000000
D3,2017-11-17 18:05:02.000000,1026,377.633543,386.9359527569444,-9.302409756944428,9.235388245324042,-18.53779800226847,2017-11-17 00:00:00.000000
D3,2017-11-17 18:10:00.000000,1026,384.98716,386.9579754479167,-1.9708154479166637,9.294881838854936,-11.2656972867716,2017-11-17 00:00:00.000000
D3,2017-11-17 18:15:05.000000,1026,375.71859,387.0698965243056,-11.351306524305585,9.351705521963114,-20.703012046268697,2017-11-17 00:00:00.000000
D3,2017-11-17 18:20:03.000000,1026,383.470548,387.0273848131488,-3.5568368131487773,9.403224408511722,-12.9600612216605,2017-11-17 00:00:00.000000
D3,2017-11-17 18:25:02.000000,1026,378.261728,387.08548224652776,-8.823754246527756,9.450917503429205,-18.27467174995696,2017-11-17 00:00:00.000000
D3,2017-11-17 18:30:01.000000,1026,381.724046,387.13239980902773,-5.408353809027744,9.49458270506128,-14.902936514089024,2017-11-17 00:00:00.000000
D3,2017-11-17 18:35:02.000000,1026,379.548518,387.24122876816614,-7.692710768166137,9.534450689776307,-17.227161457942444,2017-11-17 00:00:00.000000
D3,2017-11-17 18:40:03.000000,1026,396.645683,387.3542735520834,9.291409447916635,9.570196695535572,-0.27878724761893636,2017-11-17 00:00:00.000000
D3,2017-11-17 18:45:03.000000,1026,387.821404,387.3170862768166,0.5043177231833624,9.60170545924299,-9.097387736059627,2017-11-17 00:00:00.000000
D3,2017-11-17 18:50:04.000000,1026,393.796129,387.4714077152778,6.324721284722216,9.629171934303931,-3.3044506495817156,2017-11-17 00:00:00.000000
D3,2017-11-17 18:55:03.000000,1026,406.864185,387.50787455749133,19.356310442508686,9.65233001445452,9.703980428054166,2017-11-17 00:00:00.000000
D3,2017-11-17 19:00:03.000000,1026,384.65017,387.5291237986111,-2.8789537986111213,9.671421711412169,-12.55037551002329,2017-11-17 00:00:00.000000
D3,2017-11-17 19:05:00.000000,1026,397.12066,387.5291237986111,9.591536201388863,9.68622487804386,-0.09468867665499658,2017-11-17 00:00:00.000000
D3,2017-11-17 19:10:02.000000,1026,378.920399,387.5947123645833,-8.674313364583327,9.69708956012767,-18.371402924711,2017-11-17 00:00:00.000000
D3,2017-11-17 19:15:04.000000,1026,384.65017,387.7710896759582,-3.1209196759581914,9.70372638750823,-12.824646063466421,2017-11-17 00:00:00.000000
D3,2017-11-17 19:20:01.000000,1026,389.138791,387.7666895,1.372101500000042,9.70612678294745,-8.334025282947408,2017-11-17 00:00:00.000000
D3,2017-11-17 19:25:01.000000,1026,394.225089,387.87525981249996,6.349829187500063,9.704395958842671,-3.3545667713426077,2017-11-17 00:00:00.000000
D3,2017-11-17 19:30:02.000000,1026,386.718308,387.9598920277778,-1.241584027777833,9.69846294538896,-10.940046973166792,2017-11-17 00:00:00.000000
D3,2017-11-17 19:35:01.000000,1026,396.36982,388.00409642013886,8.36572357986114,9.688410556586938,-1.322686976725798,2017-11-17 00:00:00.000000
D3,2017-11-17 19:40:01.000000,1026,397.518956,388.187772466899,9.331183533101012,9.674163586621685,-0.34298005352067307,2017-11-17 00:00:00.000000
D3,2017-11-17 19:45:02.000000,1026,397.47296,388.17580110380624,9.297158896193764,9.655687174464653,-0.35852827827088873,2017-11-17 00:00:00.000000
D3,2017-11-17 19:50:02.000000,1026,394.562168,388.2435780729167,6.318589927083281,9.633112875892332,-3.314522948809051,2017-11-17 00:00:00.000000
D3,2017-11-17 19:55:03.000000,1026,389.445273,388.41284343055554,1.0324295694444459,9.606301017497625,-8.573871448053179,2017-11-17 00:00:00.000000
D3,2017-11-17 20:00:00.000000,1026,399.311342,388.41284343055554,10.898498569444484,9.575771481365907,1.3227270880785778,2017-11-17 00:00:00.000000
D3,2017-11-17 20:05:02.000000,1026,393.796151,388.4719954895833,5.324155510416688,9.540593237598745,-4.216437727182058,2017-11-17 00:00:00.000000
D3,2017-11-17 20:10:01.000000,1026,399.326696,388.4785914722222,10.84810452777782,9.501673680059286,1.3464308477185352,2017-11-17 00:00:00.000000
D3,2017-11-17 20:15:03.000000,1026,401.532799,388.5193678954704,13.013431104529616,9.458250617381665,3.5551804871479504,2017-11-17 00:00:00.000000
D3,2017-11-17 20:20:01.000000,1026,394.822655,388.47183554861107,6.350819451388929,9.41137128562729,-3.0605518342383604,2017-11-17 00:00:00.000000
D3,2017-11-17 20:25:03.000000,1026,395.757167,388.56540465625,7.191762343749986,9.359799840997113,-2.168037497247127,2017-11-17 00:00:00.000000
D3,2017-11-17 20:30:03.000000,1026,405.255493,388.60030012847227,16.65519287152773,9.304544989337607,7.350647882190124,2017-11-17 00:00:00.000000
D3,2017-11-17 20:35:03.000000,1026,400.429726,388.6092901770833,11.820435822916693,9.245304923368092,2.5751308995486006,2017-11-17 00:00:00.000000
D3,2017-11-17 20:40:03.000000,1026,397.672186,388.56272407958477,9.109461920415242,9.182107838151545,-0.07264591773630258,2017-11-17 00:00:00.000000
D3,2017-11-17 20:45:03.000000,1026,413.804064,388.592674733564,25.21138926643596,9.114983812077783,16.096405454358177,2017-11-17 00:00:00.000000
D3,2017-11-17 20:50:02.000000,1026,398.928401,388.60370091349483,10.324700086505175,9.04420795577193,1.2804921307332453,2017-11-17 00:00:00.000000
D3,2017-11-17 20:55:01.000000,1026,393.980001,388.6587075034722,5.321293496527801,8.969596489621486,-3.6483029930936848,2017-11-17 00:00:00.000000
D3,2017-11-17 21:00:01.000000,1026,394.439713,388.71855116319443,5.72116183680555,8.89091610618713,-3.1697542693815794,2017-11-17 00:00:00.000000
D3,2017-11-17 21:05:03.000000,1026,407.92113,388.70631713541667,19.214812864583337,8.80788495691936,10.406927907663977,2017-11-17 00:00:00.000000
D3,2017-11-17 21:10:01.000000,1026,396.29336,388.6838003183391,7.609559681660926,8.722229541877665,-1.112669860216739,2017-11-17 00:00:00.000000
D3,2017-11-17 21:15:04.000000,1026,402.099702,388.798972184669,13.300729815330953,8.63138580534294,4.669344009988013,2017-11-17 00:00:00.000000
D3,2017-11-17 21:20:02.000000,1026,404.15253,388.761990633218,15.390539366782036,8.538394437218987,6.85214492956305,2017-11-17 00:00:00.000000
D3,2017-11-17 21:25:01.000000,1026,383.501167,388.78786430208334,-5.286697302083326,8.441500609062789,-13.728197911146115,2017-11-17 00:00:00.000000
D3,2017-11-17 21:30:03.000000,1026,411.031192,388.83052625,22.200665749999985,8.340030482156143,13.860635267843842,2017-11-17 00:00:00.000000
D3,2017-11-17 21:35:03.000000,1026,400.18466,388.9103177951389,11.274342204861114,8.235694323428792,3.038647881432322,2017-11-17 00:00:00.000000
D3,2017-11-17 21:40:01.000000,1026,406.082837,388.9103177951389,17.17251920486109,8.128611815565472,9.043907389295617,2017-11-17 00:00:00.000000
D3,2017-11-17 21:45:00.000000,1026,407.614737,388.89047645486113,18.72426054513886,8.017772981730285,10.706487563408576,2017-11-17 00:00:00.000000
D3,2017-11-17 21:50:03.000000,1026,401.379636,388.9826729238754,12.39696307612462,7.902033733703563,4.494929342421058,2017-11-17 00:00:00.000000
D3,2017-11-17 21:55:00.000000,1026,399.786208,389.0212814756944,10.764926524305565,7.7853014687955255,2.9796250555100396,2017-11-17 00:00:00.000000
D3,2017-11-17 22:00:03.000000,1026,402.988284,389.00261047569444,13.985673524305582,7.662916601382252,6.322756922923331,2017-11-17 00:00:00.000000
D3,2017-11-17 22:05:04.000000,1026,395.282167,389.02380906920416,6.258357930795853,7.538103427229114,-1.2797454964332609,2017-11-17 00:00:00.000000
D3,2017-11-17 22:10:01.000000,1026,405.684563,389.06027309375,16.62428990625,7.411845973990099,9.2124439322599,2017-11-17 00:00:00.000000
D3,2017-11-17 22:15:01.000000,1026,413.329064,389.0933603263889,24.235703673611113,7.281244425350748,16.954459248260363,2017-11-17 00:00:00.000000
D3,2017-11-17 22:20:02.000000,1026,404.872506,389.09548805555556,15.777017944444424,7.147170248061101,8.629847696383322,2017-11-17 00:00:00.000000
D3,2017-11-17 22:25:04.000000,1026,399.341962,389.0784662048611,10.263495795138908,7.009657680795596,3.2538381143433126,2017-11-17 00:00:00.000000
D3,2017-11-17 22:30:03.000000,1026,398.545392,389.0785223449477,9.466869655052278,6.870622779574954,2.5962468754773242,2017-11-17 00:00:00.000000
D3,2017-11-17 22:35:01.000000,1026,406.281974,389.06436946180554,17.21760453819445,6.729258889202503,10.488345648991947,2017-11-17 00:00:00.000000
D3,2017-11-17 22:40:01.000000,1026,400.153996,389.0449539340278,11.109042065972233,6.5841960794259435,4.524845986546289,2017-11-17 00:00:00.000000
D3,2017-11-17 22:45:01.000000,1026,394.271151,389.1385760416667,5.132574958333294,6.436442794086887,-1.3038678357535938,2017-11-17 00:00:00.000000
D3,2017-11-17 22:50:02.000000,1026,393.260091,389.14150184722223,4.1185891527777585,6.28556380905286,-2.1669746562751016,2017-11-17 00:00:00.000000
D3,2017-11-17 22:55:00.000000,1026,399.204108,389.20209042013886,10.00201757986116,6.133661227435958,3.8683563524252023,2017-11-17 00:00:00.000000
D3,2017-11-17 23:00:02.000000,1026,396.461878,389.261028087108,7.200849912892011,5.977227460938794,1.2236224519532168,2017-11-17 00:00:00.000000
D3,2017-11-17 23:05:02.000000,1026,397.503513,389.25602946875,8.247483531249998,5.81941991741342,2.428063613836578,2017-11-17 00:00:00.000000
D3,2017-11-17 23:10:03.000000,1026,388.970451,389.3247105818815,-0.3542595818814789,5.6587483046762035,-6.013007886557682,2017-11-17 00:00:00.000000
D3,2017-11-17 23:15:02.000000,1026,399.173489,389.3255453079585,9.847943692041497,5.4969015948982,4.351042097143297,2017-11-17 00:00:00.000000
D3,2017-11-17 23:20:01.000000,1026,389.904874,389.36470617708335,0.5401678229166578,5.332896364679094,-4.792728541762436,2017-11-17 00:00:00.000000
D3,2017-11-17 23:25:01.000000,1026,381.371613,389.36555740625005,-7.993944406250023,5.1662512760145045,-13.160195682264527,2017-11-17 00:00:00.000000
D3,2017-11-17 23:30:03.000000,1026,397.610836,389.3345985208333,8.276237479166696,4.996459588213893,3.2797778909528024,2017-11-17 00:00:00.000000
D3,2017-11-17 23:35:02.000000,1026,393.413188,389.3308467647059,4.082341235294109,4.826422740797046,-0.7440815055029368,2017-11-17 00:00:00.000000
D3,2017-11-17 23:40:03.000000,1026,393.688962,389.40851769337985,4.280444306620154,4.65338865497994,-0.37294434835978585,2017-11-17 00:00:00.000000
D3,2017-11-17 23:45:04.000000,1026,392.616552,389.40215549652777,3.214396503472244,4.478571224045705,-1.264174720573461,2017-11-17 00:00:00.000000
D3,2017-11-17 23:50:03.000000,1026,405.42401,389.4300829825784,15.993927017421584,4.303232501689021,11.690694515732563,2017-11-17 00:00:00.000000
D3,2017-11-17 23:55:03.000000,1026,393.382546,389.4187915640139,3.963754435986118,4.125705269628994,-0.16195083364287566,2017-11-17 00:00:00.000000
