level,localdatetime,sensorid,datavalue,trend_24h,residual,fitted_residual,fit_error
D1,2017-11-16 00:00:03.000000,994,401.424615,417.89246017708336,-16.467845177083348,-17.544920951690795,1.0770757746074473
D1,2017-11-16 00:05:04.000000,994,402.628263,417.9206912534722,-15.292428253472224,-17.755888929813697,2.463460676341473
D1,2017-11-16 00:10:02.000000,994,401.391729,417.8094128222997,-16.417683822299693,-17.9565037889789,1.5388199666792062
D1,2017-11-16 00:15:03.000000,994,399.028079,417.99364380902784,-18.965564809027853,-18.150708472260916,-0.8148563367669368
D1,2017-11-16 00:20:05.000000,994,399.618944,418.0361993159722,-18.417255315972227,-18.336950788257997,-0.08030452771422958
D1,2017-11-16 00:25:01.000000,994,407.355642,418.0361993159722,-10.680557315972237,-18.51103981525969,7.830482499287452
D1,2017-11-16 00:30:01.000000,994,399.104675,418.033045625,-18.928370625000014,-18.67885947003937,-0.24951115496064347
D1,2017-11-16 00:35:02.000000,994,405.714162,418.05352539583333,-12.339363395833345,-18.838435296560867,6.499071900727522
D1,2017-11-16 00:40:03.000000,994,402.004576,418.02045336585365,-16.01587736585367,-18.989116879919287,2.973239514065618
D1,2017-11-16 00:45:00.000000,994,399.268802,418.0847198715278,-18.8159178715278,-19.129007852697136,0.31308998116933395
D1,2017-11-16 00:50:01.000000,994,415.409517,417.98577831250003,-2.576261312500037,-19.261809144330734,16.685547831830696
D1,2017-11-16 00:55:01.000000,994,391.335328,417.94914998958336,-26.613821989583357,-19.38511749459562,-7.228704494987738
D1,2017-11-16 01:00:00.000000,994,402.059285,417.9855881284723,-15.926303128472284,-19.498964868153063,3.572661739680779
D1,2017-11-16 01:05:04.000000,994,405.353069,417.9653365659722,-12.612267565972218,-19.605397777331813,6.9931302113595954
D1,2017-11-16 01:10:03.000000,994,407.968346,418.068761432526,-10.100415432526006,-19.700864956061444,9.600449523535438
D1,2017-11-16 01:15:01.000000,994,409.817696,417.9521902118056,-8.134494211805588,-19.786874733586227,11.652380521780639
D1,2017-11-16 01:20:02.000000,994,404.959106,417.91005237847224,-12.950946378472224,-19.86444817220039,6.913501793728166
D1,2017-11-16 01:25:04.000000,994,389.945555,417.935732087108,-27.99017708710801,-19.93284663670097,-8.05733045040704
D1,2017-11-16 01:30:02.000000,994,407.22429,417.9259713240418,-10.701681324041829,-19.9910455421447,9.289364218102872
D1,2017-11-16 01:35:01.000000,994,387.669373,418.00781625,-30.33844325000001,-20.04013393035394,-10.298309319646073
D1,2017-11-16 01:40:03.000000,994,380.468988,417.9635661951219,-37.4945781951219,-20.080229087239815,-17.41434910788209
D1,2017-11-16 01:45:04.000000,994,393.622319,417.93611339024386,-24.313794390243856,-20.110686519524283,-4.203107870719574
D1,2017-11-16 01:50:01.000000,994,399.662813,418.0368448715278,-18.37403187152779,-20.131424046776885,1.7573921752490946
D1,2017-11-16 01:55:01.000000,994,407.268063,418.0493074861111,-10.78124448611112,-20.142967629489263,9.361723143378143
D1,2017-11-16 02:00:04.000000,994,397.824399,418.0228240381944,-20.198425038194387,-20.145028193655747,-0.05339684453863924
D1,2017-11-16 02:05:03.000000,994,408.241971,417.99128727777776,-9.74931627777778,-20.137604544336163,10.388288266558384
D1,2017-11-16 02:10:02.000000,994,430.707645,417.99128727777776,12.716357722222256,-20.1207902314533,32.837147953675554
D1,2017-11-16 02:15:01.000000,994,397.080231,418.0107412430556,-20.93051024305555,-20.094593204449097,-0.8359170386064534
D1,2017-11-16 02:20:02.000000,994,397.692998,418.0164408263889,-20.323442826388884,-20.058756426852725,-0.2646863995361599
D1,2017-11-16 02:25:03.000000,994,413.385057,418.0768640449827,-4.691807044982681,-20.013440720983986,15.321633676001305
D1,2017-11-16 02:30:02.000000,994,410.452366,418.0047379513889,-7.5523719513889205,-19.95906289387497,12.406690942486051
D1,2017-11-16 02:35:04.000000,994,394.968239,418.02434379861114,-23.05610479861116,-19.894692786324082,-3.1614120122870766
D1,2017-11-16 02:40:01.000000,994,387.363005,418.02434379861114,-30.661338798611155,-19.822159048731383,-10.839179749879772
D1,2017-11-16 02:45:02.000000,994,419.534938,417.9183830313589,1.6165549686410827,-19.739345246542314,21.355900215183397
D1,2017-11-16 02:50:02.000000,994,402.923759,417.8649650278746,-14.941206027874557,-19.64752705820389,4.706321030329335
D1,2017-11-16 02:55:03.000000,994,408.679692,417.9314811944445,-9.251789194444484,-19.54613637927832,10.294347184833835
D1,2017-11-16 03:00:04.000000,994,404.707432,417.9060235555555,-13.198591555555538,-19.43551238063463,6.236920825079093
D1,2017-11-16 03:05:00.000000,994,390.273762,417.9060235555555,-27.632261555555544,-19.317772847744944,-8.3144887078106
D1,2017-11-16 03:10:03.000000,994,411.754688,417.9035917986111,-6.148903798611116,-19.188110633512046,13.03920683490093
D1,2017-11-16 03:15:02.000000,994,402.234332,417.9965522422146,-15.762220242214596,-19.051158280701245,3.2889380384866485
D1,2017-11-16 03:20:00.000000,994,405.473439,417.9347862222223,-12.461347222222287,-18.905831355709445,6.444484133487158
D1,2017-11-16 03:25:02.000000,994,421.428092,418.0511148442907,3.3769771557093122,-18.749627616655093,22.126604772364406
D1,2017-11-16 03:30:01.000000,994,408.504613,417.9879804965278,-9.48336749652782,-18.58619704451799,9.102829547990172
D1,2017-11-16 03:35:02.000000,994,410.135094,417.92463497560976,-7.789540975609782,-18.412929225327993,10.62338824971821
D1,2017-11-16 03:40:02.000000,994,409.062688,417.99056408680553,-8.927876086805554,-18.23158983835622,9.303713751550667
D1,2017-11-16 03:45:01.000000,994,407.333708,417.99056408680553,-10.656856086805533,-18.042351081693766,7.385494994888234
D1,2017-11-16 03:50:03.000000,994,407.913733,417.8634008327526,-9.949667832752596,-17.842687003762087,7.893019171009492
D1,2017-11-16 03:55:04.000000,994,412.816079,417.97274422916666,-5.156665229166663,-17.635252819995557,12.478587590828894
D1,2017-11-16 04:00:02.000000,994,402.409379,417.97274422916666,-15.563365229166664,-17.421691920837265,1.8583266916706016
D1,2017-11-16 04:05:03.000000,994,405.517228,417.98532102777773,-12.46809302777774,-17.197806917959,4.729713890181259
D1,2017-11-16 04:10:02.000000,994,402.442296,417.9927301597222,-15.550434159722215,-16.967381736112614,1.416947576390399
D1,2017-11-16 04:15:02.000000,994,403.339577,417.9987333993056,-14.659156399305573,-16.728254540253936,2.0690981409483626
D1,2017-11-16 04:20:02.000000,994,410.835409,417.9996074340277,-7.164198434027696,-16.48129643043686,9.317097996409164
D1,2017-11-16 04:25:02.000000,994,399.848779,417.9195502847222,-18.07077128472224,-16.226624945346444,-1.844146339375797
D1,2017-11-16 04:30:04.000000,994,397.310019,417.94265177430555,-20.632632774305534,-15.962587672717607,-4.670045101587927
D1,2017-11-16 04:35:00.000000,994,402.004544,417.94265177430555,-15.938107774305536,-15.69645295346956,-0.24165482083597567
D1,2017-11-16 04:40:02.000000,994,410.353994,418.02835865743947,-7.674364657439469,-15.417560344663272,7.743195687223803
D1,2017-11-16 04:45:03.000000,994,406.020546,417.96586750694445,-11.945321506944424,-15.132323800783105,3.187002293838681
D1,2017-11-16 04:50:02.000000,994,403.821071,418.0297977474048,-14.208726747404796,-14.841934446663515,0.633207699258719
D1,2017-11-16 04:55:03.000000,994,391.488457,418.00545061937714,-26.51699361937716,-14.542646763539597,-11.974346855837563
D1,2017-11-16 05:00:02.000000,994,400.089486,417.93379877083333,-17.844312770833312,-14.238579337430647,-3.6057334334026656
D1,2017-11-16 05:05:02.000000,994,409.774017,418.0127205397924,-8.238703539792368,-13.926860238566006,5.688156698773637
D1,2017-11-16 05:10:02.000000,994,404.773124,417.92486955208335,-13.151745552083355,-13.608643537707554,0.4568979856241988
D1,2017-11-16 05:15:04.000000,994,400.964975,417.9710345659722,-17.006059565972237,-13.281895986649312,-3.7241635793229246
D1,2017-11-16 05:20:03.000000,994,399.881633,417.9487324738676,-18.067099473867586,-12.952213472142741,-5.1148860017248445
D1,2017-11-16 05:25:02.000000,994,410.080369,418.0726222352941,-7.992253235294072,-12.616537390912356,4.624284155618284
D1,2017-11-16 05:30:02.000000,994,408.854723,418.01370415277773,-9.158981152777756,-12.273874656447328,3.114893503669572
D1,2017-11-16 05:35:03.000000,994,412.586276,418.00772233218,-5.421446332179983,-11.924330440815318,6.502884108635335
D1,2017-11-16 05:40:02.000000,994,408.931367,417.9075536794425,-8.976186679442492,-11.57158238333897,2.595395703896479
D1,2017-11-16 05:45:03.000000,994,416.952499,417.9464194429066,-0.9939204429065853,-11.211080646189126,10.21716020328254
D1,2017-11-16 05:50:04.000000,994,403.066063,417.9042363101046,-14.838173310104594,-10.845339114346123,-3.992834195758471
D1,2017-11-16 05:55:05.000000,994,409.77397,417.9241094861111,-8.150139486111073,-10.474533023346092,2.3243935372350197
D1,2017-11-16 06:00:02.000000,994,413.363171,417.9241094861111,-4.56093848611107,-10.103863893677348,5.542925407566278
D1,2017-11-16 06:05:04.000000,994,407.169517,417.9792733135888,-10.80975631358882,-9.722254142431227,-1.0875021711575936
D1,2017-11-16 06:10:02.000000,994,408.099715,418.0196496435986,-9.919934643598594,-9.341231562688819,-0.5787030809097757
D1,2017-11-16 06:15:03.000000,994,415.311082,417.9640983728223,-2.6530163728223215,-8.952051538662785,6.299035165840463
D1,2017-11-16 06:20:03.000000,994,403.197352,418.04759356747405,-14.85024156747403,-8.560027519904446,-6.290214047569583
D1,2017-11-16 06:25:03.000000,994,406.644344,418.0382197456446,-11.393875745644607,-8.164060220859692,-3.2298155247849145
D1,2017-11-16 06:30:03.000000,994,397.977527,418.11169551041667,-20.134168510416657,-7.764338100517375,-12.369830409899283
D1,2017-11-16 06:35:04.000000,994,417.70757,418.11169551041667,-0.40412551041669076,-7.359701369091091,6.9555758586744005
D1,2017-11-16 06:40:02.000000,994,425.96933,418.11583726041664,7.853492739583373,-6.955752996668482,14.809245736251857
D1,2017-11-16 06:45:03.000000,994,416.481972,418.19319707986114,-1.7112250798611512,-6.544553663878432,4.833328584017281
D1,2017-11-16 06:50:02.000000,994,403.952328,418.19319707986114,-14.240869079861113,-6.133112041802833,-8.107757038058281
D1,2017-11-16 06:55:03.000000,994,416.339652,418.21778062847227,-1.8781286284722682,-5.7161212474782035,3.8379926190059352
D1,2017-11-16 07:00:03.000000,994,407.082065,418.2437316076389,-11.161666607638892,-5.297921532968365,-5.863745074670527
D1,2017-11-16 07:05:00.000000,994,416.230281,418.27333066666665,-2.0430496666666613,-4.8815482055857915,2.83849853891913
D1,2017-11-16 07:10:02.000000,994,404.050843,418.3116611937716,-14.260818193771627,-4.455962884922196,-9.80485530884943
D1,2017-11-16 07:15:01.000000,994,407.038212,418.29430493402776,-11.256092934027777,-4.032617921921405,-7.2234750121063716
D1,2017-11-16 07:20:02.000000,994,398.535649,418.2140194097222,-19.67837040972222,-3.604647231650274,-16.073723178071944
D1,2017-11-16 07:25:01.000000,994,408.701547,418.23864081944447,-9.537093819444465,-3.1779402449173784,-6.359153574527086
D1,2017-11-16 07:30:05.000000,994,407.246145,418.3381146215278,-11.091969621527767,-2.742691723744782,-8.349277897782985
D1,2017-11-16 07:35:00.000000,994,410.485284,418.3381146215278,-7.852830621527801,-2.319173796820654,-5.533656824707147
D1,2017-11-16 07:40:02.000000,994,399.695619,418.38135403819444,-18.685735038194423,-1.8846333293346795,-16.801101708859743
D1,2017-11-16 07:45:03.000000,994,404.379161,418.4528246423611,-14.073663642361112,-1.45075895589504,-12.622904686466072
D1,2017-11-16 07:50:03.000000,994,402.529828,418.5091062891986,-15.97927828919859,-1.0177652101591876,-14.961513079039403
D1,2017-11-16 07:55:04.000000,994,404.280663,418.4411596875,-14.160496687499972,-0.5829730404823579,-13.577523647017614
D1,2017-11-16 08:00:01.000000,994,408.843835,418.47001084083047,-9.626175840830456,-0.15381325095372134,-9.472362589876735
D1,2017-11-16 08:05:01.000000,994,396.533124,418.50575302083337,-21.97262902083338,0.27962346730914156,-22.252252488142524
D1,2017-11-16 08:10:00.000000,994,394.278924,418.48219555208334,-24.203271552083322,0.7113530277707305,-24.914624579854053
D1,2017-11-16 08:15:01.000000,994,416.547616,418.47463464583336,-1.927018645833357,1.1454989925521435,-3.0725176383855004
D1,2017-11-16 08:20:03.000000,994,404.970105,418.48985142857146,-13.519746428571466,1.5804031374924676,-15.100149566063934
D1,2017-11-16 08:25:01.000000,994,411.37166,418.5057528506945,-7.134092850694458,2.008670740810402,-9.14276359150486
D1,2017-11-16 08:30:03.000000,994,410.386737,418.4788706608997,-8.09213366089972,2.441591892233885,-10.533725553133603
D1,2017-11-16 08:35:03.000000,994,415.978575,418.4993933598616,-2.5208183598616074,2.8703492678611147,-5.391167627722722
D1,2017-11-16 08:40:02.000000,994,416.350651,418.55020794076654,-2.199556940766513,3.296188193755131,-5.495745134521644
D1,2017-11-16 08:45:04.000000,994,411.163696,418.4620966089965,-7.298400608996474,3.7245852502647354,-11.022985859261208
D1,2017-11-16 08:50:00.000000,994,416.186396,418.4812450243055,-2.294849024305506,4.142600542296242,-6.437449566601749
D1,2017-11-16 08:55:02.000000,994,405.232636,418.492112,-13.259476000000006,4.566978326972257,-17.826454326972264
D1,2017-11-16 09:00:03.000000,994,410.25548,418.51322337630666,-8.257743376306678,4.987627406505487,-13.245370782812165
D1,2017-11-16 09:05:00.000000,994,412.794145,418.48154884375003,-5.687403843750019,5.4002159792906035,-11.087619823040622
D1,2017-11-16 09:10:01.000000,994,409.193961,418.3628912145329,-9.168930214532907,5.815659411514483,-14.98458962604739
D1,2017-11-16 09:15:04.000000,994,425.761429,418.4332176979167,7.328211302083332,6.230915548888316,1.0972957531950165
D1,2017-11-16 09:20:01.000000,994,412.84887,418.4332176979167,-5.584347697916712,6.634884635712266,-12.219232333628979
D1,2017-11-16 09:25:04.000000,994,405.407778,418.4133462291667,-13.00556822916667,7.043691849981984,-20.049260079148652
D1,2017-11-16 09:30:01.000000,994,428.803571,418.4133462291667,10.3902247708333,7.440956725357257,2.9492680454760425
D1,2017-11-16 09:35:05.000000,994,419.52405,418.4563578229167,1.0676921770833019,7.843855757422769,-6.7761635803394675
D1,2017-11-16 09:40:00.000000,994,411.667029,418.4563578229167,-6.789328822916673,8.231035360320163,-15.020364183236836
D1,2017-11-16 09:45:03.000000,994,421.351512,418.48227165972224,2.86924034027777,8.624637869264495,-5.755397528986725
D1,2017-11-16 09:50:04.000000,994,422.533337,418.45895470934255,4.074382290657468,9.011364617428443,-4.936982326770975
D1,2017-11-16 09:55:02.000000,994,411.382564,418.4698091006944,-7.0872451006944175,9.389854580013875,-16.477099680708292
D1,2017-11-16 10:00:03.000000,994,422.839737,418.49587454513886,4.343862454861153,9.767546709364435,-5.423684254503282
D1,2017-11-16 10:05:02.000000,994,426.42897,418.49587454513886,7.933095454861132,10.13796593052798,-2.204870475666848
D1,2017-11-16 10:10:03.000000,994,423.299313,418.55860589236113,4.740707107638855,10.505890008681032,-5.765182901042177
D1,2017-11-16 10:15:04.000000,994,416.580359,418.51137688541667,-1.9310178854166793,10.86864876024748,-12.799666645664159
D1,2017-11-16 10:20:01.000000,994,423.036734,418.51137688541667,4.5253571145833575,11.22135436735378,-6.695997252770422
D1,2017-11-16 10:25:04.000000,994,432.677364,418.59242209375003,14.08494190624998,11.575657905195673,2.509284001054308
D1,2017-11-16 10:30:01.000000,994,438.35667,418.59242209375003,19.764247906249977,11.917362811253561,7.846885094996416
D1,2017-11-16 10:35:05.000000,994,431.834745,418.6174238645833,13.217321135416682,12.261230062840971,0.9560910725757115
D1,2017-11-16 10:40:04.000000,994,440.446806,418.6657167638889,21.781089236111086,12.593466140899167,9.187623095211919
D1,2017-11-16 10:45:02.000000,994,431.88947,418.61264707958475,13.27682292041527,12.918537844679832,0.3582850757354379
D1,2017-11-16 10:50:04.000000,994,444.287729,418.6563311319444,25.631397868055615,13.241651020892853,12.389746847162762
D1,2017-11-16 10:55:04.000000,994,433.848206,418.7310515609756,15.117154439024432,13.556170131947482,1.56098430707695
D1,2017-11-16 11:00:02.000000,994,437.689177,418.6717911660899,19.017385833910055,13.86207562317592,5.155310210734134
D1,2017-11-16 11:05:01.000000,994,444.561354,418.74064438194443,25.82070961805556,14.162335012146166,11.658374605909394
D1,2017-11-16 11:10:03.000000,994,434.865967,418.7399221180556,16.126044881944438,14.458677890467284,1.667366991477154
D1,2017-11-16 11:15:04.000000,994,445.009979,418.7201641701389,26.289814829861086,14.746968728752774,11.542846101108312
D1,2017-11-16 11:20:01.000000,994,446.531026,418.6668306262976,27.864195373702387,15.024374551890727,12.83982082181166
D1,2017-11-16 11:25:04.000000,994,447.482967,418.71248896527777,28.770478034722203,15.300029212715136,13.470448822007066
D1,2017-11-16 11:30:02.000000,994,443.051147,418.71248896527777,24.338658034722243,15.563760158012702,8.774897876709542
D1,2017-11-16 11:35:00.000000,994,438.05035,418.73087887500003,19.31947112499995,15.820052939392301,3.4994181856076487
D1,2017-11-16 11:40:05.000000,994,434.920629,418.65625490972224,16.264374090277784,16.074538133182692,0.1898359570950916
D1,2017-11-16 11:45:03.000000,994,433.213568,418.6329798062284,14.580588193771632,16.31541538656488,-1.7348271927932473
D1,2017-11-16 11:50:02.000000,994,454.103422,418.6856637847222,35.41775821527784,16.54927041046405,18.868487804813793
D1,2017-11-16 11:55:02.000000,994,449.934212,418.7122988923611,31.221913107638898,16.775913395386805,14.445999712252092
D1,2017-11-16 12:00:02.000000,994,437.404633,418.6922370173611,18.712395982638895,16.99444112491025,1.717954857728646
D1,2017-11-16 12:05:03.000000,994,451.520967,418.73809810069446,32.78286889930553,17.20543676258886,15.577432136716666
D1,2017-11-16 12:10:03.000000,994,459.224749,418.7629646968641,40.46178430313586,17.407397976978856,23.054386326157
D1,2017-11-16 12:15:00.000000,994,445.764987,418.7004441875,27.064542812500008,17.599049893502897,9.46549291899711
D1,2017-11-16 12:20:04.000000,994,456.839164,418.68697465051906,38.15218934948092,17.786583330037697,20.365606019443224
D1,2017-11-16 12:25:03.000000,994,431.18914,418.7479397048611,12.441200295138913,17.962422353781456,-5.521222058642543
D1,2017-11-16 12:30:04.000000,994,450.273403,418.7847958506944,31.48860714930555,18.13072847301958,13.35787867628597
D1,2017-11-16 12:35:02.000000,994,456.90484,418.73972021107267,38.16511978892731,18.28867020780974,19.876449581117573
D1,2017-11-16 12:40:05.000000,994,436.529207,418.8025017430556,17.7267052569444,18.440323088505718,-0.7136178315613186
D1,2017-11-16 12:45:02.000000,994,408.931398,418.87056341463415,-9.939165414634147,18.58015504950487,-28.519320464139017
D1,2017-11-16 12:50:05.000000,994,421.865797,418.7950926666667,3.0707043333333104,18.71374774379533,-15.64304341046202
D1,2017-11-16 12:55:01.000000,994,444.834884,418.7950926666667,26.039791333333312,18.83535240584449,7.204438927488823
D1,2017-11-16 13:00:05.000000,994,440.063842,418.87628992361107,21.187552076388954,18.951026462088215,2.2365256143007386
D1,2017-11-16 13:05:03.000000,994,445.830599,418.87628992361107,26.954309076388938,19.055298040189083,7.899011036199855
D1,2017-11-16 13:10:02.000000,994,447.855123,418.86561291319447,28.989510086805524,19.150795861934267,9.838714224871257
D1,2017-11-16 13:15:03.000000,994,431.626797,418.8136728715278,12.813124128472225,19.23765597891126,-6.424531850439035
D1,2017-11-16 13:20:03.000000,994,456.65315,418.8009440243056,37.8522059756944,19.314925178970658,18.537280796723746
D1,2017-11-16 13:25:05.000000,994,448.993174,418.8438414305556,30.149332569444425,19.383292300404435,10.76604026903999
D1,2017-11-16 13:30:03.000000,994,441.49731,418.8843276724739,22.61298232752614,19.44146017821773,3.1715221493084087
D1,2017-11-16 13:35:01.000000,994,439.494769,418.84315724652777,20.651611753472253,19.49036884160281,1.1612429118694436
D1,2017-11-16 13:40:03.000000,994,446.990538,418.91219248788923,28.078345512110786,19.530463998488685,8.547881513622102
D1,2017-11-16 13:45:04.000000,994,446.94678,419.0118141107266,27.93496588927337,19.560921430773153,8.374044458500219
D1,2017-11-16 13:50:01.000000,994,435.128546,419.0246124290657,16.10393357093426,19.581658958025756,-3.477725387091496
D1,2017-11-16 13:55:04.000000,994,437.349923,419.1330387317073,18.216884268292688,19.593270228483973,-1.3763859601912856
D1,2017-11-16 14:00:03.000000,994,449.901374,419.0265056955017,30.87486830449825,19.5952721720203,11.279596132477948
D1,2017-11-16 14:05:02.000000,994,443.084002,419.0463843598616,24.03761764013842,19.58787993796645,4.449737702171973
D1,2017-11-16 14:10:02.000000,994,448.467843,419.08389968402776,29.38394331597226,19.57102514270217,9.812918173270091
D1,2017-11-16 14:15:01.000000,994,450.875346,419.0076036423611,31.86774235763886,19.544828115697968,12.322914241940893
D1,2017-11-16 14:20:04.000000,994,446.421544,419.06212809375,27.35941590624998,19.508721497737554,7.850694408512425
D1,2017-11-16 14:25:01.000000,994,433.323034,419.06212809375,14.260905906250002,19.464007970372066,-5.2031020641220636
D1,2017-11-16 14:30:03.000000,994,452.363539,419.0492102222222,33.3143287777778,19.40910030957767,13.905228468200132
D1,2017-11-16 14:35:02.000000,994,440.457678,419.0492102222222,21.408467777777787,19.3453851529964,2.063082624781387
D1,2017-11-16 14:40:03.000000,994,430.401246,419.2568046689895,11.144441331010512,19.271874568795692,-8.12743323778518
D1,2017-11-16 14:45:02.000000,994,436.748091,419.2311352430555,17.51695575694447,19.18958015779119,-1.672624400846722
D1,2017-11-16 14:50:03.000000,994,436.211904,419.18436231597224,17.027541684027767,19.09744046488375,-2.069898780855983
D1,2017-11-16 14:55:02.000000,994,442.952696,419.18436231597224,23.768333684027766,18.99672345154466,4.771610232483106
D1,2017-11-16 15:00:03.000000,994,434.274928,419.1540413229166,15.120886677083377,18.88613004307282,-3.765243365989445
D1,2017-11-16 15:05:02.000000,994,441.825565,419.24917897909404,22.576386020905943,18.767182147958422,3.8092038729475206
D1,2017-11-16 15:10:04.000000,994,455.471309,419.21745646875,36.253852531250004,18.637902377990418,17.615950153259586
D1,2017-11-16 15:15:01.000000,994,434.537617,419.21745646875,15.320160531249996,18.501866058697335,-3.1817055274473383
D1,2017-11-16 15:20:02.000000,994,443.357579,419.2589776759582,24.098601324041795,18.355061282060543,5.743540041981252
D1,2017-11-16 15:25:00.000000,994,446.268415,419.19853453125,27.06988046875,18.200926385187465,8.868954083562535
D1,2017-11-16 15:30:02.000000,994,441.486343,419.1977434808362,22.288599519163768,18.035870795681813,4.252728723481955
D1,2017-11-16 15:35:03.000000,994,436.200953,419.1861523519164,17.01480064808362,17.86257396506054,-0.8477733169769195
D1,2017-11-16 15:40:00.000000,994,438.236364,419.13926075347223,19.09710324652775,17.68306207515298,1.4140411713747731
D1,2017-11-16 15:45:02.000000,994,428.694153,419.1064323333333,9.587720666666655,17.491938942493388,-7.904218275826732
D1,2017-11-16 15:50:05.000000,994,448.621066,419.14678406944444,29.47428193055555,17.291571285111086,12.182710645444462
D1,2017-11-16 15:55:02.000000,994,430.379359,419.14678406944444,11.232574930555586,17.08689359390954,-5.854318663353954
D1,2017-11-16 16:00:03.000000,994,432.513205,419.181195902439,13.332009097561013,16.871196571361203,-3.5391874738001903
D1,2017-11-16 16:05:03.000000,994,435.172335,419.0936406782007,16.078694321799276,16.64804182920787,-0.5693475074085939
D1,2017-11-16 16:10:04.000000,994,430.499729,419.15445921875,11.34526978125001,16.416048647554867,-5.070778866304856
D1,2017-11-16 16:15:03.000000,994,426.954285,419.19811647569446,7.756168524305565,16.177679201550514,-8.42151067724495
D1,2017-11-16 16:20:04.000000,994,430.412229,419.22809540625,11.184133593750005,15.92985893897611,-4.745725345226106
D1,2017-11-16 16:25:00.000000,994,433.913978,419.22809540625,14.685882593749966,15.678582941684576,-0.9927003479346101
D1,2017-11-16 16:30:02.000000,994,442.175754,419.2477393854167,22.928014614583276,15.414596206065513,7.513418408517763
D1,2017-11-16 16:35:03.000000,994,425.301917,419.36306851916373,5.9388484808362705,15.143953765402147,-9.205105284565876
D1,2017-11-16 16:40:01.000000,994,443.401289,419.2981604444444,24.1031285555556,14.86873086844059,9.23439768711501
D1,2017-11-16 16:45:03.000000,994,446.946859,419.2742986631945,27.67256033680553,14.582558712031972,13.09000162477356
D1,2017-11-16 16:50:00.000000,994,434.592342,419.29352458333335,15.298817416666623,14.294134795817488,1.0046826208491346
D1,2017-11-16 16:55:02.000000,994,432.808622,419.3309504513889,13.477671548611113,13.99388738414195,-0.5162158355308364
D1,2017-11-16 17:00:02.000000,994,443.226242,419.44170879513894,23.784533204861077,13.688814248679517,10.09571895618156
D1,2017-11-16 17:05:00.000000,994,434.876839,419.4865064895833,15.390332510416727,13.379194957989593,2.011137552427133
D1,2017-11-16 17:10:02.000000,994,438.05027,419.49068604513894,18.55958395486107,13.058878448956424,5.500705505904644
D1,2017-11-16 17:15:00.000000,994,438.750617,419.4937635763889,19.256853423611062,12.736500026943851,6.520353396667211
D1,2017-11-16 17:20:03.000000,994,445.371087,419.50710028124996,25.863986718750027,12.4024483833916,13.461538335358426
D1,2017-11-16 17:25:01.000000,994,426.330519,419.5347611423611,6.7957578576388755,12.067904778545504,-5.2721469209066285
D1,2017-11-16 17:30:03.000000,994,425.564496,419.5309237638889,6.033572236111127,11.722957717368057,-5.689385481256931
D1,2017-11-16 17:35:00.000000,994,417.072868,419.5309237638889,-2.458055763888865,11.378076999569814,-13.836132763458679
D1,2017-11-16 17:40:04.000000,994,427.588908,419.5387260836237,8.050181916376289,11.019439606663068,-2.9692576902867795
D1,2017-11-16 17:45:02.000000,994,419.458405,419.49912120486107,-0.04071620486104166,10.662522009030509,-10.70323821389155
D1,2017-11-16 17:50:04.000000,994,422.75219,419.4280601107266,3.3241298892733653,10.295574025594997,-6.971444136321631
D1,2017-11-16 17:55:02.000000,994,429.438289,419.4848726006945,9.953416399305524,9.928488084003098,0.024928315302426896
D1,2017-11-16 18:00:04.000000,994,436.573029,419.4605934201389,17.112435579861142,9.551586979660478,7.560848600200664
D1,2017-11-16 18:05:04.000000,994,423.813709,419.45448942906575,4.359219570934272,9.172489053680097,-4.813269482745826
D1,2017-11-16 18:10:00.000000,994,423.813597,419.49714558333335,4.316451416666666,8.794038065598981,-4.477586648932315
D1,2017-11-16 18:15:03.000000,994,432.786767,419.5398149479167,13.246952052083316,8.402286449911658,4.844665602171657
D1,2017-11-16 18:20:01.000000,994,427.271541,419.52454043055553,7.747000569444481,8.012889189614201,-0.26588862016972037
D1,2017-11-16 18:25:05.000000,994,431.593974,419.56918541666664,12.024788583333361,7.611642540197792,4.413146043135569
D1,2017-11-16 18:30:02.000000,994,428.256432,419.52703759515566,8.729394404844356,7.215911446161231,1.5134829586831255
D1,2017-11-16 18:35:04.000000,994,422.040955,419.6018622847222,2.439092715277809,6.809936280339962,-4.370843565062153
D1,2017-11-16 18:40:02.000000,994,419.611613,419.5700975347222,0.041515465277768726,6.405987907917366,-6.364472442639597
D1,2017-11-16 18:45:02.000000,994,441.934999,419.5360151597222,22.398983840277822,5.99615976873581,16.402824071542014
D1,2017-11-16 18:50:02.000000,994,425.542625,419.5021604375,6.040464562500006,5.5833469530516915,0.45711760944831425
D1,2017-11-16 18:55:03.000000,994,417.061885,419.51113455709344,-2.449249557093424,5.16635615872707,-7.615605715820494
D1,2017-11-16 19:00:03.000000,994,423.22278,419.49701104498274,3.7257689550172586,4.748156444217235,-1.0223874891999767
D1,2017-11-16 19:05:02.000000,994,427.556133,419.55165103135886,8.00448196864113,4.3289717534253,3.67551021521583
D1,2017-11-16 19:10:01.000000,994,418.987894,419.55311280555554,-0.5652188055555598,3.9076104603124415,-4.472829265868001
D1,2017-11-16 19:15:03.000000,994,410.02566,419.6484592195122,-9.62279921951216,3.480014889207027,-13.102814108719187
D1,2017-11-16 19:20:04.000000,994,408.592129,419.6424798159722,-11.050350815972195,3.0520329208632795,-14.102383736835474
D1,2017-11-16 19:25:04.000000,994,421.406237,419.66052793750004,1.745709062499941,2.623886522715228,-0.8781774602152872
D1,2017-11-16 19:30:02.000000,994,408.581209,419.66052793750004,-11.079318937500034,2.197228093293557,-13.27654703079359
D1,2017-11-16 19:35:01.000000,994,423.299297,419.70317331707315,3.596123682926873,1.76797134383024,1.8281523390966328
D1,2017-11-16 19:40:02.000000,994,415.475241,419.59367847404843,-4.118437474048449,1.3348682405835675,-5.453305714632016
D1,2017-11-16 19:45:02.000000,994,413.757165,419.6627689583333,-5.905603958333302,0.9024363581899753,-6.808040316523277
D1,2017-11-16 19:50:05.000000,994,416.405265,419.74677800694445,-3.341513006944467,0.4651120809213456,-3.8066250878658128
D1,2017-11-16 19:55:01.000000,994,398.294926,419.74677800694445,-21.451852006944478,0.03754250289204286,-21.489394509836522
D1,2017-11-16 20:00:00.000000,994,426.779143,419.73271936805554,7.046423631944435,-0.3945068377548804,7.440930469699316
D1,2017-11-16 20:05:04.000000,994,412.969287,419.80470844947735,-6.835421449477337,-0.8337219341868245,-6.001699515290513
D1,2017-11-16 20:10:03.000000,994,402.617375,419.9247511805555,-17.307376180555536,-1.2654478297592053,-16.041928350796333
D1,2017-11-16 20:15:04.000000,994,412.859837,419.9499423125,-7.090105312499986,-1.6995880375640446,-5.390517274935942
D1,2017-11-16 20:20:03.000000,994,423.069461,419.9499423125,3.1195186874999763,-2.130168226243603,5.249686913743579
D1,2017-11-16 20:25:02.000000,994,427.315299,420.0439820520833,7.2713169479166595,-2.5598712761476934,9.831188224064352
D1,2017-11-16 20:30:01.000000,994,411.185519,420.0439820520833,-8.858463052083323,-2.988494033007071,-5.869969019076252
D1,2017-11-16 20:35:02.000000,994,408.679692,420.08805747916665,-11.408365479166662,-3.418687538795486,-7.989677940371176
D1,2017-11-16 20:40:04.000000,994,407.979329,420.1367305763889,-12.157401576388907,-3.848796243084685,-8.308605333304222
D1,2017-11-16 20:45:02.000000,994,403.656912,420.1367305763889,-16.479818576388936,-4.271519389954221,-12.208299186434715
D1,2017-11-16 20:50:00.000000,994,413.593038,420.1408723263889,-6.547834326388909,-4.69236563104737,-1.8554686953415391
D1,2017-11-16 20:55:04.000000,994,398.491844,420.16750831944444,-21.675664319444422,-5.119546305974309,-16.556118013470112
D1,2017-11-16 21:00:05.000000,994,409.390958,420.2167131111111,-10.825755111111107,-5.540179295899153,-5.285575815211954
D1,2017-11-16 21:05:01.000000,994,408.18723,420.24836389583334,-12.061133895833336,-5.95136589109618,-6.109768004737156
D1,2017-11-16 21:10:00.000000,994,397.01457,420.24836389583334,-23.233793895833344,-6.364049010968028,-16.869744884865316
D1,2017-11-16 21:15:02.000000,994,419.294198,420.3431260625,-1.0489280625000106,-6.7779498078247835,5.729021745324773
D1,2017-11-16 21:20:01.000000,994,399.487782,420.3132994027778,-20.82551740277779,-7.1846497244634016,-13.64086767831439
D1,2017-11-16 21:25:02.000000,994,406.206592,420.3300559791667,-14.123463979166672,-7.590769973372869,-6.532694005793803
D1,2017-11-16 21:30:03.000000,994,405.407778,420.3181464912892,-14.910368491289205,-7.993385005225246,-6.916983486063959
D1,2017-11-16 21:35:00.000000,994,407.651075,420.3454058888889,-12.694330888888885,-8.38702577361742,-4.307305115271465
D1,2017-11-16 21:40:04.000000,994,413.658714,420.47018484375,-6.811470843750044,-8.786023843471167,1.9745529997211229
D1,2017-11-16 21:45:02.000000,994,400.603882,420.47018484375,-19.86630284375002,-9.173110941826874,-10.693191901923147
D1,2017-11-16 21:50:00.000000,994,411.743673,420.5317003715278,-8.78802737152779,-9.556019242627563,0.767991871099774
D1,2017-11-16 21:55:03.000000,994,403.919554,420.6591012152778,-16.73954721527781,-9.94088222719795,-6.79866498807986
D1,2017-11-16 22:00:02.000000,994,403.208272,420.6591012152778,-17.450829215277793,-10.316064873502087,-7.134764341775705
D1,2017-11-16 22:05:02.000000,994,411.207453,420.71921111805557,-9.511758118055582,-10.687731019279099,1.175972901223517
D1,2017-11-16 22:10:02.000000,994,410.922956,420.76241272916667,-9.83945672916667,-11.054441213140052,1.2149844839733817
D1,2017-11-16 22:15:03.000000,994,404.204067,420.8086538472222,-16.60458684722221,-11.417217414409205,-5.1873694328130036
D1,2017-11-16 22:20:03.000000,994,403.361479,420.8777958083624,-17.516316808362433,-11.773476583454956,-5.742840224907477
D1,2017-11-16 22:25:02.000000,994,417.554267,420.94426181250003,-3.389994812500049,-12.123103032387476,8.733108219887427
D1,2017-11-16 22:30:01.000000,994,411.163727,421.08925319723187,-9.925526197231875,-12.467127900004702,2.5416017027728266
D1,2017-11-16 22:35:01.000000,994,407.43227,421.0292968888889,-13.597026888888877,-12.80650999393406,-0.7905168949548163
D1,2017-11-16 22:40:02.000000,994,407.049211,421.1776290519031,-14.128418051903111,-13.14102895253335,-0.9873890993697607
D1,2017-11-16 22:45:01.000000,994,403.328578,421.1107221875,-17.782144187500023,-13.467222365150906,-4.314921822349117
D1,2017-11-16 22:50:02.000000,994,399.629895,421.1349634548611,-21.505068454861146,-13.789297560776632,-7.715770894084514
D1,2017-11-16 22:55:04.000000,994,405.615711,421.2722144083045,-15.656503408304502,-14.105935220698615,-1.5505681876058865
D1,2017-11-16 23:00:01.000000,994,414.720138,421.2285477708333,-6.508409770833282,-14.410825205859693,7.902415435026411
D1,2017-11-16 23:05:03.000000,994,397.900931,421.3094030173611,-23.408472017361078,-14.714085700563643,-8.694386316797434
D1,2017-11-16 23:10:03.000000,994,400.899299,421.4156071522491,-20.51630815224911,-15.008442979218408,-5.5078651730307016
D1,2017-11-16 23:15:02.000000,994,407.235193,421.3689045138889,-14.133711513888898,-15.294841865204372,1.1611303513154745
D1,2017-11-16 23:20:00.000000,994,403.30677,421.38801652083333,-18.08124652083336,-15.573217516836673,-2.508029003996688
D1,2017-11-16 23:25:02.000000,994,401.599693,421.5540014636678,-19.954308463667815,-15.84799944525422,-4.106309018413594
D1,2017-11-16 23:30:03.000000,994,411.864026,421.5362767291667,-9.672250729166649,-16.114397796212078,6.442147067045429
D1,2017-11-16 23:35:02.000000,994,399.991115,421.4787364041812,-21.487621404181198,-16.371512712165124,-5.116108692016073
D1,2017-11-16 23:40:02.000000,994,409.489441,421.60717733680553,-12.117736336805535,-16.6218390533971,4.504102716591564
D1,2017-11-16 23:45:01.000000,994,411.92975,421.70136939583335,-9.77161939583334,-16.863589694308427,7.091970298475086
D1,2017-11-16 23:50:02.000000,994,416.689809,421.7766014930556,-5.086792493055555,-17.099035499215187,12.012243006159633
D1,2017-11-16 23:55:05.000000,994,403.252029,421.80380682291667,-18.551777822916677,-17.327904108494746,-1.2238737144219307
D2,2017-11-16 00:00:03.000000,1010,375.305007,371.21413443750004,4.090872562499953,2.3545960105583776,1.7362765519415757
D2,2017-11-16 00:05:04.000000,1010,375.978988,371.1971657465278,4.781822253472228,1.9331588350977948,2.848663418374433
D2,2017-11-16 00:10:02.000000,1010,373.696426,371.18605565853653,2.5103703414634424,1.514911485573874,0.9954588558895685
D2,2017-11-16 00:15:03.000000,1010,376.760403,371.1990806111111,5.561322388888868,1.0916336063404548,4.469688782548413
D2,2017-11-16 00:20:05.000000,1010,370.586341,371.1536523333333,-0.5673113333332935,0.6663246484161887,-1.2336359817494822
D2,2017-11-16 00:25:01.000000,1010,370.708952,371.1536523333333,-0.4447003333332873,0.24905571000337767,-0.693756043336665
D2,2017-11-16 00:30:01.000000,1010,369.376189,371.1974848506945,-1.8212958506944688,-0.17406647950124787,-1.6472293711932209
D2,2017-11-16 00:35:02.000000,1010,371.459592,371.2091876840278,0.25040431597216184,-0.5986143612924364,0.8490186772645982
D2,2017-11-16 00:40:03.000000,1010,367.721523,371.21055671777003,-3.4890337177700417,-1.0229743677077043,-2.4660593500623373
D2,2017-11-16 00:45:00.000000,1010,378.031928,371.2479662013889,6.783961798611074,-1.4413124876838501,8.225274286294924
D2,2017-11-16 00:50:01.000000,1010,362.466796,371.1972185208333,-8.730422520833315,-1.8646961963539086,-6.8657263244794065
D2,2017-11-16 00:55:01.000000,1010,361.103325,371.2175392881944,-10.114214288194432,-2.2858830071668206,-7.828331281027612
D2,2017-11-16 01:00:00.000000,1010,369.131012,371.27068072569443,-2.1396687256944347,-2.704681348431758,0.5650126227373233
D2,2017-11-16 01:05:04.000000,1010,366.46533,371.2140292048611,-4.748699204861111,-3.129270996303501,-1.6194282085576104
D2,2017-11-16 01:10:03.000000,1010,371.934481,371.23878660553635,0.6956943944636578,-3.5454849903750016,4.241179384838659
D2,2017-11-16 01:15:01.000000,1010,363.646418,371.24264803125,-7.596230031250002,-3.95873648913832,-3.637493542111682
D2,2017-11-16 01:20:02.000000,1010,377.388433,371.2618513125,6.126581687499993,-4.374358746079359,10.500940433579352
D2,2017-11-16 01:25:04.000000,1010,379.104315,371.2345259616725,7.869789038327497,-4.789354699514844,12.65914373784234
D2,2017-11-16 01:30:02.000000,1010,370.341253,371.2589741393728,-0.9177211393728157,-5.1966882285010385,4.278967089128223
D2,2017-11-16 01:35:01.000000,1010,361.731377,371.2452551145833,-9.513878114583292,-5.603033122466673,-3.910844992116619
D2,2017-11-16 01:40:03.000000,1010,361.700802,371.2439744738676,-9.543172473867571,-6.010864511806858,-3.532307962060713
D2,2017-11-16 01:45:04.000000,1010,359.847088,371.2828885714286,-11.435800571428615,-6.414560047961089,-5.021240523467526
D2,2017-11-16 01:50:01.000000,1010,354.668932,371.32749411805554,-16.658562118055556,-6.809976288634696,-9.848585829420859
D2,2017-11-16 01:55:01.000000,1010,364.780067,371.30903598263893,-6.528968982638958,-7.206258816918799,0.6772898342798417
D2,2017-11-16 02:00:04.000000,1010,360.904166,371.35590038888887,-10.451734388888895,-7.60312188704329,-2.8486125018456043
D2,2017-11-16 02:05:03.000000,1010,359.050407,371.3972319826389,-12.346824982638907,-7.991226312888886,-4.355598669750021
D2,2017-11-16 02:10:02.000000,1010,368.227142,371.3972319826389,-3.170089982638899,-8.375650285277999,5.2055603026391
D2,2017-11-16 02:15:01.000000,1010,361.762129,371.4455323645833,-9.683403364583285,-8.756212056905778,-0.9271913076775071
D2,2017-11-16 02:20:02.000000,1010,356.032292,371.3857950208333,-15.35350302083333,-9.135236221296209,-6.218266799537121
D2,2017-11-16 02:25:03.000000,1010,359.632641,371.4643465605536,-11.831705560553644,-9.509982410122053,-2.321723150431591
D2,2017-11-16 02:30:02.000000,1010,363.477879,371.4424998541666,-7.96462085416664,-9.877825784608838,1.9132049304421983
D2,2017-11-16 02:35:04.000000,1010,368.717273,371.3934548645833,-2.6761818645833273,-10.244717868161242,7.568536003577915
D2,2017-11-16 02:40:01.000000,1010,367.644952,371.3934548645833,-3.7485028645833154,-10.600814532782698,6.852311668199382
D2,2017-11-16 02:45:02.000000,1010,372.363396,371.31913346689896,1.0442625331010618,-10.956759275315866,12.001021808416928
D2,2017-11-16 02:50:02.000000,1010,357.426538,371.31390236933794,-13.887364369337945,-11.306396591714163,-2.5809677776237816
D2,2017-11-16 02:55:03.000000,1010,368.38026,371.35738928819444,-2.977129288194419,-11.651889784419716,8.674760496225296
D2,2017-11-16 03:00:04.000000,1010,359.663216,371.346484375,-11.683268375000011,-11.991899212504759,0.3086308375047473
D2,2017-11-16 03:05:00.000000,1010,353.67307,371.346484375,-17.673414374999993,-12.320754759734648,-5.352659615265345
D2,2017-11-16 03:10:03.000000,1010,353.044974,371.36127186805555,-18.31629786805553,-12.65157237724623,-5.664725490809298
D2,2017-11-16 03:15:02.000000,1010,371.796649,371.48226366782006,0.31438533217993836,-12.97210033507963,13.286485667259567
D2,2017-11-16 03:20:00.000000,1010,365.377611,371.42361575347223,-6.046004753472232,-13.285551399956173,7.239546646483941
D2,2017-11-16 03:25:02.000000,1010,355.128533,371.51099505882354,-16.382462058823535,-13.596942772739311,-2.7855192860842237
D2,2017-11-16 03:30:01.000000,1010,356.568508,371.4361161944445,-14.867608194444472,-13.898878867275284,-0.9687293271691875
D2,2017-11-16 03:35:02.000000,1010,365.821902,371.41580332055753,-5.5939013205575066,-14.196295725685918,8.602394405128411
D2,2017-11-16 03:40:02.000000,1010,356.323442,371.52420587847223,-15.20076387847223,-14.486055158015027,-0.7147087204572031
D2,2017-11-16 03:45:01.000000,1010,361.869208,371.52420587847223,-9.654997878472216,-14.76808652027047,5.113088641798255
D2,2017-11-16 03:50:03.000000,1010,363.554494,371.48904023693376,-7.934546236933784,-15.045958820477061,7.111412583543277
D2,2017-11-16 03:55:04.000000,1010,360.184078,371.60772122569443,-11.423643225694434,-15.31578940498107,3.8921461792866356
D2,2017-11-16 04:00:02.000000,1010,365.346991,371.60772122569443,-6.260730225694431,-15.575799704081383,9.315069478386953
D2,2017-11-16 04:05:03.000000,1010,362.114429,371.63426501736114,-9.519836017361172,-15.831100036188147,6.311264018826975
D2,2017-11-16 04:10:02.000000,1010,362.757947,371.6149019513889,-8.8569549513889,-16.077292605769912,7.220337654381012
D2,2017-11-16 04:15:02.000000,1010,364.580886,371.64325421527775,-7.062368215277729,-16.316767380168276,9.254399164890547
D2,2017-11-16 04:20:02.000000,1010,367.828824,371.6970339409722,-3.8682099409721786,-16.548574535864322,12.680364594892144
D2,2017-11-16 04:25:02.000000,1010,352.692607,371.71495971527776,-19.022352715277748,-16.772603745206577,-2.2497489700711704
D2,2017-11-16 04:30:04.000000,1010,360.904099,371.7990069548611,-10.89490795486114,-16.9901626565467,6.095254701685562
D2,2017-11-16 04:35:00.000000,1010,361.317816,371.7990069548611,-10.48119095486112,-17.195544527166675,6.714353572305555
D2,2017-11-16 04:40:02.000000,1010,357.120123,371.9177423044983,-14.797619304498312,-17.39697624951647,2.599356945018158
D2,2017-11-16 04:45:03.000000,1010,351.022654,371.82241277083335,-20.799758770833364,-17.58949103005788,-3.2102677407754854
D2,2017-11-16 04:50:02.000000,1010,361.225869,371.90714107266433,-10.681272072664342,-17.77248105219227,7.091208979527927
D2,2017-11-16 04:55:03.000000,1010,357.88614,371.9454143564014,-14.059274356401374,-17.948306569668528,3.8890322132671535
D2,2017-11-16 05:00:02.000000,1010,360.521224,371.88534232638887,-11.364118326388848,-18.114547995717977,6.7504296693291295
D2,2017-11-16 05:05:02.000000,1010,359.556026,371.95384270242215,-12.397816702422176,-18.272836266747372,5.875019564325196
D2,2017-11-16 05:10:02.000000,1010,362.92642,371.891087,-8.96466700000002,-18.422525936224776,9.457858936224756
D2,2017-11-16 05:15:04.000000,1010,368.625437,371.98688992013894,-3.3614529201389587,-18.564456647027633,15.203003726888674
D2,2017-11-16 05:20:03.000000,1010,351.451724,371.9279277421603,-20.476203742160294,-18.696254881454173,-1.7799488607061207
D2,2017-11-16 05:25:02.000000,1010,363.294096,372.08764084083043,-8.793544840830407,-18.819311557419447,10.02576671658904
D2,2017-11-16 05:30:02.000000,1010,357.625697,372.02763684375003,-14.401939843750029,-18.933935800446953,4.531995956696925
D2,2017-11-16 05:35:03.000000,1010,363.156153,372.16105982352946,-9.004906823529438,-19.03998420202858,10.035077378499142
D2,2017-11-16 05:40:02.000000,1010,364.810686,372.01071961672477,-7.200033616724795,-19.136394226419153,11.936360609694358
D2,2017-11-16 05:45:03.000000,1010,352.769222,372.2118441141869,-19.44262211418686,-19.22440939563612,-0.21821271855074187
D2,2017-11-16 05:50:04.000000,1010,353.703756,372.08897464459926,-18.385218644599263,-19.303312624544525,0.9180939799452617
D2,2017-11-16 05:55:05.000000,1010,357.610343,372.1964762395833,-14.586133239583319,-19.37306610871578,4.78693286913246
D2,2017-11-16 06:00:02.000000,1010,348.234539,372.1964762395833,-23.961937239583335,-19.43289184409556,-4.529045395487774
D2,2017-11-16 06:05:04.000000,1010,350.180133,372.1703785783972,-21.990245578397207,-19.484528219912622,-2.505717358484585
D2,2017-11-16 06:10:02.000000,1010,362.405469,372.329473615917,-9.924004615917,-19.5263666357327,9.6023620198157
D2,2017-11-16 06:15:03.000000,1010,355.725921,372.1935450313589,-16.467624031358866,-19.559415694400716,3.0917916630418496
D2,2017-11-16 06:20:03.000000,1010,359.387465,372.39828142560555,-13.010816425605526,-19.58312867650573,6.572312250900204
D2,2017-11-16 06:25:03.000000,1010,356.767734,372.26998543902437,-15.502251439024349,-19.597619428836907,4.095367989812559
D2,2017-11-16 06:30:03.000000,1010,352.7692,372.3067485520833,-19.537548552083308,-19.602881054580955,0.06533250249764677
D2,2017-11-16 06:35:04.000000,1010,358.652045,372.3067485520833,-13.654703552083333,-19.59888237968793,5.9441788276045955
D2,2017-11-16 06:40:02.000000,1010,358.86658,372.3140362916667,-13.447456291666697,-19.58577062812127,6.138314336454574
D2,2017-11-16 06:45:03.000000,1010,359.739809,372.32143050347224,-12.581621503472263,-19.563288097683607,6.981666594211344
D2,2017-11-16 06:50:02.000000,1010,355.710723,372.32143050347224,-16.61070750347227,-19.531772846903813,2.9210653434315432
D2,2017-11-16 06:55:03.000000,1010,355.588067,372.36792248958335,-16.779855489583326,-19.490818383734226,2.7109628941508994
D2,2017-11-16 07:00:03.000000,1010,356.90561,372.36834822222227,-15.462738222222242,-19.44080636682853,3.9780681446062864
D2,2017-11-16 07:05:00.000000,1010,354.148092,372.38372122916667,-18.235629229166648,-19.382276748828158,1.14664751966151
D2,2017-11-16 07:10:02.000000,1010,362.543389,372.44736930103807,-9.903980301038075,-19.313589784805217,9.409609483767142
D2,2017-11-16 07:15:01.000000,1010,354.224552,372.39558330555553,-18.171031305555516,-19.23650629075449,1.0654749851989749
D2,2017-11-16 07:20:02.000000,1010,353.182783,372.41116918055553,-19.22838618055556,-19.149819827783503,-0.07856635277205726
D2,2017-11-16 07:25:01.000000,1010,355.067228,372.41765900347224,-17.350431003472238,-19.054723313859093,1.7042923103868546
D2,2017-11-16 07:30:05.000000,1010,357.671626,372.48925834375,-14.817632343750006,-18.948901030915437,4.131268687165431
D2,2017-11-16 07:35:00.000000,1010,343.117622,372.48925834375,-29.371636343750026,-18.83745405509452,-10.534182288655508
D2,2017-11-16 07:40:02.000000,1010,354.592228,372.5186219305555,-17.926393930555548,-18.71448119547645,0.7880872649209003
D2,2017-11-16 07:45:03.000000,1010,352.079798,372.60820136458335,-20.52840336458337,-18.583033112679338,-1.9453702519040306
D2,2017-11-16 07:50:03.000000,1010,356.660477,372.5543396480836,-15.893862648083598,-18.443260848396456,2.549398200312858
D2,2017-11-16 07:55:04.000000,1010,360.643746,372.64421371180555,-12.000467711805527,-18.294299593105244,6.293831881299717
D2,2017-11-16 08:00:01.000000,1010,346.212219,372.70690791349483,-26.494688913494826,-18.138823248600954,-8.355865664893873
D2,2017-11-16 08:05:01.000000,1010,355.465635,372.6615547465278,-17.195919746527807,-17.973284542709003,0.777364796181196
D2,2017-11-16 08:10:00.000000,1010,344.021603,372.67453415625,-28.652931156249963,-17.79988374408193,-10.853047412168031
D2,2017-11-16 08:15:01.000000,1010,353.121723,372.6710229131944,-19.54929991319443,-17.616921849531355,-1.9323780636630765
D2,2017-11-16 08:20:03.000000,1010,355.863953,372.67769843554004,-16.813745435540056,-17.424968838336007,0.6112234027959502
D2,2017-11-16 08:25:01.000000,1010,355.710656,372.7195883923611,-17.008932392361146,-17.227417412987286,0.21848502062614017
D2,2017-11-16 08:30:03.000000,1010,352.616059,372.80518707266435,-20.189128072664346,-17.019059677065307,-3.1700683955990385
D2,2017-11-16 08:35:03.000000,1010,356.492004,372.86853434256057,-16.376530342560557,-16.80405302719902,0.42752268463846477
D2,2017-11-16 08:40:02.000000,1010,357.579746,372.74282082578395,-15.163074825783951,-16.58190286344556,1.4188280376616085
D2,2017-11-16 08:45:04.000000,1010,355.465479,372.8585150657439,-17.3930360657439,-16.34966528831547,-1.0433707774284287
D2,2017-11-16 08:50:00.000000,1010,347.912769,372.8304979930556,-24.91772899305556,-16.114485407685407,-8.803243585370154
D2,2017-11-16 08:55:02.000000,1010,350.348717,372.88300060069446,-22.534283600694437,-15.86694272315159,-6.667340877542847
D2,2017-11-16 09:00:03.000000,1010,343.362821,372.90610933101044,-29.543288331010444,-15.612703822760928,-13.930584508249517
D2,2017-11-16 09:05:00.000000,1010,354.837449,372.98933609027773,-18.15188709027774,-15.354607973910253,-2.797279116367486
D2,2017-11-16 09:10:01.000000,1010,347.315337,373.0248610761246,-25.70952407612458,-15.085827041049171,-10.62369703507541
D2,2017-11-16 09:15:04.000000,1010,354.990613,373.00449661805555,-18.01388361805556,-14.80806022493281,-3.205823393122749
D2,2017-11-16 09:20:01.000000,1010,359.249477,373.00449661805555,-13.755019618055542,-14.528912806658946,0.7738931886034042
D2,2017-11-16 09:25:04.000000,1010,353.489332,373.06843672916665,-19.57910472916666,-14.237242097458788,-5.341862631707871
D2,2017-11-16 09:30:01.000000,1010,353.550638,373.06843672916665,-19.517798729166657,-13.944735029626365,-5.573063699540292
D2,2017-11-16 09:35:05.000000,1010,352.141148,373.07242601388884,-20.931278013888857,-13.638698094241681,-7.292579919647176
D2,2017-11-16 09:40:00.000000,1010,352.263692,373.07242601388884,-20.808734013888852,-13.335444060573892,-7.473289953314961
D2,2017-11-16 09:45:03.000000,1010,353.121522,373.1463663402778,-20.024844340277753,-13.017677393925094,-7.007166946352658
D2,2017-11-16 09:50:04.000000,1010,355.971098,373.18489934602076,-17.213801346020773,-12.695849320538613,-4.51795202548216
D2,2017-11-16 09:55:02.000000,1010,347.606376,373.1665800208333,-25.560204020833282,-12.371333537409726,-13.188870483423557
D2,2017-11-16 10:00:03.000000,1010,355.618709,373.15684521180555,-17.538136211805522,-12.037751916492542,-5.50038429531298
D2,2017-11-16 10:05:02.000000,1010,349.429493,373.15684521180555,-23.727352211805567,-11.700774162322267,-12.0265780494833
D2,2017-11-16 10:10:03.000000,1010,360.96536,373.1631744756944,-12.197814475694429,-11.356053846616694,-0.8417606290777346
D2,2017-11-16 10:15:04.000000,1010,360.168791,373.18423930902776,-13.01544830902776,-11.005991508380733,-2.009456800647028
D2,2017-11-16 10:20:01.000000,1010,364.795465,373.18423930902776,-8.38877430902778,-10.655508811063857,2.2667345020360763
D2,2017-11-16 10:25:04.000000,1010,371.873287,373.19913327083333,-1.325846270833324,-10.292923899883377,8.967077629050053
D2,2017-11-16 10:30:01.000000,1010,352.110573,373.19913327083333,-21.08856027083334,-9.93276516310091,-11.15579510773243
D2,2017-11-16 10:35:05.000000,1010,358.437643,373.1691843229167,-14.731541322916712,-9.559420492934574,-5.172120829982138
D2,2017-11-16 10:40:04.000000,1010,353.335991,373.1385975451389,-19.80260654513893,-9.18775654756081,-10.61484999757812
D2,2017-11-16 10:45:02.000000,1010,357.426538,373.1307738027682,-15.70423580276821,-8.813110559852564,-6.8911252429156455
D2,2017-11-16 10:50:04.000000,1010,354.240061,373.1653008888889,-18.925239888888882,-8.429312981467234,-10.495926907421648
D2,2017-11-16 10:55:04.000000,1010,364.443032,373.1461021672474,-8.703070167247404,-8.044130040258729,-0.658940126988675
D2,2017-11-16 11:00:02.000000,1010,357.778905,373.1389371211073,-15.360032121107281,-7.65782150769142,-7.702210613415861
D2,2017-11-16 11:05:01.000000,1010,349.827855,373.1173728472222,-23.289517847222214,-7.266699906303625,-16.02281794091859
D2,2017-11-16 11:10:03.000000,1010,358.008617,373.1520556875,-15.143438687500009,-6.868266322495867,-8.275172365004142
D2,2017-11-16 11:15:04.000000,1010,362.129784,373.16189665625,-11.032112656250035,-6.467954725736646,-4.56415793051339
D2,2017-11-16 11:20:01.000000,1010,364.075333,373.1358626712803,-9.060529671280278,-6.070021565998841,-2.990508105281437
D2,2017-11-16 11:25:04.000000,1010,368.073978,373.2362097083333,-5.162231708333309,-5.661232015335097,0.4990003070017881
D2,2017-11-16 11:30:02.000000,1010,364.534979,373.2362097083333,-8.701230708333298,-5.256603947510758,-3.4446267608225405
D2,2017-11-16 11:35:00.000000,1010,362.466885,373.2627539618056,-10.795868961805581,-4.849604239418092,-5.94626472238749
D2,2017-11-16 11:40:05.000000,1010,364.856749,373.3564294583333,-8.49968045833333,-4.430787755643153,-4.068892702690177
D2,2017-11-16 11:45:03.000000,1010,364.274559,373.370116,-9.095556999999985,-4.019574809805537,-5.075982190194448
D2,2017-11-16 11:50:02.000000,1010,359.632575,373.3632910798611,-13.73071607986111,-3.60518244383953,-10.125533636021581
D2,2017-11-16 11:55:02.000000,1010,365.040531,373.3753660208333,-8.334835020833339,-3.1877894732237335,-5.147045547609605
D2,2017-11-16 12:00:02.000000,1010,367.87473,373.41606010069444,-5.541330100694438,-2.76897756632626,-2.772352534368178
D2,2017-11-16 12:05:03.000000,1010,361.85401,373.4555306076388,-11.601520607638804,-2.347544133535275,-9.25397647410353
D2,2017-11-16 12:10:03.000000,1010,369.759153,373.4787121358885,-3.71955913588846,-1.9264898657868923,-1.7930692701015676
D2,2017-11-16 12:15:00.000000,1010,373.956779,373.48515998611106,0.471619013888926,-1.508839094180265,1.980458108069191
D2,2017-11-16 12:20:04.000000,1010,355.710611,373.49537900346024,-17.78476800346027,-1.0807171298777143,-16.704050873582556
D2,2017-11-16 12:25:03.000000,1010,372.700564,373.53170459375,-0.8311405937500354,-0.6592187553125655,-0.1719218384374699
D2,2017-11-16 12:30:04.000000,1010,376.714408,373.5409600451389,3.1734479548611034,-0.234685250743365,3.4081332056044684
D2,2017-11-16 12:35:02.000000,1010,376.239475,373.52681356055365,2.7126614394463786,0.18563099557467444,2.527030443871704
D2,2017-11-16 12:40:05.000000,1010,381.984488,373.52106500694447,8.46342299305553,0.6128095865843899,7.85061340647114
D2,2017-11-16 12:45:02.000000,1010,368.931764,373.50534771428573,-4.573583714285746,1.0311444800618448,-5.604728194347591
D2,2017-11-16 12:50:05.000000,1010,374.079434,373.56048181250003,0.5189521874999627,1.4573342919138605,-0.9383821044138978
D2,2017-11-16 12:55:01.000000,1010,385.523421,373.56048181250003,11.962939187499956,1.8728996414490502,10.090039546050905
D2,2017-11-16 13:00:05.000000,1010,372.164437,373.6197935763889,-1.4553565763888514,2.298691809934647,-3.7540483863234986
D2,2017-11-16 13:05:03.000000,1010,373.206161,373.6197935763889,-0.4136325763888635,2.7148931821859406,-3.128525758574804
D2,2017-11-16 13:10:02.000000,1010,378.368918,373.64787996875,4.721038031250032,3.1311121260989867,1.5899259051510453
D2,2017-11-16 13:15:03.000000,1010,380.820154,373.68931849652773,7.1308355034722695,3.548520887153403,3.5823146163188664
D2,2017-11-16 13:20:03.000000,1010,369.238246,373.6916587847222,-4.453412784722218,3.962752967037061,-8.41616575175928
D2,2017-11-16 13:25:05.000000,1010,383.393955,373.65314590625,9.740809093749988,4.377741931084808,5.36306716266518
D2,2017-11-16 13:30:03.000000,1010,367.307895,373.6646856027874,-6.3567906027874415,4.785067915261429,-11.14185851804887
D2,2017-11-16 13:35:01.000000,1010,380.667013,373.6283574270833,7.038655572916696,5.190049756748898,1.8486058161677974
D2,2017-11-16 13:40:03.000000,1010,384.144551,373.62154225605536,10.523008743944615,5.5978811460890885,4.925127597855527
D2,2017-11-16 13:45:04.000000,1010,384.129286,373.6547265155709,10.47455948442905,6.001576682243317,4.472982802185734
D2,2017-11-16 13:50:01.000000,1010,374.324522,373.67836888235297,0.6461531176470316,6.39699292291693,-5.750839805269898
D2,2017-11-16 13:55:04.000000,1010,385.937004,373.7756083902439,12.161395609756084,6.797221765377024,5.36417384437906
D2,2017-11-16 14:00:03.000000,1010,383.761609,373.73890665397926,10.022702346020765,7.188834543136684,2.8338678028840807
D2,2017-11-16 14:05:02.000000,1010,393.826749,373.76037575432525,20.066373245674754,7.576950971275725,12.489422274399029
D2,2017-11-16 14:10:02.000000,1010,392.095601,373.8114520347222,18.28414896527778,7.962666919560219,10.321482045717561
D2,2017-11-16 14:15:01.000000,1010,372.623971,373.82373960763886,-1.1997686076388732,8.343228691187997,-9.54299729882687
D2,2017-11-16 14:20:04.000000,1010,387.25448,373.87241295138887,13.382067048611134,8.724757181564087,4.657309867047047
D2,2017-11-16 14:25:01.000000,1010,383.792206,373.87241295138887,9.919793048611155,9.094523549492045,0.8252694991191092
D2,2017-11-16 14:30:03.000000,1010,378.047304,373.9556091145833,4.0916948854167,9.466065088913357,-5.374370203496657
D2,2017-11-16 14:35:02.000000,1010,383.669662,373.9556091145833,9.71405288541672,9.82932048500177,-0.1152675995850494
D2,2017-11-16 14:40:03.000000,1010,389.108194,373.99467932404184,15.113514675958186,10.190212874075073,4.923301801883113
D2,2017-11-16 14:45:02.000000,1010,386.2128,373.9977924791667,12.215007520833296,10.54377590959809,1.671231611235207
D2,2017-11-16 14:50:03.000000,1010,384.849284,374.04619971875,10.803084281249994,10.894569941202596,-0.0914856599526015
D2,2017-11-16 14:55:02.000000,1010,388.51085,374.04619971875,14.464650281249988,11.237767588826912,3.226882692423075
D2,2017-11-16 15:00:03.000000,1010,386.948131,374.06832872916664,12.879802270833352,11.577795506585627,1.302006764247725
D2,2017-11-16 15:05:02.000000,1010,396.400528,374.16389371428573,22.236634285714274,11.909974470082902,10.326659815631372
D2,2017-11-16 15:10:04.000000,1010,393.734868,374.2198268576389,19.5150411423611,12.239670902801636,7.275370239559463
D2,2017-11-16 15:15:01.000000,1010,387.039989,374.2198268576389,12.820162142361085,12.558054944545125,0.2621071978159595
D2,2017-11-16 15:20:02.000000,1010,391.329651,374.21983593728226,17.109815062717757,12.874651145948803,4.235163916768954
D2,2017-11-16 15:25:00.000000,1010,391.55934,374.1855696736111,17.37377032638892,13.181918292187818,4.191852034201103
D2,2017-11-16 15:30:02.000000,1010,389.429919,374.2656892195122,15.164229780487801,13.486894538599891,1.67733524188791
D2,2017-11-16 15:35:03.000000,1010,397.626146,374.27689877003485,23.349247229965158,13.784289362568474,9.564957867396684
D2,2017-11-16 15:40:00.000000,1010,385.783841,374.23408253472223,11.549758465277762,14.071162414599236,-2.521403949321474
D2,2017-11-16 15:45:02.000000,1010,387.484325,374.25610584375,13.22821915625002,14.35603492579075,-1.1278157695407298
D2,2017-11-16 15:50:05.000000,1010,394.209779,374.30174682986114,19.90803217013888,14.634791958192992,5.27324021194589
D2,2017-11-16 15:55:02.000000,1010,392.92299,374.30174682986114,18.621243170138882,14.901036894533886,3.720206275604996
D2,2017-11-16 16:00:03.000000,1010,385.799106,374.34549245296165,11.453613547038344,15.163676772529298,-3.710063225490954
D2,2017-11-16 16:05:03.000000,1010,387.775386,374.2693302802768,13.506055719723236,15.418116670470381,-1.9120609507471453
D2,2017-11-16 16:10:04.000000,1010,395.128937,374.3464831215278,20.78245387847221,15.665930878133326,5.116523000338885
D2,2017-11-16 16:15:03.000000,1010,395.435464,374.37308084375,21.062383156250007,15.90456950404651,5.157813652203497
D2,2017-11-16 16:20:04.000000,1010,396.293249,374.3903154027778,21.902933597222216,16.13711057238236,5.765823024839857
D2,2017-11-16 16:25:00.000000,1010,393.152679,374.3903154027778,18.76236359722219,16.358152841719747,2.4042107555024437
D2,2017-11-16 16:30:02.000000,1010,405.577173,374.4077629861111,31.16941001388892,16.575765016706992,14.59364499718193
D2,2017-11-16 16:35:03.000000,1010,398.821166,374.4963966062718,24.324769393728218,16.78460259748697,7.540166796241248
D2,2017-11-16 16:40:01.000000,1010,396.278051,374.4404773368056,21.837573663194405,16.983339520500795,4.85423414269361
D2,2017-11-16 16:45:03.000000,1010,394.347811,374.46925571875,19.878555281249987,17.17650766434011,2.7020476169098764
D2,2017-11-16 16:50:00.000000,1010,399.081608,374.4997365625,24.581871437500013,17.358301168201116,7.223570269298897
D2,2017-11-16 16:55:02.000000,1010,401.486804,374.50952445138887,26.977279548611136,17.53475309406296,9.442526454548176
D2,2017-11-16 17:00:02.000000,1010,399.801652,374.53218543055556,25.269466569444432,17.70156463000021,7.567901939444223
D2,2017-11-16 17:05:00.000000,1010,389.322707,374.52250378472223,14.800203215277747,17.858826035369045,-3.0586228200912977
D2,2017-11-16 17:10:02.000000,1010,397.534221,374.52633359375,23.007887406250006,18.009542570507,4.998344835743005
D2,2017-11-16 17:15:00.000000,1010,409.422566,374.52894021527777,34.893625784722246,18.14965111887906,16.743974665843187
D2,2017-11-16 17:20:03.000000,1010,394.807256,374.4959596875,20.31129631250002,18.283271515736406,2.0280247967636136
D2,2017-11-16 17:25:01.000000,1010,395.205685,374.5351109340278,20.670574065972232,18.40593126570221,2.264642800270021
D2,2017-11-16 17:30:03.000000,1010,401.302954,374.5073965763889,26.795557423611115,18.5213196397364,8.274237783874714
D2,2017-11-16 17:35:00.000000,1010,400.307115,374.5073965763889,25.799718423611125,18.625988314477986,7.173730109133139
D2,2017-11-16 17:40:04.000000,1010,402.957576,374.5269307108014,28.430645289198594,18.72402566011551,9.706619629083082
D2,2017-11-16 17:45:02.000000,1010,399.188843,374.50564118750003,24.683201812499988,18.81114868440042,5.872053128099569
D2,2017-11-16 17:50:04.000000,1010,409.146792,374.4874152179931,34.659376782006916,18.89032925882675,15.769047523180166
D2,2017-11-16 17:55:02.000000,1010,391.865867,374.5595807013889,17.3062862986111,18.959432780838057,-1.6531464822269584
D2,2017-11-16 18:00:04.000000,1010,400.414394,374.63118043055556,25.783213569444456,19.02028097348315,6.762932595961306
D2,2017-11-16 18:05:04.000000,1010,394.332323,374.60546944290655,19.72685355709342,19.07154485419485,0.6553087028985694
D2,2017-11-16 18:10:00.000000,1010,395.9869,374.69027963888885,21.296620361111138,19.113132697727586,2.183487663383552
D2,2017-11-16 18:15:03.000000,1010,399.388046,374.7202280451389,24.66781795486105,19.146432328682945,5.521385626178105
D2,2017-11-16 18:20:01.000000,1010,404.167862,374.75980509722217,29.408056902777844,19.170017749957807,10.238039152820036
D2,2017-11-16 18:25:05.000000,1010,397.534288,374.78251923263883,22.75176876736117,19.18470170450263,3.5670670628585412
D2,2017-11-16 18:30:02.000000,1010,389.629145,374.75464129065745,14.874503709342548,19.189895484702447,-4.315391775359899
D2,2017-11-16 18:35:04.000000,1010,396.584311,374.8309796284723,21.753331371527736,19.185899013970158,2.5674323575575784
D2,2017-11-16 18:40:02.000000,1010,392.049672,374.834118375,17.215553624999984,19.172787262403503,-1.9572336374035189
D2,2017-11-16 18:45:02.000000,1010,396.369909,374.8653968298611,21.504512170138923,19.150394786591775,2.3541173835471483
D2,2017-11-16 18:50:02.000000,1010,395.266857,374.87624858333334,20.39060841666668,19.11878948118604,1.2718189354806384
D2,2017-11-16 18:55:03.000000,1010,392.448079,374.8704161384083,17.577662861591705,19.077835018016454,-1.5001721564247497
D2,2017-11-16 19:00:03.000000,1010,405.301488,374.88753847750866,30.41394952249135,19.02782300111076,11.38612652138059
D2,2017-11-16 19:05:02.000000,1010,385.875788,375.02245616027875,10.85333183972125,18.96886889054099,-8.11553705081974
D2,2017-11-16 19:10:01.000000,1010,391.099761,374.9673699201389,16.132391079861122,18.900849085961624,-2.768458006100502
D2,2017-11-16 19:15:03.000000,1010,391.13047,375.06339879094077,16.067071209059236,18.82297698187321,-2.755905772813975
D2,2017-11-16 19:20:04.000000,1010,394.408983,375.0372151840278,19.37176781597219,18.736230070012418,0.6355377459597733
D2,2017-11-16 19:25:04.000000,1010,390.854651,375.02721465972223,15.827436340277757,18.640740571070022,-2.8133042307922658
D2,2017-11-16 19:30:02.000000,1010,404.121933,375.02721465972223,29.09471834027778,18.53700680325177,10.557711537026009
D2,2017-11-16 19:35:01.000000,1010,391.91184,375.1554796898955,16.75636031010447,18.424078291072863,-1.6677179809683942
D2,2017-11-16 19:40:02.000000,1010,393.750245,375.01460561245676,18.735639387543245,18.301497829758684,0.4341415577845602
D2,2017-11-16 19:45:02.000000,1010,397.304376,375.08551664583337,22.218859354166625,18.17050106465744,4.048358289509185
D2,2017-11-16 19:50:05.000000,1010,392.049739,375.1429137013889,16.906825298611068,18.02931646609737,-1.1224911674863023
D2,2017-11-16 19:55:01.000000,1010,390.150007,375.1429137013889,15.007093298611096,17.882843770161664,-2.8757504715505675
D2,2017-11-16 20:00:00.000000,1010,390.762838,375.14546685416667,15.617371145833317,17.726377449100287,-2.1090063032669697
D2,2017-11-16 20:05:04.000000,1010,391.712637,375.25321874564463,16.45941825435534,17.558602952292585,-1.0991846979372433
D2,2017-11-16 20:10:03.000000,1010,389.966157,375.33776398611116,14.628393013888854,17.38511828398922,-2.756725270100368
D2,2017-11-16 20:15:04.000000,1010,392.585821,375.4047883715278,17.181032628472224,17.202072809857704,-0.02104018138548014
D2,2017-11-16 20:20:03.000000,1010,384.742006,375.4047883715278,9.337217628472217,17.011985472618235,-7.674767844146018
D2,2017-11-16 20:25:02.000000,1010,389.368703,375.52346498263887,13.845238017361112,16.813757613347633,-2.968519595986521
D2,2017-11-16 20:30:01.000000,1010,395.940927,375.52346498263887,20.417462017361117,16.60748294987243,3.809979067488687
D2,2017-11-16 20:35:02.000000,1010,393.642899,375.5941073159722,18.048791684027776,16.39179953022662,1.6569921538011556
D2,2017-11-16 20:40:04.000000,1010,393.65832,375.6490573055555,18.009262694444487,16.16740735834683,1.8418553360976588
D2,2017-11-16 20:45:02.000000,1010,385.262957,375.6490573055555,9.613899694444456,15.938245656396294,-6.324345961951838
D2,2017-11-16 20:50:00.000000,1010,391.390889,375.7000713194445,15.69081768055554,15.701502041967636,-0.010684361412096166
D2,2017-11-16 20:55:04.000000,1010,394.791946,375.80300289236106,18.98894310763893,15.452294691759668,3.536648415879263
D2,2017-11-16 21:00:05.000000,1010,396.875416,375.9047638159722,20.970652184027756,15.19800633900232,5.772645845025435
D2,2017-11-16 21:05:01.000000,1010,381.371724,375.9240735694445,5.447650430555484,14.940743594066443,-9.49309316351096
D2,2017-11-16 21:10:00.000000,1010,387.254524,375.9240735694445,11.330450430555516,14.67374851042434,-3.343298079868825
D2,2017-11-16 21:15:02.000000,1010,386.840941,376.0223768715278,10.81856412847219,14.396933696185528,-3.578369567713338
D2,2017-11-16 21:20:01.000000,1010,389.276845,376.0479635,13.2288815,14.115929440941171,-0.8870479409411711
D2,2017-11-16 21:25:02.000000,1010,392.907658,376.08594464236114,16.821713357638885,13.82620644232329,2.9955069153155947
D2,2017-11-16 21:30:03.000000,1010,382.030462,376.2311359372822,5.799326062717796,13.529760041616084,-7.730433978898288
D2,2017-11-16 21:35:00.000000,1010,381.12648,376.1966419895833,4.929838010416688,13.230801742420347,-8.300963732003659
D2,2017-11-16 21:40:04.000000,1010,389.230738,376.36553408333333,12.865203916666644,12.918306938230941,-0.05310302156429714
D2,2017-11-16 21:45:02.000000,1010,377.679561,376.36553408333333,1.3140269166666485,12.605753078904872,-11.291726162238223
D2,2017-11-16 21:50:00.000000,1010,384.282405,376.4329316597222,7.849473340277768,12.287182316584907,-4.437708976307139
D2,2017-11-16 21:55:03.000000,1010,385.845057,376.57996130555557,9.265095694444426,11.957251489044758,-2.692155794600332
D2,2017-11-16 22:00:02.000000,1010,380.513693,376.57996130555557,3.9337316944444183,11.62588626968121,-7.692154575236792
D2,2017-11-16 22:05:02.000000,1010,375.932926,376.6663495277778,-0.7334235277778021,11.287790796604504,-12.021214324382306
D2,2017-11-16 22:10:02.000000,1010,388.909057,376.7808773020833,12.128179697916721,10.94422466759581,1.1839550303209112
D2,2017-11-16 22:15:03.000000,1010,381.356303,376.8369975486111,4.519305451388902,10.594179800653679,-6.0748743492647765
D2,2017-11-16 22:20:03.000000,1010,380.299269,376.9747174285714,3.3245515714285716,10.240148585744677,-6.915597014316106
D2,2017-11-16 22:25:02.000000,1010,379.609823,376.9775372222222,2.6322857777777813,9.882350084197911,-7.25006430642013
D2,2017-11-16 22:30:01.000000,1010,378.39956,376.99634644636683,1.4032135536331793,9.519781797383128,-8.11656824374995
D2,2017-11-16 22:35:01.000000,1010,370.279926,377.0827553819445,-6.802829381944491,9.151379636177849,-15.95420901812234
D2,2017-11-16 22:40:02.000000,1010,371.260455,377.2143774740484,-5.953922474048397,8.777273531486296,-14.731196005534693
D2,2017-11-16 22:45:01.000000,1010,370.877536,377.2972885381944,-6.419752538194359,8.401391253248242,-14.821143791442601
D2,2017-11-16 22:50:02.000000,1010,385.845057,377.3912830659722,8.453773934027822,8.018884572330759,0.4348893616970635
D2,2017-11-16 22:55:04.000000,1010,372.286936,377.52210246020763,-5.2351664602076085,7.631146674540952,-12.86631313474856
D2,2017-11-16 23:00:01.000000,1010,371.93457,377.5675158993056,-5.632945899305582,7.246140432874718,-12.8790863321803
D2,2017-11-16 23:05:03.000000,1010,380.054137,377.81657126041665,2.237565739583374,6.851088897281604,-4.61352315769823
D2,2017-11-16 23:10:03.000000,1010,371.704702,377.8402167785467,-6.135514778546678,6.455282956778106,-12.590797735324784
D2,2017-11-16 23:15:02.000000,1010,372.899745,377.90907649999997,-5.009331499999973,6.057641351553618,-11.06697285155359
D2,2017-11-16 23:20:00.000000,1010,365.638075,377.9590791111111,-12.321004111111108,5.658382736294833,-17.97938684740594
D2,2017-11-16 23:25:02.000000,1010,382.673845,378.05639338408304,4.617451615916934,5.250955832246926,-0.6335042163299915
D2,2017-11-16 23:30:03.000000,1010,374.401137,378.18355994097226,-3.7824229409722534,4.8422586702723684,-8.624681611244622
D2,2017-11-16 23:35:02.000000,1010,379.487346,378.2383218745645,1.2490241254354828,4.433881751414224,-3.184857625978741
D2,2017-11-16 23:40:02.000000,1010,388.035917,378.2724477743056,9.763469225694394,4.021934354602543,5.741534871091851
D2,2017-11-16 23:45:01.000000,1010,377.31184,378.31686495486116,-1.0050249548611419,3.609357447755043,-4.614382402616185
D2,2017-11-16 23:50:02.000000,1010,376.270072,378.4132000034722,-2.1431280034721567,3.192199078121745,-5.335327081593902
D2,2017-11-16 23:55:05.000000,1010,381.341038,378.59533806597227,2.745699934027755,2.770624680513511,-0.024924746485756266
D3,2017-11-16 00:00:03.000000,1026,361.11859,366.0211905833333,-4.90260058333331,7.438970592065892,-12.341571175399203
D3,2017-11-16 00:05:04.000000,1026,374.799299,366.0620436736111,8.737255326388947,7.351575381612798,1.3856799447761494
D3,2017-11-16 00:10:02.000000,1026,386.243464,366.1197300174216,20.123733982578415,7.261280886880088,12.862453095698328
D3,2017-11-16 00:15:03.000000,1026,365.546083,366.12502531250004,-0.5789423125000326,7.1663124334784625,-7.745254745978495
D3,2017-11-16 00:20:05.000000,1026,370.954018,366.0890127395834,4.865005260416638,7.067271416703263,-2.2022661562866253
D3,2017-11-16 00:25:01.000000,1026,371.566938,366.0890127395834,5.477925260416612,6.966592215511092,-1.4886669550944802
D3,2017-11-16 00:30:01.000000,1026,371.04592,366.12481244791667,4.921107552083356,6.86095822397173,-1.9398506718883741
D3,2017-11-16 00:35:02.000000,1026,366.220109,366.11188604513893,0.10822295486104849,6.751385990402515,-6.643163035541466
D3,2017-11-16 00:40:03.000000,1026,365.117146,366.12207792334493,-1.004931923344941,6.638274103141949,-7.64320602648689
D3,2017-11-16 00:45:00.000000,1026,378.30759,366.08996959374997,12.217620406250035,6.523248833904638,5.694371572345396
D3,2017-11-16 00:50:01.000000,1026,375.105871,366.07996891666664,9.025902083333335,6.403267095660821,2.622634987672514
D3,2017-11-16 00:55:01.000000,1026,379.38,366.0233169340278,13.35668306597222,6.280327831243351,7.076355234728869
D3,2017-11-16 01:00:00.000000,1026,363.677038,365.98655890277774,-2.309520902777763,6.154522763748496,-8.464043666526258
D3,2017-11-16 01:05:04.000000,1026,373.160165,365.89389403819445,7.26627096180556,6.023322707716385,1.2429482540891748
D3,2017-11-16 01:10:03.000000,1026,376.423279,365.88357313840834,10.539705861591642,5.891105315801825,4.648600545789817
D3,2017-11-16 01:15:01.000000,1026,367.859465,365.9553340729167,1.9041309270833153,5.756259465362419,-3.8521285382791035
D3,2017-11-16 01:20:02.000000,1026,354.408401,365.9701221840278,-11.56172118402776,5.617008722031372,-17.178729906059132
D3,2017-11-16 01:25:04.000000,1026,380.467787,365.98334312195124,14.48444387804875,5.474284333261483,9.010159544787268
D3,2017-11-16 01:30:02.000000,1026,368.947163,365.9372758466899,3.0098871533101033,5.330561078534231,-2.3206739252241277
D3,2017-11-16 01:35:01.000000,1026,368.793955,365.90245804166665,2.8914969583333345,5.183539286648655,-2.29204232831532
D3,2017-11-16 01:40:03.000000,1026,372.562688,365.9266527665505,6.6360352334494905,5.0322495202173485,1.603785713232142
D3,2017-11-16 01:45:04.000000,1026,365.929114,365.89633313240415,0.03278086759587495,4.8787401469902765,-4.8459592793944015
D3,2017-11-16 01:50:01.000000,1026,363.738276,365.8784140104167,-2.140138010416706,4.724680457378612,-6.864818467795318
D3,2017-11-16 01:55:01.000000,1026,369.958245,365.90671295833334,4.051532041666633,4.5665260414799675,-0.5149939998133348
D3,2017-11-16 02:00:04.000000,1026,368.073867,365.90517028125004,2.1686967187499704,4.4042767714279005,-2.23558005267793
D3,2017-11-16 02:05:03.000000,1026,371.214593,365.8718177951389,5.342775204861084,4.241770013313065,1.101005191548019
D3,2017-11-16 02:10:02.000000,1026,379.763098,365.8718177951389,13.891280204861118,4.076956973900234,9.814323230960884
D3,2017-11-16 02:15:01.000000,1026,378.001264,365.87463712847216,12.126626871527833,3.909915573214873,8.21671129831296
D3,2017-11-16 02:20:02.000000,1026,361.608922,365.8789991423612,-4.270077142361174,3.7395860167593304,-8.009663159120505
D3,2017-11-16 02:25:03.000000,1026,371.214504,365.82542014532874,5.389083854671242,3.567159832184197,1.8219240224870448
D3,2017-11-16 02:30:02.000000,1026,367.139378,365.82208121180554,1.3172967881944828,3.3938851679658137,-2.076588379771331
D3,2017-11-16 02:35:04.000000,1026,374.094566,365.76771759027775,8.326848409722231,3.216938049852368,5.109910359869863
D3,2017-11-16 02:40:01.000000,1026,366.741104,365.76771759027775,0.9733864097222522,3.04110745488757,-2.067721045165318
D3,2017-11-16 02:45:02.000000,1026,380.391283,365.7585612334495,14.632721766550503,2.8611588848827325,11.771562881667771
D3,2017-11-16 02:50:02.000000,1026,367.614288,365.8126347979094,1.801653202090563,2.68014064404235,-0.878487441951787
D3,2017-11-16 02:55:03.000000,1026,354.23995,365.7476632326389,-11.507713232638878,2.4969327226188565,-14.004645955257734
D3,2017-11-16 03:00:04.000000,1026,369.62121,365.74569528472216,3.875514715277859,2.312223558060157,1.563291157217702
D3,2017-11-16 03:05:00.000000,1026,357.334569,365.74569528472216,-8.411126284722172,2.1292044332216884,-10.54033071794386
D3,2017-11-16 03:10:03.000000,1026,369.621299,365.8039426423611,3.8173563576389142,1.9405306348275118,1.8768257228114025
D3,2017-11-16 03:15:02.000000,1026,362.956994,365.82563288581315,-2.868638885813141,1.753120729314265,-4.621759615127406
D3,2017-11-16 03:20:00.000000,1026,373.834279,365.8112303784722,8.023048621527778,1.5652134731649254,6.457835148362852
D3,2017-11-16 03:25:02.000000,1026,373.772907,365.929798449827,7.843108550172985,1.3737295531844804,6.469378996988505
D3,2017-11-16 03:30:01.000000,1026,357.411162,365.9215554618056,-8.51039346180562,1.1831923880546968,-9.693585849860316
D3,2017-11-16 03:35:02.000000,1026,376.04036,365.9581478919861,10.082212108013948,0.9905120276469912,9.091700080366957
D3,2017-11-16 03:40:02.000000,1026,373.328638,365.9877296215278,7.340908378472193,0.797696098574598,6.543212279897595
D3,2017-11-16 03:45:01.000000,1026,356.660433,365.9877296215278,-9.327296621527807,0.6048436559826311,-9.932140277510438
D3,2017-11-16 03:50:03.000000,1026,368.686743,365.9214224390244,2.7653205609755673,0.4094608665174815,2.355859694458086
D3,2017-11-16 03:55:04.000000,1026,373.742355,365.8859149965278,7.856440003472187,0.21422301866839666,7.64221698480379
D3,2017-11-16 04:00:02.000000,1026,371.919216,365.8859149965278,6.033301003472218,0.020529286737626773,6.012771716734591
D3,2017-11-16 04:05:03.000000,1026,364.749425,365.90644809027776,-1.1570230902777894,-0.17542724249189234,-0.981595847785897
D3,2017-11-16 04:10:02.000000,1026,348.203897,365.89293678819445,-17.689039788194464,-0.3703005961562029,-17.31873919203826
D3,2017-11-16 04:15:02.000000,1026,363.92217,365.9078842951389,-1.985714295138905,-0.5659520231457962,-1.419762271993109
D3,2017-11-16 04:20:02.000000,1026,368.656079,365.91745908680554,2.738619913194441,-0.7616369679442703,3.500256881138711
D3,2017-11-16 04:25:02.000000,1026,367.553072,365.85133816319444,1.7017338368055448,-0.9572622951161658,2.6589961319217106
D3,2017-11-16 04:30:04.000000,1026,369.789705,365.84958269444445,3.940122305555576,-1.1540373269373982,5.094159632492975
D3,2017-11-16 04:35:00.000000,1026,366.29679,365.84958269444445,0.447207305555537,-1.3466612469744406,1.7938685525299776
D3,2017-11-16 04:40:02.000000,1026,359.923658,365.8767872214533,-5.95312922145331,-1.5428499079880669,-4.410279313465242
D3,2017-11-16 04:45:03.000000,1026,363.477923,365.8385716979167,-2.3606486979167016,-1.737954006523789,-0.6226946913929126
D3,2017-11-16 04:50:02.000000,1026,368.717318,365.8266926782007,2.890625321799291,-1.9312393930111786,4.82186471481047
D3,2017-11-16 04:55:03.000000,1026,365.469468,365.87811320415227,-0.4086452041522648,-2.1251991135340553,1.7165539093817905
D3,2017-11-16 05:00:02.000000,1026,374.293769,365.8328274097222,8.460941590277798,-2.3171640312107575,10.778105621488557
D3,2017-11-16 05:05:02.000000,1026,366.296813,365.86311131141866,0.43370168858132274,-2.50897223944734,2.942673928028663
D3,2017-11-16 05:10:02.000000,1026,352.064466,365.8669781215278,-13.802512121527798,-2.699889193103469,-11.102622928424328
D3,2017-11-16 05:15:04.000000,1026,365.285575,365.85782844444446,-0.5722534444444705,-2.8910867595339633,2.318833315089493
D3,2017-11-16 05:20:03.000000,1026,364.933319,365.82859510801393,-0.8952761080139453,-3.0793139866203845,2.184037878606439
D3,2017-11-16 05:25:02.000000,1026,356.200965,365.8231948131488,-9.622229813148806,-3.2663862454962036,-6.355843567652602
D3,2017-11-16 05:30:02.000000,1026,356.905677,365.8212845902778,-8.915607590277773,-3.4528344087755025,-5.46277318150227
D3,2017-11-16 05:35:03.000000,1026,379.809049,365.8705864186851,13.938462581314923,-3.638556775657566,17.57701935697249
D3,2017-11-16 05:40:02.000000,1026,354.193954,365.8474922787456,-11.6535382787456,-3.8216211885421885,-7.831917090203412
D3,2017-11-16 05:45:03.000000,1026,363.799715,365.945755183391,-2.146040183390994,-4.004388860689831,1.858348677298837
D3,2017-11-16 05:50:04.000000,1026,363.033609,365.86473362369344,-2.8311246236934267,-4.185542836940522,1.3544182132470954
D3,2017-11-16 05:55:05.000000,1026,369.483445,365.87197849305556,3.6114665069444527,-4.364996322081284,7.976462829025737
D3,2017-11-16 06:00:02.000000,1026,362.865136,365.87197849305556,-3.006842493055558,-4.540314395267565,1.533471902212007
D3,2017-11-16 06:05:04.000000,1026,354.086698,365.77815092682926,-11.691452926829243,-4.716716149661288,-6.974736777167955
D3,2017-11-16 06:10:02.000000,1026,369.529308,365.84418583391005,3.6851221660899682,-4.888852748859403,8.573974914949371
D3,2017-11-16 06:15:03.000000,1026,368.870481,365.8208009512195,3.0496800487804876,-5.060694681962997,8.110374730743484
D3,2017-11-16 06:20:03.000000,1026,363.784339,365.8886087128028,-2.104269712802818,-5.229856556262337,3.1255868434595193
D3,2017-11-16 06:25:03.000000,1026,355.159241,365.861797010453,-10.702556010453009,-5.396832182409023,-5.305723828043986
D3,2017-11-16 06:30:03.000000,1026,359.877818,365.7734621006944,-5.895644100694426,-5.5615420890483644,-0.33410201164606157
D3,2017-11-16 06:35:04.000000,1026,361.134011,365.7734621006944,-4.63945110069443,-5.724445096012157,1.0849939953177268
D3,2017-11-16 06:40:02.000000,1026,364.856637,365.81362405208336,-0.9569870520833774,-5.883323246165601,4.926336194082223
D3,2017-11-16 06:45:03.000000,1026,360.10753,365.94224872569447,-5.834718725694472,-6.0412991771061595,0.20658045141168735
D3,2017-11-16 06:50:02.000000,1026,357.472467,365.94224872569447,-8.469781725694475,-6.1956617226597706,-2.274120003034704
D3,2017-11-16 06:55:03.000000,1026,362.589362,365.91937503472224,-3.330013034722242,-6.34840189180376,3.0183888570815176
D3,2017-11-16 07:00:03.000000,1026,364.764779,365.9072999375,-1.1425209375000236,-6.497911552631665,5.3553906151316415
D3,2017-11-16 07:05:00.000000,1026,366.541923,365.93671676041663,0.6052062395833673,-6.6431782807207025,7.24838452030407
D3,2017-11-16 07:10:02.000000,1026,359.035098,365.95381278892734,-6.918714788927332,-6.788017014532553,-0.13069777439477903
D3,2017-11-16 07:15:01.000000,1026,355.588223,365.94549386458334,-10.357270864583313,-6.92849422680592,-3.4287766377773927
D3,2017-11-16 07:20:02.000000,1026,350.532544,365.92926946874996,-15.396725468749992,-7.066906247945806,-8.329819220804186
D3,2017-11-16 07:25:01.000000,1026,361.271709,365.9563986979167,-4.684689697916724,-7.201348349333848,2.5166586514171243
D3,2017-11-16 07:30:05.000000,1026,355.113134,366.0243275520833,-10.911193552083319,-7.33485622503499,-3.5763373270483285
D3,2017-11-16 07:35:00.000000,1026,371.857999,366.0243275520833,5.833671447916686,-7.461282418904919,13.294953866821604
D3,2017-11-16 07:40:02.000000,1026,350.747035,366.03650888541665,-15.289473885416669,-7.587454492755009,-7.70201939266166
D3,2017-11-16 07:45:03.000000,1026,361.731488,366.02235890625,-4.2908709062500066,-7.709872883862455,3.4190019776124485
D3,2017-11-16 07:50:03.000000,1026,354.944684,366.0003708466899,-11.055686846689923,-7.828512420929663,-3.2271744257602606
D3,2017-11-16 07:55:04.000000,1026,378.706064,366.06342455208335,12.642639447916679,-7.9441071594713915,20.586746607388072
D3,2017-11-16 08:00:01.000000,1026,348.387725,366.10361887197234,-17.715893871972355,-8.054734165347899,-9.661159706624456
D3,2017-11-16 08:05:01.000000,1026,361.838611,366.08385125,-4.245240249999995,-8.162965357485529,3.917725107485534
D3,2017-11-16 08:10:00.000000,1026,360.674365,366.14598280902777,-5.471617809027748,-8.267271476783096,2.7956536677553476
D3,2017-11-16 08:15:01.000000,1026,369.100348,366.1741751319444,2.9261728680555734,-8.368631187275454,11.294804055331028
D3,2017-11-16 08:20:03.000000,1026,368.257694,366.2120744390244,2.045619560975638,-8.46660439694911,10.512223957924748
D3,2017-11-16 08:25:01.000000,1026,361.716201,366.25279633680555,-4.536595336805533,-8.559578229084035,4.0229828922785025
D3,2017-11-16 08:30:03.000000,1026,373.941469,366.3730175121107,7.568451487889263,-8.650003681371908,16.21845516926117
D3,2017-11-16 08:35:03.000000,1026,356.767689,366.4578341937716,-9.69014519377157,-8.736003617456046,-0.954141576315525
D3,2017-11-16 08:40:02.000000,1026,367.47639,366.3914306480836,1.0849593519163818,-8.817881200065386,9.902840551981768
D3,2017-11-16 08:45:04.000000,1026,345.277685,366.4782430311419,-21.200558031141895,-8.896653722652816,-12.303904308489079
D3,2017-11-16 08:50:00.000000,1026,362.972349,366.48541589930556,-3.5130668993055565,-8.969995369606044,5.456928470300488
D3,2017-11-16 08:55:02.000000,1026,363.677127,366.47546822569444,-2.7983412256944575,-9.040843955444755,6.2425027297502975
D3,2017-11-16 09:00:03.000000,1026,360.214764,366.4333328501742,-6.218568850174222,-9.107424509029288,2.888855658855066
D3,2017-11-16 09:05:00.000000,1026,361.808036,366.4631262604167,-4.655090260416671,-9.169142266391807,4.514052005975136
D3,2017-11-16 09:10:01.000000,1026,355.542183,366.5366062318339,-10.994423231833878,-9.227630020988746,-1.7667932108451314
D3,2017-11-16 09:15:04.000000,1026,351.267831,366.49616033680553,-15.22832933680553,-9.282348946335325,-5.945980390470204
D3,2017-11-16 09:20:01.000000,1026,347.437881,366.49616033680553,-19.058279336805526,-9.331910627424376,-9.72636870938115
D3,2017-11-16 09:25:04.000000,1026,358.023971,366.5673341006944,-8.543363100694364,-9.37829341100418,0.8349303103098151
D3,2017-11-16 09:30:01.000000,1026,356.507314,366.5673341006944,-10.060020100694373,-9.419638788715112,-0.6403813119792616
D3,2017-11-16 09:35:05.000000,1026,357.855453,366.62675226041665,-8.77129926041664,-9.457715332244,0.6864160718273595
D3,2017-11-16 09:40:00.000000,1026,352.478228,366.62675226041665,-14.14852426041665,-9.490543150443985,-4.657981109972665
D3,2017-11-16 09:45:03.000000,1026,353.075616,366.63919985416663,-13.563583854166609,-9.520019022401105,-4.043564831765504
D3,2017-11-16 09:50:04.000000,1026,362.160403,366.6958490346021,-4.535446034602103,-9.545029856894178,5.009583822292075
D3,2017-11-16 09:55:02.000000,1026,353.9488,366.6514342673611,-12.702634267361077,-9.565586698893418,-3.1370475684676595
D3,2017-11-16 10:00:03.000000,1026,350.7623,366.5928669548611,-15.830566954861126,-9.5820935785795,-6.248473376281627
D3,2017-11-16 10:05:02.000000,1026,357.993374,366.5928669548611,-8.599492954861091,-9.594247308098257,0.9947543532371661
D3,2017-11-16 10:10:03.000000,1026,358.897355,366.6263266840278,-7.728971684027783,-9.602204649470512,1.8732329654427282
D3,2017-11-16 10:15:04.000000,1026,353.50462,366.6611159965278,-13.156495996527838,-9.605866247200314,-3.5506297493275234
D3,2017-11-16 10:20:01.000000,1026,353.458713,366.6611159965278,-13.202402996527837,-9.605266973710478,-3.5971360228173594
D3,2017-11-16 10:25:04.000000,1026,358.161825,366.7256406979167,-8.563815697916652,-9.600344208843538,1.0365285109268854
D3,2017-11-16 10:30:01.000000,1026,360.27607,366.7256406979167,-6.44957069791667,-9.591295202504552,3.1417245045878825
D3,2017-11-16 10:35:05.000000,1026,358.560209,366.70420290625003,-8.143993906250046,-9.577706880541772,1.4337129742917263
D3,2017-11-16 10:40:04.000000,1026,361.471024,366.6824998611111,-5.211475861111126,-9.560079400067075,4.348603538955949
D3,2017-11-16 10:45:02.000000,1026,352.646678,366.7153037197232,-14.068625719723173,-9.53831307175347,-4.530312647969703
D3,2017-11-16 10:50:04.000000,1026,356.629947,366.6860641840278,-10.056117184027812,-9.511989543417345,-0.5441276406104674
D3,2017-11-16 10:55:04.000000,1026,353.29004,366.6224573310105,-13.332417331010504,-9.48160192163064,-3.850815409379864
D3,2017-11-16 11:00:02.000000,1026,356.813774,366.66096851903114,-9.84719451903112,-9.447249005130624,-0.39994551390049615
D3,2017-11-16 11:05:01.000000,1026,348.096619,366.6190918784722,-18.52247287847223,-9.408622205358057,-9.113850673114172
D3,2017-11-16 11:10:03.000000,1026,347.621663,366.62191113541667,-19.000248135416655,-9.365397958333453,-9.634850177083202
D3,2017-11-16 11:15:04.000000,1026,360.521158,366.62403909722224,-6.102881097222223,-9.31812758330396,3.215246486081737
D3,2017-11-16 11:20:01.000000,1026,355.909748,366.6560377231834,-10.746289723183395,-9.267408194733227,-1.4788815284501684
D3,2017-11-16 11:25:04.000000,1026,350.04228,366.61457054513886,-16.572290545138856,-9.21151535970997,-7.360775185428885
D3,2017-11-16 11:30:02.000000,1026,365.438871,366.61457054513886,-1.1756995451388548,-9.152483848003413,7.976784302864559
D3,2017-11-16 11:35:00.000000,1026,362.849805,366.62606027777775,-3.77625527777775,-9.089452990502187,5.3131977127244365
D3,2017-11-16 11:40:05.000000,1026,351.252476,366.7164906354167,-15.464014635416675,-9.020831079894307,-6.443183555522367
D3,2017-11-16 11:45:03.000000,1026,360.076844,366.71641672664356,-6.639572726643564,-8.949800080302039,2.3102273536584743
D3,2017-11-16 11:50:02.000000,1026,358.330431,366.6712220694444,-8.340791069444435,-8.874606925721086,0.5338158562766502
D3,2017-11-16 11:55:02.000000,1026,353.994751,366.6366985520833,-12.641947552083309,-8.795247912357633,-3.846699639725676
D3,2017-11-16 12:00:02.000000,1026,351.022743,366.59877103472223,-15.576028034722242,-8.712005717656963,-6.864022317065279
D3,2017-11-16 12:05:03.000000,1026,368.839817,366.67116875694444,2.168648243055543,-8.624623293025342,10.793271536080885
D3,2017-11-16 12:10:03.000000,1026,354.056079,366.581727456446,-12.525648456445992,-8.533722818928693,-3.9919256375172996
D3,2017-11-16 12:15:00.000000,1026,361.762085,366.60823920138887,-4.846154201388856,-8.440028686266329,3.593874484877473
D3,2017-11-16 12:20:04.000000,1026,348.479605,366.71911943598616,-18.239514435986166,-8.340356726975923,-9.899157709010243
D3,2017-11-16 12:25:03.000000,1026,366.158937,366.69787187152775,-0.538934871527772,-8.23865111737573,7.6997162458479576
D3,2017-11-16 12:30:04.000000,1026,355.710656,366.7746315277778,-11.063975527777814,-8.13263498059718,-2.9313405471806337
D3,2017-11-16 12:35:02.000000,1026,362.298301,366.8356361626298,-4.537335162629802,-8.024137192199202,3.4868020295694
D3,2017-11-16 12:40:05.000000,1026,356.874879,366.85947668750003,-9.984597687500013,-7.9102620134507164,-2.074335674049297
D3,2017-11-16 12:45:02.000000,1026,348.831971,366.8195877909408,-17.987616790940763,-7.795214072871471,-10.192402718069292
D3,2017-11-16 12:50:05.000000,1026,343.408728,366.8529337847222,-23.444205784722215,-7.6744010177781075,-15.769804766944107
D3,2017-11-16 12:55:01.000000,1026,353.856897,366.8529337847222,-12.996036784722207,-7.553079033040041,-5.442957751682166
D3,2017-11-16 13:00:05.000000,1026,353.167518,366.91650139930556,-13.748983399305587,-7.425142740709258,-6.323840658596329
D3,2017-11-16 13:05:03.000000,1026,349.98093,366.91650139930556,-16.93557139930556,-7.296510859818289,-9.63906053948727
D3,2017-11-16 13:10:02.000000,1026,362.911154,366.95384386458335,-4.042689864583338,-7.164303894847379,3.121614030264041
D3,2017-11-16 13:15:03.000000,1026,366.220175,366.9511312395833,-0.7309562395832927,-7.028095447989575,6.297139208406282
D3,2017-11-16 13:20:03.000000,1026,365.592101,367.0279976770833,-1.4358966770832922,-6.889292265907798,5.453395588824506
D3,2017-11-16 13:25:05.000000,1026,353.718977,367.0239549236111,-13.30497792361109,-6.746558003649824,-6.558419919961267
D3,2017-11-16 13:30:03.000000,1026,355.909748,367.0172538501742,-11.10750585017422,-6.602825231952692,-4.504680618221529
D3,2017-11-16 13:35:01.000000,1026,349.735886,367.0233166354167,-17.287430635416683,-6.456290488445346,-10.831140146971338
D3,2017-11-16 13:40:03.000000,1026,361.838655,367.0877547093425,-5.249099709342488,-6.305000722014038,1.0559010126715496
D3,2017-11-16 13:45:04.000000,1026,360.735626,367.09628939100344,-6.360663391003413,-6.151491348786966,-0.2091720422164478
D3,2017-11-16 13:50:01.000000,1026,365.484778,367.1075273910035,-1.622749391003481,-5.9974316591753,4.374682268171819
D3,2017-11-16 13:55:04.000000,1026,357.549105,367.10933412891984,-9.560229128919843,-5.837683067364382,-3.7225460615554615
D3,2017-11-16 14:00:03.000000,1026,354.944684,367.15820542560556,-12.213521425605563,-5.6775675181391545,-6.535953907466409
D3,2017-11-16 14:05:02.000000,1026,360.230118,367.17315434256057,-6.943036342560561,-5.515068602865061,-1.4279677396954993
D3,2017-11-16 14:10:02.000000,1026,357.564392,367.1591215694445,-9.594729569444496,-5.349708175696927,-4.245021393747569
D3,2017-11-16 14:15:01.000000,1026,359.586646,367.1731117604167,-7.586465760416729,-5.182666775011565,-2.403798985405164
D3,2017-11-16 14:20:04.000000,1026,362.451464,367.25726485416664,-4.805800854166648,-5.011198357943059,0.20539750377641042
D3,2017-11-16 14:25:01.000000,1026,360.827529,367.25726485416664,-6.4297358541666085,-4.841063461559488,-1.588672392607121
D3,2017-11-16 14:30:03.000000,1026,363.615843,367.2748721423611,-3.6590291423611347,-4.666053612939178,1.0070244705780436
D3,2017-11-16 14:35:02.000000,1026,356.85977,367.2748721423611,-10.415102142361093,-4.490867294790313,-5.92423484757078
D3,2017-11-16 14:40:03.000000,1026,351.804069,367.2767855365854,-15.47271653658538,-4.31266870493134,-11.16004783165404
D3,2017-11-16 14:45:02.000000,1026,367.568337,367.2998738715278,0.2684631284722059,-4.133910086679425,4.402373215151631
D3,2017-11-16 14:50:03.000000,1026,348.219229,367.27210612152777,-19.052877121527786,-3.9522857640531446,-15.100591357474642
D3,2017-11-16 14:55:02.000000,1026,365.92907,367.27210612152777,-1.3430361215277458,-3.77029512288798,2.4272590013602344
D3,2017-11-16 15:00:03.000000,1026,364.366461,367.31992784375,-2.953466843749993,-3.585590799715366,0.6321239559653731
D3,2017-11-16 15:05:02.000000,1026,374.508238,367.33294113937285,7.1752968606271565,-3.4007145651660884,10.576011425793245
D3,2017-11-16 15:10:04.000000,1026,365.469535,367.43105100347225,-1.9615160034722408,-3.212657028896133,1.2511410254238924
D3,2017-11-16 15:15:01.000000,1026,365.637986,367.43105100347225,-1.7930650034722362,-3.0265006524495988,1.2334356489773626
D3,2017-11-16 15:20:02.000000,1026,370.034904,367.44349060278745,2.591413397212534,-2.8366999606590975,5.428113357871632
D3,2017-11-16 15:25:00.000000,1026,391.5135,367.5122256006945,24.001274399305544,-2.6477521516135742,26.649026550919118
D3,2017-11-16 15:30:02.000000,1026,361.716156,367.49201270034837,-5.775856700348356,-2.455304848116828,-3.3205518522315285
D3,2017-11-16 15:35:03.000000,1026,365.745354,367.5078130696864,-1.762459069686372,-2.262621745010339,0.500162675323967
D3,2017-11-16 15:40:00.000000,1026,368.303668,367.5429190034722,0.7607489965278091,-2.071735102017394,2.832484098545203
D3,2017-11-16 15:45:02.000000,1026,347.759584,367.5719101701389,-19.812326170138874,-1.876948830839007,-17.93537733929987
D3,2017-11-16 15:50:05.000000,1026,367.598912,367.5613244409722,0.03758755902777011,-1.6809163570762404,1.7185039161040105
D3,2017-11-16 15:55:02.000000,1026,357.947378,367.5613244409722,-9.6139464409722,-1.488272930581569,-8.12567351039063
D3,2017-11-16 16:00:03.000000,1026,369.054397,367.51042907665504,1.543967923344951,-1.2926299393007517,2.8365978626457027
D3,2017-11-16 16:05:03.000000,1026,365.57677,367.51687293079584,-1.940102930795831,-1.097323959304794,-0.842778971491037
D3,2017-11-16 16:10:04.000000,1026,365.132411,367.6057417777778,-2.4733307777777895,-0.9011465786660651,-1.5721841991117245
D3,2017-11-16 16:15:03.000000,1026,363.814936,367.6516486354167,-3.8367126354166885,-0.7061468994365425,-3.130565735980146
D3,2017-11-16 16:20:04.000000,1026,363.41664,367.6625003125,-4.245860312500042,-0.5098097641307766,-3.7360505483692656
D3,2017-11-16 16:25:00.000000,1026,354.148026,367.6625003125,-13.514474312499999,-0.31679267325721794,-13.19768163924278
D3,2017-11-16 16:30:02.000000,1026,372.378772,367.6864908715277,4.6922811284723025,-0.1200163041959188,4.812297432668221
D3,2017-11-16 16:35:03.000000,1026,368.211832,367.67393111498257,0.53790088501745,0.07586078061210522,0.4620401044053448
D3,2017-11-16 16:40:01.000000,1026,370.356563,367.68106499652777,2.675498003472228,0.26944974414716594,2.406048259325062
D3,2017-11-16 16:45:03.000000,1026,360.076799,367.71675893055556,-7.6399599305555626,0.4652028047271002,-8.105162735282663
D3,2017-11-16 16:50:00.000000,1026,376.178236,367.7382495729167,8.43998642708334,0.6571972443978091,7.782789182685532
D3,2017-11-16 16:55:02.000000,1026,379.701815,367.72691915972223,11.974895840277782,0.8518046569158493,11.123091183361932
D3,2017-11-16 17:00:02.000000,1026,366.664422,367.7526121840277,-1.0881901840277237,1.0444128294140689,-2.1326030134417926
D3,2017-11-16 17:05:00.000000,1026,368.196478,367.7431437881944,0.4533342118056112,1.2349451661014008,-0.7816109542957896
D3,2017-11-16 17:10:02.000000,1026,365.454159,367.7466547222223,-2.29249572222227,1.4271379913067777,-3.719633713529048
D3,2017-11-16 17:15:00.000000,1026,376.331377,367.8317655972222,8.49961140277776,1.6158100430983793,6.88380135967938
D3,2017-11-16 17:20:03.000000,1026,369.192295,367.8707043611111,1.3215906388888925,1.8065627848236994,-0.48497214593480686
D3,2017-11-16 17:25:01.000000,1026,360.90421,367.8530436805556,-6.948833680555595,1.9930114071605751,-8.94184508771617
D3,2017-11-16 17:30:03.000000,1026,373.466492,367.9843801284722,5.48211187152782,2.180702508399046,3.301409363128774
D3,2017-11-16 17:35:00.000000,1026,381.279821,367.9843801284722,13.29544087152783,2.363961469873552,10.93147940165428
D3,2017-11-16 17:40:04.000000,1026,380.084801,367.974833271777,12.109967728223012,2.5500895237683316,9.55987820445468
D3,2017-11-16 17:45:02.000000,1026,380.008163,367.98586934027776,12.022293659722266,2.731033080699132,9.291260579023135
D3,2017-11-16 17:50:04.000000,1026,368.977826,367.982304532872,0.9955214671280146,2.912791635143829,-1.9172701680158144
D3,2017-11-16 17:55:02.000000,1026,369.927559,367.99948750347227,1.928071496527707,3.090465219177395,-1.1623937226496879
D3,2017-11-16 18:00:04.000000,1026,369.084994,368.05709634375,1.0278976562499906,3.268737704964056,-2.240840048714065
D3,2017-11-16 18:05:04.000000,1026,387.683462,368.11016490657437,19.57329709342565,3.443964947864597,16.129332145561055
D3,2017-11-16 18:10:00.000000,1026,362.956928,368.15885749999995,-5.201929499999949,3.614952834514144,-8.816882334514093
D3,2017-11-16 18:15:03.000000,1026,373.42063,368.1483782395833,5.2722517604167365,3.7879434801663048,1.4843082802504317
D3,2017-11-16 18:20:01.000000,1026,377.817415,368.13454767708333,9.68286732291665,3.9559847586615127,5.726882564255137
D3,2017-11-16 18:25:05.000000,1026,361.179962,368.21997734722225,-7.0400153472222655,4.125186636410493,-11.165201983632759
D3,2017-11-16 18:30:02.000000,1026,363.0183,368.19476883737025,-5.176468837370237,4.288245704814956,-9.464714542185192
D3,2017-11-16 18:35:04.000000,1026,382.735173,368.2236471388889,14.511525861111068,4.451693894215466,10.0598319668956
D3,2017-11-16 18:40:02.000000,1026,388.725341,368.2713091527778,20.45403184722221,4.610572044368904,15.843459802853307
D3,2017-11-16 18:45:02.000000,1026,381.371613,368.2539680451389,13.117644954861134,4.768027384175694,8.34961757068544
D3,2017-11-16 18:50:02.000000,1026,366.204866,368.26614984375,-2.0612838437500045,4.922910520863085,-6.9841943646130895
D3,2017-11-16 18:55:03.000000,1026,376.28547,368.3312702249135,7.954199775086465,5.075650690007071,2.8785490850793947
D3,2017-11-16 19:00:03.000000,1026,383.378623,368.3328603114187,15.045762688581306,5.225160350834975,9.82060233774633
D3,2017-11-16 19:05:02.000000,1026,361.608899,368.35153285017424,-6.742633850174229,5.37139588341895,-12.11402973359318
D3,2017-11-16 19:10:01.000000,1026,369.851077,368.3549839027778,1.4960930972221718,5.51479107212788,-4.018697974905709
D3,2017-11-16 19:15:03.000000,1026,368.87057,368.4575449163763,0.4130250836236655,5.656672729535792,-5.243647645912127
D3,2017-11-16 19:20:04.000000,1026,378.843873,368.42679580208335,10.417077197916626,5.795064496012124,4.622012701904502
D3,2017-11-16 19:25:04.000000,1026,370.693598,368.4019543194444,2.2916436805555804,5.929930442984596,-3.638286762429016
D3,2017-11-16 19:30:02.000000,1026,388.939654,368.4019543194444,20.53769968055559,6.06080339898824,14.47689628156735
D3,2017-11-16 19:35:01.000000,1026,373.757575,368.41548160278745,5.342093397212523,6.188954471309779,-0.846861074097256
D3,2017-11-16 19:40:02.000000,1026,379.625133,368.3417655121107,11.28336748788928,6.314703290958313,4.968664196930966
D3,2017-11-16 19:45:02.000000,1026,368.334309,368.40285832638887,-0.06854932638884748,6.436720555417683,-6.50526988180653
D3,2017-11-16 19:50:05.000000,1026,378.813165,368.42780565972225,10.385359340277773,6.556540724921582,3.828818615356191
D3,2017-11-16 19:55:01.000000,1026,375.841112,368.42780565972225,7.413306340277757,6.670221034513849,0.7430853057639073
D3,2017-11-16 20:00:00.000000,1026,377.679583,368.39301604166667,9.28656695833331,6.781616259646155,2.5049506986871553
D3,2017-11-16 20:05:04.000000,1026,391.636155,368.46234748083623,23.173807519163745,6.891278461677668,16.282529057486077
D3,2017-11-16 20:10:03.000000,1026,377.786662,368.5641427951389,9.2225192048611,6.995548625175229,2.2269705796858714
D3,2017-11-16 20:15:04.000000,1026,389.659719,368.58137789930555,21.078341100694445,7.096871648328641,13.981469452365804
D3,2017-11-16 20:20:03.000000,1026,377.939981,368.58137789930555,9.358603100694438,7.193853195152422,2.164749905542016
D3,2017-11-16 20:25:02.000000,1026,382.704531,368.63962548611113,14.064905513888846,7.287132779866105,6.777772734022741
D3,2017-11-16 20:30:01.000000,1026,381.877276,368.63962548611113,13.237650513888866,7.37666630190798,5.860984211980886
D3,2017-11-16 20:35:02.000000,1026,392.264185,368.62983782986106,23.634347170138938,7.462972130530252,16.171375039608684
D3,2017-11-16 20:40:04.000000,1026,381.264467,368.7248966875,12.539570312500018,7.545664693426007,4.993905619074011
D3,2017-11-16 20:45:02.000000,1026,376.607173,368.7248966875,7.882276312499982,7.623393912450796,0.2588824000491865
D3,2017-11-16 20:50:00.000000,1026,392.785002,368.8506484791667,23.934353520833326,7.697244167809355,16.23710935302397
D3,2017-11-16 20:55:04.000000,1026,370.739549,368.91176863541665,1.8277803645833615,7.768548474870377,-5.940768110287015
D3,2017-11-16 21:00:05.000000,1026,375.013835,368.96464358680555,6.049191413194421,7.835102163595934,-1.7859107504015128
D3,2017-11-16 21:05:01.000000,1026,386.442601,369.03853028819447,17.40407071180556,7.896592160687696,9.507478551117863
D3,2017-11-16 21:10:00.000000,1026,377.664207,369.03853028819447,8.62567671180551,7.9546913076934835,0.6709854041120273
D3,2017-11-16 21:15:02.000000,1026,375.274299,369.10475721874997,6.169541781250018,8.009250297831038,-1.8397085165810196
D3,2017-11-16 21:20:01.000000,1026,379.609734,369.16874994444447,10.440984055555532,8.059159425627689,2.381824629927843
D3,2017-11-16 21:25:02.000000,1026,372.807821,369.28636276736114,3.5214582326388495,8.105249943724889,-4.5837917110860396
D3,2017-11-16 21:30:03.000000,1026,389.629211,369.3846424947735,20.244568505226482,8.147152139453397,12.097416365773086
D3,2017-11-16 21:35:00.000000,1026,377.158566,369.39003870833335,7.768527291666658,8.184372694040379,-0.41584540237372103
D3,2017-11-16 21:40:04.000000,1026,372.639214,369.5758993368056,3.063314663194376,8.218209103193585,-5.154894439999209
D3,2017-11-16 21:45:02.000000,1026,369.268888,369.5758993368056,-0.30701133680560133,8.247177627063671,-8.554188963869272
D3,2017-11-16 21:50:00.000000,1026,383.010813,369.6472330381945,13.363579961805499,8.27197424515085,5.09160571665465
D3,2017-11-16 21:55:03.000000,1026,372.486051,369.78532579513893,2.700725204861044,8.29289742520767,-5.592172220346626
D3,2017-11-16 22:00:02.000000,1026,376.423302,369.78532579513893,6.637976204861047,8.30929462896592,-1.6713184241048733
D3,2017-11-16 22:05:02.000000,1026,379.563939,369.86910724305557,9.694831756944438,8.321496106301568,1.3733356506428702
D3,2017-11-16 22:10:02.000000,1026,374.156049,369.94038778472225,4.215661215277748,8.329434121861294,-4.113772906583545
D3,2017-11-16 22:15:03.000000,1026,376.62255,370.00767835069445,6.614871649305542,8.333109995209165,-1.7182383459036235
D3,2017-11-16 22:20:03.000000,1026,385.477448,370.16067643554004,15.316771564459941,8.332497553386467,6.984274011073474
D3,2017-11-16 22:25:02.000000,1026,380.115442,370.2165721423611,9.898869857638886,8.327639772936852,1.5712300847020337
D3,2017-11-16 22:30:01.000000,1026,373.405209,370.36426671972316,3.0409422802768518,8.318544000707863,-5.2776017204310115
D3,2017-11-16 22:35:01.000000,1026,379.517921,370.39929518055555,9.118625819444446,8.305162859909515,0.813462959534931
D3,2017-11-16 22:40:02.000000,1026,376.178214,370.5164057647059,5.6618082352941315,8.28746013400097,-2.6256518987068382
D3,2017-11-16 22:45:01.000000,1026,376.162815,370.5478133402778,5.615001659722225,8.265641908382397,-2.6506402486601726
D3,2017-11-16 22:50:02.000000,1026,379.824448,370.65792571527777,9.166522284722248,8.239426765803776,0.9270955189184722
D3,2017-11-16 22:55:04.000000,1026,367.767541,370.76051783391006,-2.9929768339100633,8.208850719833949,-11.201827553744012
D3,2017-11-16 23:00:01.000000,1026,376.607107,370.82117921527777,5.785927784722219,8.174620010419599,-2.3886922256973797
D3,2017-11-16 23:05:03.000000,1026,376.760337,371.00432767361116,5.756009326388835,8.135598645420739,-2.379589319031904
D3,2017-11-16 23:10:03.000000,1026,370.310678,370.9935515155709,-0.6828735155709182,8.092646756536766,-8.775520272107684
D3,2017-11-16 23:15:02.000000,1026,370.892779,371.07470390625,-0.18192490625000346,8.045704224124279,-8.227629130374282
D3,2017-11-16 23:20:00.000000,1026,375.871642,371.1355582708333,4.736083729166694,7.994834534318012,-3.258750805151318
D3,2017-11-16 23:25:02.000000,1026,363.140933,371.2971424048443,-8.156209404844276,7.939146768157767,-16.095356173002042
D3,2017-11-16 23:30:03.000000,1026,373.972066,371.4499907986111,2.5220752013888728,7.879527805023848,-5.357452603634975
D3,2017-11-16 23:35:02.000000,1026,379.012391,371.47995660278747,7.532434397212512,7.816265317960933,-0.28383092074842065
D3,2017-11-16 23:40:02.000000,1026,379.870243,371.4964293923611,8.373813607638908,7.7487749904312615,0.6250386172076468
D3,2017-11-16 23:45:01.000000,1026,366.695131,371.5967541875,-4.901623187499979,7.677538648244529,-12.579161835744507
D3,2017-11-16 23:50:02.000000,1026,374.722818,371.6802695347222,3.0425484652778323,7.601855723924394,-4.5593072586465615
D3,2017-11-16 23:55:05.000000,1026,363.906949,371.8573539097222,-7.950404909722181,7.521683445863024,-15.472088355585205
