level,localdatetime,sensorid,datavalue,trend_24h,residual,fitted_residual,fit_error,date
D3,2017-11-21 00:00:04.000000,1026,393.443807,385.15675848096885,8.287048519031146,-2.335831426839629,10.622879945870775,2017-11-21 00:00:00.000000
D3,2017-11-21 00:05:01.000000,1026,370.0809,385.12154734722225,-15.040647347222261,-2.5910360069818132,-12.449611340240448,2017-11-21 00:00:00.000000
D3,2017-11-21 00:10:02.000000,1026,382.627783,385.1016782195122,-2.473895219512201,-2.8489329565837536,0.3750377370715525,2017-11-21 00:00:00.000000
D3,2017-11-21 00:15:04.000000,1026,382.168382,385.05617188194446,-2.8877898819444567,-3.1068094887865714,0.21901960684211463,2017-11-21 00:00:00.000000
D3,2017-11-21 00:20:02.000000,1026,377.342482,385.05617188194446,-7.713689881944447,-3.3602878998258454,-4.353401982118601,2017-11-21 00:00:00.000000
D3,2017-11-21 00:25:04.000000,1026,387.867355,385.1123540243902,2.7550009756097893,-3.6160504462686314,6.371051421878421,2017-11-21 00:00:00.000000
D3,2017-11-21 00:30:01.000000,1026,384.788024,385.14000618055553,-0.3519821805555239,-3.8663614848709758,3.514379304315452,2017-11-21 00:00:00.000000
D3,2017-11-21 00:35:02.000000,1026,376.990137,385.08883292013894,-8.098695920138937,-4.1186920184730536,-3.9800039016658832,2017-11-21 00:00:00.000000
D3,2017-11-21 00:40:03.000000,1026,372.593374,385.01306807317076,-12.419694073170774,-4.369541453305443,-8.050152619865331,2017-11-21 00:00:00.000000
D3,2017-11-21 00:45:03.000000,1026,383.240725,385.061870550173,-1.8211455501730143,-4.617964317372812,2.796818767199798,2017-11-21 00:00:00.000000
D3,2017-11-21 00:50:02.000000,1026,378.598741,385.05572141868515,-6.456980418685134,-4.863858869397049,-1.5931215492880852,2017-11-21 00:00:00.000000
D3,2017-11-21 00:55:04.000000,1026,388.893859,385.04188566089965,3.8519733391003683,-5.1103790280557515,8.96235236715612,2017-11-21 00:00:00.000000
D3,2017-11-21 01:00:03.000000,1026,381.678073,385.0472352986111,-3.3691622986111156,-5.352510683511118,1.983348384900002,2017-11-21 00:00:00.000000
D3,2017-11-21 01:05:02.000000,1026,384.527648,385.12362253472224,-0.5959745347222452,-5.592597533742078,4.9966229990198325,2017-11-21 00:00:00.000000
D3,2017-11-21 01:10:03.000000,1026,386.825654,385.0884607291666,1.7371932708333588,-5.832110045491063,7.569303316324421,2017-11-21 00:00:00.000000
D3,2017-11-21 01:15:02.000000,1026,372.455409,385.0884607291666,-12.633051729166652,-6.067752216490156,-6.565299512676496,2017-11-21 00:00:00.000000
D3,2017-11-21 01:20:04.000000,1026,376.775713,385.0531555783972,-8.2774425783972,-6.303339375119098,-1.9741032032781014,2017-11-21 00:00:00.000000
D3,2017-11-21 01:25:02.000000,1026,374.998525,385.00244524221455,-10.003920242214576,-6.533312355344736,-3.47060788686984,2017-11-21 00:00:00.000000
D3,2017-11-21 01:30:01.000000,1026,385.891075,384.97478387847224,0.9162911215277632,-6.761458226237416,7.677749347765179,2017-11-21 00:00:00.000000
D3,2017-11-21 01:35:04.000000,1026,380.192124,384.99207290972225,-4.799948909722275,-6.989890162035031,2.1899412523127557,2017-11-21 00:00:00.000000
D3,2017-11-21 01:40:02.000000,1026,387.775431,384.9695796020761,2.8058513979239024,-7.211729597086164,10.017580995010066,2017-11-21 00:00:00.000000
D3,2017-11-21 01:45:04.000000,1026,378.659957,384.97330024041815,-6.313343240418135,-7.433583254905233,1.1202400144870985,2017-11-21 00:00:00.000000
D3,2017-11-21 01:50:03.000000,1026,383.79214,384.95537286851214,-1.1632328685121252,-7.650189531063242,6.486956662551117,2017-11-21 00:00:00.000000
D3,2017-11-21 01:55:04.000000,1026,379.088961,384.91370682698965,-5.82474582698967,-7.8650818668715505,2.040336039881881,2017-11-21 00:00:00.000000
D3,2017-11-21 02:00:04.000000,1026,370.816186,384.9233462152778,-14.107160215277759,-8.076000610777367,-6.031159604500392,2017-11-21 00:00:00.000000
D3,2017-11-21 02:05:02.000000,1026,381.831236,384.9233462152778,-3.092110215277785,-8.28219218192191,5.190081966644126,2017-11-21 00:00:00.000000
D3,2017-11-21 02:10:03.000000,1026,372.608639,384.92047341319443,-12.311834413194447,-8.487000569020116,-3.8248338441743304,2017-11-21 00:00:00.000000
D3,2017-11-21 02:15:04.000000,1026,380.314646,384.96121980208335,-4.646573802083367,-8.68823489599697,4.0416610939136035,2017-11-21 00:00:00.000000
D3,2017-11-21 02:20:02.000000,1026,370.050147,384.98483000696865,-14.934683006968669,-8.883848092109176,-6.050834914859493,2017-11-21 00:00:00.000000
D3,2017-11-21 02:25:04.000000,1026,371.643442,384.9896253784722,-13.346183378472233,-9.078322394580177,-4.2678609838920565,2017-11-21 00:00:00.000000
D3,2017-11-21 02:30:02.000000,1026,378.522104,384.9896253784722,-6.467521378472213,-9.266415035897545,2.7988936574253316,2017-11-21 00:00:00.000000
D3,2017-11-21 02:35:00.000000,1026,379.54854,385.0213825694444,-5.472842569444424,-9.450638473375067,3.9777959039306428,2017-11-21 00:00:00.000000
D3,2017-11-21 02:40:01.000000,1026,382.62785,385.01414806944445,-2.386298069444422,-9.63270056568775,7.246402496243329,2017-11-21 00:00:00.000000
D3,2017-11-21 02:45:01.000000,1026,384.205856,384.99217861458334,-0.7863226145833551,-9.81005542631056,9.023732811727205,2017-11-21 00:00:00.000000
D3,2017-11-21 02:50:03.000000,1026,377.710158,385.03893669791665,-7.328778697916675,-9.984370518054767,2.655591820138092,2017-11-21 00:00:00.000000
D3,2017-11-21 02:55:03.000000,1026,380.084689,385.0488294083045,-4.964140408304502,-10.153254158181614,5.189113749877112,2017-11-21 00:00:00.000000
D3,2017-11-21 03:00:05.000000,1026,387.974567,385.0775551215277,2.897011878472256,-10.318876582729066,13.215888461201322,2017-11-21 00:00:00.000000
D3,2017-11-21 03:05:03.000000,1026,374.156005,385.12431548096885,-10.968310480968853,-10.4779129289918,-0.49039755197705226,2017-11-21 00:00:00.000000
D3,2017-11-21 03:10:03.000000,1026,376.653147,385.1248449513889,-8.471697951388933,-10.633533539683693,2.1618355882947604,2017-11-21 00:00:00.000000
D3,2017-11-21 03:15:03.000000,1026,377.21996,385.15787110034603,-7.937911100346014,-10.784582164335092,2.8466710639890778,2017-11-21 00:00:00.000000
D3,2017-11-21 03:20:04.000000,1026,367.87473,385.1642085972222,-17.289478597222228,-10.931467083781437,-6.3580115134407915,2017-11-21 00:00:00.000000
D3,2017-11-21 03:25:02.000000,1026,371.796627,385.16664026132406,-13.370013261324061,-11.072213702852476,-2.297799558471585,2017-11-21 00:00:00.000000
D3,2017-11-21 03:30:00.000000,1026,360.56702,385.1979868125,-24.63096681249999,-11.208243076572785,-13.422723735927207,2017-11-21 00:00:00.000000
D3,2017-11-21 03:35:00.000000,1026,383.899396,385.1987847291667,-1.299388729166651,-11.340355891081389,10.040967161914738,2017-11-21 00:00:00.000000
D3,2017-11-21 03:40:00.000000,1026,381.432918,385.24570206249996,-3.8127840624999862,-11.4675603103916,7.654776247891613,2017-11-21 00:00:00.000000
D3,2017-11-21 03:45:04.000000,1026,378.139162,385.3656714844291,-7.226509484429073,-11.591391764153215,4.364882279724142,2017-11-21 00:00:00.000000
D3,2017-11-21 03:50:05.000000,1026,379.303519,385.34448464236107,-6.040965642361073,-11.70891471956667,5.667949077205597,2017-11-21 00:00:00.000000
D3,2017-11-21 03:55:04.000000,1026,377.740911,385.35054865625,-7.609637656250015,-11.820590049146649,4.210952392896633,2017-11-21 00:00:00.000000
D3,2017-11-21 04:00:01.000000,1026,374.278437,385.35054865625,-11.072111656250001,-11.92646681068562,0.854355154435618,2017-11-21 00:00:00.000000
D3,2017-11-21 04:05:03.000000,1026,369.253511,385.41364635294116,-16.160135352941154,-12.028912499877459,-4.131222853063695,2017-11-21 00:00:00.000000
D3,2017-11-21 04:10:04.000000,1026,385.201696,385.4361225847751,-0.23442658477506484,-12.125739187521635,11.89131260274657,2017-11-21 00:00:00.000000
D3,2017-11-21 04:15:03.000000,1026,393.888032,385.49655425259516,8.39147774740485,-12.216658019625992,20.60813576703084,2017-11-21 00:00:00.000000
D3,2017-11-21 04:20:02.000000,1026,375.090494,385.4381836689895,-10.347689668989517,-12.302286826727787,1.9545971577382701,2017-11-21 00:00:00.000000
D3,2017-11-21 04:25:02.000000,1026,370.571076,385.49146097569445,-14.920384975694446,-12.38284469462184,-2.537540281072607,2017-11-21 00:00:00.000000
D3,2017-11-21 04:30:05.000000,1026,374.722706,385.56577348263886,-10.843067482638844,-12.458722115920732,1.6156546332818884,2017-11-21 00:00:00.000000
D3,2017-11-21 04:35:03.000000,1026,390.410471,385.57254017073166,4.837930829268316,-12.527934212639106,17.365865041907423,2017-11-21 00:00:00.000000
D3,2017-11-21 04:40:03.000000,1026,389.123637,385.7508978788927,3.3727391211072586,-12.592155375286627,15.964894496393885,2017-11-21 00:00:00.000000
D3,2017-11-21 04:45:04.000000,1026,379.272855,385.7203565034722,-6.4475015034722105,-12.651058841084243,6.2035573376120325,2017-11-21 00:00:00.000000
D3,2017-11-21 04:50:01.000000,1026,376.791,385.7203565034722,-8.929356503472206,-12.70372101160478,3.7743645081325727,2017-11-21 00:00:00.000000
D3,2017-11-21 04:55:03.000000,1026,377.72549,385.94754965277775,-8.222059652777773,-12.751684608082607,4.529624955304834,2017-11-21 00:00:00.000000
D3,2017-11-21 05:00:05.000000,1026,382.551279,386.03558663888884,-3.484307638888822,-12.793993446842553,9.30968580795373,2017-11-21 00:00:00.000000
D3,2017-11-21 05:05:03.000000,1026,371.168553,385.9786001184669,-14.810047118466912,-12.830179073095927,-1.979868045370985,2017-11-21 00:00:00.000000
D3,2017-11-21 05:10:03.000000,1026,375.504033,386.09292059169553,-10.588887591695539,-12.861008773525532,2.272121181829993,2017-11-21 00:00:00.000000
D3,2017-11-21 05:15:04.000000,1026,389.200141,386.1538906041667,3.046250395833283,-12.886280889864576,15.93253128569786,2017-11-21 00:00:00.000000
D3,2017-11-21 05:20:01.000000,1026,380.406526,386.1538906041667,-5.747364604166705,-12.905648105064845,7.15828350089814,2017-11-21 00:00:00.000000
D3,2017-11-21 05:25:02.000000,1026,379.272788,386.19905223958335,-6.926264239583361,-12.919622794552794,5.993358554969433,2017-11-21 00:00:00.000000
D3,2017-11-21 05:30:04.000000,1026,371.582136,386.2957605555555,-14.713624555555498,-12.927917644738331,-1.7857069108171668,2017-11-21 00:00:00.000000
D3,2017-11-21 05:35:04.000000,1026,379.977433,386.3801310207612,-6.402698020761193,-12.930474700799966,6.527776680038773,2017-11-21 00:00:00.000000
D3,2017-11-21 05:40:03.000000,1026,374.109942,386.3160676236934,-12.206125623693424,-12.927386321377126,0.7212606976837019,2017-11-21 00:00:00.000000
D3,2017-11-21 05:45:01.000000,1026,379.471992,386.4069907986111,-6.934998798611105,-12.91871041807019,5.983711619459086,2017-11-21 00:00:00.000000
D3,2017-11-21 05:50:00.000000,1026,385.446784,386.4550252326389,-1.008241232638909,-12.904392867420675,11.896151634781766,2017-11-21 00:00:00.000000
D3,2017-11-21 05:55:02.000000,1026,377.725512,386.4929152020906,-8.767403202090634,-12.88423172917635,4.1168285270857155,2017-11-21 00:00:00.000000
D3,2017-11-21 06:00:01.000000,1026,377.557017,386.5737021493056,-9.016685149305601,-12.858637071877496,3.8419519225718943,2017-11-21 00:00:00.000000
D3,2017-11-21 06:05:02.000000,1026,371.015368,386.6466316875,-15.631263687499995,-12.82722145823647,-2.8040422292635245,2017-11-21 00:00:00.000000
D3,2017-11-21 06:10:03.000000,1026,375.274299,386.6412573763066,-11.366958376306627,-12.790152280594342,1.4231939042877144,2017-11-21 00:00:00.000000
D3,2017-11-21 06:15:04.000000,1026,367.016834,386.75828611805554,-19.74145211805552,-12.747447299682806,-6.994004818372714,2017-11-21 00:00:00.000000
D3,2017-11-21 06:20:02.000000,1026,374.43169,386.74262489198605,-12.31093489198605,-12.69963620536536,0.38870131337930935,2017-11-21 00:00:00.000000
D3,2017-11-21 06:25:03.000000,1026,380.728184,386.7473219337979,-6.019137933797879,-12.645779304420834,6.626641370622956,2017-11-21 00:00:00.000000
D3,2017-11-21 06:30:02.000000,1026,368.211721,386.7774891701389,-18.56576817013888,-12.586768923445664,-5.978999246693217,2017-11-21 00:00:00.000000
D3,2017-11-21 06:35:01.000000,1026,374.217243,386.80190522916666,-12.584662229166668,-12.522293537071045,-0.06236869209562279,2017-11-21 00:00:00.000000
D3,2017-11-21 06:40:00.000000,1026,380.391194,386.8390879861111,-6.447893986111126,-12.452383627859307,6.004489641748181,2017-11-21 00:00:00.000000
D3,2017-11-21 06:45:03.000000,1026,373.956712,386.91515673611116,-12.958444736111176,-12.376028283128793,-0.5824164529823825,2017-11-21 00:00:00.000000
D3,2017-11-21 06:50:04.000000,1026,382.765814,386.90254990277776,-4.136735902777787,-12.294721400909413,8.157985498131627,2017-11-21 00:00:00.000000
D3,2017-11-21 06:55:02.000000,1026,374.584897,386.91050468292684,-12.32560768292683,-12.208906761299376,-0.11670092162745327,2017-11-21 00:00:00.000000
D3,2017-11-21 07:00:00.000000,1026,379.257412,386.92361496875003,-7.666202968750042,-12.117841061070969,4.451638092320927,2017-11-21 00:00:00.000000
D3,2017-11-21 07:05:04.000000,1026,372.715785,386.95164851041665,-14.235863510416664,-12.019575484405438,-2.2162880260112257,2017-11-21 00:00:00.000000
D3,2017-11-21 07:10:04.000000,1026,380.498428,386.844355625,-6.345927625000002,-11.91733612180326,5.571408496803258,2017-11-21 00:00:00.000000
D3,2017-11-21 07:15:01.000000,1026,371.934525,386.844355625,-14.909830624999984,-11.81101346639287,-3.0988171586071136,2017-11-21 00:00:00.000000
D3,2017-11-21 07:20:02.000000,1026,383.271345,386.7819584236111,-3.510613423611119,-11.69812674157836,8.187513317967241,2017-11-21 00:00:00.000000
D3,2017-11-21 07:25:01.000000,1026,377.112659,386.74153037152774,-9.628871371527737,-11.580928227549084,1.952056856021347,2017-11-21 00:00:00.000000
D3,2017-11-21 07:30:02.000000,1026,370.617027,386.6930515882353,-16.07602458823527,-11.45790626684485,-4.618118321390421,2017-11-21 00:00:00.000000
D3,2017-11-21 07:35:04.000000,1026,378.644714,386.6447699027778,-8.000055902777774,-11.329453238622078,3.3293973358443036,2017-11-21 00:00:00.000000
D3,2017-11-21 07:40:04.000000,1026,376.545868,386.59780619163763,-10.051938191637646,-11.196931205829888,1.1449930141922415,2017-11-21 00:00:00.000000
D3,2017-11-21 07:45:04.000000,1026,375.825914,386.664213934256,-10.838299934255986,-11.05956904022163,0.22126910596564464,2017-11-21 00:00:00.000000
D3,2017-11-21 07:50:04.000000,1026,374.70753,386.61306540625,-11.905535406249953,-10.917432118748629,-0.9881032875013247,2017-11-21 00:00:00.000000
D3,2017-11-21 07:55:03.000000,1026,367.997363,386.67296051557094,-18.675597515570928,-10.771085313355291,-7.904512202215637,2017-11-21 00:00:00.000000
D3,2017-11-21 08:00:03.000000,1026,377.648853,386.5309742473868,-8.882121247386806,-10.619619407754474,1.737498160367668,2017-11-21 00:00:00.000000
D3,2017-11-21 08:05:03.000000,1026,367.277298,386.42507627777775,-19.147778277777775,-10.46358813848637,-8.684190139291404,2017-11-21 00:00:00.000000
D3,2017-11-21 08:10:03.000000,1026,379.058364,386.40067411498256,-7.342310114982581,-10.30306576798453,2.9607556530019483,2017-11-21 00:00:00.000000
D3,2017-11-21 08:15:03.000000,1026,368.426278,386.43821531597223,-18.011937315972204,-10.13812869620345,-7.873808619768754,2017-11-21 00:00:00.000000
D3,2017-11-21 08:20:02.000000,1026,371.474969,386.43821531597223,-14.963246315972242,-9.969426782902945,-4.993819533069297,2017-11-21 00:00:00.000000
D3,2017-11-21 08:25:03.000000,1026,368.395704,386.25559890625004,-17.85989490625002,-9.795326517052812,-8.064568389197207,2017-11-21 00:00:00.000000
D3,2017-11-21 08:30:01.000000,1026,376.852261,386.25559890625004,-9.403337906250044,-9.61882287706437,0.21548497081432494,2017-11-21 00:00:00.000000
D3,2017-11-21 08:35:01.000000,1026,379.778363,386.27751489236107,-6.499151892361056,-9.4370594286861,2.937907536325044,2017-11-21 00:00:00.000000
D3,2017-11-21 08:40:00.000000,1026,377.878631,386.2210226145833,-8.342391614583335,-9.251919222487755,0.9095276079044208,2017-11-21 00:00:00.000000
D3,2017-11-21 08:45:04.000000,1026,373.190762,386.11915514236114,-12.92839314236113,-9.059697095695157,-3.868696046665974,2017-11-21 00:00:00.000000
D3,2017-11-21 08:50:02.000000,1026,375.029189,386.03155291986064,-11.00236391986067,-8.8674581245883,-2.1349057952723705,2017-11-21 00:00:00.000000
D3,2017-11-21 08:55:00.000000,1026,374.554211,386.00968136458334,-11.455470364583334,-8.671537308303469,-2.7839330562798654,2017-11-21 00:00:00.000000
D3,2017-11-21 09:00:05.000000,1026,365.867786,385.91191050000003,-20.04412450000001,-8.467297767069942,-11.576826732930067,2017-11-21 00:00:00.000000
D3,2017-11-21 09:05:03.000000,1026,364.979293,385.91191050000003,-20.93261750000005,-8.264209987599518,-12.668407512400531,2017-11-21 00:00:00.000000
D3,2017-11-21 09:10:04.000000,1026,387.959213,385.7472210208333,2.211991979166669,-8.055627989731287,10.267619968897955,2017-11-21 00:00:00.000000
D3,2017-11-21 09:15:03.000000,1026,363.079605,385.7472210208333,-22.667616020833293,-7.8450978053607585,-14.822518215472535,2017-11-21 00:00:00.000000
D3,2017-11-21 09:20:03.000000,1026,379.318717,385.6783935958188,-6.359676595818826,-7.630624185033913,1.270947589215087,2017-11-21 00:00:00.000000
D3,2017-11-21 09:25:01.000000,1026,361.363767,385.6069713763066,-24.243204376306608,-7.414468755761776,-16.828735620544833,2017-11-21 00:00:00.000000
D3,2017-11-21 09:30:03.000000,1026,369.498666,385.6098198645833,-16.111153864583287,-7.192352226518892,-8.918801638064394,2017-11-21 00:00:00.000000
D3,2017-11-21 09:35:03.000000,1026,369.728489,385.5554545451389,-15.826965545138876,-6.9687624820462375,-8.858203063092638,2017-11-21 00:00:00.000000
D3,2017-11-21 09:40:02.000000,1026,371.45957,385.546384916955,-14.086814916955007,-6.743104287505867,-7.34371062944914,2017-11-21 00:00:00.000000
D3,2017-11-21 09:45:03.000000,1026,372.577976,385.4323657038328,-12.854389703832794,-6.513207495066055,-6.341182208766739,2017-11-21 00:00:00.000000
D3,2017-11-21 09:50:02.000000,1026,366.143605,385.46071525694447,-19.31711025694449,-6.282235782247172,-13.034874474697316,2017-11-21 00:00:00.000000
D3,2017-11-21 09:55:04.000000,1026,365.209071,385.45123110726644,-20.242160107266443,-6.046425127119701,-14.195734980146742,2017-11-21 00:00:00.000000
D3,2017-11-21 10:00:02.000000,1026,367.353891,385.4174106920415,-18.063519692041552,-5.81136445143711,-12.252155240604441,2017-11-21 00:00:00.000000
D3,2017-11-21 10:05:02.000000,1026,374.263128,385.36198660763887,-11.098858607638874,-5.572457132315559,-5.526401475323315,2017-11-21 00:00:00.000000
D3,2017-11-21 10:10:04.000000,1026,377.694893,385.290759375,-7.595866375000014,-5.329772486976798,-2.2660938880232164,2017-11-21 00:00:00.000000
D3,2017-11-21 10:15:04.000000,1026,386.764282,385.2767161805555,1.4875658194444554,-5.086640259686833,6.574206079131288,2017-11-21 00:00:00.000000
D3,2017-11-21 10:20:04.000000,1026,376.836907,385.1879346666667,-8.35102766666671,-4.841576067138924,-3.509451599527786,2017-11-21 00:00:00.000000
D3,2017-11-21 10:25:00.000000,1026,378.552812,385.1879346666667,-6.635122666666689,-4.5979997034672815,-2.0371229631994074,2017-11-21 00:00:00.000000
D3,2017-11-21 10:30:03.000000,1026,386.258707,385.1469751076389,1.1117318923610924,-4.346950480251772,5.458682372612865,2017-11-21 00:00:00.000000
D3,2017-11-21 10:35:01.000000,1026,373.022312,385.1469751076389,-12.124663107638924,-4.098471331756913,-8.026191775882012,2017-11-21 00:00:00.000000
D3,2017-11-21 10:40:01.000000,1026,378.782546,385.1005896701389,-6.318043670138877,-3.8468680238597273,-2.47117564627915,2017-11-21 00:00:00.000000
D3,2017-11-21 10:45:02.000000,1026,384.251763,384.9791723066202,-0.7274093066202454,-3.593077554757035,2.8656682481367897,2017-11-21 00:00:00.000000
D3,2017-11-21 10:50:02.000000,1026,390.563679,384.94996552941177,5.613713470588209,-3.338906963713055,8.952620434301263,2017-11-21 00:00:00.000000
D3,2017-11-21 10:55:05.000000,1026,373.098927,384.9258988229166,-11.826971822916619,-3.081078381471828,-8.74589344144479,2017-11-21 00:00:00.000000
D3,2017-11-21 11:00:03.000000,1026,386.549813,384.9217640380623,1.6280489619376795,-2.8265311950505434,4.454580156988223,2017-11-21 00:00:00.000000
D3,2017-11-21 11:05:02.000000,1026,380.038872,384.9226536840278,-4.883781684027781,-2.5702808033347617,-2.3135008806930193,2017-11-21 00:00:00.000000
D3,2017-11-21 11:10:04.000000,1026,379.119647,384.88298146341464,-5.763334463414651,-2.310719307581982,-3.452615155832669,2017-11-21 00:00:00.000000
D3,2017-11-21 11:15:04.000000,1026,368.686609,384.8946736840278,-16.208064684027818,-2.052263675178991,-14.155801008848826,2017-11-21 00:00:00.000000
D3,2017-11-21 11:20:02.000000,1026,375.871798,384.9321443797909,-9.060346379790872,-1.7950479097728858,-7.265298470017986,2017-11-21 00:00:00.000000
D3,2017-11-21 11:25:05.000000,1026,378.261639,384.88568355555554,-6.6240445555555425,-1.533147522844713,-5.09089703271083,2017-11-21 00:00:00.000000
D3,2017-11-21 11:30:04.000000,1026,386.825587,384.8916945625,1.933892437499992,-1.2744633255272437,3.2083557630272357,2017-11-21 00:00:00.000000
D3,2017-11-21 11:35:05.000000,1026,392.279539,384.90728097916667,7.372258020833328,-1.0139311072194985,8.386189128052827,2017-11-21 00:00:00.000000
D3,2017-11-21 11:40:00.000000,1026,375.596002,384.90728097916667,-9.311278979166673,-0.7585976918882578,-8.552681287278414,2017-11-21 00:00:00.000000
D3,2017-11-21 11:45:04.000000,1026,371.291142,384.9262187777778,-13.63507677777784,-0.49560513206942125,-13.139471645708419,2017-11-21 00:00:00.000000
D3,2017-11-21 11:50:03.000000,1026,390.349143,384.9848470519031,5.364295948096924,-0.23719095704718496,5.6014869051441085,2017-11-21 00:00:00.000000
D3,2017-11-21 11:55:03.000000,1026,387.637533,384.95052867708335,2.687004322916664,0.021711859469505213,2.665292463447159,2017-11-21 00:00:00.000000
D3,2017-11-21 12:00:01.000000,1026,382.689244,384.9510606458333,-2.261816645833335,0.27839457649300353,-2.5402112223263384,2017-11-21 00:00:00.000000
D3,2017-11-21 12:05:02.000000,1026,378.43029,384.9713803333333,-6.541090333333273,0.5370384043217886,-7.078128737655061,2017-11-21 00:00:00.000000
D3,2017-11-21 12:10:03.000000,1026,383.240703,384.9795461777003,-1.7388431777002893,0.7949326588589959,-2.5337758365592853,2017-11-21 00:00:00.000000
D3,2017-11-21 12:15:00.000000,1026,380.973317,384.9946796770833,-4.021362677083289,1.0485444733967202,-5.0699071504800095,2017-11-21 00:00:00.000000
D3,2017-11-21 12:20:05.000000,1026,397.825305,385.01308465277776,12.812220347222251,1.3079786131191267,11.504241734103124,2017-11-21 00:00:00.000000
D3,2017-11-21 12:25:04.000000,1026,393.076175,384.99242687889273,8.083748121107249,1.5611947342666224,6.5225533868406265,2017-11-21 00:00:00.000000
D3,2017-11-21 12:30:02.000000,1026,386.71833,384.9771248506944,1.7412051493055856,1.8123463993814173,-0.07114125007583172,2017-11-21 00:00:00.000000
D3,2017-11-21 12:35:04.000000,1026,375.151777,385.004954076655,-9.853177076655015,2.065508101520422,-11.918685178175437,2017-11-21 00:00:00.000000
D3,2017-11-21 12:40:03.000000,1026,384.588909,384.9672839583333,-0.3783749583333247,2.3146857413034443,-2.693060699636769,2017-11-21 00:00:00.000000
D3,2017-11-21 12:45:02.000000,1026,399.541143,385.01180745833335,14.529335541666626,2.5622833023649885,11.967052239301637,2017-11-21 00:00:00.000000
D3,2017-11-21 12:50:01.000000,1026,388.909124,385.02510628125,3.8840177187500444,2.8081837259557654,1.075833992794279,2017-11-21 00:00:00.000000
D3,2017-11-21 12:55:03.000000,1026,384.910612,385.0268086666667,-0.11619666666666717,3.054710208342626,-3.170906875009293,2017-11-21 00:00:00.000000
D3,2017-11-21 13:00:04.000000,1026,392.922945,384.9752632951389,7.947681704861111,3.2984614090790854,4.649220295782026,2017-11-21 00:00:00.000000
D3,2017-11-21 13:05:05.000000,1026,387.606891,384.96127294791665,2.645618052083364,3.5401399725605023,-0.8945219204771382,2017-11-21 00:00:00.000000
D3,2017-11-21 13:10:01.000000,1026,383.608313,384.96127294791665,-1.352959947916645,3.775670358898286,-5.128630306814931,2017-11-21 00:00:00.000000
D3,2017-11-21 13:15:04.000000,1026,382.50535,385.00426013937283,-2.4989101393728106,4.014464806814409,-6.51337494618722,2017-11-21 00:00:00.000000
D3,2017-11-21 13:20:05.000000,1026,379.410753,385.0544163229167,-5.643663322916723,4.249259588491523,-9.892922911408245,2017-11-21 00:00:00.000000
D3,2017-11-21 13:25:01.000000,1026,376.040271,385.0544163229167,-9.014145322916704,4.4776891856957475,-13.491834508612452,2017-11-21 00:00:00.000000
D3,2017-11-21 13:30:03.000000,1026,395.527477,385.08908063414634,10.438396365853635,4.708119565824301,5.730276800029333,2017-11-21 00:00:00.000000
D3,2017-11-21 13:35:03.000000,1026,381.938559,385.12972357439446,-3.191164574394463,4.934285249840158,-8.125449824234622,2017-11-21 00:00:00.000000
D3,2017-11-21 13:40:00.000000,1026,378.491507,385.1468680173611,-6.655361017361088,5.155394594533542,-11.81075561189463,2017-11-21 00:00:00.000000
D3,2017-11-21 13:45:04.000000,1026,379.533253,385.06955646712805,-5.53630346712805,5.3787275429032295,-10.91503101003128,2017-11-21 00:00:00.000000
D3,2017-11-21 13:50:02.000000,1026,385.232337,385.0778262768166,0.154510723183364,5.594614545117365,-5.4401038219340005,2017-11-21 00:00:00.000000
D3,2017-11-21 13:55:01.000000,1026,381.953824,385.08229046527777,-3.128466465277768,5.808100364341707,-8.936566829619474,2017-11-21 00:00:00.000000
D3,2017-11-21 14:00:02.000000,1026,386.764304,385.10213188194444,1.6621721180555369,6.019749771067759,-4.357577653012222,2017-11-21 00:00:00.000000
D3,2017-11-21 14:05:03.000000,1026,383.2713,385.1286223611111,-1.8573223611111302,6.228022706044829,-8.08534506715596,2017-11-21 00:00:00.000000
D3,2017-11-21 14:10:05.000000,1026,385.477381,385.1368671875,0.34051381249997803,6.433493864961731,-6.092980052461753,2017-11-21 00:00:00.000000
D3,2017-11-21 14:15:02.000000,1026,385.477381,385.1752590726644,0.30212192733557686,6.632054086272589,-6.329932158937012,2017-11-21 00:00:00.000000
D3,2017-11-21 14:20:02.000000,1026,386.136141,385.1921362013889,0.944004798611104,6.82899238010717,-5.884987581496066,2017-11-21 00:00:00.000000
D3,2017-11-21 14:25:02.000000,1026,388.95503,385.24139451736113,3.7136354826388924,7.022191443411659,-3.3085559607727664,2017-11-21 00:00:00.000000
D3,2017-11-21 14:30:04.000000,1026,391.896509,385.31996271875,6.576546281249989,7.212808717360816,-0.6362624361108269,2017-11-21 00:00:00.000000
D3,2017-11-21 14:35:02.000000,1026,382.413359,385.3400722055749,-2.926713205574913,7.397005892703846,-10.323719098278758,2017-11-21 00:00:00.000000
D3,2017-11-21 14:40:02.000000,1026,387.361692,385.3474919442508,2.0142000557491997,7.578442887313561,-5.5642428315643615,2017-11-21 00:00:00.000000
D3,2017-11-21 14:45:02.000000,1026,398.17776,385.3541645644599,12.823595435540085,7.7557839535418545,5.0678114819982305,2017-11-21 00:00:00.000000
D3,2017-11-21 14:50:02.000000,1026,393.367236,385.3676871280276,7.999548871972365,7.928944686645966,0.070604185326399,2017-11-21 00:00:00.000000
D3,2017-11-21 14:55:02.000000,1026,387.89793,385.39427577083336,2.5036542291666137,8.097842671495277,-5.594188442328663,2017-11-21 00:00:00.000000
D3,2017-11-21 15:00:00.000000,1026,409.422499,385.41752211458333,24.00497688541668,8.261315043525288,15.743661841891393,2017-11-21 00:00:00.000000
D3,2017-11-21 15:05:02.000000,1026,398.591299,385.4336856747405,13.15761332525949,8.42253091835314,4.735082406906351,2017-11-21 00:00:00.000000
D3,2017-11-21 15:10:02.000000,1026,388.72523,385.4459839377163,3.2792460622837325,8.578166646341241,-5.298920584057509,2017-11-21 00:00:00.000000
D3,2017-11-21 15:15:01.000000,1026,394.669402,385.47651462152777,9.192887378472221,8.7287347592358,0.4641526192364207,2017-11-21 00:00:00.000000
D3,2017-11-21 15:20:02.000000,1026,410.847321,385.47858896180554,25.36873203819448,8.875650975804472,16.493081062390008,2017-11-21 00:00:00.000000
D3,2017-11-21 15:25:02.000000,1026,394.194447,385.54034771874996,8.654099281250069,9.017357990850474,-0.3632587096004052,2017-11-21 00:00:00.000000
D3,2017-11-21 15:30:04.000000,1026,394.194469,385.63827914236106,8.55618985763897,9.155180883759714,-0.5989910261207445,2017-11-21 00:00:00.000000
D3,2017-11-21 15:35:00.000000,1026,404.229034,385.63827914236106,18.590754857638956,9.285500179079385,9.305254678559571,2017-11-21 00:00:00.000000
D3,2017-11-21 15:40:05.000000,1026,411.521457,385.7383379131944,25.783119086805584,9.414782738932352,16.36833634787323,2017-11-21 00:00:00.000000
D3,2017-11-21 15:45:01.000000,1026,400.215302,385.7383379131944,14.476964086805594,9.535339156897045,4.941624929908549,2017-11-21 00:00:00.000000
D3,2017-11-21 15:50:02.000000,1026,396.2321,385.7189878615917,10.513112138408303,9.652912840498614,0.8601992979096895,2017-11-21 00:00:00.000000
D3,2017-11-21 15:55:02.000000,1026,404.091136,385.7412637951389,18.34987220486113,9.765004239425265,8.584867965435864,2017-11-21 00:00:00.000000
D3,2017-11-21 16:00:03.000000,1026,396.385285,385.81392677083335,10.571358229166663,9.87230689405631,0.6990513351103527,2017-11-21 00:00:00.000000
D3,2017-11-21 16:05:00.000000,1026,402.206891,385.81392677083335,16.392964229166637,9.97306512904033,6.419899100126306,2017-11-21 00:00:00.000000
D3,2017-11-21 16:10:02.000000,1026,401.839148,385.89366546875,15.945482531250036,10.070257607473682,5.875224923776354,2017-11-21 00:00:00.000000
D3,2017-11-21 16:15:00.000000,1026,408.212236,385.87456865972223,22.33766734027779,10.160916281053582,12.176751059224207,2017-11-21 00:00:00.000000
D3,2017-11-21 16:20:05.000000,1026,400.782048,385.88643119791664,14.895616802083339,10.248263322224112,4.647353479859227,2017-11-21 00:00:00.000000
D3,2017-11-21 16:25:02.000000,1026,412.272097,385.88643119791664,26.385665802083338,10.327988982619836,16.057676819463502,2017-11-21 00:00:00.000000
D3,2017-11-21 16:30:00.000000,1026,409.254004,385.9345719479167,23.3194320520833,10.402659240309408,12.916772811773892,2017-11-21 00:00:00.000000
D3,2017-11-21 16:35:03.000000,1026,409.008894,386.0309004567474,22.97799354325258,10.473078500637104,12.504915042615476,2017-11-21 00:00:00.000000
D3,2017-11-21 16:40:02.000000,1026,413.681564,385.9580639584775,27.72350004152247,10.537094719547708,17.18640532197476,2017-11-21 00:00:00.000000
D3,2017-11-21 16:45:03.000000,1026,405.822417,385.977518484429,19.844898515570947,10.596016641976505,9.248881873594442,2017-11-21 00:00:00.000000
D3,2017-11-21 16:50:02.000000,1026,411.107852,385.9934578263889,25.11439417361106,10.649033425982347,14.465360747628713,2017-11-21 00:00:00.000000
D3,2017-11-21 16:55:02.000000,1026,425.784356,385.9333079723184,39.8510480276816,10.696679395389271,29.15436863229233,2017-11-21 00:00:00.000000
D3,2017-11-21 17:00:04.000000,1026,417.787288,385.95164949480966,31.83563850519033,10.739006993693575,21.096631511496756,2017-11-21 00:00:00.000000
D3,2017-11-21 17:05:03.000000,1026,403.75419,385.9283779480969,17.825812051903085,10.775323361093923,7.050488690809162,2017-11-21 00:00:00.000000
D3,2017-11-21 17:10:01.000000,1026,401.241627,385.9796273402778,15.261999659722221,10.805966164020496,4.456033495701725,2017-11-21 00:00:00.000000
D3,2017-11-21 17:15:00.000000,1026,408.518629,386.0130336006944,22.505595399305548,10.831126563487105,11.674468835818443,2017-11-21 00:00:00.000000
D3,2017-11-21 17:20:04.000000,1026,410.234534,386.02074683680553,24.213787163194468,10.850959767551842,13.362827395642626,2017-11-21 00:00:00.000000
D3,2017-11-21 17:25:02.000000,1026,404.780715,386.02074683680553,18.759968163194458,10.86476708255079,7.895201080643668,2017-11-21 00:00:00.000000
D3,2017-11-21 17:30:01.000000,1026,419.181468,386.0279813402778,33.153486659722205,10.873007754747189,22.280478904975016,2017-11-21 00:00:00.000000
D3,2017-11-21 17:35:00.000000,1026,410.678825,386.1003260590278,24.578498940972224,10.87562215945229,13.702876781519935,2017-11-21 00:00:00.000000
D3,2017-11-21 17:40:03.000000,1026,412.501942,386.11431648263886,26.38762551736113,10.872530609375124,15.515094907986006,2017-11-21 00:00:00.000000
D3,2017-11-21 17:45:04.000000,1026,409.269381,386.15320146874996,23.116179531250054,10.86373896333828,12.252440567911774,2017-11-21 00:00:00.000000
D3,2017-11-21 17:50:00.000000,1026,408.702567,386.15320146874996,22.549365531250032,10.849537155418673,11.699828375831359,2017-11-21 00:00:00.000000
D3,2017-11-21 17:55:02.000000,1026,409.759556,386.17032986805555,23.58922613194443,10.829376017174347,12.759850114770082,2017-11-21 00:00:00.000000
D3,2017-11-21 18:00:01.000000,1026,421.219031,386.19474623958337,35.024284760416606,10.803781359875494,24.220503400541112,2017-11-21 00:00:00.000000
D3,2017-11-21 18:05:03.000000,1026,401.2876,386.25115930313586,15.036440696864133,10.772251943835988,4.2641887530281455,2017-11-21 00:00:00.000000
D3,2017-11-21 18:10:03.000000,1026,400.705455,386.2670617923875,14.438393207612478,10.73529656859234,3.7030966390201385,2017-11-21 00:00:00.000000
D3,2017-11-21 18:15:01.000000,1026,411.689863,386.30523110763886,25.384631892361142,10.693044959460138,14.691586932901004,2017-11-21 00:00:00.000000
D3,2017-11-21 18:20:02.000000,1026,398.146919,386.3369350590278,11.809983940972245,10.64478049336336,1.165203447608885,2017-11-21 00:00:00.000000
D3,2017-11-21 18:25:04.000000,1026,395.435486,386.43217056445997,9.00331543554006,10.590735373193258,-1.5874199376531983,2017-11-21 00:00:00.000000
D3,2017-11-21 18:30:03.000000,1026,413.773422,386.46051516027876,27.312906839721222,10.531706666666533,16.78120017305469,2017-11-21 00:00:00.000000
D3,2017-11-21 18:35:01.000000,1026,399.80154,386.43811108333335,13.363428916666635,10.467437825069043,2.895991091597592,2017-11-21 00:00:00.000000
D3,2017-11-21 18:40:05.000000,1026,392.019075,386.4122053506944,5.606869649305565,10.39631284011043,-4.789443190804864,2017-11-21 00:00:00.000000
D3,2017-11-21 18:45:02.000000,1026,396.52325,386.4155439757785,10.1077060242215,10.321433652297895,-0.2137276280763949,2017-11-21 00:00:00.000000
D3,2017-11-21 18:50:01.000000,1026,394.424359,386.45880380902776,7.965555190972225,10.240702757699061,-2.2751475667268366,2017-11-21 00:00:00.000000
D3,2017-11-21 18:55:02.000000,1026,390.686267,386.4230571076389,4.26320989236109,10.154051049297372,-5.890841156936283,2017-11-21 00:00:00.000000
D3,2017-11-21 19:00:01.000000,1026,393.275312,386.46569307317077,6.809618926829216,10.062670966791794,-3.2530520399625775,2017-11-21 00:00:00.000000
D3,2017-11-21 19:05:02.000000,1026,399.403267,386.4697085694445,12.933558430555536,9.965383865686903,2.968174564868633,2017-11-21 00:00:00.000000
D3,2017-11-21 19:10:03.000000,1026,371.704814,386.50582784722224,-14.801013847222237,9.862829844946324,-24.663843692168562,2017-11-21 00:00:00.000000
D3,2017-11-21 19:15:03.000000,1026,378.966395,386.51726465625,-7.550869656250029,9.755424668929356,-17.306294325179387,2017-11-21 00:00:00.000000
D3,2017-11-21 19:20:05.000000,1026,397.856013,386.56152251736114,11.294490482638878,9.642120088883093,1.6523703937557848,2017-11-21 00:00:00.000000
D3,2017-11-21 19:25:03.000000,1026,379.471903,386.5944453867596,-7.122542386759619,9.525271717108218,-16.647814103867837,2017-11-21 00:00:00.000000
D3,2017-11-21 19:30:00.000000,1026,387.668219,386.57652372569447,1.0916952743055504,9.403884535753532,-8.312189261447982,2017-11-21 00:00:00.000000
D3,2017-11-21 19:35:00.000000,1026,396.630328,386.64658077430556,9.983747225694458,9.276331500717225,0.707415724977233,2017-11-21 00:00:00.000000
D3,2017-11-21 19:40:05.000000,1026,398.192981,386.6792422013889,11.513738798611087,9.14162562425623,2.3721131743548565,2017-11-21 00:00:00.000000
D3,2017-11-21 19:45:03.000000,1026,394.194469,386.67768088235294,7.516788117647081,9.005179170458854,-1.4883910528117728,2017-11-21 00:00:00.000000
D3,2017-11-21 19:50:02.000000,1026,388.878438,386.7153606284722,2.1630773715278337,8.863539648385816,-6.700462276857982,2017-11-21 00:00:00.000000
D3,2017-11-21 19:55:02.000000,1026,403.922752,386.76690537847225,17.155846621527758,8.716726772291889,8.439119849235869,2017-11-21 00:00:00.000000
D3,2017-11-21 20:00:05.000000,1026,381.80055,386.81004567708334,-5.0094956770833505,8.563738522402229,-13.57323419948558,2017-11-21 00:00:00.000000
D3,2017-11-21 20:05:02.000000,1026,386.932888,386.81004567708334,0.12284232291665376,8.409260032786612,-8.286417709869959,2017-11-21 00:00:00.000000
D3,2017-11-21 20:10:04.000000,1026,395.971635,386.90511426132406,9.066520738675933,8.247667556019934,0.8188531826559995,2017-11-21 00:00:00.000000
D3,2017-11-21 20:15:01.000000,1026,388.556735,386.90233742906577,1.6543975709342362,8.084387010691211,-6.429989439756975,2017-11-21 00:00:00.000000
D3,2017-11-21 20:20:04.000000,1026,376.898168,387.0286214340278,-10.1304534340278,7.913428306321003,-18.0438817403488,2017-11-21 00:00:00.000000
D3,2017-11-21 20:25:02.000000,1026,384.956586,387.0286214340278,-2.0720354340277822,7.741056213070964,-9.813091647098746,2017-11-21 00:00:00.000000
D3,2017-11-21 20:30:03.000000,1026,398.683201,387.0930925138889,11.590108486111092,7.562768852952439,4.027339633158653,2017-11-21 00:00:00.000000
D3,2017-11-21 20:35:01.000000,1026,376.576465,387.0930925138889,-10.51662751388892,7.382203716684105,-17.898831230573023,2017-11-21 00:00:00.000000
D3,2017-11-21 20:40:02.000000,1026,390.241865,387.1343266341463,3.1075383658537135,7.195811924305062,-4.088273558451348,2017-11-21 00:00:00.000000
D3,2017-11-21 20:45:00.000000,1026,385.538753,387.12538144444443,-1.5866284444444432,7.0073963164337485,-8.594024760878192,2017-11-21 00:00:00.000000
D3,2017-11-21 20:50:02.000000,1026,379.732545,387.1392119305555,-7.406666930555502,6.812602412586301,-14.219269343141804,2017-11-21 00:00:00.000000
D3,2017-11-21 20:55:01.000000,1026,377.082106,387.167192625,-10.085086624999974,6.616018048534473,-16.701104673534445,2017-11-21 00:00:00.000000
D3,2017-11-21 21:00:02.000000,1026,388.510873,387.167192625,1.3436803750000195,6.414468957653102,-5.0707885826530825,2017-11-21 00:00:00.000000
D3,2017-11-21 21:05:03.000000,1026,377.679583,387.2173551006945,-9.537772100694497,6.209354275597512,-15.747126376292009,2017-11-21 00:00:00.000000
D3,2017-11-21 21:10:03.000000,1026,381.310485,387.29286483737025,-5.9823798373702175,6.001470872033469,-11.983850709403686,2017-11-21 00:00:00.000000
D3,2017-11-21 21:15:05.000000,1026,400.552336,387.33023411458333,13.222101885416691,5.788822900684087,7.433278984732604,2017-11-21 00:00:00.000000
D3,2017-11-21 21:20:03.000000,1026,373.359324,387.31035807612454,-13.951034076124529,5.575768473031898,-19.52680254915643,2017-11-21 00:00:00.000000
D3,2017-11-21 21:25:02.000000,1026,386.427336,387.42860975609756,-1.0012737560975324,5.358882583207056,-6.360156339304589,2017-11-21 00:00:00.000000
D3,2017-11-21 21:30:04.000000,1026,377.756065,387.5205636909722,-9.764498690972232,5.136756030613206,-14.901254721585438,2017-11-21 00:00:00.000000
D3,2017-11-21 21:35:03.000000,1026,393.474449,387.5205636909722,5.953885309027783,4.913906770044232,1.0399785389835507,2017-11-21 00:00:00.000000
D3,2017-11-21 21:40:00.000000,1026,389.138924,387.5631191666667,1.5758048333332795,4.689767091683197,-3.1139622583499174,2017-11-21 00:00:00.000000
D3,2017-11-21 21:45:03.000000,1026,393.597037,387.59652535069444,6.000511649305565,4.458351783064058,1.5421598662415068,2017-11-21 00:00:00.000000
D3,2017-11-21 21:50:03.000000,1026,380.973339,387.65312386458334,-6.6797848645833255,4.2266033600575525,-10.906388224640878,2017-11-21 00:00:00.000000
D3,2017-11-21 21:55:03.000000,1026,391.191797,387.65312386458334,3.5386731354166727,3.992354302749586,-0.4536811673329133,2017-11-21 00:00:00.000000
D3,2017-11-21 22:00:01.000000,1026,379.778452,387.69647725694443,-7.918025256944418,3.7573013525658485,-11.675326609510266,2017-11-21 00:00:00.000000
D3,2017-11-21 22:05:02.000000,1026,388.035895,387.72009524305554,0.3157997569444433,3.517601420313564,-3.2018016633691206,2017-11-21 00:00:00.000000
D3,2017-11-21 22:10:03.000000,1026,386.503817,387.7282341354167,-1.2244171354166724,3.2757238555732267,-4.500140990989899,2017-11-21 00:00:00.000000
D3,2017-11-21 22:15:01.000000,1026,392.830976,387.74461785069445,5.086358149305568,3.034225626810205,2.052132522495363,2017-11-21 00:00:00.000000
D3,2017-11-21 22:20:01.000000,1026,375.90244,387.7297765798611,-11.827336579861083,2.789180178046811,-14.616516757907894,2017-11-21 00:00:00.000000
D3,2017-11-21 22:25:02.000000,1026,383.960702,387.7456847491289,-3.784982749128858,2.5414924507881334,-6.326475199916992,2017-11-21 00:00:00.000000
D3,2017-11-21 22:30:01.000000,1026,391.283789,387.7537669861111,3.5300220138889244,2.2937572772847776,1.2362647366041468,2017-11-21 00:00:00.000000
D3,2017-11-21 22:35:02.000000,1026,384.987205,387.7590829407665,-2.771877940766501,2.0427793036853914,-4.814657244451892,2017-11-21 00:00:00.000000
D3,2017-11-21 22:40:02.000000,1026,377.23527,387.80813917073175,-10.572869170731735,1.791171323497526,-12.364040494229261,2017-11-21 00:00:00.000000
D3,2017-11-21 22:45:02.000000,1026,373.405209,387.78525814930555,-14.380049149305535,1.5382218427550383,-15.918270992060574,2017-11-21 00:00:00.000000
D3,2017-11-21 22:50:00.000000,1026,388.112377,387.78834335069445,0.3240336493055338,1.2857494997095102,-0.9617158504039764,2017-11-21 00:00:00.000000
D3,2017-11-21 22:55:01.000000,1026,382.520615,387.75626689930556,-5.235651899305537,1.0296331175023652,-6.265285016807903,2017-11-21 00:00:00.000000
D3,2017-11-21 23:00:00.000000,1026,383.730946,387.78259782291667,-4.051651822916654,0.7742424495426836,-4.825894272459337,2017-11-21 00:00:00.000000
D3,2017-11-21 23:05:04.000000,1026,382.704531,387.7381273263889,-5.033596326388931,0.5137084507548466,-5.547304777143777,2017-11-21 00:00:00.000000
D3,2017-11-21 23:10:04.000000,1026,388.081802,387.7381273263889,0.3436746736110763,0.2558635955799762,0.08781107803110011,2017-11-21 00:00:00.000000
D3,2017-11-21 23:15:02.000000,1026,384.022118,387.72166412110727,-3.6995461211072893,-0.0008672474108344375,-3.698678873696455,2017-11-21 00:00:00.000000
D3,2017-11-21 23:20:02.000000,1026,375.320183,387.78775806249996,-12.467575062499975,-0.25980780222911015,-12.207767260270865,2017-11-21 00:00:00.000000
D3,2017-11-21 23:25:04.000000,1026,378.414869,387.83159034722223,-9.416721347222222,-0.5208433576305331,-8.895877989591689,2017-11-21 00:00:00.000000
D3,2017-11-21 23:30:03.000000,1026,396.431192,387.8677628611111,8.563429138888921,-0.7795269590895213,9.342956097978442,2017-11-21 00:00:00.000000
D3,2017-11-21 23:35:02.000000,1026,386.994127,387.84745786505187,-0.8533308650518734,-1.0383277627084115,0.18499689765653815,2017-11-21 00:00:00.000000
D3,2017-11-21 23:40:04.000000,1026,384.251897,387.85494215277777,-3.6030451527777814,-1.2997195834353208,-2.3033255693424604,2017-11-21 00:00:00.000000
D3,2017-11-21 23:45:03.000000,1026,381.861922,387.8395591107266,-5.977637110726619,-1.5583858284733159,-4.4192512822533025,2017-11-21 00:00:00.000000
D3,2017-11-21 23:50:00.000000,1026,401.86979,387.8970188923611,13.972771107638948,-1.8150736219125356,15.787844729551484,2017-11-21 00:00:00.000000
D3,2017-11-21 23:55:03.000000,1026,380.375884,387.8993591805555,-7.523475180555522,-2.0765675714715117,-5.44690760908401,2017-11-21 00:00:00.000000
D3,2017-11-22 00:00:04.000000,1026,384.328378,387.88632614930555,-3.5579481493055596,3.0456481049861552,-6.603596254291714,2017-11-22 00:00:00.000000
D3,2017-11-22 00:05:00.000000,1026,385.048399,387.88632614930555,-2.8379271493055285,2.945710987212034,-5.783638136517562,2017-11-22 00:00:00.000000
D3,2017-11-22 00:10:04.000000,1026,389.337994,387.92226327526134,1.415730724738637,2.8417887919182725,-1.4260580671796355,2017-11-22 00:00:00.000000
D3,2017-11-22 00:15:04.000000,1026,378.322989,387.96414990277776,-9.641160902777756,2.738007505388194,-12.379168408165949,2017-11-22 00:00:00.000000
D3,2017-11-22 00:20:03.000000,1026,386.488508,387.96414990277776,-1.4756419027777383,2.6334091844586762,-4.1090510872364145,2017-11-22 00:00:00.000000
D3,2017-11-22 00:25:03.000000,1026,379.042988,387.84120193425605,-8.798213934256069,2.527343985788475,-11.325557920044544,2017-11-22 00:00:00.000000
D3,2017-11-22 00:30:00.000000,1026,383.255968,387.8230249444444,-4.567056944444403,2.421286756211659,-6.988343700656062,2017-11-22 00:00:00.000000
D3,2017-11-22 00:35:04.000000,1026,374.15596,387.78061111418685,-13.624651114186861,2.3116969607819664,-15.936348074968826,2017-11-22 00:00:00.000000
D3,2017-11-22 00:40:04.000000,1026,385.416142,387.7668513125,-2.350709312500044,2.202576612995938,-4.553285925495982,2017-11-22 00:00:00.000000
D3,2017-11-22 00:45:03.000000,1026,387.070786,387.6957832465278,-0.624997246527812,2.092910588313406,-2.717907834841218,2017-11-22 00:00:00.000000
D3,2017-11-22 00:50:02.000000,1026,379.089028,387.66657913194445,-8.57755113194446,1.9823885756184345,-10.559939707562895,2017-11-22 00:00:00.000000
D3,2017-11-22 00:55:05.000000,1026,380.559734,387.6276405208334,-7.0679065208333895,1.8695683105941925,-8.937474831427583,2017-11-22 00:00:00.000000
D3,2017-11-22 01:00:02.000000,1026,375.167131,387.6276405208334,-12.460509520833398,1.7582338881598738,-14.218743408993271,2017-11-22 00:00:00.000000
D3,2017-11-22 01:05:00.000000,1026,380.498428,387.54066755208333,-7.042239552083345,1.6458327231159595,-8.688072275199303,2017-11-22 00:00:00.000000
D3,2017-11-22 01:10:03.000000,1026,386.657114,387.37698854861105,-0.7198745486110738,1.5308894162120736,-2.2507639648231477,2017-11-22 00:00:00.000000
D3,2017-11-22 01:15:04.000000,1026,383.485858,387.32164610380624,-3.8357881038062374,1.4161045025083805,-5.251892606314618,2017-11-22 00:00:00.000000
D3,2017-11-22 01:20:01.000000,1026,392.739096,387.30356937716266,5.435526622837358,1.3023123069057385,4.133214315931619,2017-11-22 00:00:00.000000
D3,2017-11-22 01:25:02.000000,1026,385.783841,387.29240903125,-1.508568031249979,1.1865023643400563,-2.6950703955900353,2017-11-22 00:00:00.000000
D3,2017-11-22 01:30:05.000000,1026,391.498213,387.26371541463413,4.234497585365887,1.0694855225652018,3.1650120628006846,2017-11-22 00:00:00.000000
D3,2017-11-22 01:35:01.000000,1026,390.425758,387.2449059513889,3.1808520486110865,0.9548025999148992,2.2260494486961875,2017-11-22 00:00:00.000000
D3,2017-11-22 01:40:03.000000,1026,374.033349,387.19159910452964,-13.158250104529657,0.8374742889241547,-13.995724393453811,2017-11-22 00:00:00.000000
D3,2017-11-22 01:45:01.000000,1026,376.545912,387.10340834375,-10.557496343750017,0.7214373081106191,-11.278933651860637,2017-11-22 00:00:00.000000
D3,2017-11-22 01:50:01.000000,1026,381.049932,387.0697895243055,-6.0198575243055075,0.6044133993738083,-6.624270923679315,2017-11-22 00:00:00.000000
D3,2017-11-22 01:55:02.000000,1026,384.803289,387.0335948118467,-2.2303058118466765,0.48684542696891375,-2.7171512388155903,2017-11-22 00:00:00.000000
D3,2017-11-22 02:00:05.000000,1026,378.966462,386.95978346874995,-7.9933214687499685,0.36839744660702856,-8.361718915356997,2017-11-22 00:00:00.000000
D3,2017-11-22 02:05:00.000000,1026,381.310218,386.95978346874995,-5.649565468749927,0.253036187789609,-5.902601656539536,2017-11-22 00:00:00.000000
D3,2017-11-22 02:10:02.000000,1026,374.983149,386.8619391487889,-11.87879014878888,0.13495195850422226,-12.013742107293103,2017-11-22 00:00:00.000000
D3,2017-11-22 02:15:01.000000,1026,396.232122,386.83320775778543,9.398914242214573,0.018110607521236055,9.380803634693336,2017-11-22 00:00:00.000000
D3,2017-11-22 02:20:04.000000,1026,384.236542,386.8403606968641,-2.6038186968640957,-0.10016613680610931,-2.5036525600579864,2017-11-22 00:00:00.000000
D3,2017-11-22 02:25:04.000000,1026,386.672379,386.75281789198607,-0.08043889198609122,-0.21708903788854483,0.1366501459024536,2017-11-22 00:00:00.000000
D3,2017-11-22 02:30:03.000000,1026,386.120809,386.71376015277775,-0.5929511527777436,-0.3333857329582868,-0.2595654198194568,2017-11-22 00:00:00.000000
D3,2017-11-22 02:35:05.000000,1026,384.757315,386.63543632055746,-1.8781213205574545,-0.4505535900420048,-1.4275677305154497,2017-11-22 00:00:00.000000
D3,2017-11-22 02:40:02.000000,1026,386.120898,386.5688057708333,-0.4479077708332966,-0.5654371213190341,0.11752935048573754,2017-11-22 00:00:00.000000
D3,2017-11-22 02:45:02.000000,1026,392.524605,386.5374743888889,5.987130611111127,-0.6810794202994153,6.668210031410542,2017-11-22 00:00:00.000000
D3,2017-11-22 02:50:00.000000,1026,382.091745,386.44693709722225,-4.355192097222243,-0.7954969206553337,-3.5596951765669096,2017-11-22 00:00:00.000000
D3,2017-11-22 02:55:03.000000,1026,386.779636,386.3874869686411,0.39214903135888335,-0.9113148742505528,1.3034639056094361,2017-11-22 00:00:00.000000
D3,2017-11-22 03:00:02.000000,1026,394.255775,386.2550518466899,8.000723153310105,-1.025036000823206,9.025759154133311,2017-11-22 00:00:00.000000
D3,2017-11-22 03:05:01.000000,1026,383.807583,386.19064584722224,-2.38306284722222,-1.138139017979611,-1.2449238292426092,2017-11-22 00:00:00.000000
D3,2017-11-22 03:10:00.000000,1026,377.710203,386.12628046875,-8.416077468750018,-1.2505704530697388,-7.165507015680279,2017-11-22 00:00:00.000000
D3,2017-11-22 03:15:03.000000,1026,377.81737,386.0626709268293,-8.245300926829316,-1.3637664016891944,-6.881534525140122,2017-11-22 00:00:00.000000
D3,2017-11-22 03:20:04.000000,1026,385.661252,385.95238833797913,-0.2911363379791396,-1.4754239819703572,1.1842876439912176,2017-11-22 00:00:00.000000
D3,2017-11-22 03:25:03.000000,1026,373.89554,385.93781290972225,-12.042272909722271,-1.5855059460370473,-10.456766963685224,2017-11-22 00:00:00.000000
D3,2017-11-22 03:30:02.000000,1026,386.672357,385.93781290972225,0.7345440902777227,-1.6947048226702353,2.429248912947958,2017-11-22 00:00:00.000000
D3,2017-11-22 03:35:04.000000,1026,398.836409,385.7817408298611,13.054668170138882,-1.804050337104477,14.85871850724336,2017-11-22 00:00:00.000000
D3,2017-11-22 03:40:00.000000,1026,395.312831,385.7817408298611,9.531090170138896,-1.9102472481199877,11.441337418258883,2017-11-22 00:00:00.000000
D3,2017-11-22 03:45:03.000000,1026,369.299596,385.63657280902777,-16.33697680902776,-2.0179029303418177,-14.319073878685943,2017-11-22 00:00:00.000000
D3,2017-11-22 03:50:01.000000,1026,388.985739,385.63657280902777,3.349166190972255,-2.1226930799129096,5.471859270885165,2017-11-22 00:00:00.000000
D3,2017-11-22 03:55:02.000000,1026,395.205552,385.54720593055555,9.658346069444463,-2.227391419545624,11.885737488990086,2017-11-22 00:00:00.000000
D3,2017-11-22 04:00:01.000000,1026,377.740733,385.5207686875,-7.780035687500003,-2.330203673476647,-5.4498320140233565,2017-11-22 00:00:00.000000
D3,2017-11-22 04:05:00.000000,1026,392.218256,385.5394396875,6.6788163124999755,-2.431780763062717,9.110597075562692,2017-11-22 00:00:00.000000
D3,2017-11-22 04:10:02.000000,1026,379.701815,385.54991902430555,-5.848104024305542,-2.533074294704557,-3.315029729600985,2017-11-22 00:00:00.000000
D3,2017-11-22 04:15:01.000000,1026,387.223905,385.4944435400697,1.7294614599302918,-2.632024003244642,4.361485463174933,2017-11-22 00:00:00.000000
D3,2017-11-22 04:20:02.000000,1026,385.171032,385.50587449305556,-0.3348424930555325,-2.73024376455278,2.3954012714972475,2017-11-22 00:00:00.000000
D3,2017-11-22 04:25:03.000000,1026,384.435612,385.4638512222222,-1.0282392222222256,-2.827020114178095,1.7987808919558694,2017-11-22 00:00:00.000000
D3,2017-11-22 04:30:04.000000,1026,391.942437,385.4127315104167,6.529705489583307,-2.9223066842513816,9.452012173834689,2017-11-22 00:00:00.000000
D3,2017-11-22 04:35:01.000000,1026,396.55378,385.4127315104167,11.14104848958334,-3.014822220902259,14.1558707104856,2017-11-22 00:00:00.000000
D3,2017-11-22 04:40:00.000000,1026,369.360723,385.3740061527778,-16.013283152777774,-3.1064070367249803,-12.906876116052793,2017-11-22 00:00:00.000000
D3,2017-11-22 04:45:01.000000,1026,394.745995,385.3378869548611,9.408108045138874,-3.19698611654767,12.605094161686544,2017-11-22 00:00:00.000000
D3,2017-11-22 04:50:00.000000,1026,374.676867,385.3262370486111,-10.649370048611104,-3.2853129749556818,-7.364057073655422,2017-11-22 00:00:00.000000
D3,2017-11-22 04:55:01.000000,1026,368.61015,385.28297324221455,-16.672823242214577,-3.3725268751517437,-13.300296367062833,2017-11-22 00:00:00.000000
D3,2017-11-22 05:00:02.000000,1026,383.02619,385.1841619550173,-2.157971955017331,-3.4579896304287057,1.3000176754113748,2017-11-22 00:00:00.000000
D3,2017-11-22 05:05:00.000000,1026,375.825802,385.07095665625,-9.245154656250008,-3.540835340257901,-5.704319315992107,2017-11-22 00:00:00.000000
D3,2017-11-22 05:10:02.000000,1026,385.125036,385.0094346376307,0.1156013623693184,-3.622961131555837,3.7385624939251554,2017-11-22 00:00:00.000000
D3,2017-11-22 05:15:01.000000,1026,387.162666,384.987068728223,2.175597271777008,-3.702415617586281,5.878012889363289,2017-11-22 00:00:00.000000
D3,2017-11-22 05:20:03.000000,1026,384.665413,385.06829664583336,-0.4028836458333558,-3.7807548161217914,3.3778711702884356,2017-11-22 00:00:00.000000
D3,2017-11-22 05:25:05.000000,1026,381.356325,385.056008375,-3.6996833749999496,-3.8571343218511047,0.15745094685115513,2017-11-22 00:00:00.000000
D3,2017-11-22 05:30:01.000000,1026,392.417415,385.056008375,7.361406625000029,-3.930059159747347,11.291465784747377,2017-11-22 00:00:00.000000
D3,2017-11-22 05:35:02.000000,1026,384.006675,384.91046766898955,-0.9037926689895812,-4.00221413336668,3.0984214643770986,2017-11-22 00:00:00.000000
D3,2017-11-22 05:40:03.000000,1026,387.22386,384.99728104513883,2.226578954861168,-4.072316263805489,6.298895218666657,2017-11-22 00:00:00.000000
D3,2017-11-22 05:45:02.000000,1026,377.55695,384.94961864583337,-7.392668645833396,-4.139886989515712,-3.2527816563176843,2017-11-22 00:00:00.000000
D3,2017-11-22 05:50:03.000000,1026,390.379763,384.9463735798611,5.433389420138951,-4.205797855605717,9.639187275744668,2017-11-22 00:00:00.000000
D3,2017-11-22 05:55:04.000000,1026,384.757427,384.91121208333334,-0.1537850833333323,-4.2695583366731915,4.115773253339859,2017-11-22 00:00:00.000000
D3,2017-11-22 06:00:03.000000,1026,378.568188,384.84652721180555,-6.27833921180553,-4.330735979882199,-1.9476032319233312,2017-11-22 00:00:00.000000
D3,2017-11-22 06:05:03.000000,1026,386.136119,384.9122698062284,1.2238491937716276,-4.389926272950634,5.613775466722261,2017-11-22 00:00:00.000000
D3,2017-11-22 06:10:02.000000,1026,390.962019,384.85541102083334,6.106607979166654,-4.4467066455350395,10.553314624701693,2017-11-22 00:00:00.000000
D3,2017-11-22 06:15:04.000000,1026,376.147572,384.81780307291666,-8.670231072916636,-4.501787069712316,-4.1684440032043195,2017-11-22 00:00:00.000000
D3,2017-11-22 06:20:03.000000,1026,396.155529,384.85323113541665,11.302297864583352,-4.5540472342744875,15.85634509885784,2017-11-22 00:00:00.000000
D3,2017-11-22 06:25:04.000000,1026,376.34662,384.90161606574395,-8.554996065743978,-4.604347368938352,-3.9506486968056267,2017-11-22 00:00:00.000000
D3,2017-11-22 06:30:05.000000,1026,380.008141,384.78966390625,-4.781522906249961,-4.652306163953088,-0.1292167422968733,2017-11-22 00:00:00.000000
D3,2017-11-22 06:35:05.000000,1026,377.434362,384.78929203124994,-7.354930031249921,-4.697753103218755,-2.6571769280311663,2017-11-22 00:00:00.000000
D3,2017-11-22 06:40:01.000000,1026,369.713224,384.78929203124994,-15.076068031249918,-4.740271103359839,-10.33579692789008,2017-11-22 00:00:00.000000
D3,2017-11-22 06:45:01.000000,1026,387.377068,384.81721887152776,2.5598491284722513,-4.780989017062943,7.340838145535194,2017-11-22 00:00:00.000000
D3,2017-11-22 06:50:01.000000,1026,372.470764,384.80764369444444,-12.336879694444463,-4.819297049875024,-7.517582644569439,2017-11-22 00:00:00.000000
D3,2017-11-22 06:55:03.000000,1026,379.655774,384.79618128222995,-5.140407282229944,-4.85540798206424,-0.28499930016570385,2017-11-22 00:00:00.000000
D3,2017-11-22 07:00:05.000000,1026,387.622156,384.80992989583336,2.8122261041666547,-4.8890409025966335,7.701267006763288,2017-11-22 00:00:00.000000
D3,2017-11-22 07:05:04.000000,1026,383.118137,384.7590820313589,-1.6409450313589105,-4.919882580676615,3.278937549317704,2017-11-22 00:00:00.000000
D3,2017-11-22 07:10:04.000000,1026,368.793933,384.71226488194446,-15.918331881944482,-4.948355532108606,-10.969976349835875,2017-11-22 00:00:00.000000
D3,2017-11-22 07:15:02.000000,1026,386.932821,384.71226488194446,2.2205561180555264,-4.974173993501948,7.194730111557474,2017-11-22 00:00:00.000000
D3,2017-11-22 07:20:01.000000,1026,396.017609,384.7290740208333,11.288534979166684,-4.997598060446471,16.286133039613155,2017-11-22 00:00:00.000000
D3,2017-11-22 07:25:03.000000,1026,381.433007,384.7050522179931,-3.2720452179931385,-5.018723171775347,1.7466779537822088,2017-11-22 00:00:00.000000
D3,2017-11-22 07:30:04.000000,1026,390.793457,384.6835395034722,6.109917496527771,-5.037234247161609,11.147151743689381,2017-11-22 00:00:00.000000
D3,2017-11-22 07:35:00.000000,1026,385.554018,384.6835395034722,0.8704784965277668,-5.052952281767011,5.923430778294778,2017-11-22 00:00:00.000000
D3,2017-11-22 07:40:03.000000,1026,379.043055,384.56499884083047,-5.521943840830488,-5.066481532204674,-0.4554623086258145,2017-11-22 00:00:00.000000
D3,2017-11-22 07:45:02.000000,1026,386.228021,384.5176794583333,1.7103415416667076,-5.077286473401504,6.787628015068211,2017-11-22 00:00:00.000000
D3,2017-11-22 07:50:02.000000,1026,389.552418,384.5140622847223,5.038355715277703,-5.085580895208314,10.123936610486016,2017-11-22 00:00:00.000000
D3,2017-11-22 07:55:03.000000,1026,377.311796,384.44232631707314,-7.130530317073124,-5.0913353231261596,-2.039194993946964,2017-11-22 00:00:00.000000
D3,2017-11-22 08:00:01.000000,1026,380.758826,384.43028145486113,-3.671455454861132,-5.094496100518454,1.4230406456573226,2017-11-22 00:00:00.000000
D3,2017-11-22 08:05:03.000000,1026,386.8103,384.3900129513889,2.420287048611101,-5.095123146491856,7.515410195102957,2017-11-22 00:00:00.000000
D3,2017-11-22 08:10:04.000000,1026,384.726741,384.3717763910035,0.35496460899651083,-5.093167354182251,5.448131963178762,2017-11-22 00:00:00.000000
D3,2017-11-22 08:15:00.000000,1026,388.280983,384.3314991041667,3.949483895833282,-5.088732314431519,9.038216210264801,2017-11-22 00:00:00.000000
D3,2017-11-22 08:20:00.000000,1026,389.368703,384.30692341319445,5.061779586805528,-5.0816980447821205,10.143477631587649,2017-11-22 00:00:00.000000
D3,2017-11-22 08:25:03.000000,1026,388.311536,384.3184132986111,3.99312270138887,-5.0720020220751705,9.065124723464042,2017-11-22 00:00:00.000000
D3,2017-11-22 08:30:00.000000,1026,375.5041,384.3184132986111,-8.814313298611125,-5.059975062199818,-3.754338236411307,2017-11-22 00:00:00.000000
D3,2017-11-22 08:35:03.000000,1026,382.398094,384.31170627177704,-1.9136122717770263,-5.045137086667234,3.1315248148902075,2017-11-22 00:00:00.000000
D3,2017-11-22 08:40:05.000000,1026,384.558112,384.32516953124997,0.232942468750025,-5.027774298537656,5.260716767287681,2017-11-22 00:00:00.000000
D3,2017-11-22 08:45:00.000000,1026,377.173942,384.32516953124997,-7.151227531249958,-5.008341102163728,-2.1428864290862304,2017-11-22 00:00:00.000000
D3,2017-11-22 08:50:03.000000,1026,377.37319,384.3716608263889,-6.998470826388882,-4.985846201191755,-2.0126246251971267,2017-11-22 00:00:00.000000
D3,2017-11-22 08:55:00.000000,1026,380.26865,384.3716608263889,-4.103010826388925,-4.961314361890199,0.8583035355012747,2017-11-22 00:00:00.000000
D3,2017-11-22 09:00:03.000000,1026,380.314579,384.4336316770833,-4.119052677083346,-4.933766350232991,0.8147136731496456,2017-11-22 00:00:00.000000
D3,2017-11-22 09:05:03.000000,1026,382.076413,384.4130175605536,-2.33660456055361,-4.903996039075194,2.567391478521584,2017-11-22 00:00:00.000000
D3,2017-11-22 09:10:00.000000,1026,391.942549,384.4363975416667,7.506151458333306,-4.872091859008643,12.37824331734195,2017-11-22 00:00:00.000000
D3,2017-11-22 09:15:02.000000,1026,374.508305,384.458446799308,-9.950141799307971,-4.837185180241869,-5.112956619066102,2017-11-22 00:00:00.000000
D3,2017-11-22 09:20:01.000000,1026,381.586059,384.40256523958334,-2.8165062395833615,-4.800192647385566,1.983686407802204,2017-11-22 00:00:00.000000
D3,2017-11-22 09:25:02.000000,1026,398.867118,384.40793772569447,14.459180274305538,-4.760525629328788,19.219705903634328,2017-11-22 00:00:00.000000
D3,2017-11-22 09:30:03.000000,1026,384.542891,384.42171497569444,0.12117602430555507,-4.718442442874135,4.83961846717969,2017-11-22 00:00:00.000000
D3,2017-11-22 09:35:03.000000,1026,381.984466,384.4630587439446,-2.4785927439446027,-4.674114966171729,2.195522222227126,2017-11-22 00:00:00.000000
D3,2017-11-22 09:40:04.000000,1026,381.080551,384.4261836875,-3.345632687499972,-4.627268932905861,1.2816362454058892,2017-11-22 00:00:00.000000
D3,2017-11-22 09:45:03.000000,1026,383.470503,384.44052907266433,-0.9700260726643251,-4.578405189115025,3.6083791164507,2017-11-22 00:00:00.000000
D3,2017-11-22 09:50:01.000000,1026,371.55145,384.4087356423611,-12.857285642361092,-4.527418293396064,-8.329867348965028,2017-11-22 00:00:00.000000
D3,2017-11-22 09:55:03.000000,1026,377.694848,384.4679879965398,-6.77313999653984,-4.473442665297624,-2.299697331242216,2017-11-22 00:00:00.000000
D3,2017-11-22 10:00:04.000000,1026,374.155871,384.45629080208334,-10.300419802083354,-4.417363330396606,-5.883056471686748,2017-11-22 00:00:00.000000
D3,2017-11-22 10:05:03.000000,1026,376.607129,384.51310226388887,-7.905973263888882,-4.359427196849291,-3.546546067039591,2017-11-22 00:00:00.000000
D3,2017-11-22 10:10:04.000000,1026,382.413403,384.50616597560975,-2.0927629756097303,-4.298886989067614,2.2061240134578837,2017-11-22 00:00:00.000000
D3,2017-11-22 10:15:01.000000,1026,382.489996,384.4953886597222,-2.0053926597221903,-4.236999746767452,2.231607087045262,2017-11-22 00:00:00.000000
D3,2017-11-22 10:20:05.000000,1026,372.225587,384.56338922648087,-12.337802226480846,-4.171470837989033,-8.166331388491813,2017-11-22 00:00:00.000000
D3,2017-11-22 10:25:03.000000,1026,390.073369,384.597178912892,5.476190087108023,-4.105122385413785,9.581312472521809,2017-11-22 00:00:00.000000
D3,2017-11-22 10:30:01.000000,1026,373.052931,384.5894368055556,-11.536505805555578,-4.036713476697262,-7.499792328858316,2017-11-22 00:00:00.000000
D3,2017-11-22 10:35:02.000000,1026,392.861684,384.6029475659722,8.25873643402781,-3.96555693779558,12.22429337182339,2017-11-22 00:00:00.000000
D3,2017-11-22 10:40:02.000000,1026,381.218405,384.6702384375,-3.4518334374999995,-3.892611612499649,0.44077817499964933,2017-11-22 00:00:00.000000
D3,2017-11-22 10:45:04.000000,1026,385.140301,384.7730644425087,0.3672365574913101,-3.817173088429326,4.184409645920637,2017-11-22 00:00:00.000000
D3,2017-11-22 10:50:02.000000,1026,381.325661,384.76976546527777,-3.4441044652777464,-3.7407954415830753,0.2966909763053289,2017-11-22 00:00:00.000000
D3,2017-11-22 10:55:01.000000,1026,380.682233,384.76976546527777,-4.087532465277775,-3.6622626536928964,-0.42526981158487853,2017-11-22 00:00:00.000000
D3,2017-11-22 11:00:03.000000,1026,375.182441,384.78464840418116,-9.602207404181172,-3.581048945398509,-6.021158458782663,2017-11-22 00:00:00.000000
D3,2017-11-22 11:05:02.000000,1026,378.598741,384.7928518645833,-6.194110864583308,-3.4988061672258013,-2.695304697357507,2017-11-22 00:00:00.000000
D3,2017-11-22 11:10:05.000000,1026,384.987227,384.78162761458333,0.20559938541668998,-3.413639644161121,3.619239029577811,2017-11-22 00:00:00.000000
D3,2017-11-22 11:15:01.000000,1026,377.112681,384.78162761458333,-7.668946614583319,-3.3287076043117656,-4.340239010271554,2017-11-22 00:00:00.000000
D3,2017-11-22 11:20:02.000000,1026,388.495496,384.75481694791665,3.740679052083351,-3.2406253499474245,6.9813044020307755,2017-11-22 00:00:00.000000
D3,2017-11-22 11:25:04.000000,1026,388.679323,384.7804037326389,3.898919267361123,-3.1505541424056953,7.049473409766819,2017-11-22 00:00:00.000000
D3,2017-11-22 11:30:03.000000,1026,388.326867,384.7712065951557,3.555660404844275,-3.059746389172936,6.615406794017211,2017-11-22 00:00:00.000000
D3,2017-11-22 11:35:01.000000,1026,380.498339,384.7307205347222,-4.232381534722208,-2.96767013422558,-1.264711400496628,2017-11-22 00:00:00.000000
D3,2017-11-22 11:40:02.000000,1026,382.183558,384.7292750622837,-2.5457170622836998,-2.873117676664173,0.3274006143804731,2017-11-22 00:00:00.000000
D3,2017-11-22 11:45:01.000000,1026,383.409243,384.730932625,-1.3216896249999763,-2.7776965431575924,1.456006918157616,2017-11-22 00:00:00.000000
D3,2017-11-22 11:50:04.000000,1026,391.023146,384.714078825784,6.309067174216011,-2.679523190263753,8.988590364479764,2017-11-22 00:00:00.000000
D3,2017-11-22 11:55:03.000000,1026,373.236691,384.6687478263889,-11.432056826388873,-2.581235967171486,-8.850820859217388,2017-11-22 00:00:00.000000
D3,2017-11-22 12:00:02.000000,1026,393.336573,384.69454732291666,8.642025677083325,-2.4815948971179767,11.1236205742013,2017-11-22 00:00:00.000000
D3,2017-11-22 12:05:01.000000,1026,384.098622,384.6754322996516,-0.5768102996516404,-2.3806470882370445,1.803836788585404,2017-11-22 00:00:00.000000
D3,2017-11-22 12:10:05.000000,1026,390.5791,384.65699284375,5.922107156249979,-2.2767206947109337,8.198827850960912,2017-11-22 00:00:00.000000
D3,2017-11-22 12:15:03.000000,1026,390.379829,384.65699284375,5.7228361562499686,-2.1736312562556375,7.896467412505606,2017-11-22 00:00:00.000000
D3,2017-11-22 12:20:03.000000,1026,369.360746,384.6465133541667,-15.285767354166694,-2.068685028675879,-13.217082325490814,2017-11-22 00:00:00.000000
D3,2017-11-22 12:25:01.000000,1026,380.896746,384.64507714583334,-3.7483311458333333,-1.9633305255933609,-1.7850006202399724,2017-11-22 00:00:00.000000
D3,2017-11-22 12:30:04.000000,1026,387.622223,384.57629729166666,3.045925708333357,-1.8551272992893477,4.901053007622704,2017-11-22 00:00:00.000000
D3,2017-11-22 12:35:02.000000,1026,374.661535,384.57629729166666,-9.914762291666648,-1.747697090461993,-8.167065201204654,2017-11-22 00:00:00.000000
D3,2017-11-22 12:40:01.000000,1026,367.997252,384.5877340208333,-16.590482020833292,-1.638948271504903,-14.951533749328389,2017-11-22 00:00:00.000000
D3,2017-11-22 12:45:00.000000,1026,379.07354,384.5762970590278,-5.502757059027829,-1.529291098743543,-3.973465960284286,2017-11-22 00:00:00.000000
D3,2017-11-22 12:50:01.000000,1026,380.498339,384.5681573159722,-4.069818315972213,-1.4180354274528093,-2.651782888519404,2017-11-22 00:00:00.000000
D3,2017-11-22 12:55:04.000000,1026,373.696292,384.51808106574396,-10.821789065743928,-1.305217796588239,-9.516571269155689,2017-11-22 00:00:00.000000
D3,2017-11-22 13:00:03.000000,1026,367.87473,384.56445492334495,-16.689724923344954,-1.193133676843998,-15.496591246500957,2017-11-22 00:00:00.000000
D3,2017-11-22 13:05:03.000000,1026,359.893039,384.52415280139377,-24.63111380139378,-1.079973667652147,-23.551140133741633,2017-11-22 00:00:00.000000
D3,2017-11-22 13:10:01.000000,1026,364.182612,384.5049613472222,-20.3223493472222,-0.966926011055075,-19.355423336167124,2017-11-22 00:00:00.000000
D3,2017-11-22 13:15:00.000000,1026,371.383022,384.457565125,-13.074543124999991,-0.8529094110817848,-12.221633713918207,2017-11-22 00:00:00.000000
D3,2017-11-22 13:20:00.000000,1026,377.281176,384.4075624340278,-7.126386434027779,-0.7379721179622163,-6.388414316065563,2017-11-22 00:00:00.000000
D3,2017-11-22 13:25:00.000000,1026,364.933275,384.38096502083334,-19.447690020833363,-0.6225492010265381,-18.825140819806826,2017-11-22 00:00:00.000000
D3,2017-11-22 13:30:05.000000,1026,381.84659,384.29283910726645,-2.4462491072664534,-0.5047613667824029,-1.9414877404840505,2017-11-22 00:00:00.000000
D3,2017-11-22 13:35:04.000000,1026,357.886095,384.2463642195122,-26.36026921951219,-0.38891443243919643,-25.971354787072993,2017-11-22 00:00:00.000000
D3,2017-11-22 13:40:03.000000,1026,361.79266,384.2192541215278,-22.426594121527785,-0.27275013314135554,-22.15384398838643,2017-11-22 00:00:00.000000
D3,2017-11-22 13:45:02.000000,1026,369.851033,384.2570936794425,-14.406060679442533,-0.156323388846618,-14.249737290595915,2017-11-22 00:00:00.000000
D3,2017-11-22 13:50:04.000000,1026,369.728489,384.29016263541666,-14.56167363541664,-0.03851813755570266,-14.523155497860937,2017-11-22 00:00:00.000000
D3,2017-11-22 13:55:02.000000,1026,383.010902,384.29016263541666,-1.2792606354166765,0.07787872881388536,-1.3571393642305618,2017-11-22 00:00:00.000000
D3,2017-11-22 14:00:03.000000,1026,369.52933,384.25939013148786,-14.730060131487846,0.19554467409357112,-14.925604805581418,2017-11-22 00:00:00.000000
D3,2017-11-22 14:05:01.000000,1026,371.030699,384.28810825087106,-13.257409250871035,0.31207903015088645,-13.569488281021922,2017-11-22 00:00:00.000000
D3,2017-11-22 14:10:01.000000,1026,370.923376,384.26526822222223,-13.341892222222214,0.42938127579406027,-13.771273498016274,2017-11-22 00:00:00.000000
D3,2017-11-22 14:15:00.000000,1026,377.174009,384.2704286909722,-7.096419690972198,0.54622295195303,-7.642642642925228,2017-11-22 00:00:00.000000
D3,2017-11-22 14:20:05.000000,1026,363.830245,384.2007969895833,-20.370551989583305,0.6652803689616347,-21.03583235854494,2017-11-22 00:00:00.000000
D3,2017-11-22 14:25:04.000000,1026,375.504189,384.1973684532872,-8.6931794532872,0.7818131936713426,-9.474992646958544,2017-11-22 00:00:00.000000
D3,2017-11-22 14:30:04.000000,1026,365.117168,384.13105896875,-19.01389096874999,0.8984983830728481,-19.91238935182284,2017-11-22 00:00:00.000000
D3,2017-11-22 14:35:05.000000,1026,367.445838,384.1159975813149,-16.67015958131492,1.0152777458248017,-17.68543732713972,2017-11-22 00:00:00.000000
D3,2017-11-22 14:40:04.000000,1026,378.338254,384.1067773101045,-5.768523310104513,1.1309336230809803,-6.899456933185493,2017-11-22 00:00:00.000000
D3,2017-11-22 14:45:03.000000,1026,372.10302,384.0344476236934,-11.931427623693367,1.2461883141407073,-13.177615937834073,2017-11-22 00:00:00.000000
D3,2017-11-22 14:50:03.000000,1026,377.756042,384.0327392264808,-6.276697226480849,1.3613704468593948,-7.6380676733402435,2017-11-22 00:00:00.000000
D3,2017-11-22 14:55:03.000000,1026,371.413619,384.00259384375,-12.588974843750009,1.4760390300333532,-14.065013873783363,2017-11-22 00:00:00.000000
D3,2017-11-22 15:00:05.000000,1026,367.706124,383.97913510069446,-16.273011100694475,1.5908981289196986,-17.863909229614173,2017-11-22 00:00:00.000000
D3,2017-11-22 15:05:04.000000,1026,380.05407,383.92370661111113,-3.8696366111111047,1.7039946728504822,-5.573631283961587,2017-11-22 00:00:00.000000
D3,2017-11-22 15:10:05.000000,1026,379.012413,383.939345875,-4.926932875000034,1.8171687198153221,-6.744101594815357,2017-11-22 00:00:00.000000
D3,2017-11-22 15:15:03.000000,1026,379.196218,383.94307770934256,-4.746859709342573,1.9284905574719935,-6.675350266814567,2017-11-22 00:00:00.000000
D3,2017-11-22 15:20:04.000000,1026,383.148778,383.92828779238755,-0.7795097923875574,2.040148137753158,-2.8196579301407154,2017-11-22 00:00:00.000000
D3,2017-11-22 15:25:01.000000,1026,392.800334,383.92227055555554,8.878063444444479,2.149496643534664,6.728566800909815,2017-11-22 00:00:00.000000
D3,2017-11-22 15:30:02.000000,1026,377.633632,383.91237635069444,-6.278744350694467,2.2594289784530326,-8.538173329147499,2017-11-22 00:00:00.000000
D3,2017-11-22 15:35:02.000000,1026,375.841112,383.85811796527776,-8.017005965277747,2.3680536025235916,-10.385059567801338,2017-11-22 00:00:00.000000
D3,2017-11-22 15:40:02.000000,1026,380.421813,383.72778092334494,-3.3059679233449515,2.475685550389096,-5.781653473734048,2017-11-22 00:00:00.000000
D3,2017-11-22 15:45:02.000000,1026,389.506556,383.70289680555555,5.803659194444435,2.5822735950716957,3.2213855993727396,2017-11-22 00:00:00.000000
D3,2017-11-22 15:50:02.000000,1026,370.494439,383.64805313541666,-13.15361413541666,2.6877670064349033,-15.841381141851564,2017-11-22 00:00:00.000000
D3,2017-11-22 15:55:04.000000,1026,396.47721,383.5867733472222,12.890436652777794,2.7928072790890663,10.097629373688727,2017-11-22 00:00:00.000000
D3,2017-11-22 16:00:02.000000,1026,401.762533,383.60714282578397,18.155390174216052,2.8952696374849496,15.260120536731103,2017-11-22 00:00:00.000000
D3,2017-11-22 16:05:02.000000,1026,405.22494,383.58450957491294,21.64043042508706,2.9971800971577127,18.643250327929348,2017-11-22 00:00:00.000000
D3,2017-11-22 16:10:03.000000,1026,408.580001,383.5645989477352,25.01540205226479,3.098131630658359,21.917270421606432,2017-11-22 00:00:00.000000
D3,2017-11-22 16:15:03.000000,1026,388.786558,383.54837144250877,5.238186557491247,3.1974054427324208,2.040781114758826,2017-11-22 00:00:00.000000
D3,2017-11-22 16:20:03.000000,1026,396.998094,383.49719406249994,13.500899937500037,3.2952918520430448,10.205608085456992,2017-11-22 00:00:00.000000
D3,2017-11-22 16:25:02.000000,1026,403.953349,383.49719406249994,20.45615493750006,3.3914251948651746,17.064729742634885,2017-11-22 00:00:00.000000
D3,2017-11-22 16:30:03.000000,1026,394.531527,383.4164200484429,11.115106951557095,3.4867167903588925,7.628390161198203,2017-11-22 00:00:00.000000
D3,2017-11-22 16:35:01.000000,1026,397.855991,383.3505283044983,14.505462695501706,3.579546376685059,10.925916318816647,2017-11-22 00:00:00.000000
D3,2017-11-22 16:40:01.000000,1026,403.279235,383.3532689094077,19.92596609059234,3.6714348320474697,16.25453125854487,2017-11-22 00:00:00.000000
D3,2017-11-22 16:45:02.000000,1026,402.467244,383.3044265191638,19.162817480836168,3.7620084449488287,15.400809035887338,2017-11-22 00:00:00.000000
D3,2017-11-22 16:50:03.000000,1026,386.105544,383.2847291114982,2.8208148885017863,3.850914875855276,-1.0300999873534895,2017-11-22 00:00:00.000000
D3,2017-11-22 16:55:00.000000,1026,397.825305,383.275001375,14.550303625000026,3.9369641600648517,10.613339464935175,2017-11-22 00:00:00.000000
D3,2017-11-22 17:00:00.000000,1026,397.227894,383.31127974305554,13.916614256944456,4.022151796732695,9.894462460211761,2017-11-22 00:00:00.000000
D3,2017-11-22 17:05:03.000000,1026,402.268041,383.2573410833333,19.01069991666668,4.106384449314446,14.904315467352234,2017-11-22 00:00:00.000000
D3,2017-11-22 17:10:02.000000,1026,402.099613,383.2573410833333,18.842271916666675,4.187685287338635,14.65458662932804,2017-11-22 00:00:00.000000
D3,2017-11-22 17:15:02.000000,1026,408.380709,383.1931881875,25.187520812499997,4.26740236722991,20.920118445270088,2017-11-22 00:00:00.000000
D3,2017-11-22 17:20:04.000000,1026,400.874039,383.20334872569447,17.670690274305514,4.34573513854888,13.324955135756634,2017-11-22 00:00:00.000000
D3,2017-11-22 17:25:02.000000,1026,410.602188,383.20334872569447,27.398839274305544,4.421109498662926,22.97772977564262,2017-11-22 00:00:00.000000
D3,2017-11-22 17:30:02.000000,1026,403.034102,383.1724718780488,19.861630121951237,4.495026393934852,15.366603728016385,2017-11-22 00:00:00.000000
D3,2017-11-22 17:35:04.000000,1026,409.91272,383.08898065625,26.823739343749992,4.567410896537334,22.25632844721266,2017-11-22 00:00:00.000000
D3,2017-11-22 17:40:04.000000,1026,398.775171,383.0629154479167,15.71225555208332,4.6372698580074605,11.07498569407586,2017-11-22 00:00:00.000000
D3,2017-11-22 17:45:03.000000,1026,393.413165,383.0542445069444,10.358920493055564,4.704833643960998,5.654086849094566,2017-11-22 00:00:00.000000
D3,2017-11-22 17:50:02.000000,1026,423.624204,383.0460370865052,40.57816691349484,4.7703065814097245,35.80786033208511,2017-11-22 00:00:00.000000
D3,2017-11-22 17:55:01.000000,1026,399.633045,382.975851550173,16.65719344982699,4.833657716170818,11.823535733656172,2017-11-22 00:00:00.000000
D3,2017-11-22 18:00:00.000000,1026,402.589788,382.9696655243055,19.620122475694473,4.894857097203688,14.725265378490786,2017-11-22 00:00:00.000000
D3,2017-11-22 18:05:00.000000,1026,403.846137,382.9508345069445,20.89530249305551,4.954069487321473,15.941233005734038,2017-11-22 00:00:00.000000
D3,2017-11-22 18:10:05.000000,1026,404.121844,382.8510951493056,21.270748850694417,5.011989219122853,16.258759631571564,2017-11-22 00:00:00.000000
D3,2017-11-22 18:15:03.000000,1026,397.442385,382.8356390934256,14.606745906574417,5.066332633269912,9.540413273304505,2017-11-22 00:00:00.000000
D3,2017-11-22 18:20:01.000000,1026,408.350201,382.8588615486111,25.49133945138891,5.11842939296316,20.372910058425752,2017-11-22 00:00:00.000000
D3,2017-11-22 18:25:03.000000,1026,398.836476,382.8220508229167,16.014425177083297,5.168908277951116,10.84551689913218,2017-11-22 00:00:00.000000
D3,2017-11-22 18:30:02.000000,1026,392.06507,382.82976421527775,9.235305784722243,5.216563952750907,4.018741831971336,2017-11-22 00:00:00.000000
D3,2017-11-22 18:35:00.000000,1026,399.69444,382.8111994548611,16.883240545138904,5.261739174499851,11.621501370639052,2017-11-22 00:00:00.000000
D3,2017-11-22 18:40:01.000000,1026,400.062005,382.83598793402774,17.226017065972258,5.304995259142635,11.921021806829621,2017-11-22 00:00:00.000000
D3,2017-11-22 18:45:04.000000,1026,393.765599,382.852406369338,10.913192630662024,5.346108213422735,5.56708441723929,2017-11-22 00:00:00.000000
D3,2017-11-22 18:50:03.000000,1026,397.01327,382.88096449477354,14.13230550522644,5.384268464488911,8.748037040737529,2017-11-22 00:00:00.000000
D3,2017-11-22 18:55:03.000000,1026,387.40771,382.81459340138406,4.59311659861595,5.420132137847039,-0.8270155392310894,2017-11-22 00:00:00.000000
D3,2017-11-22 19:00:00.000000,1026,394.623384,382.82556152430556,11.797822475694431,5.453228484616972,6.34459399107746,2017-11-22 00:00:00.000000
D3,2017-11-22 19:05:04.000000,1026,373.405298,382.76423383391,-9.358935833909982,5.484606736459413,-14.843542570369394,2017-11-22 00:00:00.000000
D3,2017-11-22 19:10:02.000000,1026,369.575259,382.7630050034722,-13.18774600347217,5.512898096951108,-18.70064410042328,2017-11-22 00:00:00.000000
D3,2017-11-22 19:15:03.000000,1026,383.807427,382.8294980347222,0.9779289652778402,5.538980639060054,-4.561051673782214,2017-11-22 00:00:00.000000
D3,2017-11-22 19:20:02.000000,1026,390.257241,382.75050432986114,7.506736670138878,5.56239637514144,1.9443402949974375,2017-11-22 00:00:00.000000
D3,2017-11-22 19:25:02.000000,1026,385.385545,382.730307083045,2.655237916955002,5.583381590638339,-2.928143673683337,2017-11-22 00:00:00.000000
D3,2017-11-22 19:30:03.000000,1026,376.239408,382.7493374290658,-6.509929429065778,5.6019011195131,-12.111830548578878,2017-11-22 00:00:00.000000
D3,2017-11-22 19:35:01.000000,1026,370.877447,382.7115367317073,-11.834089731707309,5.6177253529125135,-17.451815084619824,2017-11-22 00:00:00.000000
D3,2017-11-22 19:40:02.000000,1026,376.178169,382.7018841493056,-6.523715149305588,5.631165304944667,-12.154880454250254,2017-11-22 00:00:00.000000
D3,2017-11-22 19:45:04.000000,1026,393.152723,382.6492221388889,10.503500861111092,5.642074376709902,4.86142648440119,2017-11-22 00:00:00.000000
D3,2017-11-22 19:50:03.000000,1026,387.698905,382.6251691916376,5.0737358083624144,5.650328428641631,-0.5765926202792162,2017-11-22 00:00:00.000000
D3,2017-11-22 19:55:04.000000,1026,380.973406,382.6029632334495,-1.629557233449475,5.6560743067295896,-7.285631540179065,2017-11-22 00:00:00.000000
D3,2017-11-22 20:00:02.000000,1026,382.306124,382.6271444599303,-0.3210204599303097,5.659226612494329,-5.980247072424639,2017-11-22 00:00:00.000000
D3,2017-11-22 20:05:00.000000,1026,374.829985,382.64757353125,-7.817588531249953,5.659853828166151,-13.477442359416104,2017-11-22 00:00:00.000000
D3,2017-11-22 20:10:03.000000,1026,379.119647,382.65874366782003,-3.539096667820047,5.657902272574252,-9.196998940394298,2017-11-22 00:00:00.000000
D3,2017-11-22 20:15:01.000000,1026,381.478936,382.63194841811844,-1.1530124181184647,5.653437267507579,-6.806449685626044,2017-11-22 00:00:00.000000
D3,2017-11-22 20:20:02.000000,1026,381.923227,382.5840133344948,-0.6607863344947873,5.646366734296089,-6.307153068790877,2017-11-22 00:00:00.000000
D3,2017-11-22 20:25:02.000000,1026,383.240614,382.5926769340278,0.6479370659722008,5.636762456493323,-4.988825390521122,2017-11-22 00:00:00.000000
D3,2017-11-22 20:30:01.000000,1026,389.016336,382.592447923345,6.423888076655032,5.624654510169503,0.7992335664855297,2017-11-22 00:00:00.000000
D3,2017-11-22 20:35:03.000000,1026,391.865867,382.57650615625,9.28936084374999,5.609861242450032,3.6794996012999572,2017-11-22 00:00:00.000000
D3,2017-11-22 20:40:04.000000,1026,386.565123,382.6132080103806,3.951914989619411,5.59256017822606,-1.6406451886066495,2017-11-22 00:00:00.000000
D3,2017-11-22 20:45:02.000000,1026,389.613791,382.62538348780487,6.988407512195124,5.572925187019493,1.4154823251756312,2017-11-22 00:00:00.000000
D3,2017-11-22 20:50:02.000000,1026,389.047,382.6690650902778,6.377934909722228,5.55064881074693,0.8272860989752981,2017-11-22 00:00:00.000000
D3,2017-11-22 20:55:01.000000,1026,390.47171,382.67806926480836,7.793640735191616,5.525951780361343,2.267688954830273,2017-11-22 00:00:00.000000
D3,2017-11-22 21:00:01.000000,1026,392.968874,382.6891191423611,10.27975485763892,5.498680659358188,4.7810741982807325,2017-11-22 00:00:00.000000
D3,2017-11-22 21:05:00.000000,1026,378.476152,382.7395474097222,-4.263395409722193,5.469030141265261,-9.732425550987454,2017-11-22 00:00:00.000000
D3,2017-11-22 21:10:04.000000,1026,381.34106,382.68156499305553,-1.3405049930555037,5.436369884725287,-6.776874877780791,2017-11-22 00:00:00.000000
D3,2017-11-22 21:15:00.000000,1026,390.778058,382.68156499305553,8.096493006944456,5.402148647407947,2.694344359536509,2017-11-22 00:00:00.000000
D3,2017-11-22 21:20:03.000000,1026,374.9066,382.7031574878049,-7.796557487804876,5.3646612510603955,-13.161218738865271,2017-11-22 00:00:00.000000
D3,2017-11-22 21:25:02.000000,1026,390.395184,382.71332233333334,7.681861666666634,5.325249785111585,2.3566118815550494,2017-11-22 00:00:00.000000
D3,2017-11-22 21:30:04.000000,1026,384.190569,382.6476270625,1.5429419374999611,5.2830227826242915,-3.7400808451243304,2017-11-22 00:00:00.000000
D3,2017-11-22 21:35:02.000000,1026,389.93556,382.6476270625,7.287932937499988,5.23899081082881,2.0489421266711787,2017-11-22 00:00:00.000000
D3,2017-11-22 21:40:01.000000,1026,387.530298,382.65831926388887,4.871978736111146,5.192471636588735,-0.32049290047758916,2017-11-22 00:00:00.000000
D3,2017-11-22 21:45:01.000000,1026,388.572,382.60801365051907,5.963986349480933,5.143463853468191,0.8205224960127424,2017-11-22 00:00:00.000000
D3,2017-11-22 21:50:01.000000,1026,393.872722,382.6050188958333,11.267703104166685,5.092142449178864,6.175560654987821,2017-11-22 00:00:00.000000
D3,2017-11-22 21:55:01.000000,1026,388.633283,382.66890569444445,5.9643773055555585,5.038531849929635,0.9258454556259235,2017-11-22 00:00:00.000000
D3,2017-11-22 22:00:02.000000,1026,383.133469,382.70858860416666,0.42488039583332693,4.98246756789076,-4.557587172057433,2017-11-22 00:00:00.000000
D3,2017-11-22 22:05:02.000000,1026,404.397596,382.7620619446367,21.635534055363337,4.924348792044102,16.711185263319237,2017-11-22 00:00:00.000000
D3,2017-11-22 22:10:04.000000,1026,381.402299,382.78490938408305,-1.3826103840830228,4.863611144850412,-6.246221528933435,2017-11-22 00:00:00.000000
D3,2017-11-22 22:15:04.000000,1026,403.75419,382.7983808263889,20.9558091736111,4.80108797459258,16.15472119901852,2017-11-22 00:00:00.000000
D3,2017-11-22 22:20:05.000000,1026,393.658342,382.82270566435983,10.835636335640174,4.736194993771831,6.099441341868343,2017-11-22 00:00:00.000000
D3,2017-11-22 22:25:03.000000,1026,382.367452,382.85950121527776,-0.4920492152777456,4.669846541196583,-5.161895756474329,2017-11-22 00:00:00.000000
D3,2017-11-22 22:30:02.000000,1026,395.174888,382.83100257142854,12.343885428571468,4.60120463948937,7.742680789082098,2017-11-22 00:00:00.000000
D3,2017-11-22 22:35:02.000000,1026,404.366976,382.8481710347222,21.51880496527781,4.530281093578378,16.98852387169943,2017-11-22 00:00:00.000000
D3,2017-11-22 22:40:02.000000,1026,395.481304,382.8368067577855,12.644497242214527,4.457335768282446,8.18716147393208,2017-11-22 00:00:00.000000
D3,2017-11-22 22:45:04.000000,1026,375.703259,382.82456169896193,-7.121302698961927,4.381897244212124,-11.50319994317405,2017-11-22 00:00:00.000000
D3,2017-11-22 22:50:00.000000,1026,396.232077,382.81652093749994,13.415556062500059,4.30603853722506,9.109517525274999,2017-11-22 00:00:00.000000
D3,2017-11-22 22:55:03.000000,1026,385.753199,382.7907216736111,2.962477326388921,4.2264551857050865,-1.2639778593161655,2017-11-22 00:00:00.000000
D3,2017-11-22 23:00:03.000000,1026,387.147245,382.7907216736111,4.356523326388924,4.145773101181308,0.2107502252076161,2017-11-22 00:00:00.000000
D3,2017-11-22 23:05:04.000000,1026,385.707226,382.8631189305555,2.844107069444476,4.062974141500333,-1.2188670720558568,2017-11-22 00:00:00.000000
D3,2017-11-22 23:10:04.000000,1026,381.846523,382.8631189305555,-1.0165959305555248,3.978647851934328,-4.995243782489853,2017-11-22 00:00:00.000000
D3,2017-11-22 23:15:05.000000,1026,376.300646,382.87498146875004,-6.574335468750064,3.892272482488098,-10.466607951238162,2017-11-22 00:00:00.000000
D3,2017-11-22 23:20:04.000000,1026,382.689177,382.854873875,-0.16569687500003738,3.804758549333301,-3.9704554243333385,2017-11-22 00:00:00.000000
D3,2017-11-22 23:25:04.000000,1026,379.472014,382.86331252249136,-3.391298522491354,3.715278298188493,-7.106576820679847,2017-11-22 00:00:00.000000
D3,2017-11-22 23:30:02.000000,1026,381.065286,382.8431180416667,-1.7778320416666702,3.6247769073877913,-5.4026089490544615,2017-11-22 00:00:00.000000
D3,2017-11-22 23:35:02.000000,1026,379.027678,382.82689371428575,-3.799215714285765,3.532082715426973,-7.331298429712739,2017-11-22 00:00:00.000000
D3,2017-11-22 23:40:01.000000,1026,392.279428,382.8448738993056,9.434554100694413,3.438158488561446,5.996395612132967,2017-11-22 00:00:00.000000
D3,2017-11-22 23:45:04.000000,1026,394.163739,382.84184146527775,11.321897534722268,3.3414558895887088,7.98044164513356,2017-11-22 00:00:00.000000
D3,2017-11-22 23:50:04.000000,1026,371.658751,382.84184146527775,-11.183090465277758,3.244247346046554,-14.427337811324312,2017-11-22 00:00:00.000000
D3,2017-11-22 23:55:03.000000,1026,387.806139,382.8595491730104,4.946589826989566,3.1459601229542833,1.8006297040352828,2017-11-22 00:00:00.000000
D3,2017-11-23 00:00:03.000000,1026,379.196218,382.85859829513885,-3.6623802951388598,0.11328784930855883,-3.7756681444474185,2017-11-23 00:00:00.000000
D3,2017-11-23 00:05:02.000000,1026,376.760314,382.8542776550523,-6.093963655052278,-0.11552619733437991,-5.978437457717898,2017-11-23 00:00:00.000000
D3,2017-11-23 00:10:04.000000,1026,391.942549,382.9309542006921,9.011594799307886,-0.34629744764604836,9.357892246953934,2017-11-23 00:00:00.000000
D3,2017-11-23 00:15:04.000000,1026,375.304896,382.93546357291666,-7.630567572916675,-0.5750939123468255,-7.05547366056985,2017-11-23 00:00:00.000000
D3,2017-11-23 00:20:03.000000,1026,386.07488,382.9374737681661,3.137406231833893,-0.8025764571469568,3.93998268898085,2017-11-23 00:00:00.000000
D3,2017-11-23 00:25:03.000000,1026,368.027916,382.99477533680556,-14.966859336805555,-1.030158374493912,-13.936700962311644,2017-11-23 00:00:00.000000
D3,2017-11-23 00:30:03.000000,1026,374.462442,382.99477533680556,-8.53233333680555,-1.256969552918997,-7.275363783886553,2017-11-23 00:00:00.000000
D3,2017-11-23 00:35:02.000000,1026,377.449738,383.01440388541664,-5.564665885416616,-1.482150512893451,-4.082515372523165,2017-11-23 00:00:00.000000
D3,2017-11-23 00:40:04.000000,1026,382.122297,383.1369641597222,-1.014667159722194,-1.7085963638896238,0.6939292041674299,2017-11-23 00:00:00.000000
D3,2017-11-23 00:45:04.000000,1026,384.72654,383.2039897048611,1.522550295138899,-1.9324455277997257,3.4549958229386246,2017-11-23 00:00:00.000000
D3,2017-11-23 00:50:03.000000,1026,370.509726,383.21341705923345,-12.70369105923345,-2.154354460638946,-10.549336598594504,2017-11-23 00:00:00.000000
D3,2017-11-23 00:55:02.000000,1026,378.675423,383.2848454270833,-4.609422427083302,-2.3749662885567764,-2.234456138526526,2017-11-23 00:00:00.000000
D3,2017-11-23 01:00:04.000000,1026,368.931719,383.4434715138889,-14.511752513888894,-2.596368693317482,-11.915383820571412,2017-11-23 00:00:00.000000
D3,2017-11-23 01:05:05.000000,1026,378.997014,383.53384855902783,-4.536834559027852,-2.8155092647930466,-1.7213252942348056,2017-11-23 00:00:00.000000
D3,2017-11-23 01:10:05.000000,1026,373.007002,383.59395824305557,-10.586956243055567,-3.032298739957747,-7.55465750309782,2017-11-23 00:00:00.000000
D3,2017-11-23 01:15:03.000000,1026,369.085083,383.63650505923346,-14.55142205923346,-3.2459367265108687,-11.30548533272259,2017-11-23 00:00:00.000000
D3,2017-11-23 01:20:02.000000,1026,385.079041,383.67284578472226,1.4061952152777621,-3.45848135726579,4.864676572543552,2017-11-23 00:00:00.000000
D3,2017-11-23 01:25:02.000000,1026,365.729866,383.738140456446,-18.008274456445974,-3.6698134489574774,-14.338461007488498,2017-11-23 00:00:00.000000
D3,2017-11-23 01:30:04.000000,1026,378.966551,383.75351673702426,-4.786965737024275,-3.8805068095772346,-0.9064589274470403,2017-11-23 00:00:00.000000
D3,2017-11-23 01:35:04.000000,1026,376.438656,383.7784314948097,-7.3397754948097145,-4.087670629908702,-3.2521048649010122,2017-11-23 00:00:00.000000
D3,2017-11-23 01:40:03.000000,1026,377.21996,383.901362532872,-6.681402532871971,-4.291929180527964,-2.389473352344007,2017-11-23 00:00:00.000000
D3,2017-11-23 01:45:04.000000,1026,392.647193,384.0741978055555,8.572995194444502,-4.495222883760937,13.06821807820544,2017-11-23 00:00:00.000000
D3,2017-11-23 01:50:03.000000,1026,382.183692,384.0741978055555,-1.890505805555506,-4.694754155038801,2.804248349483295,2017-11-23 00:00:00.000000
D3,2017-11-23 01:55:02.000000,1026,374.033349,384.1637636851211,-10.130414685121139,-4.891787275594684,-5.238627409526455,2017-11-23 00:00:00.000000
D3,2017-11-23 02:00:01.000000,1026,386.166849,384.16776667708336,1.9990823229166494,-5.086229092448543,7.085311415365193,2017-11-23 00:00:00.000000
D3,2017-11-23 02:05:04.000000,1026,377.71018,384.30048656250005,-6.590306562500075,-5.280534407953146,-1.3097721545469287,2017-11-23 00:00:00.000000
D3,2017-11-23 02:10:03.000000,1026,376.469364,384.3834700902778,-7.914106090277812,-5.469481384853917,-2.4446247054238954,2017-11-23 00:00:00.000000
D3,2017-11-23 02:15:02.000000,1026,386.059637,384.40859016376305,1.651046836236958,-5.655563936824743,7.306610773061701,2017-11-23 00:00:00.000000
D3,2017-11-23 02:20:02.000000,1026,374.355097,384.47140037500003,-10.11630337500003,-5.839301512458723,-4.277001862541306,2017-11-23 00:00:00.000000
D3,2017-11-23 02:25:02.000000,1026,383.20995,384.5628257681661,-1.3528757681660863,-6.01997945749948,4.667103689333394,2017-11-23 00:00:00.000000
D3,2017-11-23 02:30:03.000000,1026,369.498688,384.6309968062284,-15.132308806228366,-6.198098198476773,-8.934210607751593,2017-11-23 00:00:00.000000
D3,2017-11-23 02:35:03.000000,1026,379.778318,384.71963027681664,-4.941312276816632,-6.372389494074133,1.431077217257501,2017-11-23 00:00:00.000000
D3,2017-11-23 02:40:04.000000,1026,371.765985,384.8442575017301,-13.078272501730112,-6.543931732574857,-6.534340769155254,2017-11-23 00:00:00.000000
D3,2017-11-23 02:45:04.000000,1026,381.601435,384.9082862430556,-3.3068512430556325,-6.711503498684897,3.404652255629265,2017-11-23 00:00:00.000000
D3,2017-11-23 02:50:03.000000,1026,375.350869,384.9459846989619,-9.595115698961934,-6.875059382004833,-2.7200563169571,2017-11-23 00:00:00.000000
D3,2017-11-23 02:55:04.000000,1026,386.703021,385.0536671284722,1.649353871527751,-7.036144675112388,8.68549854664014,2017-11-23 00:00:00.000000
D3,2017-11-23 03:00:02.000000,1026,387.576272,385.0536671284722,2.52260487152779,-7.19202565665567,9.71463052818346,2017-11-23 00:00:00.000000
D3,2017-11-23 03:05:02.000000,1026,367.844178,385.1790998159722,-17.334921815972223,-7.34526154564326,-9.989660270328962,2017-11-23 00:00:00.000000
D3,2017-11-23 03:10:02.000000,1026,382.214311,385.24059270486106,-3.0262817048610486,-7.494721048624353,4.468439343763304,2017-11-23 00:00:00.000000
D3,2017-11-23 03:15:00.000000,1026,385.017846,385.34894984375,-0.331103843749986,-7.639375177485457,7.308271333735471,2017-11-23 00:00:00.000000
D3,2017-11-23 03:20:00.000000,1026,373.543084,385.40022903125,-11.857145031249956,-7.781096673327149,-4.076048357922807,2017-11-23 00:00:00.000000
D3,2017-11-23 03:25:05.000000,1026,371.046009,385.4379443020833,-14.391935302083255,-7.921095849335632,-6.470839452747622,2017-11-23 00:00:00.000000
D3,2017-11-23 03:30:03.000000,1026,371.045942,385.47331827777776,-14.42737627777774,-8.053838866309514,-6.3735374114682255,2017-11-23 00:00:00.000000
D3,2017-11-23 03:35:03.000000,1026,372.884391,385.5616740625,-12.67728306250001,-8.18337271788073,-4.49391034461928,2017-11-23 00:00:00.000000
D3,2017-11-23 03:40:02.000000,1026,376.561155,385.5616740625,-9.000519062500018,-8.308320428143789,-0.6921986343562292,2017-11-23 00:00:00.000000
D3,2017-11-23 03:45:02.000000,1026,381.356436,385.59093110416666,-4.234495104166683,-8.429458266132427,4.1949631619657435,2017-11-23 00:00:00.000000
D3,2017-11-23 03:50:01.000000,1026,361.133922,385.58906970833334,-24.455147708333357,-8.545921406633745,-15.909226301699611,2017-11-23 00:00:00.000000
D3,2017-11-23 03:55:02.000000,1026,377.556973,385.69508609375,-8.13811309374995,-8.658801115235232,0.5206880214852809,2017-11-23 00:00:00.000000
D3,2017-11-23 04:00:05.000000,1026,385.722513,385.7088101076389,0.013702892361095564,-8.767955526420936,8.781658418782031,2017-11-23 00:00:00.000000
D3,2017-11-23 04:05:03.000000,1026,373.987465,385.64080965505224,-11.653344655052251,-8.870877794507317,-2.7824668605449343,2017-11-23 00:00:00.000000
D3,2017-11-23 04:10:04.000000,1026,382.566611,385.6857232430556,-3.119112243055554,-8.970326055254416,5.851213812198862,2017-11-23 00:00:00.000000
D3,2017-11-23 04:15:03.000000,1026,379.640509,385.75296170588234,-6.112452705882333,-9.064578969702202,2.952126263819869,2017-11-23 00:00:00.000000
D3,2017-11-23 04:20:01.000000,1026,374.339809,385.74242838541664,-11.402619385416642,-9.1539754670058,-2.248643918410842,2017-11-23 00:00:00.000000
D3,2017-11-23 04:25:03.000000,1026,370.877447,385.7061989163763,-14.82875191637629,-9.239903579789992,-5.588848336586299,2017-11-23 00:00:00.000000
D3,2017-11-23 04:30:01.000000,1026,373.711669,385.8056758888889,-12.094006888888941,-9.32004680087422,-2.7739600880147215,2017-11-23 00:00:00.000000
D3,2017-11-23 04:35:00.000000,1026,372.899723,385.8640833402778,-12.964360340277779,-9.395781862875271,-3.5685784774025073,2017-11-23 00:00:00.000000
D3,2017-11-23 04:40:04.000000,1026,380.728229,385.8492033066202,-5.120974306620212,-9.467943435833652,4.34696912921344,2017-11-23 00:00:00.000000
D3,2017-11-23 04:45:03.000000,1026,369.023711,385.8594523623693,-16.835741362369333,-9.534123759333776,-7.301617603035558,2017-11-23 00:00:00.000000
D3,2017-11-23 04:50:04.000000,1026,380.483141,386.00286823958334,-5.5197272395833465,-9.595912466243549,4.076185226660202,2017-11-23 00:00:00.000000
D3,2017-11-23 04:55:00.000000,1026,379.05832,386.00286823958334,-6.944548239583355,-9.651915909456475,2.70736766987312,2017-11-23 00:00:00.000000
D3,2017-11-23 05:00:05.000000,1026,373.022378,386.1562273819444,-13.133849381944401,-9.704658172574693,-3.4291912093697086,2017-11-23 00:00:00.000000
D3,2017-11-23 05:05:01.000000,1026,370.29528,386.1562273819444,-15.860947381944413,-9.75100227643279,-6.109945105511624,2017-11-23 00:00:00.000000
D3,2017-11-23 05:10:02.000000,1026,380.084734,386.20069818749994,-6.115964187499912,-9.793215996430236,3.6772518089303237,2017-11-23 00:00:00.000000
D3,2017-11-23 05:15:01.000000,1026,373.726934,386.2338383472222,-12.50690434722219,-9.830224260195994,-2.6766800870261953,2017-11-23 00:00:00.000000
D3,2017-11-23 05:20:01.000000,1026,387.591648,386.24022200347224,1.3514259965277802,-9.862405449949053,11.213831446476833,2017-11-23 00:00:00.000000
D3,2017-11-23 05:25:03.000000,1026,381.708736,386.1967595993031,-4.488023599303119,-9.889776885760355,5.401753286457236,2017-11-23 00:00:00.000000
D3,2017-11-23 05:30:03.000000,1026,379.732434,386.2847989722222,-6.552364972222165,-9.91196301901899,3.3595980467968243,2017-11-23 00:00:00.000000
D3,2017-11-23 05:35:02.000000,1026,363.401241,386.2847989722222,-22.88355797222215,-9.929102173526742,-12.954455798695408,2017-11-23 00:00:00.000000
D3,2017-11-23 05:40:02.000000,1026,379.71708,386.3444519930796,-6.627371993079578,-9.941300830585915,3.313928837506337,2017-11-23 00:00:00.000000
D3,2017-11-23 05:45:02.000000,1026,375.059719,386.30128977430553,-11.241570774305558,-9.948487527539971,-1.2930832467655868,2017-11-23 00:00:00.000000
D3,2017-11-23 05:50:01.000000,1026,380.6823,386.37554928124996,-5.693249281249962,-9.950659939098193,4.257410657848231,2017-11-23 00:00:00.000000
D3,2017-11-23 05:55:00.000000,1026,370.096143,386.3431006458334,-16.24695764583339,-9.947849321832706,-6.299108324000684,2017-11-23 00:00:00.000000
D3,2017-11-23 06:00:04.000000,1026,373.144855,386.33751637847223,-13.192661378472224,-9.939884366430071,-3.252777012042152,2017-11-23 00:00:00.000000
D3,2017-11-23 06:05:03.000000,1026,380.360619,386.3519319166666,-5.9913129166666295,-9.927030833509749,3.935717916843119,2017-11-23 00:00:00.000000
D3,2017-11-23 06:10:04.000000,1026,368.012584,386.46059890311415,-18.448014903114142,-9.90906948786691,-8.538945415247232,2017-11-23 00:00:00.000000
D3,2017-11-23 06:15:02.000000,1026,378.384295,386.39927513541664,-8.014980135416636,-9.886332089455994,1.8713519540393584,2017-11-23 00:00:00.000000
D3,2017-11-23 06:20:04.000000,1026,385.55404,386.4251807152778,-0.8711407152778179,-9.858270508497624,8.987129793219806,2017-11-23 00:00:00.000000
D3,2017-11-23 06:25:04.000000,1026,378.568077,386.38193578397215,-7.813858783972137,-9.825405717936325,2.0115469339641887,2017-11-23 00:00:00.000000
D3,2017-11-23 06:30:04.000000,1026,374.66149,386.4566181840278,-11.79512818402776,-9.787584127066673,-2.0075440569610876,2017-11-23 00:00:00.000000
D3,2017-11-23 06:35:01.000000,1026,384.573444,386.410493369338,-1.83704936933799,-9.74527572299509,7.908226353657101,2017-11-23 00:00:00.000000
D3,2017-11-23 06:40:03.000000,1026,378.966395,386.3859922334495,-7.419597233449508,-9.697311974225451,2.2777147407759433,2017-11-23 00:00:00.000000
D3,2017-11-23 06:45:04.000000,1026,380.666946,386.3928379305556,-5.725891930555576,-9.64457030621463,3.918678375659054,2017-11-23 00:00:00.000000
D3,2017-11-23 06:50:03.000000,1026,372.363418,386.4260885051903,-14.062670505190283,-9.587324526523586,-4.475345978666697,2017-11-23 00:00:00.000000
D3,2017-11-23 06:55:01.000000,1026,374.217265,386.38932745833336,-12.172062458333357,-9.525483030450276,-2.646579427883081,2017-11-23 00:00:00.000000
D3,2017-11-23 07:00:01.000000,1026,373.20605,386.37969402787456,-13.173644027874559,-9.458428551162367,-3.715215476712192,2017-11-23 00:00:00.000000
D3,2017-11-23 07:05:01.000000,1026,379.517965,386.4274686180555,-6.90950361805551,-9.386591932822075,2.477088314766565,2017-11-23 00:00:00.000000
D3,2017-11-23 07:10:03.000000,1026,387.423042,386.58572197222225,0.8373200277777642,-9.309480950541213,10.146800978318977,2017-11-23 00:00:00.000000
D3,2017-11-23 07:15:02.000000,1026,387.453705,386.58572197222225,0.8679830277777683,-9.228432477137243,10.096415504915011,2017-11-23 00:00:00.000000
D3,2017-11-23 07:20:01.000000,1026,373.267422,386.6262564965278,-13.358834496527777,-9.142742428367525,-4.216092068160252,2017-11-23 00:00:00.000000
D3,2017-11-23 07:25:01.000000,1026,376.9135,386.65168341666663,-9.73818341666663,-9.05214166707015,-0.6860417495964786,2017-11-23 00:00:00.000000
D3,2017-11-23 07:30:00.000000,1026,386.932777,386.7118991076389,0.2208778923611021,-8.957277008674383,9.178154901035485,2017-11-23 00:00:00.000000
D3,2017-11-23 07:35:02.000000,1026,379.931593,386.8310206271777,-6.8994276271776585,-8.856879155452605,1.9574515282749463,2017-11-23 00:00:00.000000
D3,2017-11-23 07:40:04.000000,1026,372.869081,386.87041505226483,-14.001334052264838,-8.751925326258691,-5.249408726006147,2017-11-23 00:00:00.000000
D3,2017-11-23 07:45:02.000000,1026,377.235336,386.90744215625,-9.672106156249981,-8.643945147673474,-1.0281610085765074,2017-11-23 00:00:00.000000
D3,2017-11-23 07:50:03.000000,1026,370.938686,386.9016439375,-15.962957937499993,-8.530476307169042,-7.432481630330951,2017-11-23 00:00:00.000000
D3,2017-11-23 07:55:04.000000,1026,387.698838,386.917602,0.7812360000000353,-8.412637998992091,9.193873998992126,2017-11-23 00:00:00.000000
D3,2017-11-23 08:00:04.000000,1026,388.510717,386.9797895574913,1.5309274425086983,-8.290899577369503,9.821827019878201,2017-11-23 00:00:00.000000
D3,2017-11-23 08:05:02.000000,1026,387.469082,387.07581959930314,0.39326240069686946,-8.165788326600056,8.559050727296926,2017-11-23 00:00:00.000000
D3,2017-11-23 08:10:01.000000,1026,385.216961,387.0842599652778,-1.8672989652777687,-8.036125047433792,6.1688260821560235,2017-11-23 00:00:00.000000
D3,2017-11-23 08:15:03.000000,1026,375.611334,387.19229792361114,-11.580963923611137,-7.901021555651821,-3.679942367959316,2017-11-23 00:00:00.000000
D3,2017-11-23 08:20:02.000000,1026,385.07913,387.22569773010383,-2.1465677301038113,-7.763225795888561,5.616658065784749,2017-11-23 00:00:00.000000
D3,2017-11-23 08:25:02.000000,1026,381.157233,387.27595104498266,-6.118718044982643,-7.621000565433043,1.5022825204504002,2017-11-23 00:00:00.000000
D3,2017-11-23 08:30:03.000000,1026,378.001219,387.30230390625,-9.301084906250026,-7.474374145360903,-1.8267107608891227,2017-11-23 00:00:00.000000
D3,2017-11-23 08:35:03.000000,1026,387.974567,387.30230390625,0.6722630937499616,-7.324390545319867,7.996653639069828,2017-11-23 00:00:00.000000
D3,2017-11-23 08:40:03.000000,1026,387.606869,387.4368908027682,0.16997819723184193,-7.170640492738118,7.34061868996996,2017-11-23 00:00:00.000000
D3,2017-11-23 08:45:02.000000,1026,395.205685,387.4399177743055,7.765767225694503,-7.01372802798676,14.779495253681263,2017-11-23 00:00:00.000000
D3,2017-11-23 08:50:02.000000,1026,377.556973,387.5106665763889,-9.9536935763889,-6.852678292966057,-3.1010152834228437,2017-11-23 00:00:00.000000
D3,2017-11-23 08:55:04.000000,1026,385.860434,387.58843678125,-1.7280027812499839,-6.68697762674745,4.958974845497466,2017-11-23 00:00:00.000000
D3,2017-11-23 09:00:01.000000,1026,394.83792,387.58843678125,7.249483218750015,-6.520597180218433,13.770080398968448,2017-11-23 00:00:00.000000
D3,2017-11-23 09:05:00.000000,1026,376.224098,387.5933306875,-11.36923268749996,-6.349746375899133,-5.019486311600827,2017-11-23 00:00:00.000000
D3,2017-11-23 09:10:03.000000,1026,381.095928,387.6963236055363,-6.600395605536278,-6.173263594889854,-0.4271320106464236,2017-11-23 00:00:00.000000
D3,2017-11-23 09:15:04.000000,1026,379.609845,387.74913736111114,-8.139292361111131,-5.994694694276711,-2.1445976668344207,2017-11-23 00:00:00.000000
D3,2017-11-23 09:20:05.000000,1026,385.630633,387.8015338854167,-2.1709008854166996,-5.812971279754188,3.6420703943374884,2017-11-23 00:00:00.000000
D3,2017-11-23 09:25:03.000000,1026,379.257456,387.79249677700346,-8.535040777003474,-5.630037034090838,-2.905003742912635,2017-11-23 00:00:00.000000
D3,2017-11-23 09:30:03.000000,1026,385.232315,387.8405252673611,-2.6082102673610734,-5.442925071470194,2.8347148041091206,2017-11-23 00:00:00.000000
D3,2017-11-23 09:35:03.000000,1026,385.06382,387.84534281881537,-2.781522818815347,-5.252942131974553,2.471419313159206,2017-11-23 00:00:00.000000
D3,2017-11-23 09:40:03.000000,1026,376.683833,387.83824306271777,-11.154410062717773,-5.060178637193686,-6.094231425524087,2017-11-23 00:00:00.000000
D3,2017-11-23 09:45:00.000000,1026,372.516715,387.82669470486115,-15.309979704861178,-4.8666938603654,-10.443285844495778,2017-11-23 00:00:00.000000
D3,2017-11-23 09:50:03.000000,1026,389.950848,387.7888139651568,2.1620340348432023,-4.666678241438257,6.828712276281459,2017-11-23 00:00:00.000000
D3,2017-11-23 09:55:03.000000,1026,389.123526,387.778725097561,1.344800902439033,-4.466128625340165,5.810929527779198,2017-11-23 00:00:00.000000
D3,2017-11-23 10:00:02.000000,1026,385.477403,387.8239818402778,-2.3465788402778003,-4.263853343816123,1.917274503538323,2017-11-23 00:00:00.000000
D3,2017-11-23 10:05:01.000000,1026,386.840852,387.87850593750005,-1.0376539375000675,-4.059283632114914,3.0216296946148464,2017-11-23 00:00:00.000000
D3,2017-11-23 10:10:01.000000,1026,383.210039,387.8798887534722,-4.669849753472192,-3.8518210983477696,-0.8180286551244227,2017-11-23 00:00:00.000000
D3,2017-11-23 10:15:00.000000,1026,385.998265,387.92467843055556,-1.9264134305555558,-3.642946855541912,1.7165334249863564,2017-11-23 00:00:00.000000
D3,2017-11-23 10:20:02.000000,1026,389.828259,387.9069113576389,1.9213476423611269,-3.4299461288928015,5.351293771253928,2017-11-23 00:00:00.000000
D3,2017-11-23 10:25:03.000000,1026,372.087688,387.9016982708333,-15.814010270833307,-3.2157217093778105,-12.598288561455497,2017-11-23 00:00:00.000000
D3,2017-11-23 10:30:03.000000,1026,387.77552,387.9547330798611,-0.17921307986114243,-3.000394918601757,2.8211818387406145,2017-11-23 00:00:00.000000
D3,2017-11-23 10:35:02.000000,1026,384.634816,387.9454717197232,-3.3106557197231723,-2.784085837834424,-0.5265698818887481,2017-11-23 00:00:00.000000
D3,2017-11-23 10:40:00.000000,1026,387.790763,387.88845260763884,-0.09768960763881296,-2.566913248387892,2.469223640749079,2017-11-23 00:00:00.000000
D3,2017-11-23 10:45:00.000000,1026,377.679583,387.8863781875,-10.206795187500006,-2.3467862118170935,-7.860008975682913,2017-11-23 00:00:00.000000
D3,2017-11-23 10:50:01.000000,1026,380.176636,387.9436140662021,-7.766978066202114,-2.1245211588762434,-5.642456907325871,2017-11-23 00:00:00.000000
D3,2017-11-23 10:55:01.000000,1026,374.40107,387.9683507013889,-13.567280701388881,-1.9017006615159349,-11.665580039872946,2017-11-23 00:00:00.000000
D3,2017-11-23 11:00:03.000000,1026,388.709831,387.9721806666667,0.7376503333333062,-1.676197505519971,2.413847838853277,2017-11-23 00:00:00.000000
D3,2017-11-23 11:05:03.000000,1026,385.921761,388.0439936458333,-2.1222326458333214,-1.4511056972668797,-0.6711269485664417,2017-11-23 00:00:00.000000
D3,2017-11-23 11:10:04.000000,1026,377.511021,388.0955923263889,-10.584571326388868,-1.2242877551339313,-9.360283571254937,2017-11-23 00:00:00.000000
D3,2017-11-23 11:15:02.000000,1026,388.005298,388.1239981354167,-0.11870013541670232,-0.998874149661622,0.8801740142449197,2017-11-23 00:00:00.000000
D3,2017-11-23 11:20:02.000000,1026,382.704509,388.15735108680553,-5.4528420868055605,-0.7711946107973118,-4.681647476008249,2017-11-23 00:00:00.000000
D3,2017-11-23 11:25:02.000000,1026,385.293643,388.2256530555556,-2.9320100555556223,-0.54286758573723,-2.3891424698183923,2017-11-23 00:00:00.000000
D3,2017-11-23 11:30:03.000000,1026,381.325706,388.2904233240418,-6.9647173240417715,-0.31323808020166055,-6.651479243840111,2017-11-23 00:00:00.000000
D3,2017-11-23 11:35:03.000000,1026,388.005187,388.43311126041664,-0.42792426041665976,-0.08394110252718989,-0.34398315788946987,2017-11-23 00:00:00.000000
D3,2017-11-23 11:40:03.000000,1026,381.049798,388.41970945993035,-7.369911459930336,0.14567626589465066,-7.515587725824986,2017-11-23 00:00:00.000000
D3,2017-11-23 11:45:02.000000,1026,383.669662,388.44827603806226,-4.778614038062244,0.37473841496434135,-5.153352453026585,2017-11-23 00:00:00.000000
D3,2017-11-23 11:50:04.000000,1026,386.77968,388.4610519965398,-1.6813719965398377,0.6062014146574639,-2.2875734111973016,2017-11-23 00:00:00.000000
D3,2017-11-23 11:55:01.000000,1026,392.202835,388.5493672318339,3.653467768166081,0.8338248608147942,2.8196429073512865,2017-11-23 00:00:00.000000
D3,2017-11-23 12:00:01.000000,1026,383.439862,388.55194788541667,-5.112085885416661,1.0636313367112495,-6.175717222127911,2017-11-23 00:00:00.000000
D3,2017-11-23 12:05:02.000000,1026,385.446784,388.55562215916956,-3.1088381591695793,1.2939767903451649,-4.402814949514744,2017-11-23 00:00:00.000000
D3,2017-11-23 12:10:01.000000,1026,402.421293,388.5965780902778,13.824714909722218,1.5224576457883041,12.302257263933914,2017-11-23 00:00:00.000000
D3,2017-11-23 12:15:01.000000,1026,399.326674,388.5851410520833,10.74153294791671,1.7512591024957234,8.990273845420987,2017-11-23 00:00:00.000000
D3,2017-11-23 12:20:00.000000,1026,383.51641,388.5937588368056,-5.077348836805584,1.978747704960928,-7.056096541766512,2017-11-23 00:00:00.000000
D3,2017-11-23 12:25:02.000000,1026,383.82287,388.57796017361113,-4.755090173611109,2.2078515813172768,-6.962941754928385,2017-11-23 00:00:00.000000
D3,2017-11-23 12:30:03.000000,1026,393.275245,388.5687687093426,4.706476290657406,2.43542014592978,2.271056144727626,2017-11-23 00:00:00.000000
D3,2017-11-23 12:35:02.000000,1026,388.189103,388.6177490104167,-0.42864601041668493,2.660601105904239,-3.089247116320924,2017-11-23 00:00:00.000000
D3,2017-11-23 12:40:03.000000,1026,389.767043,388.64759118055554,1.119451819444464,2.8862989048750896,-1.7668470854306255,2017-11-23 00:00:00.000000
D3,2017-11-23 12:45:00.000000,1026,398.376897,388.6612093402778,9.715687659722164,3.107919123694976,6.607768536027188,2017-11-23 00:00:00.000000
D3,2017-11-23 12:50:03.000000,1026,403.784787,388.658887083045,15.125899916955007,3.3328050536497287,11.793094863305278,2017-11-23 00:00:00.000000
D3,2017-11-23 12:55:05.000000,1026,393.045489,388.77749257986113,4.267996420138843,3.55562345102481,0.7123729691140328,2017-11-23 00:00:00.000000
D3,2017-11-23 13:00:01.000000,1026,394.209846,388.77749257986113,5.432353420138895,3.772627304083225,1.65972611605567,2017-11-23 00:00:00.000000
D3,2017-11-23 13:05:01.000000,1026,385.921628,388.8719663090278,-2.9503383090278135,3.9910581541655956,-6.941396463193409,2017-11-23 00:00:00.000000
D3,2017-11-23 13:10:03.000000,1026,381.494201,388.9296292361111,-7.435428236111136,4.209309662799058,-11.644737898910194,2017-11-23 00:00:00.000000
D3,2017-11-23 13:15:03.000000,1026,380.130752,389.0125592986111,-8.881807298611136,4.424387319521649,-13.306194618132785,2017-11-23 00:00:00.000000
D3,2017-11-23 13:20:00.000000,1026,391.253058,389.05181647569447,2.2012415243055443,4.63551649294868,-2.4342749686431358,2017-11-23 00:00:00.000000
D3,2017-11-23 13:25:04.000000,1026,380.513716,389.13469407291666,-8.620978072916671,4.849666231853934,-13.470644304770605,2017-11-23 00:00:00.000000
D3,2017-11-23 13:30:03.000000,1026,391.40631,389.12198595847747,2.2843240415225523,5.058263244054189,-2.7739392025316363,2017-11-23 00:00:00.000000
D3,2017-11-23 13:35:02.000000,1026,389.046955,389.15744912456745,-0.11049412456742402,5.264747392175849,-5.375241516743273,2017-11-23 00:00:00.000000
D3,2017-11-23 13:40:01.000000,1026,393.413165,389.20161160069443,4.211553399305558,5.469021054998295,-1.2574676556927376,2017-11-23 00:00:00.000000
D3,2017-11-23 13:45:01.000000,1026,397.518889,389.20499919377164,8.31388980622836,5.671659151791914,2.642230654436446,2017-11-23 00:00:00.000000
D3,2017-11-23 13:50:04.000000,1026,387.423019,389.22645308333335,-1.803434083333343,5.8738679374926095,-7.677302020825953,2017-11-23 00:00:00.000000
D3,2017-11-23 13:55:01.000000,1026,392.264207,389.22645308333335,3.037753916666645,6.069583162161155,-3.03182924549451,2017-11-23 00:00:00.000000
D3,2017-11-23 14:00:03.000000,1026,389.046955,389.25315635069444,-0.20620135069441403,6.265971367352648,-6.472172718047062,2017-11-23 00:00:00.000000
D3,2017-11-23 14:05:03.000000,1026,389.736401,389.25315635069444,0.4832446493055613,6.458348364963648,-5.975103715658086,2017-11-23 00:00:00.000000
D3,2017-11-23 14:10:02.000000,1026,394.822632,389.30321235416665,5.519419645833352,6.6473047727431265,-1.1278851269097743,2017-11-23 00:00:00.000000
D3,2017-11-23 14:15:05.000000,1026,402.497931,389.4088023888889,13.089128611111107,6.835866764810871,6.253261846300236,2017-11-23 00:00:00.000000
D3,2017-11-23 14:20:02.000000,1026,383.286632,389.43840269896197,-6.151770698961968,7.017752105469506,-13.169522804431473,2017-11-23 00:00:00.000000
D3,2017-11-23 14:25:01.000000,1026,391.436952,389.4907752881944,1.946176711805606,7.197832968560977,-5.251656256755371,2017-11-23 00:00:00.000000
D3,2017-11-23 14:30:00.000000,1026,395.205619,389.5573753333333,5.648243666666701,7.374789425477404,-1.726545758810703,2017-11-23 00:00:00.000000
D3,2017-11-23 14:35:02.000000,1026,390.732241,389.6239214479167,1.1083195520832874,7.550264574293113,-6.441945022209826,2017-11-23 00:00:00.000000
D3,2017-11-23 14:40:02.000000,1026,403.463106,389.6504656284722,13.812640371527777,7.721253698857175,6.091386672670603,2017-11-23 00:00:00.000000
D3,2017-11-23 14:45:00.000000,1026,384.037294,389.7106285486111,-5.6733345486111375,7.887742482230347,-13.561077030841485,2017-11-23 00:00:00.000000
D3,2017-11-23 14:50:01.000000,1026,395.80314,389.7180754548611,6.085064545138891,8.05242759401447,-1.967363048875578,2017-11-23 00:00:00.000000
D3,2017-11-23 14:55:02.000000,1026,395.236216,389.76132268749996,5.474893312500058,8.213536906656294,-2.738643594156237,2017-11-23 00:00:00.000000
D3,2017-11-23 15:00:02.000000,1026,403.830738,389.78408959722225,14.046648402777748,8.370476249666451,5.676172153111297,2017-11-23 00:00:00.000000
D3,2017-11-23 15:05:04.000000,1026,397.764022,389.8288785798611,7.9351434201389,8.524721119411991,-0.5895776992730912,2017-11-23 00:00:00.000000
D3,2017-11-23 15:10:02.000000,1026,410.219269,389.8183277197232,20.40094128027681,8.67317164163514,11.727769638641671,2017-11-23 00:00:00.000000
D3,2017-11-23 15:15:01.000000,1026,393.964624,389.82494191319444,4.139682086805578,8.818304718998355,-4.678622632192777,2017-11-23 00:00:00.000000
D3,2017-11-23 15:20:03.000000,1026,390.042772,389.8802112361111,0.16256076388890506,8.96094447383683,-8.798383709947926,2017-11-23 00:00:00.000000
D3,2017-11-23 15:25:00.000000,1026,396.768338,389.8802112361111,6.88812676388892,9.097284942257096,-2.2091581783681757,2017-11-23 00:00:00.000000
D3,2017-11-23 15:30:02.000000,1026,387.821337,389.91287273958335,-2.091535739583321,9.231850766112538,-11.32338650569586,2017-11-23 00:00:00.000000
D3,2017-11-23 15:35:02.000000,1026,401.287578,389.96377974305557,11.323798256944428,9.361398433290459,1.9623998236539695,2017-11-23 00:00:00.000000
D3,2017-11-23 15:40:04.000000,1026,388.847841,390.00048345486107,-1.152642454861052,9.487592693648995,-10.640235148510047,2017-11-23 00:00:00.000000
D3,2017-11-23 15:45:02.000000,1026,388.970474,390.00048345486107,-1.0300094548610446,9.607908859143208,-10.637918314004253,2017-11-23 00:00:00.000000
D3,2017-11-23 15:50:01.000000,1026,401.027158,390.05484792708336,10.972310072916628,9.724371999644529,1.247938073272099,2017-11-23 00:00:00.000000
D3,2017-11-23 15:55:02.000000,1026,408.273497,390.1152234791667,18.158273520833347,9.837251708246013,8.321021812587334,2017-11-23 00:00:00.000000
D3,2017-11-23 16:00:04.000000,1026,393.918762,390.0663094013841,3.852452598615912,9.946053317299139,-6.093600718683227,2017-11-23 00:00:00.000000
D3,2017-11-23 16:05:05.000000,1026,405.041091,390.0891585,14.951932499999998,10.050004185562122,4.9019283144378765,2017-11-23 00:00:00.000000
D3,2017-11-23 16:10:02.000000,1026,402.114833,390.0641891868512,12.050643813148781,10.148130926459537,1.9025128866892445,2017-11-23 00:00:00.000000
D3,2017-11-23 16:15:02.000000,1026,405.117639,390.12488595847753,14.992753041522462,10.242721918097196,4.750031123425266,2017-11-23 00:00:00.000000
D3,2017-11-23 16:20:02.000000,1026,404.811157,390.2164171567944,14.59473984320556,10.332718368174607,4.262021475030952,2017-11-23 00:00:00.000000
D3,2017-11-23 16:25:03.000000,1026,414.355567,390.16050866782007,24.19505833217994,10.418354172800777,13.776704159379163,2017-11-23 00:00:00.000000
D3,2017-11-23 16:30:03.000000,1026,411.352873,390.28501006620206,21.067862933797926,10.499019587796072,10.568843346001854,2017-11-23 00:00:00.000000
D3,2017-11-23 16:35:02.000000,1026,411.000573,390.29979628223,20.700776717769998,10.574723189717446,10.126053528052552,2017-11-23 00:00:00.000000
D3,2017-11-23 16:40:05.000000,1026,405.408723,390.26629587847225,15.14242712152776,10.646623310382965,4.495803811144794,2017-11-23 00:00:00.000000
D3,2017-11-23 16:45:04.000000,1026,411.0619,390.2933191006944,20.76858089930556,10.712787677750972,10.05579322155459,2017-11-23 00:00:00.000000
D3,2017-11-23 16:50:02.000000,1026,402.206869,390.2933191006944,11.913549899305565,10.773968576280021,1.1395813230255438,2017-11-23 00:00:00.000000
D3,2017-11-23 16:55:01.000000,1026,425.431922,390.32899561672474,35.102926383275246,10.830547674795161,24.272378708480083,2017-11-23 00:00:00.000000
D3,2017-11-23 17:00:03.000000,1026,413.78871,390.2471808408305,23.5415291591695,10.882779382071117,12.658749777098382,2017-11-23 00:00:00.000000
D3,2017-11-23 17:05:02.000000,1026,415.075633,390.37671639372826,24.698916606271723,10.929601328528369,13.769315277743354,2017-11-23 00:00:00.000000
D3,2017-11-23 17:10:05.000000,1026,411.643979,390.2782645034722,21.3657144965278,10.972062318975563,10.393652177552237,2017-11-23 00:00:00.000000
D3,2017-11-23 17:15:04.000000,1026,410.219202,390.31720319097224,19.90199880902776,11.009021240102413,8.892977568925346,2017-11-23 00:00:00.000000
D3,2017-11-23 17:20:02.000000,1026,412.762295,390.2880525451389,22.4742424548611,11.040955003124186,11.433287451736913,2017-11-23 00:00:00.000000
D3,2017-11-23 17:25:04.000000,1026,403.953349,390.21097347569446,13.742375524305544,11.068309723761669,2.6740658005438753,2017-11-23 00:00:00.000000
D3,2017-11-23 17:30:02.000000,1026,410.632852,390.21097347569446,20.421878524305555,11.09034795527332,9.331530569032235,2017-11-23 00:00:00.000000
D3,2017-11-23 17:35:02.000000,1026,404.30576,390.2633701527778,14.042389847222239,11.107552766537525,2.934837080684714,2017-11-23 00:00:00.000000
D3,2017-11-23 17:40:01.000000,1026,409.131482,390.33236896193773,18.799113038062274,11.119719084264917,7.679393953797357,2017-11-23 00:00:00.000000
D3,2017-11-23 17:45:02.000000,1026,414.799903,390.3133911280277,24.486511871972255,11.126938120550756,13.359573751421498,2017-11-23 00:00:00.000000
D3,2017-11-23 17:50:01.000000,1026,414.278997,390.36635526736114,23.91264173263886,11.129110532108978,12.783531200529882,2017-11-23 00:00:00.000000
D3,2017-11-23 17:55:01.000000,1026,404.367088,390.3973219616725,13.96976603832752,11.126282154923825,2.843483883403696,2017-11-23 00:00:00.000000
D3,2017-11-23 18:00:03.000000,1026,396.247476,390.2834936782007,5.9639823217992785,11.11836959843036,-5.154387276631082,2017-11-23 00:00:00.000000
D3,2017-11-23 18:05:00.000000,1026,407.997812,390.3430028402778,17.65480915972222,11.105635096021636,6.549174063700583,2017-11-23 00:00:00.000000
D3,2017-11-23 18:10:02.000000,1026,417.756691,390.26197075778543,27.494720242214555,11.087656036104422,16.407064206110135,2017-11-23 00:00:00.000000
D3,2017-11-23 18:15:02.000000,1026,404.704056,390.30353092733566,14.400525072664323,11.064782682466777,3.335742390197545,2017-11-23 00:00:00.000000
D3,2017-11-23 18:20:01.000000,1026,408.549337,390.34491716319445,18.204419836805528,11.037024662668683,7.1673951741368445,2017-11-23 00:00:00.000000
D3,2017-11-23 18:25:04.000000,1026,399.57174,390.34124644444444,9.23049355555554,11.003856310947109,-1.7733627553915685,2017-11-23 00:00:00.000000
D3,2017-11-23 18:30:02.000000,1026,400.383797,390.2883169826989,10.0954800173011,10.96630323823352,-0.8708232209324205,2017-11-23 00:00:00.000000
D3,2017-11-23 18:35:01.000000,1026,393.030179,390.3425767986111,2.68760220138887,10.923726316005874,-8.236124114617004,2017-11-23 00:00:00.000000
D3,2017-11-23 18:40:03.000000,1026,388.357553,390.33337632179934,-1.9758233217993393,10.875762567236235,-12.851585889035574,2017-11-23 00:00:00.000000
D3,2017-11-23 18:45:04.000000,1026,391.00797,390.37284500694443,0.6351249930555696,10.823020899225414,-10.187895906169844,2017-11-23 00:00:00.000000
D3,2017-11-23 18:50:02.000000,1026,398.759883,390.3504498958333,8.40943310416668,10.76597461137509,-2.3565415072084086,2017-11-23 00:00:00.000000
D3,2017-11-23 18:55:04.000000,1026,392.876972,390.4031125972222,2.473859402777805,10.703286856941833,-8.229427454164028,2017-11-23 00:00:00.000000
D3,2017-11-23 19:00:02.000000,1026,400.138776,390.4795530694444,9.659222930555586,10.636647614078003,-0.9774246835224165,2017-11-23 00:00:00.000000
D3,2017-11-23 19:05:02.000000,1026,392.58591,390.5177467560976,2.0681632439024042,10.564795111188001,-8.496631867285597,2017-11-23 00:00:00.000000
D3,2017-11-23 19:10:02.000000,1026,395.971613,390.4693398368056,5.502273163194388,10.488194777341258,-4.98592161414687,2017-11-23 00:00:00.000000
D3,2017-11-23 19:15:03.000000,1026,395.48137,390.4675167317073,5.013853268292735,10.406604195255156,-5.392750926962421,2017-11-23 00:00:00.000000
D3,2017-11-23 19:20:04.000000,1026,397.580194,390.4191242847222,7.16106971527779,10.320309871578468,-3.159240156300678,2017-11-23 00:00:00.000000
D3,2017-11-23 19:25:04.000000,1026,402.727664,390.4121561145833,12.315507885416707,10.229663005489861,2.085844879926846,2017-11-23 00:00:00.000000
D3,2017-11-23 19:30:02.000000,1026,394.592832,390.42427938675957,4.168552613240422,10.135077808397075,-5.9665251951566525,2017-11-23 00:00:00.000000
D3,2017-11-23 19:35:02.000000,1026,387.484369,390.3594937222222,-2.8751247222222105,10.035329748463388,-12.910454470685599,2017-11-23 00:00:00.000000
D3,2017-11-23 19:40:04.000000,1026,397.534221,390.3652890380623,7.1689319619376874,9.930375919269473,-2.7614439573317853,2017-11-23 00:00:00.000000
D3,2017-11-23 19:45:04.000000,1026,391.482836,390.4027935763889,1.0800424236111326,9.821656335326628,-8.741613911715495,2017-11-23 00:00:00.000000
D3,2017-11-23 19:50:04.000000,1026,392.294827,390.46519093055554,1.8296360694444616,9.708542614236087,-7.878906544791626,2017-11-23 00:00:00.000000
D3,2017-11-23 19:55:05.000000,1026,394.209757,390.41683700347227,3.7929199965277576,9.590689882501003,-5.797769885973246,2017-11-23 00:00:00.000000
D3,2017-11-23 20:00:04.000000,1026,402.390607,390.3537858581315,12.036821141868472,9.469350170380286,2.567470971488186,2017-11-23 00:00:00.000000
D3,2017-11-23 20:05:03.000000,1026,389.506645,390.32534308680556,-0.8186980868055684,9.34381212808656,-10.162510214892128,2017-11-23 00:00:00.000000
D3,2017-11-23 20:10:03.000000,1026,400.000811,390.3285346840278,9.672276315972226,9.213694528501952,0.45858178747027445,2017-11-23 00:00:00.000000
D3,2017-11-23 20:15:01.000000,1026,391.712704,390.3285346840278,1.3841693159722013,9.080380416438588,-7.696211100466387,2017-11-23 00:00:00.000000
D3,2017-11-23 20:20:01.000000,1026,396.844842,390.34002495833334,6.5048170416666835,8.942143862474936,-2.437326820808252,2017-11-23 00:00:00.000000
D3,2017-11-23 20:25:01.000000,1026,396.446435,390.31576813888887,6.130666861111138,8.799931771666431,-2.6692649105552935,2017-11-23 00:00:00.000000
D3,2017-11-23 20:30:00.000000,1026,392.570623,390.30071415625,2.269908843749988,8.654305310740323,-6.384396466990335,2017-11-23 00:00:00.000000
D3,2017-11-23 20:35:03.000000,1026,401.027136,390.28183029166667,10.74530570833332,8.502841138330652,2.2424645700026673,2017-11-23 00:00:00.000000
D3,2017-11-23 20:40:00.000000,1026,417.036648,390.27363824305553,26.763009756944484,8.350646991408219,18.412362765536265,2017-11-23 00:00:00.000000
D3,2017-11-23 20:45:04.000000,1026,409.989446,390.2146454305555,19.774800569444494,8.191116853445859,11.583683715998635,2017-11-23 00:00:00.000000
D3,2017-11-23 20:50:04.000000,1026,399.418532,390.2044855868055,9.214046413194524,8.030043249778243,1.1840031634162802,2017-11-23 00:00:00.000000
D3,2017-11-23 20:55:03.000000,1026,402.497997,390.1267960484429,12.371200951557114,7.865982733070514,4.5052182184866,2017-11-23 00:00:00.000000
D3,2017-11-23 21:00:02.000000,1026,394.378319,390.1252463554007,4.2530726445992855,7.698481923490621,-3.4454092788913355,2017-11-23 00:00:00.000000
D3,2017-11-23 21:05:01.000000,1026,398.315458,390.0757019826389,8.23975601736106,7.52762001178337,0.7121360055776904,2017-11-23 00:00:00.000000
D3,2017-11-23 21:10:00.000000,1026,397.518978,390.0757019826389,7.443276017361086,7.353477777749668,0.08979823961141786,2017-11-23 00:00:00.000000
D3,2017-11-23 21:15:03.000000,1026,399.633156,390.01823066435986,9.614925335640123,7.1737438098918584,2.4411815257482647,2017-11-23 00:00:00.000000
D3,2017-11-23 21:20:02.000000,1026,389.996799,390.05437089236113,-0.05757189236112481,6.993248349353001,-7.050820241714126,2017-11-23 00:00:00.000000
D3,2017-11-23 21:25:03.000000,1026,401.624702,390.04304055555554,11.581661444444478,6.808487627101619,4.773173817342859,2017-11-23 00:00:00.000000
D3,2017-11-23 21:30:04.000000,1026,387.668241,390.0192629409722,-2.3510219409722026,6.620747107168096,-8.971769048140299,2017-11-23 00:00:00.000000
D3,2017-11-23 21:35:04.000000,1026,385.492668,389.9536210625,-4.460953062500039,6.430754748207322,-10.891707810707361,2017-11-23 00:00:00.000000
D3,2017-11-23 21:40:04.000000,1026,384.512316,389.9558016423611,-5.443485642361111,6.237982137603704,-11.681467779964816,2017-11-23 00:00:00.000000
D3,2017-11-23 21:45:04.000000,1026,383.746255,390.01656501045295,-6.270310010452931,6.042521024679373,-12.312831035132305,2017-11-23 00:00:00.000000
D3,2017-11-23 21:50:03.000000,1026,385.737778,389.9893142222222,-4.251536222222228,5.845128834449041,-10.09666505667127,2017-11-23 00:00:00.000000
D3,2017-11-23 21:55:04.000000,1026,400.812667,389.92197049652776,10.890696503472213,5.643906642787778,5.246789860684435,2017-11-23 00:00:00.000000
D3,2017-11-23 22:00:03.000000,1026,398.836409,389.82733791319447,9.009071086805534,5.441623527583117,3.5674475592224173,2017-11-23 00:00:00.000000
D3,2017-11-23 22:05:02.000000,1026,404.795847,389.8377437874565,14.958103212543506,5.237046303883981,9.721056908659524,2017-11-23 00:00:00.000000
D3,2017-11-23 22:10:04.000000,1026,394.301726,389.7481315763889,4.5535944236110595,5.028186226438265,-0.4745918028272058,2017-11-23 00:00:00.000000
D3,2017-11-23 22:15:02.000000,1026,398.637273,389.68977712847226,8.947495871527735,4.819993449136645,4.12750242239109,2017-11-23 00:00:00.000000
D3,2017-11-23 22:20:02.000000,1026,392.156973,389.68977712847226,2.4671958715277356,4.608396721903581,-2.1412008503758457,2017-11-23 00:00:00.000000
D3,2017-11-23 22:25:05.000000,1026,399.801629,389.67812761111117,10.123501388888826,4.392742673302947,5.730758715585879,2017-11-23 00:00:00.000000
D3,2017-11-23 22:30:02.000000,1026,393.014736,389.649438550173,3.3652974498270396,4.179566162697476,-0.8142687128704367,2017-11-23 00:00:00.000000
D3,2017-11-23 22:35:00.000000,1026,385.2782,389.65594521180554,-4.377745211805518,3.963988726957996,-8.341733938763515,2017-11-23 00:00:00.000000
D3,2017-11-23 22:40:04.000000,1026,394.883871,389.6156300940767,5.268240905923278,3.7424384630491883,1.52580244287409,2017-11-23 00:00:00.000000
D3,2017-11-23 22:45:05.000000,1026,400.475655,389.5989205763889,10.87673442361114,3.521555890048411,7.355178533562729,2017-11-23 00:00:00.000000
D3,2017-11-23 22:50:01.000000,1026,395.067765,389.5989205763889,5.468844423611131,3.302971751887028,2.165872671724103,2017-11-23 00:00:00.000000
D3,2017-11-23 22:55:04.000000,1026,386.856229,389.58556906250004,-2.7293400625000572,3.077916885324052,-5.80725694782411,2017-11-23 00:00:00.000000
D3,2017-11-23 23:00:03.000000,1026,407.829383,389.58556906250004,18.243813937499965,2.8546480985307556,15.389165838969209,2017-11-23 00:00:00.000000
D3,2017-11-23 23:05:03.000000,1026,400.567646,389.5190861453287,11.048559854671339,2.6295562902776597,8.41900356439368,2017-11-23 00:00:00.000000
D3,2017-11-23 23:10:04.000000,1026,390.027396,389.53157685763887,0.49581914236114244,2.4027383481447115,-1.906919205783569,2017-11-23 00:00:00.000000
D3,2017-11-23 23:15:02.000000,1026,385.906296,389.5179061597222,-3.611610159722204,2.1773247426724205,-5.788934902394624,2017-11-23 00:00:00.000000
D3,2017-11-23 23:20:02.000000,1026,402.360144,389.51226741666665,12.847876583333345,1.9496452038081014,10.898231379525244,2017-11-23 00:00:00.000000
D3,2017-11-23 23:25:03.000000,1026,390.900714,389.45120002777776,1.4495139722222348,1.720556127196856,-0.27104215497462114,2017-11-23 00:00:00.000000
D3,2017-11-23 23:30:04.000000,1026,401.94636,389.46088121180554,12.485478788194484,1.4909250028622911,10.994553785332194,2017-11-23 00:00:00.000000
D3,2017-11-23 23:35:00.000000,1026,406.465867,389.46088121180554,17.00498578819446,1.2646864332627215,15.74029935493174,2017-11-23 00:00:00.000000
D3,2017-11-23 23:40:03.000000,1026,389.169521,389.462477125,-0.2929561250000461,1.0327743271161296,-1.3257304521161757,2017-11-23 00:00:00.000000
D3,2017-11-23 23:45:00.000000,1026,395.925639,389.42050724305557,6.505131756944422,0.8052448239758172,5.699886932968605,2017-11-23 00:00:00.000000
D3,2017-11-23 23:50:01.000000,1026,397.855991,389.44098718055557,8.41500381944445,0.574548624237594,7.840455195206856,2017-11-23 00:00:00.000000
D3,2017-11-23 23:55:00.000000,1026,397.181854,389.4348698576389,7.7469841423611,0.34539200924063496,7.401592133120465,2017-11-23 00:00:00.000000
