level,localdatetime,sensorid,datavalue,trend_24h,residual,fitted_residual,fit_error,omitted_block,used_in_fit,refitted_residual
D3,2017-11-22 00:00:04.000000,1026,384.328378,387.88632614930555,-3.5579481493055596,3.0456481049861552,-6.603596254291714,00–02,False,5.061258507244583
D3,2017-11-22 00:05:00.000000,1026,385.048399,387.88632614930555,-2.8379271493055285,2.945710987212034,-5.783638136517562,00–02,False,4.967712502665416
D3,2017-11-22 00:10:04.000000,1026,389.337994,387.92226327526134,1.415730724738637,2.8417887919182725,-1.4260580671796355,00–02,False,4.8697111390027255
D3,2017-11-22 00:15:04.000000,1026,378.322989,387.96414990277776,-9.641160902777756,2.738007505388194,-12.379168408165949,00–02,False,4.771131195987931
D3,2017-11-22 00:20:03.000000,1026,386.488508,387.96414990277776,-1.4756419027777383,2.6334091844586762,-4.1090510872364145,00–02,False,4.671080257674988
D3,2017-11-22 00:25:03.000000,1026,379.042988,387.84120193425605,-8.798213934256069,2.527343985788475,-11.325557920044544,00–02,False,4.5689367324793455
D3,2017-11-22 00:30:00.000000,1026,383.255968,387.8230249444444,-4.567056944444403,2.421286756211659,-6.988343700656062,00–02,False,4.466127738670794
D3,2017-11-22 00:35:04.000000,1026,374.15596,387.78061111418685,-13.624651114186861,2.3116969607819664,-15.936348074968826,00–02,False,4.359207632493248
D3,2017-11-22 00:40:04.000000,1026,385.416142,387.7668513125,-2.350709312500044,2.202576612995938,-4.553285925495982,00–02,False,4.252070872060467
D3,2017-11-22 00:45:03.000000,1026,387.070786,387.6957832465278,-0.624997246527812,2.092910588313406,-2.717907834841218,00–02,False,4.1437374454002835
D3,2017-11-22 00:50:02.000000,1026,379.089028,387.66657913194445,-8.57755113194446,1.9823885756184345,-10.559939707562895,00–02,False,4.033904098129399
D3,2017-11-22 00:55:05.000000,1026,380.559734,387.6276405208334,-7.0679065208333895,1.8695683105941925,-8.937474831427583,00–02,False,3.921124466914005
D3,2017-11-22 01:00:02.000000,1026,375.167131,387.6276405208334,-12.460509520833398,1.7582338881598738,-14.218743408993271,00–02,False,3.8091877647252366
D3,2017-11-22 01:05:00.000000,1026,380.498428,387.54066755208333,-7.042239552083345,1.6458327231159595,-8.688072275199303,00–02,False,3.6955436733799134
D3,2017-11-22 01:10:03.000000,1026,386.657114,387.37698854861105,-0.7198745486110738,1.5308894162120736,-2.2507639648231477,00–02,False,3.57868130676738
D3,2017-11-22 01:15:04.000000,1026,383.485858,387.32164610380624,-3.8357881038062374,1.4161045025083805,-5.251892606314618,00–02,False,3.4613367135955344
D3,2017-11-22 01:20:01.000000,1026,392.739096,387.30356937716266,5.435526622837358,1.3023123069057385,4.133214315931619,00–02,False,3.344381850178763
D3,2017-11-22 01:25:02.000000,1026,385.783841,387.29240903125,-1.508568031249979,1.1865023643400563,-2.6950703955900353,00–02,False,3.224722580504249
D3,2017-11-22 01:30:05.000000,1026,391.498213,387.26371541463413,4.234497585365887,1.0694855225652018,3.1650120628006846,00–02,False,3.1031778457933394
D3,2017-11-22 01:35:01.000000,1026,390.425758,387.2449059513889,3.1808520486110865,0.9548025999148992,2.2260494486961875,00–02,False,2.983441112785343
D3,2017-11-22 01:40:03.000000,1026,374.033349,387.19159910452964,-13.158250104529657,0.8374742889241547,-13.995724393453811,00–02,False,2.8603167686107884
D3,2017-11-22 01:45:01.000000,1026,376.545912,387.10340834375,-10.557496343750017,0.7214373081106191,-11.278933651860637,00–02,False,2.7379298155265754
D3,2017-11-22 01:50:01.000000,1026,381.049932,387.0697895243055,-6.0198575243055075,0.6044133993738083,-6.624270923679315,00–02,False,2.613883524931569
D3,2017-11-22 01:55:02.000000,1026,384.803289,387.0335948118467,-2.2303058118466765,0.48684542696891375,-2.7171512388155903,00–02,False,2.4886380570967335
D3,2017-11-22 02:00:05.000000,1026,378.966462,386.95978346874995,-7.9933214687499685,0.36839744660702856,-8.361718915356997,00–02,True,2.36182621090103
D3,2017-11-22 02:05:00.000000,1026,381.310218,386.95978346874995,-5.649565468749927,0.253036187789609,-5.902601656539536,00–02,True,2.2377133341906483
D3,2017-11-22 02:10:02.000000,1026,374.983149,386.8619391487889,-11.87879014878888,0.13495195850422226,-12.013742107293103,00–02,True,2.1100520848233706
D3,2017-11-22 02:15:01.000000,1026,396.232122,386.83320775778543,9.398914242214573,0.018110607521236055,9.380803634693336,00–02,True,1.983117652939193
D3,2017-11-22 02:20:04.000000,1026,384.236542,386.8403606968641,-2.6038186968640957,-0.10016613680610931,-2.5036525600579864,00–02,True,1.8539973055219514
D3,2017-11-22 02:25:04.000000,1026,386.672379,386.75281789198607,-0.08043889198609122,-0.21708903788854483,0.1366501459024536,00–02,True,1.7257328948718786
D3,2017-11-22 02:30:03.000000,1026,386.120809,386.71376015277775,-0.5929511527777436,-0.3333857329582868,-0.2595654198194568,00–02,True,1.5975386275821224
D3,2017-11-22 02:35:05.000000,1026,384.757315,386.63543632055746,-1.8781213205574545,-0.4505535900420048,-1.4275677305154497,00–02,True,1.4677577314502095
D3,2017-11-22 02:40:02.000000,1026,386.120898,386.5688057708333,-0.4479077708332966,-0.5654371213190341,0.11752935048573754,00–02,True,1.3398915933417466
D3,2017-11-22 02:45:02.000000,1026,392.524605,386.5374743888889,5.987130611111127,-0.6810794202994153,6.668210031410542,00–02,True,1.2105594683681105
D3,2017-11-22 02:50:00.000000,1026,382.091745,386.44693709722225,-4.355192097222243,-0.7954969206553337,-3.5596951765669096,00–02,True,1.0819766228196555
D3,2017-11-22 02:55:03.000000,1026,386.779636,386.3874869686411,0.39214903135888335,-0.9113148742505528,1.3034639056094361,00–02,True,0.9511833396239964
D3,2017-11-22 03:00:02.000000,1026,394.255775,386.2550518466899,8.000723153310105,-1.025036000823206,9.025759154133311,00–02,True,0.8221259393291533
D3,2017-11-22 03:05:01.000000,1026,383.807583,386.19064584722224,-2.38306284722222,-1.138139017979611,-1.2449238292426092,00–02,True,0.6931390042016288
D3,2017-11-22 03:10:00.000000,1026,377.710203,386.12628046875,-8.416077468750018,-1.2505704530697388,-7.165507015680279,00–02,True,0.5642835164628863
D3,2017-11-22 03:15:03.000000,1026,377.81737,386.0626709268293,-8.245300926829316,-1.3637664016891944,-6.881534525140122,00–02,True,0.4339007312304486
D3,2017-11-22 03:20:04.000000,1026,385.661252,385.95238833797913,-0.2911363379791396,-1.4754239819703572,1.1842876439912176,00–02,True,0.3046366947745365
D3,2017-11-22 03:25:03.000000,1026,373.89554,385.93781290972225,-12.042272909722271,-1.5855059460370473,-10.456766963685224,00–02,True,0.1765475966016452
D3,2017-11-22 03:30:02.000000,1026,386.672357,385.93781290972225,0.7345440902777227,-1.6947048226702353,2.429248912947958,00–02,True,0.04883417901520293
D3,2017-11-22 03:35:04.000000,1026,398.836409,385.7817408298611,13.054668170138882,-1.804050337104477,14.85871850724336,00–02,True,-0.07971779416920954
D3,2017-11-22 03:40:00.000000,1026,395.312831,385.7817408298611,9.531090170138896,-1.9102472481199877,11.441337418258883,00–02,True,-0.20522430003825676
D3,2017-11-22 03:45:03.000000,1026,369.299596,385.63657280902777,-16.33697680902776,-2.0179029303418177,-14.319073878685943,00–02,True,-0.33313383445266487
D3,2017-11-22 03:50:01.000000,1026,388.985739,385.63657280902777,3.349166190972255,-2.1226930799129096,5.471859270885165,00–02,True,-0.4583153153781625
D3,2017-11-22 03:55:02.000000,1026,395.205552,385.54720593055555,9.658346069444463,-2.227391419545624,11.885737488990086,00–02,True,-0.5840753246111734
D3,2017-11-22 04:00:01.000000,1026,377.740733,385.5207686875,-7.780035687500003,-2.330203673476647,-5.4498320140233565,00–02,True,-0.7082621053697831
D3,2017-11-22 04:05:00.000000,1026,392.218256,385.5394396875,6.6788163124999755,-2.431780763062717,9.110597075562692,00–02,True,-0.8316548867320264
D3,2017-11-22 04:10:02.000000,1026,379.701815,385.54991902430555,-5.848104024305542,-2.533074294704557,-3.315029729600985,00–02,True,-0.9554203181801406
D3,2017-11-22 04:15:01.000000,1026,387.223905,385.4944435400697,1.7294614599302918,-2.632024003244642,4.361485463174933,00–02,True,-1.0770410661590093
D3,2017-11-22 04:20:02.000000,1026,385.171032,385.50587449305556,-0.3348424930555325,-2.73024376455278,2.3954012714972475,00–02,True,-1.1984971144894532
D3,2017-11-22 04:25:03.000000,1026,384.435612,385.4638512222222,-1.0282392222222256,-2.827020114178095,1.7987808919558694,00–02,True,-1.3189136229125888
D3,2017-11-22 04:30:04.000000,1026,391.942437,385.4127315104167,6.529705489583307,-2.9223066842513816,9.452012173834689,00–02,True,-1.4382328969923854
D3,2017-11-22 04:35:01.000000,1026,396.55378,385.4127315104167,11.14104848958334,-3.014822220902259,14.1558707104856,00–02,True,-1.5548352856725334
D3,2017-11-22 04:40:00.000000,1026,369.360723,385.3740061527778,-16.013283152777774,-3.1064070367249803,-12.906876116052793,00–02,True,-1.6710325059051399
D3,2017-11-22 04:45:01.000000,1026,394.745995,385.3378869548611,9.408108045138874,-3.19698611654767,12.605094161686544,00–02,True,-1.7867451045226188
D3,2017-11-22 04:50:00.000000,1026,374.676867,385.3262370486111,-10.649370048611104,-3.2853129749556818,-7.364057073655422,00–02,True,-1.9003807263503525
D3,2017-11-22 04:55:01.000000,1026,368.61015,385.28297324221455,-16.672823242214577,-3.3725268751517437,-13.300296367062833,00–02,True,-2.0134050737217106
D3,2017-11-22 05:00:02.000000,1026,383.02619,385.1841619550173,-2.157971955017331,-3.4579896304287057,1.3000176754113748,00–02,True,-2.124999439246023
D3,2017-11-22 05:05:00.000000,1026,375.825802,385.07095665625,-9.245154656250008,-3.540835340257901,-5.704319315992107,00–02,True,-2.2340203965803713
D3,2017-11-22 05:10:02.000000,1026,385.125036,385.0094346376307,0.1156013623693184,-3.622961131555837,3.7385624939251554,00–02,True,-2.3429688229715846
D3,2017-11-22 05:15:01.000000,1026,387.162666,384.987068728223,2.175597271777008,-3.702415617586281,5.878012889363289,00–02,True,-2.4492604373274744
D3,2017-11-22 05:20:03.000000,1026,384.665413,385.06829664583336,-0.4028836458333558,-3.7807548161217914,3.3778711702884356,00–02,True,-2.554976829364045
D3,2017-11-22 05:25:05.000000,1026,381.356325,385.056008375,-3.6996833749999496,-3.8571343218511047,0.15745094685115513,00–02,True,-2.6589925156863914
D3,2017-11-22 05:30:01.000000,1026,392.417415,385.056008375,7.361406625000029,-3.930059159747347,11.291465784747377,00–02,True,-2.7592429425852214
D3,2017-11-22 05:35:02.000000,1026,384.006675,384.91046766898955,-0.9037926689895812,-4.00221413336668,3.0984214643770986,00–02,True,-2.8594140360767497
D3,2017-11-22 05:40:03.000000,1026,387.22386,384.99728104513883,2.226578954861168,-4.072316263805489,6.298895218666657,00–02,True,-2.9577498045452963
D3,2017-11-22 05:45:02.000000,1026,377.55695,384.94961864583337,-7.392668645833396,-4.139886989515712,-3.2527816563176843,00–02,True,-3.0535685613045027
D3,2017-11-22 05:50:03.000000,1026,390.379763,384.9463735798611,5.433389420138951,-4.205797855605717,9.639187275744668,00–02,True,-3.1481062020453785
D3,2017-11-22 05:55:04.000000,1026,384.757427,384.91121208333334,-0.1537850833333323,-4.2695583366731915,4.115773253339859,00–02,True,-3.240670198425498
D3,2017-11-22 06:00:03.000000,1026,378.568188,384.84652721180555,-6.27833921180553,-4.330735979882199,-1.9476032319233312,00–02,True,-3.330621321670628
D3,2017-11-22 06:05:03.000000,1026,386.136119,384.9122698062284,1.2238491937716276,-4.389926272950634,5.613775466722261,00–02,True,-3.4188292297173923
D3,2017-11-22 06:10:02.000000,1026,390.962019,384.85541102083334,6.106607979166654,-4.4467066455350395,10.553314624701693,00–02,True,-3.504664190154165
D3,2017-11-22 06:15:04.000000,1026,376.147572,384.81780307291666,-8.670231072916636,-4.501787069712316,-4.1684440032043195,00–02,True,-3.589212204303486
D3,2017-11-22 06:20:03.000000,1026,396.155529,384.85323113541665,11.302297864583352,-4.5540472342744875,15.85634509885784,00–02,True,-3.6707536033487393
D3,2017-11-22 06:25:04.000000,1026,376.34662,384.90161606574395,-8.554996065743978,-4.604347368938352,-3.9506486968056267,00–02,True,-3.750623675204653
D3,2017-11-22 06:30:05.000000,1026,380.008141,384.78966390625,-4.781522906249961,-4.652306163953088,-0.1292167422968733,00–02,True,-3.8282314221337668
D3,2017-11-22 06:35:05.000000,1026,377.434362,384.78929203124994,-7.354930031249921,-4.697753103218755,-2.6571769280311663,00–02,True,-3.9032933140792663
D3,2017-11-22 06:40:01.000000,1026,369.713224,384.78929203124994,-15.076068031249918,-4.740271103359839,-10.33579692789008,00–02,True,-3.975080745321816
D3,2017-11-22 06:45:01.000000,1026,387.377068,384.81721887152776,2.5598491284722513,-4.780989017062943,7.340838145535194,00–02,True,-4.045499671794282
D3,2017-11-22 06:50:01.000000,1026,372.470764,384.80764369444444,-12.336879694444463,-4.819297049875024,-7.517582644569439,00–02,True,-4.113530934829876
D3,2017-11-22 06:55:03.000000,1026,379.655774,384.79618128222995,-5.140407282229944,-4.85540798206424,-0.28499930016570385,00–02,True,-4.1795713720437435
D3,2017-11-22 07:00:05.000000,1026,387.622156,384.80992989583336,2.8122261041666547,-4.8890409025966335,7.701267006763288,00–02,True,-4.243127540992433
D3,2017-11-22 07:05:04.000000,1026,383.118137,384.7590820313589,-1.6409450313589105,-4.919882580676615,3.278937549317704,00–02,True,-4.303574882023288
D3,2017-11-22 07:10:04.000000,1026,368.793933,384.71226488194446,-15.918331881944482,-4.948355532108606,-10.969976349835875,00–02,True,-4.361718047278371
D3,2017-11-22 07:15:02.000000,1026,386.932821,384.71226488194446,2.2205561180555264,-4.974173993501948,7.194730111557474,00–02,True,-4.416960809330692
D3,2017-11-22 07:20:01.000000,1026,396.017609,384.7290740208333,11.288534979166684,-4.997598060446471,16.286133039613155,00–02,True,-4.46984578920344
D3,2017-11-22 07:25:03.000000,1026,381.433007,384.7050522179931,-3.2720452179931385,-5.018723171775347,1.7466779537822088,00–02,True,-4.520650066907582
D3,2017-11-22 07:30:04.000000,1026,390.793457,384.6835395034722,6.109917496527771,-5.037234247161609,11.147151743689381,00–02,True,-4.568650511189056
D3,2017-11-22 07:35:00.000000,1026,385.554018,384.6835395034722,0.8704784965277668,-5.052952281767011,5.923430778294778,00–02,True,-4.613265233651419
D3,2017-11-22 07:40:03.000000,1026,379.043055,384.56499884083047,-5.521943840830488,-5.066481532204674,-0.4554623086258145,00–02,True,-4.656254875931492
D3,2017-11-22 07:45:02.000000,1026,386.228021,384.5176794583333,1.7103415416667076,-5.077286473401504,6.787628015068211,00–02,True,-4.695998766009351
D3,2017-11-22 07:50:02.000000,1026,389.552418,384.5140622847223,5.038355715277703,-5.085580895208314,10.123936610486016,00–02,True,-4.733182787765149
D3,2017-11-22 07:55:03.000000,1026,377.311796,384.44232631707314,-7.130530317073124,-5.0913353231261596,-2.039194993946964,00–02,True,-4.767762184324606
D3,2017-11-22 08:00:01.000000,1026,380.758826,384.43028145486113,-3.671455454861132,-5.094496100518454,1.4230406456573226,00–02,True,-4.799288297675842
D3,2017-11-22 08:05:03.000000,1026,386.8103,384.3900129513889,2.420287048611101,-5.095123146491856,7.515410195102957,00–02,True,-4.828472780161347
D3,2017-11-22 08:10:04.000000,1026,384.726741,384.3717763910035,0.35496460899651083,-5.093167354182251,5.448131963178762,00–02,True,-4.854777276243594
D3,2017-11-22 08:15:00.000000,1026,388.280983,384.3314991041667,3.949483895833282,-5.088732314431519,9.038216210264801,00–02,True,-4.877922698678436
D3,2017-11-22 08:20:00.000000,1026,389.368703,384.30692341319445,5.061779586805528,-5.0816980447821205,10.143477631587649,00–02,True,-4.898615556538654
D3,2017-11-22 08:25:03.000000,1026,388.311536,384.3184132986111,3.99312270138887,-5.0720020220751705,9.065124723464042,00–02,True,-4.916679567453386
D3,2017-11-22 08:30:00.000000,1026,375.5041,384.3184132986111,-8.814313298611125,-5.059975062199818,-3.754338236411307,00–02,True,-4.931611652049321
D3,2017-11-22 08:35:03.000000,1026,382.398094,384.31170627177704,-1.9136122717770263,-5.045137086667234,3.1315248148902075,00–02,True,-4.944007852275728
D3,2017-11-22 08:40:05.000000,1026,384.558112,384.32516953124997,0.232942468750025,-5.027774298537656,5.260716767287681,00–02,True,-4.953505458030132
D3,2017-11-22 08:45:00.000000,1026,377.173942,384.32516953124997,-7.151227531249958,-5.008341102163728,-2.1428864290862304,00–02,True,-4.960023984800531
D3,2017-11-22 08:50:03.000000,1026,377.37319,384.3716608263889,-6.998470826388882,-4.985846201191755,-2.0126246251971267,00–02,True,-4.963877609268232
D3,2017-11-22 08:55:00.000000,1026,380.26865,384.3716608263889,-4.103010826388925,-4.961314361890199,0.8583035355012747,00–02,True,-4.964858417898711
D3,2017-11-22 09:00:03.000000,1026,380.314579,384.4336316770833,-4.119052677083346,-4.933766350232991,0.8147136731496456,00–02,True,-4.9630055614940005
D3,2017-11-22 09:05:03.000000,1026,382.076413,384.4130175605536,-2.33660456055361,-4.903996039075194,2.567391478521584,00–02,True,-4.958332577858693
D3,2017-11-22 09:10:00.000000,1026,391.942549,384.4363975416667,7.506151458333306,-4.872091859008643,12.37824331734195,00–02,True,-4.950926381728996
D3,2017-11-22 09:15:02.000000,1026,374.508305,384.458446799308,-9.950141799307971,-4.837185180241869,-5.112956619066102,00–02,True,-4.940562866217825
D3,2017-11-22 09:20:01.000000,1026,381.586059,384.40256523958334,-2.8165062395833615,-4.800192647385566,1.983686407802204,00–02,True,-4.9274933213987735
D3,2017-11-22 09:25:02.000000,1026,398.867118,384.40793772569447,14.459180274305538,-4.760525629328788,19.219705903634328,00–02,True,-4.911519567485978
D3,2017-11-22 09:30:03.000000,1026,384.542891,384.42171497569444,0.12117602430555507,-4.718442442874135,4.83961846717969,00–02,True,-4.892727275593268
D3,2017-11-22 09:35:03.000000,1026,381.984466,384.4630587439446,-2.4785927439446027,-4.674114966171729,2.195522222227126,00–02,True,-4.87120185688395
D3,2017-11-22 09:40:04.000000,1026,381.080551,384.4261836875,-3.345632687499972,-4.627268932905861,1.2816362454058892,00–02,True,-4.846810127659724
D3,2017-11-22 09:45:03.000000,1026,383.470503,384.44052907266433,-0.9700260726643251,-4.578405189115025,3.6083791164507,00–02,True,-4.819820628967728
D3,2017-11-22 09:50:01.000000,1026,371.55145,384.4087356423611,-12.857285642361092,-4.527418293396064,-8.329867348965028,00–02,True,-4.790197245705688
D3,2017-11-22 09:55:03.000000,1026,377.694848,384.4679879965398,-6.77313999653984,-4.473442665297624,-2.299697331242216,00–02,True,-4.757415919750988
D3,2017-11-22 10:00:04.000000,1026,374.155871,384.45629080208334,-10.300419802083354,-4.417363330396606,-5.883056471686748,00–02,True,-4.721993860965831
D3,2017-11-22 10:05:03.000000,1026,376.607129,384.51310226388887,-7.905973263888882,-4.359427196849291,-3.546546067039591,00–02,True,-4.684106520144578
D3,2017-11-22 10:10:04.000000,1026,382.413403,384.50616597560975,-2.0927629756097303,-4.298886989067614,2.2061240134578837,00–02,True,-4.643265216335311
D3,2017-11-22 10:15:01.000000,1026,382.489996,384.4953886597222,-2.0053926597221903,-4.236999746767452,2.231607087045262,00–02,True,-4.600329938024565
D3,2017-11-22 10:20:05.000000,1026,372.225587,384.56338922648087,-12.337802226480846,-4.171470837989033,-8.166331388491813,00–02,True,-4.5536913179154315
D3,2017-11-22 10:25:03.000000,1026,390.073369,384.597178912892,5.476190087108023,-4.105122385413785,9.581312472521809,00–02,True,-4.505352336257117
D3,2017-11-22 10:30:01.000000,1026,373.052931,384.5894368055556,-11.536505805555578,-4.036713476697262,-7.499792328858316,00–02,True,-4.454441462709847
D3,2017-11-22 10:35:02.000000,1026,392.861684,384.6029475659722,8.25873643402781,-3.96555693779558,12.22429337182339,00–02,True,-4.400431559682151
D3,2017-11-22 10:40:02.000000,1026,381.218405,384.6702384375,-3.4518334374999995,-3.892611612499649,0.44077817499964933,00–02,True,-4.344040209913142
D3,2017-11-22 10:45:04.000000,1026,385.140301,384.7730644425087,0.3672365574913101,-3.817173088429326,4.184409645920637,00–02,True,-4.284717873782074
D3,2017-11-22 10:50:02.000000,1026,381.325661,384.76976546527777,-3.4441044652777464,-3.7407954415830753,0.2966909763053289,00–02,True,-4.2236962959363265
D3,2017-11-22 10:55:01.000000,1026,380.682233,384.76976546527777,-4.087532465277775,-3.6622626536928964,-0.42526981158487853,00–02,True,-4.160018066963225
D3,2017-11-22 11:00:03.000000,1026,375.182441,384.78464840418116,-9.602207404181172,-3.581048945398509,-6.021158458782663,00–02,True,-4.093238483963684
D3,2017-11-22 11:05:02.000000,1026,378.598741,384.7928518645833,-6.194110864583308,-3.4988061672258013,-2.695304697357507,00–02,True,-4.0247158138068455
D3,2017-11-22 11:10:05.000000,1026,384.987227,384.78162761458333,0.20559938541668998,-3.413639644161121,3.619239029577811,00–02,True,-3.952867048663257
D3,2017-11-22 11:15:01.000000,1026,377.112681,384.78162761458333,-7.668946614583319,-3.3287076043117656,-4.340239010271554,00–02,True,-3.8803694182123216
D3,2017-11-22 11:20:02.000000,1026,388.495496,384.75481694791665,3.740679052083351,-3.2406253499474245,6.9813044020307755,00–02,True,-3.804342178266226
D3,2017-11-22 11:25:04.000000,1026,388.679323,384.7804037326389,3.898919267361123,-3.1505541424056953,7.049473409766819,00–02,True,-3.7257629199046534
D3,2017-11-22 11:30:03.000000,1026,388.326867,384.7712065951557,3.555660404844275,-3.059746389172936,6.615406794017211,00–02,True,-3.645732377250451
D3,2017-11-22 11:35:01.000000,1026,380.498339,384.7307205347222,-4.232381534722208,-2.96767013422558,-1.264711400496628,00–02,True,-3.5637976190525404
D3,2017-11-22 11:40:02.000000,1026,382.183558,384.7292750622837,-2.5457170622836998,-2.873117676664173,0.3274006143804731,00–02,True,-3.4788761621176576
D3,2017-11-22 11:45:01.000000,1026,383.409243,384.730932625,-1.3216896249999763,-2.7776965431575924,1.456006918157616,00–02,True,-3.3924079556136286
D3,2017-11-22 11:50:04.000000,1026,391.023146,384.714078825784,6.309067174216011,-2.679523190263753,8.988590364479764,00–02,True,-3.3026785851702525
D3,2017-11-22 11:55:03.000000,1026,373.236691,384.6687478263889,-11.432056826388873,-2.581235967171486,-8.850820859217388,00–02,True,-3.2120994730802948
D3,2017-11-22 12:00:02.000000,1026,393.336573,384.69454732291666,8.642025677083325,-2.4815948971179767,11.1236205742013,00–02,True,-3.1195426016673404
D3,2017-11-22 12:05:01.000000,1026,384.098622,384.6754322996516,-0.5768102996516404,-2.3806470882370445,1.803836788585404,00–02,True,-3.025051729809954
D3,2017-11-22 12:10:05.000000,1026,390.5791,384.65699284375,5.922107156249979,-2.2767206947109337,8.198827850960912,00–02,True,-2.927044019674159
D3,2017-11-22 12:15:03.000000,1026,390.379829,384.65699284375,5.7228361562499686,-2.1736312562556375,7.896467412505606,00–02,True,-2.829121250472365
D3,2017-11-22 12:20:03.000000,1026,369.360746,384.6465133541667,-15.285767354166694,-2.068685028675879,-13.217082325490814,00–02,True,-2.728738681797892
D3,2017-11-22 12:25:01.000000,1026,380.896746,384.64507714583334,-3.7483311458333333,-1.9633305255933609,-1.7850006202399724,00–02,True,-2.627281837661084
D3,2017-11-22 12:30:04.000000,1026,387.622223,384.57629729166666,3.045925708333357,-1.8551272992893477,4.901053007622704,00–02,True,-2.522390295006381
D3,2017-11-22 12:35:02.000000,1026,374.661535,384.57629729166666,-9.914762291666648,-1.747697090461993,-8.167065201204654,00–02,True,-2.417574947010454
D3,2017-11-22 12:40:01.000000,1026,367.997252,384.5877340208333,-16.590482020833292,-1.638948271504903,-14.951533749328389,00–02,True,-2.3108084789662167
D3,2017-11-22 12:45:00.000000,1026,379.07354,384.5762970590278,-5.502757059027829,-1.529291098743543,-3.973465960284286,00–02,True,-2.2024903624058676
D3,2017-11-22 12:50:01.000000,1026,380.498339,384.5681573159722,-4.069818315972213,-1.4180354274528093,-2.651782888519404,00–02,True,-2.0919323002955177
D3,2017-11-22 12:55:04.000000,1026,373.696292,384.51808106574396,-10.821789065743928,-1.305217796588239,-9.516571269155689,00–02,True,-1.9791574869818251
D3,2017-11-22 13:00:03.000000,1026,367.87473,384.56445492334495,-16.689724923344954,-1.193133676843998,-15.496591246500957,00–02,True,-1.8664670318864747
D3,2017-11-22 13:05:03.000000,1026,359.893039,384.52415280139377,-24.63111380139378,-1.079973667652147,-23.551140133741633,00–02,True,-1.7520514345327165
D3,2017-11-22 13:10:01.000000,1026,364.182612,384.5049613472222,-20.3223493472222,-0.966926011055075,-19.355423336167124,00–02,True,-1.637115312970497
D3,2017-11-22 13:15:00.000000,1026,371.383022,384.457565125,-13.074543124999991,-0.8529094110817848,-12.221633713918207,00–02,True,-1.5205624816612948
D3,2017-11-22 13:20:00.000000,1026,377.281176,384.4075624340278,-7.126386434027779,-0.7379721179622163,-6.388414316065563,00–02,True,-1.402435949917318
D3,2017-11-22 13:25:00.000000,1026,364.933275,384.38096502083334,-19.447690020833363,-0.6225492010265381,-18.825140819806826,00–02,True,-1.2831797099202331
D3,2017-11-22 13:30:05.000000,1026,381.84659,384.29283910726645,-2.4462491072664534,-0.5047613667824029,-1.9414877404840505,00–02,True,-1.1608362699162418
D3,2017-11-22 13:35:04.000000,1026,357.886095,384.2463642195122,-26.36026921951219,-0.38891443243919643,-25.971354787072993,00–02,True,-1.0398811221575022
D3,2017-11-22 13:40:03.000000,1026,361.79266,384.2192541215278,-22.426594121527785,-0.27275013314135554,-22.15384398838643,00–02,True,-0.9179751927336903
D3,2017-11-22 13:45:02.000000,1026,369.851033,384.2570936794425,-14.406060679442533,-0.156323388846618,-14.249737290595915,00–02,True,-0.7951761161205648
D3,2017-11-22 13:50:04.000000,1026,369.728489,384.29016263541666,-14.56167363541664,-0.03851813755570266,-14.523155497860937,00–02,True,-0.6702974391349066
D3,2017-11-22 13:55:02.000000,1026,383.010902,384.29016263541666,-1.2792606354166765,0.07787872881388536,-1.3571393642305618,00–02,True,-0.5462964812196351
D3,2017-11-22 14:00:03.000000,1026,369.52933,384.25939013148786,-14.730060131487846,0.19554467409357112,-14.925604805581418,00–02,True,-0.42032395843664005
D3,2017-11-22 14:05:01.000000,1026,371.030699,384.28810825087106,-13.257409250871035,0.31207903015088645,-13.569488281021922,00–02,True,-0.29495001306704705
D3,2017-11-22 14:10:01.000000,1026,370.923376,384.26526822222223,-13.341892222222214,0.42938127579406027,-13.771273498016274,00–02,True,-0.16813416879199705
D3,2017-11-22 14:15:00.000000,1026,377.174009,384.2704286909722,-7.096419690972198,0.54622295195303,-7.642642642925228,00–02,True,-0.04120143782034624
D3,2017-11-22 14:20:05.000000,1026,363.830245,384.2007969895833,-20.370551989583305,0.6652803689616347,-21.03583235854494,00–02,True,0.08877115429129079
D3,2017-11-22 14:25:04.000000,1026,375.504189,384.1973684532872,-8.6931794532872,0.7818131936713426,-9.474992646958544,00–02,True,0.21660868100521746
D3,2017-11-22 14:30:04.000000,1026,365.117168,384.13105896875,-19.01389096874999,0.8984983830728481,-19.91238935182284,00–02,True,0.3452322223512443
D3,2017-11-22 14:35:05.000000,1026,367.445838,384.1159975813149,-16.67015958131492,1.0152777458248017,-17.68543732713972,00–02,True,0.47458384442688617
D3,2017-11-22 14:40:04.000000,1026,378.338254,384.1067773101045,-5.768523310104513,1.1309336230809803,-6.899456933185493,00–02,True,0.6033116839829633
D3,2017-11-22 14:45:03.000000,1026,372.10302,384.0344476236934,-11.931427623693367,1.2461883141407073,-13.177615937834073,00–02,True,0.7322134393338557
D3,2017-11-22 14:50:03.000000,1026,377.756042,384.0327392264808,-6.276697226480849,1.3613704468593948,-7.6380676733402435,00–02,True,0.8616597771384558
D3,2017-11-22 14:55:03.000000,1026,371.413619,384.00259384375,-12.588974843750009,1.4760390300333532,-14.065013873783363,00–02,True,0.9911582362531028
D3,2017-11-22 15:00:05.000000,1026,367.706124,383.97913510069446,-16.273011100694475,1.5908981289196986,-17.863909229614173,00–02,True,1.121510271804905
D3,2017-11-22 15:05:04.000000,1026,380.05407,383.92370661111113,-3.8696366111111047,1.7039946728504822,-5.573631283961587,00–02,True,1.2504961908437098
D3,2017-11-22 15:10:05.000000,1026,379.012413,383.939345875,-4.926932875000034,1.8171687198153221,-6.744101594815357,00–02,True,1.3802113677655226
D3,2017-11-22 15:15:03.000000,1026,379.196218,383.94307770934256,-4.746859709342573,1.9284905574719935,-6.675350266814567,00–02,True,1.5084408446466493
D3,2017-11-22 15:20:04.000000,1026,383.148778,383.92828779238755,-0.7795097923875574,2.040148137753158,-2.8196579301407154,00–02,True,1.6377048811025636
D3,2017-11-22 15:25:01.000000,1026,392.800334,383.92227055555554,8.878063444444479,2.149496643534664,6.728566800909815,00–02,True,1.764938376646393
D3,2017-11-22 15:30:02.000000,1026,377.633632,383.91237635069444,-6.278744350694467,2.2594289784530326,-8.538173329147499,00–02,True,1.8935073968618927
D3,2017-11-22 15:35:02.000000,1026,375.841112,383.85811796527776,-8.017005965277747,2.3680536025235916,-10.385059567801338,00–02,True,2.021209631390552
D3,2017-11-22 15:40:02.000000,1026,380.421813,383.72778092334494,-3.3059679233449515,2.475685550389096,-5.781653473734048,00–02,True,2.148412104299636
D3,2017-11-22 15:45:02.000000,1026,389.506556,383.70289680555555,5.803659194444435,2.5822735950716957,3.2213855993727396,00–02,True,2.2750542741013127
D3,2017-11-22 15:50:02.000000,1026,370.494439,383.64805313541666,-13.15361413541666,2.6877670064349033,-15.841381141851564,00–02,True,2.401075865981664
D3,2017-11-22 15:55:04.000000,1026,396.47721,383.5867733472222,12.890436652777794,2.7928072790890663,10.097629373688727,00–02,True,2.5272500896503276
D3,2017-11-22 16:00:02.000000,1026,401.762533,383.60714282578397,18.155390174216052,2.8952696374849496,15.260120536731103,00–02,True,2.651017722077145
D3,2017-11-22 16:05:02.000000,1026,405.22494,383.58450957491294,21.64043042508706,2.9971800971577127,18.643250327929348,00–02,True,2.7748190275055786
D3,2017-11-22 16:10:03.000000,1026,408.580001,383.5645989477352,25.01540205226479,3.098131630658359,21.917270421606432,00–02,True,2.89817020265234
D3,2017-11-22 16:15:03.000000,1026,388.786558,383.54837144250877,5.238186557491247,3.1974054427324208,2.040781114758826,00–02,True,3.0201929623022004
D3,2017-11-22 16:20:03.000000,1026,396.998094,383.49719406249994,13.500899937500037,3.2952918520430448,10.205608085456992,00–02,True,3.1412404983717415
D3,2017-11-22 16:25:02.000000,1026,403.953349,383.49719406249994,20.45615493750006,3.3914251948651746,17.064729742634885,00–02,True,3.2608569287341562
D3,2017-11-22 16:30:03.000000,1026,394.531527,383.4164200484429,11.115106951557095,3.4867167903588925,7.628390161198203,00–02,True,3.380179943058624
D3,2017-11-22 16:35:01.000000,1026,397.855991,383.3505283044983,14.505462695501706,3.579546376685059,10.925916318816647,00–02,True,3.497176861549634
D3,2017-11-22 16:40:01.000000,1026,403.279235,383.3532689094077,19.92596609059234,3.6714348320474697,16.25453125854487,00–02,True,3.6137606357973704
D3,2017-11-22 16:45:02.000000,1026,402.467244,383.3044265191638,19.162817480836168,3.7620084449488287,15.400809035887338,00–02,True,3.7294689358809867
D3,2017-11-22 16:50:03.000000,1026,386.105544,383.2847291114982,2.8208148885017863,3.850914875855276,-1.0300999873534895,00–02,True,3.843855669194951
D3,2017-11-22 16:55:00.000000,1026,397.825305,383.275001375,14.550303625000026,3.9369641600648517,10.613339464935175,00–02,True,3.9553734911235936
D3,2017-11-22 17:00:00.000000,1026,397.227894,383.31127974305554,13.916614256944456,4.022151796732695,9.894462460211761,00–02,True,4.066604361156899
D3,2017-11-22 17:05:03.000000,1026,402.268041,383.2573410833333,19.01069991666668,4.106384449314446,14.904315467352234,00–02,True,4.1774519312645255
D3,2017-11-22 17:10:02.000000,1026,402.099613,383.2573410833333,18.842271916666675,4.187685287338635,14.65458662932804,00–02,True,4.285310398848681
D3,2017-11-22 17:15:02.000000,1026,408.380709,383.1931881875,25.187520812499997,4.26740236722991,20.920118445270088,00–02,True,4.391954818119748
D3,2017-11-22 17:20:04.000000,1026,400.874039,383.20334872569447,17.670690274305514,4.34573513854888,13.324955135756634,00–02,True,4.497665662372774
D3,2017-11-22 17:25:02.000000,1026,410.602188,383.20334872569447,27.398839274305544,4.421109498662926,22.97772977564262,00–02,True,4.6003093507973745
D3,2017-11-22 17:30:02.000000,1026,403.034102,383.1724718780488,19.861630121951237,4.495026393934852,15.366603728016385,00–02,True,4.701920298730819
D3,2017-11-22 17:35:04.000000,1026,409.91272,383.08898065625,26.823739343749992,4.567410896537334,22.25632844721266,00–02,True,4.802415115339254
D3,2017-11-22 17:40:04.000000,1026,398.775171,383.0629154479167,15.71225555208332,4.6372698580074605,11.07498569407586,00–02,True,4.900414965802286
D3,2017-11-22 17:45:03.000000,1026,393.413165,383.0542445069444,10.358920493055564,4.704833643960998,5.654086849094566,00–02,True,4.996227433655947
D3,2017-11-22 17:50:02.000000,1026,423.624204,383.0460370865052,40.57816691349484,4.7703065814097245,35.80786033208511,00–02,True,5.090136942147691
D3,2017-11-22 17:55:01.000000,1026,399.633045,382.975851550173,16.65719344982699,4.833657716170818,11.823535733656172,00–02,True,5.182099092901516
D3,2017-11-22 18:00:00.000000,1026,402.589788,382.9696655243055,19.620122475694473,4.894857097203688,14.725265378490786,00–02,True,5.272070408209873
D3,2017-11-22 18:05:00.000000,1026,403.846137,382.9508345069445,20.89530249305551,4.954069487321473,15.941233005734038,00–02,True,5.3602989999097215
D3,2017-11-22 18:10:05.000000,1026,404.121844,382.8510951493056,21.270748850694417,5.011989219122853,16.258759631571564,00–02,True,5.4478563311035195
D3,2017-11-22 18:15:03.000000,1026,397.442385,382.8356390934256,14.606745906574417,5.066332633269912,9.540413273304505,00–02,True,5.531277427203015
D3,2017-11-22 18:20:01.000000,1026,408.350201,382.8588615486111,25.49133945138891,5.11842939296316,20.372910058425752,00–02,True,5.612557000111188
D3,2017-11-22 18:25:03.000000,1026,398.836476,382.8220508229167,16.014425177083297,5.168908277951116,10.84551689913218,00–02,True,5.692703626644184
D3,2017-11-22 18:30:02.000000,1026,392.06507,382.82976421527775,9.235305784722243,5.216563952750907,4.018741831971336,00–02,True,5.769810783148497
D3,2017-11-22 18:35:00.000000,1026,399.69444,382.8111994548611,16.883240545138904,5.261739174499851,11.621501370639052,00–02,True,5.844402771680082
D3,2017-11-22 18:40:01.000000,1026,400.062005,382.83598793402774,17.226017065972258,5.304995259142635,11.921021806829621,00–02,True,5.917422321198911
D3,2017-11-22 18:45:04.000000,1026,393.765599,382.852406369338,10.913192630662024,5.346108213422735,5.56708441723929,00–02,True,5.988533434143075
D3,2017-11-22 18:50:03.000000,1026,397.01327,382.88096449477354,14.13230550522644,5.384268464488911,8.748037040737529,00–02,True,6.0563179672096945
D3,2017-11-22 18:55:03.000000,1026,387.40771,382.81459340138406,4.59311659861595,5.420132137847039,-0.8270155392310894,00–02,True,6.121912947920842
D3,2017-11-22 19:00:00.000000,1026,394.623384,382.82556152430556,11.797822475694431,5.453228484616972,6.34459399107746,00–02,True,6.184437253714038
D3,2017-11-22 19:05:04.000000,1026,373.405298,382.76423383391,-9.358935833909982,5.484606736459413,-14.843542570369394,00–02,True,6.245916457900385
D3,2017-11-22 19:10:02.000000,1026,369.575259,382.7630050034722,-13.18774600347217,5.512898096951108,-18.70064410042328,00–02,True,6.303680376123854
D3,2017-11-22 19:15:03.000000,1026,383.807427,382.8294980347222,0.9779289652778402,5.538980639060054,-4.561051673782214,00–02,True,6.359483517928571
D3,2017-11-22 19:20:02.000000,1026,390.257241,382.75050432986114,7.506736670138878,5.56239637514144,1.9443402949974375,00–02,True,6.412359935471657
D3,2017-11-22 19:25:02.000000,1026,385.385545,382.730307083045,2.655237916955002,5.583381590638339,-2.928143673683337,00–02,True,6.462827774395111
D3,2017-11-22 19:30:03.000000,1026,376.239408,382.7493374290658,-6.509929429065778,5.6019011195131,-12.111830548578878,00–02,True,6.510836999191408
D3,2017-11-22 19:35:01.000000,1026,370.877447,382.7115367317073,-11.834089731707309,5.6177253529125135,-17.451815084619824,00–02,True,6.555753160722947
D3,2017-11-22 19:40:02.000000,1026,376.178169,382.7018841493056,-6.523715149305588,5.631165304944667,-12.154880454250254,00–02,True,6.598459054355842
D3,2017-11-22 19:45:04.000000,1026,393.152723,382.6492221388889,10.503500861111092,5.642074376709902,4.86142648440119,00–02,True,6.638597186687328
D3,2017-11-22 19:50:03.000000,1026,387.698905,382.6251691916376,5.0737358083624144,5.650328428641631,-0.5765926202792162,00–02,True,6.67564377983263
D3,2017-11-22 19:55:04.000000,1026,380.973406,382.6029632334495,-1.629557233449475,5.6560743067295896,-7.285631540179065,00–02,True,6.7102140680103135
D3,2017-11-22 20:00:02.000000,1026,382.306124,382.6271444599303,-0.3210204599303097,5.659226612494329,-5.980247072424639,00–02,True,6.741731111683038
D3,2017-11-22 20:05:00.000000,1026,374.829985,382.64757353125,-7.817588531249953,5.659853828166151,-13.477442359416104,00–02,True,6.77053817733599
D3,2017-11-22 20:10:03.000000,1026,379.119647,382.65874366782003,-3.539096667820047,5.657902272574252,-9.196998940394298,00–02,True,6.797036076550567
D3,2017-11-22 20:15:01.000000,1026,381.478936,382.63194841811844,-1.1530124181184647,5.653437267507579,-6.806449685626044,00–02,True,6.820337880874826
D3,2017-11-22 20:20:02.000000,1026,381.923227,382.5840133344948,-0.6607863344947873,5.646366734296089,-6.307153068790877,00–02,True,6.841085720586949
D3,2017-11-22 20:25:02.000000,1026,383.240614,382.5926769340278,0.6479370659722008,5.636762456493323,-4.988825390521122,00–02,True,6.858966223318666
D3,2017-11-22 20:30:01.000000,1026,389.016336,382.592447923345,6.423888076655032,5.624654510169503,0.7992335664855297,00–02,True,6.87399885672429
D3,2017-11-22 20:35:03.000000,1026,391.865867,382.57650615625,9.28936084374999,5.609861242450032,3.6794996012999572,00–02,True,6.886349428152826
D3,2017-11-22 20:40:04.000000,1026,386.565123,382.6132080103806,3.951914989619411,5.59256017822606,-1.6406451886066495,00–02,True,6.89582029810455
D3,2017-11-22 20:45:02.000000,1026,389.613791,382.62538348780487,6.988407512195124,5.572925187019493,1.4154823251756312,00–02,True,6.902400441084298
D3,2017-11-22 20:50:02.000000,1026,389.047,382.6690650902778,6.377934909722228,5.55064881074693,0.8272860989752981,00–02,True,6.906211205586155
D3,2017-11-22 20:55:01.000000,1026,390.47171,382.67806926480836,7.793640735191616,5.525951780361343,2.267688954830273,00–02,True,6.907198618729198
D3,2017-11-22 21:00:01.000000,1026,392.968874,382.6891191423611,10.27975485763892,5.498680659358188,4.7810741982807325,00–02,True,6.905368815065591
D3,2017-11-22 21:05:00.000000,1026,378.476152,382.7395474097222,-4.263395409722193,5.469030141265261,-9.732425550987454,00–02,True,6.900734857898833
D3,2017-11-22 21:10:04.000000,1026,381.34106,382.68156499305553,-1.3405049930555037,5.436369884725287,-6.776874877780791,00–02,True,6.893149348346297
D3,2017-11-22 21:15:00.000000,1026,390.778058,382.68156499305553,8.096493006944456,5.402148647407947,2.694344359536509,00–02,True,6.8829824598002975
D3,2017-11-22 21:20:03.000000,1026,374.9066,382.7031574878049,-7.796557487804876,5.3646612510603955,-13.161218738865271,00–02,True,6.869738078599987
D3,2017-11-22 21:25:02.000000,1026,390.395184,382.71332233333334,7.681861666666634,5.325249785111585,2.3566118815550494,00–02,True,6.853861143363076
D3,2017-11-22 21:30:04.000000,1026,384.190569,382.6476270625,1.5429419374999611,5.2830227826242915,-3.7400808451243304,00–02,True,6.83500173074245
D3,2017-11-22 21:35:02.000000,1026,389.93556,382.6476270625,7.287932937499988,5.23899081082881,2.0489421266711787,00–02,True,6.813619809189418
D3,2017-11-22 21:40:01.000000,1026,387.530298,382.65831926388887,4.871978736111146,5.192471636588735,-0.32049290047758916,00–02,True,6.7894085839033265
D3,2017-11-22 21:45:01.000000,1026,388.572,382.60801365051907,5.963986349480933,5.143463853468191,0.8205224960127424,00–02,True,6.762351847010459
D3,2017-11-22 21:50:01.000000,1026,393.872722,382.6050188958333,11.267703104166685,5.092142449178864,6.175560654987821,00–02,True,6.732538821582787
D3,2017-11-22 21:55:01.000000,1026,388.633283,382.66890569444445,5.9643773055555585,5.038531849929635,0.9258454556259235,00–02,True,6.699983697005746
D3,2017-11-22 22:00:02.000000,1026,383.133469,382.70858860416666,0.42488039583332693,4.98246756789076,-4.557587172057433,00–02,True,6.664579820893971
D3,2017-11-22 22:05:02.000000,1026,404.397596,382.7620619446367,21.635534055363337,4.924348792044102,16.711185263319237,00–02,True,6.6265792759772335
D3,2017-11-22 22:10:04.000000,1026,381.402299,382.78490938408305,-1.3826103840830228,4.863611144850412,-6.246221528933435,00–02,True,6.585606792212408
D3,2017-11-22 22:15:04.000000,1026,403.75419,382.7983808263889,20.9558091736111,4.80108797459258,16.15472119901852,00–02,True,6.542224530805415
D3,2017-11-22 22:20:05.000000,1026,393.658342,382.82270566435983,10.835636335640174,4.736194993771831,6.099441341868343,00–02,True,6.496032893792529
D3,2017-11-22 22:25:03.000000,1026,382.367452,382.85950121527776,-0.4920492152777456,4.669846541196583,-5.161895756474329,00–02,True,6.4476939121342145
D3,2017-11-22 22:30:02.000000,1026,395.174888,382.83100257142854,12.343885428571468,4.60120463948937,7.742680789082098,00–02,True,6.396607893535801
D3,2017-11-22 22:35:02.000000,1026,404.366976,382.8481710347222,21.51880496527781,4.530281093578378,16.98852387169943,00–02,True,6.3427731355592485
D3,2017-11-22 22:40:02.000000,1026,395.481304,382.8368067577855,12.644497242214527,4.457335768282446,8.18716147393208,00–02,True,6.286381785790239
D3,2017-11-22 22:45:04.000000,1026,375.703259,382.82456169896193,-7.121302698961927,4.381897244212124,-11.50319994317405,00–02,True,6.227059449659171
D3,2017-11-22 22:50:00.000000,1026,396.232077,382.81652093749994,13.415556062500059,4.30603853722506,9.109517525274999,00–02,True,6.166455577000491
D3,2017-11-22 22:55:03.000000,1026,385.753199,382.7907216736111,2.962477326388921,4.2264551857050865,-1.2639778593161655,00–02,True,6.101925499606288
D3,2017-11-22 23:00:03.000000,1026,387.147245,382.7907216736111,4.356523326388924,4.145773101181308,0.2107502252076161,00–02,True,6.0355800598407825
D3,2017-11-22 23:05:04.000000,1026,385.707226,382.8631189305555,2.844107069444476,4.062974141500333,-1.2188670720558568,00–02,True,5.966591054995227
D3,2017-11-22 23:10:04.000000,1026,381.846523,382.8631189305555,-1.0165959305555248,3.978647851934328,-4.995243782489853,00–02,True,5.895449700681448
D3,2017-11-22 23:15:05.000000,1026,376.300646,382.87498146875004,-6.574335468750064,3.892272482488098,-10.466607951238162,00–02,True,5.821715825732629
D3,2017-11-22 23:20:04.000000,1026,382.689177,382.854873875,-0.16569687500003738,3.804758549333301,-3.9704554243333385,00–02,True,5.7461708967618375
D3,2017-11-22 23:25:04.000000,1026,379.472014,382.86331252249136,-3.391298522491354,3.715278298188493,-7.106576820679847,00–02,True,5.6681044957817495
D3,2017-11-22 23:30:02.000000,1026,381.065286,382.8431180416667,-1.7778320416666702,3.6247769073877913,-5.4026089490544615,00–02,True,5.58834527309681
D3,2017-11-22 23:35:02.000000,1026,379.027678,382.82689371428575,-3.799215714285765,3.532082715426973,-7.331298429712739,00–02,True,5.5058606389313285
D3,2017-11-22 23:40:01.000000,1026,392.279428,382.8448738993056,9.434554100694413,3.438158488561446,5.996395612132967,00–02,True,5.421503421862455
D3,2017-11-22 23:45:04.000000,1026,394.163739,382.84184146527775,11.321897534722268,3.3414558895887088,7.98044164513356,00–02,True,5.3338714349654754
D3,2017-11-22 23:50:04.000000,1026,371.658751,382.84184146527775,-11.183090465277758,3.244247346046554,-14.427337811324312,00–02,True,5.245020161047353
D3,2017-11-22 23:55:03.000000,1026,387.806139,382.8595491730104,4.946589826989566,3.1459601229542833,1.8006297040352828,00–02,True,5.154441048957391
D3,2017-11-22 00:00:04.000000,1026,384.328378,387.88632614930555,-3.5579481493055596,3.0456481049861552,-6.603596254291714,02–04,True,3.089471638695311
D3,2017-11-22 00:05:00.000000,1026,385.048399,387.88632614930555,-2.8379271493055285,2.945710987212034,-5.783638136517562,02–04,True,2.988629641795127
D3,2017-11-22 00:10:04.000000,1026,389.337994,387.92226327526134,1.415730724738637,2.8417887919182725,-1.4260580671796355,02–04,True,2.8837578384471816
D3,2017-11-22 00:15:04.000000,1026,378.322989,387.96414990277776,-9.641160902777756,2.738007505388194,-12.379168408165949,02–04,True,2.7790197483638046
D3,2017-11-22 00:20:03.000000,1026,386.488508,387.96414990277776,-1.4756419027777383,2.6334091844586762,-4.1090510872364145,02–04,True,2.6734488055591004
D3,2017-11-22 00:25:03.000000,1026,379.042988,387.84120193425605,-8.798213934256069,2.527343985788475,-11.325557920044544,02–04,True,2.566389124034127
D3,2017-11-22 00:30:00.000000,1026,383.255968,387.8230249444444,-4.567056944444403,2.421286756211659,-6.988343700656062,02–04,True,2.4593294601147835
D3,2017-11-22 00:35:04.000000,1026,374.15596,387.78061111418685,-13.624651114186861,2.3116969607819664,-15.936348074968826,02–04,True,2.3486956528299574
D3,2017-11-22 00:40:04.000000,1026,385.416142,387.7668513125,-2.350709312500044,2.202576612995938,-4.553285925495982,02–04,True,2.238527721038176
D3,2017-11-22 00:45:03.000000,1026,387.070786,387.6957832465278,-0.624997246527812,2.092910588313406,-2.717907834841218,02–04,True,2.1278009933780586
D3,2017-11-22 00:50:02.000000,1026,379.089028,387.66657913194445,-8.57755113194446,1.9823885756184345,-10.559939707562895,02–04,True,2.0162021965479346
D3,2017-11-22 00:55:05.000000,1026,380.559734,387.6276405208334,-7.0679065208333895,1.8695683105941925,-8.937474831427583,02–04,True,1.9022748586368738
D3,2017-11-22 01:00:02.000000,1026,375.167131,387.6276405208334,-12.460509520833398,1.7582338881598738,-14.218743408993271,02–04,True,1.7898402840771013
D3,2017-11-22 01:05:00.000000,1026,380.498428,387.54066755208333,-7.042239552083345,1.6458327231159595,-8.688072275199303,02–04,True,1.6763208559518774
D3,2017-11-22 01:10:03.000000,1026,386.657114,387.37698854861105,-0.7198745486110738,1.5308894162120736,-2.2507639648231477,02–04,True,1.5602262678785452
D3,2017-11-22 01:15:04.000000,1026,383.485858,387.32164610380624,-3.8357881038062374,1.4161045025083805,-5.251892606314618,02–04,True,1.4442839895363322
D3,2017-11-22 01:20:01.000000,1026,392.739096,387.30356937716266,5.435526622837358,1.3023123069057385,4.133214315931619,02–04,True,1.329336985097243
D3,2017-11-22 01:25:02.000000,1026,385.783841,387.29240903125,-1.508568031249979,1.1865023643400563,-2.6950703955900353,02–04,True,1.2123442380903924
D3,2017-11-22 01:30:05.000000,1026,391.498213,387.26371541463413,4.234497585365887,1.0694855225652018,3.1650120628006846,02–04,True,1.0941246528703856
D3,2017-11-22 01:35:01.000000,1026,390.425758,387.2449059513889,3.1808520486110865,0.9548025999148992,2.2260494486961875,02–04,True,0.9782556281110082
D3,2017-11-22 01:40:03.000000,1026,374.033349,387.19159910452964,-13.158250104529657,0.8374742889241547,-13.995724393453811,02–04,True,0.8597063953357797
D3,2017-11-22 01:45:01.000000,1026,376.545912,387.10340834375,-10.557496343750017,0.7214373081106191,-11.278933651860637,02–04,True,0.7424545648546266
D3,2017-11-22 01:50:01.000000,1026,381.049932,387.0697895243055,-6.0198575243055075,0.6044133993738083,-6.624270923679315,02–04,True,0.6241981003097639
D3,2017-11-22 01:55:02.000000,1026,384.803289,387.0335948118467,-2.2303058118466765,0.48684542696891375,-2.7171512388155903,02–04,True,0.5053844197867625
D3,2017-11-22 02:00:05.000000,1026,378.966462,386.95978346874995,-7.9933214687499685,0.36839744660702856,-8.361718915356997,02–04,False,0.3856739083389398
D3,2017-11-22 02:05:00.000000,1026,381.310218,386.95978346874995,-5.649565468749927,0.253036187789609,-5.902601656539536,02–04,False,0.2690757974504412
D3,2017-11-22 02:10:02.000000,1026,374.983149,386.8619391487889,-11.87879014878888,0.13495195850422226,-12.013742107293103,02–04,False,0.14971814300684994
D3,2017-11-22 02:15:01.000000,1026,396.232122,386.83320775778543,9.398914242214573,0.018110607521236055,9.380803634693336,02–04,False,0.03160941497083902
D3,2017-11-22 02:20:04.000000,1026,384.236542,386.8403606968641,-2.6038186968640957,-0.10016613680610931,-2.5036525600579864,02–04,False,-0.08795774651231447
D3,2017-11-22 02:25:04.000000,1026,386.672379,386.75281789198607,-0.08043889198609122,-0.21708903788854483,0.1366501459024536,02–04,False,-0.20616371083879725
D3,2017-11-22 02:30:03.000000,1026,386.120809,386.71376015277775,-0.5929511527777436,-0.3333857329582868,-0.2595654198194568,02–04,False,-0.3237439518848926
D3,2017-11-22 02:35:05.000000,1026,384.757315,386.63543632055746,-1.8781213205574545,-0.4505535900420048,-1.4275677305154497,02–04,False,-0.44221243800271237
D3,2017-11-22 02:40:02.000000,1026,386.120898,386.5688057708333,-0.4479077708332966,-0.5654371213190341,0.11752935048573754,02–04,False,-0.5583785796040934
D3,2017-11-22 02:45:02.000000,1026,392.524605,386.5374743888889,5.987130611111127,-0.6810794202994153,6.668210031410542,02–04,False,-0.6753193702499121
D3,2017-11-22 02:50:00.000000,1026,382.091745,386.44693709722225,-4.355192097222243,-0.7954969206553337,-3.5596951765669096,02–04,False,-0.7910290082572611
D3,2017-11-22 02:55:03.000000,1026,386.779636,386.3874869686411,0.39214903135888335,-0.9113148742505528,1.3034639056094361,02–04,False,-0.9081625055959495
D3,2017-11-22 03:00:02.000000,1026,394.255775,386.2550518466899,8.000723153310105,-1.025036000823206,9.025759154133311,02–04,False,-1.0231828950552377
D3,2017-11-22 03:05:01.000000,1026,383.807583,386.19064584722224,-2.38306284722222,-1.138139017979611,-1.2449238292426092,02–04,False,-1.137585636938275
D3,2017-11-22 03:10:00.000000,1026,377.710203,386.12628046875,-8.416077468750018,-1.2505704530697388,-7.165507015680279,02–04,False,-1.2513166441134103
D3,2017-11-22 03:15:03.000000,1026,377.81737,386.0626709268293,-8.245300926829316,-1.3637664016891944,-6.881534525140122,02–04,False,-1.3658287650915342
D3,2017-11-22 03:20:04.000000,1026,385.661252,385.95238833797913,-0.2911363379791396,-1.4754239819703572,1.1842876439912176,02–04,False,-1.4787924188829815
D3,2017-11-22 03:25:03.000000,1026,373.89554,385.93781290972225,-12.042272909722271,-1.5855059460370473,-10.456766963685224,02–04,False,-1.5901697660987617
D3,2017-11-22 03:30:02.000000,1026,386.672357,385.93781290972225,0.7345440902777227,-1.6947048226702353,2.429248912947958,02–04,False,-1.7006614066600445
D3,2017-11-22 03:35:04.000000,1026,398.836409,385.7817408298611,13.054668170138882,-1.804050337104477,14.85871850724336,02–04,False,-1.8113093746341453
D3,2017-11-22 03:40:00.000000,1026,395.312831,385.7817408298611,9.531090170138896,-1.9102472481199877,11.441337418258883,02–04,False,-1.918779059067441
D3,2017-11-22 03:45:03.000000,1026,369.299596,385.63657280902777,-16.33697680902776,-2.0179029303418177,-14.319073878685943,02–04,False,-2.0277330943074983
D3,2017-11-22 03:50:01.000000,1026,388.985739,385.63657280902777,3.349166190972255,-2.1226930799129096,5.471859270885165,02–04,False,-2.1337951051713224
D3,2017-11-22 03:55:02.000000,1026,395.205552,385.54720593055555,9.658346069444463,-2.227391419545624,11.885737488990086,02–04,False,-2.239772397561972
D3,2017-11-22 04:00:01.000000,1026,377.740733,385.5207686875,-7.780035687500003,-2.330203673476647,-5.4498320140233565,02–04,True,-2.3438488188801347
D3,2017-11-22 04:05:00.000000,1026,392.218256,385.5394396875,6.6788163124999755,-2.431780763062717,9.110597075562692,02–04,True,-2.446683210456793
D3,2017-11-22 04:10:02.000000,1026,379.701815,385.54991902430555,-5.848104024305542,-2.533074294704557,-3.315029729600985,02–04,True,-2.5492390846814876
D3,2017-11-22 04:15:01.000000,1026,387.223905,385.4944435400697,1.7294614599302918,-2.632024003244642,4.361485463174933,02–04,True,-2.6494305009128
D3,2017-11-22 04:20:02.000000,1026,385.171032,385.50587449305556,-0.3348424930555325,-2.73024376455278,2.3954012714972475,02–04,True,-2.7488915437324817
D3,2017-11-22 04:25:03.000000,1026,384.435612,385.4638512222222,-1.0282392222222256,-2.827020114178095,1.7987808919558694,02–04,True,-2.8468998204427516
D3,2017-11-22 04:30:04.000000,1026,391.942437,385.4127315104167,6.529705489583307,-2.9223066842513816,9.452012173834689,02–04,True,-2.943408372928605
D3,2017-11-22 04:35:01.000000,1026,396.55378,385.4127315104167,11.14104848958334,-3.014822220902259,14.1558707104856,02–04,True,-3.0371193343690903
D3,2017-11-22 04:40:00.000000,1026,369.360723,385.3740061527778,-16.013283152777774,-3.1064070367249803,-12.906876116052793,02–04,True,-3.129896704500924
D3,2017-11-22 04:45:01.000000,1026,394.745995,385.3378869548611,9.408108045138874,-3.19698611654767,12.605094161686544,02–04,True,-3.22166467881138
D3,2017-11-22 04:50:00.000000,1026,374.676867,385.3262370486111,-10.649370048611104,-3.2853129749556818,-7.364057073655422,02–04,True,-3.311160411158352
D3,2017-11-22 04:55:01.000000,1026,368.61015,385.28297324221455,-16.672823242214577,-3.3725268751517437,-13.300296367062833,02–04,True,-3.399538241190071
D3,2017-11-22 05:00:02.000000,1026,383.02619,385.1841619550173,-2.157971955017331,-3.4579896304287057,1.3000176754113748,02–04,True,-3.4861515646811316
D3,2017-11-22 05:05:00.000000,1026,375.825802,385.07095665625,-9.245154656250008,-3.540835340257901,-5.704319315992107,02–04,True,-3.5701226714776757
D3,2017-11-22 05:10:02.000000,1026,385.125036,385.0094346376307,0.1156013623693184,-3.622961131555837,3.7385624939251554,02–04,True,-3.6533745114097336
D3,2017-11-22 05:15:01.000000,1026,387.162666,384.987068728223,2.175597271777008,-3.702415617586281,5.878012889363289,02–04,True,-3.733928994660316
D3,2017-11-22 05:20:03.000000,1026,384.665413,385.06829664583336,-0.4028836458333558,-3.7807548161217914,3.3778711702884356,02–04,True,-3.8133636810861327
D3,2017-11-22 05:25:05.000000,1026,381.356325,385.056008375,-3.6996833749999496,-3.8571343218511047,0.15745094685115513,02–04,True,-3.890822524414032
D3,2017-11-22 05:30:01.000000,1026,392.417415,385.056008375,7.361406625000029,-3.930059159747347,11.291465784747377,02–04,True,-3.964789082076646
D3,2017-11-22 05:35:02.000000,1026,384.006675,384.91046766898955,-0.9037926689895812,-4.00221413336668,3.0984214643770986,02–04,True,-4.03798645122938
D3,2017-11-22 05:40:03.000000,1026,387.22386,384.99728104513883,2.226578954861168,-4.072316263805489,6.298895218666657,02–04,True,-4.109113417997978
D3,2017-11-22 05:45:02.000000,1026,377.55695,384.94961864583337,-7.392668645833396,-4.139886989515712,-3.2527816563176843,02–04,True,-4.177684300833752
D3,2017-11-22 05:50:03.000000,1026,390.379763,384.9463735798611,5.433389420138951,-4.205797855605717,9.639187275744668,02–04,True,-4.244583545136453
D3,2017-11-22 05:55:04.000000,1026,384.757427,384.91121208333334,-0.1537850833333323,-4.2695583366731915,4.115773253339859,02–04,True,-4.309313401434401
D3,2017-11-22 06:00:03.000000,1026,378.568188,384.84652721180555,-6.27833921180553,-4.330735979882199,-1.9476032319233312,02–04,True,-4.371434706010372
D3,2017-11-22 06:05:03.000000,1026,386.136119,384.9122698062284,1.2238491937716276,-4.389926272950634,5.613775466722261,02–04,True,-4.431552061552492
D3,2017-11-22 06:10:02.000000,1026,390.962019,384.85541102083334,6.106607979166654,-4.4467066455350395,10.553314624701693,02–04,True,-4.48923627924851
D3,2017-11-22 06:15:04.000000,1026,376.147572,384.81780307291666,-8.670231072916636,-4.501787069712316,-4.1684440032043195,02–04,True,-4.54520878455334
D3,2017-11-22 06:20:03.000000,1026,396.155529,384.85323113541665,11.302297864583352,-4.5540472342744875,15.85634509885784,02–04,True,-4.5983311217276155
D3,2017-11-22 06:25:04.000000,1026,376.34662,384.90161606574395,-8.554996065743978,-4.604347368938352,-3.9506486968056267,02–04,True,-4.6494776297161655
D3,2017-11-22 06:30:05.000000,1026,380.008141,384.78966390625,-4.781522906249961,-4.652306163953088,-0.1292167422968733,02–04,True,-4.698260755237177
D3,2017-11-22 06:35:05.000000,1026,377.434362,384.78929203124994,-7.354930031249921,-4.697753103218755,-2.6571769280311663,02–04,True,-4.744506960713335
D3,2017-11-22 06:40:01.000000,1026,369.713224,384.78929203124994,-15.076068031249918,-4.740271103359839,-10.33579692789008,02–04,True,-4.787791353828368
D3,2017-11-22 06:45:01.000000,1026,387.377068,384.81721887152776,2.5598491284722513,-4.780989017062943,7.340838145535194,02–04,True,-4.829263134998422
D3,2017-11-22 06:50:01.000000,1026,372.470764,384.80764369444444,-12.336879694444463,-4.819297049875024,-7.517582644569439,02–04,True,-4.868301642368124
D3,2017-11-22 06:55:03.000000,1026,379.655774,384.79618128222995,-5.140407282229944,-4.85540798206424,-0.28499930016570385,02–04,True,-4.905123939675034
D3,2017-11-22 07:00:05.000000,1026,387.622156,384.80992989583336,2.8122261041666547,-4.8890409025966335,7.701267006763288,02–04,True,-4.939443824065667
D3,2017-11-22 07:05:04.000000,1026,383.118137,384.7590820313589,-1.6409450313589105,-4.919882580676615,3.278937549317704,02–04,True,-4.97094127763226
D3,2017-11-22 07:10:04.000000,1026,368.793933,384.71226488194446,-15.918331881944482,-4.948355532108606,-10.969976349835875,02–04,True,-5.000047520414668
D3,2017-11-22 07:15:02.000000,1026,386.932821,384.71226488194446,2.2205561180555264,-4.974173993501948,7.194730111557474,02–04,True,-5.026470281869452
D3,2017-11-22 07:20:01.000000,1026,396.017609,384.7290740208333,11.288534979166684,-4.997598060446471,16.286133039613155,02–04,True,-5.050475579632882
D3,2017-11-22 07:25:03.000000,1026,381.433007,384.7050522179931,-3.2720452179931385,-5.018723171775347,1.7466779537822088,02–04,True,-5.072161955256649
D3,2017-11-22 07:30:04.000000,1026,390.793457,384.6835395034722,6.109917496527771,-5.037234247161609,11.147151743689381,02–04,True,-5.091206369881174
D3,2017-11-22 07:35:00.000000,1026,385.554018,384.6835395034722,0.8704784965277668,-5.052952281767011,5.923430778294778,02–04,True,-5.1074232576027
D3,2017-11-22 07:40:03.000000,1026,379.043055,384.56499884083047,-5.521943840830488,-5.066481532204674,-0.4554623086258145,02–04,True,-5.121436595158668
D3,2017-11-22 07:45:02.000000,1026,386.228021,384.5176794583333,1.7103415416667076,-5.077286473401504,6.787628015068211,02–04,True,-5.132692661495423
D3,2017-11-22 07:50:02.000000,1026,389.552418,384.5140622847223,5.038355715277703,-5.085580895208314,10.123936610486016,02–04,True,-5.141412974243625
D3,2017-11-22 07:55:03.000000,1026,377.311796,384.44232631707314,-7.130530317073124,-5.0913353231261596,-2.039194993946964,02–04,True,-5.147567587333868
D3,2017-11-22 08:00:01.000000,1026,380.758826,384.43028145486113,-3.671455454861132,-5.094496100518454,1.4230406456573226,02–04,True,-5.15109760759133
D3,2017-11-22 08:05:03.000000,1026,386.8103,384.3900129513889,2.420287048611101,-5.095123146491856,7.515410195102957,02–04,True,-5.152071313276591
D3,2017-11-22 08:10:04.000000,1026,384.726741,384.3717763910035,0.35496460899651083,-5.093167354182251,5.448131963178762,02–04,True,-5.15043328189676
D3,2017-11-22 08:15:00.000000,1026,388.280983,384.3314991041667,3.949483895833282,-5.088732314431519,9.038216210264801,02–04,True,-5.146283558391632
D3,2017-11-22 08:20:00.000000,1026,389.368703,384.30692341319445,5.061779586805528,-5.0816980447821205,10.143477631587649,02–04,True,-5.13951083708946
D3,2017-11-22 08:25:03.000000,1026,388.311536,384.3184132986111,3.99312270138887,-5.0720020220751705,9.065124723464042,02–04,True,-5.130050624635459
D3,2017-11-22 08:30:00.000000,1026,375.5041,384.3184132986111,-8.814313298611125,-5.059975062199818,-3.754338236411307,02–04,True,-5.118227041608108
D3,2017-11-22 08:35:03.000000,1026,382.398094,384.31170627177704,-1.9136122717770263,-5.045137086667234,3.1315248148902075,02–04,True,-5.103568127684007
D3,2017-11-22 08:40:05.000000,1026,384.558112,384.32516953124997,0.232942468750025,-5.027774298537656,5.260716767287681,02–04,True,-5.086355158278449
D3,2017-11-22 08:45:00.000000,1026,377.173942,384.32516953124997,-7.151227531249958,-5.008341102163728,-2.1428864290862304,02–04,True,-5.067040620898808
D3,2017-11-22 08:50:03.000000,1026,377.37319,384.3716608263889,-6.998470826388882,-4.985846201191755,-2.0126246251971267,02–04,True,-5.044639053408117
D3,2017-11-22 08:55:00.000000,1026,380.26865,384.3716608263889,-4.103010826388925,-4.961314361890199,0.8583035355012747,02–04,True,-5.020170584381091
D3,2017-11-22 09:00:03.000000,1026,380.314579,384.4336316770833,-4.119052677083346,-4.933766350232991,0.8147136731496456,02–04,True,-4.992658509334122
D3,2017-11-22 09:05:03.000000,1026,382.076413,384.4130175605536,-2.33660456055361,-4.903996039075194,2.567391478521584,02–04,True,-4.962895190269358
D3,2017-11-22 09:10:00.000000,1026,391.942549,384.4363975416667,7.506151458333306,-4.872091859008643,12.37824331734195,02–04,True,-4.930969907828143
D3,2017-11-22 09:15:02.000000,1026,374.508305,384.458446799308,-9.950141799307971,-4.837185180241869,-5.112956619066102,02–04,True,-4.896013189829232
D3,2017-11-22 09:20:01.000000,1026,381.586059,384.40256523958334,-2.8165062395833615,-4.800192647385566,1.983686407802204,02–04,True,-4.858942746249396
D3,2017-11-22 09:25:02.000000,1026,398.867118,384.40793772569447,14.459180274305538,-4.760525629328788,19.219705903634328,02–04,True,-4.81916882291989
D3,2017-11-22 09:30:03.000000,1026,384.542891,384.42171497569444,0.12117602430555507,-4.718442442874135,4.83961846717969,02–04,True,-4.776950214004032
D3,2017-11-22 09:35:03.000000,1026,381.984466,384.4630587439446,-2.4785927439446027,-4.674114966171729,2.195522222227126,02–04,True,-4.732459453993717
D3,2017-11-22 09:40:04.000000,1026,381.080551,384.4261836875,-3.345632687499972,-4.627268932905861,1.2816362454058892,02–04,True,-4.685421266294407
D3,2017-11-22 09:45:03.000000,1026,383.470503,384.44052907266433,-0.9700260726643251,-4.578405189115025,3.6083791164507,02–04,True,-4.636338643870188
D3,2017-11-22 09:50:01.000000,1026,371.55145,384.4087356423611,-12.857285642361092,-4.527418293396064,-8.329867348965028,02–04,True,-4.585105936809557
D3,2017-11-22 09:55:03.000000,1026,377.694848,384.4679879965398,-6.77313999653984,-4.473442665297624,-2.299697331242216,02–04,True,-4.530853139385757
D3,2017-11-22 10:00:04.000000,1026,374.155871,384.45629080208334,-10.300419802083354,-4.417363330396606,-5.883056471686748,02–04,True,-4.4744695798354
D3,2017-11-22 10:05:03.000000,1026,376.607129,384.51310226388887,-7.905973263888882,-4.359427196849291,-3.546546067039591,02–04,True,-4.416203738193616
D3,2017-11-22 10:10:04.000000,1026,382.413403,384.50616597560975,-2.0927629756097303,-4.298886989067614,2.2061240134578837,02–04,True,-4.355304086210055
D3,2017-11-22 10:15:01.000000,1026,382.489996,384.4953886597222,-2.0053926597221903,-4.236999746767452,2.231607087045262,02–04,True,-4.2930352697368335
D3,2017-11-22 10:20:05.000000,1026,372.225587,384.56338922648087,-12.337802226480846,-4.171470837989033,-8.166331388491813,02–04,True,-4.227088301133987
D3,2017-11-22 10:25:03.000000,1026,390.073369,384.597178912892,5.476190087108023,-4.105122385413785,9.581312472521809,02–04,True,-4.160303240854701
D3,2017-11-22 10:30:01.000000,1026,373.052931,384.5894368055556,-11.536505805555578,-4.036713476697262,-7.499792328858316,02–04,True,-4.091431398827394
D3,2017-11-22 10:35:02.000000,1026,392.861684,384.6029475659722,8.25873643402781,-3.96555693779558,12.22429337182339,02–04,True,-4.019780763206764
D3,2017-11-22 10:40:02.000000,1026,381.218405,384.6702384375,-3.4518334374999995,-3.892611612499649,0.44077817499964933,02–04,True,-3.946316714089259
D3,2017-11-22 10:45:04.000000,1026,385.140301,384.7730644425087,0.3672365574913101,-3.817173088429326,4.184409645920637,02–04,True,-3.870329770495257
D3,2017-11-22 10:50:02.000000,1026,381.325661,384.76976546527777,-3.4441044652777464,-3.7407954415830753,0.2966909763053289,02–04,True,-3.7933854214877654
D3,2017-11-22 10:55:01.000000,1026,380.682233,384.76976546527777,-4.087532465277775,-3.6622626536928964,-0.42526981158487853,02–04,True,-3.714258794655655
D3,2017-11-22 11:00:03.000000,1026,375.182441,384.78464840418116,-9.602207404181172,-3.581048945398509,-6.021158458782663,02–04,True,-3.6324199157722328
D3,2017-11-22 11:05:02.000000,1026,378.598741,384.7928518645833,-6.194110864583308,-3.4988061672258013,-2.695304697357507,02–04,True,-3.5495333510537312
D3,2017-11-22 11:10:05.000000,1026,384.987227,384.78162761458333,0.20559938541668998,-3.413639644161121,3.619239029577811,02–04,True,-3.463689541604909
D3,2017-11-22 11:15:01.000000,1026,377.112681,384.78162761458333,-7.668946614583319,-3.3287076043117656,-4.340239010271554,02–04,True,-3.378071984707252
D3,2017-11-22 11:20:02.000000,1026,388.495496,384.75481694791665,3.740679052083351,-3.2406253499474245,6.9813044020307755,02–04,True,-3.2892687639071116
D3,2017-11-22 11:25:04.000000,1026,388.679323,384.7804037326389,3.898919267361123,-3.1505541424056953,7.049473409766819,02–04,True,-3.1984503506648196
D3,2017-11-22 11:30:03.000000,1026,388.326867,384.7712065951557,3.555660404844275,-3.059746389172936,6.615406794017211,02–04,True,-3.10687963888619
D3,2017-11-22 11:35:01.000000,1026,380.498339,384.7307205347222,-4.232381534722208,-2.96767013422558,-1.264711400496628,02–04,True,-3.014020392581628
D3,2017-11-22 11:40:02.000000,1026,382.183558,384.7292750622837,-2.5457170622836998,-2.873117676664173,0.3274006143804731,02–04,True,-2.918654547873642
D3,2017-11-22 11:45:01.000000,1026,383.409243,384.730932625,-1.3216896249999763,-2.7776965431575924,1.456006918157616,02–04,True,-2.8224034144255787
D3,2017-11-22 11:50:04.000000,1026,391.023146,384.714078825784,6.309067174216011,-2.679523190263753,8.988590364479764,02–04,True,-2.723366974642285
D3,2017-11-22 11:55:03.000000,1026,373.236691,384.6687478263889,-11.432056826388873,-2.581235967171486,-8.850820859217388,02–04,True,-2.6242067726481584
D3,2017-11-22 12:00:02.000000,1026,393.336573,384.69454732291666,8.642025677083325,-2.4815948971179767,11.1236205742013,02–04,True,-2.523671993761079
D3,2017-11-22 12:05:01.000000,1026,384.098622,384.6754322996516,-0.5768102996516404,-2.3806470882370445,1.803836788585404,02–04,True,-2.4218101686409934
D3,2017-11-22 12:10:05.000000,1026,390.5791,384.65699284375,5.922107156249979,-2.2767206947109337,8.198827850960912,02–04,True,-2.316934100232117
D3,2017-11-22 12:15:03.000000,1026,390.379829,384.65699284375,5.7228361562499686,-2.1736312562556375,7.896467412505606,02–04,True,-2.212894236663398
D3,2017-11-22 12:20:03.000000,1026,369.360746,384.6465133541667,-15.285767354166694,-2.068685028675879,-13.217082325490814,02–04,True,-2.106972165876261
D3,2017-11-22 12:25:01.000000,1026,380.896746,384.64507714583334,-3.7483311458333333,-1.9633305255933609,-1.7850006202399724,02–04,True,-2.0006298705061227
D3,2017-11-22 12:30:04.000000,1026,387.622223,384.57629729166666,3.045925708333357,-1.8551272992893477,4.901053007622704,02–04,True,-1.8914038991131892
D3,2017-11-22 12:35:02.000000,1026,374.661535,384.57629729166666,-9.914762291666648,-1.747697090461993,-8.167065201204654,02–04,True,-1.7829502253629546
D3,2017-11-22 12:40:01.000000,1026,367.997252,384.5877340208333,-16.590482020833292,-1.638948271504903,-14.951533749328389,02–04,True,-1.6731574549587251
D3,2017-11-22 12:45:00.000000,1026,379.07354,384.5762970590278,-5.502757059027829,-1.529291098743543,-3.973465960284286,02–04,True,-1.5624397431231136
D3,2017-11-22 12:50:01.000000,1026,380.498339,384.5681573159722,-4.069818315972213,-1.4180354274528093,-2.651782888519404,02–04,True,-1.450100192006012
D3,2017-11-22 12:55:04.000000,1026,373.696292,384.51808106574396,-10.821789065743928,-1.305217796588239,-9.516571269155689,02–04,True,-1.336175540151991
D3,2017-11-22 13:00:03.000000,1026,367.87473,384.56445492334495,-16.689724923344954,-1.193133676843998,-15.496591246500957,02–04,True,-1.2229838601413912
D3,2017-11-22 13:05:03.000000,1026,359.893039,384.52415280139377,-24.63111380139378,-1.079973667652147,-23.551140133741633,02–04,True,-1.1086979873161418
D3,2017-11-22 13:10:01.000000,1026,364.182612,384.5049613472222,-20.3223493472222,-0.966926011055075,-19.355423336167124,02–04,True,-0.9945180239586082
D3,2017-11-22 13:15:00.000000,1026,371.383022,384.457565125,-13.074543124999991,-0.8529094110817848,-12.221633713918207,02–04,True,-0.8793518814717338
D3,2017-11-22 13:20:00.000000,1026,377.281176,384.4075624340278,-7.126386434027779,-0.7379721179622163,-6.388414316065563,02–04,True,-0.7632482212683538
D3,2017-11-22 13:25:00.000000,1026,364.933275,384.38096502083334,-19.447690020833363,-0.6225492010265381,-18.825140819806826,02–04,True,-0.6466464901489275
D3,2017-11-22 13:30:05.000000,1026,381.84659,384.29283910726645,-2.4462491072664534,-0.5047613667824029,-1.9414877404840505,02–04,True,-0.5276480131875443
D3,2017-11-22 13:35:04.000000,1026,357.886095,384.2463642195122,-26.36026921951219,-0.38891443243919643,-25.971354787072993,02–04,True,-0.4106029009500698
D3,2017-11-22 13:40:03.000000,1026,361.79266,384.2192541215278,-22.426594121527785,-0.27275013314135554,-22.15384398838643,02–04,True,-0.2932297556529382
D3,2017-11-22 13:45:02.000000,1026,369.851033,384.2570936794425,-14.406060679442533,-0.156323388846618,-14.249737290595915,02–04,True,-0.17558406877002009
D3,2017-11-22 13:50:04.000000,1026,369.728489,384.29016263541666,-14.56167363541664,-0.03851813755570266,-14.523155497860937,02–04,True,-0.056537982605255
D3,2017-11-22 13:55:02.000000,1026,383.010902,384.29016263541666,-1.2792606354166765,0.07787872881388536,-1.3571393642305618,02–04,True,0.06109221989607905
D3,2017-11-22 14:00:03.000000,1026,369.52933,384.25939013148786,-14.730060131487846,0.19554467409357112,-14.925604805581418,02–04,True,0.1800123359412571
D3,2017-11-22 14:05:01.000000,1026,371.030699,384.28810825087106,-13.257409250871035,0.31207903015088645,-13.569488281021922,02–04,True,0.29779610929938327
D3,2017-11-22 14:10:01.000000,1026,370.923376,384.26526822222223,-13.341892222222214,0.42938127579406027,-13.771273498016274,02–04,True,0.41636334715718126
D3,2017-11-22 14:15:00.000000,1026,377.174009,384.2704286909722,-7.096419690972198,0.54622295195303,-7.642642642925228,02–04,True,0.5344723794034061
D3,2017-11-22 14:20:05.000000,1026,363.830245,384.2007969895833,-20.370551989583305,0.6652803689616347,-21.03583235854494,02–04,True,0.6548287308247551
D3,2017-11-22 14:25:04.000000,1026,375.504189,384.1973684532872,-8.6931794532872,0.7818131936713426,-9.474992646958544,02–04,True,0.7726403505216375
D3,2017-11-22 14:30:04.000000,1026,365.117168,384.13105896875,-19.01389096874999,0.8984983830728481,-19.91238935182284,02–04,True,0.8906133859874412
D3,2017-11-22 14:35:05.000000,1026,367.445838,384.1159975813149,-16.67015958131492,1.0152777458248017,-17.68543732713972,02–04,True,1.0086890776855513
D3,2017-11-22 14:40:04.000000,1026,378.338254,384.1067773101045,-5.768523310104513,1.1309336230809803,-6.899456933185493,02–04,True,1.1256362128203787
D3,2017-11-22 14:45:03.000000,1026,372.10302,384.0344476236934,-11.931427623693367,1.2461883141407073,-13.177615937834073,02–04,True,1.2421850805274337
D3,2017-11-22 14:50:03.000000,1026,377.756042,384.0327392264808,-6.276697226480849,1.3613704468593948,-7.6380676733402435,02–04,True,1.358668036053031
D3,2017-11-22 14:55:03.000000,1026,371.413619,384.00259384375,-12.588974843750009,1.4760390300333532,-14.065013873783363,02–04,True,1.4746391452787924
D3,2017-11-22 15:00:05.000000,1026,367.706124,383.97913510069446,-16.273011100694475,1.5908981289196986,-17.863909229614173,02–04,True,1.5908105465017908
D3,2017-11-22 15:05:04.000000,1026,380.05407,383.92370661111113,-3.8696366111111047,1.7039946728504822,-5.573631283961587,02–04,True,1.70520681667956
D3,2017-11-22 15:10:05.000000,1026,379.012413,383.939345875,-4.926932875000034,1.8171687198153221,-6.744101594815357,02–04,True,1.8196891219245568
D3,2017-11-22 15:15:03.000000,1026,379.196218,383.94307770934256,-4.746859709342573,1.9284905574719935,-6.675350266814567,02–04,True,1.9323054047743757
D3,2017-11-22 15:20:04.000000,1026,383.148778,383.92828779238755,-0.7795097923875574,2.040148137753158,-2.8196579301407154,02–04,True,2.0452690585658253
D3,2017-11-22 15:25:01.000000,1026,392.800334,383.92227055555554,8.878063444444479,2.149496643534664,6.728566800909815,02–04,True,2.1559042907454353
D3,2017-11-22 15:30:02.000000,1026,377.633632,383.91237635069444,-6.278744350694467,2.2594289784530326,-8.538173329147499,02–04,True,2.2671380463428843
D3,2017-11-22 15:35:02.000000,1026,375.841112,383.85811796527776,-8.017005965277747,2.3680536025235916,-10.385059567801338,02–04,True,2.3770565106473107
D3,2017-11-22 15:40:02.000000,1026,380.421813,383.72778092334494,-3.3059679233449515,2.475685550389096,-5.781653473734048,02–04,True,2.485978430893722
D3,2017-11-22 15:45:02.000000,1026,389.506556,383.70289680555555,5.803659194444435,2.5822735950716957,3.2213855993727396,02–04,True,2.5938519661472808
D3,2017-11-22 15:50:02.000000,1026,370.494439,383.64805313541666,-13.15361413541666,2.6877670064349033,-15.841381141851564,02–04,True,2.7006257744476083
D3,2017-11-22 15:55:04.000000,1026,396.47721,383.5867733472222,12.890436652777794,2.7928072790890663,10.097629373688727,02–04,True,2.8069492184646583
D3,2017-11-22 16:00:02.000000,1026,401.762533,383.60714282578397,18.155390174216052,2.8952696374849496,15.260120536731103,02–04,True,2.9106714835863308
D3,2017-11-22 16:05:02.000000,1026,405.22494,383.58450957491294,21.64043042508706,2.9971800971577127,18.643250327929348,02–04,True,3.0138434140432127
D3,2017-11-22 16:10:03.000000,1026,408.580001,383.5645989477352,25.01540205226479,3.098131630658359,21.917270421606432,02–04,True,3.1160530711597496
D3,2017-11-22 16:15:03.000000,1026,388.786558,383.54837144250877,5.238186557491247,3.1974054427324208,2.040781114758826,02–04,True,3.2165727015878907
D3,2017-11-22 16:20:03.000000,1026,396.998094,383.49719406249994,13.500899937500037,3.2952918520430448,10.205608085456992,02–04,True,3.3156962237191854
D3,2017-11-22 16:25:02.000000,1026,403.953349,383.49719406249994,20.45615493750006,3.3914251948651746,17.064729742634885,02–04,True,3.413053308387834
D3,2017-11-22 16:30:03.000000,1026,394.531527,383.4164200484429,11.115106951557095,3.4867167903588925,7.628390161198203,02–04,True,3.509566920304941
D3,2017-11-22 16:35:01.000000,1026,397.855991,383.3505283044983,14.505462695501706,3.579546376685059,10.925916318816647,02–04,True,3.6035959740519328
D3,2017-11-22 16:40:01.000000,1026,403.279235,383.3532689094077,19.92596609059234,3.6714348320474697,16.25453125854487,02–04,True,3.696680953184095
D3,2017-11-22 16:45:02.000000,1026,402.467244,383.3044265191638,19.162817480836168,3.7620084449488287,15.400809035887338,02–04,True,3.788443420835657
D3,2017-11-22 16:50:03.000000,1026,386.105544,383.2847291114982,2.8208148885017863,3.850914875855276,-1.0300999873534895,02–04,True,3.8785264606901366
D3,2017-11-22 16:55:00.000000,1026,397.825305,383.275001375,14.550303625000026,3.9369641600648517,10.613339464935175,02–04,True,3.965724164941296
D3,2017-11-22 17:00:00.000000,1026,397.227894,383.31127974305554,13.916614256944456,4.022151796732695,9.894462460211761,02–04,True,4.052058615221897
D3,2017-11-22 17:05:03.000000,1026,402.268041,383.2573410833333,19.01069991666668,4.106384449314446,14.904315467352234,02–04,True,4.137435522794638
D3,2017-11-22 17:10:02.000000,1026,402.099613,383.2573410833333,18.842271916666675,4.187685287338635,14.65458662932804,02–04,True,4.219851151092573
D3,2017-11-22 17:15:02.000000,1026,408.380709,383.1931881875,25.187520812499997,4.26740236722991,20.920118445270088,02–04,True,4.300671881719498
D3,2017-11-22 17:20:04.000000,1026,400.874039,383.20334872569447,17.670690274305514,4.34573513854888,13.324955135756634,02–04,True,4.380100088318642
D3,2017-11-22 17:25:02.000000,1026,410.602188,383.20334872569447,27.398839274305544,4.421109498662926,22.97772977564262,02–04,True,4.456539544353757
D3,2017-11-22 17:30:02.000000,1026,403.034102,383.1724718780488,19.861630121951237,4.495026393934852,15.366603728016385,02–04,True,4.531512291795439
D3,2017-11-22 17:35:04.000000,1026,409.91272,383.08898065625,26.823739343749992,4.567410896537334,22.25632844721266,02–04,True,4.604942566340845
D3,2017-11-22 17:40:04.000000,1026,398.775171,383.0629154479167,15.71225555208332,4.6372698580074605,11.07498569407586,02–04,True,4.675822871057981
D3,2017-11-22 17:45:03.000000,1026,393.413165,383.0542445069444,10.358920493055564,4.704833643960998,5.654086849094566,02–04,True,4.744386753769837
D3,2017-11-22 17:50:02.000000,1026,423.624204,383.0460370865052,40.57816691349484,4.7703065814097245,35.80786033208511,02–04,True,4.810841502393781
D3,2017-11-22 17:55:01.000000,1026,399.633045,382.975851550173,16.65719344982699,4.833657716170818,11.823535733656172,02–04,True,4.875155698567992
D3,2017-11-22 18:00:00.000000,1026,402.589788,382.9696655243055,19.620122475694473,4.894857097203688,14.725265378490786,02–04,True,4.937298935937358
D3,2017-11-22 18:05:00.000000,1026,403.846137,382.9508345069445,20.89530249305551,4.954069487321473,15.941233005734038,02–04,True,4.997438588603127
D3,2017-11-22 18:10:05.000000,1026,404.121844,382.8510951493056,21.270748850694417,5.011989219122853,16.258759631571564,02–04,True,5.056280302139952
D3,2017-11-22 18:15:03.000000,1026,397.442385,382.8356390934256,14.606745906574417,5.066332633269912,9.540413273304505,02–04,True,5.111503913121486
D3,2017-11-22 18:20:01.000000,1026,408.350201,382.8588615486111,25.49133945138891,5.11842939296316,20.372910058425752,02–04,True,5.164460067756089
D3,2017-11-22 18:25:03.000000,1026,398.836476,382.8220508229167,16.014425177083297,5.168908277951116,10.84551689913218,02–04,True,5.2157882470301535
D3,2017-11-22 18:30:02.000000,1026,392.06507,382.82976421527775,9.235305784722243,5.216563952750907,4.018741831971336,02–04,True,5.264262922070892
D3,2017-11-22 18:35:00.000000,1026,399.69444,382.8111994548611,16.883240545138904,5.261739174499851,11.621501370639052,02–04,True,5.31023237951204
D3,2017-11-22 18:40:01.000000,1026,400.062005,382.83598793402774,17.226017065972258,5.304995259142635,11.921021806829621,02–04,True,5.354267993511208
D3,2017-11-22 18:45:04.000000,1026,393.765599,382.852406369338,10.913192630662024,5.346108213422735,5.56708441723929,02–04,True,5.396142236387408
D3,2017-11-22 18:50:03.000000,1026,397.01327,382.88096449477354,14.13230550522644,5.384268464488911,8.748037040737529,02–04,True,5.435030331429634
D3,2017-11-22 18:55:03.000000,1026,387.40771,382.81459340138406,4.59311659861595,5.420132137847039,-0.8270155392310894,02–04,True,5.471600579357876
D3,2017-11-22 19:00:00.000000,1026,394.623384,382.82556152430556,11.797822475694431,5.453228484616972,6.34459399107746,02–04,True,5.505372716864702
D3,2017-11-22 19:05:04.000000,1026,373.405298,382.76423383391,-9.358935833909982,5.484606736459413,-14.843542570369394,02–04,True,5.537417917315102
D3,2017-11-22 19:10:02.000000,1026,369.575259,382.7630050034722,-13.18774600347217,5.512898096951108,-18.70064410042328,02–04,True,5.566338429729329
D3,2017-11-22 19:15:03.000000,1026,383.807427,382.8294980347222,0.9779289652778402,5.538980639060054,-4.561051673782214,02–04,True,5.5930313972974375
D3,2017-11-22 19:20:02.000000,1026,390.257241,382.75050432986114,7.506736670138878,5.56239637514144,1.9443402949974375,02–04,True,5.617028279653698
D3,2017-11-22 19:25:02.000000,1026,385.385545,382.730307083045,2.655237916955002,5.583381590638339,-2.928143673683337,02–04,True,5.638571042611325
D3,2017-11-22 19:30:03.000000,1026,376.239408,382.7493374290658,-6.509929429065778,5.6019011195131,-12.111830548578878,02–04,True,5.657623997611599
D3,2017-11-22 19:35:01.000000,1026,370.877447,382.7115367317073,-11.834089731707309,5.6177253529125135,-17.451815084619824,02–04,True,5.673950454624828
D3,2017-11-22 19:40:02.000000,1026,376.178169,382.7018841493056,-6.523715149305588,5.631165304944667,-12.154880454250254,02–04,True,5.687871298608784
D3,2017-11-22 19:45:04.000000,1026,393.152723,382.6492221388889,10.503500861111092,5.642074376709902,4.86142648440119,02–04,True,5.699235976905121
D3,2017-11-22 19:50:03.000000,1026,387.698905,382.6251691916376,5.0737358083624144,5.650328428641631,-0.5765926202792162,02–04,True,5.707914366189075
D3,2017-11-22 19:55:04.000000,1026,380.973406,382.6029632334495,-1.629557233449475,5.6560743067295896,-7.285631540179065,02–04,True,5.714060338855806
D3,2017-11-22 20:00:02.000000,1026,382.306124,382.6271444599303,-0.3210204599303097,5.659226612494329,-5.980247072424639,02–04,True,5.717581797188834
D3,2017-11-22 20:05:00.000000,1026,374.829985,382.64757353125,-7.817588531249953,5.659853828166151,-13.477442359416104,02–04,True,5.718551172093342
D3,2017-11-22 20:10:03.000000,1026,379.119647,382.65874366782003,-3.539096667820047,5.657902272574252,-9.196998940394298,02–04,True,5.716919674544894
D3,2017-11-22 20:15:01.000000,1026,381.478936,382.63194841811844,-1.1530124181184647,5.653437267507579,-6.806449685626044,02–04,True,5.7127419134611
D3,2017-11-22 20:20:02.000000,1026,381.923227,382.5840133344948,-0.6607863344947873,5.646366734296089,-6.307153068790877,02–04,True,5.705933660559964
D3,2017-11-22 20:25:02.000000,1026,383.240614,382.5926769340278,0.6479370659722008,5.636762456493323,-4.988825390521122,02–04,True,5.696562811696126
D3,2017-11-22 20:30:01.000000,1026,389.016336,382.592447923345,6.423888076655032,5.624654510169503,0.7992335664855297,02–04,True,5.684659611707593
D3,2017-11-22 20:35:03.000000,1026,391.865867,382.57650615625,9.28936084374999,5.609861242450032,3.6794996012999572,02–04,True,5.670044767366848
D3,2017-11-22 20:40:04.000000,1026,386.565123,382.6132080103806,3.951914989619411,5.59256017822606,-1.6406451886066495,02–04,True,5.652893073063456
D3,2017-11-22 20:45:02.000000,1026,389.613791,382.62538348780487,6.988407512195124,5.572925187019493,1.4154823251756312,02–04,True,5.633377900605847
D3,2017-11-22 20:50:02.000000,1026,389.047,382.6690650902778,6.377934909722228,5.55064881074693,0.8272860989752981,02–04,True,5.611193886458581
D3,2017-11-22 20:55:01.000000,1026,390.47171,382.67806926480836,7.793640735191616,5.525951780361343,2.267688954830273,02–04,True,5.586560653066624
D3,2017-11-22 21:00:01.000000,1026,392.968874,382.6891191423611,10.27975485763892,5.498680659358188,4.7810741982807325,02–04,True,5.559325160280277
D3,2017-11-22 21:05:00.000000,1026,378.476152,382.7395474097222,-4.263395409722193,5.469030141265261,-9.732425550987454,02–04,True,5.5296818472709734
D3,2017-11-22 21:10:04.000000,1026,381.34106,382.68156499305553,-1.3405049930555037,5.436369884725287,-6.776874877780791,02–04,True,5.496999942970126
D3,2017-11-22 21:15:00.000000,1026,390.778058,382.68156499305553,8.096493006944456,5.402148647407947,2.694344359536509,02–04,True,5.462729567035193
D3,2017-11-22 21:20:03.000000,1026,374.9066,382.7031574878049,-7.796557487804876,5.3646612510603955,-13.161218738865271,02–04,True,5.425163217722076
D3,2017-11-22 21:25:02.000000,1026,390.395184,382.71332233333334,7.681861666666634,5.325249785111585,2.3566118815550494,02–04,True,5.38564546260273
D3,2017-11-22 21:30:04.000000,1026,384.190569,382.6476270625,1.5429419374999611,5.2830227826242915,-3.7400808451243304,02–04,True,5.343282540286028
D3,2017-11-22 21:35:02.000000,1026,389.93556,382.6476270625,7.287932937499988,5.23899081082881,2.0489421266711787,02–04,True,5.299088373695277
D3,2017-11-22 21:40:01.000000,1026,387.530298,382.65831926388887,4.871978736111146,5.192471636588735,-0.32049290047758916,02–04,True,5.252378508737428
D3,2017-11-22 21:45:01.000000,1026,388.572,382.60801365051907,5.963986349480933,5.143463853468191,0.8205224960127424,02–04,True,5.2031513486849805
D3,2017-11-22 21:50:01.000000,1026,393.872722,382.6050188958333,11.267703104166685,5.092142449178864,6.175560654987821,02–04,True,5.1515825764924
D3,2017-11-22 21:55:01.000000,1026,388.633283,382.66890569444445,5.9643773055555585,5.038531849929635,0.9258454556259235,02–04,True,5.097696736102295
D3,2017-11-22 22:00:02.000000,1026,383.133469,382.70858860416666,0.42488039583332693,4.98246756789076,-4.557587172057433,02–04,True,5.041328414506378
D3,2017-11-22 22:05:02.000000,1026,404.397596,382.7620619446367,21.635534055363337,4.924348792044102,16.711185263319237,02–04,True,4.982878965509407
D3,2017-11-22 22:10:04.000000,1026,381.402299,382.78490938408305,-1.3826103840830228,4.863611144850412,-6.246221528933435,02–04,True,4.921780725892896
D3,2017-11-22 22:15:04.000000,1026,403.75419,382.7983808263889,20.9558091736111,4.80108797459258,16.15472119901852,02–04,True,4.858871991432602
D3,2017-11-22 22:20:05.000000,1026,393.658342,382.82270566435983,10.835636335640174,4.736194993771831,6.099441341868343,02–04,True,4.793564940816827
D3,2017-11-22 22:25:03.000000,1026,382.367452,382.85950121527776,-0.4920492152777456,4.669846541196583,-5.161895756474329,02–04,True,4.726779880537542
D3,2017-11-22 22:30:02.000000,1026,395.174888,382.83100257142854,12.343885428571468,4.60120463948937,7.742680789082098,02–04,True,4.657673447974315
D3,2017-11-22 22:35:02.000000,1026,404.366976,382.8481710347222,21.51880496527781,4.530281093578378,16.98852387169943,02–04,True,4.586257402889605
D3,2017-11-22 22:40:02.000000,1026,395.481304,382.8368067577855,12.644497242214527,4.457335768282446,8.18716147393208,02–04,True,4.5127933537721
D3,2017-11-22 22:45:04.000000,1026,375.703259,382.82456169896193,-7.121302698961927,4.381897244212124,-11.50319994317405,02–04,True,4.4368064101780975
D3,2017-11-22 22:50:00.000000,1026,396.232077,382.81652093749994,13.415556062500059,4.30603853722506,9.109517525274999,02–04,True,4.360384888396766
D3,2017-11-22 22:55:03.000000,1026,385.753199,382.7907216736111,2.962477326388921,4.2264551857050865,-1.2639778593161655,02–04,True,4.280199753920505
D3,2017-11-22 23:00:03.000000,1026,387.147245,382.7907216736111,4.356523326388924,4.145773101181308,0.2107502252076161,02–04,True,4.198896555455075
D3,2017-11-22 23:05:04.000000,1026,385.707226,382.8631189305555,2.844107069444476,4.062974141500333,-1.2188670720558568,02–04,True,4.115449420476964
D3,2017-11-22 23:10:04.000000,1026,381.846523,382.8631189305555,-1.0165959305555248,3.978647851934328,-4.995243782489853,02–04,True,4.030452509397026
D3,2017-11-22 23:15:05.000000,1026,376.300646,382.87498146875004,-6.574335468750064,3.892272482488098,-10.466607951238162,02–04,True,3.943379922899924
D3,2017-11-22 23:20:04.000000,1026,382.689177,382.854873875,-0.16569687500003738,3.804758549333301,-3.9704554243333385,02–04,True,3.855149576981652
D3,2017-11-22 23:25:04.000000,1026,379.472014,382.86331252249136,-3.391298522491354,3.715278298188493,-7.106576820679847,02–04,True,3.7649269903476603
D3,2017-11-22 23:30:02.000000,1026,381.065286,382.8431180416667,-1.7778320416666702,3.6247769073877913,-5.4026089490544615,02–04,True,3.673665230735296
D3,2017-11-22 23:35:02.000000,1026,379.027678,382.82689371428575,-3.799215714285765,3.532082715426973,-7.331298429712739,02–04,True,3.5801827926494587
D3,2017-11-22 23:40:01.000000,1026,392.279428,382.8448738993056,9.434554100694413,3.438158488561446,5.996395612132967,02–04,True,3.485450582989458
D3,2017-11-22 23:45:04.000000,1026,394.163739,382.84184146527775,11.321897534722268,3.3414558895887088,7.98044164513356,02–04,True,3.387906807134708
D3,2017-11-22 23:50:04.000000,1026,371.658751,382.84184146527775,-11.183090465277758,3.244247346046554,-14.427337811324312,02–04,True,3.289843614325129
D3,2017-11-22 23:55:03.000000,1026,387.806139,382.8595491730104,4.946589826989566,3.1459601229542833,1.8006297040352828,02–04,True,3.1906834123309986
D3,2017-11-22 00:00:04.000000,1026,384.328378,387.88632614930555,-3.5579481493055596,3.0456481049861552,-6.603596254291714,04–06,True,2.705207220928529
D3,2017-11-22 00:05:00.000000,1026,385.048399,387.88632614930555,-2.8379271493055285,2.945710987212034,-5.783638136517562,04–06,True,2.5954857980769073
D3,2017-11-22 00:10:04.000000,1026,389.337994,387.92226327526134,1.415730724738637,2.8417887919182725,-1.4260580671796355,04–06,True,2.481569529480498
D3,2017-11-22 00:15:04.000000,1026,378.322989,387.96414990277776,-9.641160902777756,2.738007505388194,-12.379168408165949,04–06,True,2.367984708633502
D3,2017-11-22 00:20:03.000000,1026,386.488508,387.96414990277776,-1.4756419027777383,2.6334091844586762,-4.1090510872364145,04–06,True,2.2536785442084732
D3,2017-11-22 00:25:03.000000,1026,379.042988,387.84120193425605,-8.798213934256069,2.527343985788475,-11.325557920044544,04–06,True,2.1379408804480855
D3,2017-11-22 00:30:00.000000,1026,383.255968,387.8230249444444,-4.567056944444403,2.421286756211659,-6.988343700656062,04–06,True,2.022379368462805
D3,2017-11-22 00:35:04.000000,1026,374.15596,387.78061111418685,-13.624651114186861,2.3116969607819664,-15.936348074968826,04–06,True,1.9031395591468703
D3,2017-11-22 00:40:04.000000,1026,385.416142,387.7668513125,-2.350709312500044,2.202576612995938,-4.553285925495982,04–06,True,1.7845783698100657
D3,2017-11-22 00:45:03.000000,1026,387.070786,387.6957832465278,-0.624997246527812,2.092910588313406,-2.717907834841218,04–06,True,1.6655887052945786
D3,2017-11-22 00:50:02.000000,1026,379.089028,387.66657913194445,-8.57755113194446,1.9823885756184345,-10.559939707562895,04–06,True,1.545833054849829
D3,2017-11-22 00:55:05.000000,1026,380.559734,387.6276405208334,-7.0679065208333895,1.8695683105941925,-8.937474831427583,04–06,True,1.4237519145113382
D3,2017-11-22 01:00:02.000000,1026,375.167131,387.6276405208334,-12.460509520833398,1.7582338881598738,-14.218743408993271,04–06,True,1.3034383851825941
D3,2017-11-22 01:05:00.000000,1026,380.498428,387.54066755208333,-7.042239552083345,1.6458327231159595,-8.688072275199303,04–06,True,1.1821300169127709
D3,2017-11-22 01:10:03.000000,1026,386.657114,387.37698854861105,-0.7198745486110738,1.5308894162120736,-2.2507639648231477,04–06,True,1.0582392621522925
D3,2017-11-22 01:15:04.000000,1026,383.485858,387.32164610380624,-3.8357881038062374,1.4161045025083805,-5.251892606314618,04–06,True,0.9346792533601909
D3,2017-11-22 01:20:01.000000,1026,392.739096,387.30356937716266,5.435526622837358,1.3023123069057385,4.133214315931619,04–06,True,0.8123433649566956
D3,2017-11-22 01:25:02.000000,1026,385.783841,387.29240903125,-1.508568031249979,1.1865023643400563,-2.6950703955900353,04–06,True,0.6879951015374182
D3,2017-11-22 01:30:05.000000,1026,391.498213,387.26371541463413,4.234497585365887,1.0694855225652018,3.1650120628006846,04–06,True,0.5625097834263251
D3,2017-11-22 01:35:01.000000,1026,390.425758,387.2449059513889,3.1808520486110865,0.9548025999148992,2.2260494486961875,04–06,True,0.4396805866069142
D3,2017-11-22 01:40:03.000000,1026,374.033349,387.19159910452964,-13.158250104529657,0.8374742889241547,-13.995724393453811,04–06,True,0.3141737319412292
D3,2017-11-22 01:45:01.000000,1026,376.545912,387.10340834375,-10.557496343750017,0.7214373081106191,-11.278933651860637,04–06,True,0.19020189277132493
D3,2017-11-22 01:50:01.000000,1026,381.049932,387.0697895243055,-6.0198575243055075,0.6044133993738083,-6.624270923679315,04–06,True,0.06532947540538503
D3,2017-11-22 01:55:02.000000,1026,384.803289,387.0335948118467,-2.2303058118466765,0.48684542696891375,-2.7171512388155903,04–06,True,-0.059968645657078046
D3,2017-11-22 02:00:05.000000,1026,378.966462,386.95978346874995,-7.9933214687499685,0.36839744660702856,-8.361718915356997,04–06,True,-0.18604818498696796
D3,2017-11-22 02:05:00.000000,1026,381.310218,386.95978346874995,-5.649565468749927,0.253036187789609,-5.902601656539536,04–06,True,-0.3086914451265339
D3,2017-11-22 02:10:02.000000,1026,374.983149,386.8619391487889,-11.87879014878888,0.13495195850422226,-12.013742107293103,04–06,True,-0.43407561433218245
D3,2017-11-22 02:15:01.000000,1026,396.232122,386.83320775778543,9.398914242214573,0.018110607521236055,9.380803634693336,04–06,True,-0.5579866156308317
D3,2017-11-22 02:20:04.000000,1026,384.236542,386.8403606968641,-2.6038186968640957,-0.10016613680610931,-2.5036525600579864,04–06,True,-0.6832640008868198
D3,2017-11-22 02:25:04.000000,1026,386.672379,386.75281789198607,-0.08043889198609122,-0.21708903788854483,0.1366501459024536,04–06,True,-0.8069526708604089
D3,2017-11-22 02:30:03.000000,1026,386.120809,386.71376015277775,-0.5929511527777436,-0.3333857329582868,-0.2595654198194568,04–06,True,-0.92982545849372
D3,2017-11-22 02:35:05.000000,1026,384.757315,386.63543632055746,-1.8781213205574545,-0.4505535900420048,-1.4275677305154497,04–06,True,-1.053462854885245
D3,2017-11-22 02:40:02.000000,1026,386.120898,386.5688057708333,-0.4479077708332966,-0.5654371213190341,0.11752935048573754,04–06,True,-1.1745366844082126
D3,2017-11-22 02:45:02.000000,1026,392.524605,386.5374743888889,5.987130611111127,-0.6810794202994153,6.668210031410542,04–06,True,-1.2962555642875482
D3,2017-11-22 02:50:00.000000,1026,382.091745,386.44693709722225,-4.355192097222243,-0.7954969206553337,-3.5596951765669096,04–06,True,-1.4165309238197321
D3,2017-11-22 02:55:03.000000,1026,386.779636,386.3874869686411,0.39214903135888335,-0.9113148742505528,1.3034639056094361,04–06,True,-1.5381200700156432
D3,2017-11-22 03:00:02.000000,1026,394.255775,386.2550518466899,8.000723153310105,-1.025036000823206,9.025759154133311,04–06,True,-1.6573506674897476
D3,2017-11-22 03:05:01.000000,1026,383.807583,386.19064584722224,-2.38306284722222,-1.138139017979611,-1.2449238292426092,04–06,True,-1.7757762373285553
D3,2017-11-22 03:10:00.000000,1026,377.710203,386.12628046875,-8.416077468750018,-1.2505704530697388,-7.165507015680279,04–06,True,-1.89334079049473
D3,2017-11-22 03:15:03.000000,1026,377.81737,386.0626709268293,-8.245300926829316,-1.3637664016891944,-6.881534525140122,04–06,True,-2.0115427882722576
D3,2017-11-22 03:20:04.000000,1026,385.661252,385.95238833797913,-0.2911363379791396,-1.4754239819703572,1.1842876439912176,04–06,True,-2.1279758906469426
D3,2017-11-22 03:25:03.000000,1026,373.89554,385.93781290972225,-12.042272909722271,-1.5855059460370473,-10.456766963685224,04–06,True,-2.2426045076375285
D3,2017-11-22 03:30:02.000000,1026,386.672357,385.93781290972225,0.7345440902777227,-1.6947048226702353,2.429248912947958,04–06,True,-2.3561514016883205
D3,2017-11-22 03:35:04.000000,1026,398.836409,385.7817408298611,13.054668170138882,-1.804050337104477,14.85871850724336,04–06,True,-2.4696848307042956
D3,2017-11-22 03:40:00.000000,1026,395.312831,385.7817408298611,9.531090170138896,-1.9102472481199877,11.441337418258883,04–06,True,-2.57978582774402
D3,2017-11-22 03:45:03.000000,1026,369.299596,385.63657280902777,-16.33697680902776,-2.0179029303418177,-14.319073878685943,04–06,True,-2.69123030852325
D3,2017-11-22 03:50:01.000000,1026,388.985739,385.63657280902777,3.349166190972255,-2.1226930799129096,5.471859270885165,04–06,True,-2.799540095227323
D3,2017-11-22 03:55:02.000000,1026,395.205552,385.54720593055555,9.658346069444463,-2.227391419545624,11.885737488990086,04–06,True,-2.9075837857739577
D3,2017-11-22 04:00:01.000000,1026,377.740733,385.5207686875,-7.780035687500003,-2.330203673476647,-5.4498320140233565,04–06,False,-3.013508911228591
D3,2017-11-22 04:05:00.000000,1026,392.218256,385.5394396875,6.6788163124999755,-2.431780763062717,9.110597075562692,04–06,False,-3.1179878468846787
D3,2017-11-22 04:10:02.000000,1026,379.701815,385.54991902430555,-5.848104024305542,-2.533074294704557,-3.315029729600985,04–06,False,-3.2219967310169375
D3,2017-11-22 04:15:01.000000,1026,387.223905,385.4944435400697,1.7294614599302918,-2.632024003244642,4.361485463174933,04–06,False,-3.3234200694118963
D3,2017-11-22 04:20:02.000000,1026,385.171032,385.50587449305556,-0.3348424930555325,-2.73024376455278,2.3954012714972475,04–06,False,-3.423912993012178
D3,2017-11-22 04:25:03.000000,1026,384.435612,385.4638512222222,-1.0282392222222256,-2.827020114178095,1.7987808919558694,04–06,False,-3.5227436814279907
D3,2017-11-22 04:30:04.000000,1026,391.942437,385.4127315104167,6.529705489583307,-2.9223066842513816,9.452012173834689,04–06,False,-3.6198647825071615
D3,2017-11-22 04:35:01.000000,1026,396.55378,385.4127315104167,11.14104848958334,-3.014822220902259,14.1558707104856,04–06,False,-3.713974167320692
D3,2017-11-22 04:40:00.000000,1026,369.360723,385.3740061527778,-16.013283152777774,-3.1064070367249803,-12.906876116052793,04–06,False,-3.8069457760557
D3,2017-11-22 04:45:01.000000,1026,394.745995,385.3378869548611,9.408108045138874,-3.19698611654767,12.605094161686544,04–06,False,-3.8986995466532184
D3,2017-11-22 04:50:00.000000,1026,374.676867,385.3262370486111,-10.649370048611104,-3.2853129749556818,-7.364057073655422,04–06,False,-3.9879728284326177
D3,2017-11-22 04:55:01.000000,1026,368.61015,385.28297324221455,-16.672823242214577,-3.3725268751517437,-13.300296367062833,04–06,False,-4.075917091815824
D3,2017-11-22 05:00:02.000000,1026,383.02619,385.1841619550173,-2.157971955017331,-3.4579896304287057,1.3000176754113748,04–06,False,-4.161886729219784
D3,2017-11-22 05:05:00.000000,1026,375.825802,385.07095665625,-9.245154656250008,-3.540835340257901,-5.704319315992107,04–06,False,-4.245013879405514
D3,2017-11-22 05:10:02.000000,1026,385.125036,385.0094346376307,0.1156013623693184,-3.622961131555837,3.7385624939251554,04–06,False,-4.327201032063089
D3,2017-11-22 05:15:01.000000,1026,387.162666,384.987068728223,2.175597271777008,-3.702415617586281,5.878012889363289,04–06,False,-4.406494238694768
D3,2017-11-22 05:20:03.000000,1026,384.665413,385.06829664583336,-0.4028836458333558,-3.7807548161217914,3.3778711702884356,04–06,False,-4.484446358615691
D3,2017-11-22 05:25:05.000000,1026,381.356325,385.056008375,-3.6996833749999496,-3.8571343218511047,0.15745094685115513,04–06,False,-4.5602136720061495
D3,2017-11-22 05:30:01.000000,1026,392.417415,385.056008375,7.361406625000029,-3.930059159747347,11.291465784747377,04–06,False,-4.632320314969872
D3,2017-11-22 05:35:02.000000,1026,384.006675,384.91046766898955,-0.9037926689895812,-4.00221413336668,3.0984214643770986,04–06,False,-4.703422186691891
D3,2017-11-22 05:40:03.000000,1026,387.22386,384.99728104513883,2.226578954861168,-4.072316263805489,6.298895218666657,04–06,False,-4.77224877970001
D3,2017-11-22 05:45:02.000000,1026,377.55695,384.94961864583337,-7.392668645833396,-4.139886989515712,-3.2527816563176843,04–06,False,-4.838332823381481
D3,2017-11-22 05:50:03.000000,1026,390.379763,384.9463735798611,5.433389420138951,-4.205797855605717,9.639187275744668,04–06,False,-4.9025266872262945
D3,2017-11-22 05:55:04.000000,1026,384.757427,384.91121208333334,-0.1537850833333323,-4.2695583366731915,4.115773253339859,04–06,False,-4.964349876617704
D3,2017-11-22 06:00:03.000000,1026,378.568188,384.84652721180555,-6.27833921180553,-4.330735979882199,-1.9476032319233312,04–06,True,-5.023385918566774
D3,2017-11-22 06:05:03.000000,1026,386.136119,384.9122698062284,1.2238491937716276,-4.389926272950634,5.613775466722261,04–06,True,-5.080210923599434
D3,2017-11-22 06:10:02.000000,1026,390.962019,384.85541102083334,6.106607979166654,-4.4467066455350395,10.553314624701693,04–06,True,-5.134419207596741
D3,2017-11-22 06:15:04.000000,1026,376.147572,384.81780307291666,-8.670231072916636,-4.501787069712316,-4.1684440032043195,04–06,True,-5.18668541346826
D3,2017-11-22 06:20:03.000000,1026,396.155529,384.85323113541665,11.302297864583352,-4.5540472342744875,15.85634509885784,04–06,True,-5.235946469948456
D3,2017-11-22 06:25:04.000000,1026,376.34662,384.90161606574395,-8.554996065743978,-4.604347368938352,-3.9506486968056267,04–06,True,-5.283014962893471
D3,2017-11-22 06:30:05.000000,1026,380.008141,384.78966390625,-4.781522906249961,-4.652306163953088,-0.1292167422968733,04–06,True,-5.327530480330446
D3,2017-11-22 06:35:05.000000,1026,377.434362,384.78929203124994,-7.354930031249921,-4.697753103218755,-2.6571769280311663,04–06,True,-5.36933663875912
D3,2017-11-22 06:40:01.000000,1026,369.713224,384.78929203124994,-15.076068031249918,-4.740271103359839,-10.33579692789008,04–06,True,-5.408059652355318
D3,2017-11-22 06:45:01.000000,1026,387.377068,384.81721887152776,2.5598491284722513,-4.780989017062943,7.340838145535194,04–06,True,-5.444727616932259
D3,2017-11-22 06:50:01.000000,1026,372.470764,384.80764369444444,-12.336879694444463,-4.819297049875024,-7.517582644569439,04–06,True,-5.4787825739786395
D3,2017-11-22 06:55:03.000000,1026,379.655774,384.79618128222995,-5.140407282229944,-4.85540798206424,-0.28499930016570385,04–06,True,-5.510408963370086
D3,2017-11-22 07:00:05.000000,1026,387.622156,384.80992989583336,2.8122261041666547,-4.8890409025966335,7.701267006763288,04–06,True,-5.539355711455595
D3,2017-11-22 07:05:04.000000,1026,383.118137,384.7590820313589,-1.6409450313589105,-4.919882580676615,3.278937549317704,04–06,True,-5.565361352313851
D3,2017-11-22 07:10:04.000000,1026,368.793933,384.71226488194446,-15.918331881944482,-4.948355532108606,-10.969976349835875,04–06,True,-5.588787983183727
D3,2017-11-22 07:15:02.000000,1026,386.932821,384.71226488194446,2.2205561180555264,-4.974173993501948,7.194730111557474,04–06,True,-5.609403642616502
D3,2017-11-22 07:20:01.000000,1026,396.017609,384.7290740208333,11.288534979166684,-4.997598060446471,16.286133039613155,04–06,True,-5.627419469822595
D3,2017-11-22 07:25:03.000000,1026,381.433007,384.7050522179931,-3.2720452179931385,-5.018723171775347,1.7466779537822088,04–06,True,-5.642893542823372
D3,2017-11-22 07:30:04.000000,1026,390.793457,384.6835395034722,6.109917496527771,-5.037234247161609,11.147151743689381,04–06,True,-5.655586455796741
D3,2017-11-22 07:35:00.000000,1026,385.554018,384.6835395034722,0.8704784965277668,-5.052952281767011,5.923430778294778,04–06,True,-5.665404750530453
D3,2017-11-22 07:40:03.000000,1026,379.043055,384.56499884083047,-5.521943840830488,-5.066481532204674,-0.4554623086258145,04–06,True,-5.672714559299425
D3,2017-11-22 07:45:02.000000,1026,386.228021,384.5176794583333,1.7103415416667076,-5.077286473401504,6.787628015068211,04–06,True,-5.6772063953526395
D3,2017-11-22 07:50:02.000000,1026,389.552418,384.5140622847223,5.038355715277703,-5.085580895208314,10.123936610486016,04–06,True,-5.6789941368343255
D3,2017-11-22 07:55:03.000000,1026,377.311796,384.44232631707314,-7.130530317073124,-5.0913353231261596,-2.039194993946964,04–06,True,-5.67804969422048
D3,2017-11-22 08:00:01.000000,1026,380.758826,384.43028145486113,-3.671455454861132,-5.094496100518454,1.4230406456573226,04–06,True,-5.674413274674309
D3,2017-11-22 08:05:03.000000,1026,386.8103,384.3900129513889,2.420287048611101,-5.095123146491856,7.515410195102957,04–06,True,-5.667987580517006
D3,2017-11-22 08:10:04.000000,1026,384.726741,384.3717763910035,0.35496460899651083,-5.093167354182251,5.448131963178762,04–06,True,-5.6588411873874795
D3,2017-11-22 08:15:00.000000,1026,388.280983,384.3314991041667,3.949483895833282,-5.088732314431519,9.038216210264801,04–06,True,-5.64718137790015
D3,2017-11-22 08:20:00.000000,1026,389.368703,384.30692341319445,5.061779586805528,-5.0816980447821205,10.143477631587649,04–06,True,-5.632672727531143
D3,2017-11-22 08:25:03.000000,1026,388.311536,384.3184132986111,3.99312270138887,-5.0720020220751705,9.065124723464042,04–06,True,-5.615275886063877
D3,2017-11-22 08:30:00.000000,1026,375.5041,384.3184132986111,-8.814313298611125,-5.059975062199818,-3.754338236411307,04–06,True,-5.595556240676743
D3,2017-11-22 08:35:03.000000,1026,382.398094,384.31170627177704,-1.9136122717770263,-5.045137086667234,3.1315248148902075,04–06,True,-5.57272664502055
D3,2017-11-22 08:40:05.000000,1026,384.558112,384.32516953124997,0.232942468750025,-5.027774298537656,5.260716767287681,04–06,True,-5.547258197898901
D3,2017-11-22 08:45:00.000000,1026,377.173942,384.32516953124997,-7.151227531249958,-5.008341102163728,-2.1428864290862304,04–06,True,-5.5197756256642405
D3,2017-11-22 08:50:03.000000,1026,377.37319,384.3716608263889,-6.998470826388882,-4.985846201191755,-2.0126246251971267,04–06,True,-5.488881591063136
D3,2017-11-22 08:55:00.000000,1026,380.26865,384.3716608263889,-4.103010826388925,-4.961314361890199,0.8583035355012747,04–06,True,-5.455991537077354
D3,2017-11-22 09:00:03.000000,1026,380.314579,384.4336316770833,-4.119052677083346,-4.933766350232991,0.8147136731496456,04–06,True,-5.4197925959848225
D3,2017-11-22 09:05:03.000000,1026,382.076413,384.4130175605536,-2.33660456055361,-4.903996039075194,2.567391478521584,04–06,True,-5.381337856543263
D3,2017-11-22 09:10:00.000000,1026,391.942549,384.4363975416667,7.506151458333306,-4.872091859008643,12.37824331734195,04–06,True,-5.340723377360472
D3,2017-11-22 09:15:02.000000,1026,374.508305,384.458446799308,-9.950141799307971,-4.837185180241869,-5.112956619066102,04–06,True,-5.296848968616446
D3,2017-11-22 09:20:01.000000,1026,381.586059,384.40256523958334,-2.8165062395833615,-4.800192647385566,1.983686407802204,04–06,True,-5.25087195418315
D3,2017-11-22 09:25:02.000000,1026,398.867118,384.40793772569447,14.459180274305538,-4.760525629328788,19.219705903634328,04–06,True,-5.202058306274845
D3,2017-11-22 09:30:03.000000,1026,384.542891,384.42171497569444,0.12117602430555507,-4.718442442874135,4.83961846717969,04–06,True,-5.150730471133528
D3,2017-11-22 09:35:03.000000,1026,381.984466,384.4630587439446,-2.4785927439446027,-4.674114966171729,2.195522222227126,04–06,True,-5.097095930318986
D3,2017-11-22 09:40:04.000000,1026,381.080551,384.4261836875,-3.345632687499972,-4.627268932905861,1.2816362454058892,04–06,True,-5.040822832144677
D3,2017-11-22 09:45:03.000000,1026,383.470503,384.44052907266433,-0.9700260726643251,-4.578405189115025,3.6083791164507,04–06,True,-4.982510879703273
D3,2017-11-22 09:50:01.000000,1026,371.55145,384.4087356423611,-12.857285642361092,-4.527418293396064,-8.329867348965028,04–06,True,-4.922028739745262
D3,2017-11-22 09:55:03.000000,1026,377.694848,384.4679879965398,-6.77313999653984,-4.473442665297624,-2.299697331242216,04–06,True,-4.858354898445371
D3,2017-11-22 10:00:04.000000,1026,374.155871,384.45629080208334,-10.300419802083354,-4.417363330396606,-5.883056471686748,04–06,True,-4.792538450102942
D3,2017-11-22 10:05:03.000000,1026,376.607129,384.51310226388887,-7.905973263888882,-4.359427196849291,-3.546546067039591,04–06,True,-4.724864324512167
D3,2017-11-22 10:10:04.000000,1026,382.413403,384.50616597560975,-2.0927629756097303,-4.298886989067614,2.2061240134578837,04–06,True,-4.654459642885643
D3,2017-11-22 10:15:01.000000,1026,382.489996,384.4953886597222,-2.0053926597221903,-4.236999746767452,2.231607087045262,04–06,True,-4.5827832900283845
D3,2017-11-22 10:20:05.000000,1026,372.225587,384.56338922648087,-12.337802226480846,-4.171470837989033,-8.166331388491813,04–06,True,-4.50718201281258
D3,2017-11-22 10:25:03.000000,1026,390.073369,384.597178912892,5.476190087108023,-4.105122385413785,9.581312472521809,04–06,True,-4.430913111419004
D3,2017-11-22 10:30:01.000000,1026,373.052931,384.5894368055556,-11.536505805555578,-4.036713476697262,-7.499792328858316,04–06,True,-4.352542033984928
D3,2017-11-22 10:35:02.000000,1026,392.861684,384.6029475659722,8.25873643402781,-3.96555693779558,12.22429337182339,04–06,True,-4.271285449379208
D3,2017-11-22 10:40:02.000000,1026,381.218405,384.6702384375,-3.4518334374999995,-3.892611612499649,0.44077817499964933,04–06,True,-4.188240840228645
D3,2017-11-22 10:45:04.000000,1026,385.140301,384.7730644425087,0.3672365574913101,-3.817173088429326,4.184409645920637,04–06,True,-4.10260750815561
D3,2017-11-22 10:50:02.000000,1026,381.325661,384.76976546527777,-3.4441044652777464,-3.7407954415830753,0.2966909763053289,04–06,True,-4.016147142061044
D3,2017-11-22 10:55:01.000000,1026,380.682233,384.76976546527777,-4.087532465277775,-3.6622626536928964,-0.42526981158487853,04–06,True,-3.927479682096284
D3,2017-11-22 11:00:03.000000,1026,375.182441,384.78464840418116,-9.602207404181172,-3.581048945398509,-6.021158458782663,04–06,True,-3.8360160681304687
D3,2017-11-22 11:05:02.000000,1026,378.598741,384.7928518645833,-6.194110864583308,-3.4988061672258013,-2.695304697357507,04–06,True,-3.7436166291893542
D3,2017-11-22 11:10:05.000000,1026,384.987227,384.78162761458333,0.20559938541668998,-3.413639644161121,3.619239029577811,04–06,True,-3.648153802626822
D3,2017-11-22 11:15:01.000000,1026,377.112681,384.78162761458333,-7.668946614583319,-3.3287076043117656,-4.340239010271554,04–06,True,-3.5531644340639703
D3,2017-11-22 11:20:02.000000,1026,388.495496,384.75481694791665,3.740679052083351,-3.2406253499474245,6.9813044020307755,04–06,True,-3.4548609282598988
D3,2017-11-22 11:25:04.000000,1026,388.679323,384.7804037326389,3.898919267361123,-3.1505541424056953,7.049473409766819,04–06,True,-3.354545456035388
D3,2017-11-22 11:30:03.000000,1026,388.326867,384.7712065951557,3.555660404844275,-3.059746389172936,6.615406794017211,04–06,True,-3.253610848164795
D3,2017-11-22 11:35:01.000000,1026,380.498339,384.7307205347222,-4.232381534722208,-2.96767013422558,-1.264711400496628,04–06,True,-3.151461871787647
D3,2017-11-22 11:40:02.000000,1026,382.183558,384.7292750622837,-2.5457170622836998,-2.873117676664173,0.3274006143804731,04–06,True,-3.04676064976186
D3,2017-11-22 11:45:01.000000,1026,383.409243,384.730932625,-1.3216896249999763,-2.7776965431575924,1.456006918157616,04–06,True,-2.941288206688556
D3,2017-11-22 11:50:04.000000,1026,391.023146,384.714078825784,6.309067174216011,-2.679523190263753,8.988590364479764,04–06,True,-2.8329644830484666
D3,2017-11-22 11:55:03.000000,1026,373.236691,384.6687478263889,-11.432056826388873,-2.581235967171486,-8.850820859217388,04–06,True,-2.724700613074789
D3,2017-11-22 12:00:02.000000,1026,393.336573,384.69454732291666,8.642025677083325,-2.4815948971179767,11.1236205742013,04–06,True,-2.6151270955933072
D3,2017-11-22 12:05:01.000000,1026,384.098622,384.6754322996516,-0.5768102996516404,-2.3806470882370445,1.803836788585404,04–06,True,-2.5042957345832626
D3,2017-11-22 12:10:05.000000,1026,390.5791,384.65699284375,5.922107156249979,-2.2767206947109337,8.198827850960912,04–06,True,-2.3903754579298235
D3,2017-11-22 12:15:03.000000,1026,390.379829,384.65699284375,5.7228361562499686,-2.1736312562556375,7.896467412505606,04–06,True,-2.2775478394866036
D3,2017-11-22 12:20:03.000000,1026,369.360746,384.6465133541667,-15.285767354166694,-2.068685028675879,-13.217082325490814,04–06,True,-2.162861192584078
D3,2017-11-22 12:25:01.000000,1026,380.896746,384.64507714583334,-3.7483311458333333,-1.9633305255933609,-1.7850006202399724,04–06,True,-2.0478984723612443
D3,2017-11-22 12:30:04.000000,1026,387.622223,384.57629729166666,3.045925708333357,-1.8551272992893477,4.901053007622704,04–06,True,-1.9299992175731773
D3,2017-11-22 12:35:02.000000,1026,374.661535,384.57629729166666,-9.914762291666648,-1.747697090461993,-8.167065201204654,04–06,True,-1.8131097110058287
D3,2017-11-22 12:40:01.000000,1026,367.997252,384.5877340208333,-16.590482020833292,-1.638948271504903,-14.951533749328389,04–06,True,-1.6949508218184626
D3,2017-11-22 12:45:00.000000,1026,379.07354,384.5762970590278,-5.502757059027829,-1.529291098743543,-3.973465960284286,04–06,True,-1.575969128459471
D3,2017-11-22 12:50:01.000000,1026,380.498339,384.5681573159722,-4.069818315972213,-1.4180354274528093,-2.651782888519404,04–06,True,-1.4554174377178815
D3,2017-11-22 12:55:04.000000,1026,373.696292,384.51808106574396,-10.821789065743928,-1.305217796588239,-9.516571269155689,04–06,True,-1.333338604285089
D3,2017-11-22 13:00:03.000000,1026,367.87473,384.56445492334495,-16.689724923344954,-1.193133676843998,-15.496591246500957,04–06,True,-1.212214914654501
D3,2017-11-22 13:05:03.000000,1026,359.893039,384.52415280139377,-24.63111380139378,-1.079973667652147,-23.551140133741633,04–06,True,-1.0900886302008648
D3,2017-11-22 13:10:01.000000,1026,364.182612,384.5049613472222,-20.3223493472222,-0.966926011055075,-19.355423336167124,04–06,True,-0.9682413497884681
D3,2017-11-22 13:15:00.000000,1026,371.383022,384.457565125,-13.074543124999991,-0.8529094110817848,-12.221633713918207,04–06,True,-0.8455068199556426
D3,2017-11-22 13:20:00.000000,1026,377.281176,384.4075624340278,-7.126386434027779,-0.7379721179622163,-6.388414316065563,04–06,True,-0.7219385510083072
D3,2017-11-22 13:25:00.000000,1026,364.933275,384.38096502083334,-19.447690020833363,-0.6225492010265381,-18.825140819806826,04–06,True,-0.5980050663403935
D3,2017-11-22 13:30:05.000000,1026,381.84659,384.29283910726645,-2.4462491072664534,-0.5047613667824029,-1.9414877404840505,04–06,True,-0.47169243180192777
D3,2017-11-22 13:35:04.000000,1026,357.886095,384.2463642195122,-26.36026921951219,-0.38891443243919643,-25.971354787072993,04–06,True,-0.34761731313510236
D3,2017-11-22 13:40:03.000000,1026,361.79266,384.2192541215278,-22.426594121527785,-0.27275013314135554,-22.15384398838643,04–06,True,-0.2233563803168317
D3,2017-11-22 13:45:02.000000,1026,369.851033,384.2570936794425,-14.406060679442533,-0.156323388846618,-14.249737290595915,04–06,True,-0.0989683812173312
D3,2017-11-22 13:50:04.000000,1026,369.728489,384.29016263541666,-14.56167363541664,-0.03851813755570266,-14.523155497860937,04–06,True,0.026736747330323052
D3,2017-11-22 13:55:02.000000,1026,383.010902,384.29016263541666,-1.2792606354166765,0.07787872881388536,-1.3571393642305618,04–06,True,0.15078599728147557
D3,2017-11-22 14:00:03.000000,1026,369.52933,384.25939013148786,-14.730060131487846,0.19554467409357112,-14.925604805581418,04–06,True,0.2760336295429231
D3,2017-11-22 14:05:01.000000,1026,371.030699,384.28810825087106,-13.257409250871035,0.31207903015088645,-13.569488281021922,04–06,True,0.3999242913426948
D3,2017-11-22 14:10:01.000000,1026,370.923376,384.26526822222223,-13.341892222222214,0.42938127579406027,-13.771273498016274,04–06,True,0.5244781348570582
D3,2017-11-22 14:15:00.000000,1026,377.174009,384.2704286909722,-7.096419690972198,0.54622295195303,-7.642642642925228,04–06,True,0.648389992019176
D3,2017-11-22 14:20:05.000000,1026,363.830245,384.2007969895833,-20.370551989583305,0.6652803689616347,-21.03583235854494,04–06,True,0.7744942569192159
D3,2017-11-22 14:25:04.000000,1026,375.504189,384.1973684532872,-8.6931794532872,0.7818131936713426,-9.474992646958544,04–06,True,0.8977700224848046
D3,2017-11-22 14:30:04.000000,1026,365.117168,384.13105896875,-19.01389096874999,0.8984983830728481,-19.91238935182284,04–06,True,1.0210530146211125
D3,2017-11-22 14:35:05.000000,1026,367.445838,384.1159975813149,-16.67015958131492,1.0152777458248017,-17.68543732713972,04–06,True,1.1442802065096398
D3,2017-11-22 14:40:04.000000,1026,378.338254,384.1067773101045,-5.768523310104513,1.1309336230809803,-6.899456933185493,04–06,True,1.2661674822800901
D3,2017-11-22 14:45:03.000000,1026,372.10302,384.0344476236934,-11.931427623693367,1.2461883141407073,-13.177615937834073,04–06,True,1.3874776098004873
D3,2017-11-22 14:50:03.000000,1026,377.756042,384.0327392264808,-6.276697226480849,1.3613704468593948,-7.6380676733402435,04–06,True,1.5085557050913432
D3,2017-11-22 14:55:03.000000,1026,371.413619,384.00259384375,-12.588974843750009,1.4760390300333532,-14.065013873783363,04–06,True,1.6289374216400414
D3,2017-11-22 15:00:05.000000,1026,367.706124,383.97913510069446,-16.273011100694475,1.5908981289196986,-17.863909229614173,04–06,True,1.749360327556243
D3,2017-11-22 15:05:04.000000,1026,380.05407,383.92370661111113,-3.8696366111111047,1.7039946728504822,-5.573631283961587,04–06,True,1.8677775358363382
D3,2017-11-22 15:10:05.000000,1026,379.012413,383.939345875,-4.926932875000034,1.8171687198153221,-6.744101594815357,04–06,True,1.9861164667933222
D3,2017-11-22 15:15:03.000000,1026,379.196218,383.94307770934256,-4.746859709342573,1.9284905574719935,-6.675350266814567,04–06,True,2.1023601398966543
D3,2017-11-22 15:20:04.000000,1026,383.148778,383.92828779238755,-0.7795097923875574,2.040148137753158,-2.8196579301407154,04–06,True,2.2187932422713414
D3,2017-11-22 15:25:01.000000,1026,392.800334,383.92227055555554,8.878063444444479,2.149496643534664,6.728566800909815,04–06,True,2.3326586461273715
D3,2017-11-22 15:30:02.000000,1026,377.633632,383.91237635069444,-6.278744350694467,2.2594289784530326,-8.538173329147499,04–06,True,2.446968753312716
D3,2017-11-22 15:35:02.000000,1026,375.841112,383.85811796527776,-8.017005965277747,2.3680536025235916,-10.385059567801338,04–06,True,2.5597542353528855
D3,2017-11-22 15:40:02.000000,1026,380.421813,383.72778092334494,-3.3059679233449515,2.475685550389096,-5.781653473734048,04–06,True,2.6713430250832095
D3,2017-11-22 15:45:02.000000,1026,389.506556,383.70289680555555,5.803659194444435,2.5822735950716957,3.2213855993727396,04–06,True,2.7816820122834107
D3,2017-11-22 15:50:02.000000,1026,370.494439,383.64805313541666,-13.15361413541666,2.6877670064349033,-15.841381141851564,04–06,True,2.8907186815715145
D3,2017-11-22 15:55:04.000000,1026,396.47721,383.5867733472222,12.890436652777794,2.7928072790890663,10.097629373688727,04–06,True,2.999114360898642
D3,2017-11-22 16:00:02.000000,1026,401.762533,383.60714282578397,18.155390174216052,2.8952696374849496,15.260120536731103,04–06,True,3.104678128747008
D3,2017-11-22 16:05:02.000000,1026,405.22494,383.58450957491294,21.64043042508706,2.9971800971577127,18.643250327929348,04–06,True,3.2094990735255475
D3,2017-11-22 16:10:03.000000,1026,408.580001,383.5645989477352,25.01540205226479,3.098131630658359,21.917270421606432,04–06,True,3.3131558926331897
D3,2017-11-22 16:15:03.000000,1026,388.786558,383.54837144250877,5.238186557491247,3.1974054427324208,2.040781114758826,04–06,True,3.414910528636989
D3,2017-11-22 16:20:03.000000,1026,396.998094,383.49719406249994,13.500899937500037,3.2952918520430448,10.205608085456992,04–06,True,3.515061464250458
D3,2017-11-22 16:25:02.000000,1026,403.953349,383.49719406249994,20.45615493750006,3.3914251948651746,17.064729742634885,04–06,True,3.613235496311067
D3,2017-11-22 16:30:03.000000,1026,394.531527,383.4164200484429,11.115106951557095,3.4867167903588925,7.628390161198203,04–06,True,3.7103623545827533
D3,2017-11-22 16:35:01.000000,1026,397.855991,383.3505283044983,14.505462695501706,3.579546376685059,10.925916318816647,04–06,True,3.804791518945091
D3,2017-11-22 16:40:01.000000,1026,403.279235,383.3532689094077,19.92596609059234,3.6714348320474697,16.25453125854487,04–06,True,3.8980710379237875
D3,2017-11-22 16:45:02.000000,1026,402.467244,383.3044265191638,19.162817480836168,3.7620084449488287,15.400809035887338,04–06,True,3.9898186026798554
D3,2017-11-22 16:50:03.000000,1026,386.105544,383.2847291114982,2.8208148885017863,3.850914875855276,-1.0300999873534895,04–06,True,4.079676306077342
D3,2017-11-22 16:55:00.000000,1026,397.825305,383.275001375,14.550303625000026,3.9369641600648517,10.613339464935175,04–06,True,4.166445515948251
D3,2017-11-22 17:00:00.000000,1026,397.227894,383.31127974305554,13.916614256944456,4.022151796732695,9.894462460211761,04–06,True,4.252139461498188
D3,2017-11-22 17:05:03.000000,1026,402.268041,383.2573410833333,19.01069991666668,4.106384449314446,14.904315467352234,04–06,True,4.336657902154597
D3,2017-11-22 17:10:02.000000,1026,402.099613,383.2573410833333,18.842271916666675,4.187685287338635,14.65458662932804,04–06,True,4.418018383687485
D3,2017-11-22 17:15:02.000000,1026,408.380709,383.1931881875,25.187520812499997,4.26740236722991,20.920118445270088,04–06,True,4.497573274168417
D3,2017-11-22 17:20:04.000000,1026,400.874039,383.20334872569447,17.670690274305514,4.34573513854888,13.324955135756634,04–06,True,4.575518221095095
D3,2017-11-22 17:25:02.000000,1026,410.602188,383.20334872569447,27.398839274305544,4.421109498662926,22.97772977564262,04–06,True,4.6502892321740195
D3,2017-11-22 17:30:02.000000,1026,403.034102,383.1724718780488,19.861630121951237,4.495026393934852,15.366603728016385,04–06,True,4.723377615173747
D3,2017-11-22 17:35:04.000000,1026,409.91272,383.08898065625,26.823739343749992,4.567410896537334,22.25632844721266,04–06,True,4.794704403832632
D3,2017-11-22 17:40:04.000000,1026,398.775171,383.0629154479167,15.71225555208332,4.6372698580074605,11.07498569407586,04–06,True,4.863290962006557
D3,2017-11-22 17:45:03.000000,1026,393.413165,383.0542445069444,10.358920493055564,4.704833643960998,5.654086849094566,04–06,True,4.9293673349912766
D3,2017-11-22 17:50:02.000000,1026,423.624204,383.0460370865052,40.57816691349484,4.7703065814097245,35.80786033208511,04–06,True,4.993134678396599
D3,2017-11-22 17:55:01.000000,1026,399.633045,382.975851550173,16.65719344982699,4.833657716170818,11.823535733656172,04–06,True,5.05456284440752
D3,2017-11-22 18:00:00.000000,1026,402.589788,382.9696655243055,19.620122475694473,4.894857097203688,14.725265378490786,04–06,True,5.1136227911213075
D3,2017-11-22 18:05:00.000000,1026,403.846137,382.9508345069445,20.89530249305551,4.954069487321473,15.941233005734038,04–06,True,5.170472056671169
D3,2017-11-22 18:10:05.000000,1026,404.121844,382.8510951493056,21.270748850694417,5.011989219122853,16.258759631571564,04–06,True,5.225768088162858
D3,2017-11-22 18:15:03.000000,1026,397.442385,382.8356390934256,14.606745906574417,5.066332633269912,9.540413273304505,04–06,True,5.27733384876243
D3,2017-11-22 18:20:01.000000,1026,408.350201,382.8588615486111,25.49133945138891,5.11842939296316,20.372910058425752,04–06,True,5.32644258587999
D3,2017-11-22 18:25:03.000000,1026,398.836476,382.8220508229167,16.014425177083297,5.168908277951116,10.84551689913218,04–06,True,5.3736801553711295
D3,2017-11-22 18:30:02.000000,1026,392.06507,382.82976421527775,9.235305784722243,5.216563952750907,4.018741831971336,04–06,True,5.417916822187347
D3,2017-11-22 18:35:00.000000,1026,399.69444,382.8111994548611,16.883240545138904,5.261739174499851,11.621501370639052,04–06,True,5.459478285616592
D3,2017-11-22 18:40:01.000000,1026,400.062005,382.83598793402774,17.226017065972258,5.304995259142635,11.921021806829621,04–06,True,5.498877003979714
D3,2017-11-22 18:45:04.000000,1026,393.765599,382.852406369338,10.913192630662024,5.346108213422735,5.56708441723929,04–06,True,5.535898480559314
D3,2017-11-22 18:50:03.000000,1026,397.01327,382.88096449477354,14.13230550522644,5.384268464488911,8.748037040737529,04–06,True,5.569818153482774
D3,2017-11-22 18:55:03.000000,1026,387.40771,382.81459340138406,4.59311659861595,5.420132137847039,-0.8270155392310894,04–06,True,5.601226314994483
D3,2017-11-22 19:00:00.000000,1026,394.623384,382.82556152430556,11.797822475694431,5.453228484616972,6.34459399107746,04–06,True,5.62971570440595
D3,2017-11-22 19:05:04.000000,1026,373.405298,382.76423383391,-9.358935833909982,5.484606736459413,-14.843542570369394,04–06,True,5.656178703938248
D3,2017-11-22 19:10:02.000000,1026,369.575259,382.7630050034722,-13.18774600347217,5.512898096951108,-18.70064410042328,04–06,True,5.679458024570785
D3,2017-11-22 19:15:03.000000,1026,383.807427,382.8294980347222,0.9779289652778402,5.538980639060054,-4.561051673782214,04–06,True,5.700285708681042
D3,2017-11-22 19:20:02.000000,1026,390.257241,382.75050432986114,7.506736670138878,5.56239637514144,1.9443402949974375,04–06,True,5.718292579511048
D3,2017-11-22 19:25:02.000000,1026,385.385545,382.730307083045,2.655237916955002,5.583381590638339,-2.928143673683337,04–06,True,5.733664179285398
D3,2017-11-22 19:30:03.000000,1026,376.239408,382.7493374290658,-6.509929429065778,5.6019011195131,-12.111830548578878,04–06,True,5.746366157542806
D3,2017-11-22 19:35:01.000000,1026,370.877447,382.7115367317073,-11.834089731707309,5.6177253529125135,-17.451815084619824,04–06,True,5.756250789518174
D3,2017-11-22 19:40:02.000000,1026,376.178169,382.7018841493056,-6.523715149305588,5.631165304944667,-12.154880454250254,04–06,True,5.763512350657268
D3,2017-11-22 19:45:04.000000,1026,393.152723,382.6492221388889,10.503500861111092,5.642074376709902,4.86142648440119,04–06,True,5.768044685240644
D3,2017-11-22 19:50:03.000000,1026,387.698905,382.6251691916376,5.0737358083624144,5.650328428641631,-0.5765926202792162,04–06,True,5.769812891729924
D3,2017-11-22 19:55:04.000000,1026,380.973406,382.6029632334495,-1.629557233449475,5.6560743067295896,-7.285631540179065,04–06,True,5.768859337187056
D3,2017-11-22 20:00:02.000000,1026,382.306124,382.6271444599303,-0.3210204599303097,5.659226612494329,-5.980247072424639,04–06,True,5.765213900152519
D3,2017-11-22 20:05:00.000000,1026,374.829985,382.64757353125,-7.817588531249953,5.659853828166151,-13.477442359416104,04–06,True,5.758882320773785
D3,2017-11-22 20:10:03.000000,1026,379.119647,382.65874366782003,-3.539096667820047,5.657902272574252,-9.196998940394298,04–06,True,5.749693453344137
D3,2017-11-22 20:15:01.000000,1026,381.478936,382.63194841811844,-1.1530124181184647,5.653437267507579,-6.806449685626044,04–06,True,5.73795486443323
D3,2017-11-22 20:20:02.000000,1026,381.923227,382.5840133344948,-0.6607863344947873,5.646366734296089,-6.307153068790877,04–06,True,5.723384278177717
D3,2017-11-22 20:25:02.000000,1026,383.240614,382.5926769340278,0.6479370659722008,5.636762456493323,-4.988825390521122,04–06,True,5.706155178249933
D3,2017-11-22 20:30:01.000000,1026,389.016336,382.592447923345,6.423888076655032,5.624654510169503,0.7992335664855297,04–06,True,5.6863027458524895
D3,2017-11-22 20:35:03.000000,1026,391.865867,382.57650615625,9.28936084374999,5.609861242450032,3.6794996012999572,04–06,True,5.663543996644949
D3,2017-11-22 20:40:04.000000,1026,386.565123,382.6132080103806,3.951914989619411,5.59256017822606,-1.6406451886066495,04–06,True,5.638164340397462
D3,2017-11-22 20:45:02.000000,1026,389.613791,382.62538348780487,6.988407512195124,5.572925187019493,1.4154823251756312,04–06,True,5.610397898996466
D3,2017-11-22 20:50:02.000000,1026,389.047,382.6690650902778,6.377934909722228,5.55064881074693,0.8272860989752981,04–06,True,5.579805331107992
D3,2017-11-22 20:55:01.000000,1026,390.47171,382.67806926480836,7.793640735191616,5.525951780361343,2.267688954830273,04–06,True,5.546693803974398
D3,2017-11-22 21:00:01.000000,1026,392.968874,382.6891191423611,10.27975485763892,5.498680659358188,4.7810741982807325,04–06,True,5.510857603916581
D3,2017-11-22 21:05:00.000000,1026,378.476152,382.7395474097222,-4.263395409722193,5.469030141265261,-9.732425550987454,04–06,True,5.472552572130484
D3,2017-11-22 21:10:04.000000,1026,381.34106,382.68156499305553,-1.3405049930555037,5.436369884725287,-6.776874877780791,04–06,True,5.430976541757179
D3,2017-11-22 21:15:00.000000,1026,390.778058,382.68156499305553,8.096493006944456,5.402148647407947,2.694344359536509,04–06,True,5.387965378693878
D3,2017-11-22 21:20:03.000000,1026,374.9066,382.7031574878049,-7.796557487804876,5.3646612510603955,-13.161218738865271,04–06,True,5.341373311866954
D3,2017-11-22 21:25:02.000000,1026,390.395184,382.71332233333334,7.681861666666634,5.325249785111585,2.3566118815550494,04–06,True,5.292875657899241
D3,2017-11-22 21:30:04.000000,1026,384.190569,382.6476270625,1.5429419374999611,5.2830227826242915,-3.7400808451243304,04–06,True,5.24137313516073
D3,2017-11-22 21:35:02.000000,1026,389.93556,382.6476270625,7.287932937499988,5.23899081082881,2.0489421266711787,04–06,True,5.188096143910711
D3,2017-11-22 21:40:01.000000,1026,387.530298,382.65831926388887,4.871978736111146,5.192471636588735,-0.32049290047758916,04–06,True,5.132213114122571
D3,2017-11-22 21:45:01.000000,1026,388.572,382.60801365051907,5.963986349480933,5.143463853468191,0.8205224960127424,04–06,True,5.073726206151954
D3,2017-11-22 21:50:01.000000,1026,393.872722,382.6050188958333,11.267703104166685,5.092142449178864,6.175560654987821,04–06,True,5.012846091369661
D3,2017-11-22 21:55:01.000000,1026,388.633283,382.66890569444445,5.9643773055555585,5.038531849929635,0.9258454556259235,04–06,True,4.949601745413071
D3,2017-11-22 22:00:02.000000,1026,383.133469,382.70858860416666,0.42488039583332693,4.98246756789076,-4.557587172057433,04–06,True,4.883800805606908
D3,2017-11-22 22:05:02.000000,1026,404.397596,382.7620619446367,21.635534055363337,4.924348792044102,16.711185263319237,04–06,True,4.81591178789772
D3,2017-11-22 22:10:04.000000,1026,381.402299,382.78490938408305,-1.3826103840830228,4.863611144850412,-6.246221528933435,04–06,True,4.745276994510039
D3,2017-11-22 22:15:04.000000,1026,403.75419,382.7983808263889,20.9558091736111,4.80108797459258,16.15472119901852,04–06,True,4.672865567096558
D3,2017-11-22 22:20:05.000000,1026,393.658342,382.82270566435983,10.835636335640174,4.736194993771831,6.099441341868343,04–06,True,4.597999364436975
D3,2017-11-22 22:25:03.000000,1026,382.367452,382.85950121527776,-0.4920492152777456,4.669846541196583,-5.161895756474329,04–06,True,4.521730463043401
D3,2017-11-22 22:30:02.000000,1026,395.174888,382.83100257142854,12.343885428571468,4.60120463948937,7.742680789082098,04–06,True,4.443092897541952
D3,2017-11-22 22:35:02.000000,1026,404.366976,382.8481710347222,21.51880496527781,4.530281093578378,16.98852387169943,04–06,True,4.362102801003605
D3,2017-11-22 22:40:02.000000,1026,395.481304,382.8368067577855,12.644497242214527,4.457335768282446,8.18716147393208,04–06,True,4.279058191853041
D3,2017-11-22 22:45:04.000000,1026,375.703259,382.82456169896193,-7.121302698961927,4.381897244212124,-11.50319994317405,04–06,True,4.193424859780007
D3,2017-11-22 22:50:00.000000,1026,396.232077,382.81652093749994,13.415556062500059,4.30603853722506,9.109517525274999,04–06,True,4.10755116820895
D3,2017-11-22 22:55:03.000000,1026,385.753199,382.7907216736111,2.962477326388921,4.2264551857050865,-1.2639778593161655,04–06,True,4.017697569166642
D3,2017-11-22 23:00:03.000000,1026,387.147245,382.7907216736111,4.356523326388924,4.145773101181308,0.2107502252076161,04–06,True,3.9268334197548667
D3,2017-11-22 23:05:04.000000,1026,385.707226,382.8631189305555,2.844107069444476,4.062974141500333,-1.2188670720558568,04–06,True,3.8338098439141106
D3,2017-11-22 23:10:04.000000,1026,381.846523,382.8631189305555,-1.0165959305555248,3.978647851934328,-4.995243782489853,04–06,True,3.739289188243272
D3,2017-11-22 23:15:05.000000,1026,376.300646,382.87498146875004,-6.574335468750064,3.892272482488098,-10.466607951238162,04–06,True,3.6426866273943364
D3,2017-11-22 23:20:04.000000,1026,382.689177,382.854873875,-0.16569687500003738,3.804758549333301,-3.9704554243333385,04–06,True,3.5450194391766443
D3,2017-11-22 23:25:04.000000,1026,379.472014,382.86331252249136,-3.391298522491354,3.715278298188493,-7.106576820679847,04–06,True,3.445362807659784
D3,2017-11-22 23:30:02.000000,1026,381.065286,382.8431180416667,-1.7778320416666702,3.6247769073877913,-5.4026089490544615,04–06,True,3.344768400014461
D3,2017-11-22 23:35:02.000000,1026,379.027678,382.82689371428575,-3.799215714285765,3.532082715426973,-7.331298429712739,04–06,True,3.24193388713904
D3,2017-11-22 23:40:01.000000,1026,392.279428,382.8448738993056,9.434554100694413,3.438158488561446,5.996395612132967,04–06,True,3.1379283267942832
D3,2017-11-22 23:45:04.000000,1026,394.163739,382.84184146527775,11.321897534722268,3.3414558895887088,7.98044164513356,04–06,True,3.031040067513667
D3,2017-11-22 23:50:04.000000,1026,371.658751,382.84184146527775,-11.183090465277758,3.244247346046554,-14.427337811324312,04–06,True,2.923781834672867
D3,2017-11-22 23:55:03.000000,1026,387.806139,382.8595491730104,4.946589826989566,3.1459601229542833,1.8006297040352828,04–06,True,2.8155179646991852
D3,2017-11-22 00:00:04.000000,1026,384.328378,387.88632614930555,-3.5579481493055596,3.0456481049861552,-6.603596254291714,06–08,True,2.9215199342532134
D3,2017-11-22 00:05:00.000000,1026,385.048399,387.88632614930555,-2.8379271493055285,2.945710987212034,-5.783638136517562,06–08,True,2.809384455269999
D3,2017-11-22 00:10:04.000000,1026,389.337994,387.92226327526134,1.415730724738637,2.8417887919182725,-1.4260580671796355,06–08,True,2.6928554835128695
D3,2017-11-22 00:15:04.000000,1026,378.322989,387.96414990277776,-9.641160902777756,2.738007505388194,-12.379168408165949,06–08,True,2.576561048089999
D3,2017-11-22 00:20:03.000000,1026,386.488508,387.96414990277776,-1.4756419027777383,2.6334091844586762,-4.1090510872364145,06–08,True,2.45942582009579
D3,2017-11-22 00:25:03.000000,1026,379.042988,387.84120193425605,-8.798213934256069,2.527343985788475,-11.325557920044544,06–08,True,2.3407220675049016
D3,2017-11-22 00:30:00.000000,1026,383.255968,387.8230249444444,-4.567056944444403,2.421286756211659,-6.988343700656062,06–08,True,2.222099645678778
D3,2017-11-22 00:35:04.000000,1026,374.15596,387.78061111418685,-13.624651114186861,2.3116969607819664,-15.936348074968826,06–08,True,2.0996000098532055
D3,2017-11-22 00:40:04.000000,1026,385.416142,387.7668513125,-2.350709312500044,2.202576612995938,-4.553285925495982,06–08,True,1.977697699193907
D3,2017-11-22 00:45:03.000000,1026,387.070786,387.6957832465278,-0.624997246527812,2.092910588313406,-2.717907834841218,06–08,True,1.855256889012712
D3,2017-11-22 00:50:02.000000,1026,379.089028,387.66657913194445,-8.57755113194446,1.9823885756184345,-10.559939707562895,06–08,True,1.7319307671587316
D3,2017-11-22 00:55:05.000000,1026,380.559734,387.6276405208334,-7.0679065208333895,1.8695683105941925,-8.937474831427583,06–08,True,1.6061113889258691
D3,2017-11-22 01:00:02.000000,1026,375.167131,387.6276405208334,-12.460509520833398,1.7582338881598738,-14.218743408993271,06–08,True,1.4820181542089068
D3,2017-11-22 01:05:00.000000,1026,380.498428,387.54066755208333,-7.042239552083345,1.6458327231159595,-8.688072275199303,06–08,True,1.3568042248225303
D3,2017-11-22 01:10:03.000000,1026,386.657114,387.37698854861105,-0.7198745486110738,1.5308894162120736,-2.2507639648231477,06–08,True,1.2288280811026189
D3,2017-11-22 01:15:04.000000,1026,383.485858,387.32164610380624,-3.8357881038062374,1.4161045025083805,-5.251892606314618,06–08,True,1.101097487913162
D3,2017-11-22 01:20:01.000000,1026,392.739096,387.30356937716266,5.435526622837358,1.3023123069057385,4.133214315931619,06–08,True,0.9745388203381053
D3,2017-11-22 01:25:02.000000,1026,385.783841,387.29240903125,-1.508568031249979,1.1865023643400563,-2.6950703955900353,06–08,True,0.8458038659163489
D3,2017-11-22 01:30:05.000000,1026,391.498213,387.26371541463413,4.234497585365887,1.0694855225652018,3.1650120628006846,06–08,True,0.7157959959539377
D3,2017-11-22 01:35:01.000000,1026,390.425758,387.2449059513889,3.1808520486110865,0.9548025999148992,2.2260494486961875,06–08,True,0.588447442640907
D3,2017-11-22 01:40:03.000000,1026,374.033349,387.19159910452964,-13.158250104529657,0.8374742889241547,-13.995724393453811,06–08,True,0.45822864593297075
D3,2017-11-22 01:45:01.000000,1026,376.545912,387.10340834375,-10.557496343750017,0.7214373081106191,-11.278933651860637,06–08,True,0.3295095049487222
D3,2017-11-22 01:50:01.000000,1026,381.049932,387.0697895243055,-6.0198575243055075,0.6044133993738083,-6.624270923679315,06–08,True,0.1997620939593494
D3,2017-11-22 01:55:02.000000,1026,384.803289,387.0335948118467,-2.2303058118466765,0.48684542696891375,-2.7171512388155903,06–08,True,0.06947842614702315
D3,2017-11-22 02:00:05.000000,1026,378.966462,386.95978346874995,-7.9933214687499685,0.36839744660702856,-8.361718915356997,06–08,True,-0.06171277475554904
D3,2017-11-22 02:05:00.000000,1026,381.310218,386.95978346874995,-5.649565468749927,0.253036187789609,-5.902601656539536,06–08,True,-0.18942001098909333
D3,2017-11-22 02:10:02.000000,1026,374.983149,386.8619391487889,-11.87879014878888,0.13495195850422226,-12.013742107293103,06–08,True,-0.32007506086383986
D3,2017-11-22 02:15:01.000000,1026,396.232122,386.83320775778543,9.398914242214573,0.018110607521236055,9.380803634693336,06–08,True,-0.4492885623040874
D3,2017-11-22 02:20:04.000000,1026,384.236542,386.8403606968641,-2.6038186968640957,-0.10016613680610931,-2.5036525600579864,06–08,True,-0.5800220510161553
D3,2017-11-22 02:25:04.000000,1026,386.672379,386.75281789198607,-0.08043889198609122,-0.21708903788854483,0.1366501459024536,06–08,True,-0.7091921982257259
D3,2017-11-22 02:30:03.000000,1026,386.120809,386.71376015277775,-0.5929511527777436,-0.3333857329582868,-0.2595654198194568,06–08,True,-0.8376041950518562
D3,2017-11-22 02:35:05.000000,1026,384.757315,386.63543632055746,-1.8781213205574545,-0.4505535900420048,-1.4275677305154497,06–08,True,-0.9669107301486957
D3,2017-11-22 02:40:02.000000,1026,386.120898,386.5688057708333,-0.4479077708332966,-0.5654371213190341,0.11752935048573754,06–08,True,-1.0936300731338586
D3,2017-11-22 02:45:02.000000,1026,392.524605,386.5374743888889,5.987130611111127,-0.6810794202994153,6.668210031410542,06–08,True,-1.2211195016258864
D3,2017-11-22 02:50:00.000000,1026,382.091745,386.44693709722225,-4.355192097222243,-0.7954969206553337,-3.5596951765669096,06–08,True,-1.3471919049831929
D3,2017-11-22 02:55:03.000000,1026,386.779636,386.3874869686411,0.39214903135888335,-0.9113148742505528,1.3034639056094361,06–08,True,-1.4747389345383182
D3,2017-11-22 03:00:02.000000,1026,394.255775,386.2550518466899,8.000723153310105,-1.025036000823206,9.025759154133311,06–08,True,-1.5999087947226776
D3,2017-11-22 03:05:01.000000,1026,383.807583,386.19064584722224,-2.38306284722222,-1.138139017979611,-1.2449238292426092,06–08,True,-1.7243304392872663
D3,2017-11-22 03:10:00.000000,1026,377.710203,386.12628046875,-8.416077468750018,-1.2505704530697388,-7.165507015680279,06–08,True,-1.8479450443808474
D3,2017-11-22 03:15:03.000000,1026,377.81737,386.0626709268293,-8.245300926829316,-1.3637664016891944,-6.881534525140122,06–08,True,-1.9723301653385619
D3,2017-11-22 03:20:04.000000,1026,385.661252,385.95238833797913,-0.2911363379791396,-1.4754239819703572,1.1842876439912176,06–08,True,-2.0949545874965656
D3,2017-11-22 03:25:03.000000,1026,373.89554,385.93781290972225,-12.042272909722271,-1.5855059460370473,-10.456766963685224,06–08,True,-2.2157788103439247
D3,2017-11-22 03:30:02.000000,1026,386.672357,385.93781290972225,0.7345440902777227,-1.6947048226702353,2.429248912947958,06–08,True,-2.3355636476042028
D3,2017-11-22 03:35:04.000000,1026,398.836409,385.7817408298611,13.054668170138882,-1.804050337104477,14.85871850724336,06–08,True,-2.455437580798053
D3,2017-11-22 03:40:00.000000,1026,395.312831,385.7817408298611,9.531090170138896,-1.9102472481199877,11.441337418258883,06–08,True,-2.5717891568588733
D3,2017-11-22 03:45:03.000000,1026,369.299596,385.63657280902777,-16.33697680902776,-2.0179029303418177,-14.319073878685943,06–08,True,-2.689665950045848
D3,2017-11-22 03:50:01.000000,1026,388.985739,385.63657280902777,3.349166190972255,-2.1226930799129096,5.471859270885165,06–08,True,-2.8043323668303595
D3,2017-11-22 03:55:02.000000,1026,395.205552,385.54720593055555,9.658346069444463,-2.227391419545624,11.885737488990086,06–08,True,-2.9188242885578903
D3,2017-11-22 04:00:01.000000,1026,377.740733,385.5207686875,-7.780035687500003,-2.330203673476647,-5.4498320140233565,06–08,True,-3.0311792284715517
D3,2017-11-22 04:05:00.000000,1026,392.218256,385.5394396875,6.6788163124999755,-2.431780763062717,9.110597075562692,06–08,True,-3.1421092791901173
D3,2017-11-22 04:10:02.000000,1026,379.701815,385.54991902430555,-5.848104024305542,-2.533074294704557,-3.315029729600985,06–08,True,-3.252652521164976
D3,2017-11-22 04:15:01.000000,1026,387.223905,385.4944435400697,1.7294614599302918,-2.632024003244642,4.361485463174933,06–08,True,-3.3605605542648562
D3,2017-11-22 04:20:02.000000,1026,385.171032,385.50587449305556,-0.3348424930555325,-2.73024376455278,2.3954012714972475,06–08,True,-3.467593758701252
D3,2017-11-22 04:25:03.000000,1026,384.435612,385.4638512222222,-1.0282392222222256,-2.827020114178095,1.7987808919558694,06–08,True,-3.5729738522267347
D3,2017-11-22 04:30:04.000000,1026,391.942437,385.4127315104167,6.529705489583307,-2.9223066842513816,9.452012173834689,06–08,True,-3.6766503447121313
D3,2017-11-22 04:35:01.000000,1026,396.55378,385.4127315104167,11.14104848958334,-3.014822220902259,14.1558707104856,06–08,True,-3.7772308087208257
D3,2017-11-22 04:40:00.000000,1026,369.360723,385.3740061527778,-16.013283152777774,-3.1064070367249803,-12.906876116052793,06–08,True,-3.876716815318138
D3,2017-11-22 04:45:01.000000,1026,394.745995,385.3378869548611,9.408108045138874,-3.19698611654767,12.605094161686544,06–08,True,-3.9750251864245296
D3,2017-11-22 04:50:00.000000,1026,374.676867,385.3262370486111,-10.649370048611104,-3.2853129749556818,-7.364057073655422,06–08,True,-4.0708030715698715
D3,2017-11-22 04:55:01.000000,1026,368.61015,385.28297324221455,-16.672823242214577,-3.3725268751517437,-13.300296367062833,06–08,True,-4.165285839272283
D3,2017-11-22 05:00:02.000000,1026,383.02619,385.1841619550173,-2.157971955017331,-3.4579896304287057,1.3000176754113748,06–08,True,-4.257781215061622
D3,2017-11-22 05:05:00.000000,1026,375.825802,385.07095665625,-9.245154656250008,-3.540835340257901,-5.704319315992107,06–08,True,-4.347353417501347
D3,2017-11-22 05:10:02.000000,1026,385.125036,385.0094346376307,0.1156013623693184,-3.622961131555837,3.7385624939251554,06–08,True,-4.436053139038074
D3,2017-11-22 05:15:01.000000,1026,387.162666,384.987068728223,2.175597271777008,-3.702415617586281,5.878012889363289,06–08,True,-4.521772312822693
D3,2017-11-22 05:20:03.000000,1026,384.665413,385.06829664583336,-0.4028836458333558,-3.7807548161217914,3.3778711702884356,06–08,True,-4.606189642783976
D3,2017-11-22 05:25:05.000000,1026,381.356325,385.056008375,-3.6996833749999496,-3.8571343218511047,0.15745094685115513,06–08,True,-4.688393700670374
D3,2017-11-22 05:30:01.000000,1026,392.417415,385.056008375,7.361406625000029,-3.930059159747347,11.291465784747377,06–08,True,-4.766778590199975
D3,2017-11-22 05:35:02.000000,1026,384.006675,384.91046766898955,-0.9037926689895812,-4.00221413336668,3.0984214643770986,06–08,True,-4.844230659227244
D3,2017-11-22 05:40:03.000000,1026,387.22386,384.99728104513883,2.226578954861168,-4.072316263805489,6.298895218666657,06–08,True,-4.919370037601298
D3,2017-11-22 05:45:02.000000,1026,377.55695,384.94961864583337,-7.392668645833396,-4.139886989515712,-3.2527816563176843,06–08,True,-4.991684893415369
D3,2017-11-22 05:50:03.000000,1026,390.379763,384.9463735798611,5.433389420138951,-4.205797855605717,9.639187275744668,06–08,True,-5.062107962823834
D3,2017-11-22 05:55:04.000000,1026,384.757427,384.91121208333334,-0.1537850833333323,-4.2695583366731915,4.115773253339859,06–08,True,-5.130113951339576
D3,2017-11-22 06:00:03.000000,1026,378.568188,384.84652721180555,-6.27833921180553,-4.330735979882199,-1.9476032319233312,06–08,False,-5.1952428393398
D3,2017-11-22 06:05:03.000000,1026,386.136119,384.9122698062284,1.2238491937716276,-4.389926272950634,5.613775466722261,06–08,False,-5.258129210025338
D3,2017-11-22 06:10:02.000000,1026,390.962019,384.85541102083334,6.106607979166654,-4.4467066455350395,10.553314624701693,06–08,False,-5.318324106077654
D3,2017-11-22 06:15:04.000000,1026,376.147572,384.81780307291666,-8.670231072916636,-4.501787069712316,-4.1684440032043195,06–08,False,-5.376578824178959
D3,2017-11-22 06:20:03.000000,1026,396.155529,384.85323113541665,11.302297864583352,-4.5540472342744875,15.85634509885784,06–08,False,-5.431708489401704
D3,2017-11-22 06:25:04.000000,1026,376.34662,384.90161606574395,-8.554996065743978,-4.604347368938352,-3.9506486968056267,06–08,False,-5.48462131002974
D3,2017-11-22 06:30:05.000000,1026,380.008141,384.78966390625,-4.781522906249961,-4.652306163953088,-0.1292167422968733,06–08,False,-5.534914613491142
D3,2017-11-22 06:35:05.000000,1026,377.434362,384.78929203124994,-7.354930031249921,-4.697753103218755,-2.6571769280311663,06–08,False,-5.582410400746468
D3,2017-11-22 06:40:01.000000,1026,369.713224,384.78929203124994,-15.076068031249918,-4.740271103359839,-10.33579692789008,06–08,False,-5.626677059797851
D3,2017-11-22 06:45:01.000000,1026,387.377068,384.81721887152776,2.5598491284722513,-4.780989017062943,7.340838145535194,06–08,False,-5.668889870217031
D3,2017-11-22 06:50:01.000000,1026,372.470764,384.80764369444444,-12.336879694444463,-4.819297049875024,-7.517582644569439,06–08,False,-5.708412837442661
D3,2017-11-22 06:55:03.000000,1026,379.655774,384.79618128222995,-5.140407282229944,-4.85540798206424,-0.28499930016570385,06–08,False,-5.745463450350311
D3,2017-11-22 07:00:05.000000,1026,387.622156,384.80992989583336,2.8122261041666547,-4.8890409025966335,7.701267006763288,06–08,False,-5.779751304977478
D3,2017-11-22 07:05:04.000000,1026,383.118137,384.7590820313589,-1.6409450313589105,-4.919882580676615,3.278937549317704,06–08,False,-5.810960582928118
D3,2017-11-22 07:10:04.000000,1026,368.793933,384.71226488194446,-15.918331881944482,-4.948355532108606,-10.969976349835875,06–08,False,-5.839521358174734
D3,2017-11-22 07:15:02.000000,1026,386.932821,384.71226488194446,2.2205561180555264,-4.974173993501948,7.194730111557474,06–08,False,-5.865148350415772
D3,2017-11-22 07:20:01.000000,1026,396.017609,384.7290740208333,11.288534979166684,-4.997598060446471,16.286133039613155,06–08,False,-5.888101221153222
D3,2017-11-22 07:25:03.000000,1026,381.433007,384.7050522179931,-3.2720452179931385,-5.018723171775347,1.7466779537822088,06–08,False,-5.908466862247859
D3,2017-11-22 07:30:04.000000,1026,390.793457,384.6835395034722,6.109917496527771,-5.037234247161609,11.147151743689381,06–08,False,-5.925937797434747
D3,2017-11-22 07:35:00.000000,1026,385.554018,384.6835395034722,0.8704784965277668,-5.052952281767011,5.923430778294778,06–08,False,-5.94035774336797
D3,2017-11-22 07:40:03.000000,1026,379.043055,384.56499884083047,-5.521943840830488,-5.066481532204674,-0.4554623086258145,06–08,False,-5.952276159568785
D3,2017-11-22 07:45:02.000000,1026,386.228021,384.5176794583333,1.7103415416667076,-5.077286473401504,6.787628015068211,06–08,False,-5.961212571317096
D3,2017-11-22 07:50:02.000000,1026,389.552418,384.5140622847223,5.038355715277703,-5.085580895208314,10.123936610486016,06–08,False,-5.967354608356039
D3,2017-11-22 07:55:03.000000,1026,377.311796,384.44232631707314,-7.130530317073124,-5.0913353231261596,-2.039194993946964,06–08,False,-5.970671045259254
D3,2017-11-22 08:00:01.000000,1026,380.758826,384.43028145486113,-3.671455454861132,-5.094496100518454,1.4230406456573226,06–08,True,-5.971144536693004
D3,2017-11-22 08:05:03.000000,1026,386.8103,384.3900129513889,2.420287048611101,-5.095123146491856,7.515410195102957,06–08,True,-5.96877179433525
D3,2017-11-22 08:10:04.000000,1026,384.726741,384.3717763910035,0.35496460899651083,-5.093167354182251,5.448131963178762,06–08,True,-5.963550685146038
D3,2017-11-22 08:15:00.000000,1026,388.280983,384.3314991041667,3.949483895833282,-5.088732314431519,9.038216210264801,06–08,True,-5.955637897525115
D3,2017-11-22 08:20:00.000000,1026,389.368703,384.30692341319445,5.061779586805528,-5.0816980447821205,10.143477631587649,06–08,True,-5.944810721066241
D3,2017-11-22 08:25:03.000000,1026,388.311536,384.3184132986111,3.99312270138887,-5.0720020220751705,9.065124723464042,06–08,True,-5.931011668566915
D3,2017-11-22 08:30:00.000000,1026,375.5041,384.3184132986111,-8.814313298611125,-5.059975062199818,-3.754338236411307,06–08,True,-5.914699364296392
D3,2017-11-22 08:35:03.000000,1026,382.398094,384.31170627177704,-1.9136122717770263,-5.045137086667234,3.1315248148902075,06–08,True,-5.895222672268129
D3,2017-11-22 08:40:05.000000,1026,384.558112,384.32516953124997,0.232942468750025,-5.027774298537656,5.260716767287681,06–08,True,-5.872970566277221
D3,2017-11-22 08:45:00.000000,1026,377.173942,384.32516953124997,-7.151227531249958,-5.008341102163728,-2.1428864290862304,06–08,True,-5.84850732904346
D3,2017-11-22 08:50:03.000000,1026,377.37319,384.3716608263889,-6.998470826388882,-4.985846201191755,-2.0126246251971267,06–08,True,-5.820587052000045
D3,2017-11-22 08:55:00.000000,1026,380.26865,384.3716608263889,-4.103010826388925,-4.961314361890199,0.8583035355012747,06–08,True,-5.790485138130318
D3,2017-11-22 09:00:03.000000,1026,380.314579,384.4336316770833,-4.119052677083346,-4.933766350232991,0.8147136731496456,06–08,True,-5.757000013514414
D3,2017-11-22 09:05:03.000000,1026,382.076413,384.4130175605536,-2.33660456055361,-4.903996039075194,2.567391478521584,06–08,True,-5.721100933077391
D3,2017-11-22 09:10:00.000000,1026,391.942549,384.4363975416667,7.506151458333306,-4.872091859008643,12.37824331734195,06–08,True,-5.682886675993448
D3,2017-11-22 09:15:02.000000,1026,374.508305,384.458446799308,-9.950141799307971,-4.837185180241869,-5.112956619066102,06–08,True,-5.641319229562287
D3,2017-11-22 09:20:01.000000,1026,381.586059,384.40256523958334,-2.8165062395833615,-4.800192647385566,1.983686407802204,06–08,True,-5.5974923926179345
D3,2017-11-22 09:25:02.000000,1026,398.867118,384.40793772569447,14.459180274305538,-4.760525629328788,19.219705903634328,06–08,True,-5.55070773291491
D3,2017-11-22 09:30:03.000000,1026,384.542891,384.42171497569444,0.12117602430555507,-4.718442442874135,4.83961846717969,06–08,True,-5.501271892455701
D3,2017-11-22 09:35:03.000000,1026,381.984466,384.4630587439446,-2.4785927439446027,-4.674114966171729,2.195522222227126,06–08,True,-5.449385847996259
D3,2017-11-22 09:40:04.000000,1026,381.080551,384.4261836875,-3.345632687499972,-4.627268932905861,1.2816362454058892,06–08,True,-5.3947285662789035
D3,2017-11-22 09:45:03.000000,1026,383.470503,384.44052907266433,-0.9700260726643251,-4.578405189115025,3.6083791164507,06–08,True,-5.337883571019239
D3,2017-11-22 09:50:01.000000,1026,371.55145,384.4087356423611,-12.857285642361092,-4.527418293396064,-8.329867348965028,06–08,True,-5.278725818330795
D3,2017-11-22 09:55:03.000000,1026,377.694848,384.4679879965398,-6.77313999653984,-4.473442665297624,-2.299697331242216,06–08,True,-5.216253290791384
D3,2017-11-22 10:00:04.000000,1026,374.155871,384.45629080208334,-10.300419802083354,-4.417363330396606,-5.883056471686748,06–08,True,-5.151492519117346
D3,2017-11-22 10:05:03.000000,1026,376.607129,384.51310226388887,-7.905973263888882,-4.359427196849291,-3.546546067039591,06–08,True,-5.084726537464124
D3,2017-11-22 10:10:04.000000,1026,382.413403,384.50616597560975,-2.0927629756097303,-4.298886989067614,2.2061240134578837,06–08,True,-5.015094180525237
D3,2017-11-22 10:15:01.000000,1026,382.489996,384.4953886597222,-2.0053926597221903,-4.236999746767452,2.231607087045262,06–08,True,-4.944039987042416
D3,2017-11-22 10:20:05.000000,1026,372.225587,384.56338922648087,-12.337802226480846,-4.171470837989033,-8.166331388491813,06–08,True,-4.86893131118569
D3,2017-11-22 10:25:03.000000,1026,390.073369,384.597178912892,5.476190087108023,-4.105122385413785,9.581312472521809,06–08,True,-4.793003448021253
D3,2017-11-22 10:30:01.000000,1026,373.052931,384.5894368055556,-11.536505805555578,-4.036713476697262,-7.499792328858316,06–08,True,-4.714832820208666
D3,2017-11-22 10:35:02.000000,1026,392.861684,384.6029475659722,8.25873643402781,-3.96555693779558,12.22429337182339,06–08,True,-4.63363588874655
D3,2017-11-22 10:40:02.000000,1026,381.218405,384.6702384375,-3.4518334374999995,-3.892611612499649,0.44077817499964933,06–08,True,-4.550507891137362
D3,2017-11-22 10:45:04.000000,1026,385.140301,384.7730644425087,0.3672365574913101,-3.817173088429326,4.184409645920637,06–08,True,-4.464646619990484
D3,2017-11-22 10:50:02.000000,1026,381.325661,384.76976546527777,-3.4441044652777464,-3.7407954415830753,0.2966909763053289,06–08,True,-4.377819825393848
D3,2017-11-22 10:55:01.000000,1026,380.682233,384.76976546527777,-4.087532465277775,-3.6622626536928964,-0.42526981158487853,06–08,True,-4.288643607617555
D3,2017-11-22 11:00:03.000000,1026,375.182441,384.78464840418116,-9.602207404181172,-3.581048945398509,-6.021158458782663,06–08,True,-4.196522905903508
D3,2017-11-22 11:05:02.000000,1026,378.598741,384.7928518645833,-6.194110864583308,-3.4988061672258013,-2.695304697357507,06–08,True,-4.103331414148557
D3,2017-11-22 11:10:05.000000,1026,384.987227,384.78162761458333,0.20559938541668998,-3.413639644161121,3.619239029577811,06–08,True,-4.006922699918631
D3,2017-11-22 11:15:01.000000,1026,377.112681,384.78162761458333,-7.668946614583319,-3.3287076043117656,-4.340239010271554,06–08,True,-3.9108705014386427
D3,2017-11-22 11:20:02.000000,1026,388.495496,384.75481694791665,3.740679052083351,-3.2406253499474245,6.9813044020307755,06–08,True,-3.8113460565278556
D3,2017-11-22 11:25:04.000000,1026,388.679323,384.7804037326389,3.898919267361123,-3.1505541424056953,7.049473409766819,06–08,True,-3.709664139654586
D3,2017-11-22 11:30:03.000000,1026,388.326867,384.7712065951557,3.555660404844275,-3.059746389172936,6.615406794017211,06–08,True,-3.607237727728105
D3,2017-11-22 11:35:01.000000,1026,380.498339,384.7307205347222,-4.232381534722208,-2.96767013422558,-1.264711400496628,06–08,True,-3.5034650925997814
D3,2017-11-22 11:40:02.000000,1026,382.183558,384.7292750622837,-2.5457170622836998,-2.873117676664173,0.3274006143804731,06–08,True,-3.3969859592102853
D3,2017-11-22 11:45:01.000000,1026,383.409243,384.730932625,-1.3216896249999763,-2.7776965431575924,1.456006918157616,06–08,True,-3.2896110374635663
D3,2017-11-22 11:50:04.000000,1026,391.023146,384.714078825784,6.309067174216011,-2.679523190263753,8.988590364479764,06–08,True,-3.1792216419088546
D3,2017-11-22 11:55:03.000000,1026,373.236691,384.6687478263889,-11.432056826388873,-2.581235967171486,-8.850820859217388,06–08,True,-3.068784420456529
D3,2017-11-22 12:00:02.000000,1026,393.336573,384.69454732291666,8.642025677083325,-2.4815948971179767,11.1236205742013,06–08,True,-2.9569045308910855
D3,2017-11-22 12:05:01.000000,1026,384.098622,384.6754322996516,-0.5768102996516404,-2.3806470882370445,1.803836788585404,06–08,True,-2.843634867594393
D3,2017-11-22 12:10:05.000000,1026,390.5791,384.65699284375,5.922107156249979,-2.2767206947109337,8.198827850960912,06–08,True,-2.727101445141567
D3,2017-11-22 12:15:03.000000,1026,390.379829,384.65699284375,5.7228361562499686,-2.1736312562556375,7.896467412505606,06–08,True,-2.6115822755102993
D3,2017-11-22 12:20:03.000000,1026,369.360746,384.6465133541667,-15.285767354166694,-2.068685028675879,-13.217082325490814,06–08,True,-2.4940573177663494
D3,2017-11-22 12:25:01.000000,1026,380.896746,384.64507714583334,-3.7483311458333333,-1.9633305255933609,-1.7850006202399724,06–08,True,-2.3761487026533192
D3,2017-11-22 12:30:04.000000,1026,387.622223,384.57629729166666,3.045925708333357,-1.8551272992893477,4.901053007622704,06–08,True,-2.2551262809336983
D3,2017-11-22 12:35:02.000000,1026,374.661535,384.57629729166666,-9.914762291666648,-1.747697090461993,-8.167065201204654,06–08,True,-2.135040872949012
D3,2017-11-22 12:40:01.000000,1026,367.997252,384.5877340208333,-16.590482020833292,-1.638948271504903,-14.951533749328389,06–08,True,-2.0135530171593103
D3,2017-11-22 12:45:00.000000,1026,379.07354,384.5762970590278,-5.502757059027829,-1.529291098743543,-3.973465960284286,06–08,True,-1.891121383745406
D3,2017-11-22 12:50:01.000000,1026,380.498339,384.5681573159722,-4.069818315972213,-1.4180354274528093,-2.651782888519404,06–08,True,-1.7669761377148254
D3,2017-11-22 12:55:04.000000,1026,373.696292,384.51808106574396,-10.821789065743928,-1.305217796588239,-9.516571269155689,06–08,True,-1.6411594621346675
D3,2017-11-22 13:00:03.000000,1026,367.87473,384.56445492334495,-16.689724923344954,-1.193133676843998,-15.496591246500957,06–08,True,-1.516230615553802
D3,2017-11-22 13:05:03.000000,1026,359.893039,384.52415280139377,-24.63111380139378,-1.079973667652147,-23.551140133741633,06–08,True,-1.390171799726784
D3,2017-11-22 13:10:01.000000,1026,364.182612,384.5049613472222,-20.3223493472222,-0.966926011055075,-19.355423336167124,06–08,True,-1.264306357891609
D3,2017-11-22 13:15:00.000000,1026,371.383022,384.457565125,-13.074543124999991,-0.8529094110817848,-12.221633713918207,06–08,True,-1.137430051127773
D3,2017-11-22 13:20:00.000000,1026,377.281176,384.4075624340278,-7.126386434027779,-0.7379721179622163,-6.388414316065563,06–08,True,-1.0095972509529527
D3,2017-11-22 13:25:00.000000,1026,364.933275,384.38096502083334,-19.447690020833363,-0.6225492010265381,-18.825140819806826,06–08,True,-0.8812921785249124
D3,2017-11-22 13:30:05.000000,1026,381.84659,384.29283910726645,-2.4462491072664534,-0.5047613667824029,-1.9414877404840505,06–08,True,-0.7504274936244955
D3,2017-11-22 13:35:04.000000,1026,357.886095,384.2463642195122,-26.36026921951219,-0.38891443243919643,-25.971354787072993,06–08,True,-0.6217867089847409
D3,2017-11-22 13:40:03.000000,1026,361.79266,384.2192541215278,-22.426594121527785,-0.27275013314135554,-22.15384398838643,06–08,True,-0.49286014360352803
D3,2017-11-22 13:45:02.000000,1026,369.851033,384.2570936794425,-14.406060679442533,-0.156323388846618,-14.249737290595915,06–08,True,-0.3637087511608157
D3,2017-11-22 13:50:04.000000,1026,369.728489,384.29016263541666,-14.56167363541664,-0.03851813755570266,-14.523155497860937,06–08,True,-0.2330954928057456
D3,2017-11-22 13:55:02.000000,1026,383.010902,384.29016263541666,-1.2792606354166765,0.07787872881388536,-1.3571393642305618,06–08,True,-0.10410992381758044
D3,2017-11-22 14:00:03.000000,1026,369.52933,384.25939013148786,-14.730060131487846,0.19554467409357112,-14.925604805581418,06–08,True,0.02621532916476843
D3,2017-11-22 14:05:01.000000,1026,371.030699,384.28810825087106,-13.257409250871035,0.31207903015088645,-13.569488281021922,06–08,True,0.15522131770089187
D3,2017-11-22 14:10:01.000000,1026,370.923376,384.26526822222223,-13.341892222222214,0.42938127579406027,-13.771273498016274,06–08,True,0.2850111367790036
D3,2017-11-22 14:15:00.000000,1026,377.174009,384.2704286909722,-7.096419690972198,0.54622295195303,-7.642642642925228,06–08,True,0.41422521880193175
D3,2017-11-22 14:20:05.000000,1026,363.830245,384.2007969895833,-20.370551989583305,0.6652803689616347,-21.03583235854494,06–08,True,0.5458215995706226
D3,2017-11-22 14:25:04.000000,1026,375.504189,384.1973684532872,-8.6931794532872,0.7818131936713426,-9.474992646958544,06–08,True,0.6745607005551664
D3,2017-11-22 14:30:04.000000,1026,365.117168,384.13105896875,-19.01389096874999,0.8984983830728481,-19.91238935182284,06–08,True,0.8034015520467293
D3,2017-11-22 14:35:05.000000,1026,367.445838,384.1159975813149,-16.67015958131492,1.0152777458248017,-17.68543732713972,06–08,True,0.9322792324781353
D3,2017-11-22 14:40:04.000000,1026,378.338254,384.1067773101045,-5.768523310104513,1.1309336230809803,-6.899456933185493,06–08,True,1.0598502687191131
D3,2017-11-22 14:45:03.000000,1026,372.10302,384.0344476236934,-11.931427623693367,1.2461883141407073,-13.177615937834073,06–08,True,1.186912044261946
D3,2017-11-22 14:50:03.000000,1026,377.756042,384.0327392264808,-6.276697226480849,1.3613704468593948,-7.6380676733402435,06–08,True,1.313826516376762
D3,2017-11-22 14:55:03.000000,1026,371.413619,384.00259384375,-12.588974843750009,1.4760390300333532,-14.065013873783363,06–08,True,1.4401074368677627
D3,2017-11-22 15:00:05.000000,1026,367.706124,383.97913510069446,-16.273011100694475,1.5908981289196986,-17.863909229614173,06–08,True,1.5665294893467316
D3,2017-11-22 15:05:04.000000,1026,380.05407,383.92370661111113,-3.8696366111111047,1.7039946728504822,-5.573631283961587,06–08,True,1.6909433280524557
D3,2017-11-22 15:10:05.000000,1026,379.012413,383.939345875,-4.926932875000034,1.8171687198153221,-6.744101594815357,06–08,True,1.8153734853715173
D3,2017-11-22 15:15:03.000000,1026,379.196218,383.94307770934256,-4.746859709342573,1.9284905574719935,-6.675350266814567,06–08,True,1.9376986676680041
D3,2017-11-22 15:20:04.000000,1026,383.148778,383.92828779238755,-0.7795097923875574,2.040148137753158,-2.8196579301407154,06–08,True,2.06032308982601
D3,2017-11-22 15:25:01.000000,1026,392.800334,383.92227055555554,8.878063444444479,2.149496643534664,6.728566800909815,06–08,True,2.180342513433027
D3,2017-11-22 15:30:02.000000,1026,377.633632,383.91237635069444,-6.278744350694467,2.2594289784530326,-8.538173329147499,06–08,True,2.3009321499336437
D3,2017-11-22 15:35:02.000000,1026,375.841112,383.85811796527776,-8.017005965277747,2.3680536025235916,-10.385059567801338,06–08,True,2.420016020557946
D3,2017-11-22 15:40:02.000000,1026,380.421813,383.72778092334494,-3.3059679233449515,2.475685550389096,-5.781653473734048,06–08,True,2.537939853265457
D3,2017-11-22 15:45:02.000000,1026,389.506556,383.70289680555555,5.803659194444435,2.5822735950716957,3.2213855993727396,06–08,True,2.654647522698553
D3,2017-11-22 15:50:02.000000,1026,370.494439,383.64805313541666,-13.15361413541666,2.6877670064349033,-15.841381141851564,06–08,True,2.77008348232744
D3,2017-11-22 15:55:04.000000,1026,396.47721,383.5867733472222,12.890436652777794,2.7928072790890663,10.097629373688727,06–08,True,2.8849489457009367
D3,2017-11-22 16:00:02.000000,1026,401.762533,383.60714282578397,18.155390174216052,2.8952696374849496,15.260120536731103,06–08,True,2.996921138527487
D3,2017-11-22 16:05:02.000000,1026,405.22494,383.58450957491294,21.64043042508706,2.9971800971577127,18.643250327929348,06–08,True,3.108214872659783
D3,2017-11-22 16:10:03.000000,1026,408.580001,383.5645989477352,25.01540205226479,3.098131630658359,21.917270421606432,06–08,True,3.218384497866869
D3,2017-11-22 16:15:03.000000,1026,388.786558,383.54837144250877,5.238186557491247,3.1974054427324208,2.040781114758826,06–08,True,3.32664558422441
D3,2017-11-22 16:20:03.000000,1026,396.998094,383.49719406249994,13.500899937500037,3.2952918520430448,10.205608085456992,06–08,True,3.4333151260957617
D3,2017-11-22 16:25:02.000000,1026,403.953349,383.49719406249994,20.45615493750006,3.3914251948651746,17.064729742634885,06–08,True,3.5379950473444475
D3,2017-11-22 16:30:03.000000,1026,394.531527,383.4164200484429,11.115106951557095,3.4867167903588925,7.628390161198203,06–08,True,3.6416772823331756
D3,2017-11-22 16:35:01.000000,1026,397.855991,383.3505283044983,14.505462695501706,3.579546376685059,10.925916318816647,06–08,True,3.7425993110502693
D3,2017-11-22 16:40:01.000000,1026,403.279235,383.3532689094077,19.92596609059234,3.6714348320474697,16.25453125854487,06–08,True,3.842415011301873
D3,2017-11-22 16:45:02.000000,1026,402.467244,383.3044265191638,19.162817480836168,3.7620084449488287,15.400809035887338,06–08,True,3.940717160114831
D3,2017-11-22 16:50:03.000000,1026,386.105544,383.2847291114982,2.8208148885017863,3.850914875855276,-1.0300999873534895,06–08,True,4.037122920471898
D3,2017-11-22 16:55:00.000000,1026,397.825305,383.275001375,14.550303625000026,3.9369641600648517,10.613339464935175,06–08,True,4.130343710906367
D3,2017-11-22 17:00:00.000000,1026,397.227894,383.31127974305554,13.916614256944456,4.022151796732695,9.894462460211761,06–08,True,4.222541786647067
D3,2017-11-22 17:05:03.000000,1026,402.268041,383.2573410833333,19.01069991666668,4.106384449314446,14.904315467352234,06–08,True,4.31361338451533
D3,2017-11-22 17:10:02.000000,1026,402.099613,383.2573410833333,18.842271916666675,4.187685287338635,14.65458662932804,06–08,True,4.401421641367515
D3,2017-11-22 17:15:02.000000,1026,408.380709,383.1931881875,25.187520812499997,4.26740236722991,20.920118445270088,06–08,True,4.487423950532813
D3,2017-11-22 17:20:04.000000,1026,400.874039,383.20334872569447,17.670690274305514,4.34573513854888,13.324955135756634,06–08,True,4.5718340183814945
D3,2017-11-22 17:25:02.000000,1026,410.602188,383.20334872569447,27.398839274305544,4.421109498662926,22.97772977564262,06–08,True,4.652956620492722
D3,2017-11-22 17:30:02.000000,1026,403.034102,383.1724718780488,19.861630121951237,4.495026393934852,15.366603728016385,06–08,True,4.732408196701647
D3,2017-11-22 17:35:04.000000,1026,409.91272,383.08898065625,26.823739343749992,4.567410896537334,22.25632844721266,06–08,True,4.810106099316615
D3,2017-11-22 17:40:04.000000,1026,398.775171,383.0629154479167,15.71225555208332,4.6372698580074605,11.07498569407586,06–08,True,4.88498427759777
D3,2017-11-22 17:45:03.000000,1026,393.413165,383.0542445069444,10.358920493055564,4.704833643960998,5.654086849094566,06–08,True,4.95729132431351
D3,2017-11-22 17:50:02.000000,1026,423.624204,383.0460370865052,40.57816691349484,4.7703065814097245,35.80786033208511,06–08,True,5.027246484848518
D3,2017-11-22 17:55:01.000000,1026,399.633045,382.975851550173,16.65719344982699,4.833657716170818,11.823535733656172,06–08,True,5.094816685922248
D3,2017-11-22 18:00:00.000000,1026,402.589788,382.9696655243055,19.620122475694473,4.894857097203688,14.725265378490786,06–08,True,5.159969981811187
D3,2017-11-22 18:05:00.000000,1026,403.846137,382.9508345069445,20.89530249305551,4.954069487321473,15.941233005734038,06–08,True,5.222881146748007
D3,2017-11-22 18:10:05.000000,1026,404.121844,382.8510951493056,21.270748850694417,5.011989219122853,16.258759631571564,06–08,True,5.2842839181014245
D3,2017-11-22 18:15:03.000000,1026,397.442385,382.8356390934256,14.606745906574417,5.066332633269912,9.540413273304505,06–08,True,5.341758680293603
D3,2017-11-22 18:20:01.000000,1026,408.350201,382.8588615486111,25.49133945138891,5.11842939296316,20.372910058425752,06–08,True,5.396716707005259
D3,2017-11-22 18:25:03.000000,1026,398.836476,382.8220508229167,16.014425177083297,5.168908277951116,10.84551689913218,06–08,True,5.449818345466703
D3,2017-11-22 18:30:02.000000,1026,392.06507,382.82976421527775,9.235305784722243,5.216563952750907,4.018741831971336,06–08,True,5.499794857530698
D3,2017-11-22 18:35:00.000000,1026,399.69444,382.8111994548611,16.883240545138904,5.261739174499851,11.621501370639052,06–08,True,5.5470089500672675
D3,2017-11-22 18:40:01.000000,1026,400.062005,382.83598793402774,17.226017065972258,5.304995259142635,11.921021806829621,06–08,True,5.592045562127291
D3,2017-11-22 18:45:04.000000,1026,393.765599,382.852406369338,10.913192630662024,5.346108213422735,5.56708441723929,06–08,True,5.634666949355217
D3,2017-11-22 18:50:03.000000,1026,397.01327,382.88096449477354,14.13230550522644,5.384268464488911,8.748037040737529,06–08,True,5.674035757364656
D3,2017-11-22 18:55:03.000000,1026,387.40771,382.81459340138406,4.59311659861595,5.420132137847039,-0.8270155392310894,06–08,True,5.710831952679753
D3,2017-11-22 19:00:00.000000,1026,394.623384,382.82556152430556,11.797822475694431,5.453228484616972,6.34459399107746,06–08,True,5.744574710300956
D3,2017-11-22 19:05:04.000000,1026,373.405298,382.76423383391,-9.358935833909982,5.484606736459413,-14.843542570369394,06–08,True,5.77632908525756
D3,2017-11-22 19:10:02.000000,1026,369.575259,382.7630050034722,-13.18774600347217,5.512898096951108,-18.70064410042328,06–08,True,5.804708616231122
D3,2017-11-22 19:15:03.000000,1026,383.807427,382.8294980347222,0.9779289652778402,5.538980639060054,-4.561051673782214,06–08,True,5.830598232441116
D3,2017-11-22 19:20:02.000000,1026,390.257241,382.75050432986114,7.506736670138878,5.56239637514144,1.9443402949974375,06–08,True,5.853541837658507
D3,2017-11-22 19:25:02.000000,1026,385.385545,382.730307083045,2.655237916955002,5.583381590638339,-2.928143673683337,06–08,True,5.873772612325206
D3,2017-11-22 19:30:03.000000,1026,376.239408,382.7493374290658,-6.509929429065778,5.6019011195131,-12.111830548578878,06–08,True,5.891252939501952
D3,2017-11-22 19:35:01.000000,1026,370.877447,382.7115367317073,-11.834089731707309,5.6177253529125135,-17.451815084619824,06–08,True,5.905770313701895
D3,2017-11-22 19:40:02.000000,1026,376.178169,382.7018841493056,-6.523715149305588,5.631165304944667,-12.154880454250254,06–08,True,5.917610063640464
D3,2017-11-22 19:45:04.000000,1026,393.152723,382.6492221388889,10.503500861111092,5.642074376709902,4.86142648440119,06–08,True,5.926631391597771
D3,2017-11-22 19:50:03.000000,1026,387.698905,382.6251691916376,5.0737358083624144,5.650328428641631,-0.5765926202792162,06–08,True,5.932738849831574
D3,2017-11-22 19:55:04.000000,1026,380.973406,382.6029632334495,-1.629557233449475,5.6560743067295896,-7.285631540179065,06–08,True,5.936045812212776
D3,2017-11-22 20:00:02.000000,1026,382.306124,382.6271444599303,-0.3210204599303097,5.659226612494329,-5.980247072424639,06–08,True,5.936509920583298
D3,2017-11-22 20:05:00.000000,1026,374.829985,382.64757353125,-7.817588531249953,5.659853828166151,-13.477442359416104,06–08,True,5.934177985624838
D3,2017-11-22 20:10:03.000000,1026,379.119647,382.65874366782003,-3.539096667820047,5.657902272574252,-9.196998940394298,06–08,True,5.928941251924144
D3,2017-11-22 20:15:01.000000,1026,381.478936,382.63194841811844,-1.1530124181184647,5.653437267507579,-6.806449685626044,06–08,True,5.920975001607425
D3,2017-11-22 20:20:02.000000,1026,381.923227,382.5840133344948,-0.6607863344947873,5.646366734296089,-6.307153068790877,06–08,True,5.910097569163625
D3,2017-11-22 20:25:02.000000,1026,383.240614,382.5926769340278,0.6479370659722008,5.636762456493323,-4.988825390521122,06–08,True,5.8964304386598485
D3,2017-11-22 20:30:01.000000,1026,389.016336,382.592447923345,6.423888076655032,5.624654510169503,0.7992335664855297,06–08,True,5.880008291536028
D3,2017-11-22 20:35:03.000000,1026,391.865867,382.57650615625,9.28936084374999,5.609861242450032,3.6794996012999572,06–08,True,5.860591174597571
D3,2017-11-22 20:40:04.000000,1026,386.565123,382.6132080103806,3.951914989619411,5.59256017822606,-1.6406451886066495,06–08,True,5.838417417813929
D3,2017-11-22 20:45:02.000000,1026,389.613791,382.62538348780487,6.988407512195124,5.572925187019493,1.4154823251756312,06–08,True,5.8137008068895275
D3,2017-11-22 20:50:02.000000,1026,389.047,382.6690650902778,6.377934909722228,5.55064881074693,0.8272860989752981,06–08,True,5.786052342381363
D3,2017-11-22 20:55:01.000000,1026,390.47171,382.67806926480836,7.793640735191616,5.525951780361343,2.267688954830273,06–08,True,5.755747729980865
D3,2017-11-22 21:00:01.000000,1026,392.968874,382.6891191423611,10.27975485763892,5.498680659358188,4.7810741982807325,06–08,True,5.722598694671737
D3,2017-11-22 21:05:00.000000,1026,378.476152,382.7395474097222,-4.263395409722193,5.469030141265261,-9.732425550987454,06–08,True,5.686841893488599
D3,2017-11-22 21:10:04.000000,1026,381.34106,382.68156499305553,-1.3405049930555037,5.436369884725287,-6.776874877780791,06–08,True,5.6477224301550555
D3,2017-11-22 21:15:00.000000,1026,390.778058,382.68156499305553,8.096493006944456,5.402148647407947,2.694344359536509,06–08,True,5.606971958242145
D3,2017-11-22 21:20:03.000000,1026,374.9066,382.7031574878049,-7.796557487804876,5.3646612510603955,-13.161218738865271,06–08,True,5.562558832664221
D3,2017-11-22 21:25:02.000000,1026,390.395184,382.71332233333334,7.681861666666634,5.325249785111585,2.3566118815550494,06–08,True,5.516076235244352
D3,2017-11-22 21:30:04.000000,1026,384.190569,382.6476270625,1.5429419374999611,5.2830227826242915,-3.7400808451243304,06–08,True,5.466471763537389
D3,2017-11-22 21:35:02.000000,1026,389.93556,382.6476270625,7.287932937499988,5.23899081082881,2.0489421266711787,06–08,True,5.414931612457838
D3,2017-11-22 21:40:01.000000,1026,387.530298,382.65831926388887,4.871978736111146,5.192471636588735,-0.32049290047758916,06–08,True,5.360654581561053
D3,2017-11-22 21:45:01.000000,1026,388.572,382.60801365051907,5.963986349480933,5.143463853468191,0.8205224960127424,06–08,True,5.303640694653179
D3,2017-11-22 21:50:01.000000,1026,393.872722,382.6050188958333,11.267703104166685,5.092142449178864,6.175560654987821,06–08,True,5.244094320660239
D3,2017-11-22 21:55:01.000000,1026,388.633283,382.66890569444445,5.9643773055555585,5.038531849929635,0.9258454556259235,06–08,True,5.1820438004312335
D3,2017-11-22 22:00:02.000000,1026,383.133469,382.70858860416666,0.42488039583332693,4.98246756789076,-4.557587172057433,06–08,True,5.1172994787383645
D3,2017-11-22 22:05:02.000000,1026,404.397596,382.7620619446367,21.635534055363337,4.924348792044102,16.711185263319237,06–08,True,5.050322348194365
D3,2017-11-22 22:10:04.000000,1026,381.402299,382.78490938408305,-1.3826103840830228,4.863611144850412,-6.246221528933435,06–08,True,4.980462682854679
D3,2017-11-22 22:15:04.000000,1026,403.75419,382.7983808263889,20.9558091736111,4.80108797459258,16.15472119901852,06–08,True,4.908678989260863
D3,2017-11-22 22:20:05.000000,1026,393.658342,382.82270566435983,10.835636335640174,4.736194993771831,6.099441341868343,06–08,True,4.8342998135151305
D3,2017-11-22 22:25:03.000000,1026,382.367452,382.85950121527776,-0.4920492152777456,4.669846541196583,-5.161895756474329,06–08,True,4.7583719503506945
D3,2017-11-22 22:30:02.000000,1026,395.174888,382.83100257142854,12.343885428571468,4.60120463948937,7.742680789082098,06–08,True,4.679935270317649
D3,2017-11-22 22:35:02.000000,1026,404.366976,382.8481710347222,21.51880496527781,4.530281093578378,16.98852387169943,06–08,True,4.599004391075992
D3,2017-11-22 22:40:02.000000,1026,395.481304,382.8368067577855,12.644497242214527,4.457335768282446,8.18716147393208,06–08,True,4.515876393466804
D3,2017-11-22 22:45:04.000000,1026,375.703259,382.82456169896193,-7.121302698961927,4.381897244212124,-11.50319994317405,06–08,True,4.430015122319926
D3,2017-11-22 22:50:00.000000,1026,396.232077,382.81652093749994,13.415556062500059,4.30603853722506,9.109517525274999,06–08,True,4.343777929681556
D3,2017-11-22 22:55:03.000000,1026,385.753199,382.7907216736111,2.962477326388921,4.2264551857050865,-1.2639778593161655,06–08,True,4.253408766976713
D3,2017-11-22 23:00:03.000000,1026,387.147245,382.7907216736111,4.356523326388924,4.145773101181308,0.2107502252076161,06–08,True,4.161891408232951
D3,2017-11-22 23:05:04.000000,1026,385.707226,382.8631189305555,2.844107069444476,4.062974141500333,-1.2188670720558568,06–08,True,4.068070008369829
D3,2017-11-22 23:10:04.000000,1026,381.846523,382.8631189305555,-1.0165959305555248,3.978647851934328,-4.995243782489853,06–08,True,3.9726125946539987
D3,2017-11-22 23:15:05.000000,1026,376.300646,382.87498146875004,-6.574335468750064,3.892272482488098,-10.466607951238162,06–08,True,3.8749285457572373
D3,2017-11-22 23:20:04.000000,1026,382.689177,382.854873875,-0.16569687500003738,3.804758549333301,-3.9704554243333385,06–08,True,3.7760471342044926
D3,2017-11-22 23:25:04.000000,1026,379.472014,382.86331252249136,-3.391298522491354,3.715278298188493,-7.106576820679847,06–08,True,3.675032641984028
D3,2017-11-22 23:30:02.000000,1026,381.065286,382.8431180416667,-1.7778320416666702,3.6247769073877913,-5.4026089490544615,06–08,True,3.5729516492233455
D3,2017-11-22 23:35:02.000000,1026,379.027678,382.82689371428575,-3.799215714285765,3.532082715426973,-7.331298429712739,06–08,True,3.46848258098893
D3,2017-11-22 23:40:01.000000,1026,392.279428,382.8448738993056,9.434554100694413,3.438158488561446,5.996395612132967,06–08,True,3.362710922178004
D3,2017-11-22 23:45:04.000000,1026,394.163739,382.84184146527775,11.321897534722268,3.3414558895887088,7.98044164513356,06–08,True,3.253894274843181
D3,2017-11-22 23:50:04.000000,1026,371.658751,382.84184146527775,-11.183090465277758,3.244247346046554,-14.427337811324312,06–08,True,3.1445901442383
D3,2017-11-22 23:55:03.000000,1026,387.806139,382.8595491730104,4.946589826989566,3.1459601229542833,1.8006297040352828,06–08,True,3.0341529227859705
D3,2017-11-22 00:00:04.000000,1026,384.328378,387.88632614930555,-3.5579481493055596,3.0456481049861552,-6.603596254291714,08–10,True,3.155008171647656
D3,2017-11-22 00:05:00.000000,1026,385.048399,387.88632614930555,-2.8379271493055285,2.945710987212034,-5.783638136517562,08–10,True,3.0435716443334067
D3,2017-11-22 00:10:04.000000,1026,389.337994,387.92226327526134,1.415730724738637,2.8417887919182725,-1.4260580671796355,08–10,True,2.9276207235266902
D3,2017-11-22 00:15:04.000000,1026,378.322989,387.96414990277776,-9.641160902777756,2.738007505388194,-12.379168408165949,08–10,True,2.8117575884056176
D3,2017-11-22 00:20:03.000000,1026,386.488508,387.96414990277776,-1.4756419027777383,2.6334091844586762,-4.1090510872364145,08–10,True,2.6949144849619
D3,2017-11-22 00:25:03.000000,1026,379.042988,387.84120193425605,-8.798213934256069,2.527343985788475,-11.325557920044544,08–10,True,2.5763654960673423
D3,2017-11-22 00:30:00.000000,1026,383.255968,387.8230249444444,-4.567056944444403,2.421286756211659,-6.988343700656062,08–10,True,2.457759720753579
D3,2017-11-22 00:35:04.000000,1026,374.15596,387.78061111418685,-13.624651114186861,2.3116969607819664,-15.936348074968826,08–10,True,2.335136390910533
D3,2017-11-22 00:40:04.000000,1026,385.416142,387.7668513125,-2.350709312500044,2.202576612995938,-4.553285925495982,08–10,True,2.2129724981284324
D3,2017-11-22 00:45:03.000000,1026,387.070786,387.6957832465278,-0.624997246527812,2.092910588313406,-2.717907834841218,08–10,True,2.090133202255748
D3,2017-11-22 00:50:02.000000,1026,379.089028,387.66657913194445,-8.57755113194446,1.9823885756184345,-10.559939707562895,08–10,True,1.9662712377613674
D3,2017-11-22 00:55:05.000000,1026,380.559734,387.6276405208334,-7.0679065208333895,1.8695683105941925,-8.937474831427583,08–10,True,1.8397689826735095
D3,2017-11-22 01:00:02.000000,1026,375.167131,387.6276405208334,-12.460509520833398,1.7582338881598738,-14.218743408993271,08–10,True,1.7148700708665603
D3,2017-11-22 01:05:00.000000,1026,380.498428,387.54066755208333,-7.042239552083345,1.6458327231159595,-8.688072275199303,08–10,True,1.5887124903991112
D3,2017-11-22 01:10:03.000000,1026,386.657114,387.37698854861105,-0.7198745486110738,1.5308894162120736,-2.2507639648231477,08–10,True,1.459638401639897
D3,2017-11-22 01:15:04.000000,1026,383.485858,387.32164610380624,-3.8357881038062374,1.4161045025083805,-5.251892606314618,08–10,True,1.3306794009292193
D3,2017-11-22 01:20:01.000000,1026,392.739096,387.30356937716266,5.435526622837358,1.3023123069057385,4.133214315931619,08–10,True,1.2027746956494694
D3,2017-11-22 01:25:02.000000,1026,385.783841,387.29240903125,-1.508568031249979,1.1865023643400563,-2.6950703955900353,08–10,True,1.072540462817548
D3,2017-11-22 01:30:05.000000,1026,391.498213,387.26371541463413,4.234497585365887,1.0694855225652018,3.1650120628006846,08–10,True,0.9408867020412497
D3,2017-11-22 01:35:01.000000,1026,390.425758,387.2449059513889,3.1808520486110865,0.9548025999148992,2.2260494486961875,08–10,True,0.8117986571130498
D3,2017-11-22 01:40:03.000000,1026,374.033349,387.19159910452964,-13.158250104529657,0.8374742889241547,-13.995724393453811,08–10,True,0.6796718830222876
D3,2017-11-22 01:45:01.000000,1026,376.545912,387.10340834375,-10.557496343750017,0.7214373081106191,-11.278933651860637,08–10,True,0.5489390271749239
D3,2017-11-22 01:50:01.000000,1026,381.049932,387.0697895243055,-6.0198575243055075,0.6044133993738083,-6.624270923679315,08–10,True,0.4170338996584664
D3,2017-11-22 01:55:02.000000,1026,384.803289,387.0335948118467,-2.2303058118466765,0.48684542696891375,-2.7171512388155903,08–10,True,0.28445477548324094
D3,2017-11-22 02:00:05.000000,1026,378.966462,386.95978346874995,-7.9933214687499685,0.36839744660702856,-8.361718915356997,08–10,True,0.1508219073438415
D3,2017-11-22 02:05:00.000000,1026,381.310218,386.95978346874995,-5.649565468749927,0.253036187789609,-5.902601656539536,08–10,True,0.02061236198027805
D3,2017-11-22 02:10:02.000000,1026,374.983149,386.8619391487889,-11.87879014878888,0.13495195850422226,-12.013742107293103,08–10,True,-0.11273102362676468
D3,2017-11-22 02:15:01.000000,1026,396.232122,386.83320775778543,9.398914242214573,0.018110607521236055,9.380803634693336,08–10,True,-0.24473112382483908
D3,2017-11-22 02:20:04.000000,1026,384.236542,386.8403606968641,-2.6038186968640957,-0.10016613680610931,-2.5036525600579864,08–10,True,-0.3784139865526881
D3,2017-11-22 02:25:04.000000,1026,386.672379,386.75281789198607,-0.08043889198609122,-0.21708903788854483,0.1366501459024536,08–10,True,-0.5106273663172072
D3,2017-11-22 02:30:03.000000,1026,386.120809,386.71376015277775,-0.5929511527777436,-0.3333857329582868,-0.2595654198194568,08–10,True,-0.6421928438623681
D3,2017-11-22 02:35:05.000000,1026,384.757315,386.63543632055746,-1.8781213205574545,-0.4505535900420048,-1.4275677305154497,08–10,True,-0.774804985930766
D3,2017-11-22 02:40:02.000000,1026,386.120898,386.5688057708333,-0.4479077708332966,-0.5654371213190341,0.11752935048573754,08–10,True,-0.9048917630201379
D3,2017-11-22 02:45:02.000000,1026,392.524605,386.5374743888889,5.987130611111127,-0.6810794202994153,6.668210031410542,08–10,True,-1.0358983711306489
D3,2017-11-22 02:50:00.000000,1026,382.091745,386.44693709722225,-4.355192097222243,-0.7954969206553337,-3.5596951765669096,08–10,True,-1.1655780101691784
D3,2017-11-22 02:55:03.000000,1026,386.779636,386.3874869686411,0.39214903135888335,-0.9113148742505528,1.3034639056094361,08–10,True,-1.296907036177108
D3,2017-11-22 03:00:02.000000,1026,394.255775,386.2550518466899,8.000723153310105,-1.025036000823206,9.025759154133311,08–10,True,-1.4259200994161327
D3,2017-11-22 03:05:01.000000,1026,383.807583,386.19064584722224,-2.38306284722222,-1.138139017979611,-1.2449238292426092,08–10,True,-1.5542935176409562
D3,2017-11-22 03:10:00.000000,1026,377.710203,386.12628046875,-8.416077468750018,-1.2505704530697388,-7.165507015680279,08–10,True,-1.6819665986875827
D3,2017-11-22 03:15:03.000000,1026,377.81737,386.0626709268293,-8.245300926829316,-1.3637664016891944,-6.881534525140122,08–10,True,-1.8105713762814468
D3,2017-11-22 03:20:04.000000,1026,385.661252,385.95238833797913,-0.2911363379791396,-1.4754239819703572,1.1842876439912176,08–10,True,-1.9374921213349965
D3,2017-11-22 03:25:03.000000,1026,373.89554,385.93781290972225,-12.042272909722271,-1.5855059460370473,-10.456766963685224,08–10,True,-2.0626852189674203
D3,2017-11-22 03:30:02.000000,1026,386.672357,385.93781290972225,0.7345440902777227,-1.6947048226702353,2.429248912947958,08–10,True,-2.186937622867016
D3,2017-11-22 03:35:04.000000,1026,398.836409,385.7817408298611,13.054668170138882,-1.804050337104477,14.85871850724336,08–10,True,-2.3114219785831107
D3,2017-11-22 03:40:00.000000,1026,395.312831,385.7817408298611,9.531090170138896,-1.9102472481199877,11.441337418258883,08–10,True,-2.432385846628392
D3,2017-11-22 03:45:03.000000,1026,369.299596,385.63657280902777,-16.33697680902776,-2.0179029303418177,-14.319073878685943,08–10,True,-2.5550775980048703
D3,2017-11-22 03:50:01.000000,1026,388.985739,385.63657280902777,3.349166190972255,-2.1226930799129096,5.471859270885165,08–10,True,-2.674569622726511
D3,2017-11-22 03:55:02.000000,1026,395.205552,385.54720593055555,9.658346069444463,-2.227391419545624,11.885737488990086,08–10,True,-2.7940241200076983
D3,2017-11-22 04:00:01.000000,1026,377.740733,385.5207686875,-7.780035687500003,-2.330203673476647,-5.4498320140233565,08–10,True,-2.9113942674620112
D3,2017-11-22 04:05:00.000000,1026,392.218256,385.5394396875,6.6788163124999755,-2.431780763062717,9.110597075562692,08–10,True,-3.027422469978472
D3,2017-11-22 04:10:02.000000,1026,379.701815,385.54991902430555,-5.848104024305542,-2.533074294704557,-3.315029729600985,08–10,True,-3.143196757560255
D3,2017-11-22 04:15:01.000000,1026,387.223905,385.4944435400697,1.7294614599302918,-2.632024003244642,4.361485463174933,08–10,True,-3.256362332946608
D3,2017-11-22 04:20:02.000000,1026,385.171032,385.50587449305556,-0.3348424930555325,-2.73024376455278,2.3954012714972475,08–10,True,-3.3687645766730485
D3,2017-11-22 04:25:03.000000,1026,384.435612,385.4638512222222,-1.0282392222222256,-2.827020114178095,1.7987808919558694,08–10,True,-3.479587726618547
D3,2017-11-22 04:30:04.000000,1026,391.942437,385.4127315104167,6.529705489583307,-2.9223066842513816,9.452012173834689,08–10,True,-3.5887786847551073
D3,2017-11-22 04:35:01.000000,1026,396.55378,385.4127315104167,11.14104848958334,-3.014822220902259,14.1558707104856,08–10,True,-3.694867746475915
D3,2017-11-22 04:40:00.000000,1026,369.360723,385.3740061527778,-16.013283152777774,-3.1064070367249803,-12.906876116052793,08–10,True,-3.799964473637826
D3,2017-11-22 04:45:01.000000,1026,394.745995,385.3378869548611,9.408108045138874,-3.19698611654767,12.605094161686544,08–10,True,-3.903984318045004
D3,2017-11-22 04:50:00.000000,1026,374.676867,385.3262370486111,-10.649370048611104,-3.2853129749556818,-7.364057073655422,08–10,True,-4.005495831959833
D3,2017-11-22 04:55:01.000000,1026,368.61015,385.28297324221455,-16.672823242214577,-3.3725268751517437,-13.300296367062833,08–10,True,-4.105808337762177
D3,2017-11-22 05:00:02.000000,1026,383.02619,385.1841619550173,-2.157971955017331,-3.4579896304287057,1.3000176754113748,08–10,True,-4.204188614447876
D3,2017-11-22 05:05:00.000000,1026,375.825802,385.07095665625,-9.245154656250008,-3.540835340257901,-5.704319315992107,08–10,True,-4.299638636836125
D3,2017-11-22 05:10:02.000000,1026,385.125036,385.0094346376307,0.1156013623693184,-3.622961131555837,3.7385624939251554,08–10,True,-4.394344589041259
D3,2017-11-22 05:15:01.000000,1026,387.162666,384.987068728223,2.175597271777008,-3.702415617586281,5.878012889363289,08–10,True,-4.48605660077299
D3,2017-11-22 05:20:03.000000,1026,384.665413,385.06829664583336,-0.4028836458333558,-3.7807548161217914,3.3778711702884356,08–10,True,-4.576570738274284
D3,2017-11-22 05:25:05.000000,1026,381.356325,385.056008375,-3.6996833749999496,-3.8571343218511047,0.15745094685115513,08–10,True,-4.664912732441423
D3,2017-11-22 05:30:01.000000,1026,392.417415,385.056008375,7.361406625000029,-3.930059159747347,11.291465784747377,08–10,True,-4.749350670014462
D3,2017-11-22 05:35:02.000000,1026,384.006675,384.91046766898955,-0.9037926689895812,-4.00221413336668,3.0984214643770986,08–10,True,-4.832992743305184
D3,2017-11-22 05:40:03.000000,1026,387.22386,384.99728104513883,2.226578954861168,-4.072316263805489,6.298895218666657,08–10,True,-4.914354175997171
D3,2017-11-22 05:45:02.000000,1026,377.55695,384.94961864583337,-7.392668645833396,-4.139886989515712,-3.2527816563176843,08–10,True,-4.992878529973305
D3,2017-11-22 05:50:03.000000,1026,390.379763,384.9463735798611,5.433389420138951,-4.205797855605717,9.639187275744668,08–10,True,-5.069578633139115
D3,2017-11-22 05:55:04.000000,1026,384.757427,384.91121208333334,-0.1537850833333323,-4.2695583366731915,4.115773253339859,08–10,True,-5.143884741734498
D3,2017-11-22 06:00:03.000000,1026,378.568188,384.84652721180555,-6.27833921180553,-4.330735979882199,-1.9476032319233312,08–10,True,-5.2152917634023135
D3,2017-11-22 06:05:03.000000,1026,386.136119,384.9122698062284,1.2238491937716276,-4.389926272950634,5.613775466722261,08–10,True,-5.284494179903719
D3,2017-11-22 06:10:02.000000,1026,390.962019,384.85541102083334,6.106607979166654,-4.4467066455350395,10.553314624701693,08–10,True,-5.350997942512258
D3,2017-11-22 06:15:04.000000,1026,376.147572,384.81780307291666,-8.670231072916636,-4.501787069712316,-4.1684440032043195,08–10,True,-5.41563584581095
D3,2017-11-22 06:20:03.000000,1026,396.155529,384.85323113541665,11.302297864583352,-4.5540472342744875,15.85634509885784,08–10,True,-5.477093183738478
D3,2017-11-22 06:25:04.000000,1026,376.34662,384.90161606574395,-8.554996065743978,-4.604347368938352,-3.9506486968056267,08–10,True,-5.5363809003584405
D3,2017-11-22 06:30:05.000000,1026,380.008141,384.78966390625,-4.781522906249961,-4.652306163953088,-0.1292167422968733,08–10,True,-5.593050966250713
D3,2017-11-22 06:35:05.000000,1026,377.434362,384.78929203124994,-7.354930031249921,-4.697753103218755,-2.6571769280311663,08–10,True,-5.646901151143034
D3,2017-11-22 06:40:01.000000,1026,369.713224,384.78929203124994,-15.076068031249918,-4.740271103359839,-10.33579692789008,08–10,True,-5.697433374145593
D3,2017-11-22 06:45:01.000000,1026,387.377068,384.81721887152776,2.5598491284722513,-4.780989017062943,7.340838145535194,08–10,True,-5.745989265521038
D3,2017-11-22 06:50:01.000000,1026,372.470764,384.80764369444444,-12.336879694444463,-4.819297049875024,-7.517582644569439,08–10,True,-5.791845107386612
D3,2017-11-22 06:55:03.000000,1026,379.655774,384.79618128222995,-5.140407282229944,-4.85540798206424,-0.28499930016570385,08–10,True,-5.835257454423802
D3,2017-11-22 07:00:05.000000,1026,387.622156,384.80992989583336,2.8122261041666547,-4.8890409025966335,7.701267006763288,08–10,True,-5.875890577561044
D3,2017-11-22 07:05:04.000000,1026,383.118137,384.7590820313589,-1.6409450313589105,-4.919882580676615,3.278937549317704,08–10,True,-5.913362865478485
D3,2017-11-22 07:10:04.000000,1026,368.793933,384.71226488194446,-15.918331881944482,-4.948355532108606,-10.969976349835875,08–10,True,-5.948185381860239
D3,2017-11-22 07:15:02.000000,1026,386.932821,384.71226488194446,2.2205561180555264,-4.974173993501948,7.194730111557474,08–10,True,-5.980007399196062
D3,2017-11-22 07:20:01.000000,1026,396.017609,384.7290740208333,11.288534979166684,-4.997598060446471,16.286133039613155,08–10,True,-6.00914813690811
D3,2017-11-22 07:25:03.000000,1026,381.433007,384.7050522179931,-3.2720452179931385,-5.018723171775347,1.7466779537822088,08–10,True,-6.035732338035889
D3,2017-11-22 07:30:04.000000,1026,390.793457,384.6835395034722,6.109917496527771,-5.037234247161609,11.147151743689381,08–10,True,-6.059366878052549
D3,2017-11-22 07:35:00.000000,1026,385.554018,384.6835395034722,0.8704784965277668,-5.052952281767011,5.923430778294778,08–10,True,-6.079811719205507
D3,2017-11-22 07:40:03.000000,1026,379.043055,384.56499884083047,-5.521943840830488,-5.066481532204674,-0.4554623086258145,08–10,True,-6.09785727311197
D3,2017-11-22 07:45:02.000000,1026,386.228021,384.5176794583333,1.7103415416667076,-5.077286473401504,6.787628015068211,08–10,True,-6.11279714962902
D3,2017-11-22 07:50:02.000000,1026,389.552418,384.5140622847223,5.038355715277703,-5.085580895208314,10.123936610486016,08–10,True,-6.12491714560591
D3,2017-11-22 07:55:03.000000,1026,377.311796,384.44232631707314,-7.130530317073124,-5.0913353231261596,-2.039194993946964,08–10,True,-6.134182719623313
D3,2017-11-22 08:00:01.000000,1026,380.758826,384.43028145486113,-3.671455454861132,-5.094496100518454,1.4230406456573226,08–10,False,-6.140495157058905
D3,2017-11-22 08:05:03.000000,1026,386.8103,384.3900129513889,2.420287048611101,-5.095123146491856,7.515410195102957,08–10,False,-6.143985249700931
D3,2017-11-22 08:10:04.000000,1026,384.726741,384.3717763910035,0.35496460899651083,-5.093167354182251,5.448131963178762,08–10,False,-6.1445501868263905
D3,2017-11-22 08:15:00.000000,1026,388.280983,384.3314991041667,3.949483895833282,-5.088732314431519,9.038216210264801,08–10,False,-6.142268779261799
D3,2017-11-22 08:20:00.000000,1026,389.368703,384.30692341319445,5.061779586805528,-5.0816980447821205,10.143477631587649,08–10,False,-6.137087148839414
D3,2017-11-22 08:25:03.000000,1026,388.311536,384.3184132986111,3.99312270138887,-5.0720020220751705,9.065124723464042,08–10,False,-6.128924085861507
D3,2017-11-22 08:30:00.000000,1026,375.5041,384.3184132986111,-8.814313298611125,-5.059975062199818,-3.754338236411307,08–10,False,-6.118069155079029
D3,2017-11-22 08:35:03.000000,1026,382.398094,384.31170627177704,-1.9136122717770263,-5.045137086667234,3.1315248148902075,08–10,False,-6.104089061725855
D3,2017-11-22 08:40:05.000000,1026,384.558112,384.32516953124997,0.232942468750025,-5.027774298537656,5.260716767287681,08–10,False,-6.087241398647034
D3,2017-11-22 08:45:00.000000,1026,377.173942,384.32516953124997,-7.151227531249958,-5.008341102163728,-2.1428864290862304,08–10,False,-6.067983491949955
D3,2017-11-22 08:50:03.000000,1026,377.37319,384.3716608263889,-6.998470826388882,-4.985846201191755,-2.0126246251971267,08–10,False,-6.0453311974010795
D3,2017-11-22 08:55:00.000000,1026,380.26865,384.3716608263889,-4.103010826388925,-4.961314361890199,0.8583035355012747,08–10,False,-6.020313293350746
D3,2017-11-22 09:00:03.000000,1026,380.314579,384.4336316770833,-4.119052677083346,-4.933766350232991,0.8147136731496456,08–10,False,-5.991931143593742
D3,2017-11-22 09:05:03.000000,1026,382.076413,384.4130175605536,-2.33660456055361,-4.903996039075194,2.567391478521584,08–10,False,-5.960998769231713
D3,2017-11-22 09:10:00.000000,1026,391.942549,384.4363975416667,7.506151458333306,-4.872091859008643,12.37824331734195,08–10,False,-5.927615180223782
D3,2017-11-22 09:15:02.000000,1026,374.508305,384.458446799308,-9.950141799307971,-4.837185180241869,-5.112956619066102,08–10,False,-5.890869275749925
D3,2017-11-22 09:20:01.000000,1026,381.586059,384.40256523958334,-2.8165062395833615,-4.800192647385566,1.983686407802204,08–10,False,-5.851723963008352
D3,2017-11-22 09:25:02.000000,1026,398.867118,384.40793772569447,14.459180274305538,-4.760525629328788,19.219705903634328,08–10,False,-5.809557310439447
D3,2017-11-22 09:30:03.000000,1026,384.542891,384.42171497569444,0.12117602430555507,-4.718442442874135,4.83961846717969,08–10,False,-5.764642121775697
D3,2017-11-22 09:35:03.000000,1026,381.984466,384.4630587439446,-2.4785927439446027,-4.674114966171729,2.195522222227126,08–10,False,-5.717162686795207
D3,2017-11-22 09:40:04.000000,1026,381.080551,384.4261836875,-3.345632687499972,-4.627268932905861,1.2816362454058892,08–10,False,-5.6668252371476715
D3,2017-11-22 09:45:03.000000,1026,383.470503,384.44052907266433,-0.9700260726643251,-4.578405189115025,3.6083791164507,08–10,False,-5.614168704162287
D3,2017-11-22 09:50:01.000000,1026,371.55145,384.4087356423611,-12.857285642361092,-4.527418293396064,-8.329867348965028,08–10,False,-5.559081621294099
D3,2017-11-22 09:55:03.000000,1026,377.694848,384.4679879965398,-6.77313999653984,-4.473442665297624,-2.299697331242216,08–10,False,-5.500626736497954
D3,2017-11-22 10:00:04.000000,1026,374.155871,384.45629080208334,-10.300419802083354,-4.417363330396606,-5.883056471686748,08–10,True,-5.43976053975837
D3,2017-11-22 10:05:03.000000,1026,376.607129,384.51310226388887,-7.905973263888882,-4.359427196849291,-3.546546067039591,08–10,True,-5.376752917390958
D3,2017-11-22 10:10:04.000000,1026,382.413403,384.50616597560975,-2.0927629756097303,-4.298886989067614,2.2061240134578837,08–10,True,-5.310791180402262
D3,2017-11-22 10:15:01.000000,1026,382.489996,384.4953886597222,-2.0053926597221903,-4.236999746767452,2.231607087045262,08–10,True,-5.243246107901896
D3,2017-11-22 10:20:05.000000,1026,372.225587,384.56338922648087,-12.337802226480846,-4.171470837989033,-8.166331388491813,08–10,True,-5.171611588075846
D3,2017-11-22 10:25:03.000000,1026,390.073369,384.597178912892,5.476190087108023,-4.105122385413785,9.581312472521809,08–10,True,-5.098972146675885
D3,2017-11-22 10:30:01.000000,1026,373.052931,384.5894368055556,-11.536505805555578,-4.036713476697262,-7.499792328858316,08–10,True,-5.023972388037821
D3,2017-11-22 10:35:02.000000,1026,392.861684,384.6029475659722,8.25873643402781,-3.96555693779558,12.22429337182339,08–10,True,-4.94585739698281
D3,2017-11-22 10:40:02.000000,1026,381.218405,384.6702384375,-3.4518334374999995,-3.892611612499649,0.44077817499964933,08–10,True,-4.865678787159635
D3,2017-11-22 10:45:04.000000,1026,385.140301,384.7730644425087,0.3672365574913101,-3.817173088429326,4.184409645920637,08–10,True,-4.782661809976159
D3,2017-11-22 10:50:02.000000,1026,381.325661,384.76976546527777,-3.4441044652777464,-3.7407954415830753,0.2966909763053289,08–10,True,-4.698517605655709
D3,2017-11-22 10:55:01.000000,1026,380.682233,384.76976546527777,-4.087532465277775,-3.6622626536928964,-0.42526981158487853,08–10,True,-4.6119078818629635
D3,2017-11-22 11:00:03.000000,1026,375.182441,384.78464840418116,-9.602207404181172,-3.581048945398509,-6.021158458782663,08–10,True,-4.522250990630235
D3,2017-11-22 11:05:02.000000,1026,378.598741,384.7928518645833,-6.194110864583308,-3.4988061672258013,-2.695304697357507,08–10,True,-4.431370513050453
D3,2017-11-22 11:10:05.000000,1026,384.987227,384.78162761458333,0.20559938541668998,-3.413639644161121,3.619239029577811,08–10,True,-4.337172351897115
D3,2017-11-22 11:15:01.000000,1026,377.112681,384.78162761458333,-7.668946614583319,-3.3287076043117656,-4.340239010271554,08–10,True,-4.243150910686125
D3,2017-11-22 11:20:02.000000,1026,388.495496,384.75481694791665,3.740679052083351,-3.2406253499474245,6.9813044020307755,08–10,True,-4.145560084030745
D3,2017-11-22 11:25:04.000000,1026,388.679323,384.7804037326389,3.898919267361123,-3.1505541424056953,7.049473409766819,08–10,True,-4.045684078321859
D3,2017-11-22 11:30:03.000000,1026,388.326867,384.7712065951557,3.555660404844275,-3.059746389172936,6.615406794017211,08–10,True,-3.944912425464954
D3,2017-11-22 11:35:01.000000,1026,380.498339,384.7307205347222,-4.232381534722208,-2.96767013422558,-1.264711400496628,08–10,True,-3.842656351324173
D3,2017-11-22 11:40:02.000000,1026,382.183558,384.7292750622837,-2.5457170622836998,-2.873117676664173,0.3274006143804731,08–10,True,-3.7375738719655986
D3,2017-11-22 11:45:01.000000,1026,383.409243,384.730932625,-1.3216896249999763,-2.7776965431575924,1.456006918157616,08–10,True,-3.631451165014299
D3,2017-11-22 11:50:04.000000,1026,391.023146,384.714078825784,6.309067174216011,-2.679523190263753,8.988590364479764,08–10,True,-3.5221927045607364
D3,2017-11-22 11:55:03.000000,1026,373.236691,384.6687478263889,-11.432056826388873,-2.581235967171486,-8.850820859217388,08–10,True,-3.412734745321834
D3,2017-11-22 12:00:02.000000,1026,393.336573,384.69454732291666,8.642025677083325,-2.4815948971179767,11.1236205742013,08–10,True,-3.3016978182557573
D3,2017-11-22 12:05:01.000000,1026,384.098622,384.6754322996516,-0.5768102996516404,-2.3806470882370445,1.803836788585404,08–10,True,-3.189134419210016
D3,2017-11-22 12:10:05.000000,1026,390.5791,384.65699284375,5.922107156249979,-2.2767206947109337,8.198827850960912,08–10,True,-3.073178581242056
D3,2017-11-22 12:15:03.000000,1026,390.379829,384.65699284375,5.7228361562499686,-2.1736312562556375,7.896467412505606,08–10,True,-2.958087836690149
D3,2017-11-22 12:20:03.000000,1026,369.360746,384.6465133541667,-15.285767354166694,-2.068685028675879,-13.217082325490814,08–10,True,-2.8408562113131377
D3,2017-11-22 12:25:01.000000,1026,380.896746,384.64507714583334,-3.7483311458333333,-1.9633305255933609,-1.7850006202399724,08–10,True,-2.723101787153312
D3,2017-11-22 12:30:04.000000,1026,387.622223,384.57629729166666,3.045925708333357,-1.8551272992893477,4.901053007622704,08–10,True,-2.6020958814135757
D3,2017-11-22 12:35:02.000000,1026,374.661535,384.57629729166666,-9.914762291666648,-1.747697090461993,-8.167065201204654,08–10,True,-2.481888761618328
D3,2017-11-22 12:40:01.000000,1026,367.997252,384.5877340208333,-16.590482020833292,-1.638948271504903,-14.951533749328389,08–10,True,-2.3601413462689496
D3,2017-11-22 12:45:00.000000,1026,379.07354,384.5762970590278,-5.502757059027829,-1.529291098743543,-3.973465960284286,08–10,True,-2.2373126063902014
D3,2017-11-22 12:50:01.000000,1026,380.498339,384.5681573159722,-4.069818315972213,-1.4180354274528093,-2.651782888519404,08–10,True,-2.1126288577767225
D3,2017-11-22 12:55:04.000000,1026,373.696292,384.51808106574396,-10.821789065743928,-1.305217796588239,-9.516571269155689,08–10,True,-1.9861297695081743
D3,2017-11-22 13:00:03.000000,1026,367.87473,384.56445492334495,-16.689724923344954,-1.193133676843998,-15.496591246500957,08–10,True,-1.8603898206154201
D3,2017-11-22 13:05:03.000000,1026,359.893039,384.52415280139377,-24.63111380139378,-1.079973667652147,-23.551140133741633,08–10,True,-1.733380106739513
D3,2017-11-22 13:10:01.000000,1026,364.182612,384.5049613472222,-20.3223493472222,-0.966926011055075,-19.355423336167124,08–10,True,-1.6064346108830139
D3,2017-11-22 13:15:00.000000,1026,371.383022,384.457565125,-13.074543124999991,-0.8529094110817848,-12.221633713918207,08–10,True,-1.478339414550883
D3,2017-11-22 13:20:00.000000,1026,377.281176,384.4075624340278,-7.126386434027779,-0.7379721179622163,-6.388414316065563,08–10,True,-1.3491481096203062
D3,2017-11-22 13:25:00.000000,1026,364.933275,384.38096502083334,-19.447690020833363,-0.6225492010265381,-18.825140819806826,08–10,True,-1.219349413437952
D3,2017-11-22 13:30:05.000000,1026,381.84659,384.29283910726645,-2.4462491072664534,-0.5047613667824029,-1.9414877404840505,08–10,True,-1.0868284283924856
D3,2017-11-22 13:35:04.000000,1026,357.886095,384.2463642195122,-26.36026921951219,-0.38891443243919643,-25.971354787072993,08–10,True,-0.9564298589956968
D3,2017-11-22 13:40:03.000000,1026,361.79266,384.2192541215278,-22.426594121527785,-0.27275013314135554,-22.15384398838643,08–10,True,-0.8256136093735233
D3,2017-11-22 13:45:02.000000,1026,369.851033,384.2570936794425,-14.406060679442533,-0.156323388846618,-14.249737290595915,08–10,True,-0.6944415266075916
D3,2017-11-22 13:50:04.000000,1026,369.728489,384.29016263541666,-14.56167363541664,-0.03851813755570266,-14.523155497860937,08–10,True,-0.5616552922698235
D3,2017-11-22 13:55:02.000000,1026,383.010902,384.29016263541666,-1.2792606354166765,0.07787872881388536,-1.3571393642305618,08–10,True,-0.43039650183447664
D3,2017-11-22 14:00:03.000000,1026,369.52933,384.25939013148786,-14.730060131487846,0.19554467409357112,-14.925604805581418,08–10,True,-0.29764612646690836
D3,2017-11-22 14:05:01.000000,1026,371.030699,384.28810825087106,-13.257409250871035,0.31207903015088645,-13.569488281021922,08–10,True,-0.16611259293376435
D3,2017-11-22 14:10:01.000000,1026,370.923376,384.26526822222223,-13.341892222222214,0.42938127579406027,-13.771273498016274,08–10,True,-0.03365224096273778
D3,2017-11-22 14:15:00.000000,1026,377.174009,384.2704286909722,-7.096419690972198,0.54622295195303,-7.642642642925228,08–10,True,0.0983480261273324
D3,2017-11-22 14:20:05.000000,1026,363.830245,384.2007969895833,-20.370551989583305,0.6652803689616347,-21.03583235854494,08–10,True,0.23291324793158097
D3,2017-11-22 14:25:04.000000,1026,375.504189,384.1973684532872,-8.6931794532872,0.7818131936713426,-9.474992646958544,08–10,True,0.36468563996596925
D3,2017-11-22 14:30:04.000000,1026,365.117168,384.13105896875,-19.01389096874999,0.8984983830728481,-19.91238935182284,08–10,True,0.49669071893838934
D3,2017-11-22 14:35:05.000000,1026,367.445838,384.1159975813149,-16.67015958131492,1.0152777458248017,-17.68543732713972,08–10,True,0.628863259579528
D3,2017-11-22 14:40:04.000000,1026,378.338254,384.1067773101045,-5.768523310104513,1.1309336230809803,-6.899456933185493,08–10,True,0.7598247944763283
D3,2017-11-22 14:45:03.000000,1026,372.10302,384.0344476236934,-11.931427623693367,1.2461883141407073,-13.177615937834073,08–10,True,0.8903926016736685
D3,2017-11-22 14:50:03.000000,1026,377.756042,384.0327392264808,-6.276697226480849,1.3613704468593948,-7.6380676733402435,08–10,True,1.0209392767400822
D3,2017-11-22 14:55:03.000000,1026,371.413619,384.00259384375,-12.588974843750009,1.4760390300333532,-14.065013873783363,08–10,True,1.1509653098258736
D3,2017-11-22 15:00:05.000000,1026,367.706124,383.97913510069446,-16.273011100694475,1.5908981289196986,-17.863909229614173,08–10,True,1.2812696791403138
D3,2017-11-22 15:05:04.000000,1026,380.05407,383.92370661111113,-3.8696366111111047,1.7039946728504822,-5.573631283961587,08–10,True,1.4096363714616968
D3,2017-11-22 15:10:05.000000,1026,379.012413,383.939345875,-4.926932875000034,1.8171687198153221,-6.744101594815357,08–10,True,1.5381535746720285
D3,2017-11-22 15:15:03.000000,1026,379.196218,383.94307770934256,-4.746859709342573,1.9284905574719935,-6.675350266814567,08–10,True,1.6646296499302111
D3,2017-11-22 15:20:04.000000,1026,383.148778,383.92828779238755,-0.7795097923875574,2.040148137753158,-2.8196579301407154,08–10,True,1.7915503949837635
D3,2017-11-22 15:25:01.000000,1026,392.800334,383.92227055555554,8.878063444444479,2.149496643534664,6.728566800909815,08–10,True,1.9159091399391683
D3,2017-11-22 15:30:02.000000,1026,377.633632,383.91237635069444,-6.278744350694467,2.2594289784530326,-8.538173329147499,08–10,True,2.0409958965157777
D3,2017-11-22 15:35:02.000000,1026,375.841112,383.85811796527776,-8.017005965277747,2.3680536025235916,-10.385059567801338,08–10,True,2.1646593378081294
D3,2017-11-22 15:40:02.000000,1026,380.421813,383.72778092334494,-3.3059679233449515,2.475685550389096,-5.781653473734048,08–10,True,2.287257788314452
D3,2017-11-22 15:45:02.000000,1026,389.506556,383.70289680555555,5.803659194444435,2.5822735950716957,3.2213855993727396,08–10,True,2.4087328978122255
D3,2017-11-22 15:50:02.000000,1026,370.494439,383.64805313541666,-13.15361413541666,2.6877670064349033,-15.841381141851564,08–10,True,2.529026850728389
D3,2017-11-22 15:55:04.000000,1026,396.47721,383.5867733472222,12.890436652777794,2.7928072790890663,10.097629373688727,08–10,True,2.648871814202886
D3,2017-11-22 16:00:02.000000,1026,401.762533,383.60714282578397,18.155390174216052,2.8952696374849496,15.260120536731103,08–10,True,2.765842862606026
D3,2017-11-22 16:05:02.000000,1026,405.22494,383.58450957491294,21.64043042508706,2.9971800971577127,18.643250327929348,08–10,True,2.8822522099717593
D3,2017-11-22 16:10:03.000000,1026,408.580001,383.5645989477352,25.01540205226479,3.098131630658359,21.917270421606432,08–10,True,2.9976359606103777
D3,2017-11-22 16:15:03.000000,1026,388.786558,383.54837144250877,5.238186557491247,3.1974054427324208,2.040781114758826,08–10,True,3.1111725589741286
D3,2017-11-22 16:20:03.000000,1026,396.998094,383.49719406249994,13.500899937500037,3.2952918520430448,10.205608085456992,08–10,True,3.223193677521574
D3,2017-11-22 16:25:02.000000,1026,403.953349,383.49719406249994,20.45615493750006,3.3914251948651746,17.064729742634885,08–10,True,3.333280490132163
D3,2017-11-22 16:30:03.000000,1026,394.531527,383.4164200484429,11.115106951557095,3.4867167903588925,7.628390161198203,08–10,True,3.4424769578877994
D3,2017-11-22 16:35:01.000000,1026,397.855991,383.3505283044983,14.505462695501706,3.579546376685059,10.925916318816647,08–10,True,3.5489260201246813
D3,2017-11-22 16:40:01.000000,1026,403.279235,383.3532689094077,19.92596609059234,3.6714348320474697,16.25453125854487,08–10,True,3.654371312410925
D3,2017-11-22 16:45:02.000000,1026,402.467244,383.3044265191638,19.162817480836168,3.7620084449488287,15.400809035887338,08–10,True,3.7583851407430933
D3,2017-11-22 16:50:03.000000,1026,386.105544,383.2847291114982,2.8208148885017863,3.850914875855276,-1.0300999873534895,08–10,True,3.8605632745615024
D3,2017-11-22 16:55:00.000000,1026,397.825305,383.275001375,14.550303625000026,3.9369641600648517,10.613339464935175,08–10,True,3.9595365199327537
D3,2017-11-22 17:00:00.000000,1026,397.227894,383.31127974305554,13.916614256944456,4.022151796732695,9.894462460211761,08–10,True,4.057599679142419
D3,2017-11-22 17:05:03.000000,1026,402.268041,383.2573410833333,19.01069991666668,4.106384449314446,14.904315467352234,08–10,True,4.1546477993165825
D3,2017-11-22 17:10:02.000000,1026,402.099613,383.2573410833333,18.842271916666675,4.187685287338635,14.65458662932804,08–10,True,4.248402862690022
D3,2017-11-22 17:15:02.000000,1026,408.380709,383.1931881875,25.187520812499997,4.26740236722991,20.920118445270088,08–10,True,4.340418126803147
D3,2017-11-22 17:20:04.000000,1026,400.874039,383.20334872569447,17.670690274305514,4.34573513854888,13.324955135756634,08–10,True,4.43092514324343
D3,2017-11-22 17:25:02.000000,1026,410.602188,383.20334872569447,27.398839274305544,4.421109498662926,22.97772977564262,08–10,True,4.518104258095042
D3,2017-11-22 17:30:02.000000,1026,403.034102,383.1724718780488,19.861630121951237,4.495026393934852,15.366603728016385,08–10,True,4.603690556298761
D3,2017-11-22 17:35:04.000000,1026,409.91272,383.08898065625,26.823739343749992,4.567410896537334,22.25632844721266,08–10,True,4.68759919478946
D3,2017-11-22 17:40:04.000000,1026,398.775171,383.0629154479167,15.71225555208332,4.6372698580074605,11.07498569407586,08–10,True,4.768678908692119
D3,2017-11-22 17:45:03.000000,1026,393.413165,383.0542445069444,10.358920493055564,4.704833643960998,5.654086849094566,08–10,True,4.847195544584294
D3,2017-11-22 17:50:02.000000,1026,423.624204,383.0460370865052,40.57816691349484,4.7703065814097245,35.80786033208511,08–10,True,4.923386032659937
D3,2017-11-22 17:55:01.000000,1026,399.633045,382.975851550173,16.65719344982699,4.833657716170818,11.823535733656172,08–10,True,4.997214351711064
D3,2017-11-22 18:00:00.000000,1026,402.589788,382.9696655243055,19.620122475694473,4.894857097203688,14.725265378490786,08–10,True,5.068645597311905
D3,2017-11-22 18:05:00.000000,1026,403.846137,382.9508345069445,20.89530249305551,4.954069487321473,15.941233005734038,08–10,True,5.137872653466328
D3,2017-11-22 18:10:05.000000,1026,404.121844,382.8510951493056,21.270748850694417,5.011989219122853,16.258759631571564,08–10,True,5.205710885565693
D3,2017-11-22 18:15:03.000000,1026,397.442385,382.8356390934256,14.606745906574417,5.066332633269912,9.540413273304505,08–10,True,5.269484321959622
D3,2017-11-22 18:20:01.000000,1026,408.350201,382.8588615486111,25.49133945138891,5.11842939296316,20.372910058425752,08–10,True,5.330748827623935
D3,2017-11-22 18:25:03.000000,1026,398.836476,382.8220508229167,16.014425177083297,5.168908277951116,10.84551689913218,08–10,True,5.390246523276554
D3,2017-11-22 18:30:02.000000,1026,392.06507,382.82976421527775,9.235305784722243,5.216563952750907,4.018741831971336,08–10,True,5.446557426628469
D3,2017-11-22 18:35:00.000000,1026,399.69444,382.8111994548611,16.883240545138904,5.261739174499851,11.621501370639052,08–10,True,5.500083591219159
D3,2017-11-22 18:40:01.000000,1026,400.062005,382.83598793402774,17.226017065972258,5.304995259142635,11.921021806829621,08–10,True,5.5514916477943546
D3,2017-11-22 18:45:04.000000,1026,393.765599,382.852406369338,10.913192630662024,5.346108213422735,5.56708441723929,08–10,True,5.600519500273723
D3,2017-11-22 18:50:03.000000,1026,397.01327,382.88096449477354,14.13230550522644,5.384268464488911,8.748037040737529,08–10,True,5.646199976776005
D3,2017-11-22 18:55:03.000000,1026,387.40771,382.81459340138406,4.59311659861595,5.420132137847039,-0.8270155392310894,08–10,True,5.689315728072566
D3,2017-11-22 19:00:00.000000,1026,394.623384,382.82556152430556,11.797822475694431,5.453228484616972,6.34459399107746,08–10,True,5.729298850622116
D3,2017-11-22 19:05:04.000000,1026,373.405298,382.76423383391,-9.358935833909982,5.484606736459413,-14.843542570369394,08–10,True,5.767421139127248
D3,2017-11-22 19:10:02.000000,1026,369.575259,382.7630050034722,-13.18774600347217,5.512898096951108,-18.70064410042328,08–10,True,5.802020746527386
D3,2017-11-22 19:15:03.000000,1026,383.807427,382.8294980347222,0.9779289652778402,5.538980639060054,-4.561051673782214,08–10,True,5.8341677960325615
D3,2017-11-22 19:20:02.000000,1026,390.257241,382.75050432986114,7.506736670138878,5.56239637514144,1.9443402949974375,08–10,True,5.8632991696951455
D3,2017-11-22 19:25:02.000000,1026,385.385545,382.730307083045,2.655237916955002,5.583381590638339,-2.928143673683337,08–10,True,5.889707323517123
D3,2017-11-22 19:30:03.000000,1026,376.239408,382.7493374290658,-6.509929429065778,5.6019011195131,-12.111830548578878,08–10,True,5.91335137440988
D3,2017-11-22 19:35:01.000000,1026,370.877447,382.7115367317073,-11.834089731707309,5.6177253529125135,-17.451815084619824,08–10,True,5.933934350993173
D3,2017-11-22 19:40:02.000000,1026,376.178169,382.7018841493056,-6.523715149305588,5.631165304944667,-12.154880454250254,08–10,True,5.951860797104432
D3,2017-11-22 19:45:04.000000,1026,393.152723,382.6492221388889,10.503500861111092,5.642074376709902,4.86142648440119,08–10,True,5.966945748638271
D3,2017-11-22 19:50:03.000000,1026,387.698905,382.6251691916376,5.0737358083624144,5.650328428641631,-0.5765926202792162,08–10,True,5.979011005398114
D3,2017-11-22 19:55:04.000000,1026,380.973406,382.6029632334495,-1.629557233449475,5.6560743067295896,-7.285631540179065,08–10,True,5.988266937916012
D3,2017-11-22 20:00:02.000000,1026,382.306124,382.6271444599303,-0.3210204599303097,5.659226612494329,-5.980247072424639,08–10,True,5.994569817686171
D3,2017-11-22 20:05:00.000000,1026,374.829985,382.64757353125,-7.817588531249953,5.659853828166151,-13.477442359416104,08–10,True,5.998023251136262
D3,2017-11-22 20:10:03.000000,1026,379.119647,382.65874366782003,-3.539096667820047,5.657902272574252,-9.196998940394298,08–10,True,5.9986114000799375
D3,2017-11-22 20:15:01.000000,1026,381.478936,382.63194841811844,-1.1530124181184647,5.653437267507579,-6.806449685626044,08–10,True,5.9963145782006375
D3,2017-11-22 20:20:02.000000,1026,381.923227,382.5840133344948,-0.6607863344947873,5.646366734296089,-6.307153068790877,08–10,True,5.991101190005317
D3,2017-11-22 20:25:02.000000,1026,383.240614,382.5926769340278,0.6479370659722008,5.636762456493323,-4.988825390521122,08–10,True,5.983014138749045
D3,2017-11-22 20:30:01.000000,1026,389.016336,382.592447923345,6.423888076655032,5.624654510169503,0.7992335664855297,08–10,True,5.972086113659981
D3,2017-11-22 20:35:03.000000,1026,391.865867,382.57650615625,9.28936084374999,5.609861242450032,3.6794996012999572,08–10,True,5.958147335374618
D3,2017-11-22 20:40:04.000000,1026,386.565123,382.6132080103806,3.951914989619411,5.59256017822606,-1.6406451886066495,08–10,True,5.9413602508083905
D3,2017-11-22 20:45:02.000000,1026,389.613791,382.62538348780487,6.988407512195124,5.572925187019493,1.4154823251756312,08–10,True,5.921901776878013
D3,2017-11-22 20:50:02.000000,1026,389.047,382.6690650902778,6.377934909722228,5.55064881074693,0.8272860989752981,08–10,True,5.89946900664763
D3,2017-11-22 20:55:01.000000,1026,390.47171,382.67806926480836,7.793640735191616,5.525951780361343,2.267688954830273,08–10,True,5.8742826384785065
D3,2017-11-22 21:00:01.000000,1026,392.968874,382.6891191423611,10.27975485763892,5.498680659358188,4.7810741982807325,08–10,True,5.846186195732207
D3,2017-11-22 21:05:00.000000,1026,378.476152,382.7395474097222,-4.263395409722193,5.469030141265261,-9.732425550987454,08–10,True,5.815380264059618
D3,2017-11-22 21:10:04.000000,1026,381.34106,382.68156499305553,-1.3405049930555037,5.436369884725287,-6.776874877780791,08–10,True,5.7812051682937495
D3,2017-11-22 21:15:00.000000,1026,390.778058,382.68156499305553,8.096493006944456,5.402148647407947,2.694344359536509,08–10,True,5.745180150077032
D3,2017-11-22 21:20:03.000000,1026,374.9066,382.7031574878049,-7.796557487804876,5.3646612510603955,-13.161218738865271,08–10,True,5.705511175270887
D3,2017-11-22 21:25:02.000000,1026,390.395184,382.71332233333334,7.681861666666634,5.325249785111585,2.3566118815550494,08–10,True,5.663615584088211
D3,2017-11-22 21:30:04.000000,1026,384.190569,382.6476270625,1.5429419374999611,5.2830227826242915,-3.7400808451243304,08–10,True,5.618546618272634
D3,2017-11-22 21:35:02.000000,1026,389.93556,382.6476270625,7.287932937499988,5.23899081082881,2.0489421266711787,08–10,True,5.571383700429108
D3,2017-11-22 21:40:01.000000,1026,387.530298,382.65831926388887,4.871978736111146,5.192471636588735,-0.32049290047758916,08–10,True,5.521398477185777
D3,2017-11-22 21:45:01.000000,1026,388.572,382.60801365051907,5.963986349480933,5.143463853468191,0.8205224960127424,08–10,True,5.4685879269914714
D3,2017-11-22 21:50:01.000000,1026,393.872722,382.6050188958333,11.267703104166685,5.092142449178864,6.175560654987821,08–10,True,5.413139894942864
D3,2017-11-22 21:55:01.000000,1026,388.633283,382.66890569444445,5.9643773055555585,5.038531849929635,0.9258454556259235,08–10,True,5.355080771300155
D3,2017-11-22 22:00:02.000000,1026,383.133469,382.70858860416666,0.42488039583332693,4.98246756789076,-4.557587172057433,08–10,True,5.29423175889426
D3,2017-11-22 22:05:02.000000,1026,404.397596,382.7620619446367,21.635534055363337,4.924348792044102,16.711185263319237,08–10,True,5.231026114951107
D3,2017-11-22 22:10:04.000000,1026,381.402299,382.78490938408305,-1.3826103840830228,4.863611144850412,-6.246221528933435,08–10,True,5.1648494540510255
D3,2017-11-22 22:15:04.000000,1026,403.75419,382.7983808263889,20.9558091736111,4.80108797459258,16.15472119901852,08–10,True,5.096609750231147
D3,2017-11-22 22:20:05.000000,1026,393.658342,382.82270566435983,10.835636335640174,4.736194993771831,6.099441341868343,08–10,True,5.025669861724609
D3,2017-11-22 22:25:03.000000,1026,382.367452,382.85950121527776,-0.4920492152777456,4.669846541196583,-5.161895756474329,08–10,True,4.953030420324648
D3,2017-11-22 22:30:02.000000,1026,395.174888,382.83100257142854,12.343885428571468,4.60120463948937,7.742680789082098,08–10,True,4.877775050379311
D3,2017-11-22 22:35:02.000000,1026,404.366976,382.8481710347222,21.51880496527781,4.530281093578378,16.98852387169943,08–10,True,4.799915670631574
D3,2017-11-22 22:40:02.000000,1026,395.481304,382.8368067577855,12.644497242214527,4.457335768282446,8.18716147393208,08–10,True,4.719737060808399
D3,2017-11-22 22:45:04.000000,1026,375.703259,382.82456169896193,-7.121302698961927,4.381897244212124,-11.50319994317405,08–10,True,4.6367200836249225
D3,2017-11-22 22:50:00.000000,1026,396.232077,382.81652093749994,13.415556062500059,4.30603853722506,9.109517525274999,08–10,True,4.553147890804741
D3,2017-11-22 22:55:03.000000,1026,385.753199,382.7907216736111,2.962477326388921,4.2264551857050865,-1.2639778593161655,08–10,True,4.465379555071076
D3,2017-11-22 23:00:03.000000,1026,387.147245,382.7907216736111,4.356523326388924,4.145773101181308,0.2107502252076161,08–10,True,4.376309264279
D3,2017-11-22 23:05:04.000000,1026,385.707226,382.8631189305555,2.844107069444476,4.062974141500333,-1.2188670720558568,08–10,True,4.284813904489935
D3,2017-11-22 23:10:04.000000,1026,381.846523,382.8631189305555,-1.0165959305555248,3.978647851934328,-4.995243782489853,08–10,True,4.191544941096646
D3,2017-11-22 23:15:05.000000,1026,376.300646,382.87498146875004,-6.574335468750064,3.892272482488098,-10.466607951238162,08–10,True,4.095925293316224
D3,2017-11-22 23:20:04.000000,1026,382.689177,382.854873875,-0.16569687500003738,3.804758549333301,-3.9704554243333385,08–10,True,3.9989633356299867
D3,2017-11-22 23:25:04.000000,1026,379.472014,382.86331252249136,-3.391298522491354,3.715278298188493,-7.106576820679847,08–10,True,3.8997423519706222
D3,2017-11-22 23:30:02.000000,1026,381.065286,382.8431180416667,-1.7778320416666702,3.6247769073877913,-5.4026089490544615,08–10,True,3.799310805768405
D3,2017-11-22 23:35:02.000000,1026,379.027678,382.82689371428575,-3.799215714285765,3.532082715426973,-7.331298429712739,08–10,True,3.696368476380829
D3,2017-11-22 23:40:01.000000,1026,392.279428,382.8448738993056,9.434554100694413,3.438158488561446,5.996395612132967,08–10,True,3.591984191874454
D3,2017-11-22 23:45:04.000000,1026,394.163739,382.84184146527775,11.321897534722268,3.3414558895887088,7.98044164513356,08–10,True,3.4844360530942247
D3,2017-11-22 23:50:04.000000,1026,371.658751,382.84184146527775,-11.183090465277758,3.244247346046554,-14.427337811324312,08–10,True,3.3762509782095034
D3,2017-11-22 23:55:03.000000,1026,387.806139,382.8595491730104,4.946589826989566,3.1459601229542833,1.8006297040352828,08–10,True,3.2667930189705965
D3,2017-11-22 00:00:04.000000,1026,384.328378,387.88632614930555,-3.5579481493055596,3.0456481049861552,-6.603596254291714,10–12,True,3.1261788125087917
D3,2017-11-22 00:05:00.000000,1026,385.048399,387.88632614930555,-2.8379271493055285,2.945710987212034,-5.783638136517562,10–12,True,3.025697177253079
D3,2017-11-22 00:10:04.000000,1026,389.337994,387.92226327526134,1.415730724738637,2.8417887919182725,-1.4260580671796355,10–12,True,2.921138173908235
D3,2017-11-22 00:15:04.000000,1026,378.322989,387.96414990277776,-9.641160902777756,2.738007505388194,-12.379168408165949,10–12,True,2.816651696068353
D3,2017-11-22 00:20:03.000000,1026,386.488508,387.96414990277776,-1.4756419027777383,2.6334091844586762,-4.1090510872364145,10–12,True,2.711274996279515
D3,2017-11-22 00:25:03.000000,1026,379.042988,387.84120193425605,-8.798213934256069,2.527343985788475,-11.325557920044544,10–12,True,2.6043533953263043
D3,2017-11-22 00:30:00.000000,1026,383.255968,387.8230249444444,-4.567056944444403,2.421286756211659,-6.988343700656062,10–12,True,2.497374310507459
D3,2017-11-22 00:35:04.000000,1026,374.15596,387.78061111418685,-13.624651114186861,2.3116969607819664,-15.936348074968826,10–12,True,2.386765113966373
D3,2017-11-22 00:40:04.000000,1026,385.416142,387.7668513125,-2.350709312500044,2.202576612995938,-4.553285925495982,10–12,True,2.2765640663437665
D3,2017-11-22 00:45:03.000000,1026,387.070786,387.6957832465278,-0.624997246527812,2.092910588313406,-2.717907834841218,10–12,True,2.1657476110588014
D3,2017-11-22 00:50:02.000000,1026,379.089028,387.66657913194445,-8.57755113194446,1.9823885756184345,-10.559939707562895,10–12,True,2.0540025015646535
D3,2017-11-22 00:55:05.000000,1026,380.559734,387.6276405208334,-7.0679065208333895,1.8695683105941925,-8.937474831427583,10–12,True,1.9398692390151369
D3,2017-11-22 01:00:02.000000,1026,375.167131,387.6276405208334,-12.460509520833398,1.7582338881598738,-14.218743408993271,10–12,True,1.8271765882612088
D3,2017-11-22 01:05:00.000000,1026,380.498428,387.54066755208333,-7.042239552083345,1.6458327231159595,-8.688072275199303,10–12,True,1.7133423883925574
D3,2017-11-22 01:10:03.000000,1026,386.657114,387.37698854861105,-0.7198745486110738,1.5308894162120736,-2.2507639648231477,10–12,True,1.5968705638526186
D3,2017-11-22 01:15:04.000000,1026,383.485858,387.32164610380624,-3.8357881038062374,1.4161045025083805,-5.251892606314618,10–12,True,1.4804966296413344
D3,2017-11-22 01:20:01.000000,1026,392.739096,387.30356937716266,5.435526622837358,1.3023123069057385,4.133214315931619,10–12,True,1.3650683124267653
D3,2017-11-22 01:25:02.000000,1026,385.783841,387.29240903125,-1.508568031249979,1.1865023643400563,-2.6950703955900353,10–12,True,1.2475318622171754
D3,2017-11-22 01:30:05.000000,1026,391.498213,387.26371541463413,4.234497585365887,1.0694855225652018,3.1650120628006846,10–12,True,1.1287083795435637
D3,2017-11-22 01:35:01.000000,1026,390.425758,387.2449059513889,3.1808520486110865,0.9548025999148992,2.2260494486961875,10–12,True,1.0121948720935823
D3,2017-11-22 01:40:03.000000,1026,374.033349,387.19159910452964,-13.158250104529657,0.8374742889241547,-13.995724393453811,10–12,True,0.8929328557826863
D3,2017-11-22 01:45:01.000000,1026,376.545912,387.10340834375,-10.557496343750017,0.7214373081106191,-11.278933651860637,10–12,True,0.7749233282328802
D3,2017-11-22 01:50:01.000000,1026,381.049932,387.0697895243055,-6.0198575243055075,0.6044133993738083,-6.624270923679315,10–12,True,0.6558499064221155
D3,2017-11-22 01:55:02.000000,1026,384.803289,387.0335948118467,-2.2303058118466765,0.48684542696891375,-2.7171512388155903,10–12,True,0.5361623075945099
D3,2017-11-22 02:00:05.000000,1026,378.966462,386.95978346874995,-7.9933214687499685,0.36839744660702856,-8.361718915356997,10–12,True,0.41551762373812107
D3,2017-11-22 02:05:00.000000,1026,381.310218,386.95978346874995,-5.649565468749927,0.253036187789609,-5.902601656539536,10–12,True,0.2979579526920966
D3,2017-11-22 02:10:02.000000,1026,374.983149,386.8619391487889,-11.87879014878888,0.13495195850422226,-12.013742107293103,10–12,True,0.1775631891571905
D3,2017-11-22 02:15:01.000000,1026,396.232122,386.83320775778543,9.398914242214573,0.018110607521236055,9.380803634693336,10–12,True,0.05837558363731166
D3,2017-11-22 02:20:04.000000,1026,384.236542,386.8403606968641,-2.6038186968640957,-0.10016613680610931,-2.5036525600579864,10–12,True,-0.062337219240501174
D3,2017-11-22 02:25:04.000000,1026,386.672379,386.75281789198607,-0.08043889198609122,-0.21708903788854483,0.1366501459024536,10–12,True,-0.1817288368956569
D3,2017-11-22 02:30:03.000000,1026,386.120809,386.71376015277775,-0.5929511527777436,-0.3333857329582868,-0.2595654198194568,10–12,True,-0.3005410606448695
D3,2017-11-22 02:35:05.000000,1026,384.757315,386.63543632055746,-1.8781213205574545,-0.4505535900420048,-1.4275677305154497,10–12,True,-0.4203042521885658
D3,2017-11-22 02:40:02.000000,1026,386.120898,386.5688057708333,-0.4479077708332966,-0.5654371213190341,0.11752935048573754,10–12,True,-0.5377924231522169
D3,2017-11-22 02:45:02.000000,1026,392.524605,386.5374743888889,5.987130611111127,-0.6810794202994153,6.668210031410542,10–12,True,-0.6561170528705444
D3,2017-11-22 02:50:00.000000,1026,382.091745,386.44693709722225,-4.355192097222243,-0.7954969206553337,-3.5596951765669096,10–12,True,-0.7732488693627406
D3,2017-11-22 02:55:03.000000,1026,386.779636,386.3874869686411,0.39214903135888335,-0.9113148742505528,1.3034639056094361,10–12,True,-0.8918763227349435
D3,2017-11-22 03:00:02.000000,1026,394.255775,386.2550518466899,8.000723153310105,-1.025036000823206,9.025759154133311,10–12,True,-1.0084176036422954
D3,2017-11-22 03:05:01.000000,1026,383.807583,386.19064584722224,-2.38306284722222,-1.138139017979611,-1.2449238292426092,10–12,True,-1.1243868623849886
D3,2017-11-22 03:10:00.000000,1026,377.710203,386.12628046875,-8.416077468750018,-1.2505704530697388,-7.165507015680279,10–12,True,-1.2397292712162242
D3,2017-11-22 03:15:03.000000,1026,377.81737,386.0626709268293,-8.245300926829316,-1.3637664016891944,-6.881534525140122,10–12,True,-1.3559193598454056
D3,2017-11-22 03:20:04.000000,1026,385.661252,385.95238833797913,-0.2911363379791396,-1.4754239819703572,1.1842876439912176,10–12,True,-1.470593964495425
D3,2017-11-22 03:25:03.000000,1026,373.89554,385.93781290972225,-12.042272909722271,-1.5855059460370473,-10.456766963685224,10–12,True,-1.583713558898109
D3,2017-11-22 03:30:02.000000,1026,386.672357,385.93781290972225,0.7345440902777227,-1.6947048226702353,2.429248912947958,10–12,True,-1.6959891437033379
D3,2017-11-22 03:35:04.000000,1026,398.836409,385.7817408298611,13.054668170138882,-1.804050337104477,14.85871850724336,10–12,True,-1.8084804226721334
D3,2017-11-22 03:40:00.000000,1026,395.312831,385.7817408298611,9.531090170138896,-1.9102472481199877,11.441337418258883,10–12,True,-1.9177963828146631
D3,2017-11-22 03:45:03.000000,1026,369.299596,385.63657280902777,-16.33697680902776,-2.0179029303418177,-14.319073878685943,10–12,True,-2.0286800473929
D3,2017-11-22 03:50:01.000000,1026,388.985739,385.63657280902777,3.349166190972255,-2.1226930799129096,5.471859270885165,10–12,True,-2.1366781108263355
D3,2017-11-22 03:55:02.000000,1026,395.205552,385.54720593055555,9.658346069444463,-2.227391419545624,11.885737488990086,10–12,True,-2.2446485369333145
D3,2017-11-22 04:00:01.000000,1026,377.740733,385.5207686875,-7.780035687500003,-2.330203673476647,-5.4498320140233565,10–12,True,-2.3507413115643425
D3,2017-11-22 04:05:00.000000,1026,392.218256,385.5394396875,6.6788163124999755,-2.431780763062717,9.110597075562692,10–12,True,-2.4556274425355236
D3,2017-11-22 04:10:02.000000,1026,379.701815,385.54991902430555,-5.848104024305542,-2.533074294704557,-3.315029729600985,10–12,True,-2.5602905745974143
D3,2017-11-22 04:15:01.000000,1026,387.223905,385.4944435400697,1.7294614599302918,-2.632024003244642,4.361485463174933,10–12,True,-2.6626019064260875
D3,2017-11-22 04:20:02.000000,1026,385.171032,385.50587449305556,-0.3348424930555325,-2.73024376455278,2.3954012714972475,10–12,True,-2.764229786130261
D3,2017-11-22 04:25:03.000000,1026,384.435612,385.4638512222222,-1.0282392222222256,-2.827020114178095,1.7987808919558694,10–12,True,-2.8644367142022
D3,2017-11-22 04:30:04.000000,1026,391.942437,385.4127315104167,6.529705489583307,-2.9223066842513816,9.452012173834689,10–12,True,-2.9631746791003186
D3,2017-11-22 04:35:01.000000,1026,396.55378,385.4127315104167,11.14104848958334,-3.014822220902259,14.1558707104856,10–12,True,-3.059114534516996
D3,2017-11-22 04:40:00.000000,1026,369.360723,385.3740061527778,-16.013283152777774,-3.1064070367249803,-12.906876116052793,10–12,True,-3.154163957028932
D3,2017-11-22 04:45:01.000000,1026,394.745995,385.3378869548611,9.408108045138874,-3.19698611654767,12.605094161686544,10–12,True,-3.2482466238591305
D3,2017-11-22 04:50:00.000000,1026,374.676867,385.3262370486111,-10.649370048611104,-3.2853129749556818,-7.364057073655422,10–12,True,-3.3400678356994886
D3,2017-11-22 04:55:01.000000,1026,368.61015,385.28297324221455,-16.672823242214577,-3.3725268751517437,-13.300296367062833,10–12,True,-3.430811926848375
D3,2017-11-22 05:00:02.000000,1026,383.02619,385.1841619550173,-2.157971955017331,-3.4579896304287057,1.3000176754113748,10–12,True,-3.519815690880878
D3,2017-11-22 05:05:00.000000,1026,375.825802,385.07095665625,-9.245154656250008,-3.540835340257901,-5.704319315992107,10–12,True,-3.6061761078929417
D3,2017-11-22 05:10:02.000000,1026,385.125036,385.0094346376307,0.1156013623693184,-3.622961131555837,3.7385624939251554,10–12,True,-3.691871213268417
D3,2017-11-22 05:15:01.000000,1026,387.162666,384.987068728223,2.175597271777008,-3.702415617586281,5.878012889363289,10–12,True,-3.77486524182756
D3,2017-11-22 05:20:03.000000,1026,384.665413,385.06829664583336,-0.4028836458333558,-3.7807548161217914,3.3778711702884356,10–12,True,-3.8567835289026586
D3,2017-11-22 05:25:05.000000,1026,381.356325,385.056008375,-3.6996833749999496,-3.8571343218511047,0.15745094685115513,10–12,True,-3.9367444549771067
D3,2017-11-22 05:30:01.000000,1026,392.417415,385.056008375,7.361406625000029,-3.930059159747347,11.291465784747377,10–12,True,-4.0131801568221865
D3,2017-11-22 05:35:02.000000,1026,384.006675,384.91046766898955,-0.9037926689895812,-4.00221413336668,3.0984214643770986,10–12,True,-4.0889042174218755
D3,2017-11-22 05:40:03.000000,1026,387.22386,384.99728104513883,2.226578954861168,-4.072316263805489,6.298895218666657,10–12,True,-4.162572643111776
D3,2017-11-22 05:45:02.000000,1026,377.55695,384.94961864583337,-7.392668645833396,-4.139886989515712,-3.2527816563176843,10–12,True,-4.233681515831305
D3,2017-11-22 05:50:03.000000,1026,390.379763,384.9463735798611,5.433389420138951,-4.205797855605717,9.639187275744668,10–12,True,-4.303148016645621
D3,2017-11-22 05:55:04.000000,1026,384.757427,384.91121208333334,-0.1537850833333323,-4.2695583366731915,4.115773253339859,10–12,True,-4.370456233209694
D3,2017-11-22 06:00:03.000000,1026,378.568188,384.84652721180555,-6.27833921180553,-4.330735979882199,-1.9476032319233312,10–12,True,-4.435148539068733
D3,2017-11-22 06:05:03.000000,1026,386.136119,384.9122698062284,1.2238491937716276,-4.389926272950634,5.613775466722261,10–12,True,-4.497854058182175
D3,2017-11-22 06:10:02.000000,1026,390.962019,384.85541102083334,6.106607979166654,-4.4467066455350395,10.553314624701693,10–12,True,-4.558125124363985
D3,2017-11-22 06:15:04.000000,1026,376.147572,384.81780307291666,-8.670231072916636,-4.501787069712316,-4.1684440032043195,10–12,True,-4.616716596293045
D3,2017-11-22 06:20:03.000000,1026,396.155529,384.85323113541665,11.302297864583352,-4.5540472342744875,15.85634509885784,10–12,True,-4.672436749619471
D3,2017-11-22 06:25:04.000000,1026,376.34662,384.90161606574395,-8.554996065743978,-4.604347368938352,-3.9506486968056267,10–12,True,-4.72620209315207
D3,2017-11-22 06:30:05.000000,1026,380.008141,384.78966390625,-4.781522906249961,-4.652306163953088,-0.1292167422968733,10–12,True,-4.777606457084145
D3,2017-11-22 06:35:05.000000,1026,377.434362,384.78929203124994,-7.354930031249921,-4.697753103218755,-2.6571769280311663,10–12,True,-4.826466335181931
D3,2017-11-22 06:40:01.000000,1026,369.713224,384.78929203124994,-15.076068031249918,-4.740271103359839,-10.33579692789008,10–12,True,-4.872329454846151
D3,2017-11-22 06:45:01.000000,1026,387.377068,384.81721887152776,2.5598491284722513,-4.780989017062943,7.340838145535194,10–12,True,-4.916413481669664
D3,2017-11-22 06:50:01.000000,1026,372.470764,384.80764369444444,-12.336879694444463,-4.819297049875024,-7.517582644569439,10–12,True,-4.95806165946534
D3,2017-11-22 06:55:03.000000,1026,379.655774,384.79618128222995,-5.140407282229944,-4.85540798206424,-0.28499930016570385,10–12,True,-4.997507166669145
D3,2017-11-22 07:00:05.000000,1026,387.622156,384.80992989583336,2.8122261041666547,-4.8890409025966335,7.701267006763288,10–12,True,-5.034445127395209
D3,2017-11-22 07:05:04.000000,1026,383.118137,384.7590820313589,-1.6409450313589105,-4.919882580676615,3.278937549317704,10–12,True,-5.068528352728856
D3,2017-11-22 07:10:04.000000,1026,368.793933,384.71226488194446,-15.918331881944482,-4.948355532108606,-10.969976349835875,10–12,True,-5.100221484001553
D3,2017-11-22 07:15:02.000000,1026,386.932821,384.71226488194446,2.2205561180555264,-4.974173993501948,7.194730111557474,10–12,True,-5.129205204504303
D3,2017-11-22 07:20:01.000000,1026,396.017609,384.7290740208333,11.288534979166684,-4.997598060446471,16.286133039613155,10–12,True,-5.155770144248425
D3,2017-11-22 07:25:03.000000,1026,381.433007,384.7050522179931,-3.2720452179931385,-5.018723171775347,1.7466779537822088,10–12,True,-5.18003053534
D3,2017-11-22 07:30:04.000000,1026,390.793457,384.6835395034722,6.109917496527771,-5.037234247161609,11.147151743689381,10–12,True,-5.201627903742585
D3,2017-11-22 07:35:00.000000,1026,385.554018,384.6835395034722,0.8704784965277668,-5.052952281767011,5.923430778294778,10–12,True,-5.220341942261662
D3,2017-11-22 07:40:03.000000,1026,379.043055,384.56499884083047,-5.521943840830488,-5.066481532204674,-0.4554623086258145,10–12,True,-5.236896512458725
D3,2017-11-22 07:45:02.000000,1026,386.228021,384.5176794583333,1.7103415416667076,-5.077286473401504,6.787628015068211,10–12,True,-5.250644220249216
D3,2017-11-22 07:50:02.000000,1026,389.552418,384.5140622847223,5.038355715277703,-5.085580895208314,10.123936610486016,10–12,True,-5.261847300171125
D3,2017-11-22 07:55:03.000000,1026,377.311796,384.44232631707314,-7.130530317073124,-5.0913353231261596,-2.039194993946964,10–12,True,-5.270474446229118
D3,2017-11-22 08:00:01.000000,1026,380.758826,384.43028145486113,-3.671455454861132,-5.094496100518454,1.4230406456573226,10–12,True,-5.276432929797797
D3,2017-11-22 08:05:03.000000,1026,386.8103,384.3900129513889,2.420287048611101,-5.095123146491856,7.515410195102957,10–12,True,-5.279846802897218
D3,2017-11-22 08:10:04.000000,1026,384.726741,384.3717763910035,0.35496460899651083,-5.093167354182251,5.448131963178762,10–12,True,-5.280618766653844
D3,2017-11-22 08:15:00.000000,1026,388.280983,384.3314991041667,3.949483895833282,-5.088732314431519,9.038216210264801,10–12,True,-5.278816374903679
D3,2017-11-22 08:20:00.000000,1026,389.368703,384.30692341319445,5.061779586805528,-5.0816980447821205,10.143477631587649,10–12,True,-5.274398687409428
D3,2017-11-22 08:25:03.000000,1026,388.311536,384.3184132986111,3.99312270138887,-5.0720020220751705,9.065124723464042,10–12,True,-5.267291378945396
D3,2017-11-22 08:30:00.000000,1026,375.5041,384.3184132986111,-8.814313298611125,-5.059975062199818,-3.754338236411307,10–12,True,-5.257747963633456
D3,2017-11-22 08:35:03.000000,1026,382.398094,384.31170627177704,-1.9136122717770263,-5.045137086667234,3.1315248148902075,10–12,True,-5.2453874982885695
D3,2017-11-22 08:40:05.000000,1026,384.558112,384.32516953124997,0.232942468750025,-5.027774298537656,5.260716767287681,10–12,True,-5.2304363678250985
D3,2017-11-22 08:45:00.000000,1026,377.173942,384.32516953124997,-7.151227531249958,-5.008341102163728,-2.1428864290862304,10–12,True,-5.213302219899797
D3,2017-11-22 08:50:03.000000,1026,377.37319,384.3716608263889,-6.998470826388882,-4.985846201191755,-2.0126246251971267,10–12,True,-5.193109248997088
D3,2017-11-22 08:55:00.000000,1026,380.26865,384.3716608263889,-4.103010826388925,-4.961314361890199,0.8583035355012747,10–12,True,-5.170774206238731
D3,2017-11-22 09:00:03.000000,1026,380.314579,384.4336316770833,-4.119052677083346,-4.933766350232991,0.8147136731496456,10–12,True,-5.145405546821507
D3,2017-11-22 09:05:03.000000,1026,382.076413,384.4130175605536,-2.33660456055361,-4.903996039075194,2.567391478521584,10–12,True,-5.11773046014176
D3,2017-11-22 09:10:00.000000,1026,391.942549,384.4363975416667,7.506151458333306,-4.872091859008643,12.37824331734195,10–12,True,-5.087838261503901
D3,2017-11-22 09:15:02.000000,1026,374.508305,384.458446799308,-9.950141799307971,-4.837185180241869,-5.112956619066102,10–12,True,-5.054912913281737
D3,2017-11-22 09:20:01.000000,1026,381.586059,384.40256523958334,-2.8165062395833615,-4.800192647385566,1.983686407802204,10–12,True,-5.019817000846505
D3,2017-11-22 09:25:02.000000,1026,398.867118,384.40793772569447,14.459180274305538,-4.760525629328788,19.219705903634328,10–12,True,-4.981993024784427
D3,2017-11-22 09:30:03.000000,1026,384.542891,384.42171497569444,0.12117602430555507,-4.718442442874135,4.83961846717969,10–12,True,-4.941685513554191
D3,2017-11-22 09:35:03.000000,1026,381.984466,384.4630587439446,-2.4785927439446027,-4.674114966171729,2.195522222227126,10–12,True,-4.8990599357727
D3,2017-11-22 09:40:04.000000,1026,381.080551,384.4261836875,-3.345632687499972,-4.627268932905861,1.2816362454058892,10–12,True,-4.853852555241942
D3,2017-11-22 09:45:03.000000,1026,383.470503,384.44052907266433,-0.9700260726643251,-4.578405189115025,3.6083791164507,10–12,True,-4.806547454037794
D3,2017-11-22 09:50:01.000000,1026,371.55145,384.4087356423611,-12.857285642361092,-4.527418293396064,-8.329867348965028,10–12,True,-4.757044707496981
D3,2017-11-22 09:55:03.000000,1026,377.694848,384.4679879965398,-6.77313999653984,-4.473442665297624,-2.299697331242216,10–12,True,-4.7045018717517255
D3,2017-11-22 10:00:04.000000,1026,374.155871,384.45629080208334,-10.300419802083354,-4.417363330396606,-5.883056471686748,10–12,False,-4.649778503631964
D3,2017-11-22 10:05:03.000000,1026,376.607129,384.51310226388887,-7.905973263888882,-4.359427196849291,-3.546546067039591,10–12,False,-4.593117438480267
D3,2017-11-22 10:10:04.000000,1026,382.413403,384.50616597560975,-2.0927629756097303,-4.298886989067614,2.2061240134578837,10–12,False,-4.53378784687829
D3,2017-11-22 10:15:01.000000,1026,382.489996,384.4953886597222,-2.0053926597221903,-4.236999746767452,2.231607087045262,10–12,False,-4.473022796815613
D3,2017-11-22 10:20:05.000000,1026,372.225587,384.56338922648087,-12.337802226480846,-4.171470837989033,-8.166331388491813,10–12,False,-4.408567568168674
D3,2017-11-22 10:25:03.000000,1026,390.073369,384.597178912892,5.476190087108023,-4.105122385413785,9.581312472521809,10–12,False,-4.34319749880777
D3,2017-11-22 10:30:01.000000,1026,373.052931,384.5894368055556,-11.536505805555578,-4.036713476697262,-7.499792328858316,10–12,False,-4.275693143312203
D3,2017-11-22 10:35:02.000000,1026,392.861684,384.6029475659722,8.25873643402781,-3.96555693779558,12.22429337182339,10–12,False,-4.205374882663401
D3,2017-11-22 10:40:02.000000,1026,381.218405,384.6702384375,-3.4518334374999995,-3.892611612499649,0.44077817499964933,10–12,False,-4.133189271206193
D3,2017-11-22 10:45:04.000000,1026,385.140301,384.7730644425087,0.3672365574913101,-3.817173088429326,4.184409645920637,10–12,False,-4.058438747777954
D3,2017-11-22 10:50:02.000000,1026,381.325661,384.76976546527777,-3.4441044652777464,-3.7407954415830753,0.2966909763053289,10–12,False,-3.982664156477238
D3,2017-11-22 10:55:01.000000,1026,380.682233,384.76976546527777,-4.087532465277775,-3.6622626536928964,-0.42526981158487853,10–12,False,-3.90466045495028
D3,2017-11-22 11:00:03.000000,1026,375.182441,384.78464840418116,-9.602207404181172,-3.581048945398509,-6.021158458782663,10–12,False,-3.8239036176143686
D3,2017-11-22 11:05:02.000000,1026,378.598741,384.7928518645833,-6.194110864583308,-3.4988061672258013,-2.695304697357507,10–12,False,-3.7420362024443095
D3,2017-11-22 11:10:05.000000,1026,384.987227,384.78162761458333,0.20559938541668998,-3.413639644161121,3.619239029577811,10–12,False,-3.6571717525616325
D3,2017-11-22 11:15:01.000000,1026,377.112681,384.78162761458333,-7.668946614583319,-3.3287076043117656,-4.340239010271554,10–12,False,-3.5724585463272978
D3,2017-11-22 11:20:02.000000,1026,388.495496,384.75481694791665,3.740679052083351,-3.2406253499474245,6.9813044020307755,10–12,False,-3.484521426405659
D3,2017-11-22 11:25:04.000000,1026,388.679323,384.7804037326389,3.898919267361123,-3.1505541424056953,7.049473409766819,10–12,False,-3.3945173328477147
D3,2017-11-22 11:30:03.000000,1026,388.326867,384.7712065951557,3.555660404844275,-3.059746389172936,6.615406794017211,10–12,False,-3.3036985300749393
D3,2017-11-22 11:35:01.000000,1026,380.498339,384.7307205347222,-4.232381534722208,-2.96767013422558,-1.264711400496628,10–12,False,-3.2115345440493206
D3,2017-11-22 11:40:02.000000,1026,382.183558,384.7292750622837,-2.5457170622836998,-2.873117676664173,0.3274006143804731,10–12,False,-3.1168157638563234
D3,2017-11-22 11:45:01.000000,1026,383.409243,384.730932625,-1.3216896249999763,-2.7776965431575924,1.456006918157616,10–12,False,-3.0211521704542488
D3,2017-11-22 11:50:04.000000,1026,391.023146,384.714078825784,6.309067174216011,-2.679523190263753,8.988590364479764,10–12,False,-2.922654695179238
D3,2017-11-22 11:55:03.000000,1026,373.236691,384.6687478263889,-11.432056826388873,-2.581235967171486,-8.850820859217388,10–12,False,-2.8239703978121127
D3,2017-11-22 12:00:02.000000,1026,393.336573,384.69454732291666,8.642025677083325,-2.4815948971179767,11.1236205742013,10–12,True,-2.723855724351223
D3,2017-11-22 12:05:01.000000,1026,384.098622,384.6754322996516,-0.5768102996516404,-2.3806470882370445,1.803836788585404,10–12,True,-2.6223580068397916
D3,2017-11-22 12:10:05.000000,1026,390.5791,384.65699284375,5.922107156249979,-2.2767206947109337,8.198827850960912,10–12,True,-2.517794547167378
D3,2017-11-22 12:15:03.000000,1026,390.379829,384.65699284375,5.7228361562499686,-2.1736312562556375,7.896467412505606,10–12,True,-2.414004618493066
D3,2017-11-22 12:20:03.000000,1026,369.360746,384.6465133541667,-15.285767354166694,-2.068685028675879,-13.217082325490814,10–12,True,-2.3082775351133007
D3,2017-11-22 12:25:01.000000,1026,380.896746,384.64507714583334,-3.7483311458333333,-1.9633305255933609,-1.7850006202399724,10–12,True,-2.202072588362229
D3,2017-11-22 12:30:04.000000,1026,387.622223,384.57629729166666,3.045925708333357,-1.8551272992893477,4.901053007622704,10–12,True,-2.0929286319779026
D3,2017-11-22 12:35:02.000000,1026,374.661535,384.57629729166666,-9.914762291666648,-1.747697090461993,-8.167065201204654,10–12,True,-1.984498894448019
D3,2017-11-22 12:40:01.000000,1026,367.997252,384.5877340208333,-16.590482020833292,-1.638948271504903,-14.951533749328389,10–12,True,-1.8746735921719606
D3,2017-11-22 12:45:00.000000,1026,379.07354,384.5762970590278,-5.502757059027829,-1.529291098743543,-3.973465960284286,10–12,True,-1.7638667207140735
D3,2017-11-22 12:50:01.000000,1026,380.498339,384.5681573159722,-4.069818315972213,-1.4180354274528093,-2.651782888519404,10–12,True,-1.651380259117422
D3,2017-11-22 12:55:04.000000,1026,373.696292,384.51808106574396,-10.821789065743928,-1.305217796588239,-9.516571269155689,10–12,True,-1.537249874020712
D3,2017-11-22 13:00:03.000000,1026,367.87473,384.56445492334495,-16.689724923344954,-1.193133676843998,-15.496591246500957,10–12,True,-1.4237983799973715
D3,2017-11-22 13:05:03.000000,1026,359.893039,384.52415280139377,-24.63111380139378,-1.079973667652147,-23.551140133741633,10–12,True,-1.3091952455987623
D3,2017-11-22 13:10:01.000000,1026,364.182612,384.5049613472222,-20.3223493472222,-0.966926011055075,-19.355423336167124,10–12,True,-1.1946441771160765
D3,2017-11-22 13:15:00.000000,1026,371.383022,384.457565125,-13.074543124999991,-0.8529094110817848,-12.221633713918207,10–12,True,-1.0790498073882562
D3,2017-11-22 13:20:00.000000,1026,377.281176,384.4075624340278,-7.126386434027779,-0.7379721179622163,-6.388414316065563,10–12,True,-0.9624604397700245
D3,2017-11-22 13:25:00.000000,1026,364.933275,384.38096502083334,-19.447690020833363,-0.6225492010265381,-18.825140819806826,10–12,True,-0.8453170906265244
D3,2017-11-22 13:30:05.000000,1026,381.84659,384.29283910726645,-2.4462491072664534,-0.5047613667824029,-1.9414877404840505,10–12,True,-0.7257109183773476
D3,2017-11-22 13:35:04.000000,1026,357.886095,384.2463642195122,-26.36026921951219,-0.38891443243919643,-25.971354787072993,10–12,True,-0.608014516637646
D3,2017-11-22 13:40:03.000000,1026,361.79266,384.2192541215278,-22.426594121527785,-0.27275013314135554,-22.15384398838643,10–12,True,-0.48993539461647084
D3,2017-11-22 13:45:02.000000,1026,369.851033,384.2570936794425,-14.406060679442533,-0.156323388846618,-14.249737290595915,10–12,True,-0.3715293775581552
D3,2017-11-22 13:50:04.000000,1026,369.728489,384.29016263541666,-14.56167363541664,-0.03851813755570266,-14.523155497860937,10–12,True,-0.2516605244527961
D3,2017-11-22 13:55:02.000000,1026,383.010902,384.29016263541666,-1.2792606354166765,0.07787872881388536,-1.3571393642305618,10–12,True,-0.1331648464282944
D3,2017-11-22 14:00:03.000000,1026,369.52933,384.25939013148786,-14.730060131487846,0.19554467409357112,-14.925604805581418,10–12,True,-0.013316902257775265
D3,2017-11-22 14:05:01.000000,1026,371.030699,384.28810825087106,-13.257409250871035,0.31207903015088645,-13.569488281021922,10–12,True,0.10543812190376922
D3,2017-11-22 14:10:01.000000,1026,370.923376,384.26526822222223,-13.341892222222214,0.42938127579406027,-13.771273498016274,10–12,True,0.22503560085408614
D3,2017-11-22 14:15:00.000000,1026,377.174009,384.2704286909722,-7.096419690972198,0.54622295195303,-7.642642642925228,10–12,True,0.3442233381456634
D3,2017-11-22 14:20:05.000000,1026,363.830245,384.2007969895833,-20.370551989583305,0.6652803689616347,-21.03583235854494,10–12,True,0.4657328926420714
D3,2017-11-22 14:25:04.000000,1026,375.504189,384.1973684532872,-8.6931794532872,0.7818131936713426,-9.474992646958544,10–12,True,0.584726298061871
D3,2017-11-22 14:30:04.000000,1026,365.117168,384.13105896875,-19.01389096874999,0.8984983830728481,-19.91238935182284,10–12,True,0.7039355201504418
D3,2017-11-22 14:35:05.000000,1026,367.445838,384.1159975813149,-16.67015958131492,1.0152777458248017,-17.68543732713972,10–12,True,0.8233017133547791
D3,2017-11-22 14:40:04.000000,1026,378.338254,384.1067773101045,-5.768523310104513,1.1309336230809803,-6.899456933185493,10–12,True,0.9415799429085876
D3,2017-11-22 14:45:03.000000,1026,372.10302,384.0344476236934,-11.931427623693367,1.2461883141407073,-13.177615937834073,10–12,True,1.0595082781390224
D3,2017-11-22 14:50:03.000000,1026,377.756042,384.0327392264808,-6.276697226480849,1.3613704468593948,-7.6380676733402435,10–12,True,1.177423274633626
D3,2017-11-22 14:55:03.000000,1026,371.413619,384.00259384375,-12.588974843750009,1.4760390300333532,-14.065013873783363,10–12,True,1.2948737839011606
D3,2017-11-22 15:00:05.000000,1026,367.706124,383.97913510069446,-16.273011100694475,1.5908981289196986,-17.863909229614173,10–12,True,1.4125815687597518
D3,2017-11-22 15:05:04.000000,1026,380.05407,383.92370661111113,-3.8696366111111047,1.7039946728504822,-5.573631283961587,10–12,True,1.5285448098602645
D3,2017-11-22 15:10:05.000000,1026,379.012413,383.939345875,-4.926932875000034,1.8171687198153221,-6.744101594815357,10–12,True,1.644649894269261
D3,2017-11-22 15:15:03.000000,1026,379.196218,383.94307770934256,-4.746859709342573,1.9284905574719935,-6.675350266814567,10–12,True,1.7589168210116217
D3,2017-11-22 15:20:04.000000,1026,383.148778,383.92828779238755,-0.7795097923875574,2.040148137753158,-2.8196579301407154,10–12,True,1.873591425661643
D3,2017-11-22 15:25:01.000000,1026,392.800334,383.92227055555554,8.878063444444479,2.149496643534664,6.728566800909815,10–12,True,1.9859571117493118
D3,2017-11-22 15:30:02.000000,1026,377.633632,383.91237635069444,-6.278744350694467,2.2594289784530326,-8.538173329147499,10–12,True,2.098986604869552
D3,2017-11-22 15:35:02.000000,1026,375.841112,383.85811796527776,-8.017005965277747,2.3680536025235916,-10.385059567801338,10–12,True,2.210736037652178
D3,2017-11-22 15:40:02.000000,1026,380.421813,383.72778092334494,-3.3059679233449515,2.475685550389096,-5.781653473734048,10–12,True,2.3215291822965627
D3,2017-11-22 15:45:02.000000,1026,389.506556,383.70289680555555,5.803659194444435,2.5822735950716957,3.2213855993727396,10–12,True,2.4313133072664
D3,2017-11-22 15:50:02.000000,1026,370.494439,383.64805313541666,-13.15361413541666,2.6877670064349033,-15.841381141851564,10–12,True,2.5400361612640836
D3,2017-11-22 15:55:04.000000,1026,396.47721,383.5867733472222,12.890436652777794,2.7928072790890663,10.097629373688727,10–12,True,2.648359546962363
D3,2017-11-22 16:00:02.000000,1026,401.762533,383.60714282578397,18.155390174216052,2.8952696374849496,15.260120536731103,10–12,True,2.754091601318525
D3,2017-11-22 16:05:02.000000,1026,405.22494,383.58450957491294,21.64043042508706,2.9971800971577127,18.643250327929348,10–12,True,2.8593223085790194
D3,2017-11-22 16:10:03.000000,1026,408.580001,383.5645989477352,25.01540205226479,3.098131630658359,21.917270421606432,10–12,True,2.9636324174330473
D3,2017-11-22 16:15:03.000000,1026,388.786558,383.54837144250877,5.238186557491247,3.1974054427324208,2.040781114758826,10–12,True,3.066279218893066
D3,2017-11-22 16:20:03.000000,1026,396.998094,383.49719406249994,13.500899937500037,3.2952918520430448,10.205608085456992,10–12,True,3.1675625399966476
D3,2017-11-22 16:25:02.000000,1026,403.953349,383.49719406249994,20.45615493750006,3.3914251948651746,17.064729742634885,10–12,True,3.267103667625336
D3,2017-11-22 16:30:03.000000,1026,394.531527,383.4164200484429,11.115106951557095,3.4867167903588925,7.628390161198203,10–12,True,3.3658465915189733
D3,2017-11-22 16:35:01.000000,1026,397.855991,383.3505283044983,14.505462695501706,3.579546376685059,10.925916318816647,10–12,True,3.4621119956832134
D3,2017-11-22 16:40:01.000000,1026,403.279235,383.3532689094077,19.92596609059234,3.6714348320474697,16.25453125854487,10–12,True,3.5574766722248112
D3,2017-11-22 16:45:02.000000,1026,402.467244,383.3044265191638,19.162817480836168,3.7620084449488287,15.400809035887338,10–12,True,3.6515539220378903
D3,2017-11-22 16:50:03.000000,1026,386.105544,383.2847291114982,2.8208148885017863,3.850914875855276,-1.0300999873534895,10–12,True,3.743978167697704
D3,2017-11-22 16:55:00.000000,1026,397.825305,383.275001375,14.550303625000026,3.9369641600648517,10.613339464935175,10–12,True,3.833510770087628
D3,2017-11-22 17:00:00.000000,1026,397.227894,383.31127974305554,13.916614256944456,4.022151796732695,9.894462460211761,10–12,True,3.9222276022878604
D3,2017-11-22 17:05:03.000000,1026,402.268041,383.2573410833333,19.01069991666668,4.106384449314446,14.904315467352234,10–12,True,4.010033945126106
D3,2017-11-22 17:10:02.000000,1026,402.099613,383.2573410833333,18.842271916666675,4.187685287338635,14.65458662932804,10–12,True,4.094868674434632
D3,2017-11-22 17:15:02.000000,1026,408.380709,383.1931881875,25.187520812499997,4.26740236722991,20.920118445270088,10–12,True,4.178137142397003
D3,2017-11-22 17:20:04.000000,1026,400.874039,383.20334872569447,17.670690274305514,4.34573513854888,13.324955135756634,10–12,True,4.260049012826171
D3,2017-11-22 17:25:02.000000,1026,410.602188,383.20334872569447,27.398839274305544,4.421109498662926,22.97772977564262,10–12,True,4.338957354316573
D3,2017-11-22 17:30:02.000000,1026,403.034102,383.1724718780488,19.861630121951237,4.495026393934852,15.366603728016385,10–12,True,4.416432556562889
D3,2017-11-22 17:35:04.000000,1026,409.91272,383.08898065625,26.823739343749992,4.567410896537334,22.25632844721266,10–12,True,4.492397993396209
D3,2017-11-22 17:40:04.000000,1026,398.775171,383.0629154479167,15.71225555208332,4.6372698580074605,11.07498569407586,10–12,True,4.5658113842991215
D3,2017-11-22 17:45:03.000000,1026,393.413165,383.0542445069444,10.358920493055564,4.704833643960998,5.654086849094566,10–12,True,4.6369132996017175
D3,2017-11-22 17:50:02.000000,1026,423.624204,383.0460370865052,40.57816691349484,4.7703065814097245,35.80786033208511,10–12,True,4.705918247228817
D3,2017-11-22 17:55:01.000000,1026,399.633045,382.975851550173,16.65719344982699,4.833657716170818,11.823535733656172,10–12,True,4.772793603139897
D3,2017-11-22 18:00:00.000000,1026,402.589788,382.9696655243055,19.620122475694473,4.894857097203688,14.725265378490786,10–12,True,4.83750775011915
D3,2017-11-22 18:05:00.000000,1026,403.846137,382.9508345069445,20.89530249305551,4.954069487321473,15.941233005734038,10–12,True,4.900235486654621
D3,2017-11-22 18:10:05.000000,1026,404.121844,382.8510951493056,21.270748850694417,5.011989219122853,16.258759631571564,10–12,True,4.961715956573068
D3,2017-11-22 18:15:03.000000,1026,397.442385,382.8356390934256,14.606745906574417,5.066332633269912,9.540413273304505,10–12,True,5.019523865428489
D3,2017-11-22 18:20:01.000000,1026,408.350201,382.8588615486111,25.49133945138891,5.11842939296316,20.372910058425752,10–12,True,5.075069127074346
D3,2017-11-22 18:25:03.000000,1026,398.836476,382.8220508229167,16.014425177083297,5.168908277951116,10.84551689913218,10–12,True,5.1290248268257645
D3,2017-11-22 18:30:02.000000,1026,392.06507,382.82976421527775,9.235305784722243,5.216563952750907,4.018741831971336,10–12,True,5.1801033123559765
D3,2017-11-22 18:35:00.000000,1026,399.69444,382.8111994548611,16.883240545138904,5.261739174499851,11.621501370639052,10–12,True,5.2286690116560735
D3,2017-11-22 18:40:01.000000,1026,400.062005,382.83598793402774,17.226017065972258,5.304995259142635,11.921021806829621,10–12,True,5.275326916012364
D3,2017-11-22 18:45:04.000000,1026,393.765599,382.852406369338,10.913192630662024,5.346108213422735,5.56708441723929,10–12,True,5.319839516064768
D3,2017-11-22 18:50:03.000000,1026,397.01327,382.88096449477354,14.13230550522644,5.384268464488911,8.748037040737529,10–12,True,5.3613285563830635
D3,2017-11-22 18:55:03.000000,1026,387.40771,382.81459340138406,4.59311659861595,5.420132137847039,-0.8270155392310894,10–12,True,5.40050462783536
D3,2017-11-22 19:00:00.000000,1026,394.623384,382.82556152430556,11.797822475694431,5.453228484616972,6.34459399107746,10–12,True,5.436851544636206
D3,2017-11-22 19:05:04.000000,1026,373.405298,382.76423383391,-9.358935833909982,5.484606736459413,-14.843542570369394,10–12,True,5.471525813895072
D3,2017-11-22 19:10:02.000000,1026,369.575259,382.7630050034722,-13.18774600347217,5.512898096951108,-18.70064410042328,10–12,True,5.503015996561446
D3,2017-11-22 19:15:03.000000,1026,383.807427,382.8294980347222,0.9779289652778402,5.538980639060054,-4.561051673782214,10–12,True,5.532295719310474
D3,2017-11-22 19:20:02.000000,1026,390.257241,382.75050432986114,7.506736670138878,5.56239637514144,1.9443402949974375,10–12,True,5.558852208416447
D3,2017-11-22 19:25:02.000000,1026,385.385545,382.730307083045,2.655237916955002,5.583381590638339,-2.928143673683337,10–12,True,5.582951941060214
D3,2017-11-22 19:30:03.000000,1026,376.239408,382.7493374290658,-6.509929429065778,5.6019011195131,-12.111830548578878,10–12,True,5.604557893458593
D3,2017-11-22 19:35:01.000000,1026,370.877447,382.7115367317073,-11.834089731707309,5.6177253529125135,-17.451815084619824,10–12,True,5.62339837325177
D3,2017-11-22 19:40:02.000000,1026,376.178169,382.7018841493056,-6.523715149305588,5.631165304944667,-12.154880454250254,10–12,True,5.639843676735993
D3,2017-11-22 19:45:04.000000,1026,393.152723,382.6492221388889,10.503500861111092,5.642074376709902,4.86142648440119,10–12,True,5.6537249673078005
D3,2017-11-22 19:50:03.000000,1026,387.698905,382.6251691916376,5.0737358083624144,5.650328428641631,-0.5765926202792162,10–12,True,5.664877759347978
D3,2017-11-22 19:55:04.000000,1026,380.973406,382.6029632334495,-1.629557233449475,5.6560743067295896,-7.285631540179065,10–12,True,5.673496201409712
D3,2017-11-22 20:00:02.000000,1026,382.306124,382.6271444599303,-0.3210204599303097,5.659226612494329,-5.980247072424639,10–12,True,5.679446056252859
D3,2017-11-22 20:05:00.000000,1026,374.829985,382.64757353125,-7.817588531249953,5.659853828166151,-13.477442359416104,10–12,True,5.68282335037171
D3,2017-11-22 20:10:03.000000,1026,379.119647,382.65874366782003,-3.539096667820047,5.657902272574252,-9.196998940394298,10–12,True,5.683618011950011
D3,2017-11-22 20:15:01.000000,1026,381.478936,382.63194841811844,-1.1530124181184647,5.653437267507579,-6.806449685626044,10–12,True,5.6818034423522334
D3,2017-11-22 20:20:02.000000,1026,381.923227,382.5840133344948,-0.6607863344947873,5.646366734296089,-6.307153068790877,10–12,True,5.677357948946347
D3,2017-11-22 20:25:02.000000,1026,383.240614,382.5926769340278,0.6479370659722008,5.636762456493323,-4.988825390521122,10–12,True,5.670316665824297
D3,2017-11-22 20:30:01.000000,1026,389.016336,382.592447923345,6.423888076655032,5.624654510169503,0.7992335664855297,10–12,True,5.660708987612972
D3,2017-11-22 20:35:03.000000,1026,391.865867,382.57650615625,9.28936084374999,5.609861242450032,3.6794996012999572,10–12,True,5.648384959454786
D3,2017-11-22 20:40:04.000000,1026,386.565123,382.6132080103806,3.951914989619411,5.59256017822606,-1.6406451886066495,10–12,True,5.633487663579326
D3,2017-11-22 20:45:02.000000,1026,389.613791,382.62538348780487,6.988407512195124,5.572925187019493,1.4154823251756312,10–12,True,5.616175003177963
D3,2017-11-22 20:50:02.000000,1026,389.047,382.6690650902778,6.377934909722228,5.55064881074693,0.8272860989752981,10–12,True,5.59617766713416
D3,2017-11-22 20:55:01.000000,1026,390.47171,382.67806926480836,7.793640735191616,5.525951780361343,2.267688954830273,10–12,True,5.573692225953583
D3,2017-11-22 21:00:01.000000,1026,392.968874,382.6891191423611,10.27975485763892,5.498680659358188,4.7810741982807325,10–12,True,5.548578983185116
D3,2017-11-22 21:05:00.000000,1026,378.476152,382.7395474097222,-4.263395409722193,5.469030141265261,-9.732425550987454,10–12,True,5.521017226868608
D3,2017-11-22 21:10:04.000000,1026,381.34106,382.68156499305553,-1.3405049930555037,5.436369884725287,-6.776874877780791,10–12,True,5.490416262663171
D3,2017-11-22 21:15:00.000000,1026,390.778058,382.68156499305553,8.096493006944456,5.402148647407947,2.694344359536509,10–12,True,5.4581367805329215
D3,2017-11-22 21:20:03.000000,1026,374.9066,382.7031574878049,-7.796557487804876,5.3646612510603955,-13.161218738865271,10–12,True,5.422571376435041
D3,2017-11-22 21:25:02.000000,1026,390.395184,382.71332233333334,7.681861666666634,5.325249785111585,2.3566118815550494,10–12,True,5.384990485950642
D3,2017-11-22 21:30:04.000000,1026,384.190569,382.6476270625,1.5429419374999611,5.2830227826242915,-3.7400808451243304,10–12,True,5.344544944708413
D3,2017-11-22 21:35:02.000000,1026,389.93556,382.6476270625,7.287932937499988,5.23899081082881,2.0489421266711787,10–12,True,5.302203526286577
D3,2017-11-22 21:40:01.000000,1026,387.530298,382.65831926388887,4.871978736111146,5.192471636588735,-0.32049290047758916,10–12,True,5.257312575407509
D3,2017-11-22 21:45:01.000000,1026,388.572,382.60801365051907,5.963986349480933,5.143463853468191,0.8205224960127424,10–12,True,5.20986922858766
D3,2017-11-22 21:50:01.000000,1026,393.872722,382.6050188958333,11.267703104166685,5.092142449178864,6.175560654987821,10–12,True,5.160042168663198
D3,2017-11-22 21:55:01.000000,1026,388.633283,382.66890569444445,5.9643773055555585,5.038531849929635,0.9258454556259235,10–12,True,5.107855110616022
D3,2017-11-22 22:00:02.000000,1026,383.133469,382.70858860416666,0.42488039583332693,4.98246756789076,-4.557587172057433,10–12,True,5.053147275696536
D3,2017-11-22 22:05:02.000000,1026,404.397596,382.7620619446367,21.635534055363337,4.924348792044102,16.711185263319237,10–12,True,4.996308194709869
D3,2017-11-22 22:10:04.000000,1026,381.402299,382.78490938408305,-1.3826103840830228,4.863611144850412,-6.246221528933435,10–12,True,4.936785308044506
D3,2017-11-22 22:15:04.000000,1026,403.75419,382.7983808263889,20.9558091736111,4.80108797459258,16.15472119901852,10–12,True,4.8753952969136165
D3,2017-11-22 22:20:05.000000,1026,393.658342,382.82270566435983,10.835636335640174,4.736194993771831,6.099441341868343,10–12,True,4.811565029334888
D3,2017-11-22 22:25:03.000000,1026,382.367452,382.85950121527776,-0.4920492152777456,4.669846541196583,-5.161895756474329,10–12,True,4.746194959973985
D3,2017-11-22 22:30:02.000000,1026,395.174888,382.83100257142854,12.343885428571468,4.60120463948937,7.742680789082098,10–12,True,4.678460522122398
D3,2017-11-22 22:35:02.000000,1026,404.366976,382.8481710347222,21.51880496527781,4.530281093578378,16.98852387169943,10–12,True,4.6083723438296165
D3,2017-11-22 22:40:02.000000,1026,395.481304,382.8368067577855,12.644497242214527,4.457335768282446,8.18716147393208,10–12,True,4.536186732372408
D3,2017-11-22 22:45:04.000000,1026,375.703259,382.82456169896193,-7.121302698961927,4.381897244212124,-11.50319994317405,10–12,True,4.4614362089441695
D3,2017-11-22 22:50:00.000000,1026,396.232077,382.81652093749994,13.415556062500059,4.30603853722506,9.109517525274999,10–12,True,4.386176761880122
D3,2017-11-22 22:55:03.000000,1026,385.753199,382.7907216736111,2.962477326388921,4.2264551857050865,-1.2639778593161655,10–12,True,4.307129574517309
D3,2017-11-22 23:00:03.000000,1026,387.147245,382.7907216736111,4.356523326388924,4.145773101181308,0.2107502252076161,10–12,True,4.2269010787805845
D3,2017-11-22 23:05:04.000000,1026,385.707226,382.8631189305555,2.844107069444476,4.062974141500333,-1.2188670720558568,10–12,True,4.144479734617917
D3,2017-11-22 23:10:04.000000,1026,381.846523,382.8631189305555,-1.0165959305555248,3.978647851934328,-4.995243782489853,10–12,True,4.060452398602916
D3,2017-11-22 23:15:05.000000,1026,376.300646,382.87498146875004,-6.574335468750064,3.892272482488098,-10.466607951238162,10–12,True,3.9742991704484
D3,2017-11-22 23:20:04.000000,1026,382.689177,382.854873875,-0.16569687500003738,3.804758549333301,-3.9704554243333385,10–12,True,3.8869286343440415
D3,2017-11-22 23:25:04.000000,1026,379.472014,382.86331252249136,-3.391298522491354,3.715278298188493,-7.106576820679847,10–12,True,3.7975147940139298
D3,2017-11-22 23:30:02.000000,1026,381.065286,382.8431180416667,-1.7778320416666702,3.6247769073877913,-5.4026089490544615,10–12,True,3.7070025191478795
D3,2017-11-22 23:35:02.000000,1026,379.027678,382.82689371428575,-3.799215714285765,3.532082715426973,-7.331298429712739,10–12,True,3.614220007332891
D3,2017-11-22 23:40:01.000000,1026,392.279428,382.8448738993056,9.434554100694413,3.438158488561446,5.996395612132967,10–12,True,3.520130562925851
D3,2017-11-22 23:45:04.000000,1026,394.163739,382.84184146527775,11.321897534722268,3.3414558895887088,7.98044164513356,10–12,True,3.423181999833371
D3,2017-11-22 23:50:04.000000,1026,371.658751,382.84184146527775,-11.183090465277758,3.244247346046554,-14.427337811324312,10–12,True,3.325652156345456
D3,2017-11-22 23:55:03.000000,1026,387.806139,382.8595491730104,4.946589826989566,3.1459601229542833,1.8006297040352828,10–12,True,3.2269678589783277
D3,2017-11-22 00:00:04.000000,1026,384.328378,387.88632614930555,-3.5579481493055596,3.0456481049861552,-6.603596254291714,12–14,True,2.250301484213029
D3,2017-11-22 00:05:00.000000,1026,385.048399,387.88632614930555,-2.8379271493055285,2.945710987212034,-5.783638136517562,12–14,True,2.1378031385097125
D3,2017-11-22 00:10:04.000000,1026,389.337994,387.92226327526134,1.415730724738637,2.8417887919182725,-1.4260580671796355,12–14,True,2.0218065583312503
D3,2017-11-22 00:15:04.000000,1026,378.322989,387.96414990277776,-9.641160902777756,2.738007505388194,-12.379168408165949,12–14,True,1.9069363673148483
D3,2017-11-22 00:20:03.000000,1026,386.488508,387.96414990277776,-1.4756419027777383,2.6334091844586762,-4.1090510872364145,12–14,True,1.7921084069997708
D3,2017-11-22 00:25:03.000000,1026,379.042988,387.84120193425605,-8.798213934256069,2.527343985788475,-11.325557920044544,12–14,True,1.6766092798406629
D3,2017-11-22 00:30:00.000000,1026,383.255968,387.8230249444444,-4.567056944444403,2.421286756211659,-6.988343700656062,12–14,True,1.5620357461454293
D3,2017-11-22 00:35:04.000000,1026,374.15596,387.78061111418685,-13.624651114186861,2.3116969607819664,-15.936348074968826,12–14,True,1.444581419905866
D3,2017-11-22 00:40:04.000000,1026,385.416142,387.7668513125,-2.350709312500044,2.202576612995938,-4.553285925495982,12–14,True,1.3285492202051143
D3,2017-11-22 00:45:03.000000,1026,387.070786,387.6957832465278,-0.624997246527812,2.092910588313406,-2.717907834841218,12–14,True,1.2128370301462508
D3,2017-11-22 00:50:02.000000,1026,379.089028,387.66657913194445,-8.57755113194446,1.9823885756184345,-10.559939707562895,12–14,True,1.097112954366207
D3,2017-11-22 00:55:05.000000,1026,380.559734,387.6276405208334,-7.0679065208333895,1.8695683105941925,-8.937474831427583,12–14,True,0.9798846685854286
D3,2017-11-22 01:00:02.000000,1026,375.167131,387.6276405208334,-12.460509520833398,1.7582338881598738,-14.218743408993271,12–14,True,0.8650752888107407
D3,2017-11-22 01:05:00.000000,1026,380.498428,387.54066755208333,-7.042239552083345,1.6458327231159595,-8.688072275199303,12–14,True,0.7500306616178642
D3,2017-11-22 01:10:03.000000,1026,386.657114,387.37698854861105,-0.7198745486110738,1.5308894162120736,-2.2507639648231477,12–14,True,0.6332668040878753
D3,2017-11-22 01:15:04.000000,1026,383.485858,387.32164610380624,-3.8357881038062374,1.4161045025083805,-5.251892606314618,12–14,True,0.5175400649170903
D3,2017-11-22 01:20:01.000000,1026,392.739096,387.30356937716266,5.435526622837358,1.3023123069057385,4.133214315931619,12–14,True,0.40366569846837375
D3,2017-11-22 01:25:02.000000,1026,385.783841,387.29240903125,-1.508568031249979,1.1865023643400563,-2.6950703955900353,12–14,True,0.28863106578108444
D3,2017-11-22 01:30:05.000000,1026,391.498213,387.26371541463413,4.234497585365887,1.0694855225652018,3.1650120628006846,12–14,True,0.17326727314796897
D3,2017-11-22 01:35:01.000000,1026,390.425758,387.2449059513889,3.1808520486110865,0.9548025999148992,2.2260494486961875,12–14,True,0.06104381713619533
D3,2017-11-22 01:40:03.000000,1026,374.033349,387.19159910452964,-13.158250104529657,0.8374742889241547,-13.995724393453811,12–14,True,-0.052916075914514416
D3,2017-11-22 01:45:01.000000,1026,376.545912,387.10340834375,-10.557496343750017,0.7214373081106191,-11.278933651860637,12–14,True,-0.16478027553133323
D3,2017-11-22 01:50:01.000000,1026,381.049932,387.0697895243055,-6.0198575243055075,0.6044133993738083,-6.624270923679315,12–14,True,-0.27675356285200126
D3,2017-11-22 01:55:02.000000,1026,384.803289,387.0335948118467,-2.2303058118466765,0.48684542696891375,-2.7171512388155903,12–14,True,-0.38839954726669434
D3,2017-11-22 02:00:05.000000,1026,378.966462,386.95978346874995,-7.9933214687499685,0.36839744660702856,-8.361718915356997,12–14,True,-0.5000245577877735
D3,2017-11-22 02:05:00.000000,1026,381.310218,386.95978346874995,-5.649565468749927,0.253036187789609,-5.902601656539536,12–14,True,-0.6079155863756123
D3,2017-11-22 02:10:02.000000,1026,374.983149,386.8619391487889,-11.87879014878888,0.13495195850422226,-12.013742107293103,12–14,True,-0.7175103252970878
D3,2017-11-22 02:15:01.000000,1026,396.232122,386.83320775778543,9.398914242214573,0.018110607521236055,9.380803634693336,12–14,True,-0.8251112874915778
D3,2017-11-22 02:20:04.000000,1026,384.236542,386.8403606968641,-2.6038186968640957,-0.10016613680610931,-2.5036525600579864,12–14,True,-0.9331807045147986
D3,2017-11-22 02:25:04.000000,1026,386.672379,386.75281789198607,-0.08043889198609122,-0.21708903788854483,0.1366501459024536,12–14,True,-1.0391658275439366
D3,2017-11-22 02:30:03.000000,1026,386.120809,386.71376015277775,-0.5929511527777436,-0.3333857329582868,-0.2595654198194568,12–14,True,-1.143743149587825
D3,2017-11-22 02:35:05.000000,1026,384.757315,386.63543632055746,-1.8781213205574545,-0.4505535900420048,-1.4275677305154497,12–14,True,-1.2482506770892488
D3,2017-11-22 02:40:02.000000,1026,386.120898,386.5688057708333,-0.4479077708332966,-0.5654371213190341,0.11752935048573754,12–14,True,-1.3498823448345059
D3,2017-11-22 02:45:02.000000,1026,392.524605,386.5374743888889,5.987130611111127,-0.6810794202994153,6.668210031410542,12–14,True,-1.4513387219705978
D3,2017-11-22 02:50:00.000000,1026,382.091745,386.44693709722225,-4.355192097222243,-0.7954969206553337,-3.5596951765669096,12–14,True,-1.5508753229734331
D3,2017-11-22 02:55:03.000000,1026,386.779636,386.3874869686411,0.39214903135888335,-0.9113148742505528,1.3034639056094361,12–14,True,-1.6507630947805318
D3,2017-11-22 03:00:02.000000,1026,394.255775,386.2550518466899,8.000723153310105,-1.025036000823206,9.025759154133311,12–14,True,-1.7479814860687295
D3,2017-11-22 03:05:01.000000,1026,383.807583,386.19064584722224,-2.38306284722222,-1.138139017979611,-1.2449238292426092,12–14,True,-1.843811952389633
D3,2017-11-22 03:10:00.000000,1026,377.710203,386.12628046875,-8.416077468750018,-1.2505704530697388,-7.165507015680279,12–14,True,-1.9382091871801084
D3,2017-11-22 03:15:03.000000,1026,377.81737,386.0626709268293,-8.245300926829316,-1.3637664016891944,-6.881534525140122,12–14,True,-2.032361411784894
D3,2017-11-22 03:20:04.000000,1026,385.661252,385.95238833797913,-0.2911363379791396,-1.4754239819703572,1.1842876439912176,12–14,True,-2.124344336011855
D3,2017-11-22 03:25:03.000000,1026,373.89554,385.93781290972225,-12.042272909722271,-1.5855059460370473,-10.456766963685224,12–14,True,-2.2141450761058135
D3,2017-11-22 03:30:02.000000,1026,386.672357,385.93781290972225,0.7345440902777227,-1.6947048226702353,2.429248912947958,12–14,True,-2.3023374992117125
D3,2017-11-22 03:35:04.000000,1026,398.836409,385.7817408298611,13.054668170138882,-1.804050337104477,14.85871850724336,12–14,True,-2.3897397280887223
D3,2017-11-22 03:40:00.000000,1026,395.312831,385.7817408298611,9.531090170138896,-1.9102472481199877,11.441337418258883,12–14,True,-2.473731392700607
D3,2017-11-22 03:45:03.000000,1026,369.299596,385.63657280902777,-16.33697680902776,-2.0179029303418177,-14.319073878685943,12–14,True,-2.557951897398726
D3,2017-11-22 03:50:01.000000,1026,388.985739,385.63657280902777,3.349166190972255,-2.1226930799129096,5.471859270885165,12–14,True,-2.6390090495572744
D3,2017-11-22 03:55:02.000000,1026,395.205552,385.54720593055555,9.658346069444463,-2.227391419545624,11.885737488990086,12–14,True,-2.719057754679339
D3,2017-11-22 04:00:01.000000,1026,377.740733,385.5207686875,-7.780035687500003,-2.330203673476647,-5.4498320140233565,12–14,True,-2.796721452243518
D3,2017-11-22 04:05:00.000000,1026,392.218256,385.5394396875,6.6788163124999755,-2.431780763062717,9.110597075562692,12–14,True,-2.872501403361972
D3,2017-11-22 04:10:02.000000,1026,379.701815,385.54991902430555,-5.848104024305542,-2.533074294704557,-3.315029729600985,12–14,True,-2.947093009030133
D3,2017-11-22 04:15:01.000000,1026,387.223905,385.4944435400697,1.7294614599302918,-2.632024003244642,4.361485463174933,12–14,True,-3.018979109329583
D3,2017-11-22 04:20:02.000000,1026,385.171032,385.50587449305556,-0.3348424930555325,-2.73024376455278,2.3954012714972475,12–14,True,-3.0893371538589625
D3,2017-11-22 04:25:03.000000,1026,384.435612,385.4638512222222,-1.0282392222222256,-2.827020114178095,1.7987808919558694,12–14,True,-3.157645968850089
D3,2017-11-22 04:30:04.000000,1026,391.942437,385.4127315104167,6.529705489583307,-2.9223066842513816,9.452012173834689,12–14,True,-3.223872825912076
D3,2017-11-22 04:35:01.000000,1026,396.55378,385.4127315104167,11.14104848958334,-3.014822220902259,14.1558707104856,12–14,True,-3.287147984235587
D3,2017-11-22 04:40:00.000000,1026,369.360723,385.3740061527778,-16.013283152777774,-3.1064070367249803,-12.906876116052793,12–14,True,-3.348740637682125
D3,2017-11-22 04:45:01.000000,1026,394.745995,385.3378869548611,9.408108045138874,-3.19698611654767,12.605094161686544,12–14,True,-3.4085789221252685
D3,2017-11-22 04:50:00.000000,1026,374.676867,385.3262370486111,-10.649370048611104,-3.2853129749556818,-7.364057073655422,12–14,True,-3.4658393852961042
D3,2017-11-22 04:55:01.000000,1026,368.61015,385.28297324221455,-16.672823242214577,-3.3725268751517437,-13.300296367062833,12–14,True,-3.521260587807313
D3,2017-11-22 05:00:02.000000,1026,383.02619,385.1841619550173,-2.157971955017331,-3.4579896304287057,1.3000176754113748,12–14,True,-3.574425615908203
D3,2017-11-22 05:05:00.000000,1026,375.825802,385.07095665625,-9.245154656250008,-3.540835340257901,-5.704319315992107,12–14,True,-3.624813191332246
D3,2017-11-22 05:10:02.000000,1026,385.125036,385.0094346376307,0.1156013623693184,-3.622961131555837,3.7385624939251554,12–14,True,-3.6735712403555105
D3,2017-11-22 05:15:01.000000,1026,387.162666,384.987068728223,2.175597271777008,-3.702415617586281,5.878012889363289,12–14,True,-3.7195351817705262
D3,2017-11-22 05:20:03.000000,1026,384.665413,385.06829664583336,-0.4028836458333558,-3.7807548161217914,3.3778711702884356,12–14,True,-3.7636051624829205
D3,2017-11-22 05:25:05.000000,1026,381.356325,385.056008375,-3.6996833749999496,-3.8571343218511047,0.15745094685115513,12–14,True,-3.80528706743239
D3,2017-11-22 05:30:01.000000,1026,392.417415,385.056008375,7.361406625000029,-3.930059159747347,11.291465784747377,12–14,True,-3.8438040908946585
D3,2017-11-22 05:35:02.000000,1026,384.006675,384.91046766898955,-0.9037926689895812,-4.00221413336668,3.0984214643770986,12–14,True,-3.880580948054178
D3,2017-11-22 05:40:03.000000,1026,387.22386,384.99728104513883,2.226578954861168,-4.072316263805489,6.298895218666657,12–14,True,-3.914929471804501
D3,2017-11-22 05:45:02.000000,1026,377.55695,384.94961864583337,-7.392668645833396,-4.139886989515712,-3.2527816563176843,12–14,True,-3.946629322434168
D3,2017-11-22 05:50:03.000000,1026,390.379763,384.9463735798611,5.433389420138951,-4.205797855605717,9.639187275744668,12–14,True,-3.9760893730085787
D3,2017-11-22 05:55:04.000000,1026,384.757427,384.91121208333334,-0.1537850833333323,-4.2695583366731915,4.115773253339859,12–14,True,-4.003075329797692
D3,2017-11-22 06:00:03.000000,1026,378.568188,384.84652721180555,-6.27833921180553,-4.330735979882199,-1.9476032319233312,12–14,True,-4.027419713606578
D3,2017-11-22 06:05:03.000000,1026,386.136119,384.9122698062284,1.2238491937716276,-4.389926272950634,5.613775466722261,12–14,True,-4.049367527999919
D3,2017-11-22 06:10:02.000000,1026,390.962019,384.85541102083334,6.106607979166654,-4.4467066455350395,10.553314624701693,12–14,True,-4.068762083510819
D3,2017-11-22 06:15:04.000000,1026,376.147572,384.81780307291666,-8.670231072916636,-4.501787069712316,-4.1684440032043195,12–14,True,-4.08582853860882
D3,2017-11-22 06:20:03.000000,1026,396.155529,384.85323113541665,11.302297864583352,-4.5540472342744875,15.85634509885784,12–14,True,-4.100219769225573
D3,2017-11-22 06:25:04.000000,1026,376.34662,384.90161606574395,-8.554996065743978,-4.604347368938352,-3.9506486968056267,12–14,True,-4.112182097130326
D3,2017-11-22 06:30:05.000000,1026,380.008141,384.78966390625,-4.781522906249961,-4.652306163953088,-0.1292167422968733,12–14,True,-4.121605125962992
D3,2017-11-22 06:35:05.000000,1026,377.434362,384.78929203124994,-7.354930031249921,-4.697753103218755,-2.6571769280311663,12–14,True,-4.128465701924723
D3,2017-11-22 06:40:01.000000,1026,369.713224,384.78929203124994,-15.076068031249918,-4.740271103359839,-10.33579692789008,12–14,True,-4.132754987587402
D3,2017-11-22 06:45:01.000000,1026,387.377068,384.81721887152776,2.5598491284722513,-4.780989017062943,7.340838145535194,12–14,True,-4.134586863463472
D3,2017-11-22 06:50:01.000000,1026,372.470764,384.80764369444444,-12.336879694444463,-4.819297049875024,-7.517582644569439,12–14,True,-4.1338856205358105
D3,2017-11-22 06:55:03.000000,1026,379.655774,384.79618128222995,-5.140407282229944,-4.85540798206424,-0.28499930016570385,12–14,True,-4.130621536253655
D3,2017-11-22 07:00:05.000000,1026,387.622156,384.80992989583336,2.8122261041666547,-4.8890409025966335,7.701267006763288,12–14,True,-4.124792359557027
D3,2017-11-22 07:05:04.000000,1026,383.118137,384.7590820313589,-1.6409450313589105,-4.919882580676615,3.278937549317704,12–14,True,-4.116496848734806
D3,2017-11-22 07:10:04.000000,1026,368.793933,384.71226488194446,-15.918331881944482,-4.948355532108606,-10.969976349835875,12–14,True,-4.105653297034331
D3,2017-11-22 07:15:02.000000,1026,386.932821,384.71226488194446,2.2205561180555264,-4.974173993501948,7.194730111557474,12–14,True,-4.092387811850409
D3,2017-11-22 07:20:01.000000,1026,396.017609,384.7290740208333,11.288534979166684,-4.997598060446471,16.286133039613155,12–14,True,-4.076585684017246
D3,2017-11-22 07:25:03.000000,1026,381.433007,384.7050522179931,-3.2720452179931385,-5.018723171775347,1.7466779537822088,12–14,True,-4.058098613610348
D3,2017-11-22 07:30:04.000000,1026,390.793457,384.6835395034722,6.109917496527771,-5.037234247161609,11.147151743689381,12–14,True,-4.037155187100763
D3,2017-11-22 07:35:00.000000,1026,385.554018,384.6835395034722,0.8704784965277668,-5.052952281767011,5.923430778294778,12–14,True,-4.014118277636613
D3,2017-11-22 07:40:03.000000,1026,379.043055,384.56499884083047,-5.521943840830488,-5.066481532204674,-0.4554623086258145,12–14,True,-3.9880402952824165
D3,2017-11-22 07:45:02.000000,1026,386.228021,384.5176794583333,1.7103415416667076,-5.077286473401504,6.787628015068211,12–14,True,-3.959843176931782
D3,2017-11-22 07:50:02.000000,1026,389.552418,384.5140622847223,5.038355715277703,-5.085580895208314,10.123936610486016,12–14,True,-3.929105902074682
D3,2017-11-22 07:55:03.000000,1026,377.311796,384.44232631707314,-7.130530317073124,-5.0913353231261596,-2.039194993946964,12–14,True,-3.8958186758144246
D3,2017-11-22 08:00:01.000000,1026,380.758826,384.43028145486113,-3.671455454861132,-5.094496100518454,1.4230406456573226,12–14,True,-3.860463818865459
D3,2017-11-22 08:05:03.000000,1026,386.8103,384.3900129513889,2.420287048611101,-5.095123146491856,7.515410195102957,12–14,True,-3.822215809673295
D3,2017-11-22 08:10:04.000000,1026,384.726741,384.3717763910035,0.35496460899651083,-5.093167354182251,5.448131963178762,12–14,True,-3.7816900723397056
D3,2017-11-22 08:15:00.000000,1026,388.280983,384.3314991041667,3.949483895833282,-5.088732314431519,9.038216210264801,12–14,True,-3.7395154557032244
D3,2017-11-22 08:20:00.000000,1026,389.368703,384.30692341319445,5.061779586805528,-5.0816980447821205,10.143477631587649,12–14,True,-3.6944415505495694
D3,2017-11-22 08:25:03.000000,1026,388.311536,384.3184132986111,3.99312270138887,-5.0720020220751705,9.065124723464042,12–14,True,-3.6465583775940713
D3,2017-11-22 08:30:00.000000,1026,375.5041,384.3184132986111,-8.814313298611125,-5.059975062199818,-3.754338236411307,12–14,True,-3.5973453984846797
D3,2017-11-22 08:35:03.000000,1026,382.398094,384.31170627177704,-1.9136122717770263,-5.045137086667234,3.1315248148902075,12–14,True,-3.544838185561658
D3,2017-11-22 08:40:05.000000,1026,384.558112,384.32516953124997,0.232942468750025,-5.027774298537656,5.260716767287681,12–14,True,-3.490217894805559
D3,2017-11-22 08:45:00.000000,1026,377.173942,384.32516953124997,-7.151227531249958,-5.008341102163728,-2.1428864290862304,12–14,True,-3.434685055654733
D3,2017-11-22 08:50:03.000000,1026,377.37319,384.3716608263889,-6.998470826388882,-4.985846201191755,-2.0126246251971267,12–14,True,-3.375431888990308
D3,2017-11-22 08:55:00.000000,1026,380.26865,384.3716608263889,-4.103010826388925,-4.961314361890199,0.8583035355012747,12–14,True,-3.315201780509762
D3,2017-11-22 09:00:03.000000,1026,380.314579,384.4336316770833,-4.119052677083346,-4.933766350232991,0.8147136731496456,12–14,True,-3.2515905333286765
D3,2017-11-22 09:05:03.000000,1026,382.076413,384.4130175605536,-2.33660456055361,-4.903996039075194,2.567391478521584,12–14,True,-3.186485574523992
D3,2017-11-22 09:10:00.000000,1026,391.942549,384.4363975416667,7.506151458333306,-4.872091859008643,12.37824331734195,12–14,True,-3.1199808112001506
D3,2017-11-22 09:15:02.000000,1026,374.508305,384.458446799308,-9.950141799307971,-4.837185180241869,-5.112956619066102,12–14,True,-3.0502961704311495
D3,2017-11-22 09:20:01.000000,1026,381.586059,384.40256523958334,-2.8165062395833615,-4.800192647385566,1.983686407802204,12–14,True,-2.979289968017082
D3,2017-11-22 09:25:02.000000,1026,398.867118,384.40793772569447,14.459180274305538,-4.760525629328788,19.219705903634328,12–14,True,-2.905819013467763
D3,2017-11-22 09:30:03.000000,1026,384.542891,384.42171497569444,0.12117602430555507,-4.718442442874135,4.83961846717969,12–14,True,-2.830386757320885
D3,2017-11-22 09:35:03.000000,1026,381.984466,384.4630587439446,-2.4785927439446027,-4.674114966171729,2.195522222227126,12–14,True,-2.753289489089267
D3,2017-11-22 09:40:04.000000,1026,381.080551,384.4261836875,-3.345632687499972,-4.627268932905861,1.2816362454058892,12–14,True,-2.67405018672514
D3,2017-11-22 09:45:03.000000,1026,383.470503,384.44052907266433,-0.9700260726643251,-4.578405189115025,3.6083791164507,12–14,True,-2.5935054512868456
D3,2017-11-22 09:50:01.000000,1026,371.55145,384.4087356423611,-12.857285642361092,-4.527418293396064,-8.329867348965028,12–14,True,-2.5114513412032426
D3,2017-11-22 09:55:03.000000,1026,377.694848,384.4679879965398,-6.77313999653984,-4.473442665297624,-2.299697331242216,12–14,True,-2.4265236799542773
D3,2017-11-22 10:00:04.000000,1026,374.155871,384.45629080208334,-10.300419802083354,-4.417363330396606,-5.883056471686748,12–14,True,-2.3401426546813973
D3,2017-11-22 10:05:03.000000,1026,376.607129,384.51310226388887,-7.905973263888882,-4.359427196849291,-3.546546067039591,12–14,True,-2.252662034383916
D3,2017-11-22 10:10:04.000000,1026,382.413403,384.50616597560975,-2.0927629756097303,-4.298886989067614,2.2061240134578837,12–14,True,-2.1629534708622837
D3,2017-11-22 10:15:01.000000,1026,382.489996,384.4953886597222,-2.0053926597221903,-4.236999746767452,2.231607087045262,12–14,True,-2.0728633408047155
D3,2017-11-22 10:20:05.000000,1026,372.225587,384.56338922648087,-12.337802226480846,-4.171470837989033,-8.166331388491813,12–14,True,-1.9790750571114666
D3,2017-11-22 10:25:03.000000,1026,390.073369,384.597178912892,5.476190087108023,-4.105122385413785,9.581312472521809,12–14,True,-1.8856354088647747
D3,2017-11-22 10:30:01.000000,1026,373.052931,384.5894368055556,-11.536505805555578,-4.036713476697262,-7.499792328858316,12–14,True,-1.7907524583287202
D3,2017-11-22 10:35:02.000000,1026,392.861684,384.6029475659722,8.25873643402781,-3.96555693779558,12.22429337182339,12–14,True,-1.6934945277154354
D3,2017-11-22 10:40:02.000000,1026,381.218405,384.6702384375,-3.4518334374999995,-3.892611612499649,0.44077817499964933,12–14,True,-1.5951860850713158
D3,2017-11-22 10:45:04.000000,1026,385.140301,384.7730644425087,0.3672365574913101,-3.817173088429326,4.184409645920637,12–14,True,-1.4948845828836312
D3,2017-11-22 10:50:02.000000,1026,381.325661,384.76976546527777,-3.4441044652777464,-3.7407954415830753,0.2966909763053289,12–14,True,-1.3946431149683087
D3,2017-11-22 10:55:01.000000,1026,380.682233,384.76976546527777,-4.087532465277775,-3.6622626536928964,-0.42526981158487853,12–14,True,-1.292846486710673
D3,2017-11-22 11:00:03.000000,1026,375.182441,384.78464840418116,-9.602207404181172,-3.581048945398509,-6.021158458782663,12–14,True,-1.188838196326539
D3,2017-11-22 11:05:02.000000,1026,378.598741,384.7928518645833,-6.194110864583308,-3.4988061672258013,-2.695304697357507,12–14,True,-1.084733725952805
D3,2017-11-22 11:10:05.000000,1026,384.987227,384.78162761458333,0.20559938541668998,-3.413639644161121,3.619239029577811,12–14,True,-0.9781407683450933
D3,2017-11-22 11:15:01.000000,1026,377.112681,384.78162761458333,-7.668946614583319,-3.3287076043117656,-4.340239010271554,12–14,True,-0.8729945854397987
D3,2017-11-22 11:20:02.000000,1026,388.495496,384.75481694791665,3.740679052083351,-3.2406253499474245,6.9813044020307755,12–14,True,-0.7650934402508408
D3,2017-11-22 11:25:04.000000,1026,388.679323,384.7804037326389,3.898919267361123,-3.1505541424056953,7.049473409766819,12–14,True,-0.655893580993505
D3,2017-11-22 11:30:03.000000,1026,388.326867,384.7712065951557,3.555660404844275,-3.059746389172936,6.615406794017211,12–14,True,-0.5469023342309529
D3,2017-11-22 11:35:01.000000,1026,380.498339,384.7307205347222,-4.232381534722208,-2.96767013422558,-1.264711400496628,12–14,True,-0.43745957790516055
D3,2017-11-22 11:40:02.000000,1026,382.183558,384.7292750622837,-2.5457170622836998,-2.873117676664173,0.3274006143804731,12–14,True,-0.32614045317408563
D3,2017-11-22 11:45:01.000000,1026,383.409243,384.730932625,-1.3216896249999763,-2.7776965431575924,1.456006918157616,12–14,True,-0.21484277016237996
D3,2017-11-22 11:50:04.000000,1026,391.023146,384.714078825784,6.309067174216011,-2.679523190263753,8.988590364479764,12–14,True,-0.10137993962588138
D3,2017-11-22 11:55:03.000000,1026,373.236691,384.6687478263889,-11.432056826388873,-2.581235967171486,-8.850820859217388,12–14,True,0.011198793827942699
D3,2017-11-22 12:00:02.000000,1026,393.336573,384.69454732291666,8.642025677083325,-2.4815948971179767,11.1236205742013,12–14,False,0.12433375002034734
D3,2017-11-22 12:05:01.000000,1026,384.098622,384.6754322996516,-0.5768102996516404,-2.3806470882370445,1.803836788585404,12–14,False,0.23797144120121927
D3,2017-11-22 12:10:05.000000,1026,390.5791,384.65699284375,5.922107156249979,-2.2767206947109337,8.198827850960912,12–14,False,0.3539694553760914
D3,2017-11-22 12:15:03.000000,1026,390.379829,384.65699284375,5.7228361562499686,-2.1736312562556375,7.896467412505606,12–14,False,0.4680738751907502
D3,2017-11-22 12:20:03.000000,1026,369.360746,384.6465133541667,-15.285767354166694,-2.068685028675879,-13.217082325490814,12–14,False,0.5832853351935873
D3,2017-11-22 12:25:01.000000,1026,380.896746,384.64507714583334,-3.7483311458333333,-1.9633305255933609,-1.7850006202399724,12–14,False,0.6980136365462163
D3,2017-11-22 12:30:04.000000,1026,387.622223,384.57629729166666,3.045925708333357,-1.8551272992893477,4.901053007622704,12–14,False,0.8149023857191545
D3,2017-11-22 12:35:02.000000,1026,374.661535,384.57629729166666,-9.914762291666648,-1.747697090461993,-8.167065201204654,12–14,False,0.9300391232183897
D3,2017-11-22 12:40:01.000000,1026,367.997252,384.5877340208333,-16.590482020833292,-1.638948271504903,-14.951533749328389,12–14,False,1.0456837760849442
D3,2017-11-22 12:45:00.000000,1026,379.07354,384.5762970590278,-5.502757059027829,-1.529291098743543,-3.973465960284286,12–14,False,1.1613955696584395
D3,2017-11-22 12:50:01.000000,1026,380.498339,384.5681573159722,-4.069818315972213,-1.4180354274528093,-2.651782888519404,12–14,False,1.2778937916664306
D3,2017-11-22 12:55:04.000000,1026,373.696292,384.51808106574396,-10.821789065743928,-1.305217796588239,-9.516571269155689,12–14,False,1.3951223162240447
D3,2017-11-22 13:00:03.000000,1026,367.87473,384.56445492334495,-16.689724923344954,-1.193133676843998,-15.496591246500957,12–14,False,1.5107047927758928
D3,2017-11-22 13:05:03.000000,1026,359.893039,384.52415280139377,-24.63111380139378,-1.079973667652147,-23.551140133741633,12–14,False,1.6265202935319307
D3,2017-11-22 13:10:01.000000,1026,364.182612,384.5049613472222,-20.3223493472222,-0.966926011055075,-19.355423336167124,12–14,False,1.7413570398036349
D3,2017-11-22 13:15:00.000000,1026,371.383022,384.457565125,-13.074543124999991,-0.8529094110817848,-12.221633713918207,12–14,False,1.8563177629066592
D3,2017-11-22 13:20:00.000000,1026,377.281176,384.4075624340278,-7.126386434027779,-0.7379721179622163,-6.388414316065563,12–14,False,1.971345212221559
D3,2017-11-22 13:25:00.000000,1026,364.933275,384.38096502083334,-19.447690020833363,-0.6225492010265381,-18.825140819806826,12–14,False,2.085999687368332
D3,2017-11-22 13:30:05.000000,1026,381.84659,384.29283910726645,-2.4462491072664534,-0.5047613667824029,-1.9414877404840505,12–14,False,2.202126469045391
D3,2017-11-22 13:35:04.000000,1026,357.886095,384.2463642195122,-26.36026921951219,-0.38891443243919643,-25.971354787072993,12–14,False,2.3154847403817245
D3,2017-11-22 13:40:03.000000,1026,361.79266,384.2192541215278,-22.426594121527785,-0.27275013314135554,-22.15384398838643,12–14,False,2.428309818107875
D3,2017-11-22 13:45:02.000000,1026,369.851033,384.2570936794425,-14.406060679442533,-0.156323388846618,-14.249737290595915,12–14,False,2.540548360977539
D3,2017-11-22 13:50:04.000000,1026,369.728489,384.29016263541666,-14.56167363541664,-0.03851813755570266,-14.523155497860937,12–14,False,2.6532636066169335
D3,2017-11-22 13:55:02.000000,1026,383.010902,384.29016263541666,-1.2792606354166765,0.07787872881388536,-1.3571393642305618,12–14,False,2.7637932894600548
D3,2017-11-22 14:00:03.000000,1026,369.52933,384.25939013148786,-14.730060131487846,0.19554467409357112,-14.925604805581418,12–14,True,2.8746841282956375
D3,2017-11-22 14:05:01.000000,1026,371.030699,384.28810825087106,-13.257409250871035,0.31207903015088645,-13.569488281021922,12–14,True,2.9836736834488677
D3,2017-11-22 14:10:01.000000,1026,370.923376,384.26526822222223,-13.341892222222214,0.42938127579406027,-13.771273498016274,12–14,True,3.0925426582812032
D3,2017-11-22 14:15:00.000000,1026,377.174009,384.2704286909722,-7.096419690972198,0.54622295195303,-7.642642642925228,12–14,True,3.200146718014805
D3,2017-11-22 14:20:05.000000,1026,363.830245,384.2007969895833,-20.370551989583305,0.6652803689616347,-21.03583235854494,12–14,True,3.3089294353747025
D3,2017-11-22 14:25:04.000000,1026,375.504189,384.1973684532872,-8.6931794532872,0.7818131936713426,-9.474992646958544,12–14,True,3.4145595697372952
D3,2017-11-22 14:30:04.000000,1026,365.117168,384.13105896875,-19.01389096874999,0.8984983830728481,-19.91238935182284,12–14,True,3.5194848267283585
D3,2017-11-22 14:35:05.000000,1026,367.445838,384.1159975813149,-16.67015958131492,1.0152777458248017,-17.68543732713972,12–14,True,3.623644419282607
D3,2017-11-22 14:40:04.000000,1026,378.338254,384.1067773101045,-5.768523310104513,1.1309336230809803,-6.899456933185493,12–14,True,3.725956515844852
D3,2017-11-22 14:45:03.000000,1026,372.10302,384.0344476236934,-11.931427623693367,1.2461883141407073,-13.177615937834073,12–14,True,3.8270685783754974
D3,2017-11-22 14:50:03.000000,1026,377.756042,384.0327392264808,-6.276697226480849,1.3613704468593948,-7.6380676733402435,12–14,True,3.9272646506189743
D3,2017-11-22 14:55:03.000000,1026,371.413619,384.00259384375,-12.588974843750009,1.4760390300333532,-14.065013873783363,12–14,True,4.026156836973893
D3,2017-11-22 15:00:05.000000,1026,367.706124,383.97913510069446,-16.273011100694475,1.5908981289196986,-17.863909229614173,12–14,True,4.124343707239595
D3,2017-11-22 15:05:04.000000,1026,380.05407,383.92370661111113,-3.8696366111111047,1.7039946728504822,-5.573631283961587,12–14,True,4.220160017205692
D3,2017-11-22 15:10:05.000000,1026,379.012413,383.939345875,-4.926932875000034,1.8171687198153221,-6.744101594815357,12–14,True,4.315169038502792
D3,2017-11-22 15:15:03.000000,1026,379.196218,383.94307770934256,-4.746859709342573,1.9284905574719935,-6.675350266814567,12–14,True,4.407755153978255
D3,2017-11-22 15:20:04.000000,1026,383.148778,383.92828779238755,-0.7795097923875574,2.040148137753158,-2.8196579301407154,12–14,True,4.499738078205216
D3,2017-11-22 15:25:01.000000,1026,392.800334,383.92227055555554,8.878063444444479,2.149496643534664,6.728566800909815,12–14,True,4.588943440548295
D3,2017-11-22 15:30:02.000000,1026,377.633632,383.91237635069444,-6.278744350694467,2.2594289784530326,-8.538173329147499,12–14,True,4.677731241405072
D3,2017-11-22 15:35:02.000000,1026,375.841112,383.85811796527776,-8.017005965277747,2.3680536025235916,-10.385059567801338,12–14,True,4.764560277051243
D3,2017-11-22 15:40:02.000000,1026,380.421813,383.72778092334494,-3.3059679233449515,2.475685550389096,-5.781653473734048,12–14,True,4.849686919438448
D3,2017-11-22 15:45:02.000000,1026,389.506556,383.70289680555555,5.803659194444435,2.5822735950716957,3.2213855993727396,12–14,True,4.9330706528953625
D3,2017-11-22 15:50:02.000000,1026,370.494439,383.64805313541666,-13.15361413541666,2.6877670064349033,-15.841381141851564,12–14,True,5.0146717912809
D3,2017-11-22 15:55:04.000000,1026,396.47721,383.5867733472222,12.890436652777794,2.7928072790890663,10.097629373688727,12–14,True,5.094977163943144
D3,2017-11-22 16:00:02.000000,1026,401.762533,383.60714282578397,18.155390174216052,2.8952696374849496,15.260120536731103,12–14,True,5.172371798851745
D3,2017-11-22 16:05:02.000000,1026,405.22494,383.58450957491294,21.64043042508706,2.9971800971577127,18.643250327929348,12–14,True,5.248395611374453
D3,2017-11-22 16:10:03.000000,1026,408.580001,383.5645989477352,25.01540205226479,3.098131630658359,21.917270421606432,12–14,True,5.322730450195049
D3,2017-11-22 16:15:03.000000,1026,388.786558,383.54837144250877,5.238186557491247,3.1974054427324208,2.040781114758826,12–14,True,5.394847036286928
D3,2017-11-22 16:20:03.000000,1026,396.998094,383.49719406249994,13.500899937500037,3.2952918520430448,10.205608085456992,12–14,True,5.464961246758668
D3,2017-11-22 16:25:02.000000,1026,403.953349,383.49719406249994,20.45615493750006,3.3914251948651746,17.064729742634885,12–14,True,5.532816200523092
D3,2017-11-22 16:30:03.000000,1026,394.531527,383.4164200484429,11.115106951557095,3.4867167903588925,7.628390161198203,12–14,True,5.599050027479396
D3,2017-11-22 16:35:01.000000,1026,397.855991,383.3505283044983,14.505462695501706,3.579546376685059,10.925916318816647,12–14,True,5.662541726428947
D3,2017-11-22 16:40:01.000000,1026,403.279235,383.3532689094077,19.92596609059234,3.6714348320474697,16.25453125854487,12–14,True,5.724336792823362
D3,2017-11-22 16:45:02.000000,1026,402.467244,383.3044265191638,19.162817480836168,3.7620084449488287,15.400809035887338,12–14,True,5.784167807920011
D3,2017-11-22 16:50:03.000000,1026,386.105544,383.2847291114982,2.8208148885017863,3.850914875855276,-1.0300999873534895,12–14,True,5.841796543595809
D3,2017-11-22 16:55:00.000000,1026,397.825305,383.275001375,14.550303625000026,3.9369641600648517,10.613339464935175,12–14,True,5.896473927345711
D3,2017-11-22 17:00:00.000000,1026,397.227894,383.31127974305554,13.916614256944456,4.022151796732695,9.894462460211761,12–14,True,5.949473604349692
D3,2017-11-22 17:05:03.000000,1026,402.268041,383.2573410833333,19.01069991666668,4.106384449314446,14.904315467352234,12–14,True,6.0007027391526035
D3,2017-11-22 17:10:02.000000,1026,402.099613,383.2573410833333,18.842271916666675,4.187685287338635,14.65458662932804,12–14,True,6.0489649825488705
D3,2017-11-22 17:15:02.000000,1026,408.380709,383.1931881875,25.187520812499997,4.26740236722991,20.920118445270088,12–14,True,6.095078768699414
D3,2017-11-22 17:20:04.000000,1026,400.874039,383.20334872569447,17.670690274305514,4.34573513854888,13.324955135756634,12–14,True,6.139140876318005
D3,2017-11-22 17:25:02.000000,1026,410.602188,383.20334872569447,27.398839274305544,4.421109498662926,22.97772977564262,12–14,True,6.180278560976716
D3,2017-11-22 17:30:02.000000,1026,403.034102,383.1724718780488,19.861630121951237,4.495026393934852,15.366603728016385,12–14,True,6.2193240166167545
D3,2017-11-22 17:35:04.000000,1026,409.91272,383.08898065625,26.823739343749992,4.567410896537334,22.25632844721266,12–14,True,6.256210952457169
D3,2017-11-22 17:40:04.000000,1026,398.775171,383.0629154479167,15.71225555208332,4.6372698580074605,11.07498569407586,12–14,True,6.290433262877087
D3,2017-11-22 17:45:03.000000,1026,393.413165,383.0542445069444,10.358920493055564,4.704833643960998,5.654086849094566,12–14,True,6.322125019459363
D3,2017-11-22 17:50:02.000000,1026,423.624204,383.0460370865052,40.57816691349484,4.7703065814097245,35.80786033208511,12–14,True,6.351389329927697
D3,2017-11-22 17:55:01.000000,1026,399.633045,382.975851550173,16.65719344982699,4.833657716170818,11.823535733656172,12–14,True,6.37821235875169
D3,2017-11-22 18:00:00.000000,1026,402.589788,382.9696655243055,19.620122475694473,4.894857097203688,14.725265378490786,12–14,True,6.402581424585885
D3,2017-11-22 18:05:00.000000,1026,403.846137,382.9508345069445,20.89530249305551,4.954069487321473,15.941233005734038,12–14,True,6.4245541137902595
D3,2017-11-22 18:10:05.000000,1026,404.121844,382.8510951493056,21.270748850694417,5.011989219122853,16.258759631571564,12–14,True,6.444337841907374
D3,2017-11-22 18:15:03.000000,1026,397.442385,382.8356390934256,14.606745906574417,5.066332633269912,9.540413273304505,12–14,True,6.46116996228555
D3,2017-11-22 18:20:01.000000,1026,408.350201,382.8588615486111,25.49133945138891,5.11842939296316,20.372910058425752,12–14,True,6.475525547394494
D3,2017-11-22 18:25:03.000000,1026,398.836476,382.8220508229167,16.014425177083297,5.168908277951116,10.84551689913218,12–14,True,6.487540298624127
D3,2017-11-22 18:30:02.000000,1026,392.06507,382.82976421527775,9.235305784722243,5.216563952750907,4.018741831971336,12–14,True,6.496917494899403
D3,2017-11-22 18:35:00.000000,1026,399.69444,382.8111994548611,16.883240545138904,5.261739174499851,11.621501370639052,12–14,True,6.503765827403281
D3,2017-11-22 18:40:01.000000,1026,400.062005,382.83598793402774,17.226017065972258,5.304995259142635,11.921021806829621,12–14,True,6.508148729780762
D3,2017-11-22 18:45:04.000000,1026,393.765599,382.852406369338,10.913192630662024,5.346108213422735,5.56708441723929,12–14,True,6.509986132609042
D3,2017-11-22 18:50:03.000000,1026,397.01327,382.88096449477354,14.13230550522644,5.384268464488911,8.748037040737529,12–14,True,6.509266187832546
D3,2017-11-22 18:55:03.000000,1026,387.40771,382.81459340138406,4.59311659861595,5.420132137847039,-0.8270155392310894,12–14,True,6.506015278447016
D3,2017-11-22 19:00:00.000000,1026,394.623384,382.82556152430556,11.797822475694431,5.453228484616972,6.34459399107746,12–14,True,6.500303480505988
D3,2017-11-22 19:05:04.000000,1026,373.405298,382.76423383391,-9.358935833909982,5.484606736459413,-14.843542570369394,12–14,True,6.491890590928167
D3,2017-11-22 19:10:02.000000,1026,369.575259,382.7630050034722,-13.18774600347217,5.512898096951108,-18.70064410042328,12–14,True,6.481127677812131
D3,2017-11-22 19:15:03.000000,1026,383.807427,382.8294980347222,0.9779289652778402,5.538980639060054,-4.561051673782214,12–14,True,6.467732860750644
D3,2017-11-22 19:20:02.000000,1026,390.257241,382.75050432986114,7.506736670138878,5.56239637514144,1.9443402949974375,12–14,True,6.45192239593475
D3,2017-11-22 19:25:02.000000,1026,385.385545,382.730307083045,2.655237916955002,5.583381590638339,-2.928143673683337,12–14,True,6.433557751585406
D3,2017-11-22 19:30:03.000000,1026,376.239408,382.7493374290658,-6.509929429065778,5.6019011195131,-12.111830548578878,12–14,True,6.412622659248974
D3,2017-11-22 19:35:01.000000,1026,370.877447,382.7115367317073,-11.834089731707309,5.6177253529125135,-17.451815084619824,12–14,True,6.389430101062558
D3,2017-11-22 19:40:02.000000,1026,376.178169,382.7018841493056,-6.523715149305588,5.631165304944667,-12.154880454250254,12–14,True,6.3635242437092145
D3,2017-11-22 19:45:04.000000,1026,393.152723,382.6492221388889,10.503500861111092,5.642074376709902,4.86142648440119,12–14,True,6.335040100407097
D3,2017-11-22 19:50:03.000000,1026,387.698905,382.6251691916376,5.0737358083624144,5.650328428641631,-0.5765926202792162,12–14,True,6.3043931058367075
D3,2017-11-22 19:55:04.000000,1026,380.973406,382.6029632334495,-1.629557233449475,5.6560743067295896,-7.285631540179065,12–14,True,6.271097760715392
D3,2017-11-22 20:00:02.000000,1026,382.306124,382.6271444599303,-0.3210204599303097,5.659226612494329,-5.980247072424639,12–14,True,6.235734919928083
D3,2017-11-22 20:05:00.000000,1026,374.829985,382.64757353125,-7.817588531249953,5.659853828166151,-13.477442359416104,12–14,True,6.198001412968367
D3,2017-11-22 20:10:03.000000,1026,379.119647,382.65874366782003,-3.539096667820047,5.657902272574252,-9.196998940394298,12–14,True,6.157222404532414
D3,2017-11-22 20:15:01.000000,1026,381.478936,382.63194841811844,-1.1530124181184647,5.653437267507579,-6.806449685626044,12–14,True,6.114762835385191
D3,2017-11-22 20:20:02.000000,1026,381.923227,382.5840133344948,-0.6607863344947873,5.646366734296089,-6.307153068790877,12–14,True,6.06952697850663
D3,2017-11-22 20:25:02.000000,1026,383.240614,382.5926769340278,0.6479370659722008,5.636762456493323,-4.988825390521122,12–14,True,6.022114023464142
D3,2017-11-22 20:30:01.000000,1026,389.016336,382.592447923345,6.423888076655032,5.624654510169503,0.7992335664855297,12–14,True,5.972569656835552
D3,2017-11-22 20:35:03.000000,1026,391.865867,382.57650615625,9.28936084374999,5.609861242450032,3.6794996012999572,12–14,True,5.920231927755018
D3,2017-11-22 20:40:04.000000,1026,386.565123,382.6132080103806,3.951914989619411,5.59256017822606,-1.6406451886066495,12–14,True,5.865796236819112
D3,2017-11-22 20:45:02.000000,1026,389.613791,382.62538348780487,6.988407512195124,5.572925187019493,1.4154823251756312,12–14,True,5.809695014568155
D3,2017-11-22 20:50:02.000000,1026,389.047,382.6690650902778,6.377934909722228,5.55064881074693,0.8272860989752981,12–14,True,5.751024846108423
D3,2017-11-22 20:55:01.000000,1026,390.47171,382.67806926480836,7.793640735191616,5.525951780361343,2.267688954830273,12–14,True,5.690389163598597
D3,2017-11-22 21:00:01.000000,1026,392.968874,382.6891191423611,10.27975485763892,5.498680659358188,4.7810741982807325,12–14,True,5.627411252630926
D3,2017-11-22 21:05:00.000000,1026,378.476152,382.7395474097222,-4.263395409722193,5.469030141265261,-9.732425550987454,12–14,True,5.562540724046793
D3,2017-11-22 21:10:04.000000,1026,381.34106,382.68156499305553,-1.3405049930555037,5.436369884725287,-6.776874877780791,12–14,True,5.494465081943465
D3,2017-11-22 21:15:00.000000,1026,390.778058,382.68156499305553,8.096493006944456,5.402148647407947,2.694344359536509,12–14,True,5.426158161466497
D3,2017-11-22 21:20:03.000000,1026,374.9066,382.7031574878049,-7.796557487804876,5.3646612510603955,-13.161218738865271,12–14,True,5.35420208148218
D3,2017-11-22 21:25:02.000000,1026,390.395184,382.71332233333334,7.681861666666634,5.325249785111585,2.3566118815550494,12–14,True,5.281212755661121
D3,2017-11-22 21:30:04.000000,1026,384.190569,382.6476270625,1.5429419374999611,5.2830227826242915,-3.7400808451243304,12–14,True,5.205526665177821
D3,2017-11-22 21:35:02.000000,1026,389.93556,382.6476270625,7.287932937499988,5.23899081082881,2.0489421266711787,12–14,True,5.128943358551233
D3,2017-11-22 21:40:01.000000,1026,387.530298,382.65831926388887,4.871978736111146,5.192471636588735,-0.32049290047758916,12–14,True,5.050242881848858
D3,2017-11-22 21:45:01.000000,1026,388.572,382.60801365051907,5.963986349480933,5.143463853468191,0.8205224960127424,12–14,True,4.969443936014813
D3,2017-11-22 21:50:01.000000,1026,393.872722,382.6050188958333,11.267703104166685,5.092142449178864,6.175560654987821,12–14,True,4.886845083396604
D3,2017-11-22 21:55:01.000000,1026,388.633283,382.66890569444445,5.9643773055555585,5.038531849929635,0.9258454556259235,12–14,True,4.802485636574536
D3,2017-11-22 22:00:02.000000,1026,383.133469,382.70858860416666,0.42488039583332693,4.98246756789076,-4.557587172057433,12–14,True,4.716115981668704
D3,2017-11-22 22:05:02.000000,1026,404.397596,382.7620619446367,21.635534055363337,4.924348792044102,16.711185263319237,12–14,True,4.628351088020583
D3,2017-11-22 22:10:04.000000,1026,381.402299,382.78490938408305,-1.3826103840830228,4.863611144850412,-6.246221528933435,12–14,True,4.538347213055642
D3,2017-11-22 22:15:04.000000,1026,403.75419,382.7983808263889,20.9558091736111,4.80108797459258,16.15472119901852,12–14,True,4.447339251079487
D3,2017-11-22 22:20:05.000000,1026,393.658342,382.82270566435983,10.835636335640174,4.736194993771831,6.099441341868343,12–14,True,4.354468799304826
D3,2017-11-22 22:25:03.000000,1026,382.367452,382.85950121527776,-0.4920492152777456,4.669846541196583,-5.161895756474329,12–14,True,4.261029151058134
D3,2017-11-22 22:30:02.000000,1026,395.174888,382.83100257142854,12.343885428571468,4.60120463948937,7.742680789082098,12–14,True,4.16582542149189
D3,2017-11-22 22:35:02.000000,1026,404.366976,382.8481710347222,21.51880496527781,4.530281093578378,16.98852387169943,12–14,True,4.068888269908794
D3,2017-11-22 22:40:02.000000,1026,395.481304,382.8368067577855,12.644497242214527,4.457335768282446,8.18716147393208,12–14,True,3.9705798272646744
D3,2017-11-22 22:45:04.000000,1026,375.703259,382.82456169896193,-7.121302698961927,4.381897244212124,-11.50319994317405,12–14,True,3.8702783250769905
D3,2017-11-22 22:50:00.000000,1026,396.232077,382.81652093749994,13.415556062500059,4.30603853722506,9.109517525274999,12–14,True,3.770713713892631
D3,2017-11-22 22:55:03.000000,1026,385.753199,382.7907216736111,2.962477326388921,4.2264551857050865,-1.2639778593161655,12–14,True,3.667555312569804
D3,2017-11-22 23:00:03.000000,1026,387.147245,382.7907216736111,4.356523326388924,4.145773101181308,0.2107502252076161,12–14,True,3.5642319385199004
D3,2017-11-22 23:05:04.000000,1026,385.707226,382.8631189305555,2.844107069444476,4.062974141500333,-1.2188670720558568,12–14,True,3.4594274448191578
D3,2017-11-22 23:10:04.000000,1026,381.846523,382.8631189305555,-1.0165959305555248,3.978647851934328,-4.995243782489853,12–14,True,3.353888060574816
D3,2017-11-22 23:15:05.000000,1026,376.300646,382.87498146875004,-6.574335468750064,3.892272482488098,-10.466607951238162,12–14,True,3.246960784528243
D3,2017-11-22 23:20:04.000000,1026,382.689177,382.854873875,-0.16569687500003738,3.804758549333301,-3.9704554243333385,12–14,True,3.1397670447552883
D3,2017-11-22 23:25:04.000000,1026,379.472014,382.86331252249136,-3.391298522491354,3.715278298188493,-7.106576820679847,12–14,True,3.031287323186864
D3,2017-11-22 23:30:02.000000,1026,381.065286,382.8431180416667,-1.7778320416666702,3.6247769073877913,-5.4026089490544615,12–14,True,2.9226619912634284
D3,2017-11-22 23:35:02.000000,1026,379.027678,382.82689371428575,-3.799215714285765,3.532082715426973,-7.331298429712739,12–14,True,2.812484748831227
D3,2017-11-22 23:40:01.000000,1026,392.279428,382.8448738993056,9.434554100694413,3.438158488561446,5.996395612132967,12–14,True,2.701905256818309
D3,2017-11-22 23:45:04.000000,1026,394.163739,382.84184146527775,11.321897534722268,3.3414558895887088,7.98044164513356,12–14,True,2.5891163650238176
D3,2017-11-22 23:50:04.000000,1026,371.658751,382.84184146527775,-11.183090465277758,3.244247346046554,-14.427337811324312,12–14,True,2.476773681819245
D3,2017-11-22 23:55:03.000000,1026,387.806139,382.8595491730104,4.946589826989566,3.1459601229542833,1.8006297040352828,12–14,True,2.364194948365416
D3,2017-11-22 00:00:04.000000,1026,384.328378,387.88632614930555,-3.5579481493055596,3.0456481049861552,-6.603596254291714,14–16,True,2.5452582546370763
D3,2017-11-22 00:05:00.000000,1026,385.048399,387.88632614930555,-2.8379271493055285,2.945710987212034,-5.783638136517562,14–16,True,2.4172454325921784
D3,2017-11-22 00:10:04.000000,1026,389.337994,387.92226327526134,1.415730724738637,2.8417887919182725,-1.4260580671796355,14–16,True,2.2852325272044367
D3,2017-11-22 00:15:04.000000,1026,378.322989,387.96414990277776,-9.641160902777756,2.738007505388194,-12.379168408165949,14–16,True,2.154482329300954
D3,2017-11-22 00:20:03.000000,1026,386.488508,387.96414990277776,-1.4756419027777383,2.6334091844586762,-4.1090510872364145,14–16,True,2.023761279962386
D3,2017-11-22 00:25:03.000000,1026,379.042988,387.84120193425605,-8.798213934256069,2.527343985788475,-11.325557920044544,14–16,True,1.8922572418358736
D3,2017-11-22 00:30:00.000000,1026,383.255968,387.8230249444444,-4.567056944444403,2.421286756211659,-6.988343700656062,14–16,True,1.761788429288944
D3,2017-11-22 00:35:04.000000,1026,374.15596,387.78061111418685,-13.624651114186861,2.3116969607819664,-15.936348074968826,14–16,True,1.6280200021545386
D3,2017-11-22 00:40:04.000000,1026,385.416142,387.7668513125,-2.350709312500044,2.202576612995938,-4.553285925495982,14–16,True,1.495852260838707
D3,2017-11-22 00:45:03.000000,1026,387.070786,387.6957832465278,-0.624997246527812,2.092910588313406,-2.717907834841218,14–16,True,1.3640302992317406
D3,2017-11-22 00:50:02.000000,1026,379.089028,387.66657913194445,-8.57755113194446,1.9823885756184345,-10.559939707562895,14–16,True,1.232176108432139
D3,2017-11-22 00:55:05.000000,1026,380.559734,387.6276405208334,-7.0679065208333895,1.8695683105941925,-8.937474831427583,14–16,True,1.0985889810127831
D3,2017-11-22 01:00:02.000000,1026,375.167131,387.6276405208334,-12.460509520833398,1.7582338881598738,-14.218743408993271,14–16,True,0.9677396795490918
D3,2017-11-22 01:05:00.000000,1026,380.498428,387.54066755208333,-7.042239552083345,1.6458327231159595,-8.688072275199303,14–16,True,0.8366037108711437
D3,2017-11-22 01:10:03.000000,1026,386.657114,387.37698854861105,-0.7198745486110738,1.5308894162120736,-2.2507639648231477,14–16,True,0.7034889622386145
D3,2017-11-22 01:15:04.000000,1026,383.485858,387.32164610380624,-3.8357881038062374,1.4161045025083805,-5.251892606314618,14–16,True,0.5715374804193141
D3,2017-11-22 01:20:01.000000,1026,392.739096,387.30356937716266,5.435526622837358,1.3023123069057385,4.133214315931619,14–16,True,0.4416793861150432
D3,2017-11-22 01:25:02.000000,1026,385.783841,387.29240903125,-1.508568031249979,1.1865023643400563,-2.6950703955900353,14–16,True,0.3104791778476743
D3,2017-11-22 01:30:05.000000,1026,391.498213,387.26371541463413,4.234497585365887,1.0694855225652018,3.1650120628006846,14–16,True,0.1788841834048438
D3,2017-11-22 01:35:01.000000,1026,390.425758,387.2449059513889,3.1808520486110865,0.9548025999148992,2.2260494486961875,14–16,True,0.050852521011686136
D3,2017-11-22 01:40:03.000000,1026,374.033349,387.19159910452964,-13.158250104529657,0.8374742889241547,-13.995724393453811,14–16,True,-0.07917944704294033
D3,2017-11-22 01:45:01.000000,1026,376.545912,387.10340834375,-10.557496343750017,0.7214373081106191,-11.278933651860637,14–16,True,-0.20683932653416637
D3,2017-11-22 01:50:01.000000,1026,381.049932,387.0697895243055,-6.0198575243055075,0.6044133993738083,-6.624270923679315,14–16,True,-0.3346430287173279
D3,2017-11-22 01:55:02.000000,1026,384.803289,387.0335948118467,-2.2303058118466765,0.48684542696891375,-2.7171512388155903,14–16,True,-0.46209275977338704
D3,2017-11-22 02:00:05.000000,1026,378.966462,386.95978346874995,-7.9933214687499685,0.36839744660702856,-8.361718915356997,14–16,True,-0.5895385060210003
D3,2017-11-22 02:05:00.000000,1026,381.310218,386.95978346874995,-5.649565468749927,0.253036187789609,-5.902601656539536,14–16,True,-0.7127404184951569
D3,2017-11-22 02:10:02.000000,1026,374.983149,386.8619391487889,-11.87879014878888,0.13495195850422226,-12.013742107293103,14–16,True,-0.8379077562692299
D3,2017-11-22 02:15:01.000000,1026,396.232122,386.83320775778543,9.398914242214573,0.018110607521236055,9.380803634693336,14–16,True,-0.9608180462717715
D3,2017-11-22 02:20:04.000000,1026,384.236542,386.8403606968641,-2.6038186968640957,-0.10016613680610931,-2.5036525600579864,14–16,True,-1.084283944829294
D3,2017-11-22 02:25:04.000000,1026,386.672379,386.75281789198607,-0.08043889198609122,-0.21708903788854483,0.1366501459024536,14–16,True,-1.2053891192581676
D3,2017-11-22 02:30:03.000000,1026,386.120809,386.71376015277775,-0.5929511527777436,-0.3333857329582868,-0.2595654198194568,14–16,True,-1.3249061593552338
D3,2017-11-22 02:35:05.000000,1026,384.757315,386.63543632055746,-1.8781213205574545,-0.4505535900420048,-1.4275677305154497,14–16,True,-1.4443644250140961
D3,2017-11-22 02:40:02.000000,1026,386.120898,386.5688057708333,-0.4479077708332966,-0.5654371213190341,0.11752935048573754,14–16,True,-1.5605562083347304
D3,2017-11-22 02:45:02.000000,1026,392.524605,386.5374743888889,5.987130611111127,-0.6810794202994153,6.668210031410542,14–16,True,-1.6765687591230867
D3,2017-11-22 02:50:00.000000,1026,382.091745,386.44693709722225,-4.355192097222243,-0.7954969206553337,-3.5596951765669096,14–16,True,-1.7904074136498682
D3,2017-11-22 02:55:03.000000,1026,386.779636,386.3874869686411,0.39214903135888335,-0.9113148742505528,1.3034639056094361,14–16,True,-1.9046697502993597
D3,2017-11-22 03:00:02.000000,1026,394.255775,386.2550518466899,8.000723153310105,-1.025036000823206,9.025759154133311,14–16,True,-2.0159006492287856
D3,2017-11-22 03:05:01.000000,1026,383.807583,386.19064584722224,-2.38306284722222,-1.138139017979611,-1.2449238292426092,14–16,True,-2.1255658194071065
D3,2017-11-22 03:10:00.000000,1026,377.710203,386.12628046875,-8.416077468750018,-1.2505704530697388,-7.165507015680279,14–16,True,-2.2336134135236807
D3,2017-11-22 03:15:03.000000,1026,377.81737,386.0626709268293,-8.245300926829316,-1.3637664016891944,-6.881534525140122,14–16,True,-2.341403937982603
D3,2017-11-22 03:20:04.000000,1026,385.661252,385.95238833797913,-0.2911363379791396,-1.4754239819703572,1.1842876439912176,14–16,True,-2.4467345970780845
D3,2017-11-22 03:25:03.000000,1026,373.89554,385.93781290972225,-12.042272909722271,-1.5855059460370473,-10.456766963685224,14–16,True,-2.549590159415749
D3,2017-11-22 03:30:02.000000,1026,386.672357,385.93781290972225,0.7345440902777227,-1.6947048226702353,2.429248912947958,14–16,True,-2.6506276761930923
D3,2017-11-22 03:35:04.000000,1026,398.836409,385.7817408298611,13.054668170138882,-1.804050337104477,14.85871850724336,14–16,True,-2.7507847987580316
D3,2017-11-22 03:40:00.000000,1026,395.312831,385.7817408298611,9.531090170138896,-1.9102472481199877,11.441337418258883,14–16,True,-2.847058381809105
D3,2017-11-22 03:45:03.000000,1026,369.299596,385.63657280902777,-16.33697680902776,-2.0179029303418177,-14.319073878685943,14–16,True,-2.9436201403086826
D3,2017-11-22 03:50:01.000000,1026,388.985739,385.63657280902777,3.349166190972255,-2.1226930799129096,5.471859270885165,14–16,True,-3.0365810676504763
D3,2017-11-22 03:55:02.000000,1026,395.205552,385.54720593055555,9.658346069444463,-2.227391419545624,11.885737488990086,14–16,True,-3.1284122631133133
D3,2017-11-22 04:00:01.000000,1026,377.740733,385.5207686875,-7.780035687500003,-2.330203673476647,-5.4498320140233565,14–16,True,-3.2175346847186637
D3,2017-11-22 04:05:00.000000,1026,392.218256,385.5394396875,6.6788163124999755,-2.431780763062717,9.110597075562692,14–16,True,-3.304523271099209
D3,2017-11-22 04:10:02.000000,1026,379.701815,385.54991902430555,-5.848104024305542,-2.533074294704557,-3.315029729600985,14–16,True,-3.3901767111042163
D3,2017-11-22 04:15:01.000000,1026,387.223905,385.4944435400697,1.7294614599302918,-2.632024003244642,4.361485463174933,14–16,True,-3.472752852049263
D3,2017-11-22 04:20:02.000000,1026,385.171032,385.50587449305556,-0.3348424930555325,-2.73024376455278,2.3954012714972475,14–16,True,-3.553604088003545
D3,2017-11-22 04:25:03.000000,1026,384.435612,385.4638512222222,-1.0282392222222256,-2.827020114178095,1.7987808919558694,14–16,True,-3.632131829205496
D3,2017-11-22 04:30:04.000000,1026,391.942437,385.4127315104167,6.529705489583307,-2.9223066842513816,9.452012173834689,14–16,True,-3.7082984511316934
D3,2017-11-22 04:35:01.000000,1026,396.55378,385.4127315104167,11.14104848958334,-3.014822220902259,14.1558707104856,14–16,True,-3.7811030154711642
D3,2017-11-22 04:40:00.000000,1026,369.360723,385.3740061527778,-16.013283152777774,-3.1064070367249803,-12.906876116052793,14–16,True,-3.852005519448478
D3,2017-11-22 04:45:01.000000,1026,394.745995,385.3378869548611,9.408108045138874,-3.19698611654767,12.605094161686544,14–16,True,-3.920923941024166
D3,2017-11-22 04:50:00.000000,1026,374.676867,385.3262370486111,-10.649370048611104,-3.2853129749556818,-7.364057073655422,14–16,True,-3.9869098734859625
D3,2017-11-22 04:55:01.000000,1026,368.61015,385.28297324221455,-16.672823242214577,-3.3725268751517437,-13.300296367062833,14–16,True,-4.0508144208593775
D3,2017-11-22 05:00:02.000000,1026,383.02619,385.1841619550173,-2.157971955017331,-3.4579896304287057,1.3000176754113748,14–16,True,-4.112157248089949
D3,2017-11-22 05:05:00.000000,1026,375.825802,385.07095665625,-9.245154656250008,-3.540835340257901,-5.704319315992107,14–16,True,-4.170336276055673
D3,2017-11-22 05:10:02.000000,1026,385.125036,385.0094346376307,0.1156013623693184,-3.622961131555837,3.7385624939251554,14–16,True,-4.226677150893243
D3,2017-11-22 05:15:01.000000,1026,387.162666,384.987068728223,2.175597271777008,-3.702415617586281,5.878012889363289,14–16,True,-4.279834401562698
D3,2017-11-22 05:20:03.000000,1026,384.665413,385.06829664583336,-0.4028836458333558,-3.7807548161217914,3.3778711702884356,14–16,True,-4.330849047028657
D3,2017-11-22 05:25:05.000000,1026,381.356325,385.056008375,-3.6996833749999496,-3.8571343218511047,0.15745094685115513,14–16,True,-4.379149859114457
D3,2017-11-22 05:30:01.000000,1026,392.417415,385.056008375,7.361406625000029,-3.930059159747347,11.291465784747377,14–16,True,-4.4238350962284345
D3,2017-11-22 05:35:02.000000,1026,384.006675,384.91046766898955,-0.9037926689895812,-4.00221413336668,3.0984214643770986,14–16,True,-4.466557351617741
D3,2017-11-22 05:40:03.000000,1026,387.22386,384.99728104513883,2.226578954861168,-4.072316263805489,6.298895218666657,14–16,True,-4.506518694459132
D3,2017-11-22 05:45:02.000000,1026,377.55695,384.94961864583337,-7.392668645833396,-4.139886989515712,-3.2527816563176843,14–16,True,-4.543462141104032
D3,2017-11-22 05:50:03.000000,1026,390.379763,384.9463735798611,5.433389420138951,-4.205797855605717,9.639187275744668,14–16,True,-4.577864197907399
D3,2017-11-22 05:55:04.000000,1026,384.757427,384.91121208333334,-0.1537850833333323,-4.2695583366731915,4.115773253339859,14–16,True,-4.609452012384338
D3,2017-11-22 06:00:03.000000,1026,378.568188,384.84652721180555,-6.27833921180553,-4.330735979882199,-1.9476032319233312,14–16,True,-4.638028732520855
D3,2017-11-22 06:05:03.000000,1026,386.136119,384.9122698062284,1.2238491937716276,-4.389926272950634,5.613775466722261,14–16,True,-4.6638815093174975
D3,2017-11-22 06:10:02.000000,1026,390.962019,384.85541102083334,6.106607979166654,-4.4467066455350395,10.553314624701693,14–16,True,-4.686825775065545
D3,2017-11-22 06:15:04.000000,1026,376.147572,384.81780307291666,-8.670231072916636,-4.501787069712316,-4.1684440032043195,14–16,True,-4.707129021752624
D3,2017-11-22 06:20:03.000000,1026,396.155529,384.85323113541665,11.302297864583352,-4.5540472342744875,15.85634509885784,14–16,True,-4.724378290416246
D3,2017-11-22 06:25:04.000000,1026,376.34662,384.90161606574395,-8.554996065743978,-4.604347368938352,-3.9506486968056267,14–16,True,-4.738868063312863
D3,2017-11-22 06:30:05.000000,1026,380.008141,384.78966390625,-4.781522906249961,-4.652306163953088,-0.1292167422968733,14–16,True,-4.750466453071257
D3,2017-11-22 06:35:05.000000,1026,377.434362,384.78929203124994,-7.354930031249921,-4.697753103218755,-2.6571769280311663,14–16,True,-4.75914379533817
D3,2017-11-22 06:40:01.000000,1026,369.713224,384.78929203124994,-15.076068031249918,-4.740271103359839,-10.33579692789008,14–16,True,-4.764880980040881
D3,2017-11-22 06:45:01.000000,1026,387.377068,384.81721887152776,2.5598491284722513,-4.780989017062943,7.340838145535194,14–16,True,-4.767830329403948
D3,2017-11-22 06:50:01.000000,1026,372.470764,384.80764369444444,-12.336879694444463,-4.819297049875024,-7.517582644569439,14–16,True,-4.767893690332696
D3,2017-11-22 06:55:03.000000,1026,379.655774,384.79618128222995,-5.140407282229944,-4.85540798206424,-0.28499930016570385,14–16,True,-4.765042533007145
D3,2017-11-22 07:00:05.000000,1026,387.622156,384.80992989583336,2.8122261041666547,-4.8890409025966335,7.701267006763288,14–16,True,-4.759268125276729
D3,2017-11-22 07:05:04.000000,1026,383.118137,384.7590820313589,-1.6409450313589105,-4.919882580676615,3.278937549317704,14–16,True,-4.750673974128936
D3,2017-11-22 07:10:04.000000,1026,368.793933,384.71226488194446,-15.918331881944482,-4.948355532108606,-10.969976349835875,14–16,True,-4.739178058365248
D3,2017-11-22 07:15:02.000000,1026,386.932821,384.71226488194446,2.2205561180555264,-4.974173993501948,7.194730111557474,14–16,True,-4.724915075930739
D3,2017-11-22 07:20:01.000000,1026,396.017609,384.7290740208333,11.288534979166684,-4.997598060446471,16.286133039613155,14–16,True,-4.707762507127948
D3,2017-11-22 07:25:03.000000,1026,381.433007,384.7050522179931,-3.2720452179931385,-5.018723171775347,1.7466779537822088,14–16,True,-4.687556626358857
D3,2017-11-22 07:30:04.000000,1026,390.793457,384.6835395034722,6.109917496527771,-5.037234247161609,11.147151743689381,14–16,True,-4.664546080670869
D3,2017-11-22 07:35:00.000000,1026,385.554018,384.6835395034722,0.8704784965277668,-5.052952281767011,5.923430778294778,14–16,True,-4.639132694365519
D3,2017-11-22 07:40:03.000000,1026,379.043055,384.56499884083047,-5.521943840830488,-5.066481532204674,-0.4554623086258145,14–16,True,-4.610270189121977
D3,2017-11-22 07:45:02.000000,1026,386.228021,384.5176794583333,1.7103415416667076,-5.077286473401504,6.787628015068211,14–16,True,-4.578977677246202
D3,2017-11-22 07:50:02.000000,1026,389.552418,384.5140622847223,5.038355715277703,-5.085580895208314,10.123936610486016,14–16,True,-4.544789080459708
D3,2017-11-22 07:55:03.000000,1026,377.311796,384.44232631707314,-7.130530317073124,-5.0913353231261596,-2.039194993946964,14–16,True,-4.507692793477384
D3,2017-11-22 08:00:01.000000,1026,380.758826,384.43028145486113,-3.671455454861132,-5.094496100518454,1.4230406456573226,14–16,True,-4.468226986617954
D3,2017-11-22 08:05:03.000000,1026,386.8103,384.3900129513889,2.420287048611101,-5.095123146491856,7.515410195102957,14–16,True,-4.42546984215054
D3,2017-11-22 08:10:04.000000,1026,384.726741,384.3717763910035,0.35496460899651083,-5.093167354182251,5.448131963178762,14–16,True,-4.380108474546022
D3,2017-11-22 08:15:00.000000,1026,388.280983,384.3314991041667,3.949483895833282,-5.088732314431519,9.038216210264801,14–16,True,-4.33284838884363
D3,2017-11-22 08:20:00.000000,1026,389.368703,384.30692341319445,5.061779586805528,-5.0816980447821205,10.143477631587649,14–16,True,-4.282288654523661
D3,2017-11-22 08:25:03.000000,1026,388.311536,384.3184132986111,3.99312270138887,-5.0720020220751705,9.065124723464042,14–16,True,-4.228528554411003
D3,2017-11-22 08:30:00.000000,1026,375.5041,384.3184132986111,-8.814313298611125,-5.059975062199818,-3.754338236411307,14–16,True,-4.1732298224843145
D3,2017-11-22 08:35:03.000000,1026,382.398094,384.31170627177704,-1.9136122717770263,-5.045137086667234,3.1315248148902075,14–16,True,-4.1141851069329345
D3,2017-11-22 08:40:05.000000,1026,384.558112,384.32516953124997,0.232942468750025,-5.027774298537656,5.260716767287681,14–16,True,-4.052721572994546
D3,2017-11-22 08:45:00.000000,1026,377.173942,384.32516953124997,-7.151227531249958,-5.008341102163728,-2.1428864290862304,14–16,True,-3.990191771662885
D3,2017-11-22 08:50:03.000000,1026,377.37319,384.3716608263889,-6.998470826388882,-4.985846201191755,-2.0126246251971267,14–16,True,-3.9234339591535243
D3,2017-11-22 08:55:00.000000,1026,380.26865,384.3716608263889,-4.103010826388925,-4.961314361890199,0.8583035355012747,14–16,True,-3.8555386114930528
D3,2017-11-22 09:00:03.000000,1026,380.314579,384.4336316770833,-4.119052677083346,-4.933766350232991,0.8147136731496456,14–16,True,-3.7837955595081136
D3,2017-11-22 09:05:03.000000,1026,382.076413,384.4130175605536,-2.33660456055361,-4.903996039075194,2.567391478521584,14–16,True,-3.7103329911481406
D3,2017-11-22 09:10:00.000000,1026,391.942549,384.4363975416667,7.506151458333306,-4.872091859008643,12.37824331734195,14–16,True,-3.6352578749206117
D3,2017-11-22 09:15:02.000000,1026,374.508305,384.458446799308,-9.950141799307971,-4.837185180241869,-5.112956619066102,14–16,True,-3.5565604182365647
D3,2017-11-22 09:20:01.000000,1026,381.586059,384.40256523958334,-2.8165062395833615,-4.800192647385566,1.983686407802204,14–16,True,-3.47633897143182
D3,2017-11-22 09:25:02.000000,1026,398.867118,384.40793772569447,14.459180274305538,-4.760525629328788,19.219705903634328,14–16,True,-3.393302133422129
D3,2017-11-22 09:30:03.000000,1026,384.542891,384.42171497569444,0.12117602430555507,-4.718442442874135,4.83961846717969,14–16,True,-3.3080186051695994
D3,2017-11-22 09:35:03.000000,1026,381.984466,384.4630587439446,-2.4785927439446027,-4.674114966171729,2.195522222227126,14–16,True,-3.2208235164661954
D3,2017-11-22 09:40:04.000000,1026,381.080551,384.4261836875,-3.345632687499972,-4.627268932905861,1.2816362454058892,14–16,True,-3.131177367265772
D3,2017-11-22 09:45:03.000000,1026,383.470503,384.44052907266433,-0.9700260726643251,-4.578405189115025,3.6083791164507,14–16,True,-3.040026771407574
D3,2017-11-22 09:50:01.000000,1026,371.55145,384.4087356423611,-12.857285642361092,-4.527418293396064,-8.329867348965028,14–16,True,-2.947141337472867
D3,2017-11-22 09:55:03.000000,1026,377.694848,384.4679879965398,-6.77313999653984,-4.473442665297624,-2.299697331242216,14–16,True,-2.8509764184604487
D3,2017-11-22 10:00:04.000000,1026,374.155871,384.45629080208334,-10.300419802083354,-4.417363330396606,-5.883056471686748,14–16,True,-2.7531397257190298
D3,2017-11-22 10:05:03.000000,1026,376.607129,384.51310226388887,-7.905973263888882,-4.359427196849291,-3.546546067039591,14–16,True,-2.6540323257165745
D3,2017-11-22 10:10:04.000000,1026,382.413403,384.50616597560975,-2.0927629756097303,-4.298886989067614,2.2061240134578837,14–16,True,-2.5523759049709125
D3,2017-11-22 10:15:01.000000,1026,382.489996,384.4953886597222,-2.0053926597221903,-4.236999746767452,2.231607087045262,14–16,True,-2.450262993770658
D3,2017-11-22 10:20:05.000000,1026,372.225587,384.56338922648087,-12.337802226480846,-4.171470837989033,-8.166331388491813,14–16,True,-2.34393403632617
D3,2017-11-22 10:25:03.000000,1026,390.073369,384.597178912892,5.476190087108023,-4.105122385413785,9.581312472521809,14–16,True,-2.237976810484809
D3,2017-11-22 10:30:01.000000,1026,373.052931,384.5894368055556,-11.536505805555578,-4.036713476697262,-7.499792328858316,14–16,True,-2.1303600193768744
D3,2017-11-22 10:35:02.000000,1026,392.861684,384.6029475659722,8.25873643402781,-3.96555693779558,12.22429337182339,14–16,True,-2.0200266068287744
D3,2017-11-22 10:40:02.000000,1026,381.218405,384.6702384375,-3.4518334374999995,-3.892611612499649,0.44077817499964933,14–16,True,-1.9084788790167067
D3,2017-11-22 10:45:04.000000,1026,385.140301,384.7730644425087,0.3672365574913101,-3.817173088429326,4.184409645920637,14–16,True,-1.7946472432638592
D3,2017-11-22 10:50:02.000000,1026,381.325661,384.76976546527777,-3.4441044652777464,-3.7407954415830753,0.2966909763053289,14–16,True,-1.6808619639131268
D3,2017-11-22 10:55:01.000000,1026,380.682233,384.76976546527777,-4.087532465277775,-3.6622626536928964,-0.42526981158487853,14–16,True,-1.5652899386844914
D3,2017-11-22 11:00:03.000000,1026,375.182441,384.78464840418116,-9.602207404181172,-3.581048945398509,-6.021158458782663,14–16,True,-1.4471853989780008
D3,2017-11-22 11:05:02.000000,1026,378.598741,384.7928518645833,-6.194110864583308,-3.4988061672258013,-2.695304697357507,14–16,True,-1.3289505383410427
D3,2017-11-22 11:10:05.000000,1026,384.987227,384.78162761458333,0.20559938541668998,-3.413639644161121,3.619239029577811,14–16,True,-1.2078682299767305
D3,2017-11-22 11:15:01.000000,1026,377.112681,384.78162761458333,-7.668946614583319,-3.3287076043117656,-4.340239010271554,14–16,True,-1.0884089719898717
D3,2017-11-22 11:20:02.000000,1026,388.495496,384.75481694791665,3.740679052083351,-3.2406253499474245,6.9813044020307755,14–16,True,-0.9657992688632444
D3,2017-11-22 11:25:04.000000,1026,388.679323,384.7804037326389,3.898919267361123,-3.1505541424056953,7.049473409766819,14–16,True,-0.8416932688680946
D3,2017-11-22 11:30:03.000000,1026,388.326867,384.7712065951557,3.555660404844275,-3.059746389172936,6.615406794017211,14–16,True,-0.7178042554025914
D3,2017-11-22 11:35:01.000000,1026,380.498339,384.7307205347222,-4.232381534722208,-2.96767013422558,-1.264711400496628,14–16,True,-0.5933822748255733
D3,2017-11-22 11:40:02.000000,1026,382.183558,384.7292750622837,-2.5457170622836998,-2.873117676664173,0.3274006143804731,14–16,True,-0.4668072527493847
D3,2017-11-22 11:45:01.000000,1026,383.409243,384.730932625,-1.3216896249999763,-2.7776965431575924,1.456006918157616,14–16,True,-0.3402369893400973
D3,2017-11-22 11:50:04.000000,1026,391.023146,384.714078825784,6.309067174216011,-2.679523190263753,8.988590364479764,14–16,True,-0.2111846492035625
D3,2017-11-22 11:55:03.000000,1026,373.236691,384.6687478263889,-11.432056826388873,-2.581235967171486,-8.850820859217388,14–16,True,-0.08311843554237644
D3,2017-11-22 12:00:02.000000,1026,393.336573,384.69454732291666,8.642025677083325,-2.4815948971179767,11.1236205742013,14–16,True,0.04559972941736396
D3,2017-11-22 12:05:01.000000,1026,384.098622,384.6754322996516,-0.5768102996516404,-2.3806470882370445,1.803836788585404,14–16,True,0.17490899052289222
D3,2017-11-22 12:10:05.000000,1026,390.5791,384.65699284375,5.922107156249979,-2.2767206947109337,8.198827850960912,14–16,True,0.30692359236584216
D3,2017-11-22 12:15:03.000000,1026,390.379829,384.65699284375,5.7228361562499686,-2.1736312562556375,7.896467412505606,14–16,True,0.4368021565122048
D3,2017-11-22 12:20:03.000000,1026,369.360746,384.6465133541667,-15.285767354166694,-2.068685028675879,-13.217082325490814,14–16,True,0.5679597532983433
D3,2017-11-22 12:25:01.000000,1026,380.896746,384.64507714583334,-3.7483311458333333,-1.9633305255933609,-1.7850006202399724,14–16,True,0.6985860883485966
D3,2017-11-22 12:30:04.000000,1026,387.622223,384.57629729166666,3.045925708333357,-1.8551272992893477,4.901053007622704,14–16,True,0.8316913797157737
D3,2017-11-22 12:35:02.000000,1026,374.661535,384.57629729166666,-9.914762291666648,-1.747697090461993,-8.167065201204654,14–16,True,0.9628203734545842
D3,2017-11-22 12:40:01.000000,1026,367.997252,384.5877340208333,-16.590482020833292,-1.638948271504903,-14.951533749328389,14–16,True,1.0945465189637311
D3,2017-11-22 12:45:00.000000,1026,379.07354,384.5762970590278,-5.502757059027829,-1.529291098743543,-3.973465960284286,14–16,True,1.226367841358638
D3,2017-11-22 12:50:01.000000,1026,380.498339,384.5681573159722,-4.069818315972213,-1.4180354274528093,-2.651782888519404,14–16,True,1.3591039563464464
D3,2017-11-22 12:55:04.000000,1026,373.696292,384.51808106574396,-10.821789065743928,-1.305217796588239,-9.516571269155689,14–16,True,1.4926912925008273
D3,2017-11-22 13:00:03.000000,1026,367.87473,384.56445492334495,-16.689724923344954,-1.193133676843998,-15.496591246500957,14–16,True,1.6244216994408631
D3,2017-11-22 13:05:03.000000,1026,359.893039,384.52415280139377,-24.63111380139378,-1.079973667652147,-23.551140133741633,14–16,True,1.7564364898407594
D3,2017-11-22 13:10:01.000000,1026,364.182612,384.5049613472222,-20.3223493472222,-0.966926011055075,-19.355423336167124,14–16,True,1.8873542977117177
D3,2017-11-22 13:15:00.000000,1026,371.383022,384.457565125,-13.074543124999991,-0.8529094110817848,-12.221633713918207,14–16,True,2.018432180220694
D3,2017-11-22 13:20:00.000000,1026,377.281176,384.4075624340278,-7.126386434027779,-0.7379721179622163,-6.388414316065563,14–16,True,2.149605049100684
D3,2017-11-22 13:25:00.000000,1026,364.933275,384.38096502083334,-19.447690020833363,-0.6225492010265381,-18.825140819806826,14–16,True,2.280371581821864
D3,2017-11-22 13:30:05.000000,1026,381.84659,384.29283910726645,-2.4462491072664534,-0.5047613667824029,-1.9414877404840505,14–16,True,2.4128368498558874
D3,2017-11-22 13:35:04.000000,1026,357.886095,384.2463642195122,-26.36026921951219,-0.38891443243919643,-25.971354787072993,14–16,True,2.5421632775182337
D3,2017-11-22 13:40:03.000000,1026,361.79266,384.2192541215278,-22.426594121527785,-0.27275013314135554,-22.15384398838643,14–16,True,2.670900480303672
D3,2017-11-22 13:45:02.000000,1026,369.851033,384.2570936794425,-14.406060679442533,-0.156323388846618,-14.249737290595915,14–16,True,2.798987594058765
D3,2017-11-22 13:50:04.000000,1026,369.728489,384.29016263541666,-14.56167363541664,-0.03851813755570266,-14.523155497860937,14–16,True,2.9276382811110073
D3,2017-11-22 13:55:02.000000,1026,383.010902,384.29016263541666,-1.2792606354166765,0.07787872881388536,-1.3571393642305618,14–16,True,3.0538137930341187
D3,2017-11-22 14:00:03.000000,1026,369.52933,384.25939013148786,-14.730060131487846,0.19554467409357112,-14.925604805581418,14–16,False,3.1804212465305755
D3,2017-11-22 14:05:01.000000,1026,371.030699,384.28810825087106,-13.257409250871035,0.31207903015088645,-13.569488281021922,14–16,False,3.304877545206434
D3,2017-11-22 14:10:01.000000,1026,370.923376,384.26526822222223,-13.341892222222214,0.42938127579406027,-13.771273498016274,14–16,False,3.4292159932018214
D3,2017-11-22 14:15:00.000000,1026,377.174009,384.2704286909722,-7.096419690972198,0.54622295195303,-7.642642642925228,14–16,False,3.5521297542363444
D3,2017-11-22 14:20:05.000000,1026,363.830245,384.2007969895833,-20.370551989583305,0.6652803689616347,-21.03583235854494,14–16,False,3.676410575918604
D3,2017-11-22 14:25:04.000000,1026,375.504189,384.1973684532872,-8.6931794532872,0.7818131936713426,-9.474992646958544,14–16,False,3.797110152518898
D3,2017-11-22 14:30:04.000000,1026,365.117168,384.13105896875,-19.01389096874999,0.8984983830728481,-19.91238935182284,14–16,False,3.9170248675883137
D3,2017-11-22 14:35:05.000000,1026,367.445838,384.1159975813149,-16.67015958131492,1.0152777458248017,-17.68543732713972,14–16,False,4.036085458274826
D3,2017-11-22 14:40:04.000000,1026,378.338254,384.1067773101045,-5.768523310104513,1.1309336230809803,-6.899456933185493,14–16,False,4.153055221767315
D3,2017-11-22 14:45:03.000000,1026,372.10302,384.0344476236934,-11.931427623693367,1.2461883141407073,-13.177615937834073,14–16,False,4.2686741656586
D3,2017-11-22 14:50:03.000000,1026,377.756042,384.0327392264808,-6.276697226480849,1.3613704468593948,-7.6380676733402435,14–16,False,4.383267193791817
D3,2017-11-22 14:55:03.000000,1026,371.413619,384.00259384375,-12.588974843750009,1.4760390300333532,-14.065013873783363,14–16,False,4.496390783560093
D3,2017-11-22 15:00:05.000000,1026,367.706124,383.97913510069446,-16.273011100694475,1.5908981289196986,-17.863909229614173,14–16,False,4.608729865254765
D3,2017-11-22 15:05:04.000000,1026,380.05407,383.92370661111113,-3.8696366111111047,1.7039946728504822,-5.573631283961587,14–16,False,4.718379061808314
D3,2017-11-22 15:10:05.000000,1026,379.012413,383.939345875,-4.926932875000034,1.8171687198153221,-6.744101594815357,14–16,False,4.827127218669303
D3,2017-11-22 15:15:03.000000,1026,379.196218,383.94307770934256,-4.746859709342573,1.9284905574719935,-6.675350266814567,14–16,False,4.933124971243334
D3,2017-11-22 15:20:04.000000,1026,383.148778,383.92828779238755,-0.7795097923875574,2.040148137753158,-2.8196579301407154,14–16,False,5.0384556303388175
D3,2017-11-22 15:25:01.000000,1026,392.800334,383.92227055555554,8.878063444444479,2.149496643534664,6.728566800909815,14–16,False,5.140629181615372
D3,2017-11-22 15:30:02.000000,1026,377.633632,383.91237635069444,-6.278744350694467,2.2594289784530326,-8.538173329147499,14–16,False,5.242348709453823
D3,2017-11-22 15:35:02.000000,1026,375.841112,383.85811796527776,-8.017005965277747,2.3680536025235916,-10.385059567801338,14–16,False,5.341848906955594
D3,2017-11-22 15:40:02.000000,1026,380.421813,383.72778092334494,-3.3059679233449515,2.475685550389096,-5.781653473734048,14–16,False,5.4394234331135625
D3,2017-11-22 15:45:02.000000,1026,389.506556,383.70289680555555,5.803659194444435,2.5822735950716957,3.2213855993727396,14–16,False,5.535025847737904
D3,2017-11-22 15:50:02.000000,1026,370.494439,383.64805313541666,-13.15361413541666,2.6877670064349033,-15.841381141851564,14–16,False,5.628610649257058
D3,2017-11-22 15:55:04.000000,1026,396.47721,383.5867733472222,12.890436652777794,2.7928072790890663,10.097629373688727,14–16,False,5.72073642935735
D3,2017-11-22 16:00:02.000000,1026,401.762533,383.60714282578397,18.155390174216052,2.8952696374849496,15.260120536731103,14–16,True,5.809550229265678
D3,2017-11-22 16:05:02.000000,1026,405.22494,383.58450957491294,21.64043042508706,2.9971800971577127,18.643250327929348,14–16,True,5.896818890314716
D3,2017-11-22 16:10:03.000000,1026,408.580001,383.5645989477352,25.01540205226479,3.098131630658359,21.917270421606432,14–16,True,5.982177633190601
D3,2017-11-22 16:15:03.000000,1026,388.786558,383.54837144250877,5.238186557491247,3.1974054427324208,2.040781114758826,14–16,True,6.065018686449168
D3,2017-11-22 16:20:03.000000,1026,396.998094,383.49719406249994,13.500899937500037,3.2952918520430448,10.205608085456992,14–16,True,6.145589878715647
D3,2017-11-22 16:25:02.000000,1026,403.953349,383.49719406249994,20.45615493750006,3.3914251948651746,17.064729742634885,14–16,True,6.223595861533167
D3,2017-11-22 16:30:03.000000,1026,394.531527,383.4164200484429,11.115106951557095,3.4867167903588925,7.628390161198203,14–16,True,6.29977038875936
D3,2017-11-22 16:35:01.000000,1026,397.855991,383.3505283044983,14.505462695501706,3.579546376685059,10.925916318816647,14–16,True,6.372824048731896
D3,2017-11-22 16:40:01.000000,1026,403.279235,383.3532689094077,19.92596609059234,3.6714348320474697,16.25453125854487,14–16,True,6.4439596196848665
D3,2017-11-22 16:45:02.000000,1026,402.467244,383.3044265191638,19.162817480836168,3.7620084449488287,15.400809035887338,14–16,True,6.512869791328955
D3,2017-11-22 16:50:03.000000,1026,386.105544,383.2847291114982,2.8208148885017863,3.850914875855276,-1.0300999873534895,14–16,True,6.579280368757831
D3,2017-11-22 16:55:00.000000,1026,397.825305,383.275001375,14.550303625000026,3.9369641600648517,10.613339464935175,14–16,True,6.642327371249687
D3,2017-11-22 17:00:00.000000,1026,397.227894,383.31127974305554,13.916614256944456,4.022151796732695,9.894462460211761,14–16,True,6.7034792070935545
D3,2017-11-22 17:05:03.000000,1026,402.268041,383.2573410833333,19.01069991666668,4.106384449314446,14.904315467352234,14–16,True,6.762629997619266
D3,2017-11-22 17:10:02.000000,1026,402.099613,383.2573410833333,18.842271916666675,4.187685287338635,14.65458662932804,14–16,True,6.818398184153974
D3,2017-11-22 17:15:02.000000,1026,408.380709,383.1931881875,25.187520812499997,4.26740236722991,20.920118445270088,14–16,True,6.871728809049883
D3,2017-11-22 17:20:04.000000,1026,400.874039,383.20334872569447,17.670690274305514,4.34573513854888,13.324955135756634,14–16,True,6.922734508195329
D3,2017-11-22 17:25:02.000000,1026,410.602188,383.20334872569447,27.398839274305544,4.421109498662926,22.97772977564262,14–16,True,6.97040450546555
D3,2017-11-22 17:30:02.000000,1026,403.034102,383.1724718780488,19.861630121951237,4.495026393934852,15.366603728016385,14–16,True,7.01570261269807
D3,2017-11-22 17:35:04.000000,1026,409.91272,383.08898065625,26.823739343749992,4.567410896537334,22.25632844721266,14–16,True,7.0585530422057845
D3,2017-11-22 17:40:04.000000,1026,398.775171,383.0629154479167,15.71225555208332,4.6372698580074605,11.07498569407586,14–16,True,7.09836786650877
D3,2017-11-22 17:45:03.000000,1026,393.413165,383.0542445069444,10.358920493055564,4.704833643960998,5.654086849094566,14–16,True,7.135302108411293
D3,2017-11-22 17:50:02.000000,1026,423.624204,383.0460370865052,40.57816691349484,4.7703065814097245,35.80786033208511,14–16,True,7.169475589156008
D3,2017-11-22 17:55:01.000000,1026,399.633045,382.975851550173,16.65719344982699,4.833657716170818,11.823535733656172,14–16,True,7.200872152263432
D3,2017-11-22 18:00:00.000000,1026,402.589788,382.9696655243055,19.620122475694473,4.894857097203688,14.725265378490786,14–16,True,7.229476954120428
D3,2017-11-22 18:05:00.000000,1026,403.846137,382.9508345069445,20.89530249305551,4.954069487321473,15.941233005734038,14–16,True,7.255358036168625
D3,2017-11-22 18:10:05.000000,1026,404.121844,382.8510951493056,21.270748850694417,5.011989219122853,16.258759631571564,14–16,True,7.278762703274868
D3,2017-11-22 18:15:03.000000,1026,397.442385,382.8356390934256,14.606745906574417,5.066332633269912,9.540413273304505,14–16,True,7.2987875983997625
D3,2017-11-22 18:20:01.000000,1026,408.350201,382.8588615486111,25.49133945138891,5.11842939296316,20.372910058425752,14–16,True,7.315993391126756
D3,2017-11-22 18:25:03.000000,1026,398.836476,382.8220508229167,16.014425177083297,5.168908277951116,10.84551689913218,14–16,True,7.330545741337077
D3,2017-11-22 18:30:02.000000,1026,392.06507,382.82976421527775,9.235305784722243,5.216563952750907,4.018741831971336,14–16,True,7.342086172371987
D3,2017-11-22 18:35:00.000000,1026,399.69444,382.8111994548611,16.883240545138904,5.261739174499851,11.621501370639052,14–16,True,7.35074381184004
D3,2017-11-22 18:40:01.000000,1026,400.062005,382.83598793402774,17.226017065972258,5.304995259142635,11.921021806829621,14–16,True,7.356602013301613
D3,2017-11-22 18:45:04.000000,1026,393.765599,382.852406369338,10.913192630662024,5.346108213422735,5.56708441723929,14–16,True,7.3595662831058934
D3,2017-11-22 18:50:03.000000,1026,397.01327,382.88096449477354,14.13230550522644,5.384268464488911,8.748037040737529,14–16,True,7.359605461071726
D3,2017-11-22 18:55:03.000000,1026,387.40771,382.81459340138406,4.59311659861595,5.420132137847039,-0.8270155392310894,14–16,True,7.356763566267877
D3,2017-11-22 19:00:00.000000,1026,394.623384,382.82556152430556,11.797822475694431,5.453228484616972,6.34459399107746,14–16,True,7.351108546697151
D3,2017-11-22 19:05:04.000000,1026,373.405298,382.76423383391,-9.358935833909982,5.484606736459413,-14.843542570369394,14–16,True,7.342395007389667
D3,2017-11-22 19:10:02.000000,1026,369.575259,382.7630050034722,-13.18774600347217,5.512898096951108,-18.70064410042328,14–16,True,7.330985248576064
D3,2017-11-22 19:15:03.000000,1026,383.807427,382.8294980347222,0.9779289652778402,5.538980639060054,-4.561051673782214,14–16,True,7.3165834826946154
D3,2017-11-22 19:20:02.000000,1026,390.257241,382.75050432986114,7.506736670138878,5.56239637514144,1.9443402949974375,14–16,True,7.29942140670893
D3,2017-11-22 19:25:02.000000,1026,385.385545,382.730307083045,2.655237916955002,5.583381590638339,-2.928143673683337,14–16,True,7.279349334394478
D3,2017-11-22 19:30:03.000000,1026,376.239408,382.7493374290658,-6.509929429065778,5.6019011195131,-12.111830548578878,14–16,True,7.256348295460531
D3,2017-11-22 19:35:01.000000,1026,370.877447,382.7115367317073,-11.834089731707309,5.6177253529125135,-17.451815084619824,14–16,True,7.230763203783283
D3,2017-11-22 19:40:02.000000,1026,376.178169,382.7018841493056,-6.523715149305588,5.631165304944667,-12.154880454250254,14–16,True,7.202091202493313
D3,2017-11-22 19:45:04.000000,1026,393.152723,382.6492221388889,10.503500861111092,5.642074376709902,4.86142648440119,14–16,True,7.170480027398105
D3,2017-11-22 19:50:03.000000,1026,387.698905,382.6251691916376,5.0737358083624144,5.650328428641631,-0.5765926202792162,14–16,True,7.136391493823963
D3,2017-11-22 19:55:04.000000,1026,380.973406,382.6029632334495,-1.629557233449475,5.6560743067295896,-7.285631540179065,14–16,True,7.099285938729906
D3,2017-11-22 20:00:02.000000,1026,382.306124,382.6271444599303,-0.3210204599303097,5.659226612494329,-5.980247072424639,14–16,True,7.059811016478685
D3,2017-11-22 20:05:00.000000,1026,374.829985,382.64757353125,-7.817588531249953,5.659853828166151,-13.477442359416104,14–16,True,7.017629220321755
D3,2017-11-22 20:10:03.000000,1026,379.119647,382.65874366782003,-3.539096667820047,5.657902272574252,-9.196998940394298,14–16,True,6.971984724841926
D3,2017-11-22 20:15:01.000000,1026,381.478936,382.63194841811844,-1.1530124181184647,5.653437267507579,-6.806449685626044,14–16,True,6.924405326691604
D3,2017-11-22 20:20:02.000000,1026,381.923227,382.5840133344948,-0.6607863344947873,5.646366734296089,-6.307153068790877,14–16,True,6.873663686791741
D3,2017-11-22 20:25:02.000000,1026,383.240614,382.5926769340278,0.6479370659722008,5.636762456493323,-4.988825390521122,14–16,True,6.820431439854989
D3,2017-11-22 20:30:01.000000,1026,389.016336,382.592447923345,6.423888076655032,5.624654510169503,0.7992335664855297,14–16,True,6.764760340517922
D3,2017-11-22 20:35:03.000000,1026,391.865867,382.57650615625,9.28936084374999,5.609861242450032,3.6794996012999572,14–16,True,6.705906140193667
D3,2017-11-22 20:40:04.000000,1026,386.565123,382.6132080103806,3.951914989619411,5.59256017822606,-1.6406451886066495,14–16,True,6.644650401461023
D3,2017-11-22 20:45:02.000000,1026,389.613791,382.62538348780487,6.988407512195124,5.572925187019493,1.4154823251756312,14–16,True,6.581480538517406
D3,2017-11-22 20:50:02.000000,1026,389.047,382.6690650902778,6.377934909722228,5.55064881074693,0.8272860989752981,14–16,True,6.515379501162382
D3,2017-11-22 20:55:01.000000,1026,390.47171,382.67806926480836,7.793640735191616,5.525951780361343,2.267688954830273,14–16,True,6.447026963727316
D3,2017-11-22 21:00:01.000000,1026,392.968874,382.6891191423611,10.27975485763892,5.498680659358188,4.7810741982807325,14–16,True,6.375998268904953
D3,2017-11-22 21:05:00.000000,1026,378.476152,382.7395474097222,-4.263395409722193,5.469030141265261,-9.732425550987454,14–16,True,6.302800503557185
D3,2017-11-22 21:10:04.000000,1026,381.34106,382.68156499305553,-1.3405049930555037,5.436369884725287,-6.776874877780791,14–16,True,6.225952017221115
D3,2017-11-22 21:15:00.000000,1026,390.778058,382.68156499305553,8.096493006944456,5.402148647407947,2.694344359536509,14–16,True,6.1488103675196
D3,2017-11-22 21:20:03.000000,1026,374.9066,382.7031574878049,-7.796557487804876,5.3646612510603955,-13.161218738865271,14–16,True,6.067515767238369
D3,2017-11-22 21:25:02.000000,1026,390.395184,382.71332233333334,7.681861666666634,5.325249785111585,2.3566118815550494,14–16,True,5.9850231666828595
D3,2017-11-22 21:30:04.000000,1026,384.190569,382.6476270625,1.5429419374999611,5.2830227826242915,-3.7400808451243304,14–16,True,5.8994526051881895
D3,2017-11-22 21:35:02.000000,1026,389.93556,382.6476270625,7.287932937499988,5.23899081082881,2.0489421266711787,14–16,True,5.812838794249467
D3,2017-11-22 21:40:01.000000,1026,387.530298,382.65831926388887,4.871978736111146,5.192471636588735,-0.32049290047758916,14–16,True,5.723802420843164
D3,2017-11-22 21:45:01.000000,1026,388.572,382.60801365051907,5.963986349480933,5.143463853468191,0.8205224960127424,14–16,True,5.632364366272466
D3,2017-11-22 21:50:01.000000,1026,393.872722,382.6050188958333,11.267703104166685,5.092142449178864,6.175560654987821,14–16,True,5.538862370733601
D3,2017-11-22 21:55:01.000000,1026,388.633283,382.66890569444445,5.9643773055555585,5.038531849929635,0.9258454556259235,14–16,True,5.443340936112394
D3,2017-11-22 22:00:02.000000,1026,383.133469,382.70858860416666,0.42488039583332693,4.98246756789076,-4.557587172057433,14–16,True,5.34551729136813
D3,2017-11-22 22:05:02.000000,1026,404.397596,382.7620619446367,21.635534055363337,4.924348792044102,16.711185263319237,14–16,True,5.2460879605572615
D3,2017-11-22 22:10:04.000000,1026,381.402299,382.78490938408305,-1.3826103840830228,4.863611144850412,-6.246221528933435,14–16,True,5.144096938231643
D3,2017-11-22 22:15:04.000000,1026,403.75419,382.7983808263889,20.9558091736111,4.80108797459258,16.15472119901852,14–16,True,5.0409435878380355
D3,2017-11-22 22:20:05.000000,1026,393.658342,382.82270566435983,10.835636335640174,4.736194993771831,6.099441341868343,14–16,True,4.9356550695869
D3,2017-11-22 22:25:03.000000,1026,382.367452,382.85950121527776,-0.4920492152777456,4.669846541196583,-5.161895756474329,14–16,True,4.829697843745539
D3,2017-11-22 22:30:02.000000,1026,395.174888,382.83100257142854,12.343885428571468,4.60120463948937,7.742680789082098,14–16,True,4.721717185218659
D3,2017-11-22 22:35:02.000000,1026,404.366976,382.8481710347222,21.51880496527781,4.530281093578378,16.98852387169943,14–16,True,4.611747640089504
D3,2017-11-22 22:40:02.000000,1026,395.481304,382.8368067577855,12.644497242214527,4.457335768282446,8.18716147393208,14–16,True,4.500199912277436
D3,2017-11-22 22:45:04.000000,1026,375.703259,382.82456169896193,-7.121302698961927,4.381897244212124,-11.50319994317405,14–16,True,4.386368276524589
D3,2017-11-22 22:50:00.000000,1026,396.232077,382.81652093749994,13.415556062500059,4.30603853722506,9.109517525274999,14–16,True,4.273351376471842
D3,2017-11-22 22:55:03.000000,1026,385.753199,382.7907216736111,2.962477326388921,4.2264551857050865,-1.2639778593161655,14–16,True,4.156233299338151
D3,2017-11-22 23:00:03.000000,1026,387.147245,382.7907216736111,4.356523326388924,4.145773101181308,0.2107502252076161,14–16,True,4.038906432238734
D3,2017-11-22 23:05:04.000000,1026,385.707226,382.8631189305555,2.844107069444476,4.062974141500333,-1.2188670720558568,14–16,True,3.9198764622117226
D3,2017-11-22 23:10:04.000000,1026,381.846523,382.8631189305555,-1.0165959305555248,3.978647851934328,-4.995243782489853,14–16,True,3.79999090662142
D3,2017-11-22 23:15:05.000000,1026,376.300646,382.87498146875004,-6.574335468750064,3.892272482488098,-10.466607951238162,14–16,True,3.6785080004930437
D3,2017-11-22 23:20:04.000000,1026,382.689177,382.854873875,-0.16569687500003738,3.804758549333301,-3.9704554243333385,14–16,True,3.5567019303918794
D3,2017-11-22 23:25:04.000000,1026,379.472014,382.86331252249136,-3.391298522491354,3.715278298188493,-7.106576820679847,14–16,True,3.433414302128825
D3,2017-11-22 23:30:02.000000,1026,381.065286,382.8431180416667,-1.7778320416666702,3.6247769073877913,-5.4026089490544615,14–16,True,3.3099412526439806
D3,2017-11-22 23:35:02.000000,1026,379.027678,382.82689371428575,-3.799215714285765,3.532082715426973,-7.331298429712739,14–16,True,3.18468425822837
D3,2017-11-22 23:40:01.000000,1026,392.279428,382.8448738993056,9.434554100694413,3.438158488561446,5.996395612132967,14–16,True,3.058950232951744
D3,2017-11-22 23:45:04.000000,1026,394.163739,382.84184146527775,11.321897534722268,3.3414558895887088,7.98044164513356,14–16,True,2.930684067048024
D3,2017-11-22 23:50:04.000000,1026,371.658751,382.84184146527775,-11.183090465277758,3.244247346046554,-14.427337811324312,14–16,True,2.802905682464297
D3,2017-11-22 23:55:03.000000,1026,387.806139,382.8595491730104,4.946589826989566,3.1459601229542833,1.8006297040352828,14–16,True,2.674839468803106
D3,2017-11-22 00:00:04.000000,1026,384.328378,387.88632614930555,-3.5579481493055596,3.0456481049861552,-6.603596254291714,16–18,True,2.2653282369798355
D3,2017-11-22 00:05:00.000000,1026,385.048399,387.88632614930555,-2.8379271493055285,2.945710987212034,-5.783638136517562,16–18,True,2.2302385375822715
D3,2017-11-22 00:10:04.000000,1026,389.337994,387.92226327526134,1.415730724738637,2.8417887919182725,-1.4260580671796355,16–18,True,2.192498007562208
D3,2017-11-22 00:15:04.000000,1026,378.322989,387.96414990277776,-9.641160902777756,2.738007505388194,-12.379168408165949,16–18,True,2.1535806504422066
D3,2017-11-22 00:20:03.000000,1026,386.488508,387.96414990277776,-1.4756419027777383,2.6334091844586762,-4.1090510872364145,16–18,True,2.1131574776474107
D3,2017-11-22 00:25:03.000000,1026,379.042988,387.84120193425605,-8.798213934256069,2.527343985788475,-11.325557920044544,16–18,True,2.070977350063546
D3,2017-11-22 00:30:00.000000,1026,383.255968,387.8230249444444,-4.567056944444403,2.421286756211659,-6.988343700656062,16–18,True,2.027638528061139
D3,2017-11-22 00:35:04.000000,1026,374.15596,387.78061111418685,-13.624651114186861,2.3116969607819664,-15.936348074968826,16–18,True,1.9816708410716086
D3,2017-11-22 00:40:04.000000,1026,385.416142,387.7668513125,-2.350709312500044,2.202576612995938,-4.553285925495982,16–18,True,1.9347355730735107
D3,2017-11-22 00:45:03.000000,1026,387.070786,387.6957832465278,-0.624997246527812,2.092910588313406,-2.717907834841218,16–18,True,1.8864248497829028
D3,2017-11-22 00:50:02.000000,1026,379.089028,387.66657913194445,-8.57755113194446,1.9823885756184345,-10.559939707562895,16–18,True,1.836607642866035
D3,2017-11-22 00:55:05.000000,1026,380.559734,387.6276405208334,-7.0679065208333895,1.8695683105941925,-8.937474831427583,16–18,True,1.7846112729282848
D3,2017-11-22 01:00:02.000000,1026,375.167131,387.6276405208334,-12.460509520833398,1.7582338881598738,-14.218743408993271,16–18,True,1.732190932088249
D3,2017-11-22 01:05:00.000000,1026,380.498428,387.54066755208333,-7.042239552083345,1.6458327231159595,-8.688072275199303,16–18,True,1.6781725162793553
D3,2017-11-22 01:10:03.000000,1026,386.657114,387.37698854861105,-0.7198745486110738,1.5308894162120736,-2.2507639648231477,16–18,True,1.6218138780612947
D3,2017-11-22 01:15:04.000000,1026,383.485858,387.32164610380624,-3.8357881038062374,1.4161045025083805,-5.251892606314618,16–18,True,1.5644226107729449
D3,2017-11-22 01:20:01.000000,1026,392.739096,387.30356937716266,5.435526622837358,1.3023123069057385,4.133214315931619,16–18,True,1.5064487078694
D3,2017-11-22 01:25:02.000000,1026,385.783841,387.29240903125,-1.508568031249979,1.1865023643400563,-2.6950703955900353,16–18,True,1.446358422608225
D3,2017-11-22 01:30:05.000000,1026,391.498213,387.26371541463413,4.234497585365887,1.0694855225652018,3.1650120628006846,16–18,True,1.3845399304372057
D3,2017-11-22 01:35:01.000000,1026,390.425758,387.2449059513889,3.1808520486110865,0.9548025999148992,2.2260494486961875,16–18,True,1.3228907929133138
D3,2017-11-22 01:40:03.000000,1026,374.033349,387.19159910452964,-13.158250104529657,0.8374742889241547,-13.995724393453811,16–18,True,1.2587397126035114
D3,2017-11-22 01:45:01.000000,1026,376.545912,387.10340834375,-10.557496343750017,0.7214373081106191,-11.278933651860637,16–18,True,1.1942284664075835
D3,2017-11-22 01:50:01.000000,1026,381.049932,387.0697895243055,-6.0198575243055075,0.6044133993738083,-6.624270923679315,16–18,True,1.1281011557984577
D3,2017-11-22 01:55:02.000000,1026,384.803289,387.0335948118467,-2.2303058118466765,0.48684542696891375,-2.7171512388155903,16–18,True,1.06059201584702
D3,2017-11-22 02:00:05.000000,1026,378.966462,386.95978346874995,-7.9933214687499685,0.36839744660702856,-8.361718915356997,16–18,True,0.9914920582459185
D3,2017-11-22 02:05:00.000000,1026,381.310218,386.95978346874995,-5.649565468749927,0.253036187789609,-5.902601656539536,16–18,True,0.9231473505394191
D3,2017-11-22 02:10:02.000000,1026,374.983149,386.8619391487889,-11.87879014878888,0.13495195850422226,-12.013742107293103,16–18,True,0.8521213260413553
D3,2017-11-22 02:15:01.000000,1026,396.232122,386.83320775778543,9.398914242214573,0.018110607521236055,9.380803634693336,16–18,True,0.7807781540772265
D3,2017-11-22 02:20:04.000000,1026,384.236542,386.8403606968641,-2.6038186968640957,-0.10016613680610931,-2.5036525600579864,16–18,True,0.7074771265807698
D3,2017-11-22 02:25:04.000000,1026,386.672379,386.75281789198607,-0.08043889198609122,-0.21708903788854483,0.1366501459024536,16–18,True,0.6339414967895547
D3,2017-11-22 02:30:03.000000,1026,386.120809,386.71376015277775,-0.5929511527777436,-0.3333857329582868,-0.2595654198194568,16–18,True,0.559735081256141
D3,2017-11-22 02:35:05.000000,1026,384.757315,386.63543632055746,-1.8781213205574545,-0.4505535900420048,-1.4275677305154497,16–18,True,0.48389170923702207
D3,2017-11-22 02:40:02.000000,1026,386.120898,386.5688057708333,-0.4479077708332966,-0.5654371213190341,0.11752935048573754,16–18,True,0.40846466838022133
D3,2017-11-22 02:45:02.000000,1026,392.524605,386.5374743888889,5.987130611111127,-0.6810794202994153,6.668210031410542,16–18,True,0.3314667766657553
D3,2017-11-22 02:50:00.000000,1026,382.091745,386.44693709722225,-4.355192097222243,-0.7954969206553337,-3.5596951765669096,16–18,True,0.2542133696815849
D3,2017-11-22 02:55:03.000000,1026,386.779636,386.3874869686411,0.39214903135888335,-0.9113148742505528,1.3034639056094361,16–18,True,0.17491559857002703
D3,2017-11-22 03:00:02.000000,1026,394.255775,386.2550518466899,8.000723153310105,-1.025036000823206,9.025759154133311,16–18,True,0.09596251268932199
D3,2017-11-22 03:05:01.000000,1026,383.807583,386.19064584722224,-2.38306284722222,-1.138139017979611,-1.2449238292426092,16–18,True,0.01634943488829954
D3,2017-11-22 03:10:00.000000,1026,377.710203,386.12628046875,-8.416077468750018,-1.2505704530697388,-7.165507015680279,16–18,True,-0.06388599549897167
D3,2017-11-22 03:15:03.000000,1026,377.81737,386.0626709268293,-8.245300926829316,-1.3637664016891944,-6.881534525140122,16–18,True,-0.14579083482988953
D3,2017-11-22 03:20:04.000000,1026,385.661252,385.95238833797913,-0.2911363379791396,-1.4754239819703572,1.1842876439912176,16–18,True,-0.22770999281487625
D3,2017-11-22 03:25:03.000000,1026,373.89554,385.93781290972225,-12.042272909722271,-1.5855059460370473,-10.456766963685224,16–18,True,-0.3095935857956178
D3,2017-11-22 03:30:02.000000,1026,386.672357,385.93781290972225,0.7345440902777227,-1.6947048226702353,2.429248912947958,16–18,True,-0.39194543258158343
D3,2017-11-22 03:35:04.000000,1026,398.836409,385.7817408298611,13.054668170138882,-1.804050337104477,14.85871850724336,16–18,True,-0.475559221951837
D3,2017-11-22 03:40:00.000000,1026,395.312831,385.7817408298611,9.531090170138896,-1.9102472481199877,11.441337418258883,16–18,True,-0.5578979479379393
D3,2017-11-22 03:45:03.000000,1026,369.299596,385.63657280902777,-16.33697680902776,-2.0179029303418177,-14.319073878685943,16–18,True,-0.6425397105705599
D3,2017-11-22 03:50:01.000000,1026,388.985739,385.63657280902777,3.349166190972255,-2.1226930799129096,5.471859270885165,16–18,True,-0.7260963239308555
D3,2017-11-22 03:55:02.000000,1026,395.205552,385.54720593055555,9.658346069444463,-2.227391419545624,11.885737488990086,16–18,True,-0.8107675894402868
D3,2017-11-22 04:00:01.000000,1026,377.740733,385.5207686875,-7.780035687500003,-2.330203673476647,-5.4498320140233565,16–18,True,-0.8951084274370897
D3,2017-11-22 04:05:00.000000,1026,392.218256,385.5394396875,6.6788163124999755,-2.431780763062717,9.110597075562692,16–18,True,-0.9796407005387802
D3,2017-11-22 04:10:02.000000,1026,379.701815,385.54991902430555,-5.848104024305542,-2.533074294704557,-3.315029729600985,16–18,True,-1.0651747450210765
D3,2017-11-22 04:15:01.000000,1026,387.223905,385.4944435400697,1.7294614599302918,-2.632024003244642,4.361485463174933,16–18,True,-1.1499708366511214
D3,2017-11-22 04:20:02.000000,1026,385.171032,385.50587449305556,-0.3348424930555325,-2.73024376455278,2.3954012714972475,16–18,True,-1.2354056909399707
D3,2017-11-22 04:25:03.000000,1026,384.435612,385.4638512222222,-1.0282392222222256,-2.827020114178095,1.7987808919558694,16–18,True,-1.320871505223915
D3,2017-11-22 04:30:04.000000,1026,391.942437,385.4127315104167,6.529705489583307,-2.9223066842513816,9.452012173834689,16–18,True,-1.4063273307823876
D3,2017-11-22 04:35:01.000000,1026,396.55378,385.4127315104167,11.14104848958334,-3.014822220902259,14.1558707104856,16–18,True,-1.4905977865664517
D3,2017-11-22 04:40:00.000000,1026,369.360723,385.3740061527778,-16.013283152777774,-3.1064070367249803,-12.906876116052793,16–18,True,-1.5753458330580747
D3,2017-11-22 04:45:01.000000,1026,394.745995,385.3378869548611,9.408108045138874,-3.19698611654767,12.605094161686544,16–18,True,-1.6605291906832436
D3,2017-11-22 04:50:00.000000,1026,374.676867,385.3262370486111,-10.649370048611104,-3.2853129749556818,-7.364057073655422,16–18,True,-1.7449756261508016
D3,2017-11-22 04:55:01.000000,1026,368.61015,385.28297324221455,-16.672823242214577,-3.3725268751517437,-13.300296367062833,16–18,True,-1.8297743519411185
D3,2017-11-22 05:00:02.000000,1026,383.02619,385.1841619550173,-2.157971955017331,-3.4579896304287057,1.3000176754113748,16–18,True,-1.9143192614517492
D3,2017-11-22 05:05:00.000000,1026,375.825802,385.07095665625,-9.245154656250008,-3.540835340257901,-5.704319315992107,16–18,True,-1.9977317247019972
D3,2017-11-22 05:10:02.000000,1026,385.125036,385.0094346376307,0.1156013623693184,-3.622961131555837,3.7385624939251554,16–18,True,-2.081929354777449
D3,2017-11-22 05:15:01.000000,1026,387.162666,384.987068728223,2.175597271777008,-3.702415617586281,5.878012889363289,16–18,True,-2.1649191943122097
D3,2017-11-22 05:20:03.000000,1026,384.665413,385.06829664583336,-0.4028836458333558,-3.7807548161217914,3.3778711702884356,16–18,True,-2.2483264966017096
D3,2017-11-22 05:25:05.000000,1026,381.356325,385.056008375,-3.6996833749999496,-3.8571343218511047,0.15745094685115513,16–18,True,-2.3312764203836207
D3,2017-11-22 05:30:01.000000,1026,392.417415,385.056008375,7.361406625000029,-3.930059159747347,11.291465784747377,16–18,True,-2.412095926712534
D3,2017-11-22 05:35:02.000000,1026,384.006675,384.91046766898955,-0.9037926689895812,-4.00221413336668,3.0984214643770986,16–18,True,-2.4937520164259355
D3,2017-11-22 05:40:03.000000,1026,387.22386,384.99728104513883,2.226578954861168,-4.072316263805489,6.298895218666657,16–18,True,-2.5748361622425096
D3,2017-11-22 05:45:02.000000,1026,377.55695,384.94961864583337,-7.392668645833396,-4.139886989515712,-3.2527816563176843,16–18,True,-2.654776908588176
D3,2017-11-22 05:50:03.000000,1026,390.379763,384.9463735798611,5.433389420138951,-4.205797855605717,9.639187275744668,16–18,True,-2.734605352372208
D3,2017-11-22 05:55:04.000000,1026,384.757427,384.91121208333334,-0.1537850833333323,-4.2695583366731915,4.115773253339859,16–18,True,-2.813746453651982
D3,2017-11-22 06:00:03.000000,1026,378.568188,384.84652721180555,-6.27833921180553,-4.330735979882199,-1.9476032319233312,16–18,True,-2.8916437346227175
D3,2017-11-22 06:05:03.000000,1026,386.136119,384.9122698062284,1.2238491937716276,-4.389926272950634,5.613775466722261,16–18,True,-2.969045238015381
D3,2017-11-22 06:10:02.000000,1026,390.962019,384.85541102083334,6.106607979166654,-4.4467066455350395,10.553314624701693,16–18,True,-3.0453983803204627
D3,2017-11-22 06:15:04.000000,1026,376.147572,384.81780307291666,-8.670231072916636,-4.501787069712316,-4.1684440032043195,16–18,True,-3.1216798502570624
D3,2017-11-22 06:20:03.000000,1026,396.155529,384.85323113541665,11.302297864583352,-4.5540472342744875,15.85634509885784,16–18,True,-3.1963381168228793
D3,2017-11-22 06:25:04.000000,1026,376.34662,384.90161606574395,-8.554996065743978,-4.604347368938352,-3.9506486968056267,16–18,True,-3.2705901392920262
D3,2017-11-22 06:30:05.000000,1026,380.008141,384.78966390625,-4.781522906249961,-4.652306163953088,-0.1292167422968733,16–18,True,-3.343898016095892
D3,2017-11-22 06:35:05.000000,1026,377.434362,384.78929203124994,-7.354930031249921,-4.697753103218755,-2.6571769280311663,16–18,True,-3.4159879889030074
D3,2017-11-22 06:40:01.000000,1026,369.713224,384.78929203124994,-15.076068031249918,-4.740271103359839,-10.33579692789008,16–18,True,-3.4861298777081546
D3,2017-11-22 06:45:01.000000,1026,387.377068,384.81721887152776,2.5598491284722513,-4.780989017062943,7.340838145535194,16–18,True,-3.5561859493008905
D3,2017-11-22 06:50:01.000000,1026,372.470764,384.80764369444444,-12.336879694444463,-4.819297049875024,-7.517582644569439,16–18,True,-3.6251682098143903
D3,2017-11-22 06:55:03.000000,1026,379.655774,384.79618128222995,-5.140407282229944,-4.85540798206424,-0.28499930016570385,16–18,True,-3.693492545337023
D3,2017-11-22 07:00:05.000000,1026,387.622156,384.80992989583336,2.8122261041666547,-4.8890409025966335,7.701267006763288,16–18,True,-3.7606624804392452
D3,2017-11-22 07:05:04.000000,1026,383.118137,384.7590820313589,-1.6409450313589105,-4.919882580676615,3.278937549317704,16–18,True,-3.825996097001446
D3,2017-11-22 07:10:04.000000,1026,368.793933,384.71226488194446,-15.918331881944482,-4.948355532108606,-10.969976349835875,16–18,True,-3.890347963803575
D3,2017-11-22 07:15:02.000000,1026,386.932821,384.71226488194446,2.2205561180555264,-4.974173993501948,7.194730111557474,16–18,True,-3.9530503316264576
D3,2017-11-22 07:20:01.000000,1026,396.017609,384.7290740208333,11.288534979166684,-4.997598060446471,16.286133039613155,16–18,True,-4.014710881206629
D3,2017-11-22 07:25:03.000000,1026,381.433007,384.7050522179931,-3.2720452179931385,-5.018723171775347,1.7466779537822088,16–18,True,-4.075687175234387
D3,2017-11-22 07:30:04.000000,1026,390.793457,384.6835395034722,6.109917496527771,-5.037234247161609,11.147151743689381,16–18,True,-4.135129497057725
D3,2017-11-22 07:35:00.000000,1026,385.554018,384.6835395034722,0.8704784965277668,-5.052952281767011,5.923430778294778,16–18,True,-4.192259847827621
D3,2017-11-22 07:40:03.000000,1026,379.043055,384.56499884083047,-5.521943840830488,-5.066481532204674,-0.4554623086258145,16–18,True,-4.249353044328877
D3,2017-11-22 07:45:02.000000,1026,386.228021,384.5176794583333,1.7103415416667076,-5.077286473401504,6.787628015068211,16–18,True,-4.304288948249322
D3,2017-11-22 07:50:02.000000,1026,389.552418,384.5140622847223,5.038355715277703,-5.085580895208314,10.123936610486016,16–18,True,-4.357981070898718
D3,2017-11-22 07:55:03.000000,1026,377.311796,384.44232631707314,-7.130530317073124,-5.0913353231261596,-2.039194993946964,16–18,True,-4.410389432004628
D3,2017-11-22 08:00:01.000000,1026,380.758826,384.43028145486113,-3.671455454861132,-5.094496100518454,1.4230406456573226,16–18,True,-4.460807485726778
D3,2017-11-22 08:05:03.000000,1026,386.8103,384.3900129513889,2.420287048611101,-5.095123146491856,7.515410195102957,16–18,True,-4.510387794341817
D3,2017-11-22 08:10:04.000000,1026,384.726741,384.3717763910035,0.35496460899651083,-5.093167354182251,5.448131963178762,16–18,True,-4.558263238278039
D3,2017-11-22 08:15:00.000000,1026,388.280983,384.3314991041667,3.949483895833282,-5.088732314431519,9.038216210264801,16–18,True,-4.603821111679504
D3,2017-11-22 08:20:00.000000,1026,389.368703,384.30692341319445,5.061779586805528,-5.0816980447821205,10.143477631587649,16–18,True,-4.648432589987763
D3,2017-11-22 08:25:03.000000,1026,388.311536,384.3184132986111,3.99312270138887,-5.0720020220751705,9.065124723464042,16–18,True,-4.69187246723741
D3,2017-11-22 08:30:00.000000,1026,375.5041,384.3184132986111,-8.814313298611125,-5.059975062199818,-3.754338236411307,16–18,True,-4.732854088480261
D3,2017-11-22 08:35:03.000000,1026,382.398094,384.31170627177704,-1.9136122717770263,-5.045137086667234,3.1315248148902075,16–18,True,-4.773013311406041
D3,2017-11-22 08:40:05.000000,1026,384.558112,384.32516953124997,0.232942468750025,-5.027774298537656,5.260716767287681,16–18,True,-4.811362176497431
D3,2017-11-22 08:45:00.000000,1026,377.173942,384.32516953124997,-7.151227531249958,-5.008341102163728,-2.1428864290862304,16–18,True,-4.847187158162793
D3,2017-11-22 08:50:03.000000,1026,377.37319,384.3716608263889,-6.998470826388882,-4.985846201191755,-2.0126246251971267,16–18,True,-4.882284056202438
D3,2017-11-22 08:55:00.000000,1026,380.26865,384.3716608263889,-4.103010826388925,-4.961314361890199,0.8583035355012747,16–18,True,-4.914998160304304
D3,2017-11-22 09:00:03.000000,1026,380.314579,384.4336316770833,-4.119052677083346,-4.933766350232991,0.8147136731496456,16–18,True,-4.946635314823356
D3,2017-11-22 09:05:03.000000,1026,382.076413,384.4130175605536,-2.33660456055361,-4.903996039075194,2.567391478521584,16–18,True,-4.976215011817917
D3,2017-11-22 09:10:00.000000,1026,391.942549,384.4363975416667,7.506151458333306,-4.872091859008643,12.37824331734195,16–18,True,-5.00377544556021
D3,2017-11-22 09:15:02.000000,1026,374.508305,384.458446799308,-9.950141799307971,-4.837185180241869,-5.112956619066102,16–18,True,-5.03002820816763
D3,2017-11-22 09:20:01.000000,1026,381.586059,384.40256523958334,-2.8165062395833615,-4.800192647385566,1.983686407802204,16–18,True,-5.054247910366113
D3,2017-11-22 09:25:02.000000,1026,398.867118,384.40793772569447,14.459180274305538,-4.760525629328788,19.219705903634328,16–18,True,-5.076836828956862
D3,2017-11-22 09:30:03.000000,1026,384.542891,384.42171497569444,0.12117602430555507,-4.718442442874135,4.83961846717969,16–18,True,-5.097616185790657
D3,2017-11-22 09:35:03.000000,1026,381.984466,384.4630587439446,-2.4785927439446027,-4.674114966171729,2.195522222227126,16–18,True,-5.116516058145239
D3,2017-11-22 09:40:04.000000,1026,381.080551,384.4261836875,-3.345632687499972,-4.627268932905861,1.2816362454058892,16–18,True,-5.133653384739967
D3,2017-11-22 09:45:03.000000,1026,383.470503,384.44052907266433,-0.9700260726643251,-4.578405189115025,3.6083791164507,16–18,True,-5.148858340956043
D3,2017-11-22 09:50:01.000000,1026,371.55145,384.4087356423611,-12.857285642361092,-4.527418293396064,-8.329867348965028,16–18,True,-5.162201924747471
D3,2017-11-22 09:55:03.000000,1026,377.694848,384.4679879965398,-6.77313999653984,-4.473442665297624,-2.299697331242216,16–18,True,-5.1738741481067185
D3,2017-11-22 10:00:04.000000,1026,374.155871,384.45629080208334,-10.300419802083354,-4.417363330396606,-5.883056471686748,16–18,True,-5.183648589845466
D3,2017-11-22 10:05:03.000000,1026,376.607129,384.51310226388887,-7.905973263888882,-4.359427196849291,-3.546546067039591,16–18,True,-5.191515860586549
D3,2017-11-22 10:10:04.000000,1026,382.413403,384.50616597560975,-2.0927629756097303,-4.298886989067614,2.2061240134578837,16–18,True,-5.197577434470707
D3,2017-11-22 10:15:01.000000,1026,382.489996,384.4953886597222,-2.0053926597221903,-4.236999746767452,2.231607087045262,16–18,True,-5.201728113370013
D3,2017-11-22 10:20:05.000000,1026,372.225587,384.56338922648087,-12.337802226480846,-4.171470837989033,-8.166331388491813,16–18,True,-5.204091711403603
D3,2017-11-22 10:25:03.000000,1026,390.073369,384.597178912892,5.476190087108023,-4.105122385413785,9.581312472521809,16–18,True,-5.204556774457665
D3,2017-11-22 10:30:01.000000,1026,373.052931,384.5894368055556,-11.536505805555578,-4.036713476697262,-7.499792328858316,16–18,True,-5.203188185586398
D3,2017-11-22 10:35:02.000000,1026,392.861684,384.6029475659722,8.25873643402781,-3.96555693779558,12.22429337182339,16–18,True,-5.199945041610377
D3,2017-11-22 10:40:02.000000,1026,381.218405,384.6702384375,-3.4518334374999995,-3.892611612499649,0.44077817499964933,16–18,True,-5.194853425272953
D3,2017-11-22 10:45:04.000000,1026,385.140301,384.7730644425087,0.3672365574913101,-3.817173088429326,4.184409645920637,16–18,True,-5.187855565232443
D3,2017-11-22 10:50:02.000000,1026,381.325661,384.76976546527777,-3.4441044652777464,-3.7407954415830753,0.2966909763053289,16–18,True,-5.179112314062272
D3,2017-11-22 10:55:01.000000,1026,380.682233,384.76976546527777,-4.087532465277775,-3.6622626536928964,-0.42526981158487853,16–18,True,-5.168508845895566
D3,2017-11-22 11:00:03.000000,1026,375.182441,384.78464840418116,-9.602207404181172,-3.581048945398509,-6.021158458782663,16–18,True,-5.155942453997777
D3,2017-11-22 11:05:02.000000,1026,378.598741,384.7928518645833,-6.194110864583308,-3.4988061672258013,-2.695304697357507,16–18,True,-5.14166873316319
D3,2017-11-22 11:10:05.000000,1026,384.987227,384.78162761458333,0.20559938541668998,-3.413639644161121,3.619239029577811,16–18,True,-5.125351237867937
D3,2017-11-22 11:15:01.000000,1026,377.112681,384.78162761458333,-7.668946614583319,-3.3287076043117656,-4.340239010271554,16–18,True,-5.107617272437728
D3,2017-11-22 11:20:02.000000,1026,388.495496,384.75481694791665,3.740679052083351,-3.2406253499474245,6.9813044020307755,16–18,True,-5.0877746380749835
D3,2017-11-22 11:25:04.000000,1026,388.679323,384.7804037326389,3.898919267361123,-3.1505541424056953,7.049473409766819,16–18,True,-5.066042236442919
D3,2017-11-22 11:30:03.000000,1026,388.326867,384.7712065951557,3.555660404844275,-3.059746389172936,6.615406794017211,16–18,True,-5.042736260641034
D3,2017-11-22 11:35:01.000000,1026,380.498339,384.7307205347222,-4.232381534722208,-2.96767013422558,-1.264711400496628,16–18,True,-5.017747612135665
D3,2017-11-22 11:40:02.000000,1026,382.183558,384.7292750622837,-2.5457170622836998,-2.873117676664173,0.3274006143804731,16–18,True,-4.990735066700424
D3,2017-11-22 11:45:01.000000,1026,383.409243,384.730932625,-1.3216896249999763,-2.7776965431575924,1.456006918157616,16–18,True,-4.962151253806364
D3,2017-11-22 11:50:04.000000,1026,391.023146,384.714078825784,6.309067174216011,-2.679523190263753,8.988590364479764,16–18,True,-4.931418840411569
D3,2017-11-22 11:55:03.000000,1026,373.236691,384.6687478263889,-11.432056826388873,-2.581235967171486,-8.850820859217388,16–18,True,-4.899363741446731
D3,2017-11-22 12:00:02.000000,1026,393.336573,384.69454732291666,8.642025677083325,-2.4815948971179767,11.1236205742013,16–18,True,-4.865606952642707
D3,2017-11-22 12:05:01.000000,1026,384.098622,384.6754322996516,-0.5768102996516404,-2.3806470882370445,1.803836788585404,16–18,True,-4.83016443347608
D3,2017-11-22 12:10:05.000000,1026,390.5791,384.65699284375,5.922107156249979,-2.2767206947109337,8.198827850960912,16–18,True,-4.792418258050441
D3,2017-11-22 12:15:03.000000,1026,390.379829,384.65699284375,5.7228361562499686,-2.1736312562556375,7.896467412505606,16–18,True,-4.75376033978979
D3,2017-11-22 12:20:03.000000,1026,369.360746,384.6465133541667,-15.285767354166694,-2.068685028675879,-13.217082325490814,16–18,True,-4.713204701547307
D3,2017-11-22 12:25:01.000000,1026,380.896746,384.64507714583334,-3.7483311458333333,-1.9633305255933609,-1.7850006202399724,16–18,True,-4.671311109936674
D3,2017-11-22 12:30:04.000000,1026,387.622223,384.57629729166666,3.045925708333357,-1.8551272992893477,4.901053007622704,16–18,True,-4.627091424145938
D3,2017-11-22 12:35:02.000000,1026,374.661535,384.57629729166666,-9.914762291666648,-1.747697090461993,-8.167065201204654,16–18,True,-4.582025750093914
D3,2017-11-22 12:40:01.000000,1026,367.997252,384.5877340208333,-16.590482020833292,-1.638948271504903,-14.951533749328389,16–18,True,-4.535259808364236
D3,2017-11-22 12:45:00.000000,1026,379.07354,384.5762970590278,-5.502757059027829,-1.529291098743543,-3.973465960284286,16–18,True,-4.486964317226962
D3,2017-11-22 12:50:01.000000,1026,380.498339,384.5681573159722,-4.069818315972213,-1.4180354274528093,-2.651782888519404,16–18,True,-4.436823964347002
D3,2017-11-22 12:55:04.000000,1026,373.696292,384.51808106574396,-10.821789065743928,-1.305217796588239,-9.516571269155689,16–18,True,-4.384832579272124
D3,2017-11-22 13:00:03.000000,1026,367.87473,384.56445492334495,-16.689724923344954,-1.193133676843998,-15.496591246500957,16–18,True,-4.33205925336553
D3,2017-11-22 13:05:03.000000,1026,359.893039,384.52415280139377,-24.63111380139378,-1.079973667652147,-23.551140133741633,16–18,True,-4.277668776578182
D3,2017-11-22 13:10:01.000000,1026,364.182612,384.5049613472222,-20.3223493472222,-0.966926011055075,-19.355423336167124,16–18,True,-4.22223778755763
D3,2017-11-22 13:15:00.000000,1026,371.383022,384.457565125,-13.074543124999991,-0.8529094110817848,-12.221633713918207,16–18,True,-4.165241568860148
D3,2017-11-22 13:20:00.000000,1026,377.281176,384.4075624340278,-7.126386434027779,-0.7379721179622163,-6.388414316065563,16–18,True,-4.106693341977321
D3,2017-11-22 13:25:00.000000,1026,364.933275,384.38096502083334,-19.447690020833363,-0.6225492010265381,-18.825140819806826,16–18,True,-4.046809292311726
D3,2017-11-22 13:30:05.000000,1026,381.84659,384.29283910726645,-2.4462491072664534,-0.5047613667824029,-1.9414877404840505,16–18,True,-3.9845871543371008
D3,2017-11-22 13:35:04.000000,1026,357.886095,384.2463642195122,-26.36026921951219,-0.38891443243919643,-25.971354787072993,16–18,True,-3.922306924718717
D3,2017-11-22 13:40:03.000000,1026,361.79266,384.2192541215278,-22.426594121527785,-0.27275013314135554,-22.15384398838643,16–18,True,-3.8587869365034058
D3,2017-11-22 13:45:02.000000,1026,369.851033,384.2570936794425,-14.406060679442533,-0.156323388846618,-14.249737290595915,16–18,True,-3.7940572205620082
D3,2017-11-22 13:50:04.000000,1026,369.728489,384.29016263541666,-14.56167363541664,-0.03851813755570266,-14.523155497860937,16–18,True,-3.727481217614628
D3,2017-11-22 13:55:02.000000,1026,383.010902,384.29016263541666,-1.2792606354166765,0.07787872881388536,-1.3571393642305618,16–18,True,-3.660639239746915
D3,2017-11-22 14:00:03.000000,1026,369.52933,384.25939013148786,-14.730060131487846,0.19554467409357112,-14.925604805581418,16–18,True,-3.591999072255197
D3,2017-11-22 14:05:01.000000,1026,371.030699,384.28810825087106,-13.257409250871035,0.31207903015088645,-13.569488281021922,16–18,True,-3.522961139555503
D3,2017-11-22 14:10:01.000000,1026,370.923376,384.26526822222223,-13.341892222222214,0.42938127579406027,-13.771273498016274,16–18,True,-3.4524054673615945
D3,2017-11-22 14:15:00.000000,1026,377.174009,384.2704286909722,-7.096419690972198,0.54622295195303,-7.642642642925228,16–18,True,-3.381065642413826
D3,2017-11-22 14:20:05.000000,1026,363.830245,384.2007969895833,-20.370551989583305,0.6652803689616347,-21.03583235854494,16–18,True,-3.307280799523226
D3,2017-11-22 14:25:04.000000,1026,375.504189,384.1973684532872,-8.6931794532872,0.7818131936713426,-9.474992646958544,16–18,True,-3.2339887206894504
D3,2017-11-22 14:30:04.000000,1026,365.117168,384.13105896875,-19.01389096874999,0.8984983830728481,-19.91238935182284,16–18,True,-3.159532628249675
D3,2017-11-22 14:35:05.000000,1026,367.445838,384.1159975813149,-16.67015958131492,1.0152777458248017,-17.68543732713972,16–18,True,-3.0839389331369196
D3,2017-11-22 14:40:04.000000,1026,378.338254,384.1067773101045,-5.768523310104513,1.1309336230809803,-6.899456933185493,16–18,True,-3.008001224918572
D3,2017-11-22 14:45:03.000000,1026,372.10302,384.0344476236934,-11.931427623693367,1.2461883141407073,-13.177615937834073,16–18,True,-2.9312560219803707
D3,2017-11-22 14:50:03.000000,1026,377.756042,384.0327392264808,-6.276697226480849,1.3613704468593948,-7.6380676733402435,16–18,True,-2.8534791025644792
D3,2017-11-22 14:55:03.000000,1026,371.413619,384.00259384375,-12.588974843750009,1.4760390300333532,-14.065013873783363,16–18,True,-2.774962822469921
D3,2017-11-22 15:00:05.000000,1026,367.706124,383.97913510069446,-16.273011100694475,1.5908981289196986,-17.863909229614173,16–18,True,-2.6952141582599634
D3,2017-11-22 15:05:04.000000,1026,380.05407,383.92370661111113,-3.8696366111111047,1.7039946728504822,-5.573631283961587,16–18,True,-2.6155946486802617
D3,2017-11-22 15:10:05.000000,1026,379.012413,383.939345875,-4.926932875000034,1.8171687198153221,-6.744101594815357,16–18,True,-2.5348144245439497
D3,2017-11-22 15:15:03.000000,1026,379.196218,383.94307770934256,-4.746859709342573,1.9284905574719935,-6.675350266814567,16–18,True,-2.4542563890700055
D3,2017-11-22 15:20:04.000000,1026,383.148778,383.92828779238755,-0.7795097923875574,2.040148137753158,-2.8196579301407154,16–18,True,-2.3723372310850173
D3,2017-11-22 15:25:01.000000,1026,392.800334,383.92227055555554,8.878063444444479,2.149496643534664,6.728566800909815,16–18,True,-2.2910029533193743
D3,2017-11-22 15:30:02.000000,1026,377.633632,383.91237635069444,-6.278744350694467,2.2594289784530326,-8.538173329147499,16–18,True,-2.208101791318313
D3,2017-11-22 15:35:02.000000,1026,375.841112,383.85811796527776,-8.017005965277747,2.3680536025235916,-10.385059567801338,16–18,True,-2.125043088273099
D3,2017-11-22 15:40:02.000000,1026,380.421813,383.72778092334494,-3.3059679233449515,2.475685550389096,-5.781653473734048,16–18,True,-2.0415917206400627
D3,2017-11-22 15:45:02.000000,1026,389.506556,383.70289680555555,5.803659194444435,2.5822735950716957,3.2213855993727396,16–18,True,-1.9577874067504804
D3,2017-11-22 15:50:02.000000,1026,370.494439,383.64805313541666,-13.15361413541666,2.6877670064349033,-15.841381141851564,16–18,True,-1.8736700329189444
D3,2017-11-22 15:55:04.000000,1026,396.47721,383.5867733472222,12.890436652777794,2.7928072790890663,10.097629373688727,16–18,True,-1.7887162057385555
D3,2017-11-22 16:00:02.000000,1026,401.762533,383.60714282578397,18.155390174216052,2.8952696374849496,15.260120536731103,16–18,False,-1.7046563766315799
D3,2017-11-22 16:05:02.000000,1026,405.22494,383.58450957491294,21.64043042508706,2.9971800971577127,18.643250327929348,16–18,False,-1.6198405355223964
D3,2017-11-22 16:10:03.000000,1026,408.580001,383.5645989477352,25.01540205226479,3.098131630658359,21.917270421606432,16–18,False,-1.5345890426266657
D3,2017-11-22 16:15:03.000000,1026,388.786558,383.54837144250877,5.238186557491247,3.1974054427324208,2.040781114758826,16–18,False,-1.4495089057470893
D3,2017-11-22 16:20:03.000000,1026,396.998094,383.49719406249994,13.500899937500037,3.2952918520430448,10.205608085456992,16–18,False,-1.3643576219637552
D3,2017-11-22 16:25:02.000000,1026,403.953349,383.49719406249994,20.45615493750006,3.3914251948651746,17.064729742634885,16–18,False,-1.2794596643951874
D3,2017-11-22 16:30:03.000000,1026,394.531527,383.4164200484429,11.115106951557095,3.4867167903588925,7.628390161198203,16–18,False,-1.1940037378562844
D3,2017-11-22 16:35:01.000000,1026,397.855991,383.3505283044983,14.505462695501706,3.579546376685059,10.925916318816647,16–18,False,-1.109449437333442
D3,2017-11-22 16:40:01.000000,1026,403.279235,383.3532689094077,19.92596609059234,3.6714348320474697,16.25453125854487,16–18,False,-1.0244181486381507
D3,2017-11-22 16:45:02.000000,1026,402.467244,383.3044265191638,19.162817480836168,3.7620084449488287,15.400809035887338,16–18,False,-0.939235297325721
D3,2017-11-22 16:50:03.000000,1026,386.105544,383.2847291114982,2.8208148885017863,3.850914875855276,-1.0300999873534895,16–18,False,-0.854225308344303
D3,2017-11-22 16:55:00.000000,1026,397.825305,383.275001375,14.550303625000026,3.9369641600648517,10.613339464935175,16–18,False,-0.7705541975443102
D3,2017-11-22 17:00:00.000000,1026,397.227894,383.31127974305554,13.916614256944456,4.022151796732695,9.894462460211761,16–18,False,-0.6862887961048147
D3,2017-11-22 17:05:03.000000,1026,402.268041,383.2573410833333,19.01069991666668,4.106384449314446,14.904315467352234,16–18,False,-0.601477376710212
D3,2017-11-22 17:10:02.000000,1026,402.099613,383.2573410833333,18.842271916666675,4.187685287338635,14.65458662932804,16–18,False,-0.5181178691224466
D3,2017-11-22 17:15:02.000000,1026,408.380709,383.1931881875,25.187520812499997,4.26740236722991,20.920118445270088,16–18,False,-0.4348511358501237
D3,2017-11-22 17:20:04.000000,1026,400.874039,383.20334872569447,17.670690274305514,4.34573513854888,13.324955135756634,16–18,False,-0.3514452817926297
D3,2017-11-22 17:25:02.000000,1026,410.602188,383.20334872569447,27.398839274305544,4.421109498662926,22.97772977564262,16–18,False,-0.2695924295012069
D3,2017-11-22 17:30:02.000000,1026,403.034102,383.1724718780488,19.861630121951237,4.495026393934852,15.366603728016385,16–18,False,-0.18767911061845655
D3,2017-11-22 17:35:04.000000,1026,409.91272,383.08898065625,26.823739343749992,4.567410896537334,22.25632844721266,16–18,False,-0.10575451168919003
D3,2017-11-22 17:40:04.000000,1026,398.775171,383.0629154479167,15.71225555208332,4.6372698580074605,11.07498569407586,16–18,False,-0.02494267565873054
D3,2017-11-22 17:45:03.000000,1026,393.413165,383.0542445069444,10.358920493055564,4.704833643960998,5.654086849094566,16–18,False,0.054995991379247045
D3,2017-11-22 17:50:02.000000,1026,423.624204,383.0460370865052,40.57816691349484,4.7703065814097245,35.80786033208511,16–18,False,0.13429403457843403
D3,2017-11-22 17:55:01.000000,1026,399.633045,382.975851550173,16.65719344982699,4.833657716170818,11.823535733656172,16–18,False,0.2129139635462758
D3,2017-11-22 18:00:00.000000,1026,402.589788,382.9696655243055,19.620122475694473,4.894857097203688,14.725265378490786,16–18,True,0.29081860848790186
D3,2017-11-22 18:05:00.000000,1026,403.846137,382.9508345069445,20.89530249305551,4.954069487321473,15.941233005734038,16–18,True,0.3682278700984374
D3,2017-11-22 18:10:05.000000,1026,404.121844,382.8510951493056,21.270748850694417,5.011989219122853,16.258759631571564,16–18,True,0.44611312028641503
D3,2017-11-22 18:15:03.000000,1026,397.442385,382.8356390934256,14.606745906574417,5.066332633269912,9.540413273304505,16–18,True,0.5213814683511437
D3,2017-11-22 18:20:01.000000,1026,408.350201,382.8588615486111,25.49133945138891,5.11842939296316,20.372910058425752,16–18,True,0.5957944458009237
D3,2017-11-22 18:25:03.000000,1026,398.836476,382.8220508229167,16.014425177083297,5.168908277951116,10.84551689913218,16–18,True,0.6702977744945522
D3,2017-11-22 18:30:02.000000,1026,392.06507,382.82976421527775,9.235305784722243,5.216563952750907,4.018741831971336,16–18,True,0.7431249223892994
D3,2017-11-22 18:35:00.000000,1026,399.69444,382.8111994548611,16.883240545138904,5.261739174499851,11.621501370639052,16–18,True,0.8147474233231818
D3,2017-11-22 18:40:01.000000,1026,400.062005,382.83598793402774,17.226017065972258,5.304995259142635,11.921021806829621,16–18,True,0.8860826538082561
D3,2017-11-22 18:45:04.000000,1026,393.765599,382.852406369338,10.913192630662024,5.346108213422735,5.56708441723929,16–18,True,0.9568339185141739
D3,2017-11-22 18:50:03.000000,1026,397.01327,382.88096449477354,14.13230550522644,5.384268464488911,8.748037040737529,16–18,True,1.0255771904375752
D3,2017-11-22 18:55:03.000000,1026,387.40771,382.81459340138406,4.59311659861595,5.420132137847039,-0.8270155392310894,16–18,True,1.0934453214371282
D3,2017-11-22 19:00:00.000000,1026,394.623384,382.82556152430556,11.797822475694431,5.453228484616972,6.34459399107746,16–18,True,1.1595127447488518
D3,2017-11-22 19:05:04.000000,1026,373.405298,382.76423383391,-9.358935833909982,5.484606736459413,-14.843542570369394,16–18,True,1.22594887310155
D3,2017-11-22 19:10:02.000000,1026,369.575259,382.7630050034722,-13.18774600347217,5.512898096951108,-18.70064410042328,16–18,True,1.2898757758673136
D3,2017-11-22 19:15:03.000000,1026,383.807427,382.8294980347222,0.9779289652778402,5.538980639060054,-4.561051673782214,16–18,True,1.3532114371820048
D3,2017-11-22 19:20:02.000000,1026,390.257241,382.75050432986114,7.506736670138878,5.56239637514144,1.9443402949974375,16–18,True,1.4148677425546916
D3,2017-11-22 19:25:02.000000,1026,385.385545,382.730307083045,2.655237916955002,5.583381590638339,-2.928143673683337,16–18,True,1.4754402361360968
D3,2017-11-22 19:30:03.000000,1026,376.239408,382.7493374290658,-6.509929429065778,5.6019011195131,-12.111830548578878,16–18,True,1.5348870236973382
D3,2017-11-22 19:35:01.000000,1026,370.877447,382.7115367317073,-11.834089731707309,5.6177253529125135,-17.451815084619824,16–18,True,1.5924033752940312
D3,2017-11-22 19:40:02.000000,1026,376.178169,382.7018841493056,-6.523715149305588,5.631165304944667,-12.154880454250254,16–18,True,1.6491197341104138
D3,2017-11-22 19:45:04.000000,1026,393.152723,382.6492221388889,10.503500861111092,5.642074376709902,4.86142648440119,16–18,True,1.704604435056431
D3,2017-11-22 19:50:03.000000,1026,387.698905,382.6251691916376,5.0737358083624144,5.650328428641631,-0.5765926202792162,16–18,True,1.7581104009571644
D3,2017-11-22 19:55:04.000000,1026,380.973406,382.6029632334495,-1.629557233449475,5.6560743067295896,-7.285631540179065,16–18,True,1.8105138522441253
D3,2017-11-22 20:00:02.000000,1026,382.306124,382.6271444599303,-0.3210204599303097,5.659226612494329,-5.980247072424639,16–18,True,1.8609269640611796
D3,2017-11-22 20:05:00.000000,1026,374.829985,382.64757353125,-7.817588531249953,5.659853828166151,-13.477442359416104,16–18,True,1.9098556261711037
D3,2017-11-22 20:10:03.000000,1026,379.119647,382.65874366782003,-3.539096667820047,5.657902272574252,-9.196998940394298,16–18,True,1.958059531826962
D3,2017-11-22 20:15:01.000000,1026,381.478936,382.63194841811844,-1.1530124181184647,5.653437267507579,-6.806449685626044,16–18,True,2.0039252166905137
D3,2017-11-22 20:20:02.000000,1026,381.923227,382.5840133344948,-0.6607863344947873,5.646366734296089,-6.307153068790877,16–18,True,2.0486774514943606
D3,2017-11-22 20:25:02.000000,1026,383.240614,382.5926769340278,0.6479370659722008,5.636762456493323,-4.988825390521122,16–18,True,2.091684574519066
D3,2017-11-22 20:30:01.000000,1026,389.016336,382.592447923345,6.423888076655032,5.624654510169503,0.7992335664855297,16–18,True,2.132942155438453
D3,2017-11-22 20:35:03.000000,1026,391.865867,382.57650615625,9.28936084374999,5.609861242450032,3.6794996012999572,16–18,True,2.172966087506146
D3,2017-11-22 20:40:04.000000,1026,386.565123,382.6132080103806,3.951914989619411,5.59256017822606,-1.6406451886066495,16–18,True,2.211190754245098
D3,2017-11-22 20:45:02.000000,1026,389.613791,382.62538348780487,6.988407512195124,5.572925187019493,1.4154823251756312,16–18,True,2.2473772624411987
D3,2017-11-22 20:50:02.000000,1026,389.047,382.6690650902778,6.377934909722228,5.55064881074693,0.8272860989752981,16–18,True,2.282123852359029
D3,2017-11-22 20:55:01.000000,1026,390.47171,382.67806926480836,7.793640735191616,5.525951780361343,2.267688954830273,16–18,True,2.315058244807531
D3,2017-11-22 21:00:01.000000,1026,392.968874,382.6891191423611,10.27975485763892,5.498680659358188,4.7810741982807325,16–18,True,2.346385052972082
D3,2017-11-22 21:05:00.000000,1026,378.476152,382.7395474097222,-4.263395409722193,5.469030141265261,-9.732425550987454,16–18,True,2.3758806290314034
D3,2017-11-22 21:10:04.000000,1026,381.34106,382.68156499305553,-1.3405049930555037,5.436369884725287,-6.776874877780791,16–18,True,2.40408764281392
D3,2017-11-22 21:15:00.000000,1026,390.778058,382.68156499305553,8.096493006944456,5.402148647407947,2.694344359536509,16–18,True,2.429813029010954
D3,2017-11-22 21:20:03.000000,1026,374.9066,382.7031574878049,-7.796557487804876,5.3646612510603955,-13.161218738865271,16–18,True,2.4543567275800955
D3,2017-11-22 21:25:02.000000,1026,390.395184,382.71332233333334,7.681861666666634,5.325249785111585,2.3566118815550494,16–18,True,2.4767896050569673
D3,2017-11-22 21:30:04.000000,1026,384.190569,382.6476270625,1.5429419374999611,5.2830227826242915,-3.7400808451243304,16–18,True,2.4976349690742756
D3,2017-11-22 21:35:02.000000,1026,389.93556,382.6476270625,7.287932937499988,5.23899081082881,2.0489421266711787,16–18,True,2.5164088472275967
D3,2017-11-22 21:40:01.000000,1026,387.530298,382.65831926388887,4.871978736111146,5.192471636588735,-0.32049290047758916,16–18,True,2.5334444061867973
D3,2017-11-22 21:45:01.000000,1026,388.572,382.60801365051907,5.963986349480933,5.143463853468191,0.8205224960127424,16–18,True,2.548715449190235
D3,2017-11-22 21:50:01.000000,1026,393.872722,382.6050188958333,11.267703104166685,5.092142449178864,6.175560654987821,16–18,True,2.562154700847577
D3,2017-11-22 21:55:01.000000,1026,388.633283,382.66890569444445,5.9643773055555585,5.038531849929635,0.9258454556259235,16–18,True,2.573755764802902
D3,2017-11-22 22:00:02.000000,1026,383.133469,382.70858860416666,0.42488039583332693,4.98246756789076,-4.557587172057433,16–18,True,2.5835425555721905
D3,2017-11-22 22:05:02.000000,1026,404.397596,382.7620619446367,21.635534055363337,4.924348792044102,16.711185263319237,16–18,True,2.5914453892336846
D3,2017-11-22 22:10:04.000000,1026,381.402299,382.78490938408305,-1.3826103840830228,4.863611144850412,-6.246221528933435,16–18,True,2.5975302105708122
D3,2017-11-22 22:15:04.000000,1026,403.75419,382.7983808263889,20.9558091736111,4.80108797459258,16.15472119901852,16–18,True,2.6017135330534336
D3,2017-11-22 22:20:05.000000,1026,393.658342,382.82270566435983,10.835636335640174,4.736194993771831,6.099441341868343,16–18,True,2.604044487503707
D3,2017-11-22 22:25:03.000000,1026,382.367452,382.85950121527776,-0.4920492152777456,4.669846541196583,-5.161895756474329,16–18,True,2.6045095505577702
D3,2017-11-22 22:30:02.000000,1026,395.174888,382.83100257142854,12.343885428571468,4.60120463948937,7.742680789082098,16–18,True,2.603133282666424
D3,2017-11-22 22:35:02.000000,1026,404.366976,382.8481710347222,21.51880496527781,4.530281093578378,16.98852387169943,16–18,True,2.5998978177104823
D3,2017-11-22 22:40:02.000000,1026,395.481304,382.8368067577855,12.644497242214527,4.457335768282446,8.18716147393208,16–18,True,2.594806201373058
D3,2017-11-22 22:45:04.000000,1026,375.703259,382.82456169896193,-7.121302698961927,4.381897244212124,-11.50319994317405,16–18,True,2.587808341332548
D3,2017-11-22 22:50:00.000000,1026,396.232077,382.81652093749994,13.415556062500059,4.30603853722506,9.109517525274999,16–18,True,2.5791298468391077
D3,2017-11-22 22:55:03.000000,1026,385.753199,382.7907216736111,2.962477326388921,4.2264551857050865,-1.2639778593161655,16–18,True,2.5683845319571015
D3,2017-11-22 23:00:03.000000,1026,387.147245,382.7907216736111,4.356523326388924,4.145773101181308,0.2107502252076161,16–18,True,2.5558952300978817
D3,2017-11-22 23:05:04.000000,1026,385.707226,382.8631189305555,2.844107069444476,4.062974141500333,-1.2188670720558568,16–18,True,2.541519909831865
D3,2017-11-22 23:10:04.000000,1026,381.846523,382.8631189305555,-1.0165959305555248,3.978647851934328,-4.995243782489853,16–18,True,2.525360926335149
D3,2017-11-22 23:15:05.000000,1026,376.300646,382.87498146875004,-6.574335468750064,3.892272482488098,-10.466607951238162,16–18,True,2.507318299523168
D3,2017-11-22 23:20:04.000000,1026,382.689177,382.854873875,-0.16569687500003738,3.804758549333301,-3.9704554243333385,16–18,True,2.4875894891115173
D3,2017-11-22 23:25:04.000000,1026,379.472014,382.86331252249136,-3.391298522491354,3.715278298188493,-7.106576820679847,16–18,True,2.465995012543024
D3,2017-11-22 23:30:02.000000,1026,381.065286,382.8431180416667,-1.7778320416666702,3.6247769073877913,-5.4026089490544615,16–18,True,2.4427699386127966
D3,2017-11-22 23:35:02.000000,1026,379.027678,382.82689371428575,-3.799215714285765,3.532082715426973,-7.331298429712739,16–18,True,2.417613587686899
D3,2017-11-22 23:40:01.000000,1026,392.279428,382.8448738993056,9.434554100694413,3.438158488561446,5.996395612132967,16–18,True,2.3907805205080037
D3,2017-11-22 23:45:04.000000,1026,394.163739,382.84184146527775,11.321897534722268,3.3414558895887088,7.98044164513356,16–18,True,2.361808439537573
D3,2017-11-22 23:50:04.000000,1026,371.658751,382.84184146527775,-11.183090465277758,3.244247346046554,-14.427337811324312,16–18,True,2.331371616511674
D3,2017-11-22 23:55:03.000000,1026,387.806139,382.8595491730104,4.946589826989566,3.1459601229542833,1.8006297040352828,16–18,True,2.2993165175468353
D3,2017-11-22 00:00:04.000000,1026,384.328378,387.88632614930555,-3.5579481493055596,3.0456481049861552,-6.603596254291714,18–20,True,2.897943477695627
D3,2017-11-22 00:05:00.000000,1026,385.048399,387.88632614930555,-2.8379271493055285,2.945710987212034,-5.783638136517562,18–20,True,2.808742633427823
D3,2017-11-22 00:10:04.000000,1026,389.337994,387.92226327526134,1.415730724738637,2.8417887919182725,-1.4260580671796355,18–20,True,2.715799193134659
D3,2017-11-22 00:15:04.000000,1026,378.322989,387.96414990277776,-9.641160902777756,2.738007505388194,-12.379168408165949,18–20,True,2.622799639141326
D3,2017-11-22 00:20:03.000000,1026,386.488508,387.96414990277776,-1.4756419027777383,2.6334091844586762,-4.1090510872364145,18–20,True,2.5288900323697345
D3,2017-11-22 00:25:03.000000,1026,379.042988,387.84120193425605,-8.798213934256069,2.527343985788475,-11.325557920044544,18–20,True,2.433486935800082
D3,2017-11-22 00:30:00.000000,1026,383.255968,387.8230249444444,-4.567056944444403,2.421286756211659,-6.988343700656062,18–20,True,2.3379186802181033
D3,2017-11-22 00:35:04.000000,1026,374.15596,387.78061111418685,-13.624651114186861,2.3116969607819664,-15.936348074968826,18–20,True,2.2389914190226663
D3,2017-11-22 00:40:04.000000,1026,385.416142,387.7668513125,-2.350709312500044,2.202576612995938,-4.553285925495982,18–20,True,2.1403152137342394
D3,2017-11-22 00:45:03.000000,1026,387.070786,387.6957832465278,-0.624997246527812,2.092910588313406,-2.717907834841218,18–20,True,2.040976364490578
D3,2017-11-22 00:50:02.000000,1026,379.089028,387.66657913194445,-8.57755113194446,1.9823885756184345,-10.559939707562895,18–20,True,1.9406946231945374
D3,2017-11-22 00:55:05.000000,1026,380.559734,387.6276405208334,-7.0679065208333895,1.8695683105941925,-8.937474831427583,18–20,True,1.838158006616479
D3,2017-11-22 01:00:02.000000,1026,375.167131,387.6276405208334,-12.460509520833398,1.7582338881598738,-14.218743408993271,18–20,True,1.7368073458427353
D3,2017-11-22 01:05:00.000000,1026,380.498428,387.54066755208333,-7.042239552083345,1.6458327231159595,-8.688072275199303,18–20,True,1.6343230706614122
D3,2017-11-22 01:10:03.000000,1026,386.657114,387.37698854861105,-0.7198745486110738,1.5308894162120736,-2.2507639648231477,18–20,True,1.5293550447275408
D3,2017-11-22 01:15:04.000000,1026,383.485858,387.32164610380624,-3.8357881038062374,1.4161045025083805,-5.251892606314618,18–20,True,1.4243669880033194
D3,2017-11-22 01:20:01.000000,1026,392.739096,387.30356937716266,5.435526622837358,1.3023123069057385,4.133214315931619,18–20,True,1.3201268867771707
D3,2017-11-22 01:25:02.000000,1026,385.783841,387.29240903125,-1.508568031249979,1.1865023643400563,-2.6950703955900353,18–20,True,1.2138769844089603
D3,2017-11-22 01:30:05.000000,1026,391.498213,387.26371541463413,4.234497585365887,1.0694855225652018,3.1650120628006846,18–20,True,1.1063563660148985
D3,2017-11-22 01:35:01.000000,1026,390.425758,387.2449059513889,3.1808520486110865,0.9548025999148992,2.2260494486961875,18–20,True,1.0008225067970955
D3,2017-11-22 01:40:03.000000,1026,374.033349,387.19159910452964,-13.158250104529657,0.8374742889241547,-13.995724393453811,18–20,True,0.8926941326910232
D3,2017-11-22 01:45:01.000000,1026,376.545912,387.10340834375,-10.557496343750017,0.7214373081106191,-11.278933651860637,18–20,True,0.7855976917713667
D3,2017-11-22 01:50:01.000000,1026,381.049932,387.0697895243055,-6.0198575243055075,0.6044133993738083,-6.624270923679315,18–20,True,0.6774320518719243
D3,2017-11-22 01:55:02.000000,1026,384.803289,387.0335948118467,-2.2303058118466765,0.48684542696891375,-2.7171512388155903,18–20,True,0.5686041785271314
D3,2017-11-22 02:00:05.000000,1026,378.966462,386.95978346874995,-7.9933214687499685,0.36839744660702856,-8.361718915356997,18–20,True,0.4588007161765235
D3,2017-11-22 02:05:00.000000,1026,381.310218,386.95978346874995,-5.649565468749927,0.253036187789609,-5.902601656539536,18–20,True,0.351703637174968
D3,2017-11-22 02:10:02.000000,1026,374.983149,386.8619391487889,-11.87879014878888,0.13495195850422226,-12.013742107293103,18–20,True,0.2419202314579132
D3,2017-11-22 02:15:01.000000,1026,396.232122,386.83320775778543,9.398914242214573,0.018110607521236055,9.380803634693336,18–20,True,0.13313441597977782
D3,2017-11-22 02:20:04.000000,1026,384.236542,386.8403606968641,-2.6038186968640957,-0.10016613680610931,-2.5036525600579864,18–20,True,0.022851775592871437
D3,2017-11-22 02:25:04.000000,1026,386.672379,386.75281789198607,-0.08043889198609122,-0.21708903788854483,0.1366501459024536,18–20,True,-0.08632776633962269
D3,2017-11-22 02:30:03.000000,1026,386.120809,386.71376015277775,-0.5929511527777436,-0.3333857329582868,-0.2595654198194568,18–20,True,-0.1950804776703583
D3,2017-11-22 02:35:05.000000,1026,384.757315,386.63543632055746,-1.8781213205574545,-0.4505535900420048,-1.4275677305154497,18–20,True,-0.3048081863506251
D3,2017-11-22 02:40:02.000000,1026,386.120898,386.5688057708333,-0.4479077708332966,-0.5654371213190341,0.11752935048573754,18–20,True,-0.41255418721409143
D3,2017-11-22 02:45:02.000000,1026,392.524605,386.5374743888889,5.987130611111127,-0.6810794202994153,6.668210031410542,18–20,True,-0.5211709141437666
D3,2017-11-22 02:50:00.000000,1026,382.091745,386.44693709722225,-4.355192097222243,-0.7954969206553337,-3.5596951765669096,18–20,True,-0.6287961054046414
D3,2017-11-22 02:55:03.000000,1026,386.779636,386.3874869686411,0.39214903135888335,-0.9113148742505528,1.3034639056094361,18–20,True,-0.7379015856033333
D3,2017-11-22 03:00:02.000000,1026,394.255775,386.2550518466899,8.000723153310105,-1.025036000823206,9.025759154133311,18–20,True,-0.8451935757200215
D3,2017-11-22 03:05:01.000000,1026,383.807583,386.19064584722224,-2.38306284722222,-1.138139017979611,-1.2449238292426092,18–20,True,-0.9520639394260586
D3,2017-11-22 03:10:00.000000,1026,377.710203,386.12628046875,-8.416077468750018,-1.2505704530697388,-7.165507015680279,18–20,True,-1.0584621507345993
D3,2017-11-22 03:15:03.000000,1026,377.81737,386.0626709268293,-8.245300926829316,-1.3637664016891944,-6.881534525140122,18–20,True,-1.1657505355163258
D3,2017-11-22 03:20:04.000000,1026,385.661252,385.95238833797913,-0.2911363379791396,-1.4754239819703572,1.1842876439912176,18–20,True,-1.271748057602271
D3,2017-11-22 03:25:03.000000,1026,373.89554,385.93781290972225,-12.042272909722271,-1.5855059460370473,-10.456766963685224,18–20,True,-1.376416011727791
D3,2017-11-22 03:30:02.000000,1026,386.672357,385.93781290972225,0.7345440902777227,-1.6947048226702353,2.429248912947958,18–20,True,-1.4804111890125315
D3,2017-11-22 03:35:04.000000,1026,398.836409,385.7817408298611,13.054668170138882,-1.804050337104477,14.85871850724336,18–20,True,-1.5847167848985086
D3,2017-11-22 03:40:00.000000,1026,395.312831,385.7817408298611,9.531090170138896,-1.9102472481199877,11.441337418258883,18–20,True,-1.6861868877342796
D3,2017-11-22 03:45:03.000000,1026,369.299596,385.63657280902777,-16.33697680902776,-2.0179029303418177,-14.319073878685943,18–20,True,-1.7892246614759897
D3,2017-11-22 03:50:01.000000,1026,388.985739,385.63657280902777,3.349166190972255,-2.1226930799129096,5.471859270885165,18–20,True,-1.8896930288763927
D3,2017-11-22 03:55:02.000000,1026,395.205552,385.54720593055555,9.658346069444463,-2.227391419545624,11.885737488990086,18–20,True,-1.9902495553942525
D3,2017-11-22 04:00:01.000000,1026,377.740733,385.5207686875,-7.780035687500003,-2.330203673476647,-5.4498320140233565,18–20,True,-2.089171832942499
D3,2017-11-22 04:05:00.000000,1026,392.218256,385.5394396875,6.6788163124999755,-2.431780763062717,9.110597075562692,18–20,True,-2.187084358178032
D3,2017-11-22 04:10:02.000000,1026,379.701815,385.54991902430555,-5.848104024305542,-2.533074294704557,-3.315029729600985,18–20,True,-2.284907137428683
D3,2017-11-22 04:15:01.000000,1026,387.223905,385.4944435400697,1.7294614599302918,-2.632024003244642,4.361485463174933,18–20,True,-2.3806504990892132
D3,2017-11-22 04:20:02.000000,1026,385.171032,385.50587449305556,-0.3348424930555325,-2.73024376455278,2.3954012714972475,18–20,True,-2.4758750868254253
D3,2017-11-22 04:25:03.000000,1026,384.435612,385.4638512222222,-1.0282392222222256,-2.827020114178095,1.7987808919558694,18–20,True,-2.5698910904196977
D3,2017-11-22 04:30:04.000000,1026,391.942437,385.4127315104167,6.529705489583307,-2.9223066842513816,9.452012173834689,18–20,True,-2.662653464550784
D3,2017-11-22 04:35:01.000000,1026,396.55378,385.4127315104167,11.14104848958334,-3.014822220902259,14.1558707104856,18–20,True,-2.7529109935408185
D3,2017-11-22 04:40:00.000000,1026,369.360723,385.3740061527778,-16.013283152777774,-3.1064070367249803,-12.906876116052793,18–20,True,-2.842457095042942
D3,2017-11-22 04:45:01.000000,1026,394.745995,385.3378869548611,9.408108045138874,-3.19698611654767,12.605094161686544,18–20,True,-2.9312224485128864
D3,2017-11-22 04:50:00.000000,1026,374.676867,385.3262370486111,-10.649370048611104,-3.2853129749556818,-7.364057073655422,18–20,True,-3.0179855277589196
D3,2017-11-22 04:55:01.000000,1026,368.61015,385.28297324221455,-16.672823242214577,-3.3725268751517437,-13.300296367062833,18–20,True,-3.1038654259461596
D3,2017-11-22 05:00:02.000000,1026,383.02619,385.1841619550173,-2.157971955017331,-3.4579896304287057,1.3000176754113748,18–20,True,-3.18823585476465
D3,2017-11-22 05:05:00.000000,1026,375.825802,385.07095665625,-9.245154656250008,-3.540835340257901,-5.704319315992107,18–20,True,-3.2702387137068163
D3,2017-11-22 05:10:02.000000,1026,385.125036,385.0094346376307,0.1156013623693184,-3.622961131555837,3.7385624939251554,18–20,True,-3.3517529423605343
D3,2017-11-22 05:15:01.000000,1026,387.162666,384.987068728223,2.175597271777008,-3.702415617586281,5.878012889363289,18–20,True,-3.4308428211625497
D3,2017-11-22 05:20:03.000000,1026,384.665413,385.06829664583336,-0.4028836458333558,-3.7807548161217914,3.3778711702884356,18–20,True,-3.5090572275041003
D3,2017-11-22 05:25:05.000000,1026,381.356325,385.056008375,-3.6996833749999496,-3.8571343218511047,0.15745094685115513,18–20,True,-3.5855566893787767
D3,2017-11-22 05:30:01.000000,1026,392.417415,385.056008375,7.361406625000029,-3.930059159747347,11.291465784747377,18–20,True,-3.658836547797163
D3,2017-11-22 05:35:02.000000,1026,384.006675,384.91046766898955,-0.9037926689895812,-4.00221413336668,3.0984214643770986,18–20,True,-3.731593423000747
D3,2017-11-22 05:40:03.000000,1026,387.22386,384.99728104513883,2.226578954861168,-4.072316263805489,6.298895218666657,18–20,True,-3.80254006930315
D3,2017-11-22 05:45:02.000000,1026,377.55695,384.94961864583337,-7.392668645833396,-4.139886989515712,-3.2527816563176843,18–20,True,-3.871189501502255
D3,2017-11-22 05:50:03.000000,1026,390.379763,384.9463735798611,5.433389420138951,-4.205797855605717,9.639187275744668,18–20,True,-3.938427178148298
D3,2017-11-22 05:55:04.000000,1026,384.757427,384.91121208333334,-0.1537850833333323,-4.2695583366731915,4.115773253339859,18–20,True,-4.003755526882468
D3,2017-11-22 06:00:03.000000,1026,378.568188,384.84652721180555,-6.27833921180553,-4.330735979882199,-1.9476032319233312,18–20,True,-4.066728538006016
D3,2017-11-22 06:05:03.000000,1026,386.136119,384.9122698062284,1.2238491937716276,-4.389926272950634,5.613775466722261,18–20,True,-4.127957663560922
D3,2017-11-22 06:10:02.000000,1026,390.962019,384.85541102083334,6.106607979166654,-4.4467066455350395,10.553314624701693,18–20,True,-4.187005777605179
D3,2017-11-22 06:15:04.000000,1026,376.147572,384.81780307291666,-8.670231072916636,-4.501787069712316,-4.1684440032043195,18–20,True,-4.244614468037551
D3,2017-11-22 06:20:03.000000,1026,396.155529,384.85323113541665,11.302297864583352,-4.5540472342744875,15.85634509885784,18–20,True,-4.299611999844514
D3,2017-11-22 06:25:04.000000,1026,376.34662,384.90161606574395,-8.554996065743978,-4.604347368938352,-3.9506486968056267,18–20,True,-4.352901888091411
D3,2017-11-22 06:30:05.000000,1026,380.008141,384.78966390625,-4.781522906249961,-4.652306163953088,-0.1292167422968733,18–20,True,-4.404083863656355
D3,2017-11-22 06:35:05.000000,1026,377.434362,384.78929203124994,-7.354930031249921,-4.697753103218755,-2.6571769280311663,18–20,True,-4.452974005407068
D3,2017-11-22 06:40:01.000000,1026,369.713224,384.78929203124994,-15.076068031249918,-4.740271103359839,-10.33579692789008,18–20,True,-4.499113458131975
D3,2017-11-22 06:45:01.000000,1026,387.377068,384.81721887152776,2.5598491284722513,-4.780989017062943,7.340838145535194,18–20,True,-4.543727224065289
D3,2017-11-22 06:50:01.000000,1026,372.470764,384.80764369444444,-12.336879694444463,-4.819297049875024,-7.517582644569439,18–20,True,-4.58615623703562
D3,2017-11-22 06:55:03.000000,1026,379.655774,384.79618128222995,-5.140407282229944,-4.85540798206424,-0.28499930016570385,18–20,True,-4.6266410211919355
D3,2017-11-22 07:00:05.000000,1026,387.622156,384.80992989583336,2.8122261041666547,-4.8890409025966335,7.701267006763288,18–20,True,-4.664871836044545
D3,2017-11-22 07:05:04.000000,1026,383.118137,384.7590820313589,-1.6409450313589105,-4.919882580676615,3.278937549317704,18–20,True,-4.700484271833159
D3,2017-11-22 07:10:04.000000,1026,368.793933,384.71226488194446,-15.918331881944482,-4.948355532108606,-10.969976349835875,18–20,True,-4.733960198963313
D3,2017-11-22 07:15:02.000000,1026,386.932821,384.71226488194446,2.2205561180555264,-4.974173993501948,7.194730111557474,18–20,True,-4.764960395335672
D3,2017-11-22 07:20:01.000000,1026,396.017609,384.7290740208333,11.288534979166684,-4.997598060446471,16.286133039613155,18–20,True,-4.793793600138738
D3,2017-11-22 07:25:03.000000,1026,381.433007,384.7050522179931,-3.2720452179931385,-5.018723171775347,1.7466779537822088,18–20,True,-4.820593062475643
D3,2017-11-22 07:30:04.000000,1026,390.793457,384.6835395034722,6.109917496527771,-5.037234247161609,11.147151743689381,18–20,True,-4.844967930275816
D3,2017-11-22 07:35:00.000000,1026,385.554018,384.6835395034722,0.8704784965277668,-5.052952281767011,5.923430778294778,18–20,True,-4.866652358990015
D3,2017-11-22 07:40:03.000000,1026,379.043055,384.56499884083047,-5.521943840830488,-5.066481532204674,-0.4554623086258145,18–20,True,-4.886491621205751
D3,2017-11-22 07:45:02.000000,1026,386.228021,384.5176794583333,1.7103415416667076,-5.077286473401504,6.787628015068211,18–20,True,-4.903721154484879
D3,2017-11-22 07:50:02.000000,1026,389.552418,384.5140622847223,5.038355715277703,-5.085580895208314,10.123936610486016,18–20,True,-4.918656139044709
D3,2017-11-22 07:55:03.000000,1026,377.311796,384.44232631707314,-7.130530317073124,-5.0913353231261596,-2.039194993946964,18–20,True,-4.931265871947939
D3,2017-11-22 08:00:01.000000,1026,380.758826,384.43028145486113,-3.671455454861132,-5.094496100518454,1.4230406456573226,18–20,True,-4.9414004606925115
D3,2017-11-22 08:05:03.000000,1026,386.8103,384.3900129513889,2.420287048611101,-5.095123146491856,7.515410195102957,18–20,True,-4.949281214270203
D3,2017-11-22 08:10:04.000000,1026,384.726741,384.3717763910035,0.35496460899651083,-5.093167354182251,5.448131963178762,18–20,True,-4.954738248011824
D3,2017-11-22 08:15:00.000000,1026,388.280983,384.3314991041667,3.949483895833282,-5.088732314431519,9.038216210264801,18–20,True,-4.957767752977511
D3,2017-11-22 08:20:00.000000,1026,389.368703,384.30692341319445,5.061779586805528,-5.0816980447821205,10.143477631587649,18–20,True,-4.958472256910477
D3,2017-11-22 08:25:03.000000,1026,388.311536,384.3184132986111,3.99312270138887,-5.0720020220751705,9.065124723464042,18–20,True,-4.956765807154454
D3,2017-11-22 08:30:00.000000,1026,375.5041,384.3184132986111,-8.814313298611125,-5.059975062199818,-3.754338236411307,18–20,True,-4.952735615836369
D3,2017-11-22 08:35:03.000000,1026,382.398094,384.31170627177704,-1.9136122717770263,-5.045137086667234,3.1315248148902075,18–20,True,-4.946220810368491
D3,2017-11-22 08:40:05.000000,1026,384.558112,384.32516953124997,0.232942468750025,-5.027774298537656,5.260716767287681,18–20,True,-4.937315408503407
D3,2017-11-22 08:45:00.000000,1026,377.173942,384.32516953124997,-7.151227531249958,-5.008341102163728,-2.1428864290862304,18–20,True,-4.9262955037523355
D3,2017-11-22 08:50:03.000000,1026,377.37319,384.3716608263889,-6.998470826388882,-4.985846201191755,-2.0126246251971267,18–20,True,-4.912594271485295
D3,2017-11-22 08:55:00.000000,1026,380.26865,384.3716608263889,-4.103010826388925,-4.961314361890199,0.8583035355012747,18–20,True,-4.896827593852939
D3,2017-11-22 09:00:03.000000,1026,380.314579,384.4336316770833,-4.119052677083346,-4.933766350232991,0.8147136731496456,18–20,True,-4.8783661145715485
D3,2017-11-22 09:05:03.000000,1026,382.076413,384.4130175605536,-2.33660456055361,-4.903996039075194,2.567391478521584,18–20,True,-4.85773164905833
D3,2017-11-22 09:10:00.000000,1026,391.942549,384.4363975416667,7.506151458333306,-4.872091859008643,12.37824331734195,18–20,True,-4.835004187482107
D3,2017-11-22 09:15:02.000000,1026,374.508305,384.458446799308,-9.950141799307971,-4.837185180241869,-5.112956619066102,18–20,True,-4.809559196351829
D3,2017-11-22 09:20:01.000000,1026,381.586059,384.40256523958334,-2.8165062395833615,-4.800192647385566,1.983686407802204,18–20,True,-4.782059518847342
D3,2017-11-22 09:25:02.000000,1026,398.867118,384.40793772569447,14.459180274305538,-4.760525629328788,19.219705903634328,18–20,True,-4.752070080664033
D3,2017-11-22 09:30:03.000000,1026,384.542891,384.42171497569444,0.12117602430555507,-4.718442442874135,4.83961846717969,18–20,True,-4.719781478748118
D3,2017-11-22 09:35:03.000000,1026,381.984466,384.4630587439446,-2.4785927439446027,-4.674114966171729,2.195522222227126,18–20,True,-4.685327804423567
D3,2017-11-22 09:40:04.000000,1026,381.080551,384.4261836875,-3.345632687499972,-4.627268932905861,1.2816362454058892,18–20,True,-4.6484958833113605
D3,2017-11-22 09:45:03.000000,1026,383.470503,384.44052907266433,-0.9700260726643251,-4.578405189115025,3.6083791164507,18–20,True,-4.609681484247009
D3,2017-11-22 09:50:01.000000,1026,371.55145,384.4087356423611,-12.857285642361092,-4.527418293396064,-8.329867348965028,18–20,True,-4.56880651494518
D3,2017-11-22 09:55:03.000000,1026,377.694848,384.4679879965398,-6.77313999653984,-4.473442665297624,-2.299697331242216,18–20,True,-4.525171644359764
D3,2017-11-22 10:00:04.000000,1026,374.155871,384.45629080208334,-10.300419802083354,-4.417363330396606,-5.883056471686748,18–20,True,-4.479487146817641
D3,2017-11-22 10:05:03.000000,1026,376.607129,384.51310226388887,-7.905973263888882,-4.359427196849291,-3.546546067039591,18–20,True,-4.43195915404528
D3,2017-11-22 10:10:04.000000,1026,382.413403,384.50616597560975,-2.0927629756097303,-4.298886989067614,2.2061240134578837,18–20,True,-4.3819746374097
D3,2017-11-22 10:15:01.000000,1026,382.489996,384.4953886597222,-2.0053926597221903,-4.236999746767452,2.231607087045262,18–20,True,-4.330574525924979
D3,2017-11-22 10:20:05.000000,1026,372.225587,384.56338922648087,-12.337802226480846,-4.171470837989033,-8.166331388491813,18–20,True,-4.275848563610081
D3,2017-11-22 10:25:03.000000,1026,390.073369,384.597178912892,5.476190087108023,-4.105122385413785,9.581312472521809,18–20,True,-4.220152191458848
D3,2017-11-22 10:30:01.000000,1026,373.052931,384.5894368055556,-11.536505805555578,-4.036713476697262,-7.499792328858316,18–20,True,-4.1624520558740175
D3,2017-11-22 10:35:02.000000,1026,392.861684,384.6029475659722,8.25873643402781,-3.96555693779558,12.22429337182339,18–20,True,-4.102164525763158
D3,2017-11-22 10:40:02.000000,1026,381.218405,384.6702384375,-3.4518334374999995,-3.892611612499649,0.44077817499964933,18–20,True,-4.040099370334588
D3,2017-11-22 10:45:04.000000,1026,385.140301,384.7730644425087,0.3672365574913101,-3.817173088429326,4.184409645920637,18–20,True,-3.9756559679331493
D3,2017-11-22 10:50:02.000000,1026,381.325661,384.76976546527777,-3.4441044652777464,-3.7407954415830753,0.2966909763053289,18–20,True,-3.9101643647270654
D3,2017-11-22 10:55:01.000000,1026,380.682233,384.76976546527777,-4.087532465277775,-3.6622626536928964,-0.42526981158487853,18–20,True,-3.842585476056981
D3,2017-11-22 11:00:03.000000,1026,375.182441,384.78464840418116,-9.602207404181172,-3.581048945398509,-6.021158458782663,18–20,True,-3.7724621551144457
D3,2017-11-22 11:05:02.000000,1026,378.598741,384.7928518645833,-6.194110864583308,-3.4988061672258013,-2.695304697357507,18–20,True,-3.7012206789037827
D3,2017-11-22 11:10:05.000000,1026,384.987227,384.78162761458333,0.20559938541668998,-3.413639644161121,3.619239029577811,18–20,True,-3.6272186866181566
D3,2017-11-22 11:15:01.000000,1026,377.112681,384.78162761458333,-7.668946614583319,-3.3287076043117656,-4.340239010271554,18–20,True,-3.5532036854852844
D3,2017-11-22 11:20:02.000000,1026,388.495496,384.75481694791665,3.740679052083351,-3.2406253499474245,6.9813044020307755,18–20,True,-3.4762281972336204
D3,2017-11-22 11:25:04.000000,1026,388.679323,384.7804037326389,3.898919267361123,-3.1505541424056953,7.049473409766819,18–20,True,-3.3973007202249077
D3,2017-11-22 11:30:03.000000,1026,388.326867,384.7712065951557,3.555660404844275,-3.059746389172936,6.615406794017211,18–20,True,-3.3175207906554474
D3,2017-11-22 11:35:01.000000,1026,380.498339,384.7307205347222,-4.232381534722208,-2.96767013422558,-1.264711400496628,18–20,True,-3.236425122251686
D3,2017-11-22 11:40:02.000000,1026,382.183558,384.7292750622837,-2.5457170622836998,-2.873117676664173,0.3274006143804731,18–20,True,-3.1529480417461926
D3,2017-11-22 11:45:01.000000,1026,383.409243,384.730932625,-1.3216896249999763,-2.7776965431575924,1.456006918157616,18–20,True,-3.068507796375721
D3,2017-11-22 11:50:04.000000,1026,391.023146,384.714078825784,6.309067174216011,-2.679523190263753,8.988590364479764,18–20,True,-2.9814356530160673
D3,2017-11-22 11:55:03.000000,1026,373.236691,384.6687478263889,-11.432056826388873,-2.581235967171486,-8.850820859217388,18–20,True,-2.8940716225971963
D3,2017-11-22 12:00:02.000000,1026,393.336573,384.69454732291666,8.642025677083325,-2.4815948971179767,11.1236205742013,18–20,True,-2.8053173007266765
D3,2017-11-22 12:05:01.000000,1026,384.098622,384.6754322996516,-0.5768102996516404,-2.3806470882370445,1.803836788585404,18–20,True,-2.715214648520235
D3,2017-11-22 12:10:05.000000,1026,390.5791,384.65699284375,5.922107156249979,-2.2767206947109337,8.198827850960912,18–20,True,-2.6222668423222473
D3,2017-11-22 12:15:03.000000,1026,390.379829,384.65699284375,5.7228361562499686,-2.1736312562556375,7.896467412505606,18–20,True,-2.5298872610093195
D3,2017-11-22 12:20:03.000000,1026,369.360746,384.6465133541667,-15.285767354166694,-2.068685028675879,-13.217082325490814,18–20,True,-2.4356655942390852
D3,2017-11-22 12:25:01.000000,1026,380.896746,384.64507714583334,-3.7483311458333333,-1.9633305255933609,-1.7850006202399724,18–20,True,-2.3409023305657657
D3,2017-11-22 12:30:04.000000,1026,387.622223,384.57629729166666,3.045925708333357,-1.8551272992893477,4.901053007622704,18–20,True,-2.243399732420121
D3,2017-11-22 12:35:02.000000,1026,374.661535,384.57629729166666,-9.914762291666648,-1.747697090461993,-8.167065201204654,18–20,True,-2.146421372802161
D3,2017-11-22 12:40:01.000000,1026,367.997252,384.5877340208333,-16.590482020833292,-1.638948271504903,-14.951533749328389,18–20,True,-2.048082548945256
D3,2017-11-22 12:45:00.000000,1026,379.07354,384.5762970590278,-5.502757059027829,-1.529291098743543,-3.973465960284286,18–20,True,-1.9487533988966943
D3,2017-11-22 12:50:01.000000,1026,380.498339,384.5681573159722,-4.069818315972213,-1.4180354274528093,-2.651782888519404,18–20,True,-1.8478070945022464
D3,2017-11-22 12:55:04.000000,1026,373.696292,384.51808106574396,-10.821789065743928,-1.305217796588239,-9.516571269155689,18–20,True,-1.7452734312669256
D3,2017-11-22 13:00:03.000000,1026,367.87473,384.56445492334495,-16.689724923344954,-1.193133676843998,-15.496591246500957,18–20,True,-1.6432403012614778
D3,2017-11-22 13:05:03.000000,1026,359.893039,384.52415280139377,-24.63111380139378,-1.079973667652147,-23.551140133741633,18–20,True,-1.5400630396737418
D3,2017-11-22 13:10:01.000000,1026,364.182612,384.5049613472222,-20.3223493472222,-0.966926011055075,-19.355423336167124,18–20,True,-1.4368258813038906
D3,2017-11-22 13:15:00.000000,1026,371.383022,384.457565125,-13.074543124999991,-0.8529094110817848,-12.221633713918207,18–20,True,-1.3325421796064016
D3,2017-11-22 13:20:00.000000,1026,377.281176,384.4075624340278,-7.126386434027779,-0.7379721179622163,-6.388414316065563,18–20,True,-1.2272544495232114
D3,2017-11-22 13:25:00.000000,1026,364.933275,384.38096502083334,-19.447690020833363,-0.6225492010265381,-18.825140819806826,18–20,True,-1.1213604278981615
D3,2017-11-22 13:30:05.000000,1026,381.84659,384.29283910726645,-2.4462491072664534,-0.5047613667824029,-1.9414877404840505,18–20,True,-1.0131319278842477
D3,2017-11-22 13:35:04.000000,1026,357.886095,384.2463642195122,-26.36026921951219,-0.38891443243919643,-25.971354787072993,18–20,True,-0.9065261227757186
D3,2017-11-22 13:40:03.000000,1026,361.79266,384.2192541215278,-22.426594121527785,-0.27275013314135554,-22.15384398838643,18–20,True,-0.7994696945603721
D3,2017-11-22 13:45:02.000000,1026,369.851033,384.2570936794425,-14.406060679442533,-0.156323388846618,-14.249737290595915,18–20,True,-0.6920132571923112
D3,2017-11-22 13:50:04.000000,1026,369.728489,384.29016263541666,-14.56167363541664,-0.03851813755570266,-14.523155497860937,18–20,True,-0.5831243552291927
D3,2017-11-22 13:55:02.000000,1026,383.010902,384.29016263541666,-1.2792606354166765,0.07787872881388536,-1.3571393642305618,18–20,True,-0.47537974039648034
D3,2017-11-22 14:00:03.000000,1026,369.52933,384.25939013148786,-14.730060131487846,0.19554467409357112,-14.925604805581418,18–20,True,-0.36630176818976246
D3,2017-11-22 14:05:01.000000,1026,371.030699,384.28810825087106,-13.257409250871035,0.31207903015088645,-13.569488281021922,18–20,True,-0.25811589144680314
D3,2017-11-22 14:10:01.000000,1026,370.923376,384.26526822222223,-13.341892222222214,0.42938127579406027,-13.771273498016274,18–20,True,-0.1490594992181431
D3,2017-11-22 14:15:00.000000,1026,377.174009,384.2704286909722,-7.096419690972198,0.54622295195303,-7.642642642925228,18–20,True,-0.04027390685994403
D3,2017-11-22 14:20:05.000000,1026,363.830245,384.2007969895833,-20.370551989583305,0.6652803689616347,-21.03583235854494,18–20,True,0.070736642001759
D3,2017-11-22 14:25:04.000000,1026,375.504189,384.1973684532872,-8.6931794532872,0.7818131936713426,-9.474992646958544,18–20,True,0.17955220447027154
D3,2017-11-22 14:30:04.000000,1026,365.117168,384.13105896875,-19.01389096874999,0.8984983830728481,-19.91238935182284,18–20,True,0.2886684741697181
D3,2017-11-22 14:35:05.000000,1026,367.445838,384.1159975813149,-16.67015958131492,1.0152777458248017,-17.68543732713972,18–20,True,0.3980326244812735
D3,2017-11-22 14:40:04.000000,1026,378.338254,384.1067773101045,-5.768523310104513,1.1309336230809803,-6.899456933185493,18–20,True,0.506503517962491
D3,2017-11-22 14:45:03.000000,1026,372.10302,384.0344476236934,-11.931427623693367,1.2461883141407073,-13.177615937834073,18–20,True,0.6147569848259611
D3,2017-11-22 14:50:03.000000,1026,377.756042,384.0327392264808,-6.276697226480849,1.3613704468593948,-7.6380676733402435,18–20,True,0.7231024906453127
D3,2017-11-22 14:55:03.000000,1026,371.413619,384.00259384375,-12.588974843750009,1.4760390300333532,-14.065013873783363,18–20,True,0.8311260237339853
D3,2017-11-22 15:00:05.000000,1026,367.706124,383.97913510069446,-16.273011100694475,1.5908981289196986,-17.863909229614173,18–20,True,0.9394924703644114
D3,2017-11-22 15:05:04.000000,1026,380.05407,383.92370661111113,-3.8696366111111047,1.7039946728504822,-5.573631283961587,18–20,True,1.0463583473336413
D3,2017-11-22 15:10:05.000000,1026,379.012413,383.939345875,-4.926932875000034,1.8171687198153221,-6.744101594815357,18–20,True,1.1534615215887256
D3,2017-11-22 15:15:03.000000,1026,379.196218,383.94307770934256,-4.746859709342573,1.9284905574719935,-6.675350266814567,18–20,True,1.2589749736469769
D3,2017-11-22 15:20:04.000000,1026,383.148778,383.92828779238755,-0.7795097923875574,2.040148137753158,-2.8196579301407154,18–20,True,1.3649724957329241
D3,2017-11-22 15:25:01.000000,1026,392.800334,383.92227055555554,8.878063444444479,2.149496643534664,6.728566800909815,18–20,True,1.4689425098099944
D3,2017-11-22 15:30:02.000000,1026,377.633632,383.91237635069444,-6.278744350694467,2.2594289784530326,-8.538173329147499,18–20,True,1.5736356271431808
D3,2017-11-22 15:35:02.000000,1026,375.841112,383.85811796527776,-8.017005965277747,2.3680536025235916,-10.385059567801338,18–20,True,1.6772529902512938
D3,2017-11-22 15:40:02.000000,1026,380.421813,383.72778092334494,-3.3059679233449515,2.475685550389096,-5.781653473734048,18–20,True,1.780094256667526
D3,2017-11-22 15:45:02.000000,1026,389.506556,383.70289680555555,5.803659194444435,2.5822735950716957,3.2213855993727396,18–20,True,1.8821104795189356
D3,2017-11-22 15:50:02.000000,1026,370.494439,383.64805313541666,-13.15361413541666,2.6877670064349033,-15.841381141851564,18–20,True,1.9832531046086173
D3,2017-11-22 15:55:04.000000,1026,396.47721,383.5867733472222,12.890436652777794,2.7928072790890663,10.097629373688727,18–20,True,2.084138932533535
D3,2017-11-22 16:00:02.000000,1026,401.762533,383.60714282578397,18.155390174216052,2.8952696374849496,15.260120536731103,18–20,True,2.182725446552605
D3,2017-11-22 16:05:02.000000,1026,405.22494,383.58450957491294,21.64043042508706,2.9971800971577127,18.643250327929348,18–20,True,2.2809602253755306
D3,2017-11-22 16:10:03.000000,1026,408.580001,383.5645989477352,25.01540205226479,3.098131630658359,21.917270421606432,18–20,True,2.3784536499822053
D3,2017-11-22 16:15:03.000000,1026,388.786558,383.54837144250877,5.238186557491247,3.1974054427324208,2.040781114758826,18–20,True,2.4745115475500974
D3,2017-11-22 16:20:03.000000,1026,396.998094,383.49719406249994,13.500899937500037,3.2952918520430448,10.205608085456992,18–20,True,2.5694138965322244
D3,2017-11-22 16:25:02.000000,1026,403.953349,383.49719406249994,20.45615493750006,3.3914251948651746,17.064729742634885,18–20,True,2.6628052337678927
D3,2017-11-22 16:30:03.000000,1026,394.531527,383.4164200484429,11.115106951557095,3.4867167903588925,7.628390161198203,18–20,True,2.7555718467025034
D3,2017-11-22 16:35:01.000000,1026,397.855991,383.3505283044983,14.505462695501706,3.579546376685059,10.925916318816647,18–20,True,2.8461354316714713
D3,2017-11-22 16:40:01.000000,1026,403.279235,383.3532689094077,19.92596609059234,3.6714348320474697,16.25453125854487,18–20,True,2.9359787501481174
D3,2017-11-22 16:45:02.000000,1026,402.467244,383.3044265191638,19.162817480836168,3.7620084449488287,15.400809035887338,18–20,True,3.024739433617835
D3,2017-11-22 16:50:03.000000,1026,386.105544,383.2847291114982,2.8208148885017863,3.850914875855276,-1.0300999873534895,18–20,True,3.112073224941942
D3,2017-11-22 16:55:00.000000,1026,397.825305,383.275001375,14.550303625000026,3.9369641600648517,10.613339464935175,18–20,True,3.1968070253087424
D3,2017-11-22 17:00:00.000000,1026,397.227894,383.31127974305554,13.916614256944456,4.022151796732695,9.894462460211761,18–20,True,3.2809047626141226
D3,2017-11-22 17:05:03.000000,1026,402.268041,383.2573410833333,19.01069991666668,4.106384449314446,14.904315467352234,18–20,True,3.364280828449914
D3,2017-11-22 17:10:02.000000,1026,402.099613,383.2573410833333,18.842271916666675,4.187685287338635,14.65458662932804,18–20,True,3.444977380491185
D3,2017-11-22 17:15:02.000000,1026,408.380709,383.1931881875,25.187520812499997,4.26740236722991,20.920118445270088,18–20,True,3.524329036097712
D3,2017-11-22 17:20:04.000000,1026,400.874039,383.20334872569447,17.670690274305514,4.34573513854888,13.324955135756634,18–20,True,3.6025378256135108
D3,2017-11-22 17:25:02.000000,1026,410.602188,383.20334872569447,27.398839274305544,4.421109498662926,22.97772977564262,18–20,True,3.678029753451046
D3,2017-11-22 17:30:02.000000,1026,403.034102,383.1724718780488,19.861630121951237,4.495026393934852,15.366603728016385,18–20,True,3.7523056619807917
D3,2017-11-22 17:35:04.000000,1026,409.91272,383.08898065625,26.823739343749992,4.567410896537334,22.25632844721266,18–20,True,3.82529527963246
D3,2017-11-22 17:40:04.000000,1026,398.775171,383.0629154479167,15.71225555208332,4.6372698580074605,11.07498569407586,18–20,True,3.8959971554880637
D3,2017-11-22 17:45:03.000000,1026,393.413165,383.0542445069444,10.358920493055564,4.704833643960998,5.654086849094566,18–20,True,3.964640446474649
D3,2017-11-22 17:50:02.000000,1026,423.624204,383.0460370865052,40.57816691349484,4.7703065814097245,35.80786033208511,18–20,True,4.031431378810941
D3,2017-11-22 17:55:01.000000,1026,399.633045,382.975851550173,16.65719344982699,4.833657716170818,11.823535733656172,18–20,True,4.096338375194762
D3,2017-11-22 18:00:00.000000,1026,402.589788,382.9696655243055,19.620122475694473,4.894857097203688,14.725265378490786,18–20,False,4.159330749007933
D3,2017-11-22 18:05:00.000000,1026,403.846137,382.9508345069445,20.89530249305551,4.954069487321473,15.941233005734038,18–20,False,4.2205795976531615
D3,2017-11-22 18:10:05.000000,1026,404.121844,382.8510951493056,21.270748850694417,5.011989219122853,16.258759631571564,18–20,False,4.280812575584694
D3,2017-11-22 18:15:03.000000,1026,397.442385,382.8356390934256,14.606745906574417,5.066332633269912,9.540413273304505,18–20,False,4.337651549185344
D3,2017-11-22 18:20:01.000000,1026,408.350201,382.8588615486111,25.49133945138891,5.11842939296316,20.372910058425752,18–20,False,4.392475359333188
D3,2017-11-22 18:25:03.000000,1026,398.836476,382.8220508229167,16.014425177083297,5.168908277951116,10.84551689913218,18–20,False,4.445952759427498
D3,2017-11-22 18:30:02.000000,1026,392.06507,382.82976421527775,9.235305784722243,5.216563952750907,4.018741831971336,18–20,False,4.496808663377616
D3,2017-11-22 18:35:00.000000,1026,399.69444,382.8111994548611,16.883240545138904,5.261739174499851,11.621501370639052,18–20,False,4.54540109351008
D3,2017-11-22 18:40:01.000000,1026,400.062005,382.83598793402774,17.226017065972258,5.304995259142635,11.921021806829621,18–20,False,4.592337896262625
D3,2017-11-22 18:45:04.000000,1026,393.765599,382.852406369338,10.913192630662024,5.346108213422735,5.56708441723929,18–20,False,4.637386801371351
D3,2017-11-22 18:50:03.000000,1026,397.01327,382.88096449477354,14.13230550522644,5.384268464488911,8.748037040737529,18–20,False,4.679656158284831
D3,2017-11-22 18:55:03.000000,1026,387.40771,382.81459340138406,4.59311659861595,5.420132137847039,-0.8270155392310894,18–20,False,4.7198654593225875
D3,2017-11-22 19:00:00.000000,1026,394.623384,382.82556152430556,11.797822475694431,5.453228484616972,6.34459399107746,18–20,False,4.75748176417488
D3,2017-11-22 19:05:04.000000,1026,373.405298,382.76423383391,-9.358935833909982,5.484606736459413,-14.843542570369394,18–20,False,4.79370870996381
D3,2017-11-22 19:10:02.000000,1026,369.575259,382.7630050034722,-13.18774600347217,5.512898096951108,-18.70064410042328,18–20,False,4.8269689808919205
D3,2017-11-22 19:15:03.000000,1026,383.807427,382.8294980347222,0.9779289652778402,5.538980639060054,-4.561051673782214,18–20,False,4.858285064790455
D3,2017-11-22 19:20:02.000000,1026,390.257241,382.75050432986114,7.506736670138878,5.56239637514144,1.9443402949974375,18–20,False,4.887110638070171
D3,2017-11-22 19:25:02.000000,1026,385.385545,382.730307083045,2.655237916955002,5.583381590638339,-2.928143673683337,18–20,False,4.913732627587086
D3,2017-11-22 19:30:03.000000,1026,376.239408,382.7493374290658,-6.509929429065778,5.6019011195131,-12.111830548578878,18–20,False,4.938115262833533
D3,2017-11-22 19:35:01.000000,1026,370.877447,382.7115367317073,-11.834089731707309,5.6177253529125135,-17.451815084619824,18–20,False,4.959946202243002
D3,2017-11-22 19:40:02.000000,1026,376.178169,382.7018841493056,-6.523715149305588,5.631165304944667,-12.154880454250254,18–20,False,4.979654517479044
D3,2017-11-22 19:45:04.000000,1026,393.152723,382.6492221388889,10.503500861111092,5.642074376709902,4.86142648440119,18–20,False,4.997052968976337
D3,2017-11-22 19:50:03.000000,1026,387.698905,382.6251691916376,5.0737358083624144,5.650328428641631,-0.5765926202792162,18–20,False,5.011926412300022
D3,2017-11-22 19:55:04.000000,1026,380.973406,382.6029632334495,-1.629557233449475,5.6560743067295896,-7.285631540179065,18–20,False,5.024528230916925
D3,2017-11-22 20:00:02.000000,1026,382.306124,382.6271444599303,-0.3210204599303097,5.659226612494329,-5.980247072424639,18–20,True,5.034654966344609
D3,2017-11-22 20:05:00.000000,1026,374.829985,382.64757353125,-7.817588531249953,5.659853828166151,-13.477442359416104,18–20,True,5.042439210671181
D3,2017-11-22 20:10:03.000000,1026,379.119647,382.65874366782003,-3.539096667820047,5.657902272574252,-9.196998940394298,18–20,True,5.047948522617312
D3,2017-11-22 20:15:01.000000,1026,381.478936,382.63194841811844,-1.1530124181184647,5.653437267507579,-6.806449685626044,18–20,True,5.050998496412715
D3,2017-11-22 20:20:02.000000,1026,381.923227,382.5840133344948,-0.6607863344947873,5.646366734296089,-6.307153068790877,18–20,True,5.051693398040823
D3,2017-11-22 20:25:02.000000,1026,383.240614,382.5926769340278,0.6479370659722008,5.636762456493323,-4.988825390521122,18–20,True,5.049999873263153
D3,2017-11-22 20:30:01.000000,1026,389.016336,382.592447923345,6.423888076655032,5.624654510169503,0.7992335664855297,18–20,True,5.045942543675307
D3,2017-11-22 20:35:03.000000,1026,391.865867,382.57650615625,9.28936084374999,5.609861242450032,3.6794996012999572,18–20,True,5.039445248499142
D3,2017-11-22 20:40:04.000000,1026,386.565123,382.6132080103806,3.951914989619411,5.59256017822606,-1.6406451886066495,18–20,True,5.030573304051889
D3,2017-11-22 20:45:02.000000,1026,389.613791,382.62538348780487,6.988407512195124,5.572925187019493,1.4154823251756312,18–20,True,5.019437413771554
D3,2017-11-22 20:50:02.000000,1026,389.047,382.6690650902778,6.377934909722228,5.55064881074693,0.8272860989752981,18–20,True,5.005867892263349
D3,2017-11-22 20:55:01.000000,1026,390.47171,382.67806926480836,7.793640735191616,5.525951780361343,2.267688954830273,18–20,True,4.989995045886871
D3,2017-11-22 21:00:01.000000,1026,392.968874,382.6891191423611,10.27975485763892,5.498680659358188,4.7810741982807325,18–20,True,4.971720260597147
D3,2017-11-22 21:05:00.000000,1026,378.476152,382.7395474097222,-4.263395409722193,5.469030141265261,-9.732425550987454,18–20,True,4.951174003433554
D3,2017-11-22 21:10:04.000000,1026,381.34106,382.68156499305553,-1.3405049930555037,5.436369884725287,-6.776874877780791,18–20,True,4.927906965982114
D3,2017-11-22 21:15:00.000000,1026,390.778058,382.68156499305553,8.096493006944456,5.402148647407947,2.694344359536509,18–20,True,4.902959862769903
D3,2017-11-22 21:20:03.000000,1026,374.9066,382.7031574878049,-7.796557487804876,5.3646612510603955,-13.161218738865271,18–20,True,4.875092311390141
D3,2017-11-22 21:25:02.000000,1026,390.395184,382.71332233333334,7.681861666666634,5.325249785111585,2.3566118815550494,18–20,True,4.845294518794683
D3,2017-11-22 21:30:04.000000,1026,384.190569,382.6476270625,1.5429419374999611,5.2830227826242915,-3.7400808451243304,18–20,True,4.812894830792043
D3,2017-11-22 21:35:02.000000,1026,389.93556,382.6476270625,7.287932937499988,5.23899081082881,2.0489421266711787,18–20,True,4.778670838610079
D3,2017-11-22 21:40:01.000000,1026,387.530298,382.65831926388887,4.871978736111146,5.192471636588735,-0.32049290047758916,18–20,True,4.742098545801614
D3,2017-11-22 21:45:01.000000,1026,388.572,382.60801365051907,5.963986349480933,5.143463853468191,0.8205224960127424,18–20,True,4.703172884777922
D3,2017-11-22 21:50:01.000000,1026,393.872722,382.6050188958333,11.267703104166685,5.092142449178864,6.175560654987821,18–20,True,4.662030953075831
D3,2017-11-22 21:55:01.000000,1026,388.633283,382.66890569444445,5.9643773055555585,5.038531849929635,0.9258454556259235,18–20,True,4.618692332026592
D3,2017-11-22 22:00:02.000000,1026,383.133469,382.70858860416666,0.42488039583332693,4.98246756789076,-4.557587172057433,18–20,True,4.5730223178981335
D3,2017-11-22 22:05:02.000000,1026,404.397596,382.7620619446367,21.635534055363337,4.924348792044102,16.711185263319237,18–20,True,4.525346090390945
D3,2017-11-22 22:10:04.000000,1026,381.402299,382.78490938408305,-1.3826103840830228,4.863611144850412,-6.246221528933435,18–20,True,4.475199075540351
D3,2017-11-22 22:15:04.000000,1026,403.75419,382.7983808263889,20.9558091736111,4.80108797459258,16.15472119901852,18–20,True,4.423269313312474
D3,2017-11-22 22:20:05.000000,1026,393.658342,382.82270566435983,10.835636335640174,4.736194993771831,6.099441341868343,18–20,True,4.369073001740731
D3,2017-11-22 22:25:03.000000,1026,382.367452,382.85950121527776,-0.4920492152777456,4.669846541196583,-5.161895756474329,18–20,True,4.313376629589497
D3,2017-11-22 22:30:02.000000,1026,395.174888,382.83100257142854,12.343885428571468,4.60120463948937,7.742680789082098,18–20,True,4.255479526288838
D3,2017-11-22 22:35:02.000000,1026,404.366976,382.8481710347222,21.51880496527781,4.530281093578378,16.98852387169943,18–20,True,4.195388963893808
D3,2017-11-22 22:40:02.000000,1026,395.481304,382.8368067577855,12.644497242214527,4.457335768282446,8.18716147393208,18–20,True,4.133323808465239
D3,2017-11-22 22:45:04.000000,1026,375.703259,382.82456169896193,-7.121302698961927,4.381897244212124,-11.50319994317405,18–20,True,4.0688804060637995
D3,2017-11-22 22:50:00.000000,1026,396.232077,382.81652093749994,13.415556062500059,4.30603853722506,9.109517525274999,18–20,True,4.003834572386091
D3,2017-11-22 22:55:03.000000,1026,385.753199,382.7907216736111,2.962477326388921,4.2264551857050865,-1.2639778593161655,18–20,True,3.935351654653928
D3,2017-11-22 23:00:03.000000,1026,387.147245,382.7907216736111,4.356523326388924,4.145773101181308,0.2107502252076161,18–20,True,3.865686593245097
D3,2017-11-22 23:05:04.000000,1026,385.707226,382.8631189305555,2.844107069444476,4.062974141500333,-1.2188670720558568,18–20,True,3.7939625816954963
D3,2017-11-22 23:10:04.000000,1026,381.846523,382.8631189305555,-1.0165959305555248,3.978647851934328,-4.995243782489853,18–20,True,3.7206903094156303
D3,2017-11-22 23:15:05.000000,1026,376.300646,382.87498146875004,-6.574335468750064,3.892272482488098,-10.466607951238162,18–20,True,3.6454164206619137
D3,2017-11-22 23:20:04.000000,1026,382.689177,382.854873875,-0.16569687500003738,3.804758549333301,-3.9704554243333385,18–20,True,3.568935484206773
D3,2017-11-22 23:25:04.000000,1026,379.472014,382.86331252249136,-3.391298522491354,3.715278298188493,-7.106576820679847,18–20,True,3.490525158355558
D3,2017-11-22 23:30:02.000000,1026,381.065286,382.8431180416667,-1.7778320416666702,3.6247769073877913,-5.4026089490544615,18–20,True,3.4110147233140458
D3,2017-11-22 23:35:02.000000,1026,379.027678,382.82689371428575,-3.799215714285765,3.532082715426973,-7.331298429712739,18–20,True,3.329374810195219
D3,2017-11-22 23:40:01.000000,1026,392.279428,382.8448738993056,9.434554100694413,3.438158488561446,5.996395612132967,18–20,True,3.2464523727495522
D3,2017-11-22 23:45:04.000000,1026,394.163739,382.84184146527775,11.321897534722268,3.3414558895887088,7.98044164513356,18–20,True,3.1608774780561353
D3,2017-11-22 23:50:04.000000,1026,371.658751,382.84184146527775,-11.183090465277758,3.244247346046554,-14.427337811324312,18–20,True,3.07466009114672
D3,2017-11-22 23:55:03.000000,1026,387.806139,382.8595491730104,4.946589826989566,3.1459601229542833,1.8006297040352828,18–20,True,2.987296060727846
D3,2017-11-22 00:00:04.000000,1026,384.328378,387.88632614930555,-3.5579481493055596,3.0456481049861552,-6.603596254291714,20–22,True,3.584365096141348
D3,2017-11-22 00:05:00.000000,1026,385.048399,387.88632614930555,-2.8379271493055285,2.945710987212034,-5.783638136517562,20–22,True,3.4759615677910167
D3,2017-11-22 00:10:04.000000,1026,389.337994,387.92226327526134,1.415730724738637,2.8417887919182725,-1.4260580671796355,20–22,True,3.3632068577388368
D3,2017-11-22 00:15:04.000000,1026,378.322989,387.96414990277776,-9.641160902777756,2.738007505388194,-12.379168408165949,20–22,True,3.2505770710046176
D3,2017-11-22 00:20:03.000000,1026,386.488508,387.96414990277776,-1.4756419027777383,2.6334091844586762,-4.1090510872364145,20–22,True,3.137033277631694
D3,2017-11-22 00:25:03.000000,1026,379.042988,387.84120193425605,-8.798213934256069,2.527343985788475,-11.325557920044544,20–22,True,3.0218700582843887
D3,2017-11-22 00:30:00.000000,1026,383.255968,387.8230249444444,-4.567056944444403,2.421286756211659,-6.988343700656062,20–22,True,2.906689036009502
D3,2017-11-22 00:35:04.000000,1026,374.15596,387.78061111418685,-13.624651114186861,2.3116969607819664,-15.936348074968826,20–22,True,2.787644561654947
D3,2017-11-22 00:40:04.000000,1026,385.416142,387.7668513125,-2.350709312500044,2.202576612995938,-4.553285925495982,20–22,True,2.6690835203282792
D3,2017-11-22 00:45:03.000000,1026,387.070786,387.6957832465278,-0.624997246527812,2.092910588313406,-2.717907834841218,20–22,True,2.549903617376387
D3,2017-11-22 00:50:02.000000,1026,379.089028,387.66657913194445,-8.57755113194446,1.9823885756184345,-10.559939707562895,20–22,True,2.4297677503473647
D3,2017-11-22 00:55:05.000000,1026,380.559734,387.6276405208334,-7.0679065208333895,1.8695683105941925,-8.937474831427583,20–22,True,2.3071076840034
D3,2017-11-22 01:00:02.000000,1026,375.167131,387.6276405208334,-12.460509520833398,1.7582338881598738,-14.218743408993271,20–22,True,2.186037803914855
D3,2017-11-22 01:05:00.000000,1026,380.498428,387.54066755208333,-7.042239552083345,1.6458327231159595,-8.688072275199303,20–22,True,2.0637829500138216
D3,2017-11-22 01:10:03.000000,1026,386.657114,387.37698854861105,-0.7198745486110738,1.5308894162120736,-2.2507639648231477,20–22,True,1.9387376281511834
D3,2017-11-22 01:15:04.000000,1026,383.485858,387.32164610380624,-3.8357881038062374,1.4161045025083805,-5.251892606314618,20–22,True,1.813839338875455
D3,2017-11-22 01:20:01.000000,1026,392.739096,387.30356937716266,5.435526622837358,1.3023123069057385,4.133214315931619,20–22,True,1.6899966648631322
D3,2017-11-22 01:25:02.000000,1026,385.783841,387.29240903125,-1.508568031249979,1.1865023643400563,-2.6950703955900353,20–22,True,1.5639332474713104
D3,2017-11-22 01:30:05.000000,1026,391.498213,387.26371541463413,4.234497585365887,1.0694855225652018,3.1650120628006846,20–22,True,1.4365309834117705
D3,2017-11-22 01:35:01.000000,1026,390.425758,387.2449059513889,3.1808520486110865,0.9548025999148992,2.2260494486961875,20–22,True,1.3116455586433085
D3,2017-11-22 01:40:03.000000,1026,374.033349,387.19159910452964,-13.158250104529657,0.8374742889241547,-13.995724393453811,20–22,True,1.183854815743958
D3,2017-11-22 01:45:01.000000,1026,376.545912,387.10340834375,-10.557496343750017,0.7214373081106191,-11.278933651860637,20–22,True,1.0574462760584806
D3,2017-11-22 01:50:01.000000,1026,381.049932,387.0697895243055,-6.0198575243055075,0.6044133993738083,-6.624270923679315,20–22,True,0.9299382912052443
D3,2017-11-22 01:55:02.000000,1026,384.803289,387.0335948118467,-2.2303058118466765,0.48684542696891375,-2.7171512388155903,20–22,True,0.8018130365891443
D3,2017-11-22 02:00:05.000000,1026,378.966462,386.95978346874995,-7.9933214687499685,0.36839744660702856,-8.361718915356997,20–22,True,0.6727040348000268
D3,2017-11-22 02:05:00.000000,1026,381.310218,386.95978346874995,-5.649565468749927,0.253036187789609,-5.902601656539536,20–22,True,0.5469357723727848
D3,2017-11-22 02:10:02.000000,1026,374.983149,386.8619391487889,-11.87879014878888,0.13495195850422226,-12.013742107293103,20–22,True,0.41817457305758543
D3,2017-11-22 02:15:01.000000,1026,396.232122,386.83320775778543,9.398914242214573,0.018110607521236055,9.380803634693336,20–22,True,0.29074438726328555
D3,2017-11-22 02:20:04.000000,1026,384.236542,386.8403606968641,-2.6038186968640957,-0.10016613680610931,-2.5036525600579864,20–22,True,0.1617241009480752
D3,2017-11-22 02:25:04.000000,1026,386.672379,386.75281789198607,-0.08043889198609122,-0.21708903788854483,0.1366501459024536,20–22,True,0.03415618614780813
D3,2017-11-22 02:30:03.000000,1026,386.120809,386.71376015277775,-0.5929511527777436,-0.3333857329582868,-0.2595654198194568,20–22,True,-0.09275275235386449
D3,2017-11-22 02:35:05.000000,1026,384.757315,386.63543632055746,-1.8781213205574545,-0.4505535900420048,-1.4275677305154497,20–22,True,-0.2206369639828143
D3,2017-11-22 02:40:02.000000,1026,386.120898,386.5688057708333,-0.4479077708332966,-0.5654371213190341,0.11752935048573754,20–22,True,-0.3460521109126917
D3,2017-11-22 02:45:02.000000,1026,392.524605,386.5374743888889,5.987130611111127,-0.6810794202994153,6.668210031410542,20–22,True,-0.4723200082708767
D3,2017-11-22 02:50:00.000000,1026,382.091745,386.44693709722225,-4.355192097222243,-0.7954969206553337,-3.5596951765669096,20–22,True,-0.5972749555402426
D3,2017-11-22 02:55:03.000000,1026,386.779636,386.3874869686411,0.39214903135888335,-0.9113148742505528,1.3034639056094361,20–22,True,-0.7237843523329088
D3,2017-11-22 03:00:02.000000,1026,394.255775,386.2550518466899,8.000723153310105,-1.025036000823206,9.025759154133311,20–22,True,-0.8480281999498578
D3,2017-11-22 03:05:01.000000,1026,383.807583,386.19064584722224,-2.38306284722222,-1.138139017979611,-1.2449238292426092,20–22,True,-0.971621543280357
D3,2017-11-22 03:10:00.000000,1026,377.710203,386.12628046875,-8.416077468750018,-1.2505704530697388,-7.165507015680279,20–22,True,-1.0945059500760017
D3,2017-11-22 03:15:03.000000,1026,377.81737,386.0626709268293,-8.245300926829316,-1.3637664016891944,-6.881534525140122,20–22,True,-1.2182515381236998
D3,2017-11-22 03:20:04.000000,1026,385.661252,385.95238833797913,-0.2911363379791396,-1.4754239819703572,1.1842876439912176,20–22,True,-1.34034105649748
D3,2017-11-22 03:25:03.000000,1026,373.89554,385.93781290972225,-12.042272909722271,-1.5855059460370473,-10.456766963685224,20–22,True,-1.4607332637241952
D3,2017-11-22 03:30:02.000000,1026,386.672357,385.93781290972225,0.7345440902777227,-1.6947048226702353,2.429248912947958,20–22,True,-1.5801852930176459
D3,2017-11-22 03:35:04.000000,1026,398.836409,385.7817408298611,13.054668170138882,-1.804050337104477,14.85871850724336,20–22,True,-1.6998239449080614
D3,2017-11-22 03:40:00.000000,1026,395.312831,385.7817408298611,9.531090170138896,-1.9102472481199877,11.441337418258883,20–22,True,-1.8160433917000018
D3,2017-11-22 03:45:03.000000,1026,369.299596,385.63657280902777,-16.33697680902776,-2.0179029303418177,-14.319073878685943,20–22,True,-1.93388597024266
D3,2017-11-22 03:50:01.000000,1026,388.985739,385.63657280902777,3.349166190972255,-2.1226930799129096,5.471859270885165,20–22,True,-2.048618456671873
D3,2017-11-22 03:55:02.000000,1026,395.205552,385.54720593055555,9.658346069444463,-2.227391419545624,11.885737488990086,20–22,True,-2.1632774698687145
D3,2017-11-22 04:00:01.000000,1026,377.740733,385.5207686875,-7.780035687500003,-2.330203673476647,-5.4498320140233565,20–22,True,-2.275898168446547
D3,2017-11-22 04:05:00.000000,1026,392.218256,385.5394396875,6.6788163124999755,-2.431780763062717,9.110597075562692,20–22,True,-2.3871932968287215
D3,2017-11-22 04:10:02.000000,1026,379.701815,385.54991902430555,-5.848104024305542,-2.533074294704557,-3.315029729600985,20–22,True,-2.4982059223070627
D3,2017-11-22 04:15:01.000000,1026,387.223905,385.4944435400697,1.7294614599302918,-2.632024003244642,4.361485463174933,20–22,True,-2.6066780976996435
D3,2017-11-22 04:20:02.000000,1026,385.171032,385.50587449305556,-0.3348424930555325,-2.73024376455278,2.3954012714972475,20–22,True,-2.7143788671305886
D3,2017-11-22 04:25:03.000000,1026,384.435612,385.4638512222222,-1.0282392222222256,-2.827020114178095,1.7987808919558694,20–22,True,-2.8205261877720087
D3,2017-11-22 04:30:04.000000,1026,391.942437,385.4127315104167,6.529705489583307,-2.9223066842513816,9.452012173834689,20–22,True,-2.925069201897822
D3,2017-11-22 04:35:01.000000,1026,396.55378,385.4127315104167,11.14104848958334,-3.014822220902259,14.1558707104856,20–22,True,-3.02660159133265
D3,2017-11-22 04:40:00.000000,1026,369.360723,385.3740061527778,-16.013283152777774,-3.1064070367249803,-12.906876116052793,20–22,True,-3.1271427274902712
D3,2017-11-22 04:45:01.000000,1026,394.745995,385.3378869548611,9.408108045138874,-3.19698611654767,12.605094161686544,20–22,True,-3.2266108771475235
D3,2017-11-22 04:50:00.000000,1026,374.676867,385.3262370486111,-10.649370048611104,-3.2853129749556818,-7.364057073655422,20–22,True,-3.3236372297798105
D3,2017-11-22 04:55:01.000000,1026,368.61015,385.28297324221455,-16.672823242214577,-3.3725268751517437,-13.300296367062833,20–22,True,-3.419473256969403
D3,2017-11-22 05:00:02.000000,1026,383.02619,385.1841619550173,-2.157971955017331,-3.4579896304287057,1.3000176754113748,20–22,True,-3.513418007743482
D3,2017-11-22 05:05:00.000000,1026,375.825802,385.07095665625,-9.245154656250008,-3.540835340257901,-5.704319315992107,20–22,True,-3.604519141200658
D3,2017-11-22 05:10:02.000000,1026,385.125036,385.0094346376307,0.1156013623693184,-3.622961131555837,3.7385624939251554,20–22,True,-3.694863000440743
D3,2017-11-22 05:15:01.000000,1026,387.162666,384.987068728223,2.175597271777008,-3.702415617586281,5.878012889363289,20–22,True,-3.7823031040120094
D3,2017-11-22 05:20:03.000000,1026,384.665413,385.06829664583336,-0.4028836458333558,-3.7807548161217914,3.3778711702884356,20–22,True,-3.868551858123203
D3,2017-11-22 05:25:05.000000,1026,381.356325,385.056008375,-3.6996833749999496,-3.8571343218511047,0.15745094685115513,20–22,True,-3.952680152524822
D3,2017-11-22 05:30:01.000000,1026,392.417415,385.056008375,7.361406625000029,-3.930059159747347,11.291465784747377,20–22,True,-4.0330402190246435
D3,2017-11-22 05:35:02.000000,1026,384.006675,384.91046766898955,-0.9037926689895812,-4.00221413336668,3.0984214643770986,20–22,True,-4.112590404355464
D3,2017-11-22 05:40:03.000000,1026,387.22386,384.99728104513883,2.226578954861168,-4.072316263805489,6.298895218666657,20–22,True,-4.189917224228787
D3,2017-11-22 05:45:02.000000,1026,377.55695,384.94961864583337,-7.392668645833396,-4.139886989515712,-3.2527816563176843,20–22,True,-4.264492388665033
D3,2017-11-22 05:50:03.000000,1026,390.379763,384.9463735798611,5.433389420138951,-4.205797855605717,9.639187275744668,20–22,True,-4.3372777878775635
D3,2017-11-22 05:55:04.000000,1026,384.757427,384.91121208333334,-0.1537850833333323,-4.2695583366731915,4.115773253339859,20–22,True,-4.407732168520532
D3,2017-11-22 06:00:03.000000,1026,378.568188,384.84652721180555,-6.27833921180553,-4.330735979882199,-1.9476032319233312,20–22,True,-4.475377227942592
D3,2017-11-22 06:05:03.000000,1026,386.136119,384.9122698062284,1.2238491937716276,-4.389926272950634,5.613775466722261,20–22,True,-4.540871174037135
D3,2017-11-22 06:10:02.000000,1026,390.962019,384.85541102083334,6.106607979166654,-4.4467066455350395,10.553314624701693,20–22,True,-4.60374643352718
D3,2017-11-22 06:15:04.000000,1026,376.147572,384.81780307291666,-8.670231072916636,-4.501787069712316,-4.1684440032043195,20–22,True,-4.664789688445094
D3,2017-11-22 06:20:03.000000,1026,396.155529,384.85323113541665,11.302297864583352,-4.5540472342744875,15.85634509885784,20–22,True,-4.7227593462708946
D3,2017-11-22 06:25:04.000000,1026,376.34662,384.90161606574395,-8.554996065743978,-4.604347368938352,-3.9506486968056267,20–22,True,-4.778609345761138
D3,2017-11-22 06:30:05.000000,1026,380.008141,384.78966390625,-4.781522906249961,-4.652306163953088,-0.1292167422968733,20–22,True,-4.831916874152028
D3,2017-11-22 06:35:05.000000,1026,377.434362,384.78929203124994,-7.354930031249921,-4.697753103218755,-2.6571769280311663,20–22,True,-4.882492099465436
D3,2017-11-22 06:40:01.000000,1026,369.713224,384.78929203124994,-15.076068031249918,-4.740271103359839,-10.33579692789008,20–22,True,-4.929869312500218
D3,2017-11-22 06:45:01.000000,1026,387.377068,384.81721887152776,2.5598491284722513,-4.780989017062943,7.340838145535194,20–22,True,-4.9753063780204885
D3,2017-11-22 06:50:01.000000,1026,372.470764,384.80764369444444,-12.336879694444463,-4.819297049875024,-7.517582644569439,20–22,True,-5.0181242200715666
D3,2017-11-22 06:55:03.000000,1026,379.655774,384.79618128222995,-5.140407282229944,-4.85540798206424,-0.28499930016570385,20–22,True,-5.058561413653652
D3,2017-11-22 07:00:05.000000,1026,387.622156,384.80992989583336,2.8122261041666547,-4.8890409025966335,7.701267006763288,20–22,True,-5.0963041908258955
D3,2017-11-22 07:05:04.000000,1026,383.118137,384.7590820313589,-1.6409450313589105,-4.919882580676615,3.278937549317704,20–22,True,-5.1309997617116565
D3,2017-11-22 07:10:04.000000,1026,368.793933,384.71226488194446,-15.918331881944482,-4.948355532108606,-10.969976349835875,20–22,True,-5.163122517058003
D3,2017-11-22 07:15:02.000000,1026,386.932821,384.71226488194446,2.2205561180555264,-4.974173993501948,7.194730111557474,20–22,True,-5.192349564384858
D3,2017-11-22 07:20:01.000000,1026,396.017609,384.7290740208333,11.288534979166684,-4.997598060446471,16.286133039613155,20–22,True,-5.21897479131805
D3,2017-11-22 07:25:03.000000,1026,381.433007,384.7050522179931,-3.2720452179931385,-5.018723171775347,1.7466779537822088,20–22,True,-5.2431091006800905
D3,2017-11-22 07:30:04.000000,1026,390.793457,384.6835395034722,6.109917496527771,-5.037234247161609,11.147151743689381,20–22,True,-5.264393890395995
D3,2017-11-22 07:35:00.000000,1026,385.554018,384.6835395034722,0.8704784965277668,-5.052952281767011,5.923430778294778,20–22,True,-5.282618706934608
D3,2017-11-22 07:40:03.000000,1026,379.043055,384.56499884083047,-5.521943840830488,-5.066481532204674,-0.4554623086258145,20–22,True,-5.298485964444564
D3,2017-11-22 07:45:02.000000,1026,386.228021,384.5176794583333,1.7103415416667076,-5.077286473401504,6.787628015068211,20–22,True,-5.311370775591761
D3,2017-11-22 07:50:02.000000,1026,389.552418,384.5140622847223,5.038355715277703,-5.085580895208314,10.123936610486016,20–22,True,-5.321524133324667
D3,2017-11-22 07:55:03.000000,1026,377.311796,384.44232631707314,-7.130530317073124,-5.0913353231261596,-2.039194993946964,20–22,True,-5.328913391439562
D3,2017-11-22 08:00:01.000000,1026,380.758826,384.43028145486113,-3.671455454861132,-5.094496100518454,1.4230406456573226,20–22,True,-5.333464688609071
D3,2017-11-22 08:05:03.000000,1026,386.8103,384.3900129513889,2.420287048611101,-5.095123146491856,7.515410195102957,20–22,True,-5.335268784880452
D3,2017-11-22 08:10:04.000000,1026,384.726741,384.3717763910035,0.35496460899651083,-5.093167354182251,5.448131963178762,20–22,True,-5.3342530615104895
D3,2017-11-22 08:15:00.000000,1026,388.280983,384.3314991041667,3.949483895833282,-5.088732314431519,9.038216210264801,20–22,True,-5.33051510579332
D3,2017-11-22 08:20:00.000000,1026,389.368703,384.30692341319445,5.061779586805528,-5.0816980447821205,10.143477631587649,20–22,True,-5.323956951538954
D3,2017-11-22 08:25:03.000000,1026,388.311536,384.3184132986111,3.99312270138887,-5.0720020220751705,9.065124723464042,20–22,True,-5.314506150727728
D3,2017-11-22 08:30:00.000000,1026,375.5041,384.3184132986111,-8.814313298611125,-5.059975062199818,-3.754338236411307,20–22,True,-5.30248960316484
D3,2017-11-22 08:35:03.000000,1026,382.398094,384.31170627177704,-1.9136122717770263,-5.045137086667234,3.1315248148902075,20–22,True,-5.287427645988294
D3,2017-11-22 08:40:05.000000,1026,384.558112,384.32516953124997,0.232942468750025,-5.027774298537656,5.260716767287681,20–22,True,-5.2696059446533
D3,2017-11-22 08:45:00.000000,1026,377.173942,384.32516953124997,-7.151227531249958,-5.008341102163728,-2.1428864290862304,20–22,True,-5.249497519571236
D3,2017-11-22 08:50:03.000000,1026,377.37319,384.3716608263889,-6.998470826388882,-4.985846201191755,-2.0126246251971267,20–22,True,-5.226075910009804
D3,2017-11-22 08:55:00.000000,1026,380.26865,384.3716608263889,-4.103010826388925,-4.961314361890199,0.8583035355012747,20–22,True,-5.200406827112012
D3,2017-11-22 09:00:03.000000,1026,380.314579,384.4336316770833,-4.119052677083346,-4.933766350232991,0.8147136731496456,20–22,True,-5.171465641656933
D3,2017-11-22 09:05:03.000000,1026,382.076413,384.4130175605536,-2.33660456055361,-4.903996039075194,2.567391478521584,20–22,True,-5.1400848082315225
D3,2017-11-22 09:10:00.000000,1026,391.942549,384.4363975416667,7.506151458333306,-4.872091859008643,12.37824331734195,20–22,True,-5.106360411720467
D3,2017-11-22 09:15:02.000000,1026,374.508305,384.458446799308,-9.950141799307971,-4.837185180241869,-5.112956619066102,20–22,True,-5.069373381862501
D3,2017-11-22 09:20:01.000000,1026,381.586059,384.40256523958334,-2.8165062395833615,-4.800192647385566,1.983686407802204,20–22,True,-5.030094173391399
D3,2017-11-22 09:25:02.000000,1026,398.867118,384.40793772569447,14.459180274305538,-4.760525629328788,19.219705903634328,20–22,True,-4.987898153809722
D3,2017-11-22 09:30:03.000000,1026,384.542891,384.42171497569444,0.12117602430555507,-4.718442442874135,4.83961846717969,20–22,True,-4.943059387843297
D3,2017-11-22 09:35:03.000000,1026,381.984466,384.4630587439446,-2.4785927439446027,-4.674114966171729,2.195522222227126,20–22,True,-4.895761348415309
D3,2017-11-22 09:40:04.000000,1026,381.080551,384.4261836875,-3.345632687499972,-4.627268932905861,1.2816362454058892,20–22,True,-4.845711389519732
D3,2017-11-22 09:45:03.000000,1026,383.470503,384.44052907266433,-0.9700260726643251,-4.578405189115025,3.6083791164507,20–22,True,-4.793444916424331
D3,2017-11-22 09:50:01.000000,1026,371.55145,384.4087356423611,-12.857285642361092,-4.527418293396064,-8.329867348965028,20–22,True,-4.738850014625139
D3,2017-11-22 09:55:03.000000,1026,377.694848,384.4679879965398,-6.77313999653984,-4.473442665297624,-2.299697331242216,20–22,True,-4.680999020793572
D3,2017-11-22 10:00:04.000000,1026,374.155871,384.45629080208334,-10.300419802083354,-4.417363330396606,-5.883056471686748,20–22,True,-4.620839706225168
D3,2017-11-22 10:05:03.000000,1026,376.607129,384.51310226388887,-7.905973263888882,-4.359427196849291,-3.546546067039591,20–22,True,-4.55863770867637
D3,2017-11-22 10:10:04.000000,1026,382.413403,384.50616597560975,-2.0927629756097303,-4.298886989067614,2.2061240134578837,20–22,True,-4.49359073031591
D3,2017-11-22 10:15:01.000000,1026,382.489996,384.4953886597222,-2.0053926597221903,-4.236999746767452,2.231607087045262,20–22,True,-4.427049858654971
D3,2017-11-22 10:20:05.000000,1026,372.225587,384.56338922648087,-12.337802226480846,-4.171470837989033,-8.166331388491813,20–22,True,-4.356547231216366
D3,2017-11-22 10:25:03.000000,1026,390.073369,384.597178912892,5.476190087108023,-4.105122385413785,9.581312472521809,20–22,True,-4.285118953010469
D3,2017-11-22 10:30:01.000000,1026,373.052931,384.5894368055556,-11.536505805555578,-4.036713476697262,-7.499792328858316,20–22,True,-4.211430383256054
D3,2017-11-22 10:35:02.000000,1026,392.861684,384.6029475659722,8.25873643402781,-3.96555693779558,12.22429337182339,20–22,True,-4.134740694876749
D3,2017-11-22 10:40:02.000000,1026,381.218405,384.6702384375,-3.4518334374999995,-3.892611612499649,0.44077817499964933,20–22,True,-4.056082890400736
D3,2017-11-22 10:45:04.000000,1026,385.140301,384.7730644425087,0.3672365574913101,-3.817173088429326,4.184409645920637,20–22,True,-3.9746971977607504
D3,2017-11-22 10:50:02.000000,1026,381.325661,384.76976546527777,-3.4441044652777464,-3.7407954415830753,0.2966909763053289,20–22,True,-3.8922605880632783
D3,2017-11-22 10:55:01.000000,1026,380.682233,384.76976546527777,-4.087532465277775,-3.6622626536928964,-0.42526981158487853,20–22,True,-3.807461132572284
D3,2017-11-22 11:00:03.000000,1026,375.182441,384.78464840418116,-9.602207404181172,-3.581048945398509,-6.021158458782663,20–22,True,-3.719730374224072
D3,2017-11-22 11:05:02.000000,1026,378.598741,384.7928518645833,-6.194110864583308,-3.4988061672258013,-2.695304697357507,20–22,True,-3.6308527174296454
D3,2017-11-22 11:10:05.000000,1026,384.987227,384.78162761458333,0.20559938541668998,-3.413639644161121,3.619239029577811,20–22,True,-3.5387804622351755
D3,2017-11-22 11:15:01.000000,1026,377.112681,384.78162761458333,-7.668946614583319,-3.3287076043117656,-4.340239010271554,20–22,True,-3.446928427407374
D3,2017-11-22 11:20:02.000000,1026,388.495496,384.75481694791665,3.740679052083351,-3.2406253499474245,6.9813044020307755,20–22,True,-3.351636471609967
D3,2017-11-22 11:25:04.000000,1026,388.679323,384.7804037326389,3.898919267361123,-3.1505541424056953,7.049473409766819,20–22,True,-3.2541599353653914
D3,2017-11-22 11:30:03.000000,1026,388.326867,384.7712065951557,3.555660404844275,-3.059746389172936,6.615406794017211,20–22,True,-3.1558545136220957
D3,2017-11-22 11:35:01.000000,1026,380.498339,384.7307205347222,-4.232381534722208,-2.96767013422558,-1.264711400496628,20–22,True,-3.0561449532234004
D3,2017-11-22 11:40:02.000000,1026,382.183558,384.7292750622837,-2.5457170622836998,-2.873117676664173,0.3274006143804731,20–22,True,-2.953723125848305
D3,2017-11-22 11:45:01.000000,1026,383.409243,384.730932625,-1.3216896249999763,-2.7776965431575924,1.456006918157616,20–22,True,-2.8503301978887197
D3,2017-11-22 11:50:04.000000,1026,391.023146,384.714078825784,6.309067174216011,-2.679523190263753,8.988590364479764,20–22,True,-2.7439249700037895
D3,2017-11-22 11:55:03.000000,1026,373.236691,384.6687478263889,-11.432056826388873,-2.581235967171486,-8.850820859217388,20–22,True,-2.637367018019362
D3,2017-11-22 12:00:02.000000,1026,393.336573,384.69454732291666,8.642025677083325,-2.4815948971179767,11.1236205742013,20–22,True,-2.529312601217937
D3,2017-11-22 12:05:01.000000,1026,384.098622,384.6754322996516,-0.5768102996516404,-2.3806470882370445,1.803836788585404,20–22,True,-2.4198128053809485
D3,2017-11-22 12:10:05.000000,1026,390.5791,384.65699284375,5.922107156249979,-2.2767206947109337,8.198827850960912,20–22,True,-2.3070534464521173
D3,2017-11-22 12:15:03.000000,1026,390.379829,384.65699284375,5.7228361562499686,-2.1736312562556375,7.896467412505606,20–22,True,-2.1951744954776062
D3,2017-11-22 12:20:03.000000,1026,369.360746,384.6465133541667,-15.285767354166694,-2.068685028675879,-13.217082325490814,20–22,True,-2.081253086974357
D3,2017-11-22 12:25:01.000000,1026,380.896746,384.64507714583334,-3.7483311458333333,-1.9633305255933609,-1.7850006202399724,20–22,True,-1.9668616139271027
D3,2017-11-22 12:30:04.000000,1026,387.622223,384.57629729166666,3.045925708333357,-1.8551272992893477,4.901053007622704,20–22,True,-1.8493498915861957
D3,2017-11-22 12:35:02.000000,1026,374.661535,384.57629729166666,-9.914762291666648,-1.747697090461993,-8.167065201204654,20–22,True,-1.7326512313865146
D3,2017-11-22 12:40:01.000000,1026,367.997252,384.5877340208333,-16.590482020833292,-1.638948271504903,-14.951533749328389,20–22,True,-1.6144940790395625
D3,2017-11-22 12:45:00.000000,1026,379.07354,384.5762970590278,-5.502757059027829,-1.529291098743543,-3.973465960284286,20–22,True,-1.4953240539853938
D3,2017-11-22 12:50:01.000000,1026,380.498339,384.5681573159722,-4.069818315972213,-1.4180354274528093,-2.651782888519404,20–22,True,-1.3743908822621371
D3,2017-11-22 12:55:04.000000,1026,373.696292,384.51808106574396,-10.821789065743928,-1.305217796588239,-9.516571269155689,20–22,True,-1.2517337656821426
D3,2017-11-22 13:00:03.000000,1026,367.87473,384.56445492334495,-16.689724923344954,-1.193133676843998,-15.496591246500957,20–22,True,-1.1298486322206478
D3,2017-11-22 13:05:03.000000,1026,359.893039,384.52415280139377,-24.63111380139378,-1.079973667652147,-23.551140133741633,20–22,True,-1.0067682419831177
D3,2017-11-22 13:10:01.000000,1026,364.182612,384.5049613472222,-20.3223493472222,-0.966926011055075,-19.355423336167124,20–22,True,-0.8837851318802175
D3,2017-11-22 13:15:00.000000,1026,371.383022,384.457565125,-13.074543124999991,-0.8529094110817848,-12.221633713918207,20–22,True,-0.7597230984800021
D3,2017-11-22 13:20:00.000000,1026,377.281176,384.4075624340278,-7.126386434027779,-0.7379721179622163,-6.388414316065563,20–22,True,-0.6346343949406061
D3,2017-11-22 13:25:00.000000,1026,364.933275,384.38096502083334,-19.447690020833363,-0.6225492010265381,-18.825140819806826,20–22,True,-0.5089923927059596
D3,2017-11-22 13:30:05.000000,1026,381.84659,384.29283910726645,-2.4462491072664534,-0.5047613667824029,-1.9414877404840505,20–22,True,-0.3807507927544318
D3,2017-11-22 13:35:04.000000,1026,357.886095,384.2463642195122,-26.36026921951219,-0.38891443243919643,-25.971354787072993,20–22,True,-0.25459768053331633
D3,2017-11-22 13:40:03.000000,1026,361.79266,384.2192541215278,-22.426594121527785,-0.27275013314135554,-22.15384398838643,20–22,True,-0.1280746250866187
D3,2017-11-22 13:45:02.000000,1026,369.851033,384.2570936794425,-14.406060679442533,-0.156323388846618,-14.249737290595915,20–22,True,-0.0012414437670043021
D3,2017-11-22 13:50:04.000000,1026,369.728489,384.29016263541666,-14.56167363541664,-0.03851813755570266,-14.523155497860937,20–22,True,0.12711804685472927
D3,2017-11-22 13:55:02.000000,1026,383.010902,384.29016263541666,-1.2792606354166765,0.07787872881388536,-1.3571393642305618,20–22,True,0.2539671540681949
D3,2017-11-22 14:00:03.000000,1026,369.52933,384.25939013148786,-14.730060131487846,0.19554467409357112,-14.925604805581418,20–22,True,0.3822236517324349
D3,2017-11-22 14:05:01.000000,1026,371.030699,384.28810825087106,-13.257409250871035,0.31207903015088645,-13.569488281021922,20–22,True,0.5092707989884628
D3,2017-11-22 14:10:01.000000,1026,370.923376,384.26526822222223,-13.341892222222214,0.42938127579406027,-13.771273498016274,20–22,True,0.6371793090645865
D3,2017-11-22 14:15:00.000000,1026,377.174009,384.2704286909722,-7.096419690972198,0.54622295195303,-7.642642642925228,20–22,True,0.7646097687717246
D3,2017-11-22 14:20:05.000000,1026,363.830245,384.2007969895833,-20.370551989583305,0.6652803689616347,-21.03583235854494,20–22,True,0.8944816393389989
D3,2017-11-22 14:25:04.000000,1026,375.504189,384.1973684532872,-8.6931794532872,0.7818131936713426,-9.474992646958544,20–22,True,1.0216240045095293
D3,2017-11-22 14:30:04.000000,1026,365.117168,384.13105896875,-19.01389096874999,0.8984983830728481,-19.91238935182284,20–22,True,1.148956928709565
D3,2017-11-22 14:35:05.000000,1026,367.445838,384.1159975813149,-16.67015958131492,1.0152777458248017,-17.68543732713972,20–22,True,1.2764171546401513
D3,2017-11-22 14:40:04.000000,1026,378.338254,384.1067773101045,-5.768523310104513,1.1309336230809803,-6.899456933185493,20–22,True,1.402675531693398
D3,2017-11-22 14:45:03.000000,1026,372.10302,384.0344476236934,-11.931427623693367,1.2461883141407073,-13.177615937834073,20–22,True,1.528520329191784
D3,2017-11-22 14:50:03.000000,1026,377.756042,384.0327392264808,-6.276697226480849,1.3613704468593948,-7.6380676733402435,20–22,True,1.654310493642452
D3,2017-11-22 14:55:03.000000,1026,371.413619,384.00259384375,-12.588974843750009,1.4760390300333532,-14.065013873783363,20–22,True,1.7795645429902498
D3,2017-11-22 15:00:05.000000,1026,367.706124,383.97913510069446,-16.273011100694475,1.5908981289196986,-17.863909229614173,20–22,True,1.905051786221469
D3,2017-11-22 15:05:04.000000,1026,380.05407,383.92370661111113,-3.8696366111111047,1.7039946728504822,-5.573631283961587,20–22,True,2.0286383061360533
D3,2017-11-22 15:10:05.000000,1026,379.012413,383.939345875,-4.926932875000034,1.8171687198153221,-6.744101594815357,20–22,True,2.152334704734205
D3,2017-11-22 15:15:03.000000,1026,379.196218,383.94307770934256,-4.746859709342573,1.9284905574719935,-6.675350266814567,20–22,True,2.274031728781039
D3,2017-11-22 15:20:04.000000,1026,383.148778,383.92828779238755,-0.7795097923875574,2.040148137753158,-2.8196579301407154,20–22,True,2.396121247154822
D3,2017-11-22 15:25:01.000000,1026,392.800334,383.92227055555554,8.878063444444479,2.149496643534664,6.728566800909815,20–22,True,2.5157112155006547
D3,2017-11-22 15:30:02.000000,1026,377.633632,383.91237635069444,-6.278744350694467,2.2594289784530326,-8.538173329147499,20–22,True,2.6359654836749824
D3,2017-11-22 15:35:02.000000,1026,375.841112,383.85811796527776,-8.017005965277747,2.3680536025235916,-10.385059567801338,20–22,True,2.754815297439647
D3,2017-11-22 15:40:02.000000,1026,380.421813,383.72778092334494,-3.3059679233449515,2.475685550389096,-5.781653473734048,20–22,True,2.872605215417967
D3,2017-11-22 15:45:02.000000,1026,389.506556,383.70289680555555,5.803659194444435,2.5822735950716957,3.2213855993727396,20–22,True,2.9892791759884734
D3,2017-11-22 15:50:02.000000,1026,370.494439,383.64805313541666,-13.15361413541666,2.6877670064349033,-15.841381141851564,20–22,True,3.1047816486649653
D3,2017-11-22 15:55:04.000000,1026,396.47721,383.5867733472222,12.890436652777794,2.7928072790890663,10.097629373688727,20–22,True,3.2198152627374474
D3,2017-11-22 16:00:02.000000,1026,401.762533,383.60714282578397,18.155390174216052,2.8952696374849496,15.260120536731103,20–22,True,3.3320528223792474
D3,2017-11-22 16:05:02.000000,1026,405.22494,383.58450957491294,21.64043042508706,2.9971800971577127,18.643250327929348,20–22,True,3.443713354647314
D3,2017-11-22 16:10:03.000000,1026,408.580001,383.5645989477352,25.01540205226479,3.098131630658359,21.917270421606432,20–22,True,3.5543513093637458
D3,2017-11-22 16:15:03.000000,1026,388.786558,383.54837144250877,5.238186557491247,3.1974054427324208,2.040781114758826,20–22,True,3.6631789220037603
D3,2017-11-22 16:20:03.000000,1026,396.998094,383.49719406249994,13.500899937500037,3.2952918520430448,10.205608085456992,20–22,True,3.77051430696896
D3,2017-11-22 16:25:02.000000,1026,403.953349,383.49719406249994,20.45615493750006,3.3914251948651746,17.064729742634885,20–22,True,3.8759563576805194
D3,2017-11-22 16:30:03.000000,1026,394.531527,383.4164200484429,11.115106951557095,3.4867167903588925,7.628390161198203,20–22,True,3.9805047850885975
D3,2017-11-22 16:35:01.000000,1026,397.855991,383.3505283044983,14.505462695501706,3.579546376685059,10.925916318816647,20–22,True,4.082381781989991
D3,2017-11-22 16:40:01.000000,1026,403.279235,383.3532689094077,19.92596609059234,3.6714348320474697,16.25453125854487,20–22,True,4.183256303067883
D3,2017-11-22 16:45:02.000000,1026,402.467244,383.3044265191638,19.162817480836168,3.7620084449488287,15.400809035887338,20–22,True,4.282718554839544
D3,2017-11-22 16:50:03.000000,1026,386.105544,383.2847291114982,2.8208148885017863,3.850914875855276,-1.0300999873534895,20–22,True,4.380381778278632
D3,2017-11-22 16:55:00.000000,1026,397.825305,383.275001375,14.550303625000026,3.9369641600648517,10.613339464935175,20–22,True,4.474938161551055
D3,2017-11-22 17:00:00.000000,1026,397.227894,383.31127974305554,13.916614256944456,4.022151796732695,9.894462460211761,20–22,True,4.568580321556846
D3,2017-11-22 17:05:03.000000,1026,402.268041,383.2573410833333,19.01069991666668,4.106384449314446,14.904315467352234,20–22,True,4.661206661577075
D3,2017-11-22 17:10:02.000000,1026,402.099613,383.2573410833333,18.842271916666675,4.187685287338635,14.65458662932804,20–22,True,4.750643191098081
D3,2017-11-22 17:15:02.000000,1026,408.380709,383.1931881875,25.187520812499997,4.26740236722991,20.920118445270088,20–22,True,4.838372340231833
D3,2017-11-22 17:20:04.000000,1026,400.874039,383.20334872569447,17.670690274305514,4.34573513854888,13.324955135756634,20–22,True,4.9246141410385675
D3,2017-11-22 17:25:02.000000,1026,410.602188,383.20334872569447,27.398839274305544,4.421109498662926,22.97772977564262,20–22,True,5.0076351923244165
D3,2017-11-22 17:30:02.000000,1026,403.034102,383.1724718780488,19.861630121951237,4.495026393934852,15.366603728016385,20–22,True,5.089088335332895
D3,2017-11-22 17:35:04.000000,1026,409.91272,383.08898065625,26.823739343749992,4.567410896537334,22.25632844721266,20–22,True,5.16889177361521
D3,2017-11-22 17:40:04.000000,1026,398.775171,383.0629154479167,15.71225555208332,4.6372698580074605,11.07498569407586,20–22,True,5.245950567519704
D3,2017-11-22 17:45:03.000000,1026,393.413165,383.0542445069444,10.358920493055564,4.704833643960998,5.654086849094566,20–22,True,5.320518212418447
D3,2017-11-22 17:50:02.000000,1026,423.624204,383.0460370865052,40.57816691349484,4.7703065814097245,35.80786033208511,20–22,True,5.392820006834485
D3,2017-11-22 17:55:01.000000,1026,399.633045,382.975851550173,16.65719344982699,4.833657716170818,11.823535733656172,20–22,True,5.4628217680497375
D3,2017-11-22 18:00:00.000000,1026,402.589788,382.9696655243055,19.620122475694473,4.894857097203688,14.725265378490786,20–22,True,5.530490400751868
D3,2017-11-22 18:05:00.000000,1026,403.846137,382.9508345069445,20.89530249305551,4.954069487321473,15.941233005734038,20–22,True,5.596008315889615
D3,2017-11-22 18:10:05.000000,1026,404.121844,382.8510951493056,21.270748850694417,5.011989219122853,16.258759631571564,20–22,True,5.660145235054633
D3,2017-11-22 18:15:03.000000,1026,397.442385,382.8356390934256,14.606745906574417,5.066332633269912,9.540413273304505,20–22,True,5.720371865987592
D3,2017-11-22 18:20:01.000000,1026,408.350201,382.8588615486111,25.49133945138891,5.11842939296316,20.372910058425752,20–22,True,5.778159996900257
D3,2017-11-22 18:25:03.000000,1026,398.836476,382.8220508229167,16.014425177083297,5.168908277951116,10.84551689913218,20–22,True,5.834208183108891
D3,2017-11-22 18:30:02.000000,1026,392.06507,382.82976421527775,9.235305784722243,5.216563952750907,4.018741831971336,20–22,True,5.887178388983103
D3,2017-11-22 18:35:00.000000,1026,399.69444,382.8111994548611,16.883240545138904,5.261739174499851,11.621501370639052,20–22,True,5.93745040563187
D3,2017-11-22 18:40:01.000000,1026,400.062005,382.83598793402774,17.226017065972258,5.304995259142635,11.921021806829621,20–22,True,5.985649503157553
D3,2017-11-22 18:45:04.000000,1026,393.765599,382.852406369338,10.913192630662024,5.346108213422735,5.56708441723929,20–22,True,6.0315277472529445
D3,2017-11-22 18:50:03.000000,1026,397.01327,382.88096449477354,14.13230550522644,5.384268464488911,8.748037040737529,20–22,True,6.074181027620748
D3,2017-11-22 18:55:03.000000,1026,387.40771,382.81459340138406,4.59311659861595,5.420132137847039,-0.8270155392310894,20–22,True,6.114341604310992
D3,2017-11-22 19:00:00.000000,1026,394.623384,382.82556152430556,11.797822475694431,5.453228484616972,6.34459399107746,20–22,True,6.1514815363201905
D3,2017-11-22 19:05:04.000000,1026,373.405298,382.76423383391,-9.358935833909982,5.484606736459413,-14.843542570369394,20–22,True,6.186779952368996
D3,2017-11-22 19:10:02.000000,1026,369.575259,382.7630050034722,-13.18774600347217,5.512898096951108,-18.70064410042328,20–22,True,6.218697508259762
D3,2017-11-22 19:15:03.000000,1026,383.807427,382.8294980347222,0.9779289652778402,5.538980639060054,-4.561051673782214,20–22,True,6.248223317288281
D3,2017-11-22 19:20:02.000000,1026,390.257241,382.75050432986114,7.506736670138878,5.56239637514144,1.9443402949974375,20–22,True,6.2748394775537495
D3,2017-11-22 19:25:02.000000,1026,385.385545,382.730307083045,2.655237916955002,5.583381590638339,-2.928143673683337,20–22,True,6.298813963413096
D3,2017-11-22 19:30:03.000000,1026,376.239408,382.7493374290658,-6.509929429065778,5.6019011195131,-12.111830548578878,20–22,True,6.320107956874441
D3,2017-11-22 19:35:01.000000,1026,370.877447,382.7115367317073,-11.834089731707309,5.6177253529125135,-17.451815084619824,20–22,True,6.338455909262165
D3,2017-11-22 19:40:02.000000,1026,376.178169,382.7018841493056,-6.523715149305588,5.631165304944667,-12.154880454250254,20–22,True,6.35421843659494
D3,2017-11-22 19:45:04.000000,1026,393.152723,382.6492221388889,10.503500861111092,5.642074376709902,4.86142648440119,20–22,True,6.36722786354978
D3,2017-11-22 19:50:03.000000,1026,387.698905,382.6251691916376,5.0737358083624144,5.650328428641631,-0.5765926202792162,20–22,True,6.377333515350019
D3,2017-11-22 19:55:04.000000,1026,380.973406,382.6029632334495,-1.629557233449475,5.6560743067295896,-7.285631540179065,20–22,True,6.38471345587483
D3,2017-11-22 20:00:02.000000,1026,382.306124,382.6271444599303,-0.3210204599303097,5.659226612494329,-5.980247072424639,20–22,False,6.389255518925859
D3,2017-11-22 20:05:00.000000,1026,374.829985,382.64757353125,-7.817588531249953,5.659853828166151,-13.477442359416104,20–22,False,6.391044959948408
D3,2017-11-22 20:10:03.000000,1026,379.119647,382.65874366782003,-3.539096667820047,5.657902272574252,-9.196998940394298,20–22,False,6.390041277408729
D3,2017-11-22 20:15:01.000000,1026,381.478936,382.63194841811844,-1.1530124181184647,5.653437267507579,-6.806449685626044,20–22,False,6.386278066219155
D3,2017-11-22 20:20:02.000000,1026,381.923227,382.5840133344948,-0.6607863344947873,5.646366734296089,-6.307153068790877,20–22,False,6.379684071193994
D3,2017-11-22 20:25:02.000000,1026,383.240614,382.5926769340278,0.6479370659722008,5.636762456493323,-4.988825390521122,20–22,False,6.370322200381989
D3,2017-11-22 20:30:01.000000,1026,389.016336,382.592447923345,6.423888076655032,5.624654510169503,0.7992335664855297,20–22,False,6.358224736484463
D3,2017-11-22 20:35:03.000000,1026,391.865867,382.57650615625,9.28936084374999,5.609861242450032,3.6794996012999572,20–22,False,6.343207836645632
D3,2017-11-22 20:40:04.000000,1026,386.565123,382.6132080103806,3.951914989619411,5.59256017822606,-1.6406451886066495,20–22,False,6.325449766832909
D3,2017-11-22 20:45:02.000000,1026,389.613791,382.62538348780487,6.988407512195124,5.572925187019493,1.4154823251756312,20–22,False,6.30513229667228
D3,2017-11-22 20:50:02.000000,1026,389.047,382.6690650902778,6.377934909722228,5.55064881074693,0.8272860989752981,20–22,False,6.2819380010551225
D3,2017-11-22 20:55:01.000000,1026,390.47171,382.67806926480836,7.793640735191616,5.525951780361343,2.267688954830273,20–22,False,6.25609606916799
D3,2017-11-22 21:00:01.000000,1026,392.968874,382.6891191423611,10.27975485763892,5.498680659358188,4.7810741982807325,20–22,False,6.227445951518188
D3,2017-11-22 21:05:00.000000,1026,378.476152,382.7395474097222,-4.263395409722193,5.469030141265261,-9.732425550987454,20–22,False,6.196192186543151
D3,2017-11-22 21:10:04.000000,1026,381.34106,382.68156499305553,-1.3405049930555037,5.436369884725287,-6.776874877780791,20–22,False,6.16166842813134
D3,2017-11-22 21:15:00.000000,1026,390.778058,382.68156499305553,8.096493006944456,5.402148647407947,2.694344359536509,20–22,False,6.12540742012109
D3,2017-11-22 21:20:03.000000,1026,374.9066,382.7031574878049,-7.796557487804876,5.3646612510603955,-13.161218738865271,20–22,False,6.085602758410197
D3,2017-11-22 21:25:02.000000,1026,390.395184,382.71332233333334,7.681861666666634,5.325249785111585,2.3566118815550494,20–22,False,6.043678344467059
D3,2017-11-22 21:30:04.000000,1026,384.190569,382.6476270625,1.5429419374999611,5.2830227826242915,-3.7400808451243304,20–22,False,5.998686231532354
D3,2017-11-22 21:35:02.000000,1026,389.93556,382.6476270625,7.287932937499988,5.23899081082881,2.0489421266711787,20–22,False,5.951703499985134
D3,2017-11-22 21:40:01.000000,1026,387.530298,382.65831926388887,4.871978736111146,5.192471636588735,-0.32049290047758916,20–22,False,5.902003160291674
D3,2017-11-22 21:45:01.000000,1026,388.572,382.60801365051907,5.963986349480933,5.143463853468191,0.8205224960127424,20–22,False,5.849583101611608
D3,2017-11-22 21:50:01.000000,1026,393.872722,382.6050188958333,11.267703104166685,5.092142449178864,6.175560654987821,20–22,False,5.794630205282479
D3,2017-11-22 21:55:01.000000,1026,388.633283,382.66890569444445,5.9643773055555585,5.038531849929635,0.9258454556259235,20–22,False,5.7371706259067
D3,2017-11-22 22:00:02.000000,1026,383.133469,382.70858860416666,0.42488039583332693,4.98246756789076,-4.557587172057433,20–22,True,5.6770278002797046
D3,2017-11-22 22:05:02.000000,1026,404.397596,382.7620619446367,21.635534055363337,4.924348792044102,16.711185263319237,20–22,True,5.614629957435299
D3,2017-11-22 22:10:04.000000,1026,381.402299,382.78490938408305,-1.3826103840830228,4.863611144850412,-6.246221528933435,20–22,True,5.549370920973249
D3,2017-11-22 22:15:04.000000,1026,403.75419,382.7983808263889,20.9558091736111,4.80108797459258,16.15472119901852,20–22,True,5.482146074703947
D3,2017-11-22 22:20:05.000000,1026,393.658342,382.82270566435983,10.835636335640174,4.736194993771831,6.099441341868343,20–22,True,5.412327421873703
D3,2017-11-22 22:25:03.000000,1026,382.367452,382.85950121527776,-0.4920492152777456,4.669846541196583,-5.161895756474329,20–22,True,5.340899143667807
D3,2017-11-22 22:30:02.000000,1026,395.174888,382.83100257142854,12.343885428571468,4.60120463948937,7.742680789082098,20–22,True,5.266959530281204
D3,2017-11-22 22:35:02.000000,1026,404.366976,382.8481710347222,21.51880496527781,4.530281093578378,16.98852387169943,20–22,True,5.190520885534086
D3,2017-11-22 22:40:02.000000,1026,395.481304,382.8368067577855,12.644497242214527,4.457335768282446,8.18716147393208,20–22,True,5.111863081058074
D3,2017-11-22 22:45:04.000000,1026,375.703259,382.82456169896193,-7.121302698961927,4.381897244212124,-11.50319994317405,20–22,True,5.030477388418088
D3,2017-11-22 22:50:00.000000,1026,396.232077,382.81652093749994,13.415556062500059,4.30603853722506,9.109517525274999,20–22,True,4.948601007418591
D3,2017-11-22 22:55:03.000000,1026,385.753199,382.7907216736111,2.962477326388921,4.2264551857050865,-1.2639778593161655,20–22,True,4.862667156649412
D3,2017-11-22 23:00:03.000000,1026,387.147245,382.7907216736111,4.356523326388924,4.145773101181308,0.2107502252076161,20–22,True,4.775510564881412
D3,2017-11-22 23:05:04.000000,1026,385.707226,382.8631189305555,2.844107069444476,4.062974141500333,-1.2188670720558568,20–22,True,4.686031741561615
D3,2017-11-22 23:10:04.000000,1026,381.846523,382.8631189305555,-1.0165959305555248,3.978647851934328,-4.995243782489853,20–22,True,4.594867793936906
D3,2017-11-22 23:15:05.000000,1026,376.300646,382.87498146875004,-6.574335468750064,3.892272482488098,-10.466607951238162,20–22,True,4.501454665537114
D3,2017-11-22 23:20:04.000000,1026,382.689177,382.854873875,-0.16569687500003738,3.804758549333301,-3.9704554243333385,20–22,True,4.406777225705706
D3,2017-11-22 23:25:04.000000,1026,379.472014,382.86331252249136,-3.391298522491354,3.715278298188493,-7.106576820679847,20–22,True,4.309940126022729
D3,2017-11-22 23:30:02.000000,1026,381.065286,382.8431180416667,-1.7778320416666702,3.6247769073877913,-5.4026089490544615,20–22,True,4.211966413717107
D3,2017-11-22 23:35:02.000000,1026,379.027678,382.82689371428575,-3.799215714285765,3.532082715426973,-7.331298429712739,20–22,True,4.1115876880922455
D3,2017-11-22 23:40:01.000000,1026,392.279428,382.8448738993056,9.434554100694413,3.438158488561446,5.996395612132967,20–22,True,4.009846377517502
D3,2017-11-22 23:45:04.000000,1026,394.163739,382.84184146527775,11.321897534722268,3.3414558895887088,7.98044164513356,20–22,True,3.905064826086019
D3,2017-11-22 23:50:04.000000,1026,371.658751,382.84184146527775,-11.183090465277758,3.244247346046554,-14.427337811324312,20–22,True,3.7997051606611314
D3,2017-11-22 23:55:03.000000,1026,387.806139,382.8595491730104,4.946589826989566,3.1459601229542833,1.8006297040352828,20–22,True,3.693147208676699
D3,2017-11-22 00:00:04.000000,1026,384.328378,387.88632614930555,-3.5579481493055596,3.0456481049861552,-6.603596254291714,22–24,True,2.8910386147961473
D3,2017-11-22 00:05:00.000000,1026,385.048399,387.88632614930555,-2.8379271493055285,2.945710987212034,-5.783638136517562,22–24,True,2.793537355942366
D3,2017-11-22 00:10:04.000000,1026,389.337994,387.92226327526134,1.415730724738637,2.8417887919182725,-1.4260580671796355,22–24,True,2.692160678244974
D3,2017-11-22 00:15:04.000000,1026,378.322989,387.96414990277776,-9.641160902777756,2.738007505388194,-12.379168408165949,22–24,True,2.5909337483632653
D3,2017-11-22 00:20:03.000000,1026,386.488508,387.96414990277776,-1.4756419027777383,2.6334091844586762,-4.1090510872364145,22–24,True,2.488921898274127
D3,2017-11-22 00:25:03.000000,1026,379.042988,387.84120193425605,-8.798213934256069,2.527343985788475,-11.325557920044544,22–24,True,2.3854913537360676
D3,2017-11-22 00:30:00.000000,1026,383.255968,387.8230249444444,-4.567056944444403,2.421286756211659,-6.988343700656062,22–24,True,2.2820802089459438
D3,2017-11-22 00:35:04.000000,1026,374.15596,387.78061111418685,-13.624651114186861,2.3116969607819664,-15.936348074968826,22–24,True,2.175236497865164
D3,2017-11-22 00:40:04.000000,1026,385.416142,387.7668513125,-2.350709312500044,2.202576612995938,-4.553285925495982,22–24,True,2.0688621259927595
D3,2017-11-22 00:45:03.000000,1026,387.070786,387.6957832465278,-0.624997246527812,2.092910588313406,-2.717907834841218,22–24,True,1.9619672262504297
D3,2017-11-22 00:50:02.000000,1026,379.089028,387.66657913194445,-8.57755113194446,1.9823885756184345,-10.559939707562895,22–24,True,1.854249271934574
D3,2017-11-22 00:55:05.000000,1026,380.559734,387.6276405208334,-7.0679065208333895,1.8695683105941925,-8.937474831427583,22–24,True,1.7443028165320953
D3,2017-11-22 01:00:02.000000,1026,375.167131,387.6276405208334,-12.460509520833398,1.7582338881598738,-14.218743408993271,22–24,True,1.6358154527990045
D3,2017-11-22 01:05:00.000000,1026,380.498428,387.54066755208333,-7.042239552083345,1.6458327231159595,-8.688072275199303,22–24,True,1.5262995928776109
D3,2017-11-22 01:10:03.000000,1026,386.657114,387.37698854861105,-0.7198745486110738,1.5308894162120736,-2.2507639648231477,22–24,True,1.4143180417834804
D3,2017-11-22 01:15:04.000000,1026,383.485858,387.32164610380624,-3.8357881038062374,1.4161045025083805,-5.251892606314618,22–24,True,1.3025019150032584
D3,2017-11-22 01:20:01.000000,1026,392.739096,387.30356937716266,5.435526622837358,1.3023123069057385,4.133214315931619,22–24,True,1.1916636298535386
D3,2017-11-22 01:25:02.000000,1026,385.783841,387.29240903125,-1.508568031249979,1.1865023643400563,-2.6950703955900353,22–24,True,1.0788708693732165
D3,2017-11-22 01:30:05.000000,1026,391.498213,387.26371541463413,4.234497585365887,1.0694855225652018,3.1650120628006846,22–24,True,0.9649136821692985
D3,2017-11-22 01:35:01.000000,1026,390.425758,387.2449059513889,3.1808520486110865,0.9548025999148992,2.2260494486961875,22–24,True,0.8532400341788711
D3,2017-11-22 01:40:03.000000,1026,374.033349,387.19159910452964,-13.158250104529657,0.8374742889241547,-13.995724393453811,22–24,True,0.7390012208200218
D3,2017-11-22 01:45:01.000000,1026,376.545912,387.10340834375,-10.557496343750017,0.7214373081106191,-11.278933651860637,22–24,True,0.6260304055955848
D3,2017-11-22 01:50:01.000000,1026,381.049932,387.0697895243055,-6.0198575243055075,0.6044133993738083,-6.624270923679315,22–24,True,0.5121094240055739
D3,2017-11-22 01:55:02.000000,1026,384.803289,387.0335948118467,-2.2303058118466765,0.48684542696891375,-2.7171512388155903,22–24,True,0.3976695579177565
D3,2017-11-22 02:00:05.000000,1026,378.966462,386.95978346874995,-7.9933214687499685,0.36839744660702856,-8.361718915356997,22–24,True,0.28238396242525576
D3,2017-11-22 02:05:00.000000,1026,381.310218,386.95978346874995,-5.649565468749927,0.253036187789609,-5.902601656539536,22–24,True,0.1701131413342547
D3,2017-11-22 02:10:02.000000,1026,374.983149,386.8619391487889,-11.87879014878888,0.13495195850422226,-12.013742107293103,22–24,True,0.055202986368530826
D3,2017-11-22 02:15:01.000000,1026,396.232122,386.83320775778543,9.398914242214573,0.018110607521236055,9.380803634693336,22–24,True,-0.05848704219817025
D3,2017-11-22 02:20:04.000000,1026,384.236542,386.8403606968641,-2.6038186968640957,-0.10016613680610931,-2.5036525600579864,22–24,True,-0.17356292684183527
D3,2017-11-22 02:25:04.000000,1026,386.672379,386.75281789198607,-0.08043889198609122,-0.21708903788854483,0.1366501459024536,22–24,True,-0.28731086100224346
D3,2017-11-22 02:30:03.000000,1026,386.120809,386.71376015277775,-0.5929511527777436,-0.3333857329582868,-0.2595654198194568,22–24,True,-0.4004389380213711
D3,2017-11-22 02:35:05.000000,1026,384.757315,386.63543632055746,-1.8781213205574545,-0.4505535900420048,-1.4275677305154497,22–24,True,-0.5144036212418004
D3,2017-11-22 02:40:02.000000,1026,386.120898,386.5688057708333,-0.4479077708332966,-0.5654371213190341,0.11752935048573754,22–24,True,-0.6261357959482341
D3,2017-11-22 02:45:02.000000,1026,392.524605,386.5374743888889,5.987130611111127,-0.6810794202994153,6.668210031410542,22–24,True,-0.7385951886833371
D3,2017-11-22 02:50:00.000000,1026,382.091745,386.44693709722225,-4.355192097222243,-0.7954969206553337,-3.5596951765669096,22–24,True,-0.8498527744111102
D3,2017-11-22 02:55:03.000000,1026,386.779636,386.3874869686411,0.39214903135888335,-0.9113148742505528,1.3034639056094361,22–24,True,-0.9624611391234401
D3,2017-11-22 03:00:02.000000,1026,394.255775,386.2550518466899,8.000723153310105,-1.025036000823206,9.025759154133311,22–24,True,-1.0730198658586598
D3,2017-11-22 03:05:01.000000,1026,383.807583,386.19064584722224,-2.38306284722222,-1.138139017979611,-1.2449238292426092,22–24,True,-1.1829667711871168
D3,2017-11-22 03:10:00.000000,1026,377.710203,386.12628046875,-8.416077468750018,-1.2505704530697388,-7.165507015680279,22–24,True,-1.2922498745999063
D3,2017-11-22 03:15:03.000000,1026,377.81737,386.0626709268293,-8.245300926829316,-1.3637664016891944,-6.881534525140122,22–24,True,-1.4022648355843421
D3,2017-11-22 03:20:04.000000,1026,385.661252,385.95238833797913,-0.2911363379791396,-1.4754239819703572,1.1842876439912176,22–24,True,-1.510773374861648
D3,2017-11-22 03:25:03.000000,1026,373.89554,385.93781290972225,-12.042272909722271,-1.5855059460370473,-10.456766963685224,22–24,True,-1.617739520800766
D3,2017-11-22 03:30:02.000000,1026,386.672357,385.93781290972225,0.7345440902777227,-1.6947048226702353,2.429248912947958,22–24,True,-1.7238363137110266
D3,2017-11-22 03:35:04.000000,1026,398.836409,385.7817408298611,13.054668170138882,-1.804050337104477,14.85871850724336,22–24,True,-1.8300640553427858
D3,2017-11-22 03:40:00.000000,1026,395.312831,385.7817408298611,9.531090170138896,-1.9102472481199877,11.441337418258883,22–24,True,-1.9332216341333952
D3,2017-11-22 03:45:03.000000,1026,369.299596,385.63657280902777,-16.33697680902776,-2.0179029303418177,-14.319073878685943,22–24,True,-2.0377845044338043
D3,2017-11-22 03:50:01.000000,1026,388.985739,385.63657280902777,3.349166190972255,-2.1226930799129096,5.471859270885165,22–24,True,-2.1395524771117778
D3,2017-11-22 03:55:02.000000,1026,395.205552,385.54720593055555,9.658346069444463,-2.227391419545624,11.885737488990086,22–24,True,-2.2412193988944447
D3,2017-11-22 04:00:01.000000,1026,377.740733,385.5207686875,-7.780035687500003,-2.330203673476647,-5.4498320140233565,22–24,True,-2.341042885315326
D3,2017-11-22 04:05:00.000000,1026,392.218256,385.5394396875,6.6788163124999755,-2.431780763062717,9.110597075562692,22–24,True,-2.4396550565860275
D3,2017-11-22 04:10:02.000000,1026,379.701815,385.54991902430555,-5.848104024305542,-2.533074294704557,-3.315029729600985,22–24,True,-2.537979558542636
D3,2017-11-22 04:15:01.000000,1026,387.223905,385.4944435400697,1.7294614599302918,-2.632024003244642,4.361485463174933,22–24,True,-2.6340165147643333
D3,2017-11-22 04:20:02.000000,1026,385.171032,385.50587449305556,-0.3348424930555325,-2.73024376455278,2.3954012714972475,22–24,True,-2.7293323571444508
D3,2017-11-22 04:25:03.000000,1026,384.435612,385.4638512222222,-1.0282392222222256,-2.827020114178095,1.7987808919558694,22–24,True,-2.8232345871469633
D3,2017-11-22 04:30:04.000000,1026,391.942437,385.4127315104167,6.529705489583307,-2.9223066842513816,9.452012173834689,22–24,True,-2.915678213962279
D3,2017-11-22 04:35:01.000000,1026,396.55378,385.4127315104167,11.14104848958334,-3.014822220902259,14.1558707104856,22–24,True,-3.0054204742206405
D3,2017-11-22 04:40:00.000000,1026,369.360723,385.3740061527778,-16.013283152777774,-3.1064070367249803,-12.906876116052793,22–24,True,-3.0942466482258575
D3,2017-11-22 04:45:01.000000,1026,394.745995,385.3378869548611,9.408108045138874,-3.19698611654767,12.605094161686544,22–24,True,-3.182083708760483
D3,2017-11-22 04:50:00.000000,1026,374.676867,385.3262370486111,-10.649370048611104,-3.2853129749556818,-7.364057073655422,22–24,True,-3.2677229041454723
D3,2017-11-22 04:55:01.000000,1026,368.61015,385.28297324221455,-16.672823242214577,-3.3725268751517437,-13.300296367062833,22–24,True,-3.3522688313943743
D3,2017-11-22 05:00:02.000000,1026,383.02619,385.1841619550173,-2.157971955017331,-3.4579896304287057,1.3000176754113748,22–24,True,-3.4351026824666815
D3,2017-11-22 05:05:00.000000,1026,375.825802,385.07095665625,-9.245154656250008,-3.540835340257901,-5.704319315992107,22–24,True,-3.515385413120553
D3,2017-11-22 05:10:02.000000,1026,385.125036,385.0094346376307,0.1156013623693184,-3.622961131555837,3.7385624939251554,22–24,True,-3.5949553841395456
D3,2017-11-22 05:15:01.000000,1026,387.162666,384.987068728223,2.175597271777008,-3.702415617586281,5.878012889363289,22–24,True,-3.671921860854678
D3,2017-11-22 05:20:03.000000,1026,384.665413,385.06829664583336,-0.4028836458333558,-3.7807548161217914,3.3778711702884356,22–24,True,-3.7477921364553355
D3,2017-11-22 05:25:05.000000,1026,381.356325,385.056008375,-3.6996833749999496,-3.8571343218511047,0.15745094685115513,22–24,True,-3.8217481756130596
D3,2017-11-22 05:30:01.000000,1026,392.417415,385.056008375,7.361406625000029,-3.930059159747347,11.291465784747377,22–24,True,-3.8923429328158323
D3,2017-11-22 05:35:02.000000,1026,384.006675,384.91046766898955,-0.9037926689895812,-4.00221413336668,3.0984214643770986,22–24,True,-3.9621755118857696
D3,2017-11-22 05:40:03.000000,1026,387.22386,384.99728104513883,2.226578954861168,-4.072316263805489,6.298895218666657,22–24,True,-4.030003793866692
D3,2017-11-22 05:45:02.000000,1026,377.55695,384.94961864583337,-7.392668645833396,-4.139886989515712,-3.2527816563176843,22–24,True,-4.095364919332603
D3,2017-11-22 05:50:03.000000,1026,390.379763,384.9463735798611,5.433389420138951,-4.205797855605717,9.639187275744668,22–24,True,-4.159101933382971
D3,2017-11-22 05:55:04.000000,1026,384.757427,384.91121208333334,-0.1537850833333323,-4.2695583366731915,4.115773253339859,22–24,True,-4.220740298174701
D3,2017-11-22 06:00:03.000000,1026,378.568188,384.84652721180555,-6.27833921180553,-4.330735979882199,-1.9476032319233312,22–24,True,-4.279862151272644
D3,2017-11-22 06:05:03.000000,1026,386.136119,384.9122698062284,1.2238491937716276,-4.389926272950634,5.613775466722261,22–24,True,-4.337043071837899
D3,2017-11-22 06:10:02.000000,1026,390.962019,384.85541102083334,6.106607979166654,-4.4467066455350395,10.553314624701693,22–24,True,-4.391874834805343
D3,2017-11-22 06:15:04.000000,1026,376.147572,384.81780307291666,-8.670231072916636,-4.501787069712316,-4.1684440032043195,22–24,True,-4.4450428271608
D3,2017-11-22 06:20:03.000000,1026,396.155529,384.85323113541665,11.302297864583352,-4.5540472342744875,15.85634509885784,22–24,True,-4.495465635704733
D3,2017-11-22 06:25:04.000000,1026,376.34662,384.90161606574395,-8.554996065743978,-4.604347368938352,-3.9506486968056267,22–24,True,-4.543973365962345
D3,2017-11-22 06:30:05.000000,1026,380.008141,384.78966390625,-4.781522906249961,-4.652306163953088,-0.1292167422968733,22–24,True,-4.590198045831128
D3,2017-11-22 06:35:05.000000,1026,377.434362,384.78929203124994,-7.354930031249921,-4.697753103218755,-2.6571769280311663,22–24,True,-4.633975456062709
D3,2017-11-22 06:40:01.000000,1026,369.713224,384.78929203124994,-15.076068031249918,-4.740271103359839,-10.33579692789008,22–24,True,-4.674904521592285
D3,2017-11-22 06:45:01.000000,1026,387.377068,384.81721887152776,2.5598491284722513,-4.780989017062943,7.340838145535194,22–24,True,-4.71407190890064
D3,2017-11-22 06:50:01.000000,1026,372.470764,384.80764369444444,-12.336879694444463,-4.819297049875024,-7.517582644569439,22–24,True,-4.75089043209661
D3,2017-11-22 06:55:03.000000,1026,379.655774,384.79618128222995,-5.140407282229944,-4.85540798206424,-0.28499930016570385,22–24,True,-4.785564270480606
D3,2017-11-22 07:00:05.000000,1026,387.622156,384.80992989583336,2.8122261041666547,-4.8890409025966335,7.701267006763288,22–24,True,-4.817823341760458
D3,2017-11-22 07:05:04.000000,1026,383.118137,384.7590820313589,-1.6409450313589105,-4.919882580676615,3.278937549317704,22–24,True,-4.847367774082008
D3,2017-11-22 07:10:04.000000,1026,368.793933,384.71226488194446,-15.918331881944482,-4.948355532108606,-10.969976349835875,22–24,True,-4.874602716664785
D3,2017-11-22 07:15:02.000000,1026,386.932821,384.71226488194446,2.2205561180555264,-4.974173993501948,7.194730111557474,22–24,True,-4.899255050286447
D3,2017-11-22 07:20:01.000000,1026,396.017609,384.7290740208333,11.288534979166684,-4.997598060446471,16.286133039613155,22–24,True,-4.921573362992089
D3,2017-11-22 07:25:03.000000,1026,381.433007,384.7050522179931,-3.2720452179931385,-5.018723171775347,1.7466779537822088,22–24,True,-4.941647524091694
D3,2017-11-22 07:30:04.000000,1026,390.793457,384.6835395034722,6.109917496527771,-5.037234247161609,11.147151743689381,22–24,True,-4.959177530205745
D3,2017-11-22 07:35:00.000000,1026,385.554018,384.6835395034722,0.8704784965277668,-5.052952281767011,5.923430778294778,22–24,True,-4.973995897152678
D3,2017-11-22 07:40:03.000000,1026,379.043055,384.56499884083047,-5.521943840830488,-5.066481532204674,-0.4554623086258145,22–24,True,-4.986671509229363
D3,2017-11-22 07:45:02.000000,1026,386.228021,384.5176794583333,1.7103415416667076,-5.077286473401504,6.787628015068211,22–24,True,-4.996701231845813
D3,2017-11-22 07:50:02.000000,1026,389.552418,384.5140622847223,5.038355715277703,-5.085580895208314,10.123936610486016,22–24,True,-5.0042852523028385
D3,2017-11-22 07:55:03.000000,1026,377.311796,384.44232631707314,-7.130530317073124,-5.0913353231261596,-2.039194993946964,22–24,True,-5.009395111077257
D3,2017-11-22 08:00:01.000000,1026,380.758826,384.43028145486113,-3.671455454861132,-5.094496100518454,1.4230406456573226,22–24,True,-5.0119853423168745
D3,2017-11-22 08:05:03.000000,1026,386.8103,384.3900129513889,2.420287048611101,-5.095123146491856,7.515410195102957,22–24,True,-5.012103079718651
D3,2017-11-22 08:10:04.000000,1026,384.726741,384.3717763910035,0.35496460899651083,-5.093167354182251,5.448131963178762,22–24,True,-5.009708919411154
D3,2017-11-22 08:15:00.000000,1026,388.280983,384.3314991041667,3.949483895833282,-5.088732314431519,9.038216210264801,22–24,True,-5.004910423676347
D3,2017-11-22 08:20:00.000000,1026,389.368703,384.30692341319445,5.061779586805528,-5.0816980447821205,10.143477631587649,22–24,True,-4.997576389336459
D3,2017-11-22 08:25:03.000000,1026,388.311536,384.3184132986111,3.99312270138887,-5.0720020220751705,9.065124723464042,22–24,True,-4.987647851440792
D3,2017-11-22 08:30:00.000000,1026,375.5041,384.3184132986111,-8.814313298611125,-5.059975062199818,-3.754338236411307,22–24,True,-4.975461602741054
D3,2017-11-22 08:35:03.000000,1026,382.398094,384.31170627177704,-1.9136122717770263,-5.045137086667234,3.1315248148902075,22–24,True,-4.96053120643851
D3,2017-11-22 08:40:05.000000,1026,384.558112,384.32516953124997,0.232942468750025,-5.027774298537656,5.260716767287681,22–24,True,-4.943146783549709
D3,2017-11-22 08:45:00.000000,1026,377.173942,384.32516953124997,-7.151227531249958,-5.008341102163728,-2.1428864290862304,22–24,True,-4.923760401056543
D3,2017-11-22 08:50:03.000000,1026,377.37319,384.3716608263889,-6.998470826388882,-4.985846201191755,-2.0126246251971267,22–24,True,-4.901383467365856
D3,2017-11-22 08:55:00.000000,1026,380.26865,384.3716608263889,-4.103010826388925,-4.961314361890199,0.8583035355012747,22–24,True,-4.877035933706695
D3,2017-11-22 09:00:03.000000,1026,380.314579,384.4336316770833,-4.119052677083346,-4.933766350232991,0.8147136731496456,22–24,True,-4.84974592295575
D3,2017-11-22 09:05:03.000000,1026,382.076413,384.4130175605536,-2.33660456055361,-4.903996039075194,2.567391478521584,22–24,True,-4.820300561492345
D3,2017-11-22 09:10:00.000000,1026,391.942549,384.4363975416667,7.506151458333306,-4.872091859008643,12.37824331734195,22–24,True,-4.788786052999994
D3,2017-11-22 09:15:02.000000,1026,374.508305,384.458446799308,-9.950141799307971,-4.837185180241869,-5.112956619066102,22–24,True,-4.754344765038078
D3,2017-11-22 09:20:01.000000,1026,381.586059,384.40256523958334,-2.8165062395833615,-4.800192647385566,1.983686407802204,22–24,True,-4.71788148138048
D3,2017-11-22 09:25:02.000000,1026,398.867118,384.40793772569447,14.459180274305538,-4.760525629328788,19.219705903634328,22–24,True,-4.678815823379197
D3,2017-11-22 09:30:03.000000,1026,384.542891,384.42171497569444,0.12117602430555507,-4.718442442874135,4.83961846717969,22–24,True,-4.637402508735046
D3,2017-11-22 09:35:03.000000,1026,381.984466,384.4630587439446,-2.4785927439446027,-4.674114966171729,2.195522222227126,22–24,True,-4.593810530094464
D3,2017-11-22 09:40:04.000000,1026,381.080551,384.4261836875,-3.345632687499972,-4.627268932905861,1.2816362454058892,22–24,True,-4.547770171870964
D3,2017-11-22 09:45:03.000000,1026,383.470503,384.44052907266433,-0.9700260726643251,-4.578405189115025,3.6083791164507,22–24,True,-4.499773532295938
D3,2017-11-22 09:50:01.000000,1026,371.55145,384.4087356423611,-12.857285642361092,-4.527418293396064,-8.329867348965028,22–24,True,-4.449716658856092
D3,2017-11-22 09:55:03.000000,1026,377.694848,384.4679879965398,-6.77313999653984,-4.473442665297624,-2.299697331242216,22–24,True,-4.39675012511977
D3,2017-11-22 10:00:04.000000,1026,374.155871,384.45629080208334,-10.300419802083354,-4.417363330396606,-5.883056471686748,22–24,True,-4.341742761428611
D3,2017-11-22 10:05:03.000000,1026,376.607129,384.51310226388887,-7.905973263888882,-4.359427196849291,-3.546546067039591,22–24,True,-4.284936419476985
D3,2017-11-22 10:10:04.000000,1026,382.413403,384.50616597560975,-2.0927629756097303,-4.298886989067614,2.2061240134578837,22–24,True,-4.225598396027921
D3,2017-11-22 10:15:01.000000,1026,382.489996,384.4953886597222,-2.0053926597221903,-4.236999746767452,2.231607087045262,22–24,True,-4.164960562178483
D3,2017-11-22 10:20:05.000000,1026,372.225587,384.56338922648087,-12.337802226480846,-4.171470837989033,-8.166331388491813,22–24,True,-4.100774912156978
D3,2017-11-22 10:25:03.000000,1026,390.073369,384.597178912892,5.476190087108023,-4.105122385413785,9.581312472521809,22–24,True,-4.035805815439205
D3,2017-11-22 10:30:01.000000,1026,373.052931,384.5894368055556,-11.536505805555578,-4.036713476697262,-7.499792328858316,22–24,True,-3.968837595383704
D3,2017-11-22 10:35:02.000000,1026,392.861684,384.6029475659722,8.25873643402781,-3.96555693779558,12.22429337182339,22–24,True,-3.8991978215910272
D3,2017-11-22 10:40:02.000000,1026,381.218405,384.6702384375,-3.4518334374999995,-3.892611612499649,0.44077817499964933,22–24,True,-3.827825075582963
D3,2017-11-22 10:45:04.000000,1026,385.140301,384.7730644425087,0.3672365574913101,-3.817173088429326,4.184409645920637,22–24,True,-3.754030217037136
D3,2017-11-22 10:50:02.000000,1026,381.325661,384.76976546527777,-3.4441044652777464,-3.7407954415830753,0.2966909763053289,22–24,True,-3.679333294447848
D3,2017-11-22 10:55:01.000000,1026,380.682233,384.76976546527777,-4.087532465277775,-3.6622626536928964,-0.42526981158487853,22–24,True,-3.602544804597901
D3,2017-11-22 11:00:03.000000,1026,375.182441,384.78464840418116,-9.602207404181172,-3.581048945398509,-6.021158458782663,22–24,True,-3.5231509636886464
D3,2017-11-22 11:05:02.000000,1026,378.598741,384.7928518645833,-6.194110864583308,-3.4988061672258013,-2.695304697357507,22–24,True,-3.4427666069568024
D3,2017-11-22 11:10:05.000000,1026,384.987227,384.78162761458333,0.20559938541668998,-3.413639644161121,3.619239029577811,22–24,True,-3.359539949131066
D3,2017-11-22 11:15:01.000000,1026,377.112681,384.78162761458333,-7.668946614583319,-3.3287076043117656,-4.340239010271554,22–24,True,-3.276557060122193
D3,2017-11-22 11:20:02.000000,1026,388.495496,384.75481694791665,3.740679052083351,-3.2406253499474245,6.9813044020307755,22–24,True,-3.190510773992104
D3,2017-11-22 11:25:04.000000,1026,388.679323,384.7804037326389,3.898919267361123,-3.1505541424056953,7.049473409766819,22–24,True,-3.1025359375910067
D3,2017-11-22 11:30:03.000000,1026,388.326867,384.7712065951557,3.555660404844275,-3.059746389172936,6.615406794017211,22–24,True,-3.013855668884987
D3,2017-11-22 11:35:01.000000,1026,380.498339,384.7307205347222,-4.232381534722208,-2.96767013422558,-1.264711400496628,22–24,True,-2.923950200228454
D3,2017-11-22 11:40:02.000000,1026,382.183558,384.7292750622837,-2.5457170622836998,-2.873117676664173,0.3274006143804731,22–24,True,-2.8316404382011893
D3,2017-11-22 11:45:01.000000,1026,383.409243,384.730932625,-1.3216896249999763,-2.7776965431575924,1.456006918157616,22–24,True,-2.7384958467287284
D3,2017-11-22 11:50:04.000000,1026,391.023146,384.714078825784,6.309067174216011,-2.679523190263753,8.988590364479764,22–24,True,-2.6426779508521956
D3,2017-11-22 11:55:03.000000,1026,373.236691,384.6687478263889,-11.432056826388873,-2.581235967171486,-8.850820859217388,22–24,True,-2.546761798284739
D3,2017-11-22 12:00:02.000000,1026,393.336573,384.69454732291666,8.642025677083325,-2.4815948971179767,11.1236205742013,22–24,True,-2.449537071133058
D3,2017-11-22 12:05:01.000000,1026,384.098622,384.6754322996516,-0.5768102996516404,-2.3806470882370445,1.803836788585404,22–24,True,-2.351049735136528
D3,2017-11-22 12:10:05.000000,1026,390.5791,384.65699284375,5.922107156249979,-2.2767206947109337,8.198827850960912,22–24,True,-2.2496690032832616
D3,2017-11-22 12:15:03.000000,1026,390.379829,384.65699284375,5.7228361562499686,-2.1736312562556375,7.896467412505606,22–24,True,-2.1491168931007145
D3,2017-11-22 12:20:03.000000,1026,369.360746,384.6465133541667,-15.285767354166694,-2.068685028675879,-13.217082325490814,22–24,True,-2.0467657193896507
D3,2017-11-22 12:25:01.000000,1026,380.896746,384.64507714583334,-3.7483311458333333,-1.9633305255933609,-1.7850006202399724,22–24,True,-1.94402817770604
D3,2017-11-22 12:30:04.000000,1026,387.622223,384.57629729166666,3.045925708333357,-1.8551272992893477,4.901053007622704,22–24,True,-1.8385246172875453
D3,2017-11-22 12:35:02.000000,1026,374.661535,384.57629729166666,-9.914762291666648,-1.747697090461993,-8.167065201204654,22–24,True,-1.7337864165562324
D3,2017-11-22 12:40:01.000000,1026,367.997252,384.5877340208333,-16.590482020833292,-1.638948271504903,-14.951533749328389,22–24,True,-1.6277741288077654
D3,2017-11-22 12:45:00.000000,1026,379.07354,384.5762970590278,-5.502757059027829,-1.529291098743543,-3.973465960284286,22–24,True,-1.5208877438857162
D3,2017-11-22 12:50:01.000000,1026,380.498339,384.5681573159722,-4.069818315972213,-1.4180354274528093,-2.651782888519404,22–24,True,-1.4124546691234388
D3,2017-11-22 12:55:04.000000,1026,373.696292,384.51808106574396,-10.821789065743928,-1.305217796588239,-9.516571269155689,22–24,True,-1.3025107430413785
D3,2017-11-22 13:00:03.000000,1026,367.87473,384.56445492334495,-16.689724923344954,-1.193133676843998,-15.496591246500957,22–24,True,-1.1932928533579759
D3,2017-11-22 13:05:03.000000,1026,359.893039,384.52415280139377,-24.63111380139378,-1.079973667652147,-23.551140133741633,22–24,True,-1.0830377023716031
D3,2017-11-22 13:10:01.000000,1026,364.182612,384.5049613472222,-20.3223493472222,-0.966926011055075,-19.355423336167124,22–24,True,-0.9729029743873745
D3,2017-11-22 13:15:00.000000,1026,371.383022,384.457565125,-13.074543124999991,-0.8529094110817848,-12.221633713918207,22–24,True,-0.8618351806483158
D3,2017-11-22 13:20:00.000000,1026,377.281176,384.4075624340278,-7.126386434027779,-0.7379721179622163,-6.388414316065563,22–24,True,-0.7498814325694592
D3,2017-11-22 13:25:00.000000,1026,364.933275,384.38096502083334,-19.447690020833363,-0.6225492010265381,-18.825140819806826,22–24,True,-0.6374655603451178
D3,2017-11-22 13:30:05.000000,1026,381.84659,384.29283910726645,-2.4462491072664534,-0.5047613667824029,-1.9414877404840505,22–24,True,-0.5227575032848202
D3,2017-11-22 13:35:04.000000,1026,357.886095,384.2463642195122,-26.36026921951219,-0.38891443243919643,-25.971354787072993,22–24,True,-0.40995044090210286
D3,2017-11-22 13:40:03.000000,1026,361.79266,384.2192541215278,-22.426594121527785,-0.27275013314135554,-22.15384398838643,22–24,True,-0.2968450419355433
D3,2017-11-22 13:45:02.000000,1026,369.851033,384.2570936794425,-14.406060679442533,-0.156323388846618,-14.249737290595915,22–24,True,-0.18349478016123766
D3,2017-11-22 13:50:04.000000,1026,369.728489,384.29016263541666,-14.56167363541664,-0.03851813755570266,-14.523155497860937,22–24,True,-0.0688132453818664
D3,2017-11-22 13:55:02.000000,1026,383.010902,384.29016263541666,-1.2792606354166765,0.07787872881388536,-1.3571393642305618,22–24,True,0.04448662096672207
D3,2017-11-22 14:00:03.000000,1026,369.52933,384.25939013148786,-14.730060131487846,0.19554467409357112,-14.925604805581418,22–24,True,0.1590110962606599
D3,2017-11-22 14:05:01.000000,1026,371.030699,384.28810825087106,-13.257409250871035,0.31207903015088645,-13.569488281021922,22–24,True,0.2724236059067433
D3,2017-11-22 14:10:01.000000,1026,370.923376,384.26526822222223,-13.341892222222214,0.42938127579406027,-13.771273498016274,22–24,True,0.38657279675345535
D3,2017-11-22 14:15:00.000000,1026,377.174009,384.2704286909722,-7.096419690972198,0.54622295195303,-7.642642642925228,22–24,True,0.5002631772119446
D3,2017-11-22 14:20:05.000000,1026,363.830245,384.2007969895833,-20.370551989583305,0.6652803689616347,-21.03583235854494,22–24,True,0.6160986076135184
D3,2017-11-22 14:25:04.000000,1026,375.504189,384.1973684532872,-8.6931794532872,0.7818131936713426,-9.474992646958544,22–24,True,0.7294670398867209
D3,2017-11-22 14:30:04.000000,1026,365.117168,384.13105896875,-19.01389096874999,0.8984983830728481,-19.91238935182284,22–24,True,0.8429730084409701
D3,2017-11-22 14:35:05.000000,1026,367.445838,384.1159975813149,-16.67015958131492,1.0152777458248017,-17.68543732713972,22–24,True,0.9565598001262765
D3,2017-11-22 14:40:04.000000,1026,378.338254,384.1067773101045,-5.768523310104513,1.1309336230809803,-6.899456933185493,22–24,True,1.0690430988311188
D3,2017-11-22 14:45:03.000000,1026,372.10302,384.0344476236934,-11.931427623693367,1.2461883141407073,-13.177615937834073,22–24,True,1.1811254980964627
D3,2017-11-22 14:50:03.000000,1026,377.756042,384.0327392264808,-6.276697226480849,1.3613704468593948,-7.6380676733402435,22–24,True,1.2931265265492475
D3,2017-11-22 14:55:03.000000,1026,371.413619,384.00259384375,-12.588974843750009,1.4760390300333532,-14.065013873783363,22–24,True,1.40461731800792
D3,2017-11-22 15:00:05.000000,1026,367.706124,383.97913510069446,-16.273011100694475,1.5908981289196986,-17.863909229614173,22–24,True,1.516282316656605
D3,2017-11-22 15:05:04.000000,1026,380.05407,383.92370661111113,-3.8696366111111047,1.7039946728504822,-5.573631283961587,22–24,True,1.6262228194161656
D3,2017-11-22 15:10:05.000000,1026,379.012413,383.939345875,-4.926932875000034,1.8171687198153221,-6.744101594815357,22–24,True,1.7362275914114347
D3,2017-11-22 15:15:03.000000,1026,379.196218,383.94307770934256,-4.746859709342573,1.9284905574719935,-6.675350266814567,22–24,True,1.8444210144688211
D3,2017-11-22 15:20:04.000000,1026,383.148778,383.92828779238755,-0.7795097923875574,2.040148137753158,-2.8196579301407154,22–24,True,1.9529295537461289
D3,2017-11-22 15:25:01.000000,1026,392.800334,383.92227055555554,8.878063444444479,2.149496643534664,6.728566800909815,22–24,True,2.0591830390043953
D3,2017-11-22 15:30:02.000000,1026,377.633632,383.91237635069444,-6.278744350694467,2.2594289784530326,-8.538173329147499,22–24,True,2.165992492595504
D3,2017-11-22 15:35:02.000000,1026,375.841112,383.85811796527776,-8.017005965277747,2.3680536025235916,-10.385059567801338,22–24,True,2.2715199370651513
D3,2017-11-22 15:40:02.000000,1026,380.421813,383.72778092334494,-3.3059679233449515,2.475685550389096,-5.781653473734048,22–24,True,2.376071482266884
D3,2017-11-22 15:45:02.000000,1026,389.506556,383.70289680555555,5.803659194444435,2.5822735950716957,3.2213855993727396,22–24,True,2.4795973673276865
D3,2017-11-22 15:50:02.000000,1026,370.494439,383.64805313541666,-13.15361413541666,2.6877670064349033,-15.841381141851564,22–24,True,2.582048319533205
D3,2017-11-22 15:55:04.000000,1026,396.47721,383.5867733472222,12.890436652777794,2.7928072790890663,10.097629373688727,22–24,True,2.6840472136669598
D3,2017-11-22 16:00:02.000000,1026,401.762533,383.60714282578397,18.155390174216052,2.8952696374849496,15.260120536731103,22–24,True,2.783530915777772
D3,2017-11-22 16:05:02.000000,1026,405.22494,383.58450957491294,21.64043042508706,2.9971800971577127,18.643250327929348,22–24,True,2.882466665013269
D3,2017-11-22 16:10:03.000000,1026,408.580001,383.5645989477352,25.01540205226479,3.098131630658359,21.917270421606432,22–24,True,2.9804591307564943
D3,2017-11-22 16:15:03.000000,1026,388.786558,383.54837144250877,5.238186557491247,3.1974054427324208,2.040781114758826,22–24,True,3.076810586911497
D3,2017-11-22 16:20:03.000000,1026,396.998094,383.49719406249994,13.500899937500037,3.2952918520430448,10.205608085456992,22–24,True,3.171802869063665
D3,2017-11-22 16:25:02.000000,1026,403.953349,383.49719406249994,20.45615493750006,3.3914251948651746,17.064729742634885,22–24,True,3.2650811886483977
D3,2017-11-22 16:30:03.000000,1026,394.531527,383.4164200484429,11.115106951557095,3.4867167903588925,7.628390161198203,22–24,True,3.357529735044585
D3,2017-11-22 16:35:01.000000,1026,397.855991,383.3505283044983,14.505462695501706,3.579546376685059,10.925916318816647,22–24,True,3.44757665310512
D3,2017-11-22 16:40:01.000000,1026,403.279235,383.3532689094077,19.92596609059234,3.6714348320474697,16.25453125854487,22–24,True,3.53669729796
D3,2017-11-22 16:45:02.000000,1026,402.467244,383.3044265191638,19.162817480836168,3.7620084449488287,15.400809035887338,22–24,True,3.6245290106792427
D3,2017-11-22 16:50:03.000000,1026,386.105544,383.2847291114982,2.8208148885017863,3.850914875855276,-1.0300999873534895,22–24,True,3.7107300484683634
D3,2017-11-22 16:55:00.000000,1026,397.825305,383.275001375,14.550303625000026,3.9369641600648517,10.613339464935175,22–24,True,3.794146939126715
D3,2017-11-22 17:00:00.000000,1026,397.227894,383.31127974305554,13.916614256944456,4.022151796732695,9.894462460211761,22–24,True,3.8767142079677894
D3,2017-11-22 17:05:03.000000,1026,402.268041,383.2573410833333,19.01069991666668,4.106384449314446,14.904315467352234,22–24,True,3.9583409485629817
D3,2017-11-22 17:10:02.000000,1026,402.099613,383.2573410833333,18.842271916666675,4.187685287338635,14.65458662932804,22–24,True,4.037111563024024
D3,2017-11-22 17:15:02.000000,1026,408.380709,383.1931881875,25.187520812499997,4.26740236722991,20.920118445270088,22–24,True,4.114332384650678
D3,2017-11-22 17:20:04.000000,1026,400.874039,383.20334872569447,17.670690274305514,4.34573513854888,13.324955135756634,22–24,True,4.190196381599512
D3,2017-11-22 17:25:02.000000,1026,410.602188,383.20334872569447,27.398839274305544,4.421109498662926,22.97772977564262,22–24,True,4.263179222332696
D3,2017-11-22 17:30:02.000000,1026,403.034102,383.1724718780488,19.861630121951237,4.495026393934852,15.366603728016385,22–24,True,4.334734395354839
D3,2017-11-22 17:35:04.000000,1026,409.91272,383.08898065625,26.823739343749992,4.567410896537334,22.25632844721266,22–24,True,4.404789028100042
D3,2017-11-22 17:40:04.000000,1026,398.775171,383.0629154479167,15.71225555208332,4.6372698580074605,11.07498569407586,22–24,True,4.472381938984831
D3,2017-11-22 17:45:03.000000,1026,393.413165,383.0542445069444,10.358920493055564,4.704833643960998,5.654086849094566,22–24,True,4.537736290266394
D3,2017-11-22 17:50:02.000000,1026,423.624204,383.0460370865052,40.57816691349484,4.7703065814097245,35.80786033208511,22–24,True,4.601049819304075
D3,2017-11-22 17:55:01.000000,1026,399.633045,382.975851550173,16.65719344982699,4.833657716170818,11.823535733656172,22–24,True,4.662292592836448
D3,2017-11-22 18:00:00.000000,1026,402.589788,382.9696655243055,19.620122475694473,4.894857097203688,14.725265378490786,22–24,True,4.7214356566103195
D3,2017-11-22 18:05:00.000000,1026,403.846137,382.9508345069445,20.89530249305551,4.954069487321473,15.941233005734038,22–24,True,4.778638135637793
D3,2017-11-22 18:10:05.000000,1026,404.121844,382.8510951493056,21.270748850694417,5.011989219122853,16.258759631571564,22–24,True,4.834570156875419
D3,2017-11-22 18:15:03.000000,1026,397.442385,382.8356390934256,14.606745906574417,5.066332633269912,9.540413273304505,22–24,True,4.887026652940191
D3,2017-11-22 18:20:01.000000,1026,408.350201,382.8588615486111,25.49133945138891,5.11842939296316,20.372910058425752,22–24,True,4.937291920191976
D3,2017-11-22 18:25:03.000000,1026,398.836476,382.8220508229167,16.014425177083297,5.168908277951116,10.84551689913218,22–24,True,4.985972156872209
D3,2017-11-22 18:30:02.000000,1026,392.06507,382.82976421527775,9.235305784722243,5.216563952750907,4.018741831971336,22–24,True,5.031904850944912
D3,2017-11-22 18:35:00.000000,1026,399.69444,382.8111994548611,16.883240545138904,5.261739174499851,11.621501370639052,22–24,True,5.075420890342857
D3,2017-11-22 18:40:01.000000,1026,400.062005,382.83598793402774,17.226017065972258,5.304995259142635,11.921021806829621,22–24,True,5.117060700476762
D3,2017-11-22 18:45:04.000000,1026,393.765599,382.852406369338,10.913192630662024,5.346108213422735,5.56708441723929,22–24,True,5.156607930027279
D3,2017-11-22 18:50:03.000000,1026,397.01327,382.88096449477354,14.13230550522644,5.384268464488911,8.748037040737529,22–24,True,5.193284146100741
D3,2017-11-22 18:55:03.000000,1026,387.40771,382.81459340138406,4.59311659861595,5.420132137847039,-0.8270155392310894,22–24,True,5.227720449365084
D3,2017-11-22 19:00:00.000000,1026,394.623384,382.82556152430556,11.797822475694431,5.453228484616972,6.34459399107746,22–24,True,5.259465174242868
D3,2017-11-22 19:05:04.000000,1026,373.405298,382.76423383391,-9.358935833909982,5.484606736459413,-14.843542570369394,22–24,True,5.289523952966485
D3,2017-11-22 19:10:02.000000,1026,369.575259,382.7630050034722,-13.18774600347217,5.512898096951108,-18.70064410042328,22–24,True,5.316585345833294
D3,2017-11-22 19:15:03.000000,1026,383.807427,382.8294980347222,0.9779289652778402,5.538980639060054,-4.561051673782214,22–24,True,5.341489913149844
D3,2017-11-22 19:20:02.000000,1026,390.257241,382.75050432986114,7.506736670138878,5.56239637514144,1.9443402949974375,22–24,True,5.3638001112503595
D3,2017-11-22 19:25:02.000000,1026,385.385545,382.730307083045,2.655237916955002,5.583381590638339,-2.928143673683337,22–24,True,5.383741336176301
D3,2017-11-22 19:30:03.000000,1026,376.239408,382.7493374290658,-6.509929429065778,5.6019011195131,-12.111830548578878,22–24,True,5.401279574745702
D3,2017-11-22 19:35:01.000000,1026,370.877447,382.7115367317073,-11.834089731707309,5.6177253529125135,-17.451815084619824,22–24,True,5.4161980618882275
D3,2017-11-22 19:40:02.000000,1026,376.178169,382.7018841493056,-6.523715149305588,5.631165304944667,-12.154880454250254,22–24,True,5.428790009910312
D3,2017-11-22 19:45:04.000000,1026,393.152723,382.6492221388889,10.503500861111092,5.642074376709902,4.86142648440119,22–24,True,5.438916198280323
D3,2017-11-22 19:50:03.000000,1026,387.698905,382.6251691916376,5.0737358083624144,5.650328428641631,-0.5765926202792162,22–24,True,5.446462554131772
D3,2017-11-22 19:55:04.000000,1026,380.973406,382.6029632334495,-1.629557233449475,5.6560743067295896,-7.285631540179065,22–24,True,5.451564090563728
D3,2017-11-22 20:00:02.000000,1026,382.306124,382.6271444599303,-0.3210204599303097,5.659226612494329,-5.980247072424639,22–24,True,5.454146076353073
D3,2017-11-22 20:05:00.000000,1026,374.829985,382.64757353125,-7.817588531249953,5.659853828166151,-13.477442359416104,22–24,True,5.454270501970633
D3,2017-11-22 20:10:03.000000,1026,379.119647,382.65874366782003,-3.539096667820047,5.657902272574252,-9.196998940394298,22–24,True,5.45187720256815
D3,2017-11-22 20:15:01.000000,1026,381.478936,382.63194841811844,-1.1530124181184647,5.653437267507579,-6.806449685626044,22–24,True,5.447046285829515
D3,2017-11-22 20:20:02.000000,1026,381.923227,382.5840133344948,-0.6607863344947873,5.646366734296089,-6.307153068790877,22–24,True,5.439675335602598
D3,2017-11-22 20:25:02.000000,1026,383.240614,382.5926769340278,0.6479370659722008,5.636762456493323,-4.988825390521122,22–24,True,5.429840960093615
D3,2017-11-22 20:30:01.000000,1026,389.016336,382.592447923345,6.423888076655032,5.624654510169503,0.7992335664855297,22–24,True,5.417572652335514
D3,2017-11-22 20:35:03.000000,1026,391.865867,382.57650615625,9.28936084374999,5.609861242450032,3.6794996012999572,22–24,True,5.402687385322989
D3,2017-11-22 20:40:04.000000,1026,386.565123,382.6132080103806,3.951914989619411,5.59256017822606,-1.6406451886066495,22–24,True,5.385364641845439
D3,2017-11-22 20:45:02.000000,1026,389.613791,382.62538348780487,6.988407512195124,5.572925187019493,1.4154823251756312,22–24,True,5.365777055536574
D3,2017-11-22 20:50:02.000000,1026,389.047,382.6690650902778,6.377934909722228,5.55064881074693,0.8272860989752981,22–24,True,5.343617594267574
D3,2017-11-22 20:55:01.000000,1026,390.47171,382.67806926480836,7.793640735191616,5.525951780361343,2.267688954830273,22–24,True,5.319106110591082
D3,2017-11-22 21:00:01.000000,1026,392.968874,382.6891191423611,10.27975485763892,5.498680659358188,4.7810741982807325,22–24,True,5.29209032075809
D3,2017-11-22 21:05:00.000000,1026,378.476152,382.7395474097222,-4.263395409722193,5.469030141265261,-9.732425550987454,22–24,True,5.262763095440404
D3,2017-11-22 21:10:04.000000,1026,381.34106,382.68156499305553,-1.3405049930555037,5.436369884725287,-6.776874877780791,22–24,True,5.230501810672891
D3,2017-11-22 21:15:00.000000,1026,390.778058,382.68156499305553,8.096493006944456,5.402148647407947,2.694344359536509,22–24,True,5.196736944330071
D3,2017-11-22 21:20:03.000000,1026,374.9066,382.7031574878049,-7.796557487804876,5.3646612510603955,-13.161218738865271,22–24,True,5.159785877153478
D3,2017-11-22 21:25:02.000000,1026,390.395184,382.71332233333334,7.681861666666634,5.325249785111585,2.3566118815550494,22–24,True,5.120972002263675
D3,2017-11-22 21:30:04.000000,1026,384.190569,382.6476270625,1.5429419374999611,5.2830227826242915,-3.7400808451243304,22–24,True,5.0794172109115
D3,2017-11-22 21:35:02.000000,1026,389.93556,382.6476270625,7.287932937499988,5.23899081082881,2.0489421266711787,22–24,True,5.0361158340499745
D3,2017-11-22 21:40:01.000000,1026,387.530298,382.65831926388887,4.871978736111146,5.192471636588735,-0.32049290047758916,22–24,True,4.9903965352125415
D3,2017-11-22 21:45:01.000000,1026,388.572,382.60801365051907,5.963986349480933,5.143463853468191,0.8205224960127424,22–24,True,4.9422581994936206
D3,2017-11-22 21:50:01.000000,1026,393.872722,382.6050188958333,11.267703104166685,5.092142449178864,6.175560654987821,22–24,True,4.891872837740571
D3,2017-11-22 21:55:01.000000,1026,388.633283,382.66890569444445,5.9643773055555585,5.038531849929635,0.9258454556259235,22–24,True,4.839264430656729
D3,2017-11-22 22:00:02.000000,1026,383.133469,382.70858860416666,0.42488039583332693,4.98246756789076,-4.557587172057433,22–24,False,4.784271682232866
D3,2017-11-22 22:05:02.000000,1026,404.397596,382.7620619446367,21.635534055363337,4.924348792044102,16.711185263319237,22–24,False,4.727286151915655
D3,2017-11-22 22:10:04.000000,1026,381.402299,382.78490938408305,-1.3826103840830228,4.863611144850412,-6.246221528933435,22–24,False,4.667754574912399
D3,2017-11-22 22:15:04.000000,1026,403.75419,382.7983808263889,20.9558091736111,4.80108797459258,16.15472119901852,22–24,False,4.606493751671678
D3,2017-11-22 22:20:05.000000,1026,393.658342,382.82270566435983,10.835636335640174,4.736194993771831,6.099441341868343,22–24,False,4.5429310910414555
D3,2017-11-22 22:25:03.000000,1026,382.367452,382.85950121527776,-0.4920492152777456,4.669846541196583,-5.161895756474329,22–24,False,4.477961994323683
D3,2017-11-22 22:30:02.000000,1026,395.174888,382.83100257142854,12.343885428571468,4.60120463948937,7.742680789082098,22–24,False,4.410765718303318
D3,2017-11-22 22:35:02.000000,1026,404.366976,382.8481710347222,21.51880496527781,4.530281093578378,16.98852387169943,22–24,False,4.341354000475505
D3,2017-11-22 22:40:02.000000,1026,395.481304,382.8368067577855,12.644497242214527,4.457335768282446,8.18716147393208,22–24,False,4.26998125446744
D3,2017-11-22 22:45:04.000000,1026,375.703259,382.82456169896193,-7.121302698961927,4.381897244212124,-11.50319994317405,22–24,False,4.196186395921613
D3,2017-11-22 22:50:00.000000,1026,396.232077,382.81652093749994,13.415556062500059,4.30603853722506,9.109517525274999,22–24,False,4.121996940126243
D3,2017-11-22 22:55:03.000000,1026,385.753199,382.7907216736111,2.962477326388921,4.2264551857050865,-1.2639778593161655,22–24,False,4.044181220799405
D3,2017-11-22 23:00:03.000000,1026,387.147245,382.7907216736111,4.356523326388924,4.145773101181308,0.2107502252076161,22–24,False,3.965307142573126
D3,2017-11-22 23:05:04.000000,1026,385.707226,382.8631189305555,2.844107069444476,4.062974141500333,-1.2188670720558568,22–24,False,3.8843792229925613
D3,2017-11-22 23:10:04.000000,1026,381.846523,382.8631189305555,-1.0165959305555248,3.978647851934328,-4.995243782489853,22–24,False,3.8019736851474577
D3,2017-11-22 23:15:05.000000,1026,376.300646,382.87498146875004,-6.574335468750064,3.892272482488098,-10.466607951238162,22–24,False,3.717580663262905
D3,2017-11-22 23:20:04.000000,1026,382.689177,382.854873875,-0.16569687500003738,3.804758549333301,-3.9704554243333385,22–24,False,3.6320897041018783
D3,2017-11-22 23:25:04.000000,1026,379.472014,382.86331252249136,-3.391298522491354,3.715278298188493,-7.106576820679847,22–24,False,3.544692116475484
D3,2017-11-22 23:30:02.000000,1026,381.065286,382.8431180416667,-1.7778320416666702,3.6247769073877913,-5.4026089490544615,22–24,False,3.4563110098524352
D3,2017-11-22 23:35:02.000000,1026,379.027678,382.82689371428575,-3.799215714285765,3.532082715426973,-7.331298429712739,22–24,False,3.3658021726420086
D3,2017-11-22 23:40:01.000000,1026,392.279428,382.8448738993056,9.434554100694413,3.438158488561446,5.996395612132967,22–24,False,3.2741057402682565
D3,2017-11-22 23:45:04.000000,1026,394.163739,382.84184146527775,11.321897534722268,3.3414558895887088,7.98044164513356,22–24,False,3.179710300359668
D3,2017-11-22 23:50:04.000000,1026,371.658751,382.84184146527775,-11.183090465277758,3.244247346046554,-14.427337811324312,22–24,False,3.0848341297366764
D3,2017-11-22 23:55:03.000000,1026,387.806139,382.8595491730104,4.946589826989566,3.1459601229542833,1.8006297040352828,22–24,False,2.988917977169216
