date,level,n_observations,offset_ppm,cosine_ppm,sine_ppm,amplitude_ppm,peak_hour_local,peak_time_local,r_squared,sensorid,phase_status,phase_note
2017-10-02,D1,288,-0.35008977745478886,-10.216088967851913,-21.955849098357525,24.216271047147465,16.336491442904872,16:20,0.8560327498363475,994,not_assessed,Надёжность отдельно не установлена; R² сохранён без порога
2017-10-02,D2,288,-0.4578119684915209,6.837708209644284,-14.333503310896736,15.880918447108925,19.70021227970412,19:42,0.8096066552909518,1010,not_assessed,Надёжность отдельно не установлена; R² сохранён без порога
2017-10-02,D3,288,-0.61498861407116,5.6303746749581975,0.029832368852849678,5.630453707352721,0.020238473540137775,00:01,0.3150365840262026,1026,not_assessed,Надёжность отдельно не установлена; R² сохранён без порога
2017-10-03,D1,288,1.77067832064572,-15.965197832121572,-23.618483945080747,28.50825013365107,15.729520046333123,15:44,0.7970093291582456,994,not_assessed,Надёжность отдельно не установлена; R² сохранён без порога
2017-10-03,D2,288,2.194253122981684,9.17945794387938,-22.232790219392626,24.053261921888488,19.49564767322173,19:30,0.8323830185011417,1010,not_assessed,Надёжность отдельно не установлена; R² сохранён без порога
2017-10-03,D3,288,1.2302353407523907,12.19706192979362,-4.9564746631939425,13.165673579657987,22.525655560196494,22:32,0.6647602222438829,1026,not_assessed,Надёжность отдельно не установлена; R² сохранён без порога
2017-10-04,D1,288,-0.613290056489964,-24.987907120867753,-25.18517076521081,35.47799781207985,15.015017769836849,15:01,0.7656673303818782,994,not_assessed,Надёжность отдельно не установлена; R² сохранён без порога
2017-10-04,D2,288,1.2435875436846386,3.5831662340076056,-37.914038398786545,38.08298029258205,18.35992355249151,18:22,0.8003419677868283,1010,not_assessed,Надёжность отдельно не установлена; R² сохранён без порога
2017-10-04,D3,288,0.7473114732757892,10.96731292258157,-17.42441826981425,20.58864504486056,20.14581438581315,20:09,0.7160240298881677,1026,not_assessed,Надёжность отдельно не установлена; R² сохранён без порога
2017-10-07,D1,288,0.18295078552731805,-25.53892359722543,-13.778531388403648,29.01869303959333,13.889823447697419,13:53,0.6949716382802227,994,not_assessed,Надёжность отдельно не установлена; R² сохранён без порога
2017-10-07,D2,288,0.09791439852084477,1.9650443859361335,-27.261931577773527,27.332660185022323,18.274850587494775,18:16,0.8555527931907965,1010,not_assessed,Надёжность отдельно не установлена; R² сохранён без порога
2017-10-07,D3,288,0.03559797667532626,11.735102426331405,-7.626275141221107,13.995452886066111,21.798761560709487,21:48,0.6816133784314391,1026,not_assessed,Надёжность отдельно не установлена; R² сохранён без порога
2017-10-08,D1,288,-0.585662729841805,-27.41649223642805,-12.238514623162288,30.02407844932924,13.603708189763797,13:36,0.6921627980326996,994,not_assessed,Надёжность отдельно не установлена; R² сохранён без порога
2017-10-08,D2,288,-0.12440631202471449,-0.07302229860836462,-27.085462095703477,27.08556052943863,17.989702078629996,17:59,0.8604249000095121,1010,not_assessed,Надёжность отдельно не установлена; R² сохранён без порога
2017-10-08,D3,288,-0.008402383094738898,11.26430170977384,-6.943558371890549,13.232441039833322,21.889961646498833,21:53,0.6723649127779878,1026,not_assessed,Надёжность отдельно не установлена; R² сохранён без порога
2017-10-09,D1,288,0.1328075822140621,-26.939874802276577,-11.285194664037569,29.20808917008366,13.515263778748158,13:31,0.7488268780291019,994,not_assessed,Надёжность отдельно не установлена; R² сохранён без порога
2017-10-09,D2,288,0.04779393681487821,-1.1517324373656894,-26.761855225000357,26.786626937544025,17.83571464635236,17:50,0.8685114969348693,1010,not_assessed,Надёжность отдельно не установлена; R² сохранён без порога
2017-10-09,D3,288,0.015469626838802238,10.655723826018349,-8.26695809631424,13.486550575391423,21.47965727534648,21:29,0.6815248439457631,1026,not_assessed,Надёжность отдельно не установлена; R² сохранён без порога
2017-10-10,D1,288,0.1125738877574585,-27.66524017029543,-11.598119542830322,29.998031445578402,13.51632866072975,13:31,0.7589797643191114,994,not_assessed,Надёжность отдельно не установлена; R² сохранён без порога
2017-10-10,D2,288,-0.08998415694890731,-0.3770710867311138,-27.43912012004308,27.44171087171136,17.94751235479046,17:57,0.8597148640336758,1010,not_assessed,Надёжность отдельно не установлена; R² сохранён без порога
2017-10-10,D3,288,-0.19238651500065612,9.903336087414282,-7.583106746118309,12.473154115271207,21.5038848884767,21:30,0.6903865828255569,1026,not_assessed,Надёжность отдельно не установлена; R² сохранён без порога
2017-10-11,D1,288,-0.2913569130091918,-26.666521090697458,-10.10261402915162,28.51606840542054,13.383279840726189,13:23,0.8051639247881692,994,not_assessed,Надёжность отдельно не установлена; R² сохранён без порога
2017-10-11,D2,288,-0.07774479153844202,-0.6271192983091964,-26.029644515758193,26.037197856740505,17.907991215291627,17:54,0.8697016634059161,1010,not_assessed,Надёжность отдельно не установлена; R² сохранён без порога
2017-10-11,D3,288,-0.12777926216749588,9.652900228675373,-6.951804037531199,11.895632063955077,21.615960384254457,21:37,0.6161109057304521,1026,not_assessed,Надёжность отдельно не установлена; R² сохранён без порога
2017-10-15,D1,288,0.04525853062462611,-23.046455341033248,-12.477564477154809,26.207417252903717,13.895434996669355,13:54,0.776305861207709,994,not_assessed,Надёжность отдельно не установлена; R² сохранён без порога
2017-10-15,D2,288,-0.2088706752834869,2.4184339316438823,-24.764351662217557,24.882160998026357,18.371846484657283,18:22,0.864368484130388,1010,not_assessed,Надёжность отдельно не установлена; R² сохранён без порога
2017-10-15,D3,288,-0.04308070188694628,11.931760062436348,-6.47558251656962,13.575716081166886,22.100700908579118,22:06,0.6819124508769447,1026,not_assessed,Надёжность отдельно не установлена; R² сохранён без порога
2017-10-16,D1,288,-0.5273386718138464,-24.788963167012597,-8.899873088854033,26.338193481961046,13.316629252023457,13:19,0.7567518293859676,994,not_assessed,Надёжность отдельно не установлена; R² сохранён без порога
2017-10-16,D2,288,-0.022235987523175096,-0.5874386477515081,-24.467420799881328,24.474471695285633,17.908309936967708,17:54,0.8284370585842062,1010,not_assessed,Надёжность отдельно не установлена; R² сохранён без порога
2017-10-16,D3,288,0.01745736057054554,9.981808679491674,-7.173475492523272,12.292080993705147,21.61979349364714,21:37,0.6158028766189579,1026,not_assessed,Надёжность отдельно не установлена; R² сохранён без порога
2017-10-17,D1,288,-0.06214362582555528,-16.98096050467636,-8.319055031080612,18.90924896106469,13.740030533590643,13:44,0.6958441746025787,994,not_assessed,Надёжность отдельно не установлена; R² сохранён без порога
2017-10-17,D2,288,-0.9150892757649172,-2.1021848780101067,-19.331155329041373,19.44512143487047,17.58624692211892,17:35,0.8228923919946731,1010,not_assessed,Надёжность отдельно не установлена; R² сохранён без порога
2017-10-17,D3,288,0.18240518549096846,8.985571038994305,-6.374345143327103,11.01693073877979,21.643212723873507,21:39,0.5562703352715275,1026,not_assessed,Надёжность отдельно не установлена; R² сохранён без порога
2017-10-18,D1,288,0.4675255548650344,-21.986306857148644,-9.026365795226424,23.7670563740219,13.488023388130012,13:29,0.7023978910562767,994,not_assessed,Надёжность отдельно не установлена; R² сохранён без порога
2017-10-18,D2,288,0.8584726639924914,-0.8575591886919831,-21.949694503050832,21.966440233669406,17.850842129799513,17:51,0.8048676243383655,1010,not_assessed,Надёжность отдельно не установлена; R² сохранён без порога
2017-10-18,D3,288,0.012625549756448346,8.274615533453463,-7.938543146614201,11.466897118101507,21.07916521247044,21:05,0.565325137247131,1026,not_assessed,Надёжность отдельно не установлена; R² сохранён без порога
2017-10-19,D1,288,0.16795501530298385,-18.389554259708966,-11.995547893856296,21.956066932503653,14.207766744972723,14:12,0.7600088424377736,994,not_assessed,Надёжность отдельно не установлена; R² сохранён без порога
2017-10-19,D2,288,-0.5559937304084865,-0.636092752029759,-19.4716720711668,19.482059111814696,17.87526332709253,17:53,0.8361202204269924,1010,not_assessed,Надёжность отдельно не установлена; R² сохранён без порога
2017-10-19,D3,288,-0.3254241561005204,7.106944969992261,-5.470993480373165,8.968859262402548,21.494038870242406,21:30,0.4524073978388602,1026,not_assessed,Надёжность отдельно не установлена; R² сохранён без порога
2017-10-20,D1,288,-0.4562394775324915,-22.47472506781162,-8.332340053962792,23.969588182707533,13.356126246164607,13:21,0.7503497786720321,994,not_assessed,Надёжность отдельно не установлена; R² сохранён без порога
2017-10-20,D2,288,0.4062373497112296,-0.5739582239178667,-21.205875359976993,21.213641314627772,17.896640729505076,17:54,0.7912547398674472,1010,not_assessed,Надёжность отдельно не установлена; R² сохранён без порога
2017-10-20,D3,288,0.4198719332588749,8.872494799780531,-6.250226263789042,10.852948554226677,21.655815378502755,21:39,0.536708797744511,1026,not_assessed,Надёжность отдельно не установлена; R² сохранён без порога
2017-10-21,D1,288,-0.05320430647286672,-22.175242015225884,-9.548633405935762,24.143689824771847,13.553110347603948,13:33,0.758317009847797,994,not_assessed,Надёжность отдельно не установлена; R² сохранён без порога
2017-10-21,D2,288,0.10636120025176406,0.5257755439463985,-21.572436747054965,21.578843044248213,18.093077900608556,18:06,0.8234496326403178,1010,not_assessed,Надёжность отдельно не установлена; R² сохранён без порога
2017-10-21,D3,288,-0.07922928452995358,10.18597683823867,-6.711706226757112,12.198406642813021,21.77456409038747,21:46,0.6008537928684803,1026,not_assessed,Надёжность отдельно не установлена; R² сохранён без порога
2017-10-22,D1,288,0.3575151414385434,-22.963893137699017,-8.867719799478937,24.61659689075098,13.40763527473687,13:24,0.7692123149269395,994,not_assessed,Надёжность отдельно не установлена; R² сохранён без порога
2017-10-22,D2,288,0.29654885943067516,-0.42693712334865097,-23.698689897843224,23.702535269068363,17.931194369609557,17:56,0.8447373595817562,1010,not_assessed,Надёжность отдельно не установлена; R² сохранён без порога
2017-10-22,D3,288,0.051439000337575216,10.5061507329075,-6.882896119531113,12.55999451492035,21.784665545441655,21:47,0.5909688705157055,1026,not_assessed,Надёжность отдельно не установлена; R² сохранён без порога
2017-10-25,D1,288,-0.08610028189897147,-19.975123774807535,-10.337279965255334,22.491441192127965,13.824127460447421,13:49,0.7040194508172369,994,not_assessed,Надёжность отдельно не установлена; R² сохранён без порога
2017-10-25,D2,288,-0.05692067660206157,0.5723584994227136,-21.91963337202394,21.927104720318347,18.099716620065493,18:06,0.8375701370271966,1010,not_assessed,Надёжность отдельно не установлена; R² сохранён без порога
2017-10-25,D3,288,0.10150606186720948,9.230225944171872,-5.141047964379786,10.565389020406068,22.058872216666387,22:04,0.57479751620289,1026,not_assessed,Надёжность отдельно не установлена; R² сохранён без порога
2017-10-26,D1,288,0.021369176550336155,-20.956378707013478,-11.313351114218811,23.815157399130577,13.890833188567779,13:53,0.6027374131871881,994,not_assessed,Надёжность отдельно не установлена; R² сохранён без порога
2017-10-26,D2,288,0.018671183736583292,0.21718054401114362,-21.18566393334167,21.18677709528259,18.039155700564784,18:02,0.8225385257420191,1010,not_assessed,Надёжность отдельно не установлена; R² сохранён без порога
2017-10-26,D3,288,-0.0034083347730274214,9.957903583912335,-5.676634445831313,11.46228696282259,22.020941767507257,22:01,0.5616814026368415,1026,not_assessed,Надёжность отдельно не установлена; R² сохранён без порога
2017-10-27,D1,288,0.44512008475118525,-18.5765558971085,-13.354845585633733,22.878818361412755,14.380845485846164,14:23,0.7528110302235392,994,not_assessed,Надёжность отдельно не установлена; R² сохранён без порога
2017-10-27,D2,288,-0.20097873274165068,1.6725407418983327,-21.795508896630604,21.859588298877306,18.292543704305466,18:18,0.8295088790239986,1010,not_assessed,Надёжность отдельно не установлена; R² сохранён без порога
2017-10-27,D3,288,-0.2978827260438809,9.456043572496931,-4.858313044536018,10.63108487802018,22.187124679569116,22:11,0.5712338331061747,1026,not_assessed,Надёжность отдельно не установлена; R² сохранён без порога
2017-10-28,D1,288,-0.12761252391679612,-17.689531279576734,-10.566576853774029,20.605146524541794,14.056756780353785,14:03,0.7355817068108743,994,not_assessed,Надёжность отдельно не установлена; R² сохранён без порога
2017-10-28,D2,288,0.0408122888297301,2.6806455953656654,-18.991292645324958,19.17954788696353,18.535619771367575,18:32,0.7933956587460466,1010,not_assessed,Надёжность отдельно не установлена; R² сохранён без порога
2017-10-28,D3,288,0.38827322349418986,9.933999954785362,-4.43899964891004,10.88067428906403,22.394837318522047,22:24,0.5699317837824629,1026,not_assessed,Надёжность отдельно не установлена; R² сохранён без порога
2017-10-29,D1,288,-0.2920551965662548,-19.220063501252163,-10.557664765176312,21.928865139035604,13.918678958853938,13:55,0.6221242899364798,994,not_assessed,Надёжность отдельно не установлена; R² сохранён без порога
2017-10-29,D2,288,-0.0781790186057667,1.75393577940077,-19.484477969544542,19.563260783006722,18.34291568064971,18:21,0.8025455501432804,1010,not_assessed,Надёжность отдельно не установлена; R² сохранён без порога
2017-10-29,D3,288,-0.18053790160034705,8.803946884262473,-5.126563274885503,10.187793271966195,21.985842355834528,21:59,0.4959280278506467,1026,not_assessed,Надёжность отдельно не установлена; R² сохранён без порога
2017-10-30,D1,288,-0.16885691668452754,-13.941417175200257,-9.145321838682086,16.67333273182192,14.21761084374343,14:13,0.6758452625699052,994,not_assessed,Надёжность отдельно не установлена; R² сохранён без порога
2017-10-30,D2,288,-1.0010870603055033,1.6648673358743924,-13.788164050954443,13.888313473640128,18.45899416398652,18:28,0.7502238912711336,1010,not_assessed,Надёжность отдельно не установлена; R² сохранён без порога
2017-10-30,D3,288,-0.3023885322334861,7.164993109408499,-2.154303582695717,7.481854728894893,22.884367088164552,22:53,0.36404337042045753,1026,not_assessed,Надёжность отдельно не установлена; R² сохранён без порога
2017-10-31,D1,288,-0.5823975739206513,-16.789851133120422,-7.3030002931336355,18.309366847432358,13.567157444537525,13:34,0.6232559248371519,994,not_assessed,Надёжность отдельно не установлена; R² сохранён без порога
2017-10-31,D2,288,0.31405049538408547,0.20595210799016694,-14.851081055882144,14.85250904053477,18.052967772316933,18:03,0.7338515284044049,1010,not_assessed,Надёжность отдельно не установлена; R² сохранён без порога
2017-10-31,D3,288,0.08881539006650671,6.871870537607294,-3.6934963321233956,7.801571626348382,22.116189183078177,22:07,0.40174345753819163,1026,not_assessed,Надёжность отдельно не установлена; R² сохранён без порога
2017-11-01,D1,288,1.00566377296283,-20.250728409187904,-9.5010307029905,22.368763611828395,13.675636845332171,13:41,0.6835738575208025,994,not_assessed,Надёжность отдельно не установлена; R² сохранён без порога
2017-11-01,D2,288,0.8258451355061689,0.5059724787840114,-19.59203746521965,19.59856985057474,18.0986238932164,18:06,0.8137090267552166,1010,not_assessed,Надёжность отдельно не установлена; R² сохранён без порога
2017-11-01,D3,288,0.286608933462064,8.961484991714135,-5.560748982383396,10.546570177161657,21.87864782349443,21:53,0.5341319989482161,1026,not_assessed,Надёжность отдельно не установлена; R² сохранён без порога
2017-11-16,D1,288,-0.2748825443755647,-17.26789391924448,-9.831492966645367,19.87054137056859,13.977004456289816,13:59,0.6978185768142413,994,not_assessed,Надёжность отдельно не установлена; R² сохранён без порога
2017-11-16,D2,288,-0.20649168285888486,2.5652822229051075,-19.2260272594163,19.39641196363316,18.506663248008216,18:30,0.8115231844930485,1010,not_assessed,Надёжность отдельно не установлена; R² сохранён без порога
2017-11-16,D3,288,-0.6363756008983444,8.076197836222045,-3.90276420029217,8.969756958406387,22.280545333109078,22:17,0.44119372300925785,1026,not_assessed,Надёжность отдельно не установлена; R² сохранён без порога
2017-11-17,D1,288,0.0009498648980162967,-20.744866194876746,-10.114182345392953,23.079128188889598,13.732773278433623,13:44,0.71901850329955,994,not_assessed,Надёжность отдельно не установлена; R² сохранён без порога
2017-11-17,D2,288,0.4367702916338156,-4.855451582934393,-21.626772432571826,22.165123413246967,17.15641857485107,17:09,0.806989006863514,1010,not_assessed,Надёжность отдельно не установлена; R² сохранён без порога
2017-11-17,D3,288,0.931293300691504,3.017162092367585,-8.239824263015262,8.774848772314822,19.34074179514507,19:20,0.37849511196463004,1026,not_assessed,Надёжность отдельно не установлена; R² сохранён без порога
2017-11-18,D1,288,0.17943324400504068,-18.1361260330019,-11.625045108503093,21.542069103492842,14.177293164387864,14:11,0.6320570767384054,994,not_assessed,Надёжность отдельно не установлена; R² сохранён без порога
2017-11-18,D2,288,-0.08882108804364777,-0.8469006068559972,-20.770707004282205,20.787965511219006,17.844341787402534,17:51,0.850181447709611,1010,not_assessed,Надёжность отдельно не установлена; R² сохранён без порога
2017-11-18,D3,288,-0.20528211489001857,4.196183475170608,-7.888153420782022,8.934815059478847,19.867413262760294,19:52,0.456957065747422,1026,not_assessed,Надёжность отдельно не установлена; R² сохранён без порога
2017-11-19,D1,288,0.4121615905795367,-21.11265066663477,-10.33715544012456,23.507462661134877,13.739149957071655,13:44,0.7352961415020098,994,not_assessed,Надёжность отдельно не установлена; R² сохранён без порога
2017-11-19,D2,288,0.330620814358062,-3.1169277560198303,-19.889698364867897,20.132444950419597,17.406238521179848,17:24,0.7733017680748425,1010,not_assessed,Надёжность отдельно не установлена; R² сохранён без порога
2017-11-19,D3,288,0.04313312980578196,3.066371012128121,-4.714797320358125,5.6242283876169,20.20258924551557,20:12,0.24261111512704314,1026,not_assessed,Надёжность отдельно не установлена; R² сохранён без порога
2017-11-20,D1,288,0.38153520365159294,-17.234354895818186,-13.243158404323715,21.734862161905287,14.502617396910232,14:30,0.772785368708542,994,not_assessed,Надёжность отдельно не установлена; R² сохранён без порога
2017-11-20,D2,288,0.7982627739313258,-0.23212531405792802,-22.10474611121405,22.105964869298496,17.959890025716348,17:58,0.8542575799934201,1010,not_assessed,Надёжность отдельно не установлена; R² сохранён без порога
2017-11-20,D3,288,1.1462986212072177,5.346382746406265,-7.392323608888096,9.123061811124318,20.39171654105987,20:24,0.4278158310068496,1026,not_assessed,Надёжность отдельно не установлена; R² сохранён без порога
2017-11-21,D1,288,-0.30060131839901894,-21.205740718179623,-15.941844812115004,26.529716459476518,14.46231706709592,14:28,0.7753055908410795,994,not_assessed,Надёжность отдельно не установлена; R² сохранён без порога
2017-11-21,D2,288,-0.628152985742735,-6.824234253315339,-25.644801999619762,26.537257634198454,17.006572074380045,17:00,0.7869940057754252,1010,not_assessed,Надёжность отдельно не установлена; R² сохранён без порога
2017-11-21,D3,288,-1.0274278560010004,-1.3049620392280588,-11.83130414667882,11.903053546676402,17.580391082009594,17:35,0.48511997198503554,1026,not_assessed,Надёжность отдельно не установлена; R² сохранён без порога
2017-11-22,D1,288,-0.06984578063329056,-18.214068803209905,-9.463557460243141,20.52586714785487,13.830347839856843,13:50,0.6088883047635134,994,not_assessed,Надёжность отдельно не установлена; R² сохранён без порога
2017-11-22,D2,288,-0.3319502166254182,-4.083588357207392,-17.898326596499366,18.358262140684133,17.143179244532778,17:09,0.6587212659191669,1010,not_assessed,Надёжность отдельно не установлена; R² сохранён без порога
2017-11-22,D3,288,0.28236207789139933,2.764627864455285,-4.612495019312288,5.377571713338954,20.062502889765057,20:04,0.13151908425528258,1026,known_sensitive,Ранее установлена чувствительность к двухчасовым участкам; details/02_data_checks.md
2017-11-23,D1,288,1.0773225482598385,-23.698938905914822,-16.27186342382277,28.747404135848935,14.29825167051567,14:18,0.8243329159165387,994,not_assessed,Надёжность отдельно не установлена; R² сохранён без порога
2017-11-23,D2,288,1.5504601675795096,-5.845974528156667,-25.96720584827347,26.61712226651229,17.154171630962455,17:09,0.8487450056492294,1010,not_assessed,Надёжность отдельно не установлена; R² сохранён без порога
2017-11-23,D3,288,0.5892252965053915,-0.47364033294500807,-10.52924788479268,10.5398954541496,17.828292199086746,17:50,0.5191558053782626,1026,not_assessed,Надёжность отдельно не установлена; R² сохранён без порога
2017-11-24,D1,288,-0.9548605232137264,-22.027299176382698,-16.87399898217908,27.747680095035882,14.496926532388068,14:30,0.5940682824652732,994,not_assessed,Надёжность отдельно не установлена; R² сохранён без порога
2017-11-24,D2,288,-1.3646078001844228,-5.65865105694267,-24.746341484450728,25.385069404066744,17.141322662648605,17:08,0.8003878614330565,1010,not_assessed,Надёжность отдельно не установлена; R² сохранён без порога
2017-11-24,D3,288,-0.6461467682979976,-0.37858105852115465,-10.383113439683488,10.390012912369592,17.86079003860657,17:52,0.4292783231155918,1026,not_assessed,Надёжность отдельно не установлена; R² сохранён без порога
2017-11-28,D1,288,0.6879701192564674,-18.888729869955664,-16.043471623450472,24.7825966725163,14.689565877605173,14:41,0.6027399827468917,994,not_assessed,Надёжность отдельно не установлена; R² сохранён без порога
2017-11-28,D2,288,0.06872932668891274,-4.851285590486084,-23.757967333784507,24.248216093429008,17.230605345176407,17:14,0.7610618343215163,1010,not_assessed,Надёжность отдельно не установлена; R² сохранён без порога
2017-11-28,D3,288,0.16731801476265726,1.0379031340840648,-9.917674837436287,9.971836194846885,18.39829085928551,18:24,0.44298567796793087,1026,not_assessed,Надёжность отдельно не установлена; R² сохранён без порога
2017-12-09,D1,288,-0.18362637161650458,-14.79732628857705,-15.000292096712187,21.070586804294262,15.026017525288335,15:02,0.7829003960083571,994,not_assessed,Надёжность отдельно не установлена; R² сохранён без порога
2017-12-09,D2,288,-0.23235643228586417,2.787583661085174,-22.623284684981492,22.794377214683166,18.46829557279075,18:28,0.8615951274731749,1010,not_assessed,Надёжность отдельно не установлена; R² сохранён без порога
2017-12-09,D3,288,0.25290789686664983,7.144146916901763,-7.812495512557117,10.586497121522399,20.82942653042422,20:50,0.5546701382504371,1026,not_assessed,Надёжность отдельно не установлена; R² сохранён без порога
2017-12-10,D1,288,-0.4622241860497203,-10.947579097244558,-10.567933666499016,15.216133216752189,14.932607311357382,14:56,0.7411798534208174,994,not_assessed,Надёжность отдельно не установлена; R² сохранён без порога
2017-12-10,D2,288,-0.15698348619279398,2.172410796969203,-17.104317000285185,17.241723484531157,18.48255685819302,18:29,0.7915310005377195,1010,not_assessed,Надёжность отдельно не установлена; R² сохранён без порога
2017-12-10,D3,288,0.17803899193682785,6.109703185731544,-6.417929352091474,8.861054688138172,20.90603972858456,20:54,0.4160534603645789,1026,not_assessed,Надёжность отдельно не установлена; R² сохранён без порога
2017-12-11,D1,288,-0.29372214365370314,-11.945813323940259,-11.412805098921954,16.52133699784638,14.9128549401913,14:55,0.7099660963734103,994,not_assessed,Надёжность отдельно не установлена; R² сохранён без порога
2017-12-11,D2,288,-0.2527184468796049,1.4007772763526793,-19.578152880782923,19.628200304695657,18.27282823723121,18:16,0.8170597461808361,1010,not_assessed,Надёжность отдельно не установлена; R² сохранён без порога
2017-12-11,D3,288,-0.11714551557206423,4.174762813692942,-8.881502260015969,9.81375193008577,19.678395860957355,19:41,0.5133198770167064,1026,not_assessed,Надёжность отдельно не установлена; R² сохранён без порога
2017-12-12,D1,288,-0.39277481174903883,-6.114241937085151,-5.872555433955492,8.477668417087976,14.922994496318292,14:55,0.5502177414444022,994,not_assessed,Надёжность отдельно не установлена; R² сохранён без порога
2017-12-12,D2,288,-1.609032109738203,1.5157582053679572,-9.130697422458585,9.255655479631475,18.62836897543113,18:38,0.5709676607139926,1010,not_assessed,Надёжность отдельно не установлена; R² сохранён без порога
2017-12-12,D3,288,-0.8516003276241825,3.8552868725035485,-2.2979273455662437,4.488174122602566,21.946874921079658,21:57,0.17351278015452887,1026,not_assessed,Надёжность отдельно не установлена; R² сохранён без порога
2017-12-13,D1,288,1.1516687681391446,-11.003722012206408,-12.18323564212512,16.416855022612086,15.194140603731778,15:12,0.6507844062424135,994,not_assessed,Надёжность отдельно не установлена; R² сохранён без порога
2017-12-13,D2,288,1.7107880842436052,6.649147503660165,-16.243292818042246,17.551516290568546,19.48410699675978,19:29,0.7341143876880749,1010,not_assessed,Надёжность отдельно не установлена; R² сохранён без порога
2017-12-13,D3,288,0.21037860474438602,8.950526383941622,-4.941408981410543,10.223964263982923,22.07318517883906,22:04,0.49819201879908526,1026,not_assessed,Надёжность отдельно не установлена; R² сохранён без порога
2017-12-14,D1,288,-0.01305218800950959,-14.664724319872512,-14.273578464942185,20.464339265481346,14.948373747255605,14:57,0.753833261350062,994,not_assessed,Надёжность отдельно не установлена; R² сохранён без порога
2017-12-14,D2,288,0.8347257295081455,3.604883803140286,-20.896372661654173,21.205036610411007,18.65252631177342,18:39,0.8224393581872163,1010,not_assessed,Надёжность отдельно не установлена; R² сохранён без порога
2017-12-14,D3,288,1.1439325626206978,6.869027323962104,-8.762989088668862,11.134339412172935,20.53945094568497,20:32,0.5719651250564827,1026,not_assessed,Надёжность отдельно не установлена; R² сохранён без порога
2017-12-15,D1,288,0.8579613631423255,-11.956147810448869,-16.107360205435224,20.0598236097165,15.560952924662784,15:34,0.7893433750178129,994,not_assessed,Надёжность отдельно не установлена; R² сохранён без порога
2017-12-15,D2,288,0.5316631070869695,4.512813518254596,-24.452154876770077,24.865103337168982,18.697111180780617,18:42,0.8598519721091225,1010,not_assessed,Надёжность отдельно не установлена; R² сохранён без порога
2017-12-15,D3,288,0.2557629352189547,6.8955761275421,-10.184564878874605,12.299363068985913,20.273360930469053,20:16,0.5872614723216851,1026,not_assessed,Надёжность отдельно не установлена; R² сохранён без порога
2017-12-16,D1,288,-1.3035991580591861,-8.720721246587035,-13.269349982413438,15.878495773103007,15.779117846704636,15:47,0.6726755604864469,994,not_assessed,Надёжность отдельно не установлена; R² сохранён без порога
2017-12-16,D2,288,-1.4888216346948862,3.5186544900447627,-18.628650873057698,18.958047440878122,18.71308276374899,18:43,0.8634011125747948,1010,not_assessed,Надёжность отдельно не установлена; R² сохранён без порога
2017-12-16,D3,288,-0.1532705553505452,5.453927592306611,-9.066393050948578,10.580397399739391,20.068612833867853,20:04,0.5664761674427086,1026,not_assessed,Надёжность отдельно не установлена; R² сохранён без порога
2018-01-04,D1,96,0.29964271020256983,-6.87793793808429,-16.86057140907265,18.209472768879863,16.520530947117102,16:31,0.6366407964627722,994,not_assessed,Надёжность отдельно не установлена; R² сохранён без порога
2018-01-04,D2,96,1.190734142521435,9.734105764742,-26.41278768269295,28.149390192510385,19.348715969940226,19:21,0.8691285407295664,1010,not_assessed,Надёжность отдельно не установлена; R² сохранён без порога
2018-01-04,D3,96,0.6456120810940964,10.022513770657037,-16.763755107011697,19.531366249468334,20.058257005475188,20:03,0.7835887737480798,1026,not_assessed,Надёжность отдельно не установлена; R² сохранён без порога
2018-01-05,D1,96,-0.3161435785590203,-7.873259025555731,-15.954835099679356,17.791710731165093,16.248997760939925,16:15,0.7809431393414833,994,not_assessed,Надёжность отдельно не установлена; R² сохранён без порога
2018-01-05,D2,96,-0.7542297105383762,7.567130919957997,-25.139647180706394,26.253825068553027,19.116799843064868,19:07,0.7754552739302414,1010,not_assessed,Надёжность отдельно не установлена; R² сохранён без порога
2018-01-05,D3,96,-1.40756339340686,7.479522170571301,-12.775213943950096,14.803693566599,20.023183464738064,20:01,0.5946727698979815,1026,not_assessed,Надёжность отдельно не установлена; R² сохранён без порога
2018-01-06,D1,96,-1.6810926699000384,-8.61903920369676,-9.038729758656839,12.48945444945016,15.090770134372262,15:05,0.6281235783156992,994,not_assessed,Надёжность отдельно не установлена; R² сохранён без порога
2018-01-06,D2,96,-1.9357316572919863,1.8019474427482898,-15.260192303384823,15.366212406533775,18.448959417824614,18:27,0.8081030958654324,1010,not_assessed,Надёжность отдельно не установлена; R² сохранён без порога
2018-01-06,D3,96,-0.6198836263846863,5.361462047523314,-5.3186480629813015,7.552038963411645,21.015312248361944,21:01,0.3489436040260576,1026,not_assessed,Надёжность отдельно не установлена; R² сохранён без порога
2018-01-07,D1,96,0.8775146489996624,-6.74147714083775,-8.450470632762418,10.810086399082016,15.427894129454668,15:26,0.5441755440242501,994,not_assessed,Надёжность отдельно не установлена; R² сохранён без порога
2018-01-07,D2,96,0.8604049940424796,4.720213889494585,-14.616747930117542,15.360004531743247,19.193128151667693,19:12,0.7859367527871114,1010,not_assessed,Надёжность отдельно не установлена; R² сохранён без порога
2018-01-07,D3,96,-0.08021773548481799,7.406818388376787,-4.445268382773062,8.638366143737965,21.935303152583316,21:56,0.45908579170223107,1026,not_assessed,Надёжность отдельно не установлена; R² сохранён без порога
2018-01-08,D1,96,4.525955363988895,-0.9412259706844459,-16.875356536866388,16.901584676421617,17.787175030725376,17:47,0.5719603638277079,994,not_assessed,Надёжность отдельно не установлена; R² сохранён без порога
2018-01-08,D2,96,1.926036847312405,9.97495849533001,-22.479028860582268,24.592814712806806,19.5952679549179,19:36,0.8660016833859213,1010,not_assessed,Надёжность отдельно не установлена; R² сохранён без порога
2018-01-08,D3,96,1.1546943523110067,9.175741828243172,-10.317561826462065,13.807473343861236,20.776515393230618,20:47,0.6477677149007999,1026,not_assessed,Надёжность отдельно не установлена; R² сохранён без порога
2018-01-11,D1,96,1.4433893741875543,3.750671778549112,-7.743482920266494,8.604014558731503,19.72292810144393,19:43,0.37483342287215315,994,not_assessed,Надёжность отдельно не установлена; R² сохранён без порога
2018-01-11,D2,96,0.7732777511991055,4.831374172709628,-5.20316833587079,7.100361760370668,20.858538666572947,20:52,0.36843169209531634,1010,not_assessed,Надёжность отдельно не установлена; R² сохранён без порога
2018-01-11,D3,96,0.28686230812243185,2.7222943558944563,-2.5316219607448924,3.7175255630944393,21.138562428816126,21:08,0.11313638988973551,1026,not_assessed,Надёжность отдельно не установлена; R² сохранён без порога
2018-01-12,D1,96,1.1523071705242842,0.2668562442053961,-14.788091403964053,14.790498964776912,18.06892066872842,18:04,0.6916525053300071,994,not_assessed,Надёжность отдельно не установлена; R² сохранён без порога
2018-01-12,D2,96,0.2592102794974551,4.021872259920555,-4.581190059862124,6.096126543937388,20.752014566266286,20:45,0.5271276706775928,1010,not_assessed,Надёжность отдельно не установлена; R² сохранён без порога
2018-01-12,D3,96,0.40389915334361987,1.7824437406681928,-1.0116558159526237,2.049525110506819,22.0281464255981,22:02,0.04903688184227184,1026,not_assessed,Надёжность отдельно не установлена; R² сохранён без порога
2018-01-13,D1,96,0.1903662217026357,-0.5040588845904992,-16.671204851608774,16.678823296726858,17.88454483357964,17:53,0.7768291068551884,994,not_assessed,Надёжность отдельно не установлена; R² сохранён без порога
2018-01-13,D2,96,-0.186604774336458,7.526695373342279,-4.949354074544188,9.008176785471033,21.77814315383632,21:47,0.6807031914409619,1010,not_assessed,Надёжность отдельно не установлена; R² сохранён без порога
2018-01-13,D3,96,-0.8419661913105835,2.5219899068664025,-1.005878286378382,2.7151840116911994,22.550383712775563,22:33,0.1073594888864079,1026,not_assessed,Надёжность отдельно не установлена; R² сохранён без порога
2018-01-14,D1,96,0.8673469434195173,-0.3744019691527818,-21.191178813911023,21.194485989465676,17.932520912838523,17:56,0.7691057023889178,994,not_assessed,Надёжность отдельно не установлена; R² сохранён без порога
2018-01-14,D2,96,0.9915725777048645,11.312807269233778,-6.954950781044711,13.279719450258844,21.894493269544856,21:54,0.7936985437685029,1010,not_assessed,Надёжность отдельно не установлена; R² сохранён без порога
2018-01-14,D3,96,0.9019729227778339,6.661672230843772,-1.514178803211669,6.831589446043326,23.14629372528224,23:09,0.36816957326701505,1026,not_assessed,Надёжность отдельно не установлена; R² сохранён без порога
2018-01-15,D1,96,0.20382469743433912,-3.2428541726777276,-25.02165588266554,25.230920837254125,17.507701288187086,17:30,0.8500875506771166,994,not_assessed,Надёжность отдельно не установлена; R² сохранён без порога
2018-01-15,D2,96,-0.034405327484962306,9.118611132801306,-13.104414553438865,15.964797204462956,20.32212297666223,20:19,0.8270034815918128,1010,not_assessed,Надёжность отдельно не установлена; R² сохранён без порога
2018-01-15,D3,96,-0.6287021640875607,3.999975622681971,-6.232419924368953,7.405596741365352,20.179493535656988,20:11,0.41721254672402297,1026,not_assessed,Надёжность отдельно не установлена; R² сохранён без порога
2018-01-16,D1,96,0.6910375583343539,-4.39913874004807,-20.009150353730817,20.487032960689984,17.17336215626673,17:10,0.7444037477895606,994,not_assessed,Надёжность отдельно не установлена; R² сохранён без порога
2018-01-16,D2,96,1.8820383015955564,8.624896181317904,-11.708837814450098,14.542548507865074,20.42505918306389,20:26,0.7333850326726579,1010,not_assessed,Надёжность отдельно не установлена; R² сохранён без порога
2018-01-16,D3,96,2.567683692675454,7.280512383639463,-6.004460429949371,9.437129098574172,21.365770573802923,21:22,0.45233141402445753,1026,not_assessed,Надёжность отдельно не установлена; R² сохранён без порога
2018-01-17,D1,96,0.39049224922983816,-6.010238935318313,-32.96397826121427,33.50741462520532,17.31112729764492,17:19,0.8543806418164821,994,not_assessed,Надёжность отдельно не установлена; R² сохранён без порога
2018-01-17,D2,96,-0.3987052859783711,8.531021783168239,-21.1203276145016,22.77820386265717,19.46633324178829,19:28,0.8787200351777454,1010,not_assessed,Надёжность отдельно не установлена; R² сохранён без порога
2018-01-17,D3,96,-1.1062780362822637,3.7308942307603816,-12.875531416137498,13.405181125559803,19.077320226568055,19:05,0.6263430072496063,1026,not_assessed,Надёжность отдельно не установлена; R² сохранён без порога
2018-01-18,D1,96,-0.7052948861728005,-9.802200535971075,-35.35280279059687,36.68656157911539,16.966867266257616,16:58,0.8732511257041218,994,not_assessed,Надёжность отдельно не установлена; R² сохранён без порога
2018-01-18,D2,96,-0.8478221245122302,12.296286308361285,-22.4041962536472,25.556734273946905,19.91731180149724,19:55,0.8802794859599248,1010,not_assessed,Надёжность отдельно не установлена; R² сохранён без порога
2018-01-18,D3,96,-1.243274167788685,7.3741522726244675,-10.984601161336421,13.230252620924745,20.25827622432916,20:15,0.6824619198649915,1026,not_assessed,Надёжность отдельно не установлена; R² сохранён без порога
2018-01-19,D1,96,-0.006574626385195414,-11.274924573894257,-29.505325952289354,31.586202426025263,16.605770087590983,16:36,0.8081323632186967,994,not_assessed,Надёжность отдельно не установлена; R² сохранён без порога
2018-01-19,D2,96,0.34511405032985437,10.509763125803733,-17.984648372468467,20.83033120336392,20.020060662006035,20:01,0.8435980270804423,1010,not_assessed,Надёжность отдельно не установлена; R² сохранён без порога
2018-01-19,D3,96,0.12143495126892155,6.739933683778451,-5.839621820337103,8.91784105410545,21.27290983000258,21:16,0.46948507569223585,1026,not_assessed,Надёжность отдельно не установлена; R² сохранён без порога
2018-01-20,D1,96,-2.81271910545289,-11.029222551313168,-5.715520809570224,12.422194983618041,13.826261228240957,13:50,0.6404344829748674,994,not_assessed,Надёжность отдельно не установлена; R² сохранён без порога
2018-01-20,D2,96,-2.0378815781820343,-2.4251645480848922,-1.8035798515748156,3.0223043139787285,14.442530205715594,14:27,0.10403147093606924,1010,not_assessed,Надёжность отдельно не установлена; R² сохранён без порога
2018-01-20,D3,96,-0.27852573356204247,-0.7762084711133772,3.1229718344936894,3.217988916958703,6.9305278790963945,06:56,0.09436790206381562,1026,not_assessed,Надёжность отдельно не установлена; R² сохранён без порога
2018-01-21,D1,96,3.8314504930400144,-16.991810018409772,-30.337006916996714,34.771476764492434,16.049782447764873,16:03,0.710468833381814,994,not_assessed,Надёжность отдельно не установлена; R² сохранён без порога
2018-01-21,D2,96,2.4443388922314386,2.841262596349165,-18.173513931693122,18.39427578805039,18.592382685876384,18:36,0.7239165321082266,1010,not_assessed,Надёжность отдельно не установлена; R² сохранён без порога
2018-01-21,D3,96,0.14552223714304235,-0.8394206638563503,-5.830534235480358,5.890649923566801,17.453828908299794,17:27,0.23069500197873372,1026,not_assessed,Надёжность отдельно не установлена; R² сохранён без порога
2018-01-22,D1,96,1.4735937331297917,-11.605028425997048,-34.867500905740286,36.748051705906796,16.77272630303686,16:46,0.8196144500323805,994,not_assessed,Надёжность отдельно не установлена; R² сохранён без порога
2018-01-22,D2,96,-0.06150681545561678,10.205317837423921,-18.865473062977713,21.448883095694764,19.894084417638638,19:54,0.7911582627157372,1010,not_assessed,Надёжность отдельно не установлена; R² сохранён без порога
2018-01-22,D3,96,-0.14497645278947924,5.732477724588293,-1.8334169213583236,6.018531255250238,22.81761181971466,22:49,0.24765526295649898,1026,not_assessed,Надёжность отдельно не установлена; R² сохранён без порога
2018-01-23,D1,96,-6.283227653943985,47.705563768334066,39.683976191446284,62.05351545897995,2.6503633527908574,02:39,0.6243734678802559,994,not_assessed,Надёжность отдельно не установлена; R² сохранён без порога
2018-01-23,D2,96,-3.17121440476147,19.565632277174736,32.61184101607797,38.030857745567175,3.935876368159283,03:56,0.6903478701343851,1010,not_assessed,Надёжность отдельно не установлена; R² сохранён без порога
2018-01-23,D3,96,-1.1728212094794734,-2.585564614205637,31.09163022333309,31.19895213494697,6.3169167113452875,06:19,0.7985260536657219,1026,not_assessed,Надёжность отдельно не установлена; R² сохранён без порога
2018-01-24,D1,96,1.4913976321503204,2.309399379018095,-7.163689359630215,7.526737057522889,19.191204017076252,19:11,0.45663037821683405,994,not_assessed,Надёжность отдельно не установлена; R² сохранён без порога
2018-01-24,D2,96,0.14349614252878476,4.606087438955778,0.445626258783848,4.627593787037048,0.3684006865439016,00:22,0.3372749459410034,1010,not_assessed,Надёжность отдельно не установлена; R² сохранён без порога
2018-01-24,D3,96,0.2796873717794247,1.2805340285340827,3.671955060178796,3.8888329048965824,4.718308083390767,04:43,0.20295216660707194,1026,not_assessed,Надёжность отдельно не установлена; R² сохранён без порога
2018-01-25,D1,96,1.0511193373060295,-2.739597769893635,-14.539648725272643,14.7954986734185,17.28861932827183,17:17,0.6730972342409046,994,not_assessed,Надёжность отдельно не установлена; R² сохранён без порога
2018-01-25,D2,96,0.7065545980173461,1.8536350307243827,-1.0609903865684414,2.1358051005462166,22.014258912192012,22:01,0.06655896110123916,1010,not_assessed,Надёжность отдельно не установлена; R² сохранён без порога
2018-01-25,D3,96,0.8922750306790675,-0.7806645392809808,1.6168087348311482,1.7954129352093584,7.7182160925922645,07:43,0.029460135010905386,1026,not_assessed,Надёжность отдельно не установлена; R² сохранён без порога
2018-01-26,D1,96,0.41746226108101997,-4.131220486414053,-16.785203230250982,17.286122474059795,17.078201905526875,17:05,0.7661136938720002,994,not_assessed,Надёжность отдельно не установлена; R² сохранён без порога
2018-01-26,D2,96,0.30458861875246435,4.125123251406999,-4.106892636792066,5.82092853155195,21.008459131452366,21:01,0.4399279393139257,1010,not_assessed,Надёжность отдельно не установлена; R² сохранён без порога
2018-01-26,D3,96,-0.14635025799930745,-0.358527905751864,-0.11626501901119843,0.3769082300089662,13.197804779939469,13:12,0.002021162518404007,1026,not_assessed,Надёжность отдельно не установлена; R² сохранён без порога
2018-01-27,D1,96,0.46063728722931274,-2.5919978292923567,-19.675734650974245,19.84572968682696,17.499687388278787,17:30,0.8164504593476934,994,not_assessed,Надёжность отдельно не установлена; R² сохранён без порога
2018-01-27,D2,96,0.4531789906559918,8.312120210304485,-4.863133985830524,9.630234397702486,21.977971597492857,21:59,0.5821297466516797,1010,not_assessed,Надёжность отдельно не установлена; R² сохранён без порога
2018-01-27,D3,96,-0.19813848444814772,3.014552639736042,-0.012565371078932408,3.0145788273471785,23.984078598110706,23:59,0.09737468391664839,1026,not_assessed,Надёжность отдельно не установлена; R² сохранён без порога
2018-01-28,D1,96,0.1879013966926193,-6.033735664761639,-21.40973072663692,22.243707781287668,16.95073264107367,16:57,0.8527162585418148,994,not_assessed,Надёжность отдельно не установлена; R² сохранён без порога
2018-01-28,D2,96,0.48662728650230785,4.546832005495676,-8.652873730948656,9.774758569393985,19.84804084140693,19:51,0.681381035699701,1010,not_assessed,Надёжность отдельно не установлена; R² сохранён без порога
2018-01-28,D3,96,0.6894549100207515,1.3025541928039448,-0.06071780905031987,1.3039685876304719,23.822074825722023,23:49,0.022570771767378872,1026,not_assessed,Надёжность отдельно не установлена; R² сохранён без порога
2018-01-29,D1,96,0.3745313078818206,-7.7488652035152725,-25.148515484975242,26.315256849217516,16.85831136231823,16:51,0.8463870958824626,994,not_assessed,Надёжность отдельно не установлена; R² сохранён без порога
2018-01-29,D2,96,0.41852474597211803,7.72761248598276,-11.842430090009096,14.14069111360083,20.208393105692288,20:13,0.7668728106958554,1010,not_assessed,Надёжность отдельно не установлена; R² сохранён без порога
2018-01-29,D3,96,-0.3353022197058233,1.7432192195381382,-2.047020459390651,2.688699687308173,20.694489060835796,20:42,0.0798845464631398,1026,not_assessed,Надёжность отдельно не установлена; R² сохранён без порога
2018-01-30,D1,96,0.37017253860796057,-10.831828242391033,-29.272589625476787,31.21238546561655,16.64625707932463,16:39,0.8451649311901855,994,not_assessed,Надёжность отдельно не установлена; R² сохранён без порога
2018-01-30,D2,96,0.08160022252281178,4.487028363762504,-14.185425883914457,14.87816289214631,19.17018780876041,19:10,0.801040961845128,1010,not_assessed,Надёжность отдельно не установлена; R² сохранён без порога
2018-01-30,D3,96,0.18804558979604782,1.6448701232661171,-2.9564523222766983,3.383224505750213,19.939338914538574,19:56,0.11880588367422051,1026,not_assessed,Надёжность отдельно не установлена; R² сохранён без порога
2018-01-31,D1,96,-0.5580315718195997,-13.440198499532992,-29.34880621870739,32.279890987580586,16.359648617367853,16:22,0.8484971022331822,994,not_assessed,Надёжность отдельно не установлена; R² сохранён без порога
2018-01-31,D2,96,-0.6117864118992647,6.745383532388228,-13.579681913424388,15.162716111198538,19.760986262228855,19:46,0.8078534327394711,1010,not_assessed,Надёжность отдельно не установлена; R² сохранён без порога
2018-01-31,D3,96,-0.4819471932072598,4.16602243789201,-0.7411583615347297,4.231436950953249,23.327487177717344,23:20,0.1730465025456499,1026,not_assessed,Надёжность отдельно не установлена; R² сохранён без порога
2018-02-01,D1,96,-0.9324705557796579,-14.729189223225715,-27.656842863484354,31.334485353186416,16.13077328987692,16:08,0.8541410430150747,994,not_assessed,Надёжность отдельно не установлена; R² сохранён без порога
2018-02-01,D2,96,-0.38178439208288073,7.097233201278403,-12.489551198660497,14.36522217918297,19.973837493872292,19:58,0.8161449767909769,1010,not_assessed,Надёжность отдельно не установлена; R² сохранён без порога
2018-02-01,D3,96,-0.833406918968167,2.2774361918340733,0.9353920737820085,2.4620466972764534,1.488600764048296,01:29,0.08367394349892376,1026,not_assessed,Надёжность отдельно не установлена; R² сохранён без порога
2018-02-02,D1,96,-0.4401159988844151,-9.677177819365902,-21.11972279454025,23.2312389137095,16.358831854891676,16:22,0.8083540666864738,994,not_assessed,Надёжность отдельно не установлена; R² сохранён без порога
2018-02-02,D2,96,-0.48992362698803094,6.515030125137063,-7.7917104797447845,10.156592427168087,20.660042970646735,20:40,0.623744186292092,1010,not_assessed,Надёжность отдельно не установлена; R² сохранён без порога
2018-02-02,D3,96,0.23308630526438928,3.7175243026568845,2.5998919011112918,4.536455096031332,2.3311630010384254,02:20,0.2133146694916066,1026,not_assessed,Надёжность отдельно не установлена; R² сохранён без порога
2018-02-03,D1,96,-0.32040703544314764,-14.880513392290709,-23.363273861424922,27.69967949890547,15.833744294457576,15:50,0.7922888646935995,994,not_assessed,Надёжность отдельно не установлена; R² сохранён без порога
2018-02-03,D2,96,0.7719533514411456,5.848901525093218,-12.640219705256223,13.927842734874108,19.65539970187342,19:39,0.7342366701897007,1010,not_assessed,Надёжность отдельно не установлена; R² сохранён без порога
2018-02-03,D3,96,0.14624066047282444,4.141319959524111,2.3185629359858018,4.7461842668906025,1.9495171243280842,01:57,0.1829787006960233,1026,not_assessed,Надёжность отдельно не установлена; R² сохранён без порога
2018-02-04,D1,96,0.3928724267509237,-14.457362896396962,-22.13253399209858,26.436043630420848,15.789781318810862,15:47,0.7008326734362968,994,not_assessed,Надёжность отдельно не установлена; R² сохранён без порога
2018-02-04,D2,96,0.9188203772931332,9.288490162019425,-18.81635553463672,20.984072176195582,19.751516740617546,19:45,0.8750431369438195,1010,not_assessed,Надёжность отдельно не установлена; R² сохранён без порога
2018-02-04,D3,96,-0.40731471619893383,7.707196024022771,-0.08687127164771802,7.707685591054561,23.956948057000567,23:57,0.3867393502229244,1026,not_assessed,Надёжность отдельно не установлена; R² сохранён без порога
2018-02-05,D1,96,2.344946961704072,-16.436482701548258,-19.694862143379392,25.652398687939765,15.343538727294899,15:21,0.6751535377520315,994,not_assessed,Надёжность отдельно не установлена; R² сохранён без порога
2018-02-05,D2,96,0.8934129303964864,8.06126250222274,-20.41883356401324,21.952510499817922,19.436258729954602,19:26,0.8679438864594695,1010,not_assessed,Надёжность отдельно не установлена; R² сохранён без порога
2018-02-05,D3,96,0.7781731608918249,9.68293647758361,-0.8697534245406358,9.721920070048892,23.657818515627717,23:39,0.5780682355020961,1026,not_assessed,Надёжность отдельно не установлена; R² сохранён без порога
2018-02-06,D1,96,-4.7460343502018665,63.06741121340093,51.80951878182924,81.61938858852672,2.6268606165861947,02:38,0.6254997352872943,994,not_assessed,Надёжность отдельно не установлена; R² сохранён без порога
2018-02-06,D2,96,-3.7839312931641063,24.757997282795635,43.116606506255636,49.71921344983448,4.009007731079732,04:01,0.6358063690156484,1010,not_assessed,Надёжность отдельно не установлена; R² сохранён без порога
2018-02-06,D3,96,-0.8015633618204027,-2.43913625979771,37.08752629314689,37.167647117334745,6.250850278481305,06:15,0.77585499672427,1026,not_assessed,Надёжность отдельно не установлена; R² сохранён без порога
2018-02-07,D1,96,2.1174539178059524,-1.2486160447997114,-11.023791849314541,11.094279100705236,17.569193424143503,17:34,0.56550147947194,994,not_assessed,Надёжность отдельно не установлена; R² сохранён без порога
2018-02-07,D2,96,0.9626936610042386,2.287533966681488,0.5103832933875684,2.343779587523256,0.8385031564567528,00:50,0.0752574741538935,1010,not_assessed,Надёжность отдельно не установлена; R² сохранён без порога
2018-02-07,D3,96,0.9151342545932185,-2.1941675644227523,5.779711083014505,6.182186628037492,7.385893435637259,07:23,0.2630812353906459,1026,not_assessed,Надёжность отдельно не установлена; R² сохранён без порога
2018-02-08,D1,96,1.933874323556442,-4.119967434349597,-25.383409979354596,25.71559125978051,17.385383376122174,17:23,0.8125248722340721,994,not_assessed,Надёжность отдельно не установлена; R² сохранён без порога
2018-02-08,D2,96,1.4202748124531934,5.656492297969775,-10.733706327526829,12.132945093528647,19.852567761896807,19:51,0.6581138109897106,1010,not_assessed,Надёжность отдельно не установлена; R² сохранён без порога
2018-02-08,D3,96,0.8039105580982856,-0.34803877665915195,-4.671956898073698,4.684902586769207,17.715973589400264,17:43,0.2670350768479799,1026,not_assessed,Надёжность отдельно не установлена; R² сохранён без порога
2018-02-11,D1,96,1.0067435690506354,-7.269776935757537,-25.69222848167571,26.70094120158128,16.946720475804803,16:57,0.8205285845755657,994,not_assessed,Надёжность отдельно не установлена; R² сохранён без порога
2018-02-11,D2,96,0.1360259788640876,7.236031456792361,-9.330469285692365,11.80753184772064,20.51963641559054,20:31,0.6931041686751797,1010,not_assessed,Надёжность отдельно не установлена; R² сохранён без порога
2018-02-11,D3,96,-0.4981220211095531,2.182370552931096,0.2647161421700055,2.198366635988217,0.4610699584164567,00:28,0.06666960123077281,1026,not_assessed,Надёжность отдельно не установлена; R² сохранён без порога
2018-02-12,D1,96,-0.6738688882637798,-13.234655751317003,-21.545112475257216,25.285331408295846,15.895904832611114,15:54,0.809790506680693,994,not_assessed,Надёжность отдельно не установлена; R² сохранён без порога
2018-02-12,D2,96,0.3371134599549473,5.56865193451349,-10.708719035686812,12.070068258010885,19.83166191609423,19:50,0.6674137388916124,1010,not_assessed,Надёжность отдельно не установлена; R² сохранён без порога
2018-02-12,D3,96,0.3489761426628949,4.270784402981054,-0.1122322202241467,4.272258827365528,23.89964446359062,23:54,0.22569508551425355,1026,not_assessed,Надёжность отдельно не установлена; R² сохранён без порога
2018-02-13,D1,96,1.6686857431834856,-14.738508576231231,-32.68167529840309,35.851297540840726,16.381731717843632,16:23,0.8438992270472716,994,not_assessed,Надёжность отдельно не установлена; R² сохранён без порога
2018-02-13,D2,96,1.7370225087012254,5.267173925755611,-22.80304534279546,23.4034612412298,18.867092242337243,18:52,0.8593087123956014,1010,not_assessed,Надёжность отдельно не установлена; R² сохранён без порога
2018-02-13,D3,96,1.282492100214977,3.3458706086458982,-10.475916139014473,10.997257343604558,19.180853468627152,19:11,0.5731984204401646,1026,not_assessed,Надёжность отдельно не установлена; R² сохранён без порога
2018-02-14,D1,96,-3.351087955223306,-11.973858964071873,-13.850152884087253,18.30846889841078,15.277042282549834,15:17,0.8192034443476852,994,not_assessed,Надёжность отдельно не установлена; R² сохранён без порога
2018-02-14,D2,96,-2.362089868210626,-1.5053834589249702,-10.05976213809916,10.171774360136892,17.432612105641986,17:26,0.621149657780171,1010,not_assessed,Надёжность отдельно не установлена; R² сохранён без порога
2018-02-14,D3,96,-0.8372234406107866,-1.2300075805420734,-4.2358901137295835,4.410859746555425,16.920525784372643,16:55,0.1832589755194487,1026,not_assessed,Надёжность отдельно не установлена; R² сохранён без порога
2018-02-18,D1,96,-3.213363125073139,-20.98010240863862,-23.0100603418231,31.13884349187208,15.176138729959572,15:11,0.8481327160797705,994,not_assessed,Надёжность отдельно не установлена; R² сохранён без порога
2018-02-18,D2,96,-2.439119449459897,3.3645563665450613,-15.561569805393088,15.921139857176708,18.81333940275597,18:49,0.7959340000125636,1010,not_assessed,Надёжность отдельно не установлена; R² сохранён без порога
2018-02-18,D3,96,-1.0123457995756153,2.9092939772271627,-2.3677898209786252,3.7510558623219987,21.39059057450474,21:23,0.16759290390731596,1026,not_assessed,Надёжность отдельно не установлена; R² сохранён без порога
2018-02-19,D1,96,-0.19336546930911885,-18.208258529292394,-21.178050173818043,27.92938395013939,15.287469019642502,15:17,0.77066310646294,994,not_assessed,Надёжность отдельно не установлена; R² сохранён без порога
2018-02-19,D2,96,0.4560753587918973,4.893149861591632,-15.123032681430237,15.894937340285466,19.195287020815044,19:12,0.7832148521742442,1010,not_assessed,Надёжность отдельно не установлена; R² сохранён без порога
2018-02-19,D3,96,-0.010373990883196288,6.764949550892438,-1.9583559597522733,7.042705480936786,22.923668502109813,22:55,0.37623178291231385,1026,not_assessed,Надёжность отдельно не установлена; R² сохранён без порога
2018-02-20,D1,96,0.8019942099468805,-10.615455387420667,-26.0828192555086,28.160279710930585,16.52361012269277,16:31,0.8239140621112357,994,not_assessed,Надёжность отдельно не установлена; R² сохранён без порога
2018-02-20,D2,96,-0.37674521569129005,8.218645073005328,-13.520906438707486,15.8228011982808,20.086213921726166,20:05,0.7535749727854444,1010,not_assessed,Надёжность отдельно не установлена; R² сохранён без порога
2018-02-20,D3,96,-0.5859461733297724,6.445807132860205,-1.3274576864847623,6.581076925810772,23.224208518996313,23:13,0.4620234443599046,1026,not_assessed,Надёжность отдельно не установлена; R² сохранён без порога
2018-02-21,D1,96,-1.7558204640996642,-17.653556009975233,-30.24768707816829,35.02243014663777,15.98204954551211,15:59,0.7976733365513717,994,not_assessed,Надёжность отдельно не установлена; R² сохранён без порога
2018-02-21,D2,96,-0.44271725487712055,8.637128641232742,-18.691434775411818,20.59052512998824,19.653413031380943,19:39,0.8436448369570594,1010,not_assessed,Надёжность отдельно не установлена; R² сохранён без порога
2018-02-21,D3,96,-0.6512900398574045,7.221220352989004,-0.3447403193471512,7.2294446034398945,23.817785368284635,23:49,0.3761498312678103,1026,not_assessed,Надёжность отдельно не установлена; R² сохранён без порога
2018-02-22,D1,96,0.6471723530110371,-22.07523490536542,-25.05209903870269,33.39047262876092,15.240957750682806,15:14,0.7543212761720526,994,not_assessed,Надёжность отдельно не установлена; R² сохранён без порога
2018-02-22,D2,96,1.4909687252121693,8.031677728624498,-24.46281846296523,25.74756948312744,19.21174254220339,19:13,0.8254466413174222,1010,not_assessed,Надёжность отдельно не установлена; R² сохранён без порога
2018-02-22,D3,96,0.43265895594462456,9.881851865001238,-2.4958342102320454,10.192162905232287,23.05502593767836,23:03,0.5870803963157634,1026,not_assessed,Надёжность отдельно не установлена; R² сохранён без порога
2018-02-23,D1,96,0.3082515650588363,-26.845442499892762,-20.847742145446873,33.98979457981602,14.5221561916455,14:31,0.7970590601627763,994,not_assessed,Надёжность отдельно не установлена; R² сохранён без порога
2018-02-23,D2,96,0.8345538949502269,3.7518247005202046,-25.58423689844441,25.857868555995832,18.556181969658237,18:33,0.871113677021744,1010,not_assessed,Надёжность отдельно не установлена; R² сохранён без порога
2018-02-23,D3,96,0.6812954026361454,10.128261583864912,-4.241390749542369,10.980486246132152,22.485175311612018,22:29,0.6189481148602493,1026,not_assessed,Надёжность отдельно не установлена; R² сохранён без порога
2018-02-24,D1,96,0.15760468043352457,-25.34931357336684,-19.582748172304925,32.03235434089714,14.512443819729846,14:31,0.7943327885643295,994,not_assessed,Надёжность отдельно не установлена; R² сохранён без порога
2018-02-24,D2,96,0.13448848820136,5.330734382581209,-26.438121504724425,26.970187202839462,18.759982505266983,18:46,0.8950768404356608,1010,not_assessed,Надёжность отдельно не установлена; R² сохранён без порога
2018-02-24,D3,96,0.4766944562043798,11.710336614831984,-5.222418737321129,12.822076317843278,22.39764839004515,22:24,0.6854157745129027,1026,not_assessed,Надёжность отдельно не установлена; R² сохранён без порога
2018-02-25,D1,96,0.4503402325771221,-28.063480252991162,-19.713434269157553,34.295457637920805,14.339096972495684,14:20,0.8161076339424156,994,not_assessed,Надёжность отдельно не установлена; R² сохранён без порога
2018-02-25,D2,96,0.3196340033626257,7.6883476159456325,-27.544333248913187,28.597219850726773,19.03972103565071,19:02,0.901818055523534,1010,not_assessed,Надёжность отдельно не установлена; R² сохранён без порога
2018-02-25,D3,96,-0.5457385370047549,11.02536711665029,-4.072689469147316,11.753532216700517,22.648409409503525,22:39,0.6410324451770024,1026,not_assessed,Надёжность отдельно не установлена; R² сохранён без порога
2018-03-01,D1,96,0.6825506763386611,-29.08643175408612,-25.151728987340192,38.45295805575584,14.72338341279996,14:43,0.776841446492186,994,not_assessed,Надёжность отдельно не установлена; R² сохранён без порога
2018-03-01,D2,96,2.067618847549047,8.287422486188433,-31.972785494900567,33.029386669562996,18.968760133836717,18:58,0.9065285876544813,1010,not_assessed,Надёжность отдельно не установлена; R² сохранён без порога
2018-03-01,D3,96,0.8341335445288206,14.214090235465394,-7.8104159980628,16.21859917763393,22.080793798068893,22:05,0.6810837548646725,1026,not_assessed,Надёжность отдельно не установлена; R² сохранён без порога
2018-03-02,D1,96,-1.0684990617615782,-33.57595835570377,-20.757172261896418,39.47410771396861,14.114999483174193,14:07,0.8128222168808656,994,not_assessed,Надёжность отдельно не установлена; R² сохранён без порога
2018-03-02,D2,96,0.41847235912744696,4.6779125834524855,-35.37981034456068,35.68772682807783,18.50212998124616,18:30,0.9125193152411523,1010,not_assessed,Надёжность отдельно не установлена; R² сохранён без порога
2018-03-02,D3,96,0.3395811363526879,15.119902005582981,-9.821520017378134,18.02980011287401,21.79954854932976,21:48,0.7990219188525012,1026,not_assessed,Надёжность отдельно не установлена; R² сохранён без порога
2018-03-03,D1,96,-0.8109457431650813,-29.852872055080944,-15.197252803776616,33.49851433599599,13.798623824865233,13:48,0.816090778156094,994,not_assessed,Надёжность отдельно не установлена; R² сохранён без порога
2018-03-03,D2,96,-1.071040954909932,1.7833240608997758,-31.217988747591505,31.268883353118543,18.217964108379313,18:13,0.8944868437308967,1010,not_assessed,Надёжность отдельно не установлена; R² сохранён без порога
2018-03-03,D3,96,-0.872769961502225,10.712130740665119,-5.73679171366633,12.151564679953495,22.121939863594044,22:07,0.6130788959097198,1026,not_assessed,Надёжность отдельно не установлена; R² сохранён без порога
2018-03-04,D1,96,0.19563067226231512,-32.08659910493779,-15.376373135842403,35.58065054118109,13.706962021845165,13:42,0.7902917234663802,994,not_assessed,Надёжность отдельно не установлена; R² сохранён без порога
2018-03-04,D2,96,0.47767677643974743,-1.0765033055505846,-29.148646388920092,29.168518057542205,17.85899613534246,17:52,0.860716993665269,1010,not_assessed,Надёжность отдельно не установлена; R² сохранён без порога
2018-03-04,D3,96,0.7564371413626163,8.48273312490297,-7.2424279814945045,11.153901753891356,21.300653758419593,21:18,0.5525365441275002,1026,not_assessed,Надёжность отдельно не установлена; R² сохранён без порога
2018-03-05,D1,96,1.30925794434844,-33.920524454799775,-20.684982133013456,39.72996935729696,14.091676136856263,14:06,0.8035847836399228,994,not_assessed,Надёжность отдельно не установлена; R² сохранён без порога
2018-03-05,D2,96,0.38741168244232643,-2.827170173232437,-34.53144628423037,34.64698650199036,17.68796666537057,17:41,0.9144935703999821,1010,not_assessed,Надёжность отдельно не установлена; R² сохранён без порога
2018-03-05,D3,96,0.12986963009236938,8.258918263719568,-9.201631877872956,12.36445551177602,20.793969381276924,20:48,0.6222168762404321,1026,not_assessed,Надёжность отдельно не установлена; R² сохранён без порога
2018-03-06,D1,96,-0.24696611723201697,-30.485413769666316,-24.3852271269644,39.03843945064148,14.577083400260934,14:35,0.572367708027279,994,not_assessed,Надёжность отдельно не установлена; R² сохранён без порога
2018-03-06,D2,96,-1.064212904943891,5.380543057138947,-29.172470317776064,29.664511929766377,18.696675947322774,18:42,0.8593732119400126,1010,not_assessed,Надёжность отдельно не установлена; R² сохранён без порога
2018-03-06,D3,96,-0.4110527582424707,13.77500212114703,-7.412349377348697,15.64268540658818,22.11434922414335,22:07,0.7208738800524301,1026,not_assessed,Надёжность отдельно не установлена; R² сохранён без порога
2018-03-07,D1,96,-2.0717353497570294,-24.98405343840485,-12.789052398558752,28.067112203897118,13.807159307030137,13:48,0.5406362296844136,994,not_assessed,Надёжность отдельно не установлена; R² сохранён без порога
2018-03-07,D2,96,-1.3161279706064237,0.6533022834322324,-22.17827034050964,22.187890372233845,18.112484403678266,18:07,0.8575618615020577,1010,not_assessed,Надёжность отдельно не установлена; R² сохранён без порога
2018-03-07,D3,96,-0.4290111843649224,9.231599561102266,-5.382768053867084,10.686281971681057,21.983624099035538,21:59,0.5901258663081836,1026,not_assessed,Надёжность отдельно не установлена; R² сохранён без порога
2018-03-15,D1,96,-0.981056137169977,-12.057462705132062,-18.038881705676452,21.69754963301246,15.749375374108524,15:45,0.6352722470380983,994,not_assessed,Надёжность отдельно не установлена; R² сохранён без порога
2018-03-15,D2,96,-1.2042638594050197,11.020418413710427,-21.333738520172986,24.012039090014003,19.821308241304088,19:49,0.7065313345232549,1010,not_assessed,Надёжность отдельно не установлена; R² сохранён без порога
2018-03-15,D3,96,-0.2820119307856746,14.19273014184235,-6.425484938476664,15.579487975339589,22.376151767282458,22:23,0.6073409000882217,1026,not_assessed,Надёжность отдельно не установлена; R² сохранён без порога
2018-03-16,D1,96,0.7919046262094036,-20.79165854242307,-15.768991977890874,26.09509863831714,14.47851508519247,14:29,0.8446151751098798,994,not_assessed,Надёжность отдельно не установлена; R² сохранён без порога
2018-03-16,D2,96,1.36465971015442,3.513638460942868,-28.979529904053365,29.1917592600059,18.460874238306175,18:28,0.88412251127187,1010,not_assessed,Надёжность отдельно не установлена; R² сохранён без порога
2018-03-16,D3,96,0.7852595084496937,11.927319726100407,-11.400164853119989,16.499233755751696,21.08630337448081,21:05,0.7457265531295344,1026,not_assessed,Надёжность отдельно не установлена; R² сохранён без порога
2018-03-17,D1,96,-0.43994992037000874,-24.094653053799227,-17.730918301573283,29.915510518793138,14.423255469135322,14:25,0.8104072098178079,994,not_assessed,Надёжность отдельно не установлена; R² сохранён без порога
2018-03-17,D2,96,-0.4118980567651598,5.33460906639197,-33.741347985977825,34.160454004624725,18.59895131940794,18:36,0.88777565656326,1010,not_assessed,Надёжность отдельно не установлена; R² сохранён без порога
2018-03-17,D3,96,-0.9198398390177804,14.81146466203305,-15.052168438631158,21.117463392642065,20.969213364349628,20:58,0.8234865460751349,1026,not_assessed,Надёжность отдельно не установлена; R² сохранён без порога
2018-03-18,D1,96,0.6939319830135222,-17.66601934496164,-17.158990555945945,24.627610448348435,14.944391387325297,14:57,0.798117724788153,994,not_assessed,Надёжность отдельно не установлена; R² сохранён без порога
2018-03-18,D2,96,0.26683015462235543,4.471939683465909,-25.963877643984425,26.346179739088385,18.65150454278318,18:39,0.8872007634315485,1010,not_assessed,Надёжность отдельно не установлена; R² сохранён без порога
2018-03-18,D3,96,1.7874875502810827,10.853526629875036,-10.47560430614254,15.084340419265228,21.067672982428864,21:04,0.7137737369928223,1026,not_assessed,Надёжность отдельно не установлена; R² сохранён без порога
2018-03-19,D1,96,1.556321818491817,-28.81212236641081,-27.69689487616626,39.96569004832064,14.924626147964851,14:55,0.8586255304084669,994,not_assessed,Надёжность отдельно не установлена; R² сохранён без порога
2018-03-19,D2,96,2.4142955149801058,2.180036843146297,-44.92020132969745,44.97307025474276,18.18523066975858,18:11,0.9345995097795509,1010,not_assessed,Надёжность отдельно не установлена; R² сохранён без порога
2018-03-19,D3,96,0.06319624962625557,10.396507927289475,-22.290977492833523,24.596240661292196,19.666955818831823,19:40,0.8170292276691462,1026,not_assessed,Надёжность отдельно не установлена; R² сохранён без порога
2018-03-22,D1,96,-0.9228741365989191,-19.148761675744616,-9.870225935780509,21.542897524191588,13.817922282445686,13:49,0.747768157707414,994,not_assessed,Надёжность отдельно не установлена; R² сохранён без порога
2018-03-22,D2,96,-1.6404202989138401,-4.226210981953232,-23.650178609771924,24.024816493328217,17.32455785467329,17:19,0.8412421119323888,1010,not_assessed,Надёжность отдельно не установлена; R² сохранён без порога
2018-03-22,D3,96,-0.7697283377148122,7.545488096208983,-11.33272280808831,13.61488144843709,20.2437494104101,20:15,0.6139715897608513,1026,not_assessed,Надёжность отдельно не установлена; R² сохранён без порога
2018-03-23,D1,96,-1.1266967280846985,-9.579481969468384,-2.2059550915322514,9.830193928363109,12.864530322719297,12:52,0.3328960724696567,994,not_assessed,Надёжность отдельно не установлена; R² сохранён без порога
2018-03-23,D2,96,-1.0159379791315577,2.729492300691305,-15.950780902533898,16.182630800341865,18.647358931655088,18:39,0.7201224765301731,1010,not_assessed,Надёжность отдельно не установлена; R² сохранён без порога
2018-03-23,D3,96,-1.5382990934545187,7.965516563769044,-3.025234224385123,8.520651162914138,22.613577095649298,22:37,0.43569366587166225,1026,not_assessed,Надёжность отдельно не установлена; R² сохранён без порога
2018-03-24,D1,96,0.8933159776622673,1.2391425587222857,-1.158919327590818,1.6966344004234877,21.12773479192813,21:08,0.009700551684006742,994,not_assessed,Надёжность отдельно не установлена; R² сохранён без порога
2018-03-24,D2,96,1.2366503925740413,1.796019963019809,-11.756417629535697,11.892814771433356,18.579058747376827,18:35,0.5075526453538974,1010,not_assessed,Надёжность отдельно не установлена; R² сохранён без порога
2018-03-24,D3,96,2.7532068631785718,5.748664717215078,-4.854267085698437,7.524031829428203,21.321446813315216,21:19,0.23882594506453791,1026,not_assessed,Надёжность отдельно не установлена; R² сохранён без порога
2018-03-25,D1,96,1.0745621183178886,-16.870097595825946,-6.43018953591608,18.05401701451777,13.390986362349866,13:23,0.3332802612309199,994,not_assessed,Надёжность отдельно не установлена; R² сохранён без порога
2018-03-25,D2,96,1.7553885658944888,-1.5979852841968594,-22.614061177521062,22.670450368468092,17.73053380493512,17:44,0.8019529470154259,1010,not_assessed,Надёжность отдельно не установлена; R² сохранён без порога
2018-03-25,D3,96,0.381317942977435,7.143813521487488,-12.802711287247135,14.660951126526296,19.94407853836194,19:57,0.6969573037081749,1026,not_assessed,Надёжность отдельно не установлена; R² сохранён без порога
2018-03-26,D1,96,1.157319182264138,-25.942253433397294,-12.824153744779483,28.93889134836294,13.753652054728997,13:45,0.5049314618576768,994,not_assessed,Надёжность отдельно не установлена; R² сохранён без порога
2018-03-26,D2,96,1.7181858001448829,-3.995137602623199,-34.946067569241286,35.173694190657194,17.565206147022685,17:34,0.8670184153878593,1010,not_assessed,Надёжность отдельно не установлена; R² сохранён без порога
2018-03-26,D3,96,1.1730304562484852,7.07821813291757,-19.128688264379104,20.396271390941973,19.35373757406113,19:21,0.8174408557259216,1026,not_assessed,Надёжность отдельно не установлена; R² сохранён без порога
2018-03-27,D1,96,0.8141415463453664,-19.33969088634861,-20.787119333693017,28.39239288564297,15.137722718201838,15:08,0.7324525416886514,994,not_assessed,Надёжность отдельно не установлена; R² сохранён без порога
2018-03-27,D2,96,-1.9031857214536607,6.281609734972372,-31.012015106322362,31.641803074686912,18.763371461837856,18:46,0.8727963012371327,1010,not_assessed,Надёжность отдельно не установлена; R² сохранён без порога
2018-03-27,D3,96,-2.0270151211555905,12.767730049643474,-13.155616899304313,18.332626288173504,20.942850432318934,20:57,0.687192528399104,1026,not_assessed,Надёжность отдельно не установлена; R² сохранён без порога
2018-03-30,D1,96,-0.05477139262048232,-25.277125662485197,-13.899961604505192,28.846871829780543,13.92043445540037,13:55,0.8246611612236137,994,not_assessed,Надёжность отдельно не установлена; R² сохранён без порога
2018-03-30,D2,96,0.11442181623461295,-0.42424976887566856,-33.18229517143263,33.185007167551916,17.95116593208119,17:57,0.8732760205052219,1010,not_assessed,Надёжность отдельно не установлена; R² сохранён без порога
2018-03-30,D3,96,0.17541597942376788,10.427437059653652,-13.510298818386701,17.06632994510359,20.510764046074605,20:31,0.6566208433792134,1026,not_assessed,Надёжность отдельно не установлена; R² сохранён без порога
2018-03-31,D1,96,-1.3453251360200527,-22.4383089633938,-8.570460661676462,24.01937769989186,13.393645860156838,13:24,0.7937063360322,994,not_assessed,Надёжность отдельно не установлена; R² сохранён без порога
2018-03-31,D2,96,-1.9245886699990058,-0.7338981870711088,-25.298563155141558,25.309205919263295,17.889223012691808,17:53,0.8700059323831192,1010,not_assessed,Надёжность отдельно не установлена; R² сохранён без порога
2018-03-31,D3,96,-0.7191523122743047,9.607740025085112,-9.724985547537898,13.670552742645173,20.976835164042537,20:59,0.6917258710352295,1026,not_assessed,Надёжность отдельно не установлена; R² сохранён без порога
2018-04-03,D1,96,-0.41442807695191647,-21.74998992277288,-11.489691265532505,24.598273659303324,13.856385841102549,13:51,0.8267015241951186,994,not_assessed,Надёжность отдельно не установлена; R² сохранён без порога
2018-04-03,D2,96,-0.2547288323975458,0.6517015692343209,-26.533037584835505,26.541039889454897,18.093800651763225,18:06,0.8538793641474289,1010,not_assessed,Надёжность отдельно не установлена; R² сохранён без порога
2018-04-03,D3,96,-0.823631586716692,10.527577274652502,-10.913241322916477,15.16340065572336,20.931300696329014,20:56,0.6912000489490664,1026,not_assessed,Надёжность отдельно не установлена; R² сохранён без порога
2018-04-04,D1,96,-0.27068555594733645,-22.703516162151367,-9.054022680684083,24.442278388632474,13.449453972770275,13:27,0.7774545412774675,994,not_assessed,Надёжность отдельно не установлена; R² сохранён без порога
2018-04-04,D2,96,-0.2615692766418117,-0.9532702036490577,-27.411609312941412,27.428179837650575,17.867218407067696,17:52,0.8658825728436919,1010,not_assessed,Надёжность отдельно не установлена; R² сохранён без порога
2018-04-04,D3,96,0.24167985677481832,9.781246419294863,-10.699850945150466,14.496882139391419,20.828795265489667,20:50,0.6751499277322963,1026,not_assessed,Надёжность отдельно не установлена; R² сохранён без порога
2018-04-05,D1,96,0.4983151433223331,-21.61638951261991,-9.308733290274919,23.535522323304757,13.553220822025375,13:33,0.7669070750812702,994,not_assessed,Надёжность отдельно не установлена; R² сохранён без порога
2018-04-05,D2,96,0.7418322543181517,0.27655167008362014,-26.88534711029899,26.886769424151506,18.03928951739354,18:02,0.7808813770433667,1010,not_assessed,Надёжность отдельно не установлена; R² сохранён без порога
2018-04-05,D3,96,0.5217319121925507,9.594517436697426,-9.443479326835647,13.462320254676131,21.030303134640867,21:02,0.5551177385745812,1026,not_assessed,Надёжность отдельно не установлена; R² сохранён без порога
2018-04-06,D1,96,-0.2802687866602907,-20.578319534851136,-8.890128760971539,22.416548000642052,13.557669066936862,13:33,0.778653618983352,994,not_assessed,Надёжность отдельно не установлена; R² сохранён без порога
2018-04-06,D2,96,-0.3325769484545667,1.4703973238154227,-27.50763970350319,27.54691108541262,18.20398565051598,18:12,0.8702335491267524,1010,not_assessed,Надёжность отдельно не установлена; R² сохранён без порога
2018-04-06,D3,96,0.45906368536833353,12.266775553606657,-12.758921065910705,17.69926126279574,20.924892596092434,20:55,0.7167315030732067,1026,not_assessed,Надёжность отдельно не установлена; R² сохранён без порога
2018-04-07,D1,96,0.6986506105042769,-19.814760664418422,-12.257521539458121,23.29960459918716,14.116077757462143,14:07,0.7696114635323017,994,not_assessed,Надёжность отдельно не установлена; R² сохранён без порога
2018-04-07,D2,96,0.7878317968406636,-2.743622163515397,-33.54987133840947,33.66186758633516,17.6883267789706,17:41,0.8120629489647855,1010,not_assessed,Надёжность отдельно не установлена; R² сохранён без порога
2018-04-07,D3,96,0.22363846321843836,7.782242639671313,-18.36780652727718,19.948423925869548,19.53079016618988,19:32,0.7575178542809312,1026,not_assessed,Надёжность отдельно не установлена; R² сохранён без порога
2018-04-08,D1,96,-0.4931584001120955,-18.837577470981458,-11.136958394496022,21.883467898300843,14.039466063868863,14:02,0.7504244266390064,994,not_assessed,Надёжность отдельно не установлена; R² сохранён без порога
2018-04-08,D2,96,-0.10287961115950205,1.399040602673164,-31.234920105480008,31.26623655964445,18.17097441004151,18:10,0.8570486150103215,1010,not_assessed,Надёжность отдельно не установлена; R² сохранён без порога
2018-04-08,D3,96,0.036982729948832435,10.154660249763879,-15.725463998045607,18.719170460839422,20.190146870204885,20:11,0.7413269380944058,1026,not_assessed,Надёжность отдельно не установлена; R² сохранён без порога
2018-04-09,D1,96,-0.24863669851270787,-24.610343329300477,-13.731814285154051,28.182117066466198,13.944011516616948,13:57,0.7765307534213056,994,not_assessed,Надёжность отдельно не установлена; R² сохранён без порога
2018-04-09,D2,96,-0.354336695235149,-2.608438950823313,-36.75598301198661,36.8484225027018,17.729382096206308,17:44,0.8791238177300723,1010,not_assessed,Надёжность отдельно не установлена; R² сохранён без порога
2018-04-09,D3,96,-0.4861278952223584,8.380222398814656,-18.848052062822987,20.627098536063688,19.59805944359113,19:36,0.7285706245629754,1026,not_assessed,Надёжность отдельно не установлена; R² сохранён без порога
2018-04-10,D1,96,0.1476698834735685,-21.25310279821437,-9.191323035325905,23.155448553011883,13.5591346679651,13:34,0.7534386465072538,994,not_assessed,Надёжность отдельно не установлена; R² сохранён без порога
2018-04-10,D2,96,0.09432936923418,-2.310579007820671,-31.89636379634821,31.979943695703632,17.72378129988625,17:43,0.8879864724988878,1010,not_assessed,Надёжность отдельно не установлена; R² сохранён без порога
2018-04-10,D3,96,0.3996895332348142,7.681219666468157,-15.088289350112102,16.930966040874438,19.798663696844287,19:48,0.7158056508597392,1026,not_assessed,Надёжность отдельно не установлена; R² сохранён без порога
2018-04-11,D1,96,-1.0158705854953596,-19.55598226038993,-7.565146202368832,20.968258850746313,13.409916283826423,13:25,0.7291392119111204,994,not_assessed,Надёжность отдельно не установлена; R² сохранён без порога
2018-04-11,D2,96,-1.3647598398728435,-4.221455447357126,-28.711202897963915,29.019887283414327,17.442375868330014,17:27,0.8663835869640726,1010,not_assessed,Надёжность отдельно не установлена; R² сохранён без порога
2018-04-11,D3,96,-0.9575887818642789,8.768579971169336,-15.123085690609226,17.48129616236455,20.007051137332315,20:00,0.7423532991141933,1026,not_assessed,Надёжность отдельно не установлена; R² сохранён без порога
2018-04-12,D1,96,1.6506865953070324,-22.712132697449753,-5.438410366773995,23.354170483748746,12.897727317223376,12:54,0.8068280120632505,994,not_assessed,Надёжность отдельно не установлена; R² сохранён без порога
2018-04-12,D2,96,1.983949661862,-6.516472213593596,-24.4875001918726,25.339733142981164,17.006542524945864,17:00,0.7798282317194338,1010,not_assessed,Надёжность отдельно не установлена; R² сохранён без порога
2018-04-12,D3,96,1.9315931143942535,5.679796449517568,-10.670414751811244,12.087921189502493,19.86840663256304,19:52,0.4574005897980886,1026,not_assessed,Надёжность отдельно не установлена; R² сохранён без порога
2018-04-13,D1,96,-0.46956350917597817,-22.33446253152639,-13.015690430511597,25.850269127323752,14.015468972566048,14:01,0.7772777578366865,994,not_assessed,Надёжность отдельно не установлена; R² сохранён без порога
2018-04-13,D2,96,-0.7384727888802388,-3.5328094992693444,-33.04831182755077,33.236601174144745,17.593223192719,17:36,0.7867308037271128,1010,not_assessed,Надёжность отдельно не установлена; R² сохранён без порога
2018-04-13,D3,96,-1.1255251738836218,6.514246923107283,-17.503289726778775,18.676203153606252,19.360926241269272,19:22,0.6613441225189038,1026,not_assessed,Надёжность отдельно не установлена; R² сохранён без порога
2018-04-14,D1,96,0.9175075791529589,-23.917625263244833,-14.036568952286942,27.732256781324402,14.027163430624833,14:02,0.5582881073590061,994,not_assessed,Надёжность отдельно не установлена; R² сохранён без порога
2018-04-14,D2,96,0.9283598916998251,-1.7679590381033137,-32.237369697250905,32.28581242833518,17.790728957006124,17:47,0.87439998380116,1010,not_assessed,Надёжность отдельно не установлена; R² сохранён без порога
2018-04-14,D3,96,0.3326525124767767,6.888038545389028,-14.739907857954503,16.269909608346136,19.669795880064367,19:40,0.5461849404053511,1026,not_assessed,Надёжность отдельно не установлена; R² сохранён без порога
2018-04-15,D1,96,-0.3709109292021566,-22.518266684776506,-13.235538815342991,26.119950654991033,14.029712780717961,14:02,0.7513835605426024,994,not_assessed,Надёжность отдельно не установлена; R² сохранён без порога
2018-04-15,D2,96,0.03251919719543517,-0.7220925857375917,-37.130191508784954,37.13721232377874,17.92572505693076,17:56,0.923077275843113,1010,not_assessed,Надёжность отдельно не установлена; R² сохранён без порога
2018-04-15,D3,96,0.12870561342642858,9.1570955823599,-19.14094149772405,21.218577730935923,19.704441396959318,19:42,0.764252817238187,1026,not_assessed,Надёжность отдельно не установлена; R² сохранён без порога
2018-04-16,D1,96,0.5964954354373009,-15.38377259401946,-12.710544381581093,19.955410236340594,14.637637405461637,14:38,0.6660983422742166,994,not_assessed,Надёжность отдельно не установлена; R² сохранён без порога
2018-04-16,D2,96,-1.119450807765221,-1.6055488044538604,-30.699317322602308,30.741273087452207,17.80041372430981,17:48,0.9116610692650428,1010,not_assessed,Надёжность отдельно не установлена; R² сохранён без порога
2018-04-16,D3,96,-1.1717564050354112,8.587176644123414,-14.881410607107524,17.181268415769278,19.99911246274688,20:00,0.7209994034846661,1026,not_assessed,Надёжность отдельно не установлена; R² сохранён без порога
2018-04-17,D1,96,-3.8488936015497326,60.44677584491514,68.73100732938259,91.53012661718031,3.244625346311992,03:15,0.679323090263397,994,not_assessed,Надёжность отдельно не установлена; R² сохранён без порога
2018-04-17,D2,96,-3.955612670033506,13.044266768402217,53.478245003997344,55.04612233602663,5.086149181620134,05:05,0.6722993159791443,1010,not_assessed,Надёжность отдельно не установлена; R² сохранён без порога
2018-04-17,D3,96,-2.063842934268977,-14.611705860548081,42.458621060835085,44.902521650156395,7.266025637565397,07:16,0.7187231988296366,1026,not_assessed,Надёжность отдельно не установлена; R² сохранён без порога
2018-04-18,D1,96,2.987053373842501,-5.062195832581001,-24.378178704667782,24.89822129398239,17.21793924398188,17:13,0.7514767875531324,994,not_assessed,Надёжность отдельно не установлена; R² сохранён без порога
2018-04-18,D2,96,0.6170868566854555,2.223425276245477,-14.949107358186524,15.113551229464031,18.563983663743343,18:34,0.7759041837165634,1010,not_assessed,Надёжность отдельно не установлена; R² сохранён без порога
2018-04-18,D3,96,0.2501180526313766,-6.235057585517609,-5.200998838079128,8.119503187290533,14.655554210565082,14:39,0.32248382617565785,1026,not_assessed,Надёжность отдельно не установлена; R² сохранён без порога
2018-04-19,D1,96,1.0618068076796752,-16.46281739873722,-28.330581105868742,32.76654059403238,15.989283648436794,15:59,0.8082830269452964,994,not_assessed,Надёжность отдельно не установлена; R² сохранён без порога
2018-04-19,D2,96,0.9991544621441361,-1.178026043261907,-15.602324092350806,15.646733283383906,17.71214502799054,17:43,0.6975761255249336,1010,not_assessed,Надёжность отдельно не установлена; R² сохранён без порога
2018-04-19,D3,96,0.23391427294533423,-5.423012512068674,-3.4124575198964786,6.407334159473144,14.14535724007028,14:09,0.2603343753848377,1026,not_assessed,Надёжность отдельно не установлена; R² сохранён без порога
2018-04-20,D1,96,-0.1473511149044773,-15.118583818468863,-31.723340466768366,35.141740239301924,16.30124333882455,16:18,0.8019498945027631,994,not_assessed,Надёжность отдельно не установлена; R² сохранён без порога
2018-04-20,D2,96,0.51933078095938,6.634825162253435,-18.367031004873684,19.528664390266492,19.324101543665016,19:19,0.7476678101756069,1010,not_assessed,Надёжность отдельно не установлена; R² сохранён без порога
2018-04-20,D3,96,0.0826249008657615,1.5457760479912548,-3.1129834221707173,3.475642297080235,19.760470198132182,19:46,0.10259321122058085,1026,not_assessed,Надёжность отдельно не установлена; R² сохранён без порога
2018-04-21,D1,96,-1.935590250625508,-21.700942496098186,-30.380677670967387,37.33519091910709,15.630783313993932,15:38,0.8442481665210461,994,not_assessed,Надёжность отдельно не установлена; R² сохранён без порога
2018-04-21,D2,96,-2.3645752870339143,3.570491018270285,-17.449692766891115,17.811237569872592,18.770935009109852,18:46,0.7720990296205618,1010,not_assessed,Надёжность отдельно не установлена; R² сохранён без порога
2018-04-21,D3,96,-2.2002958980413276,0.8773144748053225,0.6523665095787834,1.0932807281402814,2.4422867744979158,02:27,0.010149810152636496,1026,not_assessed,Надёжность отдельно не установлена; R² сохранён без порога
2018-04-22,D1,96,0.8806730537634534,-22.56704223070993,-31.575722457568048,38.81105053667077,15.629783981822957,15:38,0.8296727953234364,994,not_assessed,Надёжность отдельно не установлена; R² сохранён без порога
2018-04-22,D2,96,2.2736911309114536,9.43057396777425,-23.81790988395295,25.61695837920195,19.440054946921833,19:26,0.798797051723944,1010,not_assessed,Надёжность отдельно не установлена; R² сохранён без порога
2018-04-22,D3,96,0.8630865819151033,9.709098757713178,-0.7194599295603901,9.735718837213337,23.717469043465123,23:43,0.4407389621377632,1026,not_assessed,Надёжность отдельно не установлена; R² сохранён без порога
2018-04-23,D1,96,-0.30085273080751207,-32.96578483689087,-18.312451151457367,37.71059316805685,13.93680769717576,13:56,0.7741790164168776,994,not_assessed,Надёжность отдельно не установлена; R² сохранён без порога
2018-04-23,D2,96,1.284097507723709,2.223427990940806,-27.260931225203663,27.35145340372579,18.310851892876858,18:19,0.8232233455238115,1010,not_assessed,Надёжность отдельно не установлена; R² сохранён без порога
2018-04-23,D3,96,1.1813518182000444,13.197314935366176,-2.2487090603359405,13.387524563610558,23.35534400213236,23:21,0.602392258069385,1026,not_assessed,Надёжность отдельно не установлена; R² сохранён без порога
2018-04-24,D1,96,0.6749103356874764,-33.32061525846192,-17.790645412000096,37.77261528380005,13.873252495343612,13:52,0.7846345279293415,994,not_assessed,Надёжность отдельно не установлена; R² сохранён без порога
2018-04-24,D2,96,1.2480271179787021,2.9339102509079567,-34.30766365833015,34.43288566259717,18.325860478294537,18:20,0.8612629125036936,1010,not_assessed,Надёжность отдельно не установлена; R² сохранён без порога
2018-04-24,D3,96,0.5797591818143916,15.539679039283005,-8.150933460573519,17.54763063557666,22.154794309543515,22:09,0.7570972783628451,1026,not_assessed,Надёжность отдельно не установлена; R² сохранён без порога
2018-04-25,D1,96,-1.1379263881679922,-31.02407456314199,-13.305526256734737,33.75692864388067,13.547560151779338,13:33,0.8296588013496982,994,not_assessed,Надёжность отдельно не установлена; R² сохранён без порога
2018-04-25,D2,96,-1.7080598569202146,-0.17198408455671554,-30.519049884042122,30.519534471383935,17.97847495707679,17:59,0.8684332249005835,1010,not_assessed,Надёжность отдельно не установлена; R² сохранён без порога
2018-04-25,D3,96,-0.5735587708855974,11.264656249654895,-8.211998164944841,13.94020782786062,21.59384928503455,21:36,0.6444318357844785,1026,not_assessed,Надёжность отдельно не установлена; R² сохранён без порога
2018-04-26,D1,96,-0.08560204233636734,-28.646150028328442,-8.864970122161026,29.986490403385144,13.146363113474603,13:09,0.8021212529473161,994,not_assessed,Надёжность отдельно не установлена; R² сохранён без порога
2018-04-26,D2,96,-0.6416082944048581,-3.3589567232880224,-20.966594061517746,21.233950570004467,17.39321744071089,17:24,0.8259110439253905,1010,not_assessed,Надёжность отдельно не установлена; R² сохранён без порога
2018-04-26,D3,96,0.6168401191411236,9.967501500923381,-5.111747835669444,11.201832533401895,22.189957925535726,22:11,0.5317636086801423,1026,not_assessed,Надёжность отдельно не установлена; R² сохранён без порога
2018-04-27,D1,96,0.0518044905223201,-28.586686062496593,-6.39947309007955,29.294229395332952,12.84122055547732,12:50,0.6802288283665945,994,not_assessed,Надёжность отдельно не установлена; R² сохранён без порога
2018-04-27,D2,96,0.27417698984646477,-2.409780454113303,-23.939108524458764,24.060090581351535,17.616786876545525,17:37,0.801295924827387,1010,not_assessed,Надёжность отдельно не установлена; R² сохранён без порога
2018-04-27,D3,96,-0.5218951216430515,11.718708985726705,-6.684066214512827,13.490918480672235,22.02004116501405,22:01,0.6570597077368354,1026,not_assessed,Надёжность отдельно не установлена; R² сохранён без порога
2018-04-28,D1,96,0.804272450589827,-31.30843123757579,-10.022757263211076,32.87359928141824,13.183427331512407,13:11,0.778799844989561,994,not_assessed,Надёжность отдельно не установлена; R² сохранён без порога
2018-04-28,D2,96,1.3639058188217639,-1.8576332424179873,-26.381191138015737,26.44651294828595,17.731477488886068,17:44,0.8291547790796239,1010,not_assessed,Надёжность отдельно не установлена; R² сохранён без порога
2018-04-28,D3,96,0.6226817156339365,12.14736543696557,-5.277309780189059,13.244186859723206,22.43452750011477,22:26,0.5954881912687648,1026,not_assessed,Надёжность отдельно не установлена; R² сохранён без порога
2018-04-29,D1,96,-0.05576910166162488,-32.55147533011275,-12.893850797553597,35.012139816876555,13.44058934067461,13:26,0.8265863512023842,994,not_assessed,Надёжность отдельно не установлена; R² сохранён без порога
2018-04-29,D2,96,0.3009550386436202,-2.6917782649441104,-28.665221933643263,28.79132888097818,17.642361990980305,17:39,0.8782087681473234,1010,not_assessed,Надёжность отдельно не установлена; R² сохранён без порога
2018-04-29,D3,96,0.51545542895942,12.567871549748832,-8.014205184322067,14.905666037698577,21.831693365711544,21:50,0.6557795956596353,1026,not_assessed,Надёжность отдельно не установлена; R² сохранён без порога
2018-04-30,D1,96,1.2642460430207725,-27.788782503783185,-11.154596884132687,29.94397209272793,13.458056337410408,13:27,0.7604126432263009,994,not_assessed,Надёжность отдельно не установлена; R² сохранён без порога
2018-04-30,D2,96,-0.3275456774589971,-1.0597433160196896,-27.228872951858566,27.24948766718933,17.851412165079793,17:51,0.8662173589107357,1010,not_assessed,Надёжность отдельно не установлена; R² сохранён без порога
2018-04-30,D3,96,-0.03654263650751821,13.422869127979292,-7.173654905250036,15.21955125246725,22.125225350401852,22:08,0.6749118081123433,1026,not_assessed,Надёжность отдельно не установлена; R² сохранён без порога
2018-05-01,D1,96,-4.349617455208207,53.88696972939886,71.11766805371465,89.22739610688801,3.5232147525804742,03:31,0.6671079406323066,994,not_assessed,Надёжность отдельно не установлена; R² сохранён без порога
2018-05-01,D2,96,-5.845940140584427,16.756577394192668,55.89012257031836,58.34799642569382,4.887372891204383,04:53,0.6876487726900627,1010,not_assessed,Надёжность отдельно не установлена; R² сохранён без порога
2018-05-01,D3,96,-2.6842325484193945,-3.3747413068558245,41.666021207762775,41.80246646041279,6.3087044096384375,06:19,0.7655213346140192,1026,not_assessed,Надёжность отдельно не установлена; R² сохранён без порога
2018-05-02,D1,96,1.2862390168989926,-0.633674603661631,-9.382236950296868,9.40361173671274,17.742408091515596,17:45,0.5260938891654446,994,not_assessed,Надёжность отдельно не установлена; R² сохранён без порога
2018-05-02,D2,96,1.2589571481496984,1.0891986797881128,-3.5229966891085858,3.6875275504763656,19.1453298523861,19:09,0.12274053415681885,1010,not_assessed,Надёжность отдельно не установлена; R² сохранён без порога
2018-05-02,D3,96,0.9235665811956578,0.18563273856728607,0.5300024365494198,0.5615710964573516,4.71315021511198,04:43,0.0020335701101510395,1026,not_assessed,Надёжность отдельно не установлена; R² сохранён без порога
2018-05-03,D1,96,1.9313759831890864,-6.1461030128912055,-22.543089262954144,23.365903700961123,16.9833094446573,16:59,0.7144198247462269,994,not_assessed,Надёжность отдельно не установлена; R² сохранён без порога
2018-05-03,D2,96,0.7156652211673836,6.931929720209281,-5.97328773478547,9.150509057339884,21.283221085239724,21:17,0.45938799292827703,1010,not_assessed,Надёжность отдельно не установлена; R² сохранён без порога
2018-05-03,D3,96,-0.23849617149531824,0.4299811344966453,3.178500453741592,3.207452090126761,5.486394037297091,05:29,0.07741789797884113,1026,not_assessed,Надёжность отдельно не установлена; R² сохранён без порога
2018-05-04,D1,96,1.0695219178800028,-18.616147114179356,-30.937525480002268,36.10666719876757,15.930884403506825,15:56,0.7928630118647801,994,not_assessed,Надёжность отдельно не установлена; R² сохранён без порога
2018-05-04,D2,96,1.088079878008391,0.24272232471677935,-16.518257770232083,16.520040977272075,18.05612361059999,18:03,0.635795833527272,1010,not_assessed,Надёжность отдельно не установлена; R² сохранён без порога
2018-05-04,D3,96,0.09640567367055997,-6.301971832191557,-1.8107754656883168,6.556962464500964,13.068746490045289,13:04,0.17517548444170605,1026,not_assessed,Надёжность отдельно не установлена; R² сохранён без порога
2018-05-05,D1,96,-2.587995718494265,-10.250407641555014,-30.066009844164743,31.765323936132944,16.74494745066609,16:45,0.8727562106655941,994,not_assessed,Надёжность отдельно не установлена; R² сохранён без порога
2018-05-05,D2,96,-0.8832460829321578,9.235569732249257,-15.698259914121813,18.21348710737629,20.031271175806758,20:02,0.7742904279185118,1010,not_assessed,Надёжность отдельно не установлена; R² сохранён без порога
2018-05-05,D3,96,-0.7890020919043651,5.262219832387187,0.80805259341443,5.3238995631109365,0.5819998374771501,00:35,0.2465747162615024,1026,not_assessed,Надёжность отдельно не установлена; R² сохранён без порога
2018-05-06,D1,96,0.7150671964532244,-22.476946737908456,-30.301564333116268,37.727946348731436,15.562193018197483,15:34,0.7783076925664754,994,not_assessed,Надёжность отдельно не установлена; R² сохранён без порога
2018-05-06,D2,96,2.118562568833808,9.220600079788664,-29.839116272745443,31.231271600269828,19.144779860379266,19:09,0.8357220389470336,1010,not_assessed,Надёжность отдельно не установлена; R² сохранён без порога
2018-05-06,D3,96,0.6136902905024504,11.523854934350055,-6.65896645307879,13.309435253652682,21.998591826015254,22:00,0.6219133579084815,1026,not_assessed,Надёжность отдельно не установлена; R² сохранён без порога
2018-05-07,D1,96,0.8275515667436084,-26.317412951808784,-20.75945334624896,33.519563358002145,14.551116651950025,14:33,0.47408948726613154,994,not_assessed,Надёжность отдельно не установлена; R² сохранён без порога
2018-05-07,D2,96,-0.1311861386365871,0.4680292389265066,-24.62453343770845,24.628980863878873,18.072591214031377,18:04,0.9032886623301514,1010,not_assessed,Надёжность отдельно не установлена; R² сохранён без порога
2018-05-07,D3,96,0.17145007606992882,5.512036505590455,-5.246093132357617,7.609470388425964,21.09440507296557,21:06,0.38172726133412427,1026,not_assessed,Надёжность отдельно не установлена; R² сохранён без порога
2018-05-08,D1,96,0.17183152835698481,-33.10592937570027,-16.6327921301947,37.04932298808065,13.778364611069536,13:47,0.7944587793906434,994,not_assessed,Надёжность отдельно не установлена; R² сохранён без порога
2018-05-08,D2,96,2.63246518839957,5.880786621552556,-30.85822666605915,31.41359266722155,18.71931501516849,18:43,0.8493445787506899,1010,not_assessed,Надёжность отдельно не установлена; R² сохранён без порога
2018-05-08,D3,96,1.3772188853631064,16.253994970272196,-8.449490817145248,18.319013280268557,22.168849725918946,22:10,0.724821296419784,1026,not_assessed,Надёжность отдельно не установлена; R² сохранён без порога
2018-05-09,D1,96,4.461707185534471,-19.245911062756928,-32.90107764375307,38.11674176468678,15.978263196733177,15:59,0.24278538260238136,994,not_assessed,Надёжность отдельно не установлена; R² сохранён без порога
2018-05-09,D2,96,0.6409562670750114,-0.3252674949500829,-39.178603239743424,39.1799534297899,17.968288768237446,17:58,0.9119969241528728,1010,not_assessed,Надёжность отдельно не установлена; R² сохранён без порога
2018-05-09,D3,96,0.941685713570636,13.732958382519914,-11.062785976667046,17.634607438260854,21.40975394918366,21:25,0.7098146734520845,1026,not_assessed,Надёжность отдельно не установлена; R² сохранён без порога
2018-05-10,D1,96,-4.356462345882584,-36.52223648210878,-24.210613542998793,43.81811914931441,14.236028196764272,14:14,0.5633040092198452,994,not_assessed,Надёжность отдельно не установлена; R² сохранён без порога
2018-05-10,D2,96,-0.9527845776044302,-3.3524921707337825,-35.84528852451514,36.00172097498352,17.64379046062038,17:39,0.9190369120281031,1010,not_assessed,Надёжность отдельно не установлена; R² сохранён без порога
2018-05-10,D3,96,-1.1194543315104402,10.466617854801132,-10.003351961111612,14.478160787072278,21.086431165474377,21:05,0.6476175373644029,1026,not_assessed,Надёжность отдельно не установлена; R² сохранён без порога
2018-05-11,D1,96,-0.8910756915972212,-31.693859246626932,-11.988316651460366,33.885401725236804,13.381287011296264,13:23,0.7937044028734154,994,not_assessed,Надёжность отдельно не установлена; R² сохранён без порога
2018-05-11,D2,96,0.029361636568793315,2.4084182485710954,-32.86174865090604,32.949886234331295,18.279445317074316,18:17,0.8968088610410259,1010,not_assessed,Надёжность отдельно не установлена; R² сохранён без порога
2018-05-11,D3,96,1.044334991259683,16.171729954702176,-9.93412034923699,18.97924120825003,21.895869322148,21:54,0.7253387241094176,1026,not_assessed,Надёжность отдельно не установлена; R² сохранён без порога
2018-05-12,D1,96,-0.2860252702869119,-34.304761365772066,-13.741098104120393,36.9544913301432,13.45526930344244,13:27,0.6129432041530406,994,not_assessed,Надёжность отдельно не установлена; R² сохранён без порога
2018-05-12,D2,96,-0.35255645287987686,-8.217119335940133,-35.54860821943298,36.485950673099076,17.132305464732923,17:08,0.8637742706834346,1010,not_assessed,Надёжность отдельно не установлена; R² сохранён без порога
2018-05-12,D3,96,-0.2424415472353364,5.400713096739284,-15.036932037157948,15.977391121312587,19.317094819724346,19:19,0.6160643669287683,1026,not_assessed,Надёжность отдельно не установлена; R² сохранён без порога
2018-05-13,D1,96,0.5735138762486583,-30.841042576153,-8.969150024041415,32.118772693517485,13.081027695127679,13:05,0.4575874195375039,994,not_assessed,Надёжность отдельно не установлена; R² сохранён без порога
2018-05-13,D2,96,0.3454072051377015,-0.7434085834249302,-32.70954986481775,32.71799670947029,17.913202020342386,17:55,0.9123556824559058,1010,not_assessed,Надёжность отдельно не установлена; R² сохранён без порога
2018-05-13,D3,96,0.17498449537570732,13.412939368024727,-10.909030580714385,17.289126371834673,21.39185361556084,21:24,0.6583365760582295,1026,not_assessed,Надёжность отдельно не установлена; R² сохранён без порога
2018-05-14,D1,96,1.7982661716669128,-30.6925521048992,-14.600070845797347,33.98815710529557,13.695990687168905,13:42,0.5589049913595966,994,not_assessed,Надёжность отдельно не установлена; R² сохранён без порога
2018-05-14,D2,96,0.7539431156371812,0.5032785030321048,-35.74114066319631,35.74468387268237,18.05378270527233,18:03,0.9271255781854405,1010,not_assessed,Надёжность отдельно не установлена; R² сохранён без порога
2018-05-14,D3,96,0.631847601768176,14.273549737658218,-13.688244371527995,19.776305420580226,21.07994391766953,21:05,0.7730906614470912,1026,not_assessed,Надёжность отдельно не установлена; R² сохранён без порога
2018-05-15,D1,96,-4.901042313419865,53.122604918133696,64.14688168758256,83.28765564913469,3.3580321026687803,03:21,0.6749924296374339,994,not_assessed,Надёжность отдельно не установлена; R² сохранён без порога
2018-05-15,D2,96,-7.190569322097855,14.63656637612307,46.883641484336934,49.11522079879612,4.844146679783124,04:51,0.6038230770799606,1010,not_assessed,Надёжность отдельно не установлена; R² сохранён без порога
2018-05-15,D3,96,-3.885225146238886,-4.132899246217077,41.155169101392204,41.36216628688069,6.382303468981136,06:23,0.6739128982976144,1026,not_assessed,Надёжность отдельно не установлена; R² сохранён без порога
2018-05-18,D1,96,-1.0398951515555865,-16.535717678409817,-29.437326418280584,33.76368086859718,16.045062434177105,16:03,0.7437976454291908,994,not_assessed,Надёжность отдельно не установлена; R² сохранён без порога
2018-05-18,D2,96,-0.5415519434684628,5.504765627282341,-13.419543908831212,14.50470969486663,19.486912645543693,19:29,0.6857299434284967,1010,not_assessed,Надёжность отдельно не установлена; R² сохранён без порога
2018-05-18,D3,96,-0.42929959019791775,3.9673631659852284,-0.041796048093905025,3.967583319913093,23.959760871086395,23:58,0.12365578542999311,1026,not_assessed,Надёжность отдельно не установлена; R² сохранён без порога
2018-05-19,D1,96,0.6267031050832286,-14.772683487908708,-38.03531418308761,40.80339817270267,16.584942293002623,16:35,0.789576075198392,994,not_assessed,Надёжность отдельно не установлена; R² сохранён без порога
2018-05-19,D2,96,0.8713343107485629,11.096878804413533,-22.9224399399607,25.467213667791533,19.722125231344243,19:43,0.8358297470599876,1010,not_assessed,Надёжность отдельно не установлена; R² сохранён без порога
2018-05-19,D3,96,-0.19713927922183333,9.522339859975833,-0.4028940125921783,9.530859352349461,23.838482510309106,23:50,0.36561482956551394,1026,not_assessed,Надёжность отдельно не установлена; R² сохранён без порога
2018-05-20,D1,96,-0.308830058259222,-32.40772590963064,-25.083999363333067,40.98130943117166,14.516022326993216,14:31,0.6924901988632592,994,not_assessed,Надёжность отдельно не установлена; R² сохранён без порога
2018-05-20,D2,96,2.049840517402024,6.430358274355978,-33.8015788224282,34.40779328038061,18.718076660530446,18:43,0.8957210555916607,1010,not_assessed,Надёжность отдельно не установлена; R² сохранён без порога
2018-05-20,D3,96,0.8880931916652597,10.337414520958067,-7.422040817509991,12.725911710950186,21.62149785520289,21:37,0.5574740771036724,1026,not_assessed,Надёжность отдельно не установлена; R² сохранён без порога
2018-05-21,D1,96,-0.12755932689929686,-32.806355064567555,-20.180225965165313,38.516210257859086,14.106465775667603,14:06,0.6472323523494148,994,not_assessed,Надёжность отдельно не установлена; R² сохранён без порога
2018-05-21,D2,96,0.17183679014930694,0.723667145370392,-36.13807150013127,36.14531651384296,18.076479883107687,18:05,0.890077040151014,1010,not_assessed,Надёжность отдельно не установлена; R² сохранён без порога
2018-05-21,D3,96,0.18480307721378816,14.390955102240273,-10.15917647241127,17.615574227151665,21.652008966459405,21:39,0.7466001362214415,1026,not_assessed,Надёжность отдельно не установлена; R² сохранён без порога
2018-05-22,D1,96,-0.7337894897553289,-33.43084061547818,-15.127790002961586,36.694292943606506,13.62314852549147,13:37,0.5586188888466105,994,not_assessed,Надёжность отдельно не установлена; R² сохранён без порога
2018-05-22,D2,96,0.3384779130560584,2.9882556101642717,-32.39661939586368,32.53414544554888,18.35133568012343,18:21,0.8467919545717568,1010,not_assessed,Надёжность отдельно не установлена; R² сохранён без порога
2018-05-22,D3,96,0.2935417499610717,16.728869790469357,-5.253443393290791,17.534359182844092,22.837727238948023,22:50,0.6910707545586552,1026,not_assessed,Надёжность отдельно не установлена; R² сохранён без порога
2018-05-23,D1,96,1.5825030326337781,-30.749440418022704,-15.574441501232268,34.46870049910258,13.790799426516747,13:47,0.5967098011304846,994,not_assessed,Надёжность отдельно не установлена; R² сохранён без порога
2018-05-23,D2,96,0.9275230229331691,3.6121942773066245,-36.340052363312935,36.519136808875054,18.378436213802914,18:23,0.8914839357889228,1010,not_assessed,Надёжность отдельно не установлена; R² сохранён без порога
2018-05-23,D3,96,1.08565562766921,20.254544549330692,-10.476925499498039,22.803783519908574,22.176609940240645,22:11,0.845513168460627,1026,not_assessed,Надёжность отдельно не установлена; R² сохранён без порога
2018-05-24,D1,96,0.0492226814045828,-34.20833022137812,-17.07174563537651,38.23158845214057,13.768106334741807,13:46,0.7644881614992829,994,not_assessed,Надёжность отдельно не установлена; R² сохранён без порога
2018-05-24,D2,96,0.5112111132861178,-0.0399215332857743,-38.41794149002527,38.41796223200581,17.996030787600862,18:00,0.8819805834687285,1010,not_assessed,Надёжность отдельно не установлена; R² сохранён без порога
2018-05-24,D3,96,0.7394341503838355,15.625811745467812,-14.860502701278055,21.563871017038945,21.09586765216248,21:06,0.7666571893652562,1026,not_assessed,Надёжность отдельно не установлена; R² сохранён без порога
2018-05-25,D1,96,-0.419090553825946,-34.80141531650554,-15.714362388831422,38.18480971956553,13.620083954092342,13:37,0.8045126294816685,994,not_assessed,Надёжность отдельно не установлена; R² сохранён без порога
2018-05-25,D2,96,-0.9533646900438729,-0.3092423653819978,-37.64829516580615,37.64956519977634,17.968625610907395,17:58,0.9036497546257142,1010,not_assessed,Надёжность отдельно не установлена; R² сохранён без порога
2018-05-25,D3,96,-0.758109742535441,16.009925541422255,-15.357772759370574,22.18510536306622,21.07940274377429,21:05,0.810669916739384,1026,not_assessed,Надёжность отдельно не установлена; R² сохранён без порога
2018-05-26,D1,96,-0.29009635370815434,-24.24887194192573,-11.133758032829036,26.682735211921173,13.644133579117645,13:39,0.6998579609380323,994,not_assessed,Надёжность отдельно не установлена; R² сохранён без порога
2018-05-26,D2,96,-0.7622896625481105,3.1225689696496772,-26.704960817241986,26.88689958363829,18.444614718194977,18:27,0.8733072679669783,1010,not_assessed,Надёжность отдельно не установлена; R² сохранён без порога
2018-05-26,D3,96,-0.2404450174388309,14.630764742533916,-9.089151567867889,17.224167706308737,21.876665267463295,21:53,0.7443082280039348,1026,not_assessed,Надёжность отдельно не установлена; R² сохранён без порога
2018-05-27,D1,96,0.3037003090074323,-30.723727194271305,-13.770752260760059,33.66869511185776,13.609500610918904,13:37,0.6797136052367176,994,not_assessed,Надёжность отдельно не установлена; R² сохранён без порога
2018-05-27,D2,96,0.8974649713018966,1.0785026781751874,-33.75915130771834,33.77637436203377,18.121986957091433,18:07,0.9095921180130784,1010,not_assessed,Надёжность отдельно не установлена; R² сохранён без порога
2018-05-27,D3,96,0.20139340905353711,13.9770772696459,-12.162050719525276,18.527659504264356,21.26480533356569,21:16,0.7449153603973645,1026,not_assessed,Надёжность отдельно не установлена; R² сохранён без порога
2018-05-28,D1,96,0.27554901149947925,-32.674901999779145,-13.819500857521646,35.477145102815314,13.528360868236772,13:32,0.7305240423463502,994,not_assessed,Надёжность отдельно не установлена; R² сохранён без порога
2018-05-28,D2,96,0.3230907901562427,-2.885740130890941,-36.20020410273393,36.31504196861996,17.696149353166298,17:42,0.9199228217696047,1010,not_assessed,Надёжность отдельно не установлена; R² сохранён без порога
2018-05-28,D3,96,0.31549003716084106,13.192557289284448,-13.715844224799078,19.03071072319703,20.925727399981696,20:56,0.7401232313879538,1026,not_assessed,Надёжность отдельно не установлена; R² сохранён без порога
2018-05-29,D1,96,-0.3636870398850496,-33.43012576770698,-14.448296629360932,36.418766924962036,13.558247100084362,13:33,0.736953000979568,994,not_assessed,Надёжность отдельно не установлена; R² сохранён без порога
2018-05-29,D2,96,-0.1950056481230315,-3.122460171252836,-36.99489043460329,37.12642826598544,17.67836860629596,17:41,0.9044007037958085,1010,not_assessed,Надёжность отдельно не установлена; R² сохранён без порога
2018-05-29,D3,96,0.03023471176889128,12.303994862105203,-14.276138341331283,18.8466552870142,20.71710994327523,20:43,0.7722317844759987,1026,not_assessed,Надёжность отдельно не установлена; R² сохранён без порога
2018-05-30,D1,96,0.16779274413853118,-28.034629301315974,-14.69258895055463,31.651423508780205,13.843897062574351,13:51,0.6938110574977696,994,not_assessed,Надёжность отдельно не установлена; R² сохранён без порога
2018-05-30,D2,96,0.6081930372707914,2.2075543825774844,-37.598383759549854,37.663135260920846,18.224014070777017,18:13,0.9226158924283412,1010,not_assessed,Надёжность отдельно не установлена; R² сохранён без порога
2018-05-30,D3,96,0.7093803140713226,16.638879445605795,-16.271200668261304,23.2723930955162,21.042672975689385,21:03,0.8207364042470412,1026,not_assessed,Надёжность отдельно не установлена; R² сохранён без порога
2018-05-31,D1,96,-2.0288096569016143,-30.799435362789005,-8.540715158869805,31.961680714436255,13.033249931221444,13:02,0.7068017441837258,994,not_assessed,Надёжность отдельно не установлена; R² сохранён без порога
2018-05-31,D2,96,-1.976263916581852,-0.2380792199632058,-31.069119755117896,31.070031929060445,17.970730492500564,17:58,0.8459743462980709,1010,not_assessed,Надёжность отдельно не установлена; R² сохранён без порога
2018-05-31,D3,96,-1.8811342819791925,15.17367660679967,-10.357276905604644,18.37154448235398,21.712217503454205,21:43,0.6454562721551066,1026,not_assessed,Надёжность отдельно не установлена; R² сохранён без порога
2018-06-01,D1,96,0.822887720922276,-24.245653427623115,-2.6938318147863,24.394844536884577,12.422659269203638,12:25,0.5261298119900961,994,not_assessed,Надёжность отдельно не установлена; R² сохранён без порога
2018-06-01,D2,96,0.5355731311986871,3.0893580207389775,-27.850993307029416,28.021812239191483,18.421975395672227,18:25,0.8813229614621868,1010,not_assessed,Надёжность отдельно не установлена; R² сохранён без порога
2018-06-01,D3,96,0.4664687949586253,17.641707797749284,-6.39467390196967,18.764906296960287,22.671713149565065,22:40,0.6428702757091042,1026,not_assessed,Надёжность отдельно не установлена; R² сохранён без порога
2018-06-02,D1,96,0.23391906111225,-23.439876107156298,-6.36774102793705,24.28941987198767,13.01322219251481,13:01,0.624783928627633,994,not_assessed,Надёжность отдельно не установлена; R² сохранён без порога
2018-06-02,D2,96,0.20492943635908933,2.161234946771031,-26.339285499216725,26.427805378131435,18.312721343856204,18:19,0.8114346774124375,1010,not_assessed,Надёжность отдельно не установлена; R² сохранён без порога
2018-06-02,D3,96,0.7803804149768905,16.18039960335351,-8.100098296267497,18.094665615407155,22.227127649859025,22:14,0.6928132229120952,1026,not_assessed,Надёжность отдельно не установлена; R² сохранён без порога
2018-06-03,D1,96,-0.7496454477159363,-31.762566181186653,-6.422123627345094,32.40531256289879,12.76204136590997,12:46,0.6234707853576296,994,not_assessed,Надёжность отдельно не установлена; R² сохранён без порога
2018-06-03,D2,96,-1.193272825584641,-7.7741285526383335,-30.098491547131676,31.086271377662896,17.03450755191275,17:02,0.8295730923040217,1010,not_assessed,Надёжность отдельно не установлена; R² сохранён без порога
2018-06-03,D3,96,-1.3652490773090784,7.513524966539768,-9.89709733129447,12.426004708188893,20.480298525519274,20:29,0.4499504445073099,1026,not_assessed,Надёжность отдельно не установлена; R² сохранён без порога
2018-06-04,D1,96,-0.5104535239271475,-28.43638122986976,-3.022097042729424,28.59651810948604,12.40442532960413,12:24,0.5923044025294331,994,not_assessed,Надёжность отдельно не установлена; R² сохранён без порога
2018-06-04,D2,96,0.37491492916600094,0.010823497228994228,-22.584149085140204,22.584151678731068,18.00183060741991,18:00,0.7905148645146123,1010,not_assessed,Надёжность отдельно не установлена; R² сохранён без порога
2018-06-04,D3,96,0.30314433008210023,13.825502657114004,-3.409999431637118,14.239825133955538,23.076319078350977,23:05,0.4737595013193432,1026,not_assessed,Надёжность отдельно не установлена; R² сохранён без порога
2018-06-05,D1,96,-0.48999834945570475,-28.308878554361304,-0.4545009191614824,28.312526840448133,12.06132056712092,12:04,0.5800780912937957,994,not_assessed,Надёжность отдельно не установлена; R² сохранён без порога
2018-06-05,D2,96,-1.6562164340241177,-4.52997104942315,-20.199627724146982,20.701342900950635,17.157331460698693,17:09,0.7620429005714606,1010,not_assessed,Надёжность отдельно не установлена; R² сохранён без порога
2018-06-05,D3,96,-1.3202933323224386,9.549585249414921,-3.4072635151989976,10.13923187908479,22.690916772854827,22:41,0.42014136876764674,1026,not_assessed,Надёжность отдельно не установлена; R² сохранён без порога
2018-06-06,D1,96,0.796218889240755,-24.60932048488019,-0.2325746456531057,24.61041945382777,12.036097837869793,12:02,0.5569282601542831,994,not_assessed,Надёжность отдельно не установлена; R² сохранён без порога
2018-06-06,D2,96,1.0588216721253896,2.144662173230674,-16.77754211400114,16.914062055708804,18.485638383573864,18:29,0.7383918873062327,1010,not_assessed,Надёжность отдельно не установлена; R² сохранён без порога
2018-06-06,D3,96,1.327356363450122,15.7620989106495,-1.3462120329084355,15.819483206054667,23.6745546122599,23:40,0.6176040835861563,1026,not_assessed,Надёжность отдельно не установлена; R² сохранён без порога
2018-06-07,D1,96,1.04483353868404,-24.49437877290247,-4.352491090583836,24.878078104307548,12.671727684857915,12:40,0.6474111704961159,994,not_assessed,Надёжность отдельно не установлена; R² сохранён без порога
2018-06-07,D2,96,1.633690501812033,0.5221255942804515,-23.364769263083712,23.370602428122048,18.08534391924583,18:05,0.7953590104413961,1010,not_assessed,Надёжность отдельно не установлена; R² сохранён без порога
2018-06-07,D3,96,1.266846082069587,13.782289933945174,-7.752486396581847,15.813050343071481,22.04282731321147,22:03,0.5359169009340095,1026,not_assessed,Надёжность отдельно не установлена; R² сохранён без порога
2018-06-08,D1,96,1.0987596553769268,-16.685537979246945,-12.95252437840623,21.122856469476375,14.521413780948823,14:31,0.5137566583270488,994,not_assessed,Надёжность отдельно не установлена; R² сохранён без порога
2018-06-08,D2,96,0.6328490426915846,4.950282426297489,-33.253560040930026,33.620002253061315,18.564476034210912,18:34,0.8525863150739804,1010,not_assessed,Надёжность отдельно не установлена; R² сохранён без порога
2018-06-08,D3,96,0.9429047358204486,17.81127001986527,-15.90551393682026,23.879420288502292,21.2156704729214,21:13,0.6958291256461693,1026,not_assessed,Надёжность отдельно не установлена; R² сохранён без порога
2018-06-09,D1,96,0.3902451701437452,-19.37763721011981,-18.963282020303687,27.112707146808358,14.958721421958652,14:58,0.4798515766063204,994,not_assessed,Надёжность отдельно не установлена; R² сохранён без порога
2018-06-09,D2,96,0.2281864154772618,6.02639680080193,-32.472355380108,33.02682731254615,18.700909913934495,18:42,0.8496353984452751,1010,not_assessed,Надёжность отдельно не установлена; R² сохранён без порога
2018-06-09,D3,96,0.06431872056966124,16.72810063814187,-17.653757109521955,24.32045417013834,20.897187249494923,20:54,0.7104467340855563,1026,not_assessed,Надёжность отдельно не установлена; R² сохранён без порога
2018-06-10,D1,96,-1.7261021088304955,-19.970254626761797,-9.430152762426403,22.08481041305085,13.685143125356014,13:41,0.5749452872188667,994,not_assessed,Надёжность отдельно не установлена; R² сохранён без порога
2018-06-10,D2,96,-1.4264204191819443,2.975264783114028,-28.053676144781818,28.211007528373372,18.403595947617575,18:24,0.7967565484432665,1010,not_assessed,Надёжность отдельно не установлена; R² сохранён без порога
2018-06-10,D3,96,-1.3835328543377226,13.786024602144458,-12.938139215788567,18.906346043010487,21.121148694444702,21:07,0.6719743816214652,1026,not_assessed,Надёжность отдельно не установлена; R² сохранён без порога
2018-06-19,D1,96,0.01162018859896368,-29.492767558731217,-3.9715231478952653,29.75897065403332,12.511291111411309,12:31,0.3495963908338452,994,not_assessed,Надёжность отдельно не установлена; R² сохранён без порога
2018-06-19,D2,96,0.5281355442205171,0.8304242555298575,-13.790106505382491,13.815087472541201,18.22974159924435,18:14,0.5972477233917083,1010,not_assessed,Надёжность отдельно не установлена; R² сохранён без порога
2018-06-19,D3,96,0.8608521204117471,13.504513731370317,5.639136641251396,14.63460806374648,1.510943797177316,01:31,0.6518533496471421,1026,not_assessed,Надёжность отдельно не установлена; R² сохранён без порога
2018-06-20,D1,96,0.7483058239356268,-25.655344882009675,2.2486946806538093,25.753705534964492,11.666054549553067,11:40,0.6534484088930448,994,not_assessed,Надёжность отдельно не установлена; R² сохранён без порога
2018-06-20,D2,96,0.853195086806443,-2.186364161323848,-16.229428956123616,16.376035921058094,17.48850214411471,17:29,0.716575459272383,1010,not_assessed,Надёжность отдельно не установлена; R² сохранён без порога
2018-06-20,D3,96,0.8091677162258305,11.310672109015348,2.3224913010742654,11.546656200009739,0.7735743468252474,00:46,0.5254923715762243,1026,not_assessed,Надёжность отдельно не установлена; R² сохранён без порога
2018-06-24,D1,96,1.089526778435822,-13.533992486751382,-23.469005663055,27.09175482400412,16.00193462406179,16:00,0.8147430762339412,994,not_assessed,Надёжность отдельно не установлена; R² сохранён без порога
2018-06-24,D2,96,1.2003461380423373,8.118423182604412,-9.543987242125636,12.52982391934163,20.692370672425053,20:42,0.649629280786611,1010,not_assessed,Надёжность отдельно не установлена; R² сохранён без порога
2018-06-24,D3,96,0.543329132061444,6.446800852726811,2.1226005174155818,6.787243489904575,1.214937337660965,01:13,0.30697419653590097,1026,not_assessed,Надёжность отдельно не установлена; R² сохранён без порога
2018-06-25,D1,96,-0.8069976562982866,-14.837213731730403,-36.464917577609015,39.36792000173324,16.523938622389338,16:31,0.8799829319154476,994,not_assessed,Надёжность отдельно не установлена; R² сохранён без порога
2018-06-25,D2,96,1.0108445527507064,10.158399696936096,-26.82882307968832,28.687607642393747,19.3825698123536,19:23,0.8571324077117551,1010,not_assessed,Надёжность отдельно не установлена; R² сохранён без порога
2018-06-25,D3,96,-0.17172219855851178,9.854841823033276,-7.3253654207922425,12.27920542645755,21.55837323633485,21:34,0.6201306847511145,1026,not_assessed,Надёжность отдельно не установлена; R² сохранён без порога
2018-06-26,D1,96,-0.02920341495187774,-21.78115220756329,-22.444974040542235,31.276116305731662,15.057328607511556,15:03,0.7880640706527845,994,not_assessed,Надёжность отдельно не установлена; R² сохранён без порога
2018-06-26,D2,96,0.6434539613080968,6.34089634945623,-26.732004073019898,27.473751259602313,18.889605217294594,18:53,0.8969515812047653,1010,not_assessed,Надёжность отдельно не установлена; R² сохранён без порога
2018-06-26,D3,96,0.17370265502997495,12.95309961131469,-6.157498876057739,14.34216099300566,22.305003038092764,22:18,0.7046985473863541,1026,not_assessed,Надёжность отдельно не установлена; R² сохранён без порога
2018-06-27,D1,96,0.7700286199731596,-31.10842758640297,-18.368715161674096,36.126776268983555,14.037382852130147,14:02,0.7966254979753159,994,not_assessed,Надёжность отдельно не установлена; R² сохранён без порога
2018-06-27,D2,96,1.4535536804161118,5.487196168245422,-31.090243743764763,31.570755103980506,18.66727997993315,18:40,0.8781647600696433,1010,not_assessed,Надёжность отдельно не установлена; R² сохранён без порога
2018-06-27,D3,96,0.7993539393694572,15.040734825898502,-8.183999076950217,17.123128948720733,22.09656019159501,22:06,0.762184934292583,1026,not_assessed,Надёжность отдельно не установлена; R² сохранён без порога
2018-06-28,D1,96,-0.05812026360973185,-34.440205115218134,-15.918242319411338,37.94098268255311,13.653756785590152,13:39,0.7966798098399512,994,not_assessed,Надёжность отдельно не установлена; R² сохранён без порога
2018-06-28,D2,96,-0.11523155054112914,1.5775358873886454,-32.475558764205424,32.51385145631564,18.18540128732363,18:11,0.9182270406152906,1010,not_assessed,Надёжность отдельно не установлена; R² сохранён без порога
2018-06-28,D3,96,0.05125426411806166,15.567643875898387,-9.395554122052193,18.18317830048445,21.925848065800764,21:56,0.7450909342766299,1026,not_assessed,Надёжность отдельно не установлена; R² сохранён без порога
2018-06-29,D1,96,-0.3988223739354962,-30.585934207882993,-11.593284092306721,32.709381030736104,13.383913223603178,13:23,0.6919743312449622,994,not_assessed,Надёжность отдельно не установлена; R² сохранён без порога
2018-06-29,D2,96,-0.40623671930534744,2.534722465658742,-26.77493184777419,26.89464246705778,18.360529697733327,18:22,0.8596044128580548,1010,not_assessed,Надёжность отдельно не установлена; R² сохранён без порога
2018-06-29,D3,96,-0.02577147706128292,15.321463619038475,-6.086151763741505,16.486008938515514,22.555701171018118,22:33,0.7220999641735825,1026,not_assessed,Надёжность отдельно не установлена; R² сохранён без порога
2018-07-05,D1,96,0.10642728698620685,-13.061048951884658,-19.77096185325335,23.695609980043276,15.770035983223858,15:46,0.7266688679809801,994,not_assessed,Надёжность отдельно не установлена; R² сохранён без порога
2018-07-05,D2,96,0.8775957307946808,3.418817700742867,-10.228686269895807,10.784912483597989,19.232106450311072,19:14,0.6533069453642777,1010,not_assessed,Надёжность отдельно не установлена; R² сохранён без порога
2018-07-05,D3,96,0.8214287328438837,3.649990538732368,-0.0828458558816969,3.650930616797938,23.91331661534795,23:55,0.17510524716322617,1026,not_assessed,Надёжность отдельно не установлена; R² сохранён без порога
2018-07-06,D1,96,0.31259795879684155,-11.41830313487138,-22.330730645312244,25.080653453076156,16.194541198451496,16:12,0.7447415480034674,994,not_assessed,Надёжность отдельно не установлена; R² сохранён без порога
2018-07-06,D2,96,-0.08429180935186145,5.277963357593741,-13.883559004606328,14.852949465964247,19.387650904051796,19:23,0.7154053834810543,1010,not_assessed,Надёжность отдельно не установлена; R² сохранён без порога
2018-07-06,D3,96,-0.6293896966315357,6.887287043983677,-0.1604876590003208,6.8891566330659675,23.911008967542998,23:55,0.39968267070645125,1026,not_assessed,Надёжность отдельно не установлена; R² сохранён без порога
2018-07-07,D1,96,-0.836007129922133,-2.6717357937252153,-26.614781721361815,26.74854721713326,17.617836261945065,17:37,0.7737369531888371,994,not_assessed,Надёжность отдельно не установлена; R² сохранён без порога
2018-07-07,D2,96,-0.37617679545893984,11.76828843604698,-16.96345133091663,20.645854154536067,20.316715845885152,20:19,0.8623914726148387,1010,not_assessed,Надёжность отдельно не установлена; R² сохранён без порога
2018-07-07,D3,96,0.20578679087646076,13.315665391561941,-1.5812047351834089,13.409218964376965,23.548531304970584,23:33,0.6020644846002011,1026,not_assessed,Надёжность отдельно не установлена; R² сохранён без порога
2018-07-08,D1,96,1.398237452487723,-15.133565847309697,-28.041326245378023,31.864412639409892,16.109653212970983,16:07,0.6709989724988069,994,not_assessed,Надёжность отдельно не установлена; R² сохранён без порога
2018-07-08,D2,96,3.24102016611036,4.067198172099818,-29.75967688526606,30.03631917007427,18.51881938193484,18:31,0.8509149572309609,1010,not_assessed,Надёжность отдельно не установлена; R² сохранён без порога
2018-07-08,D3,96,2.3751702734175173,7.417031157726601,-13.786652910327971,15.65516367415371,19.88530968098069,19:53,0.6952473279997056,1026,not_assessed,Надёжность отдельно не установлена; R² сохранён без порога
2018-07-09,D1,96,-0.8198076988259385,-23.08291932040963,-17.35376327004043,28.878612570294035,14.462392284576937,14:28,0.7157710735751199,994,not_assessed,Надёжность отдельно не установлена; R² сохранён без порога
2018-07-09,D2,96,-0.8395705773238255,-2.847854708165344,-24.690791750772345,24.85448598782174,17.56136900132516,17:34,0.855577171416147,1010,not_assessed,Надёжность отдельно не установлена; R² сохранён без порога
2018-07-09,D3,96,-1.5138970086969534,5.850511061858174,-8.937906596621408,10.682446068895144,20.213844631040818,20:13,0.4770911149605378,1026,not_assessed,Надёжность отдельно не установлена; R² сохранён без порога
2018-07-10,D1,96,-1.5551575581248054,-9.672415815731794,-3.8947486362327792,10.427113438140761,13.462196509421586,13:28,0.6062792802100259,994,not_assessed,Надёжность отдельно не установлена; R² сохранён без порога
2018-07-10,D2,96,-2.648517825971994,-2.0591796122489203,-7.737805265503686,8.007112525895849,17.00652429887726,17:00,0.5447299896039148,1010,not_assessed,Надёжность отдельно не установлена; R² сохранён без порога
2018-07-10,D3,96,0.1401787511503312,3.717964646642077,-0.836968696788988,3.811007440701868,23.154223903926727,23:09,0.15272076606788554,1026,not_assessed,Надёжность отдельно не установлена; R² сохранён без порога
2018-07-13,D1,96,-1.508053347230314,-20.723762979773472,-12.027206279572,23.960969156801767,14.008605932402624,14:01,0.7148678972373981,994,not_assessed,Надёжность отдельно не установлена; R² сохранён без порога
2018-07-13,D2,96,-2.231994168178199,-2.8590593758224188,-18.874635464590227,19.0899472088229,17.42576863910708,17:26,0.8248865134374402,1010,not_assessed,Надёжность отдельно не установлена; R² сохранён без порога
2018-07-13,D3,96,0.4352333972270108,7.0014609930563845,-4.702846116508093,8.434288211393143,21.74072939594732,21:44,0.42250075006926147,1026,not_assessed,Надёжность отдельно не установлена; R² сохранён без порога
2018-07-14,D1,96,0.4517147417613943,-3.553251244759678,-12.986702166260336,13.464027167364788,16.979865487911045,16:59,0.4834090768356708,994,not_assessed,Надёжность отдельно не установлена; R² сохранён без порога
2018-07-14,D2,96,-0.7737489891160457,8.907232672684241,-15.221855127197767,17.636430120597836,20.022299802017784,20:01,0.7704141671232426,1010,not_assessed,Надёжность отдельно не установлена; R² сохранён без порога
2018-07-14,D3,96,-1.1595745745329813,10.570896694030203,-5.957045145877846,12.133847031584232,22.039821465605623,22:02,0.5943341958516131,1026,not_assessed,Надёжность отдельно не установлена; R² сохранён без порога
2018-07-15,D1,96,2.909342847414278,-14.684132476361729,-24.612021776621837,28.659646936350224,15.945244479949679,15:57,0.5821570135518719,994,not_assessed,Надёжность отдельно не установлена; R² сохранён без порога
2018-07-15,D2,96,4.451211047304523,8.363726679091425,-23.978695061541814,25.3954669344148,19.28191212626846,19:17,0.620894319188163,1010,not_assessed,Надёжность отдельно не установлена; R² сохранён без порога
2018-07-15,D3,96,2.480185350155985,5.9170339199226945,-7.561973737268904,9.601809059373153,20.536146046573684,20:32,0.2888333901679607,1026,not_assessed,Надёжность отдельно не установлена; R² сохранён без порога
2018-07-16,D1,96,-4.439168799333569,-28.892434432439977,-14.903423748724045,32.509764792549255,13.819052640439947,13:49,0.7329954663232268,994,not_assessed,Надёжность отдельно не установлена; R² сохранён без порога
2018-07-16,D2,96,-1.9861849448870494,-3.9715231134363616,-35.48978506492293,35.71131249051182,17.57432124517964,17:34,0.8356596616099995,1010,not_assessed,Надёжность отдельно не установлена; R² сохранён без порога
2018-07-16,D3,96,-0.48944473222126916,11.488796354965238,-17.971950491125682,21.330340975740054,20.172617421295662,20:10,0.721464309088438,1026,not_assessed,Надёжность отдельно не установлена; R² сохранён без порога
2018-07-17,D1,96,3.4181791388664218,-25.247383552001978,-15.38244567745353,29.564336813832114,14.090176811889918,14:05,0.7028512117831487,994,not_assessed,Надёжность отдельно не установлена; R² сохранён без порога
2018-07-17,D2,96,2.6725301963566315,6.490361109509449,-36.24579477309717,36.82230880954249,18.676805801287326,18:41,0.8697042411475134,1010,not_assessed,Надёжность отдельно не установлена; R² сохранён без порога
2018-07-17,D3,96,0.9043131863752157,19.02192679774904,-14.18720011784238,23.729946192156227,21.552211444764854,21:33,0.7401831012335665,1026,not_assessed,Надёжность отдельно не установлена; R² сохранён без порога
2018-07-18,D1,96,-1.5220648974606459,-28.369431771193298,-20.076174986330606,34.75453151895675,14.35239129074198,14:21,0.6449348744332465,994,not_assessed,Надёжность отдельно не установлена; R² сохранён без порога
2018-07-18,D2,96,-1.1151162704168998,0.15624427120073747,-44.137333613465216,44.13761016161398,18.013521583938616,18:01,0.9062428124247535,1010,not_assessed,Надёжность отдельно не установлена; R² сохранён без порога
2018-07-18,D3,96,-0.6844847701384688,16.192551515682272,-21.46857665108425,26.890491033291006,20.468347750357562,20:28,0.85359387475799,1026,not_assessed,Надёжность отдельно не установлена; R² сохранён без порога
2018-07-19,D1,96,-0.9713227661328221,-26.532460072495212,-5.940449187871426,27.18934302354941,12.84133561236545,12:50,0.5486287989667444,994,not_assessed,Надёжность отдельно не установлена; R² сохранён без порога
2018-07-19,D2,96,-1.4890259868304787,-0.5494757577081657,-26.40718257950752,26.41289865569007,17.920531470764935,17:55,0.9110425753112464,1010,not_assessed,Надёжность отдельно не установлена; R² сохранён без порога
2018-07-19,D3,96,-0.5065811110381632,18.82043242097347,-8.036424771044318,20.464427663951028,22.45848400115602,22:28,0.7508718622028785,1026,not_assessed,Надёжность отдельно не установлена; R² сохранён без порога
2018-07-20,D1,101,-1.7482242529838545,-16.096094695417072,0.6570212794248853,16.109498483983003,11.84417064877775,11:51,0.4255814152641786,994,not_assessed,Надёжность отдельно не установлена; R² сохранён без порога
2018-07-20,D2,101,-1.77039996380459,-1.2605896977671058,-16.165906520374467,16.214981344781197,17.702746405070357,17:42,0.6424266518189261,1010,not_assessed,Надёжность отдельно не установлена; R² сохранён без порога
2018-07-20,D3,101,0.33614542472338443,11.964236945353734,-6.3294854091765504,13.535337130250806,22.141309850326444,22:08,0.5466001128219549,1026,not_assessed,Надёжность отдельно не установлена; R² сохранён без порога
2018-07-21,D1,96,2.073436705610545,-32.007136529869676,-1.4151865067493823,32.038407290166646,12.16877785486802,12:10,0.5208409158869189,994,not_assessed,Надёжность отдельно не установлена; R² сохранён без порога
2018-07-21,D2,96,3.061167408744401,-2.987847715823243,-30.254719952470907,30.40189654240984,17.623997476707334,17:37,0.8941855195826367,1010,not_assessed,Надёжность отдельно не установлена; R² сохранён без порога
2018-07-21,D3,96,0.5693100413709244,7.706808098120851,-12.984254036164966,15.099196797741506,20.046084193702264,20:03,0.6751100177027316,1026,not_assessed,Надёжность отдельно не установлена; R² сохранён без порога
2018-07-22,D1,96,0.23565047601683028,-24.760264931554147,-9.984126771913434,26.69744382667353,13.464057369544493,13:28,0.5951078932389673,994,not_assessed,Надёжность отдельно не установлена; R² сохранён без порога
2018-07-22,D2,96,-0.26839084591412044,3.4974933630092586,-33.85245578491554,34.032649360488456,18.393242050447007,18:24,0.8568509496916651,1010,not_assessed,Надёжность отдельно не установлена; R² сохранён без порога
2018-07-22,D3,96,0.5349807753227901,16.905367999827238,-14.588134149185642,22.329467641755794,21.280542325225266,21:17,0.8094788558815653,1026,not_assessed,Надёжность отдельно не установлена; R² сохранён без порога
2018-07-23,D1,96,-0.11826470915611273,-26.867262070420598,-9.448055479122178,28.48008994889644,13.291638046312658,13:17,0.7781124130186713,994,not_assessed,Надёжность отдельно не установлена; R² сохранён без порога
2018-07-23,D2,96,0.3028177111649833,2.9359372381557662,-34.04390623303209,34.17026893470215,18.328598480687894,18:20,0.914872477388383,1010,not_assessed,Надёжность отдельно не установлена; R² сохранён без порога
2018-07-23,D3,96,-0.24858806444971376,17.511477800540575,-14.181983164868551,22.533985471892017,21.399806609502075,21:24,0.817608674548526,1026,not_assessed,Надёжность отдельно не установлена; R² сохранён без порога
2018-07-24,D1,96,-0.976637379365685,-18.02098830441081,-3.7151965804642817,18.399964812444743,12.776590844247947,12:47,0.7225130202449804,994,not_assessed,Надёжность отдельно не установлена; R² сохранён без порога
2018-07-24,D2,96,-1.7169819016796959,0.5320865962429036,-23.290819425682148,23.29689648141216,18.087247579415116,18:05,0.8873921229819608,1010,not_assessed,Надёжность отдельно не установлена; R² сохранён без порога
2018-07-24,D3,96,-0.30832814280026405,13.629110534562145,-8.020671554501412,15.814038894238907,21.96822506934636,21:58,0.6893801653399596,1026,not_assessed,Надёжность отдельно не установлена; R² сохранён без порога
2018-07-25,D1,96,1.2697359108343433,-19.7932739202504,-8.373196504257441,21.49148929648603,13.528662501814381,13:32,0.7036180815037256,994,not_assessed,Надёжность отдельно не установлена; R² сохранён без порога
2018-07-25,D2,96,1.0732508966880792,2.729995346759374,-29.56134326077172,29.68713340783346,18.351753979947954,18:21,0.7977727111645044,1010,not_assessed,Надёжность отдельно не установлена; R² сохранён без порога
2018-07-25,D3,96,0.8381421240400676,14.193564289456448,-13.566073977764512,19.63404264050358,21.08632779395903,21:05,0.7098130437257646,1026,not_assessed,Надёжность отдельно не установлена; R² сохранён без порога
2018-07-26,D1,96,-0.2118952843422869,-20.926071867145808,-10.994017327573658,23.638293102251293,13.847751714381697,13:51,0.7486890048459014,994,not_assessed,Надёжность отдельно не установлена; R² сохранён без порога
2018-07-26,D2,96,-0.18780801756146548,2.367814989831043,-28.56488238956623,28.66285145891489,18.315903868600095,18:19,0.855155748445215,1010,not_assessed,Надёжность отдельно не установлена; R² сохранён без порога
2018-07-26,D3,96,-0.7463133076183888,10.679149166127766,-13.068971237317728,16.877269806288144,20.616903586065085,20:37,0.7386894838712222,1026,not_assessed,Надёжность отдельно не установлена; R² сохранён без порога
2018-08-17,D1,96,0.7061314493660152,-24.950166026550583,-18.307452366329457,30.946301829101664,14.417983951806617,14:25,0.7808906059532992,994,not_assessed,Надёжность отдельно не установлена; R² сохранён без порога
2018-08-17,D2,96,1.867591465143606,2.9490135132156574,-29.038312450798735,29.187673266146813,18.386589758654612,18:23,0.8567246938467276,1010,not_assessed,Надёжность отдельно не установлена; R² сохранён без порога
2018-08-17,D3,96,1.3850346191769551,9.952486392528725,-8.809197703086943,13.291122961042143,21.23247633962764,21:14,0.7023725370634426,1026,not_assessed,Надёжность отдельно не установлена; R² сохранён без порога
2018-08-18,D1,96,-0.6959367061623651,-24.12176207009702,-19.247553690439183,30.85980765385148,14.572501810406886,14:34,0.7634343028651058,994,not_assessed,Надёжность отдельно не установлена; R² сохранён без порога
2018-08-18,D2,96,0.01516366924187194,4.508248423781758,-37.10782270907157,37.38067428576454,18.461796421355707,18:28,0.8892408577672641,1010,not_assessed,Надёжность отдельно не установлена; R² сохранён без порога
2018-08-18,D3,96,0.32859942777743634,12.692938219546583,-16.327566038147424,20.680911328451934,20.524083366431526,20:31,0.7791661483231328,1026,not_assessed,Надёжность отдельно не установлена; R² сохранён без порога
2018-08-19,D1,96,-0.24991731585743499,-29.450893628530345,-15.806546217411029,33.424572380842214,13.881522357252043,13:53,0.7433858530015287,994,not_assessed,Надёжность отдельно не установлена; R² сохранён без порога
2018-08-19,D2,96,-0.25462806476295424,0.9368272469651941,-37.38395577280876,37.395692191935396,18.095700619095968,18:06,0.7955789247892963,1010,not_assessed,Надёжность отдельно не установлена; R² сохранён без порога
2018-08-19,D3,96,-0.10169811918916237,14.2700163423041,-15.045773296857575,20.73665017571687,20.898945859016866,20:54,0.728718522847466,1026,not_assessed,Надёжность отдельно не установлена; R² сохранён без порога
2018-08-20,D1,96,2.3968202068743447,-28.03250325835622,-15.919268113902639,32.23731279452537,13.972775958885657,13:58,0.7495989788749526,994,not_assessed,Надёжность отдельно не установлена; R² сохранён без порога
2018-08-20,D2,96,1.5344637432140793,-0.7452862967272935,-35.36663209294566,35.37448398580343,17.919518413216924,17:55,0.8026976139762119,1010,not_assessed,Надёжность отдельно не установлена; R² сохранён без порога
2018-08-20,D3,96,1.2355480946189736,11.899394994952692,-13.895390861957498,18.294192752140695,20.705018672391848,20:42,0.6565071693004824,1026,not_assessed,Надёжность отдельно не установлена; R² сохранён без порога
2018-08-21,D1,96,-5.928247523553264,45.400655525963344,64.80990505621989,79.12991416388256,3.6658650991268233,03:40,0.671351910554813,994,not_assessed,Надёжность отдельно не установлена; R² сохранён без порога
2018-08-21,D2,96,-7.377392540163356,9.119183829364069,45.70128794166223,46.602223479577205,5.247698254774063,05:15,0.6318876956782589,1010,not_assessed,Надёжность отдельно не установлена; R² сохранён без порога
2018-08-21,D3,96,-3.5799602673186324,-7.683580255343138,34.11006556073814,34.96475336818713,6.846298458761221,06:51,0.653302943659688,1026,not_assessed,Надёжность отдельно не установлена; R² сохранён без порога
2018-08-24,D1,96,0.9317988301586284,-10.858756006979426,-22.12163843953985,24.64304099069023,16.257010465014314,16:15,0.8131943100720612,994,not_assessed,Надёжность отдельно не установлена; R² сохранён без порога
2018-08-24,D2,96,-0.7883622158978764,-1.5192799008682645,-14.166101677737014,14.247338283383522,17.59190435385055,17:36,0.7113413540100025,1010,not_assessed,Надёжность отдельно не установлена; R² сохранён без порога
2018-08-24,D3,96,-2.367346029642942,-2.6044297119830166,-6.620244176712188,7.1141188550622045,16.568342103151867,16:34,0.36885946941795655,1026,not_assessed,Надёжность отдельно не установлена; R² сохранён без порога
2018-08-25,D1,96,-1.1940458760229875,-11.54534272773337,-17.48307342785296,20.95120032801281,15.770688031907843,15:46,0.7968102710179161,994,not_assessed,Надёжность отдельно не установлена; R² сохранён без порога
2018-08-25,D2,96,-0.5576407767705281,3.8336889695175476,-9.305257056872954,10.064043919294292,19.49275040451974,19:30,0.6676369986389625,1010,not_assessed,Надёжность отдельно не установлена; R² сохранён без порога
2018-08-25,D3,96,0.13744072555127138,5.014058144187302,-0.18300697744017236,5.017396797850734,23.86064680929527,23:52,0.30875229146218,1026,not_assessed,Надёжность отдельно не установлена; R² сохранён без порога
2018-08-26,D1,96,0.7930013817021543,-14.070487656707954,-21.261059308945548,25.495318508229527,15.7669041039761,15:46,0.8082978895467275,994,not_assessed,Надёжность отдельно не установлена; R² сохранён без порога
2018-08-26,D2,96,0.4636042257899662,4.990638749256856,-12.005071798327526,13.001085493472571,19.504879112010432,19:30,0.6840250739628811,1010,not_assessed,Надёжность отдельно не установлена; R² сохранён без порога
2018-08-26,D3,96,0.1140292006584892,4.926107035870363,-3.0875175922446516,5.81371614471086,21.86146018825421,21:52,0.2795414048731796,1026,not_assessed,Надёжность отдельно не установлена; R² сохранён без порога
2018-08-27,D1,96,0.05870201423865347,-5.64565978829369,-26.517951742336553,27.112271005101114,17.19874662961287,17:12,0.85246806334949,994,not_assessed,Надёжность отдельно не установлена; R² сохранён без порога
2018-08-27,D2,96,-0.20387443135686792,9.300849058450403,-14.892460754970495,17.558222590752575,20.13241213337024,20:08,0.8280279422742582,1010,not_assessed,Надёжность отдельно не установлена; R² сохранён без порога
2018-08-27,D3,96,-0.9674132479007242,4.446834736015288,-0.46156460443114766,4.470724891278352,23.60494235684208,23:36,0.1948417382922042,1026,not_assessed,Надёжность отдельно не установлена; R² сохранён без порога
2018-08-28,D1,96,-2.011207222917016,29.161972703575017,35.75582842394064,46.14000344870312,3.386651871144942,03:23,0.5971700421743671,994,not_assessed,Надёжность отдельно не установлена; R² сохранён без порога
2018-08-28,D2,96,-0.9259466943124144,6.1822935096628076,24.51850733588388,25.285924049150555,5.056532088872063,05:03,0.6933472342011914,1010,not_assessed,Надёжность отдельно не установлена; R² сохранён без порога
2018-08-28,D3,96,0.973577745734836,-5.852369786502834,18.090236465068525,19.013334465055472,7.195127029334185,07:12,0.5849686985762755,1026,not_assessed,Надёжность отдельно не установлена; R² сохранён без порога
2018-08-29,D1,96,0.6851725542066697,-1.838587070047291,-16.602822293196645,16.70431412879956,17.5787230126749,17:35,0.7357318522206245,994,not_assessed,Надёжность отдельно не установлена; R² сохранён без порога
2018-08-29,D2,96,-0.05292668542386595,5.180524424718251,-5.4220811022085655,7.499119734610831,20.91299129733164,20:55,0.47632456952235824,1010,not_assessed,Надёжность отдельно не установлена; R² сохранён без порога
2018-08-29,D3,96,-0.5131970768460135,1.5012378870050034,0.3178739641495436,1.5345224177128833,0.7970198112900755,00:48,0.025630240841046037,1026,not_assessed,Надёжность отдельно не установлена; R² сохранён без порога
2018-08-30,D1,96,1.983364987465044,-5.1803456391319225,-22.633392073053134,23.218665286217846,17.140544119848617,17:08,0.7794009736417047,994,not_assessed,Надёжность отдельно не установлена; R² сохранён без порога
2018-08-30,D2,96,2.345491259093178,0.3362510888130865,-16.322225786512696,16.325688941684145,18.07867817281653,18:05,0.6543724579576684,1010,not_assessed,Надёжность отдельно не установлена; R² сохранён без порога
2018-08-30,D3,96,2.192489421735603,-1.876170444321137,-10.708561202065674,10.871674137617003,17.3374985187875,17:20,0.4081815445149901,1026,not_assessed,Надёжность отдельно не установлена; R² сохранён без порога
2018-08-31,D1,96,-0.9415985883004325,-10.725681543130431,-22.185572517683354,24.6422375709276,16.27989439184532,16:17,0.8129008094787974,994,not_assessed,Надёжность отдельно не установлена; R² сохранён без порога
2018-08-31,D2,96,-1.7202923048959375,2.87396796424665,-12.575317313495727,12.899546402669415,18.85822077632785,18:51,0.6979443565454548,1010,not_assessed,Надёжность отдельно не установлена; R² сохранён без порога
2018-08-31,D3,96,-2.78157326301405,0.6404474180599979,-2.95802729244657,3.0265654392658528,18.81444265003445,18:49,0.10109455577763315,1026,not_assessed,Надёжность отдельно не установлена; R² сохранён без порога
2018-09-01,D1,96,-0.23382976373323844,-6.729008866920586,-20.561630017769122,21.63469873417978,16.791918246001185,16:48,0.7168819421466834,994,not_assessed,Надёжность отдельно не установлена; R² сохранён без порога
2018-09-01,D2,96,-0.05012309998029567,10.218812103326362,-12.5475278266156,16.18223023451286,20.610644050139296,20:37,0.746777465671209,1010,not_assessed,Надёжность отдельно не установлена; R² сохранён без порога
2018-09-01,D3,96,0.5418500448363538,10.66507312024855,-2.333717120875731,10.91741820489243,23.17714386144945,23:11,0.5583303249963247,1026,not_assessed,Надёжность отдельно не установлена; R² сохранён без порога
2018-09-02,D1,96,-0.5484154002423698,-3.462199740089183,-24.16587475806297,24.41262644335219,17.456454798529496,17:27,0.8035626102871789,994,not_assessed,Надёжность отдельно не установлена; R² сохранён без порога
2018-09-02,D2,96,0.47769303371987987,8.00857271201983,-14.073469767401708,16.192584357590313,19.976149292974327,19:59,0.7115988753939627,1010,not_assessed,Надёжность отдельно не установлена; R² сохранён без порога
2018-09-02,D3,96,0.22446878231718975,5.8597931127905,-2.1820754340873347,6.252889613990831,22.63837512668774,22:38,0.2946122007271632,1026,not_assessed,Надёжность отдельно не установлена; R² сохранён без порога
2018-09-03,D1,96,0.8884095895809043,-13.680017432096015,-27.21355007220833,30.45849937989462,16.220781149828078,16:13,0.7941668867958998,994,not_assessed,Надёжность отдельно не установлена; R² сохранён без порога
2018-09-03,D2,96,1.181088468776087,6.06031650524572,-15.915317793413648,17.030113816680814,19.389739314891152,19:23,0.7586422855675051,1010,not_assessed,Надёжность отдельно не установлена; R² сохранён без порога
2018-09-03,D3,96,-0.23002693376642666,6.345849547943619,4.6588316011427775,7.872389622785626,2.4189604913971716,02:25,0.3517980314829273,1026,not_assessed,Надёжность отдельно не установлена; R² сохранён без порога
2018-09-07,D1,96,-0.014440567195807708,-25.779865756027704,-11.751809191587128,28.33207542123029,13.633731738885585,13:38,0.7818343481641414,994,not_assessed,Надёжность отдельно не установлена; R² сохранён без порога
2018-09-07,D2,96,0.015549306134942908,-0.04855355544469386,-27.71976256262838,27.71980508546624,17.993309440136716,18:00,0.8766801793316755,1010,not_assessed,Надёжность отдельно не установлена; R² сохранён без порога
2018-09-07,D3,96,0.2635663633303802,11.783479692518336,-7.272437471742779,13.846975859168692,21.887884260564952,21:53,0.6630131960849597,1026,not_assessed,Надёжность отдельно не установлена; R² сохранён без порога
2018-09-08,D1,96,-0.7153372584858712,-26.084380089966196,-13.006755264856793,29.14739383199988,13.76684998591576,13:46,0.7880952685930259,994,not_assessed,Надёжность отдельно не установлена; R² сохранён без порога
2018-09-08,D2,96,-0.44957098076089713,0.9911913325885777,-26.81347565718186,26.8317896733722,18.14113608066964,18:08,0.8820074851774892,1010,not_assessed,Надёжность отдельно не установлена; R² сохранён без порога
2018-09-08,D3,96,-0.2399022590384203,11.654238308252767,-8.157037377598247,14.225277829451388,21.667403108549202,21:40,0.7082098680796689,1026,not_assessed,Надёжность отдельно не установлена; R² сохранён без порога
2018-09-09,D1,96,0.3161015634743011,-26.35539206508126,-9.920239544022671,28.160572499772435,13.375098050047706,13:23,0.7442908259607093,994,not_assessed,Надёжность отдельно не установлена; R² сохранён без порога
2018-09-09,D2,96,0.5767371469483079,0.3138469866579534,-26.310121138035573,26.311992973340892,18.045562326387305,18:03,0.8927075634425189,1010,not_assessed,Надёжность отдельно не установлена; R² сохранён без порога
2018-09-09,D3,96,0.7397732146704429,11.948299968552375,-7.714117555576889,14.222147580438344,21.8101809561497,21:49,0.7162808540269576,1026,not_assessed,Надёжность отдельно не установлена; R² сохранён без порога
2018-09-13,D1,96,0.9463321626456614,-7.508245083827587,-18.64774691349451,20.102542356343022,16.53790222859103,16:32,0.7686023040016472,994,not_assessed,Надёжность отдельно не установлена; R² сохранён без порога
2018-09-13,D2,96,0.15154365113969054,6.349376804506079,-8.67063999627868,10.746840640423928,20.414316432105057,20:25,0.6500395891020676,1010,not_assessed,Надёжность отдельно не установлена; R² сохранён без порога
2018-09-13,D3,96,0.24761322879222566,4.779414889226001,2.1042274549535254,5.222124076037966,1.5841598842088223,01:35,0.2614835514293409,1026,not_assessed,Надёжность отдельно не установлена; R² сохранён без порога
2018-09-14,D1,96,-0.4398852257361969,-11.361594358991159,-18.184106416230797,21.44172456998424,15.866832310011821,15:52,0.7500526705907217,994,not_assessed,Надёжность отдельно не установлена; R² сохранён без порога
2018-09-14,D2,96,0.12358685105653269,5.396751417909229,-8.72523481094989,10.25936880967426,20.115847398788972,20:07,0.7062603784826031,1010,not_assessed,Надёжность отдельно не установлена; R² сохранён без порога
2018-09-14,D3,96,0.15432410227146529,5.0998256456399,0.8527124980710292,5.170622807775961,0.6328192079269489,00:38,0.2627305746712605,1026,not_assessed,Надёжность отдельно не установлена; R² сохранён без порога
2018-09-15,D1,96,-0.03438551655265828,-9.666818266182656,-16.323654043467116,18.971269243838247,15.957740781494271,15:57,0.6917648467040183,994,not_assessed,Надёжность отдельно не установлена; R² сохранён без порога
2018-09-15,D2,96,-0.14685251588401932,4.971146426405098,-10.017938968659156,11.183532446080703,19.75944881847292,19:46,0.6221784595717901,1010,not_assessed,Надёжность отдельно не установлена; R² сохранён без порога
2018-09-15,D3,96,0.10810767619463332,5.4495455437745335,0.03884097274302678,5.449683959170155,0.02722411878375839,00:02,0.25322414850569286,1026,not_assessed,Надёжность отдельно не установлена; R² сохранён без порога
2018-09-16,D1,96,0.2577969677033145,-10.143348037475636,-20.15198723884132,22.560808919092068,16.21879686692428,16:13,0.6950613783613263,994,not_assessed,Надёжность отдельно не установлена; R² сохранён без порога
2018-09-16,D2,96,0.22982145558805905,6.114768171507236,-12.682585569554018,14.079714717292314,19.716035036701683,19:43,0.7160493033725388,1010,not_assessed,Надёжность отдельно не установлена; R² сохранён без порога
2018-09-16,D3,96,-0.41997890621016887,6.085490568646767,-0.6720603034868908,6.122488098200898,23.579866123249005,23:35,0.2416714832624537,1026,not_assessed,Надёжность отдельно не установлена; R² сохранён без порога
2018-09-17,D1,96,0.3502910758433353,-7.333291151939665,-29.933608945453802,30.818794649020077,17.082299954496687,17:05,0.8515212305120429,994,not_assessed,Надёжность отдельно не установлена; R² сохранён без порога
2018-09-17,D2,96,0.5711546831667735,9.265641949768174,-19.36643847364474,21.46883927683961,19.704548577454545,19:42,0.849341737027113,1010,not_assessed,Надёжность отдельно не установлена; R² сохранён без порога
2018-09-17,D3,96,-0.13275347345036567,8.405536059515901,-1.8358198489982342,8.60367775813332,23.178648102206477,23:11,0.4953447881102836,1026,not_assessed,Надёжность отдельно не установлена; R² сохранён без порога
2018-09-20,D1,96,1.919921710398656,-23.1136861079647,-26.368650679038783,35.064914432102825,15.250900891699384,15:15,0.7320334492048024,994,not_assessed,Надёжность отдельно не установлена; R² сохранён без порога
2018-09-20,D2,96,2.579197777623127,5.633919574887308,-25.137540158530612,25.761152439245368,18.84217252472331,18:51,0.844241976584123,1010,not_assessed,Надёжность отдельно не установлена; R² сохранён без порога
2018-09-20,D3,96,-0.5710016842965762,9.314066683365567,-7.340985367422407,11.85925395406011,21.450412989982212,21:27,0.583101871165254,1026,not_assessed,Надёжность отдельно не установлена; R² сохранён без порога
2018-09-21,D1,96,-0.2135804924015713,-28.517108460004437,-21.258576452832,35.56898294470282,14.44688871458597,14:27,0.7812054096685401,994,not_assessed,Надёжность отдельно не установлена; R² сохранён без порога
2018-09-21,D2,96,1.0418972001819926,4.769190397152133,-31.013147926760574,31.37770739508261,18.582829252569187,18:35,0.8656213299450839,1010,not_assessed,Надёжность отдельно не установлена; R² сохранён без порога
2018-09-21,D3,96,0.8523614883816734,14.52491923873165,-6.791037129394359,16.034071977650893,22.32945652580265,22:20,0.6908634176637303,1026,not_assessed,Надёжность отдельно не установлена; R² сохранён без порога
2018-09-22,D1,96,-0.15412696580324756,-29.598817925107575,-12.005426242861166,31.940887305089838,13.471847783398843,13:28,0.7826907855386117,994,not_assessed,Надёжность отдельно не установлена; R² сохранён без порога
2018-09-22,D2,96,0.07258206170735688,-0.1853709833111239,-29.248054748752953,29.248642173398476,17.975791363740818,17:59,0.8599070361131914,1010,not_assessed,Надёжность отдельно не установлена; R² сохранён без порога
2018-09-22,D3,96,0.3997926822543413,11.636703707101143,-8.736908722677823,14.5515101345278,21.540036852847752,21:32,0.6994974611796054,1026,not_assessed,Надёжность отдельно не установлена; R² сохранён без порога
2018-09-23,D1,96,-0.7822789884304261,-30.947591718592342,-11.948666836805057,33.17414765080861,13.407417011576975,13:24,0.8034126189870265,994,not_assessed,Надёжность отдельно не установлена; R² сохранён без порога
2018-09-23,D2,96,-0.5529521083626808,0.6294892683037752,-28.2763612737232,28.283367261007356,18.085020656150036,18:05,0.8870754070326092,1010,not_assessed,Надёжность отдельно не установлена; R² сохранён без порога
2018-09-23,D3,96,-0.4564997971984851,9.923314421857695,-6.711112702902133,11.979616138512256,21.728640609383252,21:44,0.6404327738313866,1026,not_assessed,Надёжность отдельно не установлена; R² сохранён без порога
2018-09-30,D1,96,-1.022533691641763,-15.235597759654336,-16.818204591470042,22.69307041311352,15.188439667130377,15:11,0.7342855617299323,994,not_assessed,Надёжность отдельно не установлена; R² сохранён без порога
2018-09-30,D2,96,-0.4825905255433408,2.8904968654387115,-13.271967807343678,13.58308144745801,18.81910426873589,18:49,0.705898538217848,1010,not_assessed,Надёжность отдельно не установлена; R² сохранён без порога
2018-09-30,D3,96,0.2558402726521539,5.251600710461663,-0.7360235288009536,5.30292755532923,23.46812236995398,23:28,0.2585172924570702,1026,not_assessed,Надёжность отдельно не установлена; R² сохранён без порога
2018-10-01,D1,96,-0.6700436767065535,-1.921944487282512,-4.2065196914390235,4.624789565662409,16.362966733089632,16:22,0.2322203013349573,994,not_assessed,Надёжность отдельно не установлена; R² сохранён без порога
2018-10-01,D2,96,-0.49860143778393384,2.036544119080894,-3.385253712635775,3.9506271208350294,20.068720740128246,20:04,0.2858100827996486,1010,not_assessed,Надёжность отдельно не установлена; R² сохранён без порога
2018-10-01,D3,96,0.10531165982896767,0.9300264672695862,0.6274744604644449,1.1219061584451226,2.267128690429006,02:16,0.016864879874329386,1026,not_assessed,Надёжность отдельно не установлена; R² сохранён без порога
2018-10-02,D1,96,1.2692488394593489,-10.772740388688904,-8.447776631270745,13.690027958113644,14.540190844766231,14:32,0.6815107762251192,994,not_assessed,Надёжность отдельно не установлена; R² сохранён без порога
2018-10-02,D2,96,0.6961795343700056,-0.6949790417243582,-7.984086367459515,8.014276697961519,17.668346513191423,17:40,0.49217849227224797,1010,not_assessed,Надёжность отдельно не установлена; R² сохранён без порога
2018-10-02,D3,96,0.18936511161104772,2.911766438206901,-2.1616498960581643,3.626446478826949,21.560692298015283,21:34,0.13595413768724174,1026,not_assessed,Надёжность отдельно не установлена; R² сохранён без порога
2018-10-03,D1,96,1.7469008858624084,-15.381960127793079,-20.019405073588032,25.24641116819217,15.49753569550035,15:30,0.8166919375704014,994,not_assessed,Надёжность отдельно не установлена; R² сохранён без порога
2018-10-03,D2,96,0.99270550719628,3.4243636950302676,-13.832270427404517,14.24984111815605,18.92698485408832,18:56,0.7768980636892233,1010,not_assessed,Надёжность отдельно не установлена; R² сохранён без порога
2018-10-03,D3,96,-0.38928151763618013,6.067848755020872,-1.038477009166625,6.1560720441183925,23.35255009015368,23:21,0.27590496023807654,1026,not_assessed,Надёжность отдельно не установлена; R² сохранён без порога
2018-10-04,D1,96,-0.9679667980426332,-12.307888648828985,-27.779772624901117,30.384204614950495,16.40694390163047,16:24,0.8152592032521826,994,not_assessed,Надёжность отдельно не установлена; R² сохранён без порога
2018-10-04,D2,96,-0.12351938781401194,6.710430909703815,-18.945384720284697,20.09869361907647,19.300272002196085,19:18,0.8614406447211765,1010,not_assessed,Надёжность отдельно не установлена; R² сохранён без порога
2018-10-04,D3,96,-0.1449106773945527,9.365367900020027,-2.210613831259349,9.622729831689169,23.114594732357148,23:07,0.5258433056255956,1026,not_assessed,Надёжность отдельно не установлена; R² сохранён без порога
2018-10-05,D1,96,-0.1594786922530217,-22.226611181743934,-26.814902031713892,34.82902834698146,15.35633300894683,15:21,0.7473063692109306,994,not_assessed,Надёжность отдельно не установлена; R² сохранён без порога
2018-10-05,D2,96,1.1357546226429296,4.878982279453375,-25.690631051370072,26.14981820014893,18.716876700013028,18:43,0.8234155217838471,1010,not_assessed,Надёжность отдельно не установлена; R² сохранён без порога
2018-10-05,D3,96,0.7179709710029097,12.148895889613556,-4.428064365840704,12.930716351567588,22.664937905285694,22:40,0.6017008693979697,1026,not_assessed,Надёжность отдельно не установлена; R² сохранён без порога
2018-10-06,D1,96,-0.4612664996874237,-24.956784923766733,-16.318368702815576,29.81828752380293,14.211951261737712,14:13,0.7191126130102317,994,not_assessed,Надёжность отдельно не установлена; R² сохранён без порога
2018-10-06,D2,96,0.1234112180127215,1.7693177520840955,-25.548063151763095,25.609256453757403,18.2641109136193,18:16,0.8444289912931008,1010,not_assessed,Надёжность отдельно не установлена; R² сохранён без порога
2018-10-06,D3,96,0.40660008034660433,10.55233612131947,-5.873250863025797,12.076707884077386,22.060028762885235,22:04,0.5966276021984049,1026,not_assessed,Надёжность отдельно не установлена; R² сохранён без порога
2018-10-07,D1,96,-0.3429816370536657,-15.310608457635784,-9.744633812876694,18.148625829249116,14.16501593336044,14:10,0.7272849207870165,994,not_assessed,Надёжность отдельно не установлена; R² сохранён без порога
2018-10-07,D2,96,-0.9475603073164713,0.26184087680000623,-14.987791821737364,14.9900788635851,18.066724755310844,18:04,0.7599367873546672,1010,not_assessed,Надёжность отдельно не установлена; R² сохранён без порога
2018-10-07,D3,96,-0.21981011395760494,6.525546459521772,-2.881463339159424,7.133413458527195,22.411689894676748,22:25,0.36923672929804485,1026,not_assessed,Надёжность отдельно не установлена; R² сохранён без порога
2018-10-08,D1,96,2.0068511522475596,-16.470907406593568,-13.974115289488928,21.600154835567896,14.687444857492624,14:41,0.6586680065468247,994,not_assessed,Надёжность отдельно не установлена; R² сохранён без порога
2018-10-08,D2,96,0.44916880047750013,1.5028654227414346,-19.411880082820524,19.469968999170902,18.29513343642986,18:18,0.8437413163225047,1010,not_assessed,Надёжность отдельно не установлена; R² сохранён без порога
2018-10-08,D3,96,0.08927649480980997,6.868050484450478,-5.308439486939767,8.680417457902688,21.48659464960045,21:29,0.48392743560611806,1026,not_assessed,Надёжность отдельно не установлена; R² сохранён без порога
2018-10-09,D1,96,-3.2362423941351754,44.37905211481281,63.7894192001526,77.70836678570763,3.678213894505682,03:41,0.677219114055694,994,not_assessed,Надёжность отдельно не установлена; R² сохранён без порога
2018-10-09,D2,96,-3.469729523009416,9.623301587452744,48.64498884128949,49.58772905479993,5.253988126103462,05:15,0.6978444245893753,1010,not_assessed,Надёжность отдельно не установлена; R² сохранён без порога
2018-10-09,D3,96,-1.2285780263297181,-11.378868490657169,35.07532128163895,36.87488048981128,7.198246980813523,07:12,0.7705907703217605,1026,not_assessed,Надёжность отдельно не установлена; R² сохранён без порога
2018-10-10,D1,96,0.4326144607543518,-3.641073416406346,-12.299556608685068,12.827178504796349,16.90063420745794,16:54,0.6500851217443224,994,not_assessed,Надёжность отдельно не установлена; R² сохранён без порога
2018-10-10,D2,96,0.8994813342754485,6.181643007469825,-2.8139705490784994,6.791990910100052,22.368287106153076,22:22,0.4955959624432624,1010,not_assessed,Надёжность отдельно не установлена; R² сохранён без порога
2018-10-10,D3,96,0.39010240469530183,0.6186149187446911,1.365020166085893,1.4986542201304007,4.374692790444799,04:22,0.03742741301282082,1026,not_assessed,Надёжность отдельно не установлена; R² сохранён без порога
2018-10-15,D1,96,0.5100923713440784,-14.05192721481588,-20.20728446410658,24.612821940277517,15.679044402377789,15:41,0.7782828253363587,994,not_assessed,Надёжность отдельно не установлена; R² сохранён без порога
2018-10-15,D2,96,0.9715023748555014,7.090385002408428,-9.807973718117243,12.102475281431353,20.3909291179309,20:23,0.7373609497332454,1010,not_assessed,Надёжность отдельно не установлена; R² сохранён без порога
2018-10-15,D3,96,0.27837147274941004,5.646964970499465,1.6092687904448475,5.871793543539133,1.060430749983301,01:04,0.3101069736372889,1026,not_assessed,Надёжность отдельно не установлена; R² сохранён без порога
2018-10-19,D1,96,-1.0025515143532533,-16.970287139477257,-25.174719671432904,30.360453819591335,15.734405119738371,15:44,0.8468341449654797,994,not_assessed,Надёжность отдельно не установлена; R² сохранён без порога
2018-10-19,D2,96,-0.21228166175927998,7.631479245034779,-14.2225165158048,16.14061496690064,19.881133079714964,19:53,0.7949555656632061,1010,not_assessed,Надёжность отдельно не установлена; R² сохранён без порога
2018-10-19,D3,96,-0.0025029722027861113,6.851171975718798,-1.0257188632233065,6.927528897611812,23.43234937360671,23:26,0.34560856825121,1026,not_assessed,Надёжность отдельно не установлена; R² сохранён без порога
2018-10-22,D1,96,2.073815722236169,-10.407332023174213,-18.13452071976468,20.908692010170363,16.009910059340108,16:01,0.7216828002671978,994,not_assessed,Надёжность отдельно не установлена; R² сохранён без порога
2018-10-22,D2,96,0.29405823008350185,2.8020190386753896,-13.174546476842767,13.469223643684499,18.800466777276284,18:48,0.7217998539817735,1010,not_assessed,Надёжность отдельно не установлена; R² сохранён без порога
2018-10-22,D3,96,-0.26462879809053375,4.927310440584881,-1.4395091245014084,5.133281084980598,22.91428841880012,22:55,0.29645423728417597,1026,not_assessed,Надёжность отдельно не установлена; R² сохранён без порога
2018-10-23,D1,96,-3.9103213819114595,34.92774022558364,54.58810486649514,64.80592743091734,3.825813063319287,03:50,0.7096495918326412,994,not_assessed,Надёжность отдельно не установлена; R² сохранён без порога
2018-10-23,D2,96,-1.977911215163077,4.725569227573935,41.89325646172335,42.15893667411832,5.570948437343458,05:34,0.7528899232687288,1010,not_assessed,Надёжность отдельно не установлена; R² сохранён без порога
2018-10-23,D3,96,0.6296579979531117,-8.179245000387368,23.233514176949285,24.631204391723625,7.29295786894944,07:18,0.7355976761243399,1026,not_assessed,Надёжность отдельно не установлена; R² сохранён без порога
2018-10-24,D1,96,1.4864126984119292,-0.9986954470861402,-9.960429633584148,10.010372174979901,17.61828668944329,17:37,0.6144507319821253,994,not_assessed,Надёжность отдельно не установлена; R² сохранён без порога
2018-10-24,D2,96,0.24991451036661155,2.8976247546296423,-2.7672496660450414,4.006731826921897,21.087893962170117,21:05,0.2947938467674346,1010,not_assessed,Надёжность отдельно не установлена; R² сохранён без порога
2018-10-24,D3,96,-0.813652706926059,0.23817309277405135,0.3902457806246209,0.4571850734843348,3.9069087677342824,03:54,0.002501439500713021,1026,not_assessed,Надёжность отдельно не установлена; R² сохранён без порога
2018-10-25,D1,96,0.9537463339668952,-3.5337079916613465,-13.334101632271793,13.794395909574458,17.010472409649704,17:01,0.7151502987893272,994,not_assessed,Надёжность отдельно не установлена; R² сохранён без порога
2018-10-25,D2,96,0.8938720821589498,6.242183982287505,-4.51087374355763,7.70148315579826,21.609765779570992,21:37,0.5962246877168125,1010,not_assessed,Надёжность отдельно не установлена; R² сохранён без порога
2018-10-25,D3,96,-0.1406778423410979,0.8475367583326423,2.127243794041349,2.2898656545772367,4.551777810970126,04:33,0.07347146478467259,1026,not_assessed,Надёжность отдельно не установлена; R² сохранён без порога
2018-10-26,D1,96,0.7886956186482034,-5.891012704538289,-17.38651628078978,18.357422996357624,16.75215046934258,16:45,0.8091084624774049,994,not_assessed,Надёжность отдельно не установлена; R² сохранён без порога
2018-10-26,D2,96,0.43198682004004885,5.100685508708303,-7.0937753401396035,8.737198706400102,20.381168326618095,20:23,0.5708245763379368,1010,not_assessed,Надёжность отдельно не установлена; R² сохранён без порога
2018-10-26,D3,96,-0.16498078364469584,2.573517036953615,1.4290883752730295,2.943685364272313,1.9362438951480716,01:56,0.10940049965784471,1026,not_assessed,Надёжность отдельно не установлена; R² сохранён без порога
2018-10-29,D1,96,-0.264844176044942,-11.007326573525335,-16.752175187285694,20.044864973397736,15.779489655813308,15:47,0.7941246334509638,994,not_assessed,Надёжность отдельно не установлена; R² сохранён без порога
2018-10-29,D2,96,-0.27544212436385307,4.006903388107336,-9.568990049262352,10.37404671883195,19.514728778971204,19:31,0.6310720938289889,1010,not_assessed,Надёжность отдельно не установлена; R² сохранён без порога
2018-10-29,D3,96,0.41839027965131165,3.7021642844290548,0.09839138865694608,3.7034715138993493,0.10149170707678094,00:06,0.1482620251464135,1026,not_assessed,Надёжность отдельно не установлена; R² сохранён без порога
2018-10-30,D1,96,0.3861876744622631,-8.204457366708812,-16.8426857292694,18.734705315458733,16.268548526822347,16:16,0.7732863477956309,994,not_assessed,Надёжность отдельно не установлена; R² сохранён без порога
2018-10-30,D2,96,0.5834976985446214,4.904802557625879,-9.579679051559115,10.762311037141322,19.80749860305091,19:48,0.6827787040058907,1010,not_assessed,Надёжность отдельно не установлена; R² сохранён без порога
2018-10-30,D3,96,0.08149639939945764,3.4301975858050597,-0.3229316202797019,3.445365047282992,23.64145418948886,23:38,0.14059898423984563,1026,not_assessed,Надёжность отдельно не установлена; R² сохранён без порога
2018-10-31,D1,96,-0.09430256971209874,-12.555973326518622,-19.63899484296775,23.309710092971148,15.827175779160614,15:50,0.8159836508040581,994,not_assessed,Надёжность отдельно не установлена; R² сохранён без порога
2018-10-31,D2,96,0.11243755243344528,3.297135644240555,-10.321359736240014,10.835200517821445,19.181064471987813,19:11,0.6027242499639499,1010,not_assessed,Надёжность отдельно не установлена; R² сохранён без порога
2018-10-31,D3,96,-0.25552485471838066,3.3044320627428867,-0.0456491033235058,3.3047473576534485,23.94723582253374,23:57,0.10923664969207503,1026,not_assessed,Надёжность отдельно не установлена; R² сохранён без порога
2018-11-01,D1,96,0.37199501344746083,-12.11868483240599,-20.319224444251386,23.658685594999778,15.945835132909435,15:57,0.8578360377415499,994,not_assessed,Надёжность отдельно не установлена; R² сохранён без порога
2018-11-01,D2,96,-0.07213403298821915,5.307720822585524,-12.09203393464345,13.205649738164219,19.57991763866923,19:35,0.740260685798394,1010,not_assessed,Надёжность отдельно не установлена; R² сохранён без порога
2018-11-01,D3,96,0.4816229721008919,6.282856885876594,-0.38866647832969825,6.294867137579962,23.764007491500376,23:46,0.38292927137732957,1026,not_assessed,Надёжность отдельно не установлена; R² сохранён без порога
2018-11-02,D1,96,-0.32741617988831245,-15.110934548210341,-23.789474917100453,28.182963998693403,15.838435147962851,15:50,0.8596578490873897,994,not_assessed,Надёжность отдельно не установлена; R² сохранён без порога
2018-11-02,D2,96,0.08879565995535776,5.314793481814879,-13.788260509758667,14.777116012243805,19.40530329154573,19:24,0.7679814987537588,1010,not_assessed,Надёжность отдельно не установлена; R² сохранён без порога
2018-11-02,D3,96,-0.6702214764753794,4.498220881887798,-0.7011083260618927,4.552531601990782,23.409397381862224,23:25,0.21958177752775188,1026,not_assessed,Надёжность отдельно не установлена; R² сохранён без порога
2018-11-03,D1,96,-0.2687598244096505,-16.206338596242034,-22.72726032116513,27.913684321530383,15.633874604941028,15:38,0.8375950031275348,994,not_assessed,Надёжность отдельно не установлена; R² сохранён без порога
2018-11-03,D2,96,0.04055104193047093,4.904893058029694,-14.122200238278456,14.949732956837053,19.276868659898213,19:17,0.7682250342456567,1010,not_assessed,Надёжность отдельно не установлена; R² сохранён без порога
2018-11-03,D3,96,-0.13044608129908827,6.434598262489288,0.6216090364620053,6.464553549460426,0.3678592570057859,00:22,0.2672587294556138,1026,not_assessed,Надёжность отдельно не установлена; R² сохранён без порога
2018-11-04,D1,96,-0.4758077141931863,-17.607061716664795,-24.535286386767766,30.1991539678706,15.622396366767232,15:37,0.7271837943565937,994,not_assessed,Надёжность отдельно не установлена; R² сохранён без порога
2018-11-04,D2,96,-0.3916810324534727,5.324674706316092,-16.88582409148495,17.705457237153066,19.166789052191778,19:10,0.7937729674026369,1010,not_assessed,Надёжность отдельно не установлена; R² сохранён без порога
2018-11-04,D3,96,0.5242684081875856,8.443934956344343,-0.7216751159708128,8.47471843307997,23.674332729322316,23:40,0.4444392522024039,1026,not_assessed,Надёжность отдельно не установлена; R² сохранён без порога
2018-11-09,D1,96,-0.7640039167789816,-5.631283233575026,-15.788919029545962,16.763093836708716,16.691379468934564,16:41,0.7462732489855564,994,not_assessed,Надёжность отдельно не установлена; R² сохранён без порога
2018-11-09,D2,96,0.005489892129333374,5.982246376074921,-5.85546692635716,8.371007384402674,21.040906828923507,21:02,0.59552150111929,1010,not_assessed,Надёжность отдельно не установлена; R² сохранён без порога
2018-11-09,D3,96,-0.34716699128899137,1.4721688666903119,0.8965627925798001,1.7236896510366149,2.0894502733401445,02:05,0.04728593137991255,1026,not_assessed,Надёжность отдельно не установлена; R² сохранён без порога
2018-11-22,D1,96,0.38181682840178804,1.100050773009133,-3.004883259596813,3.1999117342519243,19.340470428857866,19:20,0.15784759303785267,994,not_assessed,Надёжность отдельно не установлена; R² сохранён без порога
2018-11-22,D2,96,0.26462099141999673,1.9059107200795804,-0.6373620846173174,2.0096582047258678,22.76729161885725,22:46,0.08169631466082627,1010,not_assessed,Надёжность отдельно не установлена; R² сохранён без порога
2018-11-22,D3,96,0.03394449104337834,0.3371566858624968,2.627607232258372,2.6491497499836214,5.512543250714935,05:31,0.11391756631972616,1026,not_assessed,Надёжность отдельно не установлена; R² сохранён без порога
2018-11-23,D1,96,1.335516429604658,-0.9460975213177374,-12.651701526115154,12.687026918303125,17.714891110953104,17:43,0.6299179865281261,994,not_assessed,Надёжность отдельно не установлена; R² сохранён без порога
2018-11-23,D2,96,0.31912683185375634,5.110510925186472,-3.544258480174606,6.219251569983313,21.683852653445424,21:41,0.4660438715198928,1010,not_assessed,Надёжность отдельно не установлена; R² сохранён без порога
2018-11-23,D3,96,-0.21109027288329424,1.6049234314453242,1.492465426581948,2.1916277672872897,2.861377000322641,02:52,0.06429899997771893,1026,not_assessed,Надёжность отдельно не установлена; R² сохранён без порога
2018-11-24,D1,96,0.30531868853337146,-4.187673959310244,-15.37395592515489,15.93408717115889,16.98420005179861,16:59,0.7533471926157657,994,not_assessed,Надёжность отдельно не установлена; R² сохранён без порога
2018-11-24,D2,96,0.18524453081435735,5.457150704355336,-4.5407795993531455,7.09923750694028,21.349124971944622,21:21,0.5647855943594793,1010,not_assessed,Надёжность отдельно не установлена; R² сохранён без порога
2018-11-24,D3,96,0.29165183448189036,2.5536104891211338,1.4156739732601094,2.9197704239743816,1.9335445128908624,01:56,0.12436418513741865,1026,not_assessed,Надёжность отдельно не установлена; R² сохранён без порога
2018-11-27,D1,96,0.11349980789556548,-4.35109338862463,-16.47842836626759,17.04319849965802,17.013917337932362,17:01,0.7870589812600334,994,not_assessed,Надёжность отдельно не установлена; R² сохранён без порога
2018-11-27,D2,96,0.2664573701652017,7.028238830806545,-6.534847726911895,9.596894074479644,21.13889054879055,21:08,0.6355861455295155,1010,not_assessed,Надёжность отдельно не установлена; R² сохранён без порога
2018-11-27,D3,96,-0.11479192741742913,1.7710697777640907,0.6845518957732313,1.8987626117332495,1.4088305272510153,01:25,0.05047658419211465,1026,not_assessed,Надёжность отдельно не установлена; R² сохранён без порога
2018-12-07,D1,96,-0.07971744979304535,-1.4074144225633938,-1.9061996025037753,2.369475106732502,15.570682645793564,15:34,0.07132511080790072,994,not_assessed,Надёжность отдельно не установлена; R² сохранён без порога
2018-12-07,D2,96,-0.09148465026015913,0.9075172504611315,-0.3644335198621582,0.9779567220913481,22.54139912190667,22:32,0.023066026780975468,1010,not_assessed,Надёжность отдельно не установлена; R² сохранён без порога
2018-12-07,D3,96,-0.13171203352621141,-0.027120437292272058,0.03148531781944891,0.04155530480114143,8.71603659812813,08:43,3.8284687241207926e-05,1026,not_assessed,Надёжность отдельно не установлена; R² сохранён без порога
2018-12-08,D1,96,1.5978004962388834,-1.5386880741922946,-11.409845914097271,11.513129234621827,17.48797639748416,17:29,0.208693953290777,994,not_assessed,Надёжность отдельно не установлена; R² сохранён без порога
2018-12-08,D2,96,0.29730555965138866,5.846329655882079,-1.8592294013536266,6.134843470872263,22.82389843274057,22:49,0.48142954664203774,1010,not_assessed,Надёжность отдельно не установлена; R² сохранён без порога
2018-12-08,D3,96,-0.22601500095141355,1.1921386734043937,1.7433059462039864,2.111944658057252,3.7089466667440267,03:43,0.07984162551559304,1026,not_assessed,Надёжность отдельно не установлена; R² сохранён без порога
2018-12-09,D1,96,0.07920712813938842,-3.413704299783861,-12.920740750437226,13.364090638212984,17.013361702433784,17:01,0.7538984748781621,994,not_assessed,Надёжность отдельно не установлена; R² сохранён без порога
2018-12-09,D2,96,0.017461178187850594,3.7890985058006024,-2.9701595719855036,4.814469375717065,21.460545152976774,21:28,0.4237911807555199,1010,not_assessed,Надёжность отдельно не установлена; R² сохранён без порога
2018-12-09,D3,96,0.04536157115586801,1.6747085872445326,1.715407608621323,2.397346891024848,3.0458542815409655,03:03,0.0752569325395056,1026,not_assessed,Надёжность отдельно не установлена; R² сохранён без порога
2018-12-10,D1,96,-0.030962530549096194,-2.0251495104918362,-12.414714386697536,12.57880613743292,17.382348807051866,17:23,0.7169990276998468,994,not_assessed,Надёжность отдельно не установлена; R² сохранён без порога
2018-12-10,D2,96,-0.03475062278202995,4.648793932587862,-1.9416863194586793,5.037998689046943,22.488727465879695,22:29,0.42516628278006097,1010,not_assessed,Надёжность отдельно не установлена; R² сохранён без порога
2018-12-10,D3,96,0.12632669539635358,0.40977055103641224,1.5466330783210038,1.5999955573230162,5.010719459553168,05:01,0.04034804479037246,1026,not_assessed,Надёжность отдельно не установлена; R² сохранён без порога
2018-12-11,D1,96,0.007881844709581174,-3.9600327572907013,-12.733577349186069,13.335135977803898,16.848317111888363,16:51,0.7472416056281445,994,not_assessed,Надёжность отдельно не установлена; R² сохранён без порога
2018-12-11,D2,96,0.39311536833126337,4.7640802742740815,-2.760159587393611,5.50590063546449,21.99422232001223,22:00,0.39756120217504265,1010,not_assessed,Надёжность отдельно не установлена; R² сохранён без порога
2018-12-11,D3,96,0.042747593398935066,0.6996498684356021,1.3258865548188672,1.4991614638361674,4.145338732097871,04:09,0.029578130126923785,1026,not_assessed,Надёжность отдельно не установлена; R² сохранён без порога
2018-12-12,D1,96,0.373146078745549,-3.4407077288240666,-13.113849585123369,13.557710743943094,17.019903612873403,17:01,0.6930134758050897,994,not_assessed,Надёжность отдельно не установлена; R² сохранён без порога
2018-12-12,D2,96,-0.0776906372229437,4.727074478573041,-3.6420627596473754,5.967399288734318,21.4924583374093,21:30,0.4426246193383787,1010,not_assessed,Надёжность отдельно не установлена; R² сохранён без порога
2018-12-12,D3,96,-0.1188250319754783,0.8543650508900567,0.8240347346277228,1.187001636079475,2.93098148208687,02:56,0.0216291862664435,1026,not_assessed,Надёжность отдельно не установлена; R² сохранён без порога
2018-12-13,D1,96,0.36454540529837903,-3.0452864758857627,-15.910579092950336,16.19939186492015,17.277641859000227,17:17,0.7510344969123692,994,not_assessed,Надёжность отдельно не установлена; R² сохранён без порога
2018-12-13,D2,96,0.05726422318505833,6.002047117060187,-3.758870671100403,7.081926172833864,21.862835729756092,21:52,0.4918414758910392,1010,not_assessed,Надёжность отдельно не установлена; R² сохранён без порога
2018-12-13,D3,96,-0.030472351424785583,1.453575733517584,2.110175340606896,2.5623665587063478,3.6959552018939696,03:42,0.10517666465684217,1026,not_assessed,Надёжность отдельно не установлена; R² сохранён без порога
2018-12-14,D1,96,-0.564029937537056,-4.8591569827558985,-14.92762781958221,15.698582066639972,16.79794586890643,16:48,0.7815672187171042,994,not_assessed,Надёжность отдельно не установлена; R² сохранён без порога
2018-12-14,D2,96,0.14567674375435735,5.323695904009329,-4.336722066498699,6.866505396518847,21.388898999136313,21:23,0.4245292998554876,1010,not_assessed,Надёжность отдельно не установлена; R² сохранён без порога
2018-12-14,D3,96,-0.15746177385365598,2.3991946428721813,1.521361212824668,2.8408933232829985,2.158621811945156,02:10,0.12430166405049159,1026,not_assessed,Надёжность отдельно не установлена; R² сохранён без порога
2018-12-15,D1,96,-1.0049844211670702,-2.4736508661642818,-7.8073136084358605,8.189816505157065,16.82798920596327,16:50,0.53144877731555,994,not_assessed,Надёжность отдельно не установлена; R² сохранён без порога
2018-12-15,D2,96,-0.4072931171420692,4.394510982180961,-2.2490505064277873,4.93659345631906,22.193150369972628,22:12,0.2842176228550717,1010,not_assessed,Надёжность отдельно не установлена; R² сохранён без порога
2018-12-15,D3,96,0.47761358119848085,1.4919002294548476,0.6975980686665942,1.646939391736924,1.6706889540817,01:40,0.041221887753771225,1026,not_assessed,Надёжность отдельно не установлена; R² сохранён без порога
2018-12-18,D1,96,-0.020489765193889023,-7.3041323954499475,-21.115523553613365,22.34313507530808,16.72792239680819,16:44,0.7580736461140767,994,not_assessed,Надёжность отдельно не установлена; R² сохранён без порога
2018-12-18,D2,96,0.2026326882349078,6.330493207096671,-8.305205312671786,10.442776428265079,20.487720608859483,20:29,0.6232008519628227,1010,not_assessed,Надёжность отдельно не установлена; R² сохранён без порога
2018-12-18,D3,96,-0.3358220729826271,3.1919958533218566,0.7508347572821941,3.2791142646097193,0.8824483658370571,00:53,0.13798398691150726,1026,not_assessed,Надёжность отдельно не установлена; R² сохранён без порога
2018-12-19,D1,96,0.1282167392717523,-8.506967850867245,-25.42008580522797,26.80576923650656,16.76646043843887,16:46,0.76406586714481,994,not_assessed,Надёжность отдельно не установлена; R² сохранён без порога
2018-12-19,D2,96,0.10527883724211555,8.400788377815077,-10.023703127408423,13.078527048381645,20.664407603761152,20:40,0.7320271470972554,1010,not_assessed,Надёжность отдельно не установлена; R² сохранён без порога
2018-12-19,D3,96,0.1869276325214485,4.481400546397791,0.9044105389607866,4.57175122685364,0.7606565963994796,00:46,0.266963140233092,1026,not_assessed,Надёжность отдельно не установлена; R² сохранён без порога
2018-12-28,D1,96,1.307191325406659,-14.035849288703092,-17.86575739297138,22.71982289719043,15.456387358041741,15:27,0.7278801971438582,994,not_assessed,Надёжность отдельно не установлена; R² сохранён без порога
2018-12-28,D2,96,0.6236449801033266,4.7289171073490355,-15.544027918560808,16.24744475113475,19.12807938857184,19:08,0.7831414677642912,1010,not_assessed,Надёжность отдельно не установлена; R² сохранён без порога
2018-12-28,D3,96,-0.16571480247625503,5.385618554191699,-1.7065756840512583,5.649538722466543,22.827854512227553,22:50,0.32367817929614096,1026,not_assessed,Надёжность отдельно не установлена; R² сохранён без порога
2018-12-29,D1,96,0.3787543513314055,-14.822738754839243,-21.98091756335441,26.51177702684593,15.733760628657048,15:44,0.7435726837468235,994,not_assessed,Надёжность отдельно не установлена; R² сохранён без порога
2018-12-29,D2,96,0.1418947473962622,8.448828811500377,-17.896829347699615,19.790887018694264,19.68475360062922,19:41,0.807933922504278,1010,not_assessed,Надёжность отдельно не установлена; R² сохранён без порога
2018-12-29,D3,96,-0.1378399417281743,7.616534717132293,-0.9350476636182652,7.673715868503308,23.533405073866337,23:32,0.3841378872162289,1026,not_assessed,Надёжность отдельно не установлена; R² сохранён без порога
2018-12-30,D1,96,-0.6680375942490631,-16.74744579489394,-19.993270077507365,26.08079348955975,15.336575674610629,15:20,0.7972628399102856,994,not_assessed,Надёжность отдельно не установлена; R² сохранён без порога
2018-12-30,D2,96,-0.5180624341969843,7.749394015140938,-17.239641746662848,18.901279193620272,19.613626749155216,19:37,0.8347982458467491,1010,not_assessed,Надёжность отдельно не установлена; R² сохранён без порога
2018-12-30,D3,96,0.10240101618076598,8.084934305517761,-1.9254970606073054,8.311058997200377,23.106937589040054,23:06,0.42721312953072665,1026,not_assessed,Надёжность отдельно не установлена; R² сохранён без порога
2018-12-31,D1,96,-1.3157789972375349,-11.601824529523368,-4.837306027282394,12.569879156755354,13.508892106303746,13:31,0.6305648101295496,994,not_assessed,Надёжность отдельно не установлена; R² сохранён без порога
2018-12-31,D2,96,-0.851303393501811,1.1649708357776518,-7.900433641214322,7.985863057143133,18.559212770168074,18:34,0.5460534817428748,1010,not_assessed,Надёжность отдельно не установлена; R² сохранён без порога
2018-12-31,D3,96,0.6380182734943471,3.799950748783183,-0.2289285162787298,3.806840416768669,23.77015836451228,23:46,0.13413926918051144,1026,not_assessed,Надёжность отдельно не установлена; R² сохранён без порога
2019-01-01,D1,96,2.2214452604408,-11.86403006105974,-18.172854634435154,21.70271537974086,15.790783332840832,15:47,0.673487331621361,994,not_assessed,Надёжность отдельно не установлена; R² сохранён без порога
2019-01-01,D2,96,1.3147052812605062,7.25397172162576,-14.94857180687559,16.615652403786676,19.725702013896544,19:44,0.7385690993986598,1010,not_assessed,Надёжность отдельно не установлена; R² сохранён без порога
2019-01-01,D3,96,-0.7389402392432876,4.653536472435021,-2.5175034982820232,5.290862459386485,22.105812058837905,22:06,0.2420182952469475,1026,not_assessed,Надёжность отдельно не установлена; R² сохранён без порога
2019-01-02,D1,96,-1.586318960069331,-8.428129075062103,-14.509263813859501,16.779514180275896,15.989905900929335,15:59,0.771388284084314,994,not_assessed,Надёжность отдельно не установлена; R² сохранён без порога
2019-01-02,D2,96,-0.9836068072634058,5.754740164609113,-10.925938015200698,12.348811921564483,19.851731725351762,19:51,0.7365388183444086,1010,not_assessed,Надёжность отдельно не установлена; R² сохранён без порога
2019-01-02,D3,96,0.23779713371215394,5.611135764200026,1.166460837659279,5.731097229159299,0.7829045730468427,00:47,0.3131528720273663,1026,not_assessed,Надёжность отдельно не установлена; R² сохранён без порога
2019-01-03,D1,96,1.72457457716396,-13.840028644130832,-22.05169268168891,26.035044516920152,15.859126536664728,15:52,0.712265713298994,994,not_assessed,Надёжность отдельно не установлена; R² сохранён без порога
2019-01-03,D2,96,1.128150251954207,9.952623645547249,-17.250756088331975,19.91590578028097,19.998819876097492,20:00,0.8181808233880068,1010,not_assessed,Надёжность отдельно не установлена; R² сохранён без порога
2019-01-03,D3,96,-0.25397754207695616,8.440037640158774,-1.825355186811891,8.635169768181628,23.186426944367195,23:11,0.5146348340529379,1026,not_assessed,Надёжность отдельно не установлена; R² сохранён без порога
2019-01-04,D1,96,-0.03987082317246553,-16.388987517406175,-21.85242026159242,27.315328720975526,15.542043481145393,15:33,0.7613927559982682,994,not_assessed,Надёжность отдельно не установлена; R² сохранён без порога
2019-01-04,D2,96,0.4854038145665818,9.608866727643044,-20.290728831447904,22.450924174762978,19.68935587809097,19:41,0.8499460183814224,1010,not_assessed,Надёжность отдельно не установлена; R² сохранён без порога
2019-01-04,D3,96,-0.1649578438566312,10.236122629569735,-2.3211528966443105,10.49599720165692,23.14824129723523,23:09,0.5179063007585516,1026,not_assessed,Надёжность отдельно не установлена; R² сохранён без порога
2019-01-05,D1,96,-1.2733936169987325,-14.67032092129557,-14.546790361561404,20.659802171294338,14.983850245674926,14:59,0.7801046455556817,994,not_assessed,Надёжность отдельно не установлена; R² сохранён без порога
2019-01-05,D2,96,-1.061517185075578,3.4664169658925843,-15.907120512915697,16.280433949801562,18.819565325794436,18:49,0.8124402606592066,1010,not_assessed,Надёжность отдельно не установлена; R² сохранён без порога
2019-01-05,D3,96,0.43511647985220603,7.296435013838874,-0.49110477106781225,7.312943853698007,23.74329149123945,23:45,0.40018313637118086,1026,not_assessed,Надёжность отдельно не установлена; R² сохранён без порога
2019-01-06,D1,96,-1.3425854634900252,-3.7598124339946244,-5.3852829368914374,6.567911528727731,15.671908589884088,15:40,0.41469741819762085,994,not_assessed,Надёжность отдельно не установлена; R² сохранён без порога
2019-01-06,D2,96,-1.1921671092482935,2.4837487879233704,-3.8857709349396012,4.6117484537138616,20.1724224670778,20:10,0.27742819058702195,1010,not_assessed,Надёжность отдельно не установлена; R² сохранён без порога
2019-01-06,D3,96,0.41190007823331276,2.139432895921318,0.9653926372345236,2.3471591467510047,1.6191125197746337,01:37,0.05843383122423973,1026,not_assessed,Надёжность отдельно не установлена; R² сохранён без порога
2019-01-07,D1,96,2.708417727282688,-15.619734579820657,-18.90858761097872,24.52571698821674,15.362737192590235,15:22,0.6891270234356225,994,not_assessed,Надёжность отдельно не установлена; R² сохранён без порога
2019-01-07,D2,96,2.334524124236766,7.6211848719427095,-18.853871963845503,20.33595207708279,19.46731558776678,19:28,0.82126241986708,1010,not_assessed,Надёжность отдельно не установлена; R² сохранён без порога
2019-01-07,D3,96,-0.7199194639134021,8.438528337957516,-2.524829510852056,8.80815103011872,22.889512060821342,22:53,0.43676642181512293,1026,not_assessed,Надёжность отдельно не установлена; R² сохранён без порога
2019-01-08,D1,96,-0.22927307102391023,-16.94614360192127,-20.898838047586224,26.906007037763423,15.39750678725616,15:24,0.79319195704085,994,not_assessed,Надёжность отдельно не установлена; R² сохранён без порога
2019-01-08,D2,96,-0.15021567281802412,8.508054372450335,-20.67469983031635,22.35688266011731,19.49121003186905,19:29,0.8165350022125757,1010,not_assessed,Надёжность отдельно не установлена; R² сохранён без порога
2019-01-08,D3,96,0.1924976509871518,11.537957883089891,-2.675254634476534,11.844047427769121,23.129717372528773,23:08,0.6453592059635649,1026,not_assessed,Надёжность отдельно не установлена; R² сохранён без порога
2019-01-13,D1,96,0.10899200624663616,-13.591019561760309,-11.716943638632527,17.944430360394353,14.717661945125082,14:43,0.6757745833715176,994,not_assessed,Надёжность отдельно не установлена; R² сохранён без порога
2019-01-13,D2,96,0.08747238420352951,4.848785942026705,-13.305176667241641,14.161159954541407,19.334878881482993,19:20,0.7223349714310212,1010,not_assessed,Надёжность отдельно не установлена; R² сохранён без порога
2019-01-13,D3,96,0.13681316443640107,7.250187447424672,-3.5163634631369254,8.057917226410222,22.275098033156027,22:17,0.41805205045501515,1026,not_assessed,Надёжность отдельно не установлена; R² сохранён без порога
2019-01-18,D1,96,1.1410946180603607,-3.0680643574929363,-18.06933003300544,18.327948787122658,17.357561655715088,17:21,0.7852656330678478,994,not_assessed,Надёжность отдельно не установлена; R² сохранён без порога
2019-01-18,D2,96,0.8795042672075758,7.611075484356661,-5.725393737885081,9.524106440101805,21.536524479948987,21:32,0.6248832877520731,1010,not_assessed,Надёжность отдельно не установлена; R² сохранён без порога
2019-01-18,D3,96,0.1479363336738052,2.107582419789358,3.411513006376126,4.010028010984292,3.886189286453033,03:53,0.18793202890098637,1026,not_assessed,Надёжность отдельно не установлена; R² сохранён без порога
2019-01-19,D1,96,0.7903657008121474,-1.9021504009487131,-24.817658969643603,24.89044742228152,17.70780878409193,17:42,0.8194629187458589,994,not_assessed,Надёжность отдельно не установлена; R² сохранён без порога
2019-01-19,D2,96,0.11624583685722856,10.197179180822342,-8.971931066186997,13.582268231124283,21.243816487440956,21:15,0.7819873967967127,1010,not_assessed,Надёжность отдельно не установлена; R² сохранён без порога
2019-01-19,D3,96,-0.2965395803015366,4.04772785684887,2.0526733653593943,4.538454444848622,1.7926907119495865,01:48,0.18829617160210466,1026,not_assessed,Надёжность отдельно не установлена; R² сохранён без порога
2019-01-20,D1,96,-0.04542651530458873,-6.794638582792693,-26.391511146920596,27.25213705544593,17.03749521944719,17:02,0.8305960431383564,994,not_assessed,Надёжность отдельно не установлена; R² сохранён без порога
2019-01-20,D2,96,0.17962610970243142,8.897091519703455,-10.600667120114355,13.839522423170994,20.66710551873351,20:40,0.6997700059011371,1010,not_assessed,Надёжность отдельно не установлена; R² сохранён без порога
2019-01-20,D3,96,-0.012436085827601638,3.662101269715683,1.7962261807348638,4.078898650617661,1.7418343815489625,01:45,0.17458422530747053,1026,not_assessed,Надёжность отдельно не установлена; R² сохранён без порога
2019-01-27,D1,96,-0.9074419256959917,-14.621774010149743,-36.062769454356534,38.914259801799666,16.528649111460467,16:32,0.8828934369898687,994,not_assessed,Надёжность отдельно не установлена; R² сохранён без порога
2019-01-27,D2,96,0.04310550229630164,12.794968092323582,-18.660437180393945,22.625718204004205,20.295826767799607,20:18,0.8731763614726499,1010,not_assessed,Надёжность отдельно не установлена; R² сохранён без порога
2019-01-27,D3,96,0.03750466642583985,9.67886093426034,1.6079527216040557,9.811516750210686,0.6288281597123324,00:38,0.5437886783970002,1026,not_assessed,Надёжность отдельно не установлена; R² сохранён без порога
2019-01-28,D1,96,-0.46875937628921077,-7.0626072018051325,-31.310981321085407,32.09763187178065,17.152593503050753,17:09,0.8440169860050507,994,not_assessed,Надёжность отдельно не установлена; R² сохранён без порога
2019-01-28,D2,96,-1.0868862535131483,9.489532378677454,-15.959171755009287,18.567347356901955,20.049084698091644,20:03,0.8760996406470749,1010,not_assessed,Надёжность отдельно не установлена; R² сохранён без порога
2019-01-28,D3,96,-0.3145626444166974,6.663578111845539,0.27598647659805375,6.669290950913146,0.15811152954388774,00:09,0.39048012319800396,1026,not_assessed,Надёжность отдельно не установлена; R² сохранён без порога
2019-01-31,D1,96,1.2371610527371693,-1.360198043478487,-15.599112661514322,15.65830305442129,17.667771765895974,17:40,0.7140559968729885,994,not_assessed,Надёжность отдельно не установлена; R² сохранён без порога
2019-01-31,D2,96,0.6128860134962913,6.098323851957702,-4.912704404861643,7.830978123638401,21.409712084725864,21:25,0.5530341098542463,1010,not_assessed,Надёжность отдельно не установлена; R² сохранён без порога
2019-01-31,D3,96,0.05656308421475439,3.042893285918767,2.177075438716666,3.741504645908231,2.3721527784376586,02:22,0.13521521360943134,1026,not_assessed,Надёжность отдельно не установлена; R² сохранён без порога
2019-02-07,D1,96,1.8728959870821018,-8.083186286056293,-30.880895699566114,31.921272213722457,17.0221140661492,17:01,0.8407614700677648,994,not_assessed,Надёжность отдельно не установлена; R² сохранён без порога
2019-02-07,D2,96,0.45082152944188286,11.145452986794169,-12.64024949726736,16.852211416725307,20.760267614545437,20:46,0.7876375553010069,1010,not_assessed,Надёжность отдельно не установлена; R² сохранён без порога
2019-02-07,D3,96,-0.9896487460575664,3.5133006603587913,1.7481838319852914,3.9242105244867145,1.7636323821530988,01:46,0.17876241015162664,1026,not_assessed,Надёжность отдельно не установлена; R² сохранён без порога
2019-02-08,D1,96,0.47027283387246166,-10.840661046588906,-38.10777774540594,39.61972560001251,16.94135604481235,16:56,0.8697606937505022,994,not_assessed,Надёжность отдельно не установлена; R² сохранён без порога
2019-02-08,D2,96,-0.07789775794796815,11.539064921646451,-15.60187588634049,19.40537426690721,20.432428903029635,20:26,0.8325946858588099,1010,not_assessed,Надёжность отдельно не установлена; R² сохранён без порога
2019-02-08,D3,96,-0.10444911810402766,7.482579774320255,2.324861092926784,7.8354310143393695,1.150678941739539,01:09,0.47445704944471245,1026,not_assessed,Надёжность отдельно не установлена; R² сохранён без порога
2019-02-09,D1,96,-2.874989951213279,-12.385506461791017,-16.298673313883704,20.470650260990045,15.517898383998963,15:31,0.8287112869988409,994,not_assessed,Надёжность отдельно не установлена; R² сохранён без порога
2019-02-09,D2,96,-0.33990660371816533,3.813606181691199,-8.705395764082692,9.504078467602326,19.577131237086657,19:35,0.5687393111277281,1010,not_assessed,Надёжность отдельно не установлена; R² сохранён без порога
2019-02-09,D3,96,0.873875954971283,4.839360228926229,2.253971074999683,5.33851974167448,1.6649419712055602,01:40,0.2953996554839716,1026,not_assessed,Надёжность отдельно не установлена; R² сохранён без порога
2019-02-10,D1,96,1.8723094709087613,-6.811983235599239,-25.632677682956476,26.522392064073333,17.007828084355793,17:00,0.8292020853473026,994,not_assessed,Надёжность отдельно не установлена; R² сохранён без порога
2019-02-10,D2,96,0.4858440810510064,7.556057729089742,-12.802408583384473,14.865923245505247,20.036623813249967,20:02,0.7425881903331945,1010,not_assessed,Надёжность отдельно не установлена; R² сохранён без порога
2019-02-10,D3,96,-0.5526621650352589,5.750506090362789,0.6436832968861603,5.786419314393813,0.42578807423892284,00:26,0.3425726836425792,1026,not_assessed,Надёжность отдельно не установлена; R² сохранён без порога
2019-02-11,D1,96,0.9567302210586148,-12.603149234214127,-32.930512917176884,35.259864599970115,16.603811820859868,16:36,0.8635088116025031,994,not_assessed,Надёжность отдельно не установлена; R² сохранён без порога
2019-02-11,D2,96,0.4888749836657502,9.017525128987074,-15.630167529078424,18.04488560337723,19.99879810427699,20:00,0.8076575968253332,1010,not_assessed,Надёжность отдельно не установлена; R² сохранён без порога
2019-02-11,D3,96,0.24567357190926367,7.061296856805479,1.0205163166958195,7.134659547068335,0.548239358864489,00:33,0.40512960491040195,1026,not_assessed,Надёжность отдельно не установлена; R² сохранён без порога
2019-02-12,D1,96,-5.588663591752928,30.66882137405227,34.366364875386694,46.061085953565374,3.2169346814506232,03:13,0.5919028879280217,994,not_assessed,Надёжность отдельно не установлена; R² сохранён без порога
2019-02-12,D2,96,-3.277159410188664,11.890671918290924,30.441562668512777,32.68144452697009,4.5776040598905,04:35,0.6324941792230553,1010,not_assessed,Надёжность отдельно не установлена; R² сохранён без порога
2019-02-12,D3,96,-0.4324238357621659,-5.090305048064117,26.499321993782154,26.98379646403548,6.7249068933400675,06:43,0.8089782227107558,1026,not_assessed,Надёжность отдельно не установлена; R² сохранён без порога
2019-02-13,D1,96,1.1759923785354505,-0.6470018272179348,-8.04392052546045,8.069898932721975,17.69342611429435,17:42,0.5282578816563546,994,not_assessed,Надёжность отдельно не установлена; R² сохранён без порога
2019-02-13,D2,96,0.7633481423899855,4.081345461680996,-1.0453729411472619,4.213096885150748,23.04222914359571,23:03,0.33440467868884716,1010,not_assessed,Надёжность отдельно не установлена; R² сохранён без порога
2019-02-13,D3,96,0.5010034942575949,0.30623593873641686,1.9801790445807597,2.003718917106525,5.413921052127937,05:25,0.05983608660958206,1026,not_assessed,Надёжность отдельно не установлена; R² сохранён без порога
2019-02-14,D1,96,-0.5696788579120748,-1.7750612335998763,-4.237221855531606,4.594006033520616,16.484677752841986,16:29,0.36493568138289534,994,not_assessed,Надёжность отдельно не установлена; R² сохранён без порога
2019-02-14,D2,96,0.02620915012972599,2.0036080970499492,-1.7774395439631199,2.6783832322892,21.22820979272832,21:14,0.181369590227917,1010,not_assessed,Надёжность отдельно не установлена; R² сохранён без порога
2019-02-14,D3,96,0.02926765414542591,0.002450269696452345,0.14899219574928285,0.14901234249476777,5.937188004130618,05:56,0.00035016888258598833,1026,not_assessed,Надёжность отдельно не установлена; R² сохранён без порога
2019-02-15,D1,96,1.5725729300087545,-0.3676444487940387,-11.035600992719997,11.041723221999892,17.872795402938365,17:52,0.6112564414804751,994,not_assessed,Надёжность отдельно не установлена; R² сохранён без порога
2019-02-15,D2,96,0.25674593470693313,3.5062280897458584,-2.895741792623376,4.547412005401373,21.363146971040027,21:22,0.24633262632742026,1010,not_assessed,Надёжность отдельно не установлена; R² сохранён без порога
2019-02-15,D3,96,-0.254783078077691,1.3529611029434736,0.7006181216603938,1.5236041147479744,1.8251302070547837,01:50,0.045960376552995785,1026,not_assessed,Надёжность отдельно не установлена; R² сохранён без порога
2019-02-16,D1,96,0.25786406684489405,-1.691747898836491,-11.418505977039507,11.543149037455274,17.438163641412338,17:26,0.6994610710955307,994,not_assessed,Надёжность отдельно не установлена; R² сохранён без порога
2019-02-16,D2,96,0.34239497406356184,4.3375174980240025,-2.558696101098577,5.035969001437704,21.964246604128046,21:58,0.36176564465114003,1010,not_assessed,Надёжность отдельно не установлена; R² сохранён без порога
2019-02-16,D3,96,0.36789421913596243,1.3331038980623897,0.005453294997420199,1.3331150518449137,0.01562514096875007,00:01,0.024042679594905247,1026,not_assessed,Надёжность отдельно не установлена; R² сохранён без порога
2019-02-17,D1,96,0.30624972303690806,-7.458600529211353,-17.008884094032013,18.57236818444452,16.421464684957375,16:25,0.742089234449565,994,not_assessed,Надёжность отдельно не установлена; R² сохранён без порога
2019-02-17,D2,96,0.19880330260682852,4.922682487970852,-6.792663379945132,8.38886635193472,20.395404075253598,20:24,0.5870866088807913,1010,not_assessed,Надёжность отдельно не установлена; R² сохранён без порога
2019-02-17,D3,96,-0.035945036253280854,2.479639360311549,-0.5135395163714702,2.5322587134969665,23.219954371320235,23:13,0.0930873986925167,1026,not_assessed,Надёжность отдельно не установлена; R² сохранён без порога
2019-02-18,D1,96,-1.480262792301708,-4.646812325440396,-6.57682791494732,8.05279642178387,15.65047649399582,15:39,0.6342236857155208,994,not_assessed,Надёжность отдельно не установлена; R² сохранён без порога
2019-02-18,D2,96,-0.48210391584075407,1.8832943892639094,-1.2228921816797995,2.2454983956009635,21.80019044729701,21:48,0.11588993294719152,1010,not_assessed,Надёжность отдельно не установлена; R² сохранён без порога
2019-02-18,D3,96,0.37630040861565117,0.6995975605984792,1.8161638662189399,1.9462497105342547,4.595533762056798,04:36,0.04122770159547973,1026,not_assessed,Надёжность отдельно не установлена; R² сохранён без порога
2019-02-19,D1,96,2.0370894814874476,-3.105272056353963,-17.255971345159644,17.53314751004347,17.319907211487713,17:19,0.658283366398194,994,not_assessed,Надёжность отдельно не установлена; R² сохранён без порога
2019-02-19,D2,96,0.5642860103978476,6.511694429959183,-6.870132417549721,9.46577433619823,20.897711651430296,20:54,0.5846315284951179,1010,not_assessed,Надёжность отдельно не установлена; R² сохранён без порога
2019-02-19,D3,96,-0.5399957332910655,2.1425484014355103,0.5165739113704201,2.2039424353649517,0.9036966661036269,00:54,0.05025603647290755,1026,not_assessed,Надёжность отдельно не установлена; R² сохранён без порога
2019-02-23,D1,96,4.020109838017812,-8.873460518605633,-32.6313556010638,33.8163225371762,16.985825441913764,16:59,0.816889672423463,994,not_assessed,Надёжность отдельно не установлена; R² сохранён без порога
2019-02-23,D2,96,1.4321443317586398,9.144159013560925,-11.934566348036244,15.03494323171746,20.497267736691832,20:30,0.7215215723840664,1010,not_assessed,Надёжность отдельно не установлена; R² сохранён без порога
2019-02-23,D3,96,-0.9625515622027384,2.721437031328077,0.8470407156710453,2.850210078132539,1.1525751769457147,01:09,0.15766769329673336,1026,not_assessed,Надёжность отдельно не установлена; R² сохранён без порога
2019-02-24,D1,96,-0.502192374009203,-12.710843794199889,-37.14012145080645,39.254989126749265,16.74046599898002,16:44,0.8848508183195708,994,not_assessed,Надёжность отдельно не установлена; R² сохранён без порога
2019-02-24,D2,96,0.1771716481871783,11.207914030492535,-14.568149031334668,18.380650236433112,20.50484385069059,20:30,0.8469025969324406,1010,not_assessed,Надёжность отдельно не установлена; R² сохранён без порога
2019-02-24,D3,96,0.2665938709513808,6.078391974736123,1.892669760041941,6.3662428338160115,1.1530248426448266,01:09,0.40757915698516645,1026,not_assessed,Надёжность отдельно не установлена; R² сохранён без порога
2019-02-28,D1,96,1.5261798024740398,-4.32897712823787,-24.707765677581722,25.084132987908752,17.337482595821726,17:20,0.8124684405741427,994,not_assessed,Надёжность отдельно не установлена; R² сохранён без порога
2019-02-28,D2,96,0.5770853718509769,7.764547652204739,-6.7375920486551975,10.280240603091928,21.270039060301862,21:16,0.6775093869060989,1010,not_assessed,Надёжность отдельно не установлена; R² сохранён без порога
2019-02-28,D3,96,0.1517448747459445,3.480099985551762,1.731662354662678,3.8871262418389843,1.763631371932178,01:46,0.19309532487987935,1026,not_assessed,Надёжность отдельно не установлена; R² сохранён без порога
2019-03-01,D1,96,0.10963375956521267,-12.207024382671747,-28.388986287234005,30.902200353630207,16.4488469005071,16:27,0.8122571025054914,994,not_assessed,Надёжность отдельно не установлена; R² сохранён без порога
2019-03-01,D2,96,0.42793649350282287,7.763649635780551,-11.448839081980978,13.832937937844243,20.27612356136035,20:17,0.8092894440694607,1010,not_assessed,Надёжность отдельно не установлена; R² сохранён без порога
2019-03-01,D3,96,-0.31202869676723827,3.7191044754384004,2.426092596325532,4.440457564843008,2.207847671612467,02:12,0.1420639975261816,1026,not_assessed,Надёжность отдельно не установлена; R² сохранён без порога
2019-03-02,D1,96,-0.6112910572675718,-11.430263119326636,-19.820916853616257,22.88055200153632,16.001929878637572,16:00,0.7877976035963264,994,not_assessed,Надёжность отдельно не установлена; R² сохранён без порога
2019-03-02,D2,96,-0.02654230256683859,5.886692116943186,-9.536570529102763,11.207110311593814,20.112401364334158,20:07,0.6980993430945952,1010,not_assessed,Надёжность отдельно не установлена; R² сохранён без порога
2019-03-02,D3,96,0.7938357016287231,4.494220466908601,1.3524318143790413,4.693302613056689,1.116530267763221,01:07,0.2733234971118479,1026,not_assessed,Надёжность отдельно не установлена; R² сохранён без порога
2019-03-03,D1,96,1.611084911940557,-14.784585503767229,-30.613963308592535,33.997039841404636,16.28149533105634,16:17,0.7973742755957764,994,not_assessed,Надёжность отдельно не установлена; R² сохранён без порога
2019-03-03,D2,96,0.9611593488404384,8.884181081775168,-15.452192143336845,17.824110511561937,19.993106037690254,20:00,0.7808772905093204,1010,not_assessed,Надёжность отдельно не установлена; R² сохранён без порога
2019-03-03,D3,96,-0.5314208528651189,5.045142117015124,0.4039259090629175,5.061285915742377,0.3051647090105993,00:18,0.2141595055075901,1026,not_assessed,Надёжность отдельно не установлена; R² сохранён без порога
2019-03-04,D1,96,0.904366515415343,-17.750604180541792,-36.62679543255564,40.70142617197273,16.276238439923397,16:17,0.8559326133175255,994,not_assessed,Надёжность отдельно не установлена; R² сохранён без порога
2019-03-04,D2,96,0.6313522345977635,9.593760349212292,-19.371934143895515,21.617402020445077,19.756430829814988,19:45,0.8385803605013062,1010,not_assessed,Надёжность отдельно не установлена; R² сохранён без порога
2019-03-04,D3,96,0.528299943585904,9.409293886899427,0.9247917774673882,9.454631208128333,0.37421888573644607,00:22,0.5373771668965466,1026,not_assessed,Надёжность отдельно не установлена; R² сохранён без порога
2019-03-05,D1,96,-1.7543520054644903,-15.797977623226348,-39.35441098174695,42.40690699289687,16.54187154737325,16:33,0.8883441596226167,994,not_assessed,Надёжность отдельно не установлена; R² сохранён без порога
2019-03-05,D2,96,-1.1977543979292578,11.641719992504058,-21.054933866784108,24.059091514820775,19.929275837742953,19:56,0.8792359233540393,1010,not_assessed,Надёжность отдельно не установлена; R² сохранён без порога
2019-03-05,D3,96,-1.0467389863555465,9.893475514934336,0.2541041302907949,9.896738183544922,0.09808413012917018,00:06,0.5372408029024549,1026,not_assessed,Надёжность отдельно не установлена; R² сохранён без порога
2019-03-08,D1,96,-0.16720472883276127,-7.057932467942832,-7.774730050947361,10.500516086704765,15.184446769411641,15:11,0.6643289971110541,994,not_assessed,Надёжность отдельно не установлена; R² сохранён без порога
2019-03-08,D2,96,-0.21789929871478325,3.205116912586185,-7.871302091117732,8.498833510134222,19.4770447024243,19:29,0.6020575815962279,1010,not_assessed,Надёжность отдельно не установлена; R² сохранён без порога
2019-03-08,D3,96,-0.2848501814867487,2.987789687627142,-0.10289904028627372,2.9895610764764333,23.868501422224714,23:52,0.09712336706853231,1026,not_assessed,Надёжность отдельно не установлена; R² сохранён без порога
2019-03-09,D1,96,0.18742948079247584,-22.590565958078265,-17.309798711478816,28.459845427166293,14.49738569456998,14:30,0.6949191371117949,994,not_assessed,Надёжность отдельно не установлена; R² сохранён без порога
2019-03-09,D2,96,0.9132207411670001,2.1812186013461066,-20.081060852708905,20.199176209862035,18.4132801843527,18:25,0.8275816737599299,1010,not_assessed,Надёжность отдельно не установлена; R² сохранён без порога
2019-03-09,D3,96,0.21460270519725294,9.239852448477894,-3.6960247094202163,9.951656742587524,22.546542861637214,22:33,0.5184503436417109,1026,not_assessed,Надёжность отдельно не установлена; R² сохранён без порога
2019-03-10,D1,96,1.009896604640425,-24.18592823080697,-15.003306744980705,28.46152381144989,14.120843584192892,14:07,0.7660421799108281,994,not_assessed,Надёжность отдельно не установлена; R² сохранён без порога
2019-03-10,D2,96,1.3784384026241996,4.417682238027528,-25.52133007477271,25.900853367054953,18.654696907378817,18:39,0.8619123276111437,1010,not_assessed,Надёжность отдельно не установлена; R² сохранён без порога
2019-03-10,D3,96,0.4385315518363884,12.120580578446635,-5.855672559962269,13.460957420930832,22.280931220128515,22:17,0.6281266640747628,1026,not_assessed,Надёжность отдельно не установлена; R² сохранён без порога
2019-03-13,D1,96,0.4647467828870811,-6.5334554200524515,-14.37466992586718,15.78978072056237,16.370509925251007,16:22,0.6409669651545633,994,not_assessed,Надёжность отдельно не установлена; R² сохранён без порога
2019-03-13,D2,96,-0.3601333937281369,5.966886334574888,-10.981087916570482,12.497520728576001,19.901246857899153,19:54,0.6633347817717301,1010,not_assessed,Надёжность отдельно не установлена; R² сохранён без порога
2019-03-13,D3,96,-0.652853716942611,4.800036298858546,-0.8056552289336576,4.867178732928122,23.364805414441456,23:22,0.2048122530382651,1026,not_assessed,Надёжность отдельно не установлена; R² сохранён без порога
2019-03-14,D1,96,2.0372597572552866,-29.33436045790596,-22.88427991601299,37.204770806293006,14.530563676096989,14:32,0.7779475135159303,994,not_assessed,Надёжность отдельно не установлена; R² сохранён без порога
2019-03-14,D2,96,3.5951011877325305,8.262735513968021,-28.680166162093307,29.84668707342693,19.071443572340286,19:04,0.8631406625545465,1010,not_assessed,Надёжность отдельно не установлена; R² сохранён без порога
2019-03-14,D3,96,1.1780704415119898,13.575948301932845,-6.911219108494921,15.233887286650726,22.201356553844406,22:12,0.6753687165368928,1026,not_assessed,Надёжность отдельно не установлена; R² сохранён без порога
2019-03-15,D1,96,-1.9219284786384503,-28.467258745409776,-15.586842257516363,32.45511472848012,13.913485431052196,13:55,0.8467609247086969,994,not_assessed,Надёжность отдельно не установлена; R² сохранён без порога
2019-03-15,D2,96,-1.5351590876965866,2.6918684601714986,-26.654561266056977,26.790143562378514,18.38445337133405,18:23,0.8934679195175712,1010,not_assessed,Надёжность отдельно не установлена; R² сохранён без порога
2019-03-15,D3,96,0.07743526536725949,13.086341865156111,-6.275399367637805,14.513200220319655,22.29203385152251,22:18,0.6572441723993789,1026,not_assessed,Надёжность отдельно не установлена; R² сохранён без порога
2019-03-16,D1,96,0.40262806458916417,-27.724191142596187,-12.360522063707553,30.354790070079716,13.601944710000543,13:36,0.8089363617199437,994,not_assessed,Надёжность отдельно не установлена; R² сохранён без порога
2019-03-16,D2,96,0.6360826596246679,2.4241136318049037,-27.26195804262798,27.36952106299836,18.33875569238241,18:20,0.8906990728447483,1010,not_assessed,Надёжность отдельно не установлена; R² сохранён без порога
2019-03-16,D3,96,-0.5133187464828366,10.215344426028688,-6.226885332140198,11.963584859147284,21.909006947851925,21:55,0.6000188896868418,1026,not_assessed,Надёжность отдельно не установлена; R² сохранён без порога
2019-03-17,D1,96,-0.5972985743029127,-28.81185037386291,-13.343813854468358,31.751851759363042,13.656704481741905,13:39,0.7818822359130944,994,not_assessed,Надёжность отдельно не установлена; R² сохранён без порога
2019-03-17,D2,96,-0.28755952105191607,1.15892052699213,-28.06134826675984,28.085269507987086,18.15766299011165,18:09,0.8646072893594026,1010,not_assessed,Надёжность отдельно не установлена; R² сохранён без порога
2019-03-17,D3,96,0.3033687857396308,12.0490020226888,-7.134549851513081,14.002865825483157,21.957936177405536,21:57,0.6442553955642274,1026,not_assessed,Надёжность отдельно не установлена; R² сохранён без порога
2019-03-18,D1,96,0.706874036983302,-25.290303942566617,-13.909366865188055,28.862951340737695,13.92068476021916,13:55,0.8255281883904155,994,not_assessed,Надёжность отдельно не установлена; R² сохранён без порога
2019-03-18,D2,96,-0.1237973665141764,2.7504462197441413,-26.889741734627236,27.030041897168022,18.389349955404146,18:23,0.8935988471881116,1010,not_assessed,Надёжность отдельно не установлена; R² сохранён без порога
2019-03-18,D3,96,-0.03697930188967565,13.150015114958254,-6.728669370915484,14.77152290817459,22.193456106054786,22:12,0.7453944991385707,1026,not_assessed,Надёжность отдельно не установлена; R² сохранён без порога
2019-03-19,D1,96,-0.6623251632767189,-26.5585531454999,-12.70522364649193,29.441118407589755,13.704384732993107,13:42,0.8249884018194221,994,not_assessed,Надёжность отдельно не установлена; R² сохранён без порога
2019-03-19,D2,96,0.11541405173258873,1.9555295693235735,-26.15716763246223,26.230164209345478,18.285034797537204,18:17,0.8655106265932317,1010,not_assessed,Надёжность отдельно не установлена; R² сохранён без порога
2019-03-19,D3,96,0.3855126068141432,11.1391602679251,-6.0670617095548,12.684247287957893,22.09497406770607,22:06,0.6353193659847123,1026,not_assessed,Надёжность отдельно не установлена; R² сохранён без порога
2019-03-20,D1,96,-0.2652783202265728,-24.72113614383585,-13.341775336607268,28.09159200498557,13.890355890175448,13:53,0.8167234782231262,994,not_assessed,Надёжность отдельно не установлена; R² сохранён без порога
2019-03-20,D2,96,-0.47303283838899224,0.7651024524664578,-23.934604080045897,23.946829732374177,18.122060981324104,18:07,0.8526893091542358,1010,not_assessed,Надёжность отдельно не установлена; R² сохранён без порога
2019-03-20,D3,96,-0.2726472486146533,11.022364632028083,-5.7532059664491015,12.433499144398938,22.162490294118758,22:10,0.6709412378381958,1026,not_assessed,Надёжность отдельно не установлена; R² сохранён без порога
2019-03-21,D1,96,-1.6845245486387108,-20.043724033474824,-4.632037231816279,20.571986827893618,12.867495070695993,12:52,0.7918331618444312,994,not_assessed,Надёжность отдельно не установлена; R² сохранён без порога
2019-03-21,D2,96,-0.9638656051175578,-1.3786619604509944,-17.285788438353382,17.34068022704721,17.69599436946676,17:42,0.8191228944339926,1010,not_assessed,Надёжность отдельно не установлена; R² сохранён без порога
2019-03-21,D3,96,0.10045169939203573,8.837538207373711,-3.677339327809978,9.572089954584008,22.493839069263807,22:30,0.5637261381990932,1026,not_assessed,Надёжность отдельно не установлена; R² сохранён без порога
2019-03-22,D1,96,3.0697862565804583,-27.78671576391114,-13.382906684476865,30.841591467850737,13.714456397768867,13:43,0.7484253700214789,994,not_assessed,Надёжность отдельно не установлена; R² сохранён без порога
2019-03-22,D2,96,2.6109166334268608,3.6301474211338416,-30.275229673432694,30.49208917208305,18.45582667145901,18:27,0.881697221032288,1010,not_assessed,Надёжность отдельно не установлена; R² сохранён без порога
2019-03-22,D3,96,0.4225095648657983,15.129945589803983,-8.830938812907913,17.51858253020924,21.981936662141216,21:59,0.736176755883553,1026,not_assessed,Надёжность отдельно не установлена; R² сохранён без порога
2019-03-23,D1,96,-0.7370473409575177,-30.11091099388591,-15.453089568182778,33.84471802340801,13.811143382383046,13:49,0.7998302893025871,994,not_assessed,Надёжность отдельно не установлена; R² сохранён без порога
2019-03-23,D2,96,0.10366631215553604,4.315482829765031,-32.24189013623651,32.52941548216233,18.50823751636459,18:30,0.8965973080169658,1010,not_assessed,Надёжность отдельно не установлена; R² сохранён без порога
2019-03-23,D3,96,0.2920981318503644,15.775192067789208,-10.009677666941023,18.682888742689055,21.840269920429044,21:50,0.8042525071478127,1026,not_assessed,Надёжность отдельно не установлена; R² сохранён без порога
2019-03-24,D1,96,-0.08834444828065442,-29.09673502028142,-14.318807350781842,32.42912630320582,13.746818721083644,13:45,0.8216958081961805,994,not_assessed,Надёжность отдельно не установлена; R² сохранён без порога
2019-03-24,D2,96,-0.47875768328798757,1.594652603472225,-33.19095549101712,33.229240787782686,18.183376583661953,18:11,0.9049394471839407,1010,not_assessed,Надёжность отдельно не установлена; R² сохранён без порога
2019-03-24,D3,96,-0.32820355072717056,14.476213949022716,-9.73646341987493,17.445901817459667,21.738391460382772,21:44,0.790624283266755,1026,not_assessed,Надёжность отдельно не установлена; R² сохранён без порога
2019-03-25,D1,96,-0.48785899845671915,-28.92925679931459,-12.101809659372687,31.358502770259545,13.513382709855337,13:31,0.8313744849176525,994,not_assessed,Надёжность отдельно не установлена; R² сохранён без порога
2019-03-25,D2,96,-0.26642976290099357,1.7894082320627973,-29.80854895221653,29.862209771844803,18.2290230037268,18:14,0.8974650635446776,1010,not_assessed,Надёжность отдельно не установлена; R² сохранён без порога
2019-03-25,D3,96,0.5500184286507059,15.100765495701898,-9.068846795367435,17.614684236568852,21.93418994201488,21:56,0.7469254443694748,1026,not_assessed,Надёжность отдельно не установлена; R² сохранён без порога
2019-03-26,D1,96,-1.0535401790889758,-23.140158260734637,-7.200471255997897,24.234556126331206,13.152297182249505,13:09,0.7818533534632176,994,not_assessed,Надёжность отдельно не установлена; R² сохранён без порога
2019-03-26,D2,96,-0.9613444662990883,0.014335949606103071,-27.06891928569251,27.068923081917887,18.002022958070537,18:00,0.846278099767984,1010,not_assessed,Надёжность отдельно не установлена; R² сохранён без порога
2019-03-26,D3,96,-1.1956969503590231,10.482638392589188,-8.293474165296153,13.366653335828664,21.443350914480344,21:27,0.6976077502232421,1026,not_assessed,Надёжность отдельно не установлена; R² сохранён без порога
2019-03-27,D1,96,0.01209609106072764,-16.68951750909849,-5.50042751882374,17.57255523753841,13.216057682253094,13:13,0.752904650996739,994,not_assessed,Надёжность отдельно не установлена; R² сохранён без порога
2019-03-27,D2,96,-1.2801869778691033,-0.010776359167039118,-16.64019767113763,16.64020116057649,17.99752631218822,18:00,0.8414744319818008,1010,not_assessed,Надёжность отдельно не установлена; R² сохранён без порога
2019-03-27,D3,96,-0.0454071610329173,7.785327889831035,-3.813798845539411,8.669278631259854,22.260076734359174,22:16,0.43992222604523146,1026,not_assessed,Надёжность отдельно не установлена; R² сохранён без порога
2019-03-28,D1,96,0.6490437395597662,-20.855600643289,-5.7918709395488825,21.64490349187881,13.034710938872893,13:02,0.7704585456150101,994,not_assessed,Надёжность отдельно не установлена; R² сохранён без порога
2019-03-28,D2,96,1.9179515126233027,1.0905649156285193,-22.35111029750692,22.377700135771768,18.186225653464938,18:11,0.8587772426992567,1010,not_assessed,Надёжность отдельно не установлена; R² сохранён без порога
2019-03-28,D3,96,0.980199273206215,10.530394906234616,-8.353323434587562,13.441251031212893,21.43843317979638,21:26,0.6424409468456592,1026,not_assessed,Надёжность отдельно не установлена; R² сохранён без порога
2019-03-29,D1,96,0.785525011525817,-22.815667207720274,-10.649759765635073,25.178801663287746,13.668129483748015,13:40,0.7996270280466541,994,not_assessed,Надёжность отдельно не установлена; R² сохранён без порога
2019-03-29,D2,96,0.0891334235500167,2.723566831377223,-25.65671807446248,25.80087205187894,18.403966086970563,18:24,0.8819846178864442,1010,not_assessed,Надёжность отдельно не установлена; R² сохранён без порога
2019-03-29,D3,96,-0.057617105816997374,13.106385163499981,-7.573564863949779,15.137246011162897,21.998559903992238,22:00,0.7186599052842408,1026,not_assessed,Надёжность отдельно не установлена; R² сохранён без порога
2019-03-30,D1,96,0.0643321769775514,-23.591106018247427,-13.378314596202712,27.120464313856438,13.970480109179787,13:58,0.7991475547870052,994,not_assessed,Надёжность отдельно не установлена; R² сохранён без порога
2019-03-30,D2,96,0.38977095238138654,5.4192455341335375,-28.864296028350633,29.368619432507966,18.708896145407603,18:43,0.9227021069945872,1010,not_assessed,Надёжность отдельно не установлена; R² сохранён без порога
2019-03-30,D3,96,-0.15069748556213866,14.479648050819643,-8.082297553902338,16.58263373006293,22.055365016381064,22:03,0.7141821276303321,1026,not_assessed,Надёжность отдельно не установлена; R² сохранён без порога
2019-03-31,D1,96,-0.2073607301995924,-24.188101031971325,-10.850097589352082,26.510165017051783,13.610643627586708,13:37,0.8406511479148628,994,not_assessed,Надёжность отдельно не установлена; R² сохранён без порога
2019-03-31,D2,96,-0.32591367093657975,2.8341222123211445,-28.963734232595073,29.102064349643168,18.372576125374593,18:22,0.9034627825704034,1010,not_assessed,Надёжность отдельно не установлена; R² сохранён без порога
2019-03-31,D3,96,-0.15600314203917018,14.537258872355677,-9.368819131630092,17.294700559509028,21.813297114379527,21:49,0.7389305986479942,1026,not_assessed,Надёжность отдельно не установлена; R² сохранён без порога
2019-04-01,D1,96,-0.493425606725494,-20.611189917394878,-11.516945437807287,23.610615875668095,13.94634761245638,13:57,0.8349681464587894,994,not_assessed,Надёжность отдельно не установлена; R² сохранён без порога
2019-04-01,D2,96,-0.7847921278390714,3.881406267915242,-22.953348017776115,23.279207457337513,18.63986054870589,18:38,0.8846228210437921,1010,not_assessed,Надёжность отдельно не установлена; R² сохранён без порога
2019-04-01,D3,96,-0.20166075505206477,11.70571703273971,-4.506950158152317,12.543381162136537,22.59614883630437,22:36,0.6557524580396205,1026,not_assessed,Надёжность отдельно не установлена; R² сохранён без порога
2019-04-02,D1,96,0.0936575013792472,-25.492867601558864,-7.927823544035487,26.697128772509842,13.151650309057308,13:09,0.8098418205938464,994,not_assessed,Надёжность отдельно не установлена; R² сохранён без порога
2019-04-02,D2,96,0.7889625738929029,1.5855410912778147,-26.717694233216378,26.764699245307693,18.2264127357742,18:14,0.8964239236054578,1010,not_assessed,Надёжность отдельно не установлена; R² сохранён без порога
2019-04-02,D3,96,0.23812668492639646,13.80523611159209,-8.709459275689825,16.322966181785276,21.850197120481017,21:51,0.7347912655158191,1026,not_assessed,Надёжность отдельно не установлена; R² сохранён без порога
2019-04-03,D1,96,-0.21753698684989708,-22.090784985534242,-10.291490085150077,24.37042366168154,13.665301255116875,13:40,0.8224584297938651,994,not_assessed,Надёжность отдельно не установлена; R² сохранён без порога
2019-04-03,D2,96,-0.676818080037424,2.7685301297617677,-23.801556072251696,23.962028932040383,18.442311308013313,18:27,0.8402645921382869,1010,not_assessed,Надёжность отдельно не установлена; R² сохранён без порога
2019-04-03,D3,96,-0.051068574563895755,10.361936978058177,-6.831637834115291,12.411326014321148,21.77353906768028,21:46,0.6227707477203401,1026,not_assessed,Надёжность отдельно не установлена; R² сохранён без порога
2019-04-04,D1,96,0.133402325889553,-21.518640609005843,-10.091497775931462,23.76741931765384,13.674996802442342,13:40,0.8021607215586473,994,not_assessed,Надёжность отдельно не установлена; R² сохранён без порога
2019-04-04,D2,96,0.0370440558990646,3.524363917555416,-23.862882142207,24.12173885017886,18.560094000959868,18:34,0.8829377886720536,1010,not_assessed,Надёжность отдельно не установлена; R² сохранён без порога
2019-04-04,D3,96,-0.24914990856120994,10.885087430155796,-4.596220136029084,11.815683133064077,22.473875565718206,22:28,0.5923250939699924,1026,not_assessed,Надёжность отдельно не установлена; R² сохранён без порога
2019-04-05,D1,96,0.08793685442819885,-20.7437452951669,-9.877732792086412,22.975477666038156,13.697520139077069,13:42,0.8130615147109334,994,not_assessed,Надёжность отдельно не установлена; R² сохранён без порога
2019-04-05,D2,96,-0.12167487878126089,3.3615014141051347,-23.10820914515668,23.351424403092278,18.551775940903624,18:33,0.8634750737757447,1010,not_assessed,Надёжность отдельно не установлена; R² сохранён без порога
2019-04-05,D3,96,-0.5994539473382696,11.031009795269306,-6.371351837005928,12.738810828890042,21.999326044679236,22:00,0.6567958759243642,1026,not_assessed,Надёжность отдельно не установлена; R² сохранён без порога
2019-04-06,D1,96,-0.1588387683758265,-20.46604751191338,-8.76938053596495,22.265694144680438,13.546291605725928,13:33,0.8306613427284293,994,not_assessed,Надёжность отдельно не установлена; R² сохранён без порога
2019-04-06,D2,96,-0.15839712052817143,1.8108399989266444,-22.09752208255813,22.17159497399447,18.312319094497155,18:19,0.8867277321348044,1010,not_assessed,Надёжность отдельно не установлена; R² сохранён без порога
2019-04-06,D3,96,0.3477370793604296,11.960774652102408,-4.045003318559115,12.6262497252957,22.75433498802764,22:45,0.6419850936427713,1026,not_assessed,Надёжность отдельно не установлена; R² сохранён без порога
2019-04-07,D1,96,0.33038928810033036,-24.45856906928296,-9.120691033284409,26.103804432333607,13.363378121194572,13:22,0.8058974710869826,994,not_assessed,Надёжность отдельно не установлена; R² сохранён без порога
2019-04-07,D2,96,0.8770299121598991,0.5742541528135447,-26.982958259938858,26.989068236781097,18.08127938356036,18:05,0.8861819557154866,1010,not_assessed,Надёжность отдельно не установлена; R² сохранён без порога
2019-04-07,D3,96,0.2867790121010672,12.414230255157156,-7.986718613061955,14.761462902852466,21.81631467425749,21:49,0.7172139695906863,1026,not_assessed,Надёжность отдельно не установлена; R² сохранён без порога
2019-04-08,D1,96,-0.03619434489750797,-25.563483208853306,-10.327935650387145,27.570961691023086,13.466617598824897,13:28,0.8323827620055496,994,not_assessed,Надёжность отдельно не установлена; R² сохранён без порога
2019-04-08,D2,96,0.1535606688046365,1.2694103001550303,-28.90800494756423,28.93586274087119,18.167624061076022,18:10,0.8863313386348396,1010,not_assessed,Надёжность отдельно не установлена; R² сохранён без порога
2019-04-08,D3,96,0.4433936574286772,14.412004120138143,-9.572960961778728,17.301660161227833,21.76043244033605,21:46,0.7587947828508416,1026,not_assessed,Надёжность отдельно не установлена; R² сохранён без порога
2019-04-09,D1,96,-0.6743444857375859,-20.38051449017604,-5.906779231076015,21.219222694739468,13.077526725841087,13:05,0.77350604312971,994,not_assessed,Надёжность отдельно не установлена; R² сохранён без порога
2019-04-09,D2,96,-1.0031071342989328,-0.03272331724948785,-22.708117626650665,22.708141204451202,17.994495634547725,18:00,0.8544753779649015,1010,not_assessed,Надёжность отдельно не установлена; R² сохранён без порога
2019-04-09,D3,96,0.4860218801142904,10.883995771889559,-7.892569394746657,13.444479001188608,21.603474511156843,21:36,0.6807785998110018,1026,not_assessed,Надёжность отдельно не установлена; R² сохранён без порога
2019-04-10,D1,96,-0.2797856055848548,-21.202576897238778,-6.0616470875448165,22.052048260813873,13.063653946451401,13:04,0.7655201074425633,994,not_assessed,Надёжность отдельно не установлена; R² сохранён без порога
2019-04-10,D2,96,-0.04150483777566862,-0.9420751349051422,-19.84933265741687,19.87167613727142,17.81884712597415,17:49,0.8368523097227987,1010,not_assessed,Надёжность отдельно не установлена; R² сохранён без порога
2019-04-10,D3,96,0.21493220840494967,8.00349776690992,-8.681356492506906,11.807706257140879,20.844900865928466,20:51,0.5656955980131315,1026,not_assessed,Надёжность отдельно не установлена; R² сохранён без порога
2019-04-11,D1,96,0.4062841855028835,-25.140035915805573,-8.110714259376568,26.41600067469049,13.192054197580072,13:12,0.8185480888610002,994,not_assessed,Надёжность отдельно не установлена; R² сохранён без порога
2019-04-11,D2,96,0.3147304442384113,-0.9587139458053642,-23.854524065262396,23.873781661271522,17.846567982432983,17:51,0.8387518269460552,1010,not_assessed,Надёжность отдельно не установлена; R² сохранён без порога
2019-04-11,D3,96,-0.5958924877716552,9.257145451005758,-8.120384203763253,12.314031895273146,21.24951362348788,21:15,0.6196117132464749,1026,not_assessed,Надёжность отдельно не установлена; R² сохранён без порога
2019-04-12,D1,96,0.1799608233879497,-12.861624937456552,-8.291316540632822,15.302526785102376,14.187204822800831,14:11,0.7277980121653436,994,not_assessed,Надёжность отдельно не установлена; R² сохранён без порога
2019-04-12,D2,96,-1.1078283618589495,2.297093427872351,-16.576108996792,16.73451605783397,18.525981220671795,18:32,0.7798634190741063,1010,not_assessed,Надёжность отдельно не установлена; R² сохранён без порога
2019-04-12,D3,96,-0.6725710188617665,7.205644458406696,-4.525712184461935,8.509017736352085,21.857862878000674,21:51,0.5129804578280772,1026,not_assessed,Надёжность отдельно не установлена; R² сохранён без порога
2019-04-13,D1,96,1.1171970251845553,-21.59688320138397,-11.062054297799818,24.265086220775984,13.808119969114523,13:48,0.7818464274915612,994,not_assessed,Надёжность отдельно не установлена; R² сохранён без порога
2019-04-13,D2,96,1.676633224416423,4.0996232100840775,-25.898712678363935,26.221179013559038,18.599664774650403,18:36,0.8755357769704023,1010,not_assessed,Надёжность отдельно не установлена; R² сохранён без порога
2019-04-13,D3,96,-0.2510857887974043,10.90111243216559,-7.3357660715116095,13.139547789579977,21.73746104416078,21:44,0.6873371719398922,1026,not_assessed,Надёжность отдельно не установлена; R² сохранён без порога
2019-04-14,D1,96,-1.3964604400912828,-23.505198208494868,-8.78212424924465,25.09223085239336,13.36579556756354,13:22,0.8208149395805042,994,not_assessed,Надёжность отдельно не установлена; R² сохранён без порога
2019-04-14,D2,96,-0.2606283471648106,2.95087328068405,-27.62732670770154,27.784471096868728,18.406442999594194,18:24,0.884230236027207,1010,not_assessed,Надёжность отдельно не установлена; R² сохранён без порога
2019-04-14,D3,96,0.7015504881688832,15.651850231178788,-8.074417460717745,17.611832187174482,22.18079111268449,22:11,0.7479476860662654,1026,not_assessed,Надёжность отдельно не установлена; R² сохранён без порога
2019-04-15,D1,96,-0.25704319275278337,-20.986809301739484,-3.322648885375987,21.248203695443745,12.599762937741405,12:36,0.8036221830923633,994,not_assessed,Надёжность отдельно не установлена; R² сохранён без порога
2019-04-15,D2,96,-0.18807398036164855,0.26840750283473724,-25.70197516550327,25.703376626344735,18.039888135671717,18:02,0.8564144365809815,1010,not_assessed,Надёжность отдельно не установлена; R² сохранён без порога
2019-04-15,D3,96,0.538039932433512,13.73887370438501,-9.992413425894508,16.98837769591431,21.598083228707974,21:36,0.7825470674042655,1026,not_assessed,Надёжность отдельно не установлена; R² сохранён без порога
2019-04-16,D1,96,-1.1234681209560862,-18.32053521742835,-0.6318260833181277,18.331426972622552,12.131679653785609,12:08,0.6998705049988678,994,not_assessed,Надёжность отдельно не установлена; R² сохранён без порога
2019-04-16,D2,96,-1.3227197228089855,-4.956759264746022,-18.887154594924084,19.52675270241336,17.01965809182739,17:01,0.7858560533600705,1010,not_assessed,Надёжность отдельно не установлена; R² сохранён без порога
2019-04-16,D3,96,-0.04773887165288064,6.803048296606598,-7.583285002395704,10.187623744206572,20.79304193019769,20:48,0.4929854989592798,1026,not_assessed,Надёжность отдельно не установлена; R² сохранён без порога
2019-04-17,D1,96,1.868450129421699,-14.509683538170764,-8.325175951950422,16.728403121900108,13.989718436999627,13:59,0.6857729767271687,994,not_assessed,Надёжность отдельно не установлена; R² сохранён без порога
2019-04-17,D2,96,0.5117902899696173,3.828167795050705,-17.742063404133543,18.150363150729465,18.811728475635093,18:49,0.8009008595017688,1010,not_assessed,Надёжность отдельно не установлена; R² сохранён без порога
2019-04-17,D3,96,-1.090578703375728,9.023660174347334,-5.099406872105296,10.364863404279715,22.035236787554105,22:02,0.43336624507630017,1026,not_assessed,Надёжность отдельно не установлена; R² сохранён без порога
2019-04-20,D1,96,0.11533085314802628,-19.966047323674346,-4.024440971458677,20.367601009052557,12.759738883210915,12:46,0.7917763002711133,994,not_assessed,Надёжность отдельно не установлена; R² сохранён без порога
2019-04-20,D2,96,-0.20326028305777327,0.39409708256136966,-24.69880756791247,24.70195149754881,18.06094270880446,18:04,0.8213604693034788,1010,not_assessed,Надёжность отдельно не установлена; R² сохранён без порога
2019-04-20,D3,96,0.634704918997684,11.627803563053476,-7.866408181498551,14.038739023819286,21.728065045328123,21:44,0.6448592198637582,1026,not_assessed,Надёжность отдельно не установлена; R² сохранён без порога
2019-04-21,D1,96,-1.3462847233922144,-21.59414804795554,-2.7804076644449474,21.77241136616535,12.489126128406598,12:29,0.8182897660569279,994,not_assessed,Надёжность отдельно не установлена; R² сохранён без порога
2019-04-21,D2,96,-1.6850973533806308,-0.768078023076864,-21.572948407174184,21.586617308604257,17.864061084698257,17:52,0.8312775886211498,1010,not_assessed,Надёжность отдельно не установлена; R² сохранён без порога
2019-04-21,D3,96,-1.7544627556777124,10.022069823235583,-6.213768084760117,11.792065016484294,21.880049134252733,21:53,0.5565469010875821,1026,not_assessed,Надёжность отдельно не установлена; R² сохранён без порога
2019-04-27,D1,96,-2.644737677998363,-20.017826848750005,-35.01939121461891,40.336970049683515,16.0164532549274,16:01,0.8718160960803101,994,not_assessed,Надёжность отдельно не установлена; R² сохранён без порога
2019-04-27,D2,96,-0.9300171716948097,9.709917187626676,-23.50515691979269,25.4317693764049,19.49635922181531,19:30,0.8982184785019174,1010,not_assessed,Надёжность отдельно не установлена; R² сохранён без порога
2019-04-27,D3,96,0.5148081440651027,12.166008848544779,-0.95418422798239,12.203369978977127,23.701030180488207,23:42,0.5785436714327337,1026,not_assessed,Надёжность отдельно не установлена; R² сохранён без порога
2019-04-28,D1,96,0.3190969478310392,-26.673856771904177,-24.868735008281206,36.46846056526337,14.866280680521372,14:52,0.7813479898012587,994,not_assessed,Надёжность отдельно не установлена; R² сохранён без порога
2019-04-28,D2,96,1.9543816470479378,6.4780484173358595,-29.53002042066838,30.232221508556712,18.824871506836097,18:49,0.890324203849591,1010,not_assessed,Надёжность отдельно не установлена; R² сохранён без порога
2019-04-28,D3,96,0.3716765695980852,12.16428017396722,-6.6895101137236805,13.882336176320734,22.07948389309848,22:05,0.634476119083325,1026,not_assessed,Надёжность отдельно не установлена; R² сохранён без порога
2019-04-29,D1,96,-1.0615174700126397,-13.13938606129227,-9.131969195144087,16.001135192502506,14.319972162481651,14:19,0.7763499289169256,994,not_assessed,Надёжность отдельно не установлена; R² сохранён без порога
2019-04-29,D2,96,-2.316631099475314,0.18764599608120314,-13.169240464728913,13.170577262887862,18.054422759494187,18:03,0.7427998636027018,1010,not_assessed,Надёжность отдельно не установлена; R² сохранён без порога
2019-04-29,D3,96,0.23721085349437437,6.562803655130804,-2.4484447455219067,7.004660840302839,22.636033812754924,22:38,0.3497548351011581,1026,not_assessed,Надёжность отдельно не установлена; R² сохранён без порога
2019-04-30,D1,96,1.789400570533126,-29.59934021633041,-18.76000544874283,35.04366912409338,14.157763004124853,14:09,0.7988563464739551,994,not_assessed,Надёжность отдельно не установлена; R² сохранён без порога
2019-04-30,D2,96,3.154022294005703,4.347339477048806,-29.64767191854813,29.964709421560798,18.5561351131793,18:33,0.8801687142466132,1010,not_assessed,Надёжность отдельно не установлена; R² сохранён без порога
2019-04-30,D3,96,0.7139841045240625,14.331282245065985,-7.5948684851288135,16.219361211038688,22.138575322298355,22:08,0.6659883853831494,1026,not_assessed,Надёжность отдельно не установлена; R² сохранён без порога
2019-05-01,D1,96,-1.16958245239727,-31.600926448189618,-15.624018165150282,35.25235447468489,13.75390329053877,13:45,0.8352263223462494,994,not_assessed,Надёжность отдельно не установлена; R² сохранён без порога
2019-05-01,D2,96,-0.4690666436504948,3.491180663995717,-30.703254867069635,30.90110357027549,18.432471977576878,18:26,0.8962913442413478,1010,not_assessed,Надёжность отдельно не установлена; R² сохранён без порога
2019-05-01,D3,96,-0.16332746851881427,14.664227389450609,-8.447201323084247,16.92320227150375,22.00375190628095,22:00,0.7630182841469088,1026,not_assessed,Надёжность отдельно не установлена; R² сохранён без порога
2019-05-02,D1,96,0.2521140815250183,-18.016295863162632,-10.878975507669983,21.046116618642365,14.075019649300426,14:05,0.8250477048366175,994,not_assessed,Надёжность отдельно не установлена; R² сохранён без порога
2019-05-02,D2,96,-1.185986676364218,1.59520051226459,-19.75661739106887,19.820913082182013,18.307746374384664,18:18,0.8597748095186313,1010,not_assessed,Надёжность отдельно не установлена; R² сохранён без порога
2019-05-02,D3,96,0.38056793804154593,12.603128357799221,-4.992296167684561,13.555879367604334,22.55938048826102,22:34,0.6906077284646222,1026,not_assessed,Надёжность отдельно не установлена; R² сохранён без порога
2019-05-03,D1,96,0.12409718542521042,-26.623442822233542,-13.323992717482078,29.771403891053815,13.772411623221942,13:46,0.8184186438651401,994,not_assessed,Надёжность отдельно не установлена; R² сохранён без порога
2019-05-03,D2,96,1.0807085701651622,3.662005249287791,-24.071475225400633,24.348433254993797,18.576673997382102,18:35,0.8867839645502225,1010,not_assessed,Надёжность отдельно не установлена; R² сохранён без порога
2019-05-03,D3,96,-0.26084313574771867,9.498589328973075,-6.470944176795271,11.493316222034519,21.715681854691226,21:43,0.6122515232845571,1026,not_assessed,Надёжность отдельно не установлена; R² сохранён без порога
2019-05-04,D1,96,0.03767428190924936,-33.02054197363723,-11.63645148679603,35.01090109433483,13.29416512937153,13:18,0.8296722044729175,994,not_assessed,Надёжность отдельно не установлена; R² сохранён без порога
2019-05-04,D2,96,0.874355868782395,2.152752349736531,-30.687624673616817,30.76304033719801,18.267516937980602,18:16,0.9025327296737475,1010,not_assessed,Надёжность отдельно не установлена; R² сохранён без порога
2019-05-04,D3,96,0.3705167740108332,14.600990370506741,-8.526931395801983,16.90850315162002,21.981013941466003,21:59,0.7525722632495903,1026,not_assessed,Надёжность отдельно не установлена; R² сохранён без порога
2019-05-05,D1,96,-0.3382466237408706,-30.562566303949517,-10.357343491682588,32.269877955889605,13.2480665358748,13:15,0.8306873238721713,994,not_assessed,Надёжность отдельно не установлена; R² сохранён без порога
2019-05-05,D2,96,-0.27598792355135493,-1.116198622121665,-32.54174658857115,32.56088405431905,17.869033034833382,17:52,0.8990486816518036,1010,not_assessed,Надёжность отдельно не установлена; R² сохранён без порога
2019-05-05,D3,96,-0.09175095091230757,13.261295237654716,-8.199337934613567,15.591378834029937,21.88479173993724,21:53,0.6244847573676524,1026,not_assessed,Надёжность отдельно не установлена; R² сохранён без порога
2019-05-06,D1,96,0.8863104139792815,-22.50687174094555,-8.893175073887724,24.200161951073618,13.437369300877496,13:26,0.72840084038107,994,not_assessed,Надёжность отдельно не установлена; R² сохранён без порога
2019-05-06,D2,96,-0.8488806806437487,-1.366926273846719,-25.751315692565864,25.787569628336854,17.797432560716693,17:48,0.9158496309492545,1010,not_assessed,Надёжность отдельно не установлена; R² сохранён без порога
2019-05-06,D3,96,0.17348693414372823,10.8578548814578,-6.802269908667283,12.812645649402679,21.86223492550809,21:52,0.698938460199007,1026,not_assessed,Надёжность отдельно не установлена; R² сохранён без порога
2019-05-07,D1,96,-2.3792119516654067,39.46975115455071,53.03606132286137,66.11115682579204,3.5562105686820464,03:33,0.6283513287260322,994,not_assessed,Надёжность отдельно не установлена; R² сохранён без порога
2019-05-07,D2,96,-4.2187795482481185,9.314992221010687,43.48173871930457,44.4683109880661,5.1938947887632905,05:12,0.6604495128048349,1010,not_assessed,Надёжность отдельно не установлена; R² сохранён без порога
2019-05-07,D3,96,-2.3018886092390454,-6.117173734743879,38.643930426115595,39.125096463516904,6.599669878708043,06:36,0.7928835730638997,1026,not_assessed,Надёжность отдельно не установлена; R² сохранён без порога
2019-05-08,D1,96,2.3907527340692796,-5.458805590039695,-25.656789732729784,26.231077329369395,17.19924700077382,17:12,0.792868916308216,994,not_assessed,Надёжность отдельно не установлена; R² сохранён без порога
2019-05-08,D2,96,1.456228889871142,11.01257634753314,-9.355002396927633,14.449668081197162,21.310176448125965,21:19,0.7851489111063366,1010,not_assessed,Надёжность отдельно не установлена; R² сохранён без порога
2019-05-08,D3,96,0.2556876330756773,5.286692101655184,2.9936495939398977,6.075446590087005,1.968080160404312,01:58,0.3441499594894064,1026,not_assessed,Надёжность отдельно не установлена; R² сохранён без порога
2019-05-09,D1,96,-1.4992471159227918,-16.65518365253321,-15.365632372094922,22.66048985997392,14.846254302156064,14:51,0.7682561620666476,994,not_assessed,Надёжность отдельно не установлена; R² сохранён без порога
2019-05-09,D2,96,-0.27038877264717526,2.618646423346851,-10.264962433659939,10.593713364772384,18.954081141721673,18:57,0.6407337865790775,1010,not_assessed,Надёжность отдельно не установлена; R² сохранён без порога
2019-05-09,D3,96,0.6815434695896546,4.688500177822372,0.36038450885019824,4.702330370322742,0.29302887342846357,00:18,0.20411595937468663,1026,not_assessed,Надёжность отдельно не установлена; R² сохранён без порога
2019-05-10,D1,96,3.321807121564366,-12.579648111068487,-31.66887561638614,34.07587459485736,16.5557213128966,16:33,0.7808344871146617,994,not_assessed,Надёжность отдельно не установлена; R² сохранён без порога
2019-05-10,D2,96,1.4233289814252148,10.318311994167175,-16.12157928169768,19.14086938843265,20.174700456609788,20:10,0.801871062322097,1010,not_assessed,Надёжность отдельно не установлена; R² сохранён без порога
2019-05-10,D3,96,-0.6002814409731092,6.855555385742811,-0.9105480849006815,6.9157600783936655,23.495620823728466,23:30,0.3830100320677422,1026,not_assessed,Надёжность отдельно не установлена; R² сохранён без порога
2019-05-11,D1,96,0.3123169998693341,-21.913031668753828,-37.737152904206496,43.637984213655756,15.990488272245328,15:59,0.8913224764313618,994,not_assessed,Надёжность отдельно не установлена; R² сохранён без порога
2019-05-11,D2,96,0.721797631476836,10.630968559620523,-19.855656315594786,22.52253494255607,19.877677172136696,19:53,0.8625033019187001,1010,not_assessed,Надёжность отдельно не установлена; R² сохранён без порога
2019-05-11,D3,96,-0.01650295285805142,8.88127444339186,0.30733404168060474,8.886590457088765,0.13212758162078997,00:08,0.5435290331384315,1026,not_assessed,Надёжность отдельно не установлена; R² сохранён без порога
2019-05-12,D1,96,-1.6313181002072743,-28.609906395951967,-28.195853003227352,40.16880469424922,14.972158818602693,14:58,0.8336433168958934,994,not_assessed,Надёжность отдельно не установлена; R² сохранён без порога
2019-05-12,D2,96,-0.40465917372466353,2.464009859726829,-20.80630199012516,20.95169556606618,18.450257401343357,18:27,0.854619560030827,1010,not_assessed,Надёжность отдельно не установлена; R² сохранён без порога
2019-05-12,D3,96,0.5200463431437854,9.043601251291525,-0.940615664063559,9.092385903592268,23.60413835845228,23:36,0.5233150802053494,1026,not_assessed,Надёжность отдельно не установлена; R² сохранён без порога
2019-05-13,D1,96,-0.6739966756271457,-13.252073276677383,-30.706606372658825,33.44417918047681,16.44375898379004,16:27,0.9062984363591661,994,not_assessed,Надёжность отдельно не установлена; R² сохранён без порога
2019-05-13,D2,96,-1.1761384933676668,8.901929746770968,-19.128923247688853,21.098816503122087,19.663707749472678,19:40,0.8643047775258391,1010,not_assessed,Надёжность отдельно не установлена; R² сохранён без порога
2019-05-13,D3,96,-0.44210295915182213,9.94986674573835,-1.7053224440144454,10.09494788971242,23.35163237702401,23:21,0.5527974150212076,1026,not_assessed,Надёжность отдельно не установлена; R² сохранён без порога
2019-05-14,D1,96,-0.8059480794560802,-17.39556756964373,-25.99136304067776,31.275497178819567,15.74708616535417,15:45,0.7785948966926609,994,not_assessed,Надёжность отдельно не установлена; R² сохранён без порога
2019-05-14,D2,96,0.9776267249795881,9.435096565862626,-21.146391009708708,23.155796249376568,19.60303150681777,19:36,0.8512332796422291,1010,not_assessed,Надёжность отдельно не установлена; R² сохранён без порога
2019-05-14,D3,96,-0.08666690465780003,8.211529522132096,-3.289082607178159,8.8457493458547,22.54478022699092,22:33,0.47049366931272196,1026,not_assessed,Надёжность отдельно не установлена; R² сохранён без порога
2019-05-15,D1,96,0.620528100083285,-26.58688038956549,-16.734941124889374,31.415290278820848,14.145873305858967,14:09,0.7338489761615234,994,not_assessed,Надёжность отдельно не установлена; R² сохранён без порога
2019-05-15,D2,96,1.591187732555769,4.053073378963617,-26.05011520033981,26.363533635805325,18.589573594077706,18:35,0.8517588306749271,1010,not_assessed,Надёжность отдельно не установлена; R² сохранён без порога
2019-05-15,D3,96,0.881012280618643,10.907918577753705,-5.124465204354968,12.05167338296011,22.322412300308315,22:19,0.605500780481167,1026,not_assessed,Надёжность отдельно не установлена; R² сохранён без порога
2019-05-16,D1,96,-0.19302422621872276,-26.80613352898981,-13.904568863850589,30.197778561735216,13.827743511936928,13:50,0.8232591350747176,994,not_assessed,Надёжность отдельно не установлена; R² сохранён без порога
2019-05-16,D2,96,0.11041891511921295,1.5252005645147726,-24.148874770446813,24.196991330343508,18.240926718466635,18:14,0.8743165579655097,1010,not_assessed,Надёжность отдельно не установлена; R² сохранён без порога
2019-05-16,D3,96,0.6735270847840805,10.941475369651918,-4.241419749396723,11.734799732218363,22.587425006321425,22:35,0.6445152928919994,1026,not_assessed,Надёжность отдельно не установлена; R² сохранён без порога
2019-05-17,D1,96,-0.3030588106436145,-25.73613221289424,-14.651330529184534,29.614354417325856,13.976829316320757,13:59,0.8022753937382331,994,not_assessed,Надёжность отдельно не установлена; R² сохранён без порога
2019-05-17,D2,96,-0.15178325581144553,2.75765211434447,-26.857925172387176,26.999125721943244,18.39082214977441,18:23,0.8783517216100332,1010,not_assessed,Надёжность отдельно не установлена; R² сохранён без порога
2019-05-17,D3,96,0.12187676213184265,11.555113721957957,-8.075917033189562,14.09755613765529,21.670009365635487,21:40,0.6774310055731341,1026,not_assessed,Надёжность отдельно не установлена; R² сохранён без порога
2019-05-18,D1,96,0.2166175467987221,-28.294788287027217,-14.342523848706128,31.722279781856734,13.792018806698854,13:48,0.8294463316267059,994,not_assessed,Надёжность отдельно не установлена; R² сохранён без порога
2019-05-18,D2,96,-0.0646965265480935,2.329607253549028,-27.758882274442705,27.85646451153049,18.319812636021734,18:19,0.8816171130247793,1010,not_assessed,Надёжность отдельно не установлена; R² сохранён без порога
2019-05-18,D3,96,-0.3209833462637004,10.699603865294694,-5.926100875283092,12.231115830465354,22.067974020142646,22:04,0.6535648939246318,1026,not_assessed,Надёжность отдельно не установлена; R² сохранён без порога
2019-05-19,D1,96,-0.8201221984582795,-24.129279648238615,-5.586818197275974,24.76761340768053,12.86909127468494,12:52,0.8596884656456705,994,not_assessed,Надёжность отдельно не установлена; R² сохранён без порога
2019-05-19,D2,96,-0.8602145008666265,-0.828914412168448,-19.46278939432307,19.480433006236673,17.83741757365116,17:50,0.856903701870483,1010,not_assessed,Надёжность отдельно не установлена; R² сохранён без порога
2019-05-19,D3,96,0.43108546499892325,9.263123574322425,-5.507565790214258,10.776768499262952,21.951039816306846,21:57,0.5748177462247648,1026,not_assessed,Надёжность отдельно не установлена; R² сохранён без порога
2019-05-20,D1,96,0.9407568477310554,-14.954752358310847,-9.373151068961429,17.649378999272937,14.138542954940952,14:08,0.7332315715058079,994,not_assessed,Надёжность отдельно не установлена; R² сохранён без порога
2019-05-20,D2,96,-0.5901187960613729,-1.219405072460404,-15.529369643758997,15.57717144616588,17.700680280038853,17:42,0.8039329308567092,1010,not_assessed,Надёжность отдельно не установлена; R² сохранён без порога
2019-05-20,D3,96,-0.24358361057065453,7.104399965007895,-3.9771714320419402,8.141891147801886,22.050607324193596,22:03,0.4325763110665687,1026,not_assessed,Надёжность отдельно не установлена; R² сохранён без порога
2019-05-21,D1,96,-0.19943977831505424,33.874246384270236,40.4362163466734,52.749901995522436,3.33642681496602,03:20,0.5432700837848321,994,not_assessed,Надёжность отдельно не установлена; R² сохранён без порога
2019-05-21,D2,96,-2.182955433165299,9.786245179019776,32.390058245741926,33.836170998894694,4.879231614619842,04:53,0.5788251027903083,1010,not_assessed,Надёжность отдельно не установлена; R² сохранён без порога
2019-05-21,D3,96,-1.7118599874956744,-4.074568742219597,23.78218343122075,24.128704051218826,6.6481343553867935,06:39,0.6607225519651927,1026,not_assessed,Надёжность отдельно не установлена; R² сохранён без порога
2019-05-22,D1,96,2.233154001094984,-11.535533610545365,-36.35195793334279,38.13834528748652,16.826283532794044,16:50,0.851418701179907,994,not_assessed,Надёжность отдельно не установлена; R² сохранён без порога
2019-05-22,D2,96,1.3597181796290354,10.544912802256462,-12.422420366956626,16.29453017980485,20.688442729709227,20:41,0.7813849383574766,1010,not_assessed,Надёжность отдельно не установлена; R² сохранён без порога
2019-05-22,D3,96,0.5629120525174621,3.493025198661255,1.6071258998892206,3.845006982643495,1.6471304004168577,01:39,0.17704872688620676,1026,not_assessed,Надёжность отдельно не установлена; R² сохранён без порога
2019-05-23,D1,96,1.26354283491251,-21.67157869475578,-44.24587692625374,49.268194081944856,16.260296090317333,16:16,0.8805209334408838,994,not_assessed,Надёжность отдельно не установлена; R² сохранён без порога
2019-05-23,D2,96,1.0612092886367093,9.801686221006303,-18.99082616459409,21.371114411487678,19.81996663512717,19:49,0.8715290192530625,1010,not_assessed,Надёжность отдельно не установлена; R² сохранён без порога
2019-05-23,D3,96,-0.6569971102775762,5.643186268776132,1.9512794333145604,5.971016889188966,1.2716111212496444,01:16,0.27927729686705927,1026,not_assessed,Надёжность отдельно не установлена; R² сохранён без порога
2019-05-24,D1,96,0.7788544381870752,-25.482411109712096,-51.82307114529789,57.749320159591356,16.254383855819068,16:15,0.8893287182598743,994,not_assessed,Надёжность отдельно не установлена; R² сохранён без порога
2019-05-24,D2,96,0.7512682049195587,13.26876311735749,-27.905639336274994,30.899591929842774,19.695364719401795,19:42,0.8861595025670388,1010,not_assessed,Надёжность отдельно не установлена; R² сохранён без порога
2019-05-24,D3,96,0.6251267569309972,12.96945077899117,-1.5001272028202663,13.055919543766958,23.560142247882215,23:34,0.6849550484452609,1026,not_assessed,Надёжность отдельно не установлена; R² сохранён без порога
2019-05-25,D1,96,-3.1580548706729794,-26.896731648264836,-42.39528711293977,50.20751480353681,15.840522597807048,15:50,0.8816903101623749,994,not_assessed,Надёжность отдельно не установлена; R² сохранён без порога
2019-05-25,D2,96,-0.4143876916329887,11.645079714437099,-28.849718192001145,31.111318218832775,19.465418679988442,19:28,0.9072341060610961,1010,not_assessed,Надёжность отдельно не установлена; R² сохранён без порога
2019-05-25,D3,96,-0.28664537852188976,12.874457220112536,-3.411187843276023,13.318703060531904,23.01066881786742,23:01,0.7095406900372854,1026,not_assessed,Надёжность отдельно не установлена; R² сохранён без порога
2019-05-26,D1,96,-0.49009450938695953,-28.265481067181824,-27.258458662061592,39.26781110006687,14.930730409507309,14:56,0.8153476348907519,994,not_assessed,Надёжность отдельно не установлена; R² сохранён без порога
2019-05-26,D2,96,1.02843618541019,7.8783618035456655,-29.97216971565397,30.99031368301283,18.981825303657118,18:59,0.8770070013922021,1010,not_assessed,Надёжность отдельно не установлена; R² сохранён без порога
2019-05-26,D3,96,1.2958321001147646,14.95187135156322,-6.412468957198104,16.268934047463784,22.45245098900846,22:27,0.7340100112935318,1026,not_assessed,Надёжность отдельно не установлена; R² сохранён без порога
2019-05-27,D1,96,-0.22855318896879373,-30.349306665904223,-20.982692084368654,36.89652805086849,14.310595758185201,14:19,0.8382339948468244,994,not_assessed,Надёжность отдельно не установлена; R² сохранён без порога
2019-05-27,D2,96,0.3830241417005989,5.527986746306684,-30.782743002254385,31.27516433546247,18.678713482233825,18:41,0.893257042548849,1010,not_assessed,Надёжность отдельно не установлена; R² сохранён без порога
2019-05-27,D3,96,0.24130522404724203,13.722982361223234,-7.218859420665779,15.505875538704,22.15025089877129,22:09,0.6883890042174291,1026,not_assessed,Надёжность отдельно не установлена; R² сохранён без порога
2019-05-28,D1,96,-0.5374841921524536,-31.481349266917995,-13.792497722731335,34.37016649795615,13.5772678516657,13:35,0.8328123856939039,994,not_assessed,Надёжность отдельно не установлена; R² сохранён без порога
2019-05-28,D2,96,-0.5593752097714162,-0.03989058311753979,-28.0752240010108,28.075252340193742,17.994572769886986,18:00,0.8782792851986637,1010,not_assessed,Надёжность отдельно не установлена; R² сохранён без порога
2019-05-28,D3,96,0.6204391384161156,14.188868732217122,-7.678613296289388,16.133353589816373,22.105267003689722,22:06,0.6826299074378075,1026,not_assessed,Надёжность отдельно не установлена; R² сохранён без порога
2019-05-29,D1,96,0.8950642742817215,-34.36145332931384,-17.375550680072774,38.5047949785269,13.788289850253339,13:47,0.8217600038051454,994,not_assessed,Надёжность отдельно не установлена; R² сохранён без порога
2019-05-29,D2,96,1.4909577247856733,3.1832936554373816,-35.229872642595765,35.37339798365808,18.34420662713789,18:21,0.8918352622477768,1010,not_assessed,Надёжность отдельно не установлена; R² сохранён без порога
2019-05-29,D3,96,-0.40779161360554655,15.193183240953537,-11.717746391492087,19.18693298806553,21.490585676137584,21:29,0.8278755096748369,1026,not_assessed,Надёжность отдельно не установлена; R² сохранён без порога
2019-05-30,D1,96,-0.9070017366713612,-36.152627365711986,-13.457239654380544,38.57602577455925,13.361132074053831,13:22,0.8785730417515953,994,not_assessed,Надёжность отдельно не установлена; R² сохранён без порога
2019-05-30,D2,96,-0.061954660605697855,0.9174189638022128,-35.67946849390872,35.69126124926057,18.098194016964236,18:06,0.9113040739992521,1010,not_assessed,Надёжность отдельно не установлена; R² сохранён без порога
2019-05-30,D3,96,0.47454179306771044,18.445366384762583,-11.636351100734302,21.809085446384262,21.850267861827096,21:51,0.8375677167904569,1026,not_assessed,Надёжность отдельно не установлена; R² сохранён без порога
2019-05-31,D1,96,-0.5390703767309053,-33.71353534334837,-9.171552957239975,34.93880148194349,13.014576997571895,13:01,0.8575319975097538,994,not_assessed,Надёжность отдельно не установлена; R² сохранён без порога
2019-05-31,D2,96,-0.26213859508551984,-0.740204554514122,-33.93560233311235,33.943674057085566,17.91669737162983,17:55,0.8997621199172702,1010,not_assessed,Надёжность отдельно не установлена; R² сохранён без порога
2019-05-31,D3,96,-0.23181876519820327,16.016399906527464,-11.618983803682886,19.787012169502958,21.60275051744078,21:36,0.8038484016709139,1026,not_assessed,Надёжность отдельно не установлена; R² сохранён без порога
2019-06-01,D1,96,-0.5019676885842452,-30.532887380531978,-6.269844571365901,31.1699881735835,12.773614578439004,12:46,0.8487766161856052,994,not_assessed,Надёжность отдельно не установлена; R² сохранён без порога
2019-06-01,D2,96,-0.4782608983911232,-1.0186793286210545,-31.527464662984862,31.543917569799714,17.87662454871051,17:53,0.8888305513589849,1010,not_assessed,Надёжность отдельно не установлена; R² сохранён без порога
2019-06-01,D3,96,0.19938630916065275,13.996613536974625,-9.733706269894963,17.048467035250233,21.67893173625068,21:41,0.765762999403008,1026,not_assessed,Надёжность отдельно не установлена; R² сохранён без порога
2019-06-02,D1,96,-0.09646917759139083,-31.215477626043338,-4.189479139164167,31.49536122795711,12.509605304564227,12:31,0.8522834615350732,994,not_assessed,Надёжность отдельно не установлена; R² сохранён без порога
2019-06-02,D2,96,-0.2957418670876769,-1.6196651393149786,-29.315731252581976,29.360439609057693,17.78917865874896,17:47,0.8663577710147586,1010,not_assessed,Надёжность отдельно не установлена; R² сохранён без порога
2019-06-02,D3,96,0.04137660734878093,15.179502784520999,-11.010200584059458,18.752115125673264,21.603024568646283,21:36,0.7831734216711456,1026,not_assessed,Надёжность отдельно не установлена; R² сохранён без порога
2019-06-03,D1,96,-0.06938189399352321,-30.067960924559706,-6.246741454883686,30.70999923420728,12.782431790560693,12:47,0.8156818300788169,994,not_assessed,Надёжность отдельно не установлена; R² сохранён без порога
2019-06-03,D2,96,0.42016371925417134,-0.7217098726980389,-29.96001668633143,29.968708096706596,17.908004203254304,17:54,0.8934187180710665,1010,not_assessed,Надёжность отдельно не установлена; R² сохранён без порога
2019-06-03,D3,96,0.08606518183683921,13.157072172340854,-9.926416787804571,16.481574511963185,21.531139698461928,21:32,0.7117301068655202,1026,not_assessed,Надёжность отдельно не установлена; R² сохранён без порога
2019-06-04,D1,96,0.44958280017010016,-28.401326585316728,-4.4869174084128005,28.75356985898858,12.598502813472805,12:36,0.8639984125989567,994,not_assessed,Надёжность отдельно не установлена; R² сохранён без порога
2019-06-04,D2,96,-0.36663943542942934,-2.7498667671812456,-28.995055032646633,29.125160661933776,17.638821364273735,17:38,0.8938881273842163,1010,not_assessed,Надёжность отдельно не установлена; R² сохранён без порога
2019-06-04,D3,96,-0.04341953771501505,11.66606885288298,-10.608365003944268,15.768150510986247,21.181243600569058,21:11,0.72995604650688,1026,not_assessed,Надёжность отдельно не установлена; R² сохранён без порога
2019-06-05,D1,96,0.0885098987523508,-28.625433228180533,-6.832278598883072,29.4294997978861,12.894941676020267,12:54,0.853886827233681,994,not_assessed,Надёжность отдельно не установлена; R² сохранён без порога
2019-06-05,D2,96,0.16570853403108102,-2.3219073619625767,-29.806712330895202,29.89701245566647,17.703048159263513,17:42,0.8841014845163351,1010,not_assessed,Надёжность отдельно не установлена; R² сохранён без порога
2019-06-05,D3,96,-0.11656627141387957,14.501846780674231,-10.67234769832411,18.00562593869137,21.576634937648272,21:35,0.757529306445301,1026,not_assessed,Надёжность отдельно не установлена; R² сохранён без порога
2019-06-06,D1,96,-0.6722740563525387,-27.436892697211785,-3.985172022928726,27.72480255891189,12.550956051985368,12:33,0.83436576491595,994,not_assessed,Надёжность отдельно не установлена; R² сохранён без порога
2019-06-06,D2,96,-0.17651326135087508,0.05456734799198415,-28.35741210600532,28.35746460714152,18.007350165025766,18:00,0.8856571508713713,1010,not_assessed,Надёжность отдельно не установлена; R² сохранён без порога
2019-06-06,D3,96,-0.06768315838910428,13.431252076552468,-10.636350391904346,17.13273130599026,21.441595019383513,21:26,0.7259173832865284,1026,not_assessed,Надёжность отдельно не установлена; R² сохранён без порога
2019-06-07,D1,96,-0.00678883223369012,-27.544160326088424,-4.10663954450931,27.848613186616515,12.565328743464633,12:34,0.8489533262102745,994,not_assessed,Надёжность отдельно не установлена; R² сохранён без порога
2019-06-07,D2,96,-0.010499025721233167,-1.8007567611390982,-27.37939075371404,27.438545204827278,17.749136429000107,17:45,0.895386776114262,1010,not_assessed,Надёжность отдельно не установлена; R² сохранён без порога
2019-06-07,D3,96,0.3091939301892402,13.074944612784696,-10.97272086143565,17.0691177197409,21.333069397191647,21:20,0.7499892218573054,1026,not_assessed,Надёжность отдельно не установлена; R² сохранён без порога
2019-06-10,D1,96,0.27340876240343187,-23.66436334704597,-3.09550625834817,23.86596429261733,12.496831759346598,12:30,0.8244700363333337,994,not_assessed,Надёжность отдельно не установлена; R² сохранён без порога
2019-06-10,D2,96,0.018011460395310368,0.17816252695679324,-24.398292031693718,24.39894251703997,18.02789206013587,18:02,0.8566698115991802,1010,not_assessed,Надёжность отдельно не установлена; R² сохранён без порога
2019-06-10,D3,96,-0.1141075383929819,9.990717734694591,-9.729180276938727,13.94529991486431,21.050656495933605,21:03,0.6737920088135815,1026,not_assessed,Надёжность отдельно не установлена; R² сохранён без порога
2019-06-11,D1,96,0.4626522179359859,-23.911982977228078,-6.761214343158969,24.849485896037848,13.05256498784255,13:03,0.8389194893731552,994,not_assessed,Надёжность отдельно не установлена; R² сохранён без порога
2019-06-11,D2,96,-0.06465905767263366,-0.08620697283792111,-27.343372622540933,27.343508516964075,17.987957400351505,17:59,0.8965905169722279,1010,not_assessed,Надёжность отдельно не установлена; R² сохранён без порога
2019-06-11,D3,96,0.15057052226935713,12.940459528180131,-10.389206946616188,16.594912286001573,21.416058102566883,21:25,0.7412122133195119,1026,not_assessed,Надёжность отдельно не установлена; R² сохранён без порога
2019-06-12,D1,96,-0.5699677304263775,-25.770046533941525,-3.068519077762563,25.95209254939001,12.452694238062016,12:27,0.8402491290915962,994,not_assessed,Надёжность отдельно не установлена; R² сохранён без порога
2019-06-12,D2,96,0.009494375906110093,-1.4472478150006225,-25.67751391826672,25.71826680126025,17.78493880426192,17:47,0.8755799518327188,1010,not_assessed,Надёжность отдельно не установлена; R² сохранён без порога
2019-06-12,D3,96,0.01157546825368396,12.58715983593573,-9.123692537581437,15.54600779157507,21.60425672834303,21:36,0.7193481785562215,1026,not_assessed,Надёжность отдельно не установлена; R² сохранён без порога
2019-06-13,D1,96,-0.17120812833081872,-24.07300142586967,-2.16347097716098,24.170022844816284,12.342363166627383,12:21,0.7852638787704114,994,not_assessed,Надёжность отдельно не установлена; R² сохранён без порога
2019-06-13,D2,96,-0.32234971696147796,-4.8217933899871745,-22.990147262446918,23.490350415537005,17.210324766784726,17:13,0.7956305089226817,1010,not_assessed,Надёжность отдельно не установлена; R² сохранён без порога
2019-06-13,D3,96,0.21181557261771872,6.646011982179969,-9.640228338843587,11.709119424291593,20.30550233314277,20:18,0.4093272166613129,1026,not_assessed,Надёжность отдельно не установлена; R² сохранён без порога
2019-06-14,D1,96,0.27711143056778986,-22.526131137930186,-4.273124236326521,22.927847146697157,12.716078196502037,12:43,0.7935051646136483,994,not_assessed,Надёжность отдельно не установлена; R² сохранён без порога
2019-06-14,D2,96,0.4543029883189483,2.91488450772122,-27.463193467779,27.617450047787038,18.403904585993825,18:24,0.8494264296370556,1010,not_assessed,Надёжность отдельно не установлена; R² сохранён без порога
2019-06-14,D3,96,-0.03628375594194764,14.193567817649622,-13.57927413765544,19.643168112598765,21.084472683278886,21:05,0.7474583326927069,1026,not_assessed,Надёжность отдельно не установлена; R² сохранён без порога
2019-06-15,D1,96,1.3738734121618033,-26.911673817549914,-5.874700548715497,27.545422381936344,12.820949320197036,12:49,0.8647041561677951,994,not_assessed,Надёжность отдельно не установлена; R² сохранён без порога
2019-06-15,D2,96,1.3032448852785672,-5.025232422703313,-28.73235029228257,29.16849180572453,17.33862810517457,17:20,0.8799045770957001,1010,not_assessed,Надёжность отдельно не установлена; R² сохранён без порога
2019-06-15,D3,96,1.320858582148261,8.742929949437318,-12.576986690656636,15.317291481124272,20.320347393656625,20:19,0.6328398219660111,1026,not_assessed,Надёжность отдельно не установлена; R² сохранён без порога
2019-06-16,D1,96,-1.895042774922551,-28.524947595564317,-6.069825529011215,29.163597468116425,12.80085333108566,12:48,0.7943866591062169,994,not_assessed,Надёжность отдельно не установлена; R² сохранён без порога
2019-06-16,D2,96,-1.9343696557630423,-6.055905747307225,-30.389134285129153,30.98666611657151,17.248654236606207,17:15,0.8442633618248754,1010,not_assessed,Надёжность отдельно не установлена; R² сохранён без порога
2019-06-16,D3,96,-1.6319510663023828,7.423827707173318,-16.3755806094813,17.979790269172057,19.6258028016858,19:38,0.6686008141234667,1026,not_assessed,Надёжность отдельно не установлена; R² сохранён без порога
2019-06-19,D1,96,-0.039002448678972255,-11.950306188486792,-6.03595983228095,13.388152564692964,13.786520442350943,13:47,0.5537420998681488,994,not_assessed,Надёжность отдельно не установлена; R² сохранён без порога
2019-06-19,D2,96,-1.1869748682315544,0.9879267449929259,-17.108083246702066,17.136584012852744,18.220329536697207,18:13,0.5867220278332017,1010,not_assessed,Надёжность отдельно не установлена; R² сохранён без порога
2019-06-19,D3,96,-0.41507760724462894,11.678923487710195,-5.822403659606214,13.049813723083739,22.233462420472677,22:14,0.45332119275892313,1026,not_assessed,Надёжность отдельно не установлена; R² сохранён без порога
2019-06-20,D1,96,3.412582436581854,-19.992794530637266,-9.768087721911808,22.25145772499509,13.735948565996893,13:44,0.7154961127586832,994,not_assessed,Надёжность отдельно не установлена; R² сохранён без порога
2019-06-20,D2,96,1.0421517728802274,-9.235592913344487,-10.60953853532234,14.066217842529975,15.264030731775035,15:16,0.7042707765139643,1010,not_assessed,Надёжность отдельно не установлена; R² сохранён без порога
2019-06-20,D3,96,0.4525246544651908,-0.4286133373377267,-0.12330750577496369,0.4459979079818947,13.069997675640867,13:04,0.0012935457802553119,1026,not_assessed,Надёжность отдельно не установлена; R² сохранён без порога
2019-06-21,D1,96,-1.4682235166877422,-36.37641029788812,-14.875666083485006,39.30049195096223,13.482765147185354,13:29,0.8569793469553967,994,not_assessed,Надёжность отдельно не установлена; R² сохранён без порога
2019-06-21,D2,96,1.2531061617478436,-5.685214865599839,-21.448593851284176,22.18927322526321,17.010295638287737,17:01,0.8438201916223266,1010,not_assessed,Надёжность отдельно не установлена; R² сохранён без порога
2019-06-21,D3,96,0.3249858488985663,4.47336983567972,-6.437329887443257,7.839021225034374,20.319723521291696,20:19,0.36779228074863046,1026,not_assessed,Надёжность отдельно не установлена; R² сохранён без порога
2019-06-22,D1,96,-0.7772089870116872,-29.76282112021605,-8.435269678853155,30.93508195542656,13.054906406031742,13:03,0.8377058985048645,994,not_assessed,Надёжность отдельно не установлена; R² сохранён без порога
2019-06-22,D2,96,-0.19003291084944743,-0.19213914066579463,-28.91829038403184,28.91892868320962,17.974621367764726,17:58,0.9137662853202898,1010,not_assessed,Надёжность отдельно не установлена; R² сохранён без порога
2019-06-22,D3,96,-0.30028465093053475,13.426709739074347,-10.060372175746677,16.777592876568793,21.543766264294995,21:33,0.7293542752571531,1026,not_assessed,Надёжность отдельно не установлена; R² сохранён без порога
2019-06-23,D1,96,0.6449150862466551,-24.564727444819013,-7.142286014454617,25.581987490234578,13.080799074664476,13:05,0.7716409238891893,994,not_assessed,Надёжность отдельно не установлена; R² сохранён без порога
2019-06-23,D2,96,0.5806258493528368,2.9213794464728124,-25.787368666825298,25.95231859832637,18.430888253144268,18:26,0.8698377753185846,1010,not_assessed,Надёжность отдельно не установлена; R² сохранён без порога
2019-06-23,D3,96,0.9216731391634593,15.942261834262506,-10.529732755637223,19.105784053456755,21.77037108863711,21:46,0.7302870279785872,1026,not_assessed,Надёжность отдельно не установлена; R² сохранён без порога
2019-06-24,D1,96,2.642151851718432,-18.793924668245037,-16.444121145916064,24.972399257925403,14.745663543180303,14:45,0.8437682397071555,994,not_assessed,Надёжность отдельно не установлена; R² сохранён без порога
2019-06-24,D2,96,0.4765721643145039,-2.8574357787425333,-26.75904490732874,26.911176555142923,17.593655282673225,17:36,0.8446666273207707,1010,not_assessed,Надёжность отдельно не установлена; R² сохранён без порога
2019-06-24,D3,96,0.8132105198701546,6.294121891200183,-12.057985931879736,13.601874691184852,19.837600725558715,19:50,0.5340830694225633,1026,not_assessed,Надёжность отдельно не установлена; R² сохранён без порога
2019-06-25,D1,96,-4.184520190916135,-32.54271064380118,-22.909768877070206,39.79805932513475,14.343012868442969,14:21,0.7553628604337438,994,not_assessed,Надёжность отдельно не установлена; R² сохранён без порога
2019-06-25,D2,96,-3.3519644184560735,-0.04695818454247558,-26.78321066248288,26.783251827626014,17.993303010942288,18:00,0.8490304849209702,1010,not_assessed,Надёжность отдельно не установлена; R² сохранён без порога
2019-06-25,D3,96,-3.8723534335437235,9.42513217711308,-6.789163929762088,11.615759270113811,21.61558857291287,21:37,0.5503856739294308,1026,not_assessed,Надёжность отдельно не установлена; R² сохранён без порога
2019-06-26,D1,96,6.425152636692096,-31.550381205404868,-15.071198345259727,34.9652337868421,13.702212464518198,13:42,0.7709245655889098,994,not_assessed,Надёжность отдельно не установлена; R² сохранён без порога
2019-06-26,D2,96,4.965655828427977,2.8595899591543024,-25.425854189665074,25.586154771841063,18.42779766834856,18:26,0.7410534194770324,1010,not_assessed,Надёжность отдельно не установлена; R² сохранён без порога
2019-06-26,D3,96,4.404181117867235,18.237670809035492,-6.7989809023116585,19.46378118066333,22.63697384452991,22:38,0.693546157660255,1026,not_assessed,Надёжность отдельно не установлена; R² сохранён без порога
2019-06-27,D1,96,-1.5117300021389433,-21.033766433748998,-46.027091078088155,50.605458633433294,16.362682118752154,16:22,0.9132827271476991,994,not_assessed,Надёжность отдельно не установлена; R² сохранён без порога
2019-06-27,D2,96,-3.282189046726616,6.596058071728553,-28.318815269491548,29.076851279896232,18.874109121641986,18:52,0.8758311115760263,1010,not_assessed,Надёжность отдельно не установлена; R² сохранён без порога
2019-06-27,D3,96,-2.1515693881157594,11.30789406664112,-8.519120753127822,14.157820687830123,21.533761817867354,21:32,0.6614916459026212,1026,not_assessed,Надёжность отдельно не установлена; R² сохранён без порога
2019-07-03,D1,96,0.8676080084073036,-25.98061951658847,-43.04918961888128,50.28146097030329,15.925906383123706,15:56,0.8834905200441003,994,not_assessed,Надёжность отдельно не установлена; R² сохранён без порога
2019-07-03,D2,96,0.9219708519865091,10.43715822531438,-25.925059454369258,27.94714617868573,19.461946731583183,19:28,0.8968021811547467,1010,not_assessed,Надёжность отдельно не установлена; R² сохранён без порога
2019-07-03,D3,96,0.21439090669348979,11.39367606206041,-3.150960210809256,11.821353748927045,22.969402290852237,22:58,0.6014344514759005,1026,not_assessed,Надёжность отдельно не установлена; R² сохранён без порога
2019-07-04,D1,96,0.6837562552206041,-30.638614008352988,-44.213533769070565,53.79183243487423,15.685282376525233,15:41,0.8972299937681396,994,not_assessed,Надёжность отдельно не установлена; R² сохранён без порога
2019-07-04,D2,96,0.17577660082907032,9.54775980071717,-28.67684542235668,30.224512909059925,19.227655146122096,19:14,0.8995126458606083,1010,not_assessed,Надёжность отдельно не установлена; R² сохранён без порога
2019-07-04,D3,96,-0.006176830245997999,12.74218437601053,-2.8966482124509954,13.067281030839675,23.14618352543661,23:09,0.6931885772163273,1026,not_assessed,Надёжность отдельно не установлена; R² сохранён без порога
2019-07-05,D1,96,2.9536612980538997,-36.34443493544747,-53.47555179170287,64.65719287290526,15.719878459942244,15:43,0.8551133327201368,994,not_assessed,Надёжность отдельно не установлена; R² сохранён без порога
2019-07-05,D2,96,0.8259444971642624,10.220427935353118,-30.133901140464676,31.819948854846462,19.249016388236175,19:15,0.8818043494626628,1010,not_assessed,Надёжность отдельно не установлена; R² сохранён без порога
2019-07-05,D3,96,-0.1359701976008731,12.818456874792135,-2.09309599881702,12.988221106493743,23.38174333025635,23:23,0.6418616641302171,1026,not_assessed,Надёжность отдельно не установлена; R² сохранён без порога
2019-07-06,D1,96,-5.885797442871193,-29.52786052828123,-38.306189406761746,48.36588357762457,15.491573611766981,15:29,0.8771993067893483,994,not_assessed,Надёжность отдельно не установлена; R² сохранён без порога
2019-07-06,D2,96,-2.420594327168344,6.156729722949883,-19.201299848926446,20.164206822234227,19.185199738357642,19:11,0.8260786135452503,1010,not_assessed,Надёжность отдельно не установлена; R² сохранён без порога
2019-07-06,D3,96,0.2945589590506807,11.332970635946946,0.6090532955089873,11.349324620963403,0.2050809515851896,00:12,0.551830386777671,1026,not_assessed,Надёжность отдельно не установлена; R² сохранён без порога
2019-07-07,D1,96,2.224763607817971,-24.72384325656799,-34.51506206624407,42.456541719881315,15.625680141470868,15:38,0.8690978830038426,994,not_assessed,Надёжность отдельно не установлена; R² сохранён без порога
2019-07-07,D2,96,0.9798113602109046,5.777035223966484,-21.550176266167412,22.31107870726637,19.000443668438553,19:00,0.8846043073768681,1010,not_assessed,Надёжность отдельно не установлена; R² сохранён без порога
2019-07-07,D3,96,0.057733100655615,9.039886059977762,-2.485487466837393,9.375350016142653,22.975105616899555,22:59,0.396936845097019,1026,not_assessed,Надёжность отдельно не установлена; R² сохранён без порога
2019-07-08,D1,96,-1.3242425859435336,-17.543627789420295,-8.507293051239907,19.497510381415236,13.724651487968792,13:43,0.45276665943003525,994,not_assessed,Надёжность отдельно не установлена; R² сохранён без порога
2019-07-08,D2,96,-3.1988229285897263,0.054856229691836234,8.83755702235035,8.837727271715844,5.976290656883167,05:59,0.22624085280108308,1010,not_assessed,Надёжность отдельно не установлена; R² сохранён без порога
2019-07-08,D3,96,0.3101608892626968,4.723575658488878,-0.6645738858312669,4.770097006476651,23.466096822320537,23:28,0.1837007393257798,1026,not_assessed,Надёжность отдельно не установлена; R² сохранён без порога
2019-07-09,D1,96,0.8881259328256305,-14.697573001957782,-44.36889291175671,46.73988992672975,16.778140590705743,16:47,0.9173307277532643,994,not_assessed,Надёжность отдельно не установлена; R² сохранён без порога
2019-07-09,D2,96,1.7172088522618765,13.4175855538436,-16.29940573764063,21.111660983800984,20.630735526297695,20:38,0.8220822889314409,1010,not_assessed,Надёжность отдельно не установлена; R² сохранён без порога
2019-07-09,D3,96,-1.3815891251535157,9.394580646997397,-0.27178860891470324,9.398511295991181,23.889524975652648,23:53,0.5517077008526047,1026,not_assessed,Надёжность отдельно не установлена; R² сохранён без порога
2019-07-10,D1,96,-0.8134668034291287,-20.421031184739363,-45.24241837059653,49.63763627196795,16.38047018046638,16:23,0.8718919249609304,994,not_assessed,Надёжность отдельно не установлена; R² сохранён без порога
2019-07-10,D2,96,0.4059493145313041,13.718830939128768,-22.280692849815154,26.165542153836615,20.108116098686736,20:06,0.8913989839435109,1010,not_assessed,Надёжность отдельно не установлена; R² сохранён без порога
2019-07-10,D3,96,0.02140493412484181,9.880460793061651,0.6501557516669028,9.90182851723125,0.2509839414650791,00:15,0.5430656864247904,1026,not_assessed,Надёжность отдельно не установлена; R² сохранён без порога
2019-07-11,D1,96,-0.32897595612936253,-26.08880671579584,-26.180927207151147,36.96034070839041,15.006731887972213,15:00,0.7852994840785408,994,not_assessed,Надёжность отдельно не установлена; R² сохранён без порога
2019-07-11,D2,96,0.2674114919358194,2.3808314698283013,-17.46563891011327,17.62716372608445,18.51749597066324,18:31,0.8028803589098016,1010,not_assessed,Надёжность отдельно не установлена; R² сохранён без порога
2019-07-11,D3,96,1.0389433602057874,7.500077753252159,-1.3841948416804641,7.6267399106409,23.3028869183087,23:18,0.38785977064471144,1026,not_assessed,Надёжность отдельно не установлена; R² сохранён без порога
2019-07-12,D1,96,-1.3475680825672989,-15.565051030076443,-21.691248169225087,26.69795986040496,15.622520305165938,15:37,0.8672761563904492,994,not_assessed,Надёжность отдельно не установлена; R² сохранён без порога
2019-07-12,D2,96,-1.1043016722142238,3.523193442953118,-13.066234202164893,13.532899477284662,19.006027056425932,19:00,0.7589234893937391,1010,not_assessed,Надёжность отдельно не установлена; R² сохранён без порога
2019-07-12,D3,96,-0.71656649867951,3.9968935501544887,-1.0426484612822597,4.130650537758044,23.025292445285608,23:02,0.1764201507902864,1026,not_assessed,Надёжность отдельно не установлена; R² сохранён без порога
2019-07-13,D1,96,1.8268881511118977,-28.306545553686227,-35.75544962362112,45.60386714929142,15.442157926026269,15:27,0.7595396941296191,994,not_assessed,Надёжность отдельно не установлена; R² сохранён без порога
2019-07-13,D2,96,2.182903606909941,5.9490573569363665,-22.612955969863894,23.382409224267754,18.982632379816827,18:59,0.799866444938401,1010,not_assessed,Надёжность отдельно не установлена; R² сохранён без порога
2019-07-13,D3,96,0.7183140076286995,9.38140253276195,-3.526685748317659,10.022386235278464,22.626506713902636,22:38,0.5201718899715826,1026,not_assessed,Надёжность отдельно не установлена; R² сохранён без порога
2019-07-14,D1,96,0.4327245524731218,-36.00053664841712,-41.66459733209342,55.0633935552424,15.278076947003418,15:17,0.8828890486829502,994,not_assessed,Надёжность отдельно не установлена; R² сохранён без порога
2019-07-14,D2,96,0.42540246226523526,4.768335927246282,-31.557045053569762,31.915264686793677,18.57283413559956,18:34,0.9060436599175398,1010,not_assessed,Надёжность отдельно не установлена; R² сохранён без порога
2019-07-14,D3,96,0.08411998861438126,12.129480542967642,-5.809519220994958,13.448970660289971,22.293833850406795,22:18,0.6665683840429084,1026,not_assessed,Надёжность отдельно не установлена; R² сохранён без порога
2019-07-15,D1,96,1.3090837559155564,-25.323226479651822,-40.71336775843873,47.946262769621754,15.8745922210295,15:52,0.8829762738029079,994,not_assessed,Надёжность отдельно не установлена; R² сохранён без порога
2019-07-15,D2,96,0.2346766133756625,6.0518527543001355,-28.935108449540905,29.561214838812422,18.787551247335983,18:47,0.8800206502907172,1010,not_assessed,Надёжность отдельно не установлена; R² сохранён без порога
2019-07-15,D3,96,0.3089506810651601,12.695991918442814,-5.358262767397157,13.780391528459557,22.474542155616525,22:28,0.6213177282303701,1026,not_assessed,Надёжность отдельно не установлена; R² сохранён без порога
2019-07-16,D1,96,-1.278232073057785,-20.096896592034305,-40.58329303379541,45.28674117330399,16.243688681117938,16:15,0.8772378271246514,994,not_assessed,Надёжность отдельно не установлена; R² сохранён без порога
2019-07-16,D2,96,-1.2911174639946477,9.072305579743201,-23.492152689476796,25.183088899456546,19.407719247091304,19:24,0.8852036791942248,1010,not_assessed,Надёжность отдельно не установлена; R² сохранён без порога
2019-07-16,D3,96,-0.8188640272042447,11.447587335550581,-3.0323081828006333,11.842387796409039,23.01092428335533,23:01,0.6264976165673803,1026,not_assessed,Надёжность отдельно не установлена; R² сохранён без порога
2019-07-17,D1,96,-1.054895841023584,-14.246774744432251,-32.46514835800349,35.4535816036373,16.42043693297138,16:25,0.8892998126055677,994,not_assessed,Надёжность отдельно не установлена; R² сохранён без порога
2019-07-17,D2,96,-0.4526003065158561,8.206744127858562,-18.71255676510486,20.433071963545096,19.578717235506538,19:35,0.8486348782040793,1010,not_assessed,Надёжность отдельно не установлена; R² сохранён без порога
2019-07-17,D3,96,-0.31517109247648006,9.79501295906316,-1.6063884487370732,9.925863323482302,23.379091004704485,23:23,0.5659720928090668,1026,not_assessed,Надёжность отдельно не установлена; R² сохранён без порога
2019-07-18,D1,96,0.5893333128137712,-28.396105163132635,-32.28892300463824,42.99899228162381,15.244691710233955,15:15,0.816963648846885,994,not_assessed,Надёжность отдельно не установлена; R² сохранён без порога
2019-07-18,D2,96,0.6958867346309429,3.8225891207398313,-25.048166837727578,25.33816981387239,18.578462311368792,18:35,0.839536193857114,1010,not_assessed,Надёжность отдельно не установлена; R² сохранён без порога
2019-07-18,D3,96,0.7963173676990679,10.619994190590223,-4.429712853821073,11.506808096752014,22.490564158065837,22:29,0.6528513543898887,1026,not_assessed,Надёжность отдельно не установлена; R² сохранён без порога
2019-07-19,D1,96,2.056216078518507,-21.199559489429042,-42.83293490612724,47.79206665565295,16.244502497727964,16:15,0.871352355289884,994,not_assessed,Надёжность отдельно не установлена; R² сохранён без порога
2019-07-19,D2,96,0.5033962056137549,8.726339893209325,-26.11166257722311,27.53121738097628,19.231951805337548,19:14,0.8817653676982771,1010,not_assessed,Надёжность отдельно не установлена; R² сохранён без порога
2019-07-19,D3,96,-0.5103129148626699,8.380721991534237,-3.309306627019362,9.010439026541373,22.563490590250606,22:34,0.5812438226681748,1026,not_assessed,Надёжность отдельно не установлена; R² сохранён без порога
2019-07-20,D1,96,1.751149578737882,-40.91034939323062,-50.061653264914554,64.65157241005616,15.38295527844093,15:23,0.7843920407513796,994,not_assessed,Надёжность отдельно не установлена; R² сохранён без порога
2019-07-20,D2,96,1.9733924012421438,4.280627991456058,-31.193278755345446,31.485622361800676,18.520923126655433,18:31,0.7177509782304607,1010,not_assessed,Надёжность отдельно не установлена; R² сохранён без порога
2019-07-20,D3,96,1.9921558534924735,11.178449843689052,-5.6281927934621105,12.51536236104455,22.218359073192463,22:13,0.5704976067998007,1026,not_assessed,Надёжность отдельно не установлена; R² сохранён без порога
2019-07-21,D1,96,-3.201067953993879,-29.137270629182936,-52.00132457714125,59.60803886637641,16.049154103668158,16:03,0.912982435774688,994,not_assessed,Надёжность отдельно не установлена; R² сохранён без порога
2019-07-21,D2,96,-2.5871992161124577,8.26334848030426,-26.795795146103565,28.040997942635602,19.14258903931105,19:09,0.8226475283109176,1010,not_assessed,Надёжность отдельно не установлена; R² сохранён без порога
2019-07-21,D3,96,-1.990782848722687,9.934839644771372,-2.486594236330091,10.241298241115283,23.06320678250792,23:04,0.47270573920369574,1026,not_assessed,Надёжность отдельно не установлена; R² сохранён без порога
2019-07-22,D1,96,0.058218384083383624,-18.060208424849087,-38.15368406389154,42.21225812481774,16.311284461225895,16:19,0.8104482692701211,994,not_assessed,Надёжность отдельно не установлена; R² сохранён без порога
2019-07-22,D2,96,0.02941992233783813,9.733189872572819,-20.24754500078815,22.46548605426767,19.71160279216795,19:43,0.8524834904578402,1010,not_assessed,Надёжность отдельно не установлена; R² сохранён без порога
2019-07-22,D3,96,0.16460670099279967,10.683321475803215,-0.05369867262650008,10.683456430519106,23.98080071880518,23:59,0.5770603069949262,1026,not_assessed,Надёжность отдельно не установлена; R² сохранён без порога
2019-07-23,D1,96,-0.9342248666434791,-30.200233832427507,-39.03752102782777,49.355670105180366,15.484914826879717,15:29,0.833171434130445,994,not_assessed,Надёжность отдельно не установлена; R² сохранён без порога
2019-07-23,D2,96,-0.2149863563065347,7.617827155468358,-25.802044691307145,26.903100208392384,19.096584854184805,19:06,0.879852800641309,1010,not_assessed,Надёжность отдельно не установлена; R² сохранён без порога
2019-07-23,D3,96,-0.3153754816526846,10.967220602994722,-2.8778107978029617,11.338506195381438,23.019799817247485,23:01,0.5798576551050985,1026,not_assessed,Надёжность отдельно не установлена; R² сохранён без порога
2019-07-24,D1,96,5.048126707791792,-30.778801651048575,-44.76897597690345,54.32859137779249,15.699424230438003,15:42,0.8635769204341085,994,not_assessed,Надёжность отдельно не установлена; R² сохранён без порога
2019-07-24,D2,96,1.3172385196871361,4.370527594193148,-25.883937121173133,26.250327852132596,18.638936477587905,18:38,0.8629218447100043,1010,not_assessed,Надёжность отдельно не установлена; R² сохранён без порога
2019-07-24,D3,96,1.6406733893591103,9.997658457414982,-4.460421928977063,10.94753572342291,22.397074674281193,22:24,0.6192235926430572,1026,not_assessed,Надёжность отдельно не установлена; R² сохранён без порога
2019-07-29,D1,96,1.368112911595462,-20.549694691978686,-48.43506971209368,52.61412291342422,16.46731974643668,16:28,0.87168830034218,994,not_assessed,Надёжность отдельно не установлена; R² сохранён без порога
2019-07-29,D2,96,0.19148888007711726,11.121054616143224,-24.65856642510198,27.05037437664047,19.618363611394916,19:37,0.8830565534816563,1010,not_assessed,Надёжность отдельно не установлена; R² сохранён без порога
2019-07-29,D3,96,-1.4080296854020478,6.947254896446509,-4.242270301315173,8.140098765102346,21.906006678888033,21:54,0.425068666709597,1026,not_assessed,Надёжность отдельно не установлена; R² сохранён без порога
2019-08-02,D1,96,-2.2681839778421002,-24.801864069805276,-33.392074085751226,41.59522897022442,15.559799377861781,15:34,0.8469309129731879,994,not_assessed,Надёжность отдельно не установлена; R² сохранён без порога
2019-08-02,D2,96,-0.6598463376843694,7.324889411748411,-19.934235457398874,21.237413876584938,19.345066290839085,19:21,0.855859944216484,1010,not_assessed,Надёжность отдельно не установлена; R² сохранён без порога
2019-08-02,D3,96,1.2386803499689705,9.551969315729941,-0.9991735853830264,9.604085883746224,23.601890221218362,23:36,0.5684478435420538,1026,not_assessed,Надёжность отдельно не установлена; R² сохранён без порога
2019-08-03,D1,96,2.5229964545741357,-20.720242367548323,-32.21542572858719,38.303552036907256,15.816785407438656,15:49,0.862747086956734,994,not_assessed,Надёжность отдельно не установлена; R² сохранён без порога
2019-08-03,D2,96,0.39714148964826196,5.623266002787878,-18.114029782632475,18.966791913874268,19.149751941071777,19:09,0.8362262242098492,1010,not_assessed,Надёжность отдельно не установлена; R² сохранён без порога
2019-08-03,D3,96,0.7298480707532767,7.775238155209008,-5.21836438286099,9.364061896555903,21.742159695849082,21:45,0.4586602462533397,1026,not_assessed,Надёжность отдельно не установлена; R² сохранён без порога
2019-08-04,D1,96,-1.70859623403621,-21.888679058085813,-40.604368646909805,46.128397155353625,16.11147567507322,16:07,0.9003069521560862,994,not_assessed,Надёжность отдельно не установлена; R² сохранён без порога
2019-08-04,D2,96,0.5290640384689778,12.04383687146299,-20.15873894795872,23.482520362140843,20.057080165960052,20:03,0.8462827525761858,1010,not_assessed,Надёжность отдельно не установлена; R² сохранён без порога
2019-08-04,D3,96,-1.4858191630696571,8.180269320822678,-1.369142590949532,8.294055557780204,23.366559933920747,23:22,0.4035118003338781,1026,not_assessed,Надёжность отдельно не установлена; R² сохранён без порога
2019-08-05,D1,96,0.899115587998843,-29.418591773697578,-44.78764942752403,53.58532525972256,15.78008311123154,15:47,0.8068994812291569,994,not_assessed,Надёжность отдельно не установлена; R² сохранён без порога
2019-08-05,D2,96,0.6089294682157428,12.057757364739915,-25.99917846207289,28.659148510897083,19.65871135879099,19:40,0.8523975421720253,1010,not_assessed,Надёжность отдельно не установлена; R² сохранён без порога
2019-08-05,D3,96,0.7765142551428406,12.858444059521604,-1.1662787990513177,12.911227279734604,23.654491595680486,23:39,0.6473294350875503,1026,not_assessed,Надёжность отдельно не установлена; R² сохранён без порога
2019-08-06,D1,96,-2.1295482679119173,-19.195372111726044,-32.95207126244261,38.13530268652297,15.98521157897895,15:59,0.8170418251846899,994,not_assessed,Надёжность отдельно не установлена; R² сохранён без порога
2019-08-06,D2,96,-1.5681308173693271,8.36946835992888,-17.736315905188036,19.61185617213416,19.68412228994994,19:41,0.8068323511194847,1010,not_assessed,Надёжность отдельно не установлена; R² сохранён без порога
2019-08-06,D3,96,-0.27678622970109773,9.7784791886744,0.027703775791218632,9.77851843289828,0.010821759034112376,00:01,0.5792135741431024,1026,not_assessed,Надёжность отдельно не установлена; R² сохранён без порога
2019-08-07,D1,96,1.2630260911382996,-18.392236236416554,-32.03649112136819,36.940643160963745,16.009316666843432,16:01,0.8663689047730758,994,not_assessed,Надёжность отдельно не установлена; R² сохранён без порога
2019-08-07,D2,96,0.3029092699642685,5.081032857295034,-18.505049024179975,19.189938360615336,19.023575740423944,19:01,0.8193229799131824,1010,not_assessed,Надёжность отдельно не установлена; R² сохранён без порога
2019-08-07,D3,96,0.0866345057913511,9.479358561971598,-4.5852362095975,10.530082138531887,22.279106714231947,22:17,0.556674275478549,1026,not_assessed,Надёжность отдельно не установлена; R² сохранён без порога
2019-08-08,D1,96,-1.2957011485774588,-22.401699875732362,-25.488675188170124,33.93388748980032,15.245875850600731,15:15,0.8672448765939487,994,not_assessed,Надёжность отдельно не установлена; R² сохранён без порога
2019-08-08,D2,96,-0.5783570405529688,4.173150780093614,-15.519636161347137,16.070914535706724,19.003369505005807,19:00,0.7641707063588448,1010,not_assessed,Надёжность отдельно не установлена; R² сохранён без порога
2019-08-08,D3,96,0.15083710092631056,7.271785130895362,-2.445474847214339,7.6719753791490275,22.76082635788502,22:46,0.40704558318159856,1026,not_assessed,Надёжность отдельно не установлена; R² сохранён без порога
2019-08-09,D1,96,1.5487907244366654,-7.4334382551622085,-36.36567270038646,37.11762593761813,17.229828194062545,17:14,0.8521104806056365,994,not_assessed,Надёжность отдельно не установлена; R² сохранён без порога
2019-08-09,D2,96,0.02485962065178304,11.498470140765082,-15.305104327964857,19.143171995987363,20.461128561475707,20:28,0.8362043119250021,1010,not_assessed,Надёжность отдельно не установлена; R² сохранён без порога
2019-08-09,D3,96,-1.0814836703368331,7.514587143149492,0.7415960187720732,7.5510916155908365,0.37574192428488185,00:23,0.34292775711924295,1026,not_assessed,Надёжность отдельно не установлена; R² сохранён без порога
2019-08-10,D1,96,-3.4979295829196593,-19.252518437725268,-15.117528452445105,24.478544333874076,14.54265555253174,14:33,0.7049037484832668,994,not_assessed,Надёжность отдельно не установлена; R² сохранён без порога
2019-08-10,D2,96,-0.5289217503098694,1.4417639629437777,-9.863318755905022,9.968136245328468,18.554418304928568,18:33,0.504296847774691,1010,not_assessed,Надёжность отдельно не установлена; R² сохранён без порога
2019-08-10,D3,96,1.6993285182389841,5.395488808900916,-0.863614553039738,5.464167785051723,23.393749371055957,23:24,0.22970022468066953,1026,not_assessed,Надёжность отдельно не установлена; R² сохранён без порога
2019-08-11,D1,96,3.762945725463385,-20.451287805545874,-37.97688419652022,43.133500972923315,16.113111700573615,16:07,0.8049342378543342,994,not_assessed,Надёжность отдельно не установлена; R² сохранён без порога
2019-08-11,D2,96,1.105538312190013,7.029370888270705,-21.95773446994301,23.05545831549204,19.183435054734588,19:11,0.80820794780205,1010,not_assessed,Надёжность отдельно не установлена; R² сохранён без порога
2019-08-11,D3,96,-0.9834485935875041,8.504293150674744,-4.431440396589969,9.58961239994312,22.165117180544648,22:10,0.4875783364702925,1026,not_assessed,Надёжность отдельно не установлена; R² сохранён без порога
2019-08-12,D1,96,-0.7976951519557892,-20.89306576216896,-34.52087164739617,40.351093866688636,15.921094498394133,15:55,0.9043092129823564,994,not_assessed,Надёжность отдельно не установлена; R² сохранён без порога
2019-08-12,D2,96,0.3696528852425117,9.636146170388194,-19.676197418372873,21.909086194176844,19.73951096965341,19:44,0.8486109178941652,1010,not_assessed,Надёжность отдельно не установлена; R² сохранён без порога
2019-08-12,D3,96,0.5115769912312431,10.611803689039284,-3.3537823952491514,11.129161418965532,22.830749523684467,22:50,0.5477946366831026,1026,not_assessed,Надёжность отдельно не установлена; R² сохранён без порога
2019-08-13,D1,96,-2.431184784385845,-30.932151311606066,-25.0441656112508,39.79960070060817,14.599686991398874,14:36,0.7826506788558879,994,not_assessed,Надёжность отдельно не установлена; R² сохранён без порога
2019-08-13,D2,96,-0.3762109670505221,1.3200815018168548,-21.767626080882014,21.807617026363378,18.23136064764059,18:14,0.8325966619334279,1010,not_assessed,Надёжность отдельно не установлена; R² сохранён без порога
2019-08-13,D3,96,-0.1440291165188011,8.707083583649611,-5.088729441620517,10.085061817494031,21.979764354036913,21:59,0.5261766819632167,1026,not_assessed,Надёжность отдельно не установлена; R² сохранён без порога
2019-08-14,D1,96,-0.3591183142575153,-26.804315485854517,-22.042767763431716,34.70381735973443,14.628831645392948,14:38,0.8042326739394774,994,not_assessed,Надёжность отдельно не установлена; R² сохранён без порога
2019-08-14,D2,96,-0.11791155992095126,2.5136612238871336,-23.00656364462283,23.14347561371357,18.415687649577123,18:25,0.8873103675130433,1010,not_assessed,Надёжность отдельно не установлена; R² сохранён без порога
2019-08-14,D3,96,0.20372787481221985,9.5670145226295,-7.579621981237782,12.205672298348285,21.44076035876516,21:26,0.6438757394272389,1026,not_assessed,Надёжность отдельно не установлена; R² сохранён без порога
2019-08-15,D1,96,-0.12883172969460452,-24.43037434793481,-16.071995304479003,29.24298589144799,14.222646233030128,14:13,0.7957625039078731,994,not_assessed,Надёжность отдельно не установлена; R² сохранён без порога
2019-08-15,D2,96,0.8952985895087551,3.5602380265343356,-24.662078242072283,24.917732601977978,18.547634414598182,18:33,0.8472037140282587,1010,not_assessed,Надёжность отдельно не установлена; R² сохранён без порога
2019-08-15,D3,96,-0.04170271982111518,10.188560745443269,-6.488608172609428,12.079271752934503,21.833925637328928,21:50,0.5680754143157507,1026,not_assessed,Надёжность отдельно не установлена; R² сохранён без порога
2019-08-16,D1,96,-0.3623720251205289,-29.68340500752877,13.150760324277204,32.466090462936364,10.407001642912782,10:24,0.5288328613955658,994,not_assessed,Надёжность отдельно не установлена; R² сохранён без порога
2019-08-16,D2,96,-0.5832118031932629,-7.285908455387856,-13.051515905686951,14.947458963204808,16.055193113407462,16:03,0.6160564183370341,1010,not_assessed,Надёжность отдельно не установлена; R² сохранён без порога
2019-08-16,D3,96,1.1618575161252995,7.586657359950987,-5.23862351349635,9.21957407982903,21.691648930521723,21:41,0.5040620804107008,1026,not_assessed,Надёжность отдельно не установлена; R² сохранён без порога
2019-08-17,D1,96,4.148710962911982,-19.562451922698614,-41.18260805403445,45.592726737497486,16.30609816188413,16:18,0.8050409478025797,994,not_assessed,Надёжность отдельно не установлена; R² сохранён без порога
2019-08-17,D2,96,0.2140947236293876,10.847989101892743,-22.977257023019064,25.409313407816878,19.6848576521992,19:41,0.86656479035779,1010,not_assessed,Надёжность отдельно не установлена; R² сохранён без порога
2019-08-17,D3,96,-1.8187093444047917,8.094156757948817,-2.7452587662992123,8.547035703458315,22.750989083254808,22:45,0.43336384730015176,1026,not_assessed,Надёжность отдельно не установлена; R² сохранён без порога
2019-08-18,D1,96,-0.41522631948516997,-23.11154943674,-37.28329655906529,43.865566446565886,15.880375497669194,15:53,0.8661243512121399,994,not_assessed,Надёжность отдельно не установлена; R² сохранён без порога
2019-08-18,D2,96,-0.07535575788861286,8.722233624847442,-20.838088918119396,22.589893960925753,19.51418695231951,19:31,0.834035491410418,1010,not_assessed,Надёжность отдельно не установлена; R² сохранён без порога
2019-08-18,D3,96,0.19570981819400618,9.129655236607178,-1.3835652921367734,9.233897208487562,23.425507219861174,23:26,0.4486791147446978,1026,not_assessed,Надёжность отдельно не установлена; R² сохранён без порога
2019-08-19,D1,96,-0.828199462474595,-28.154080080568612,-36.94018462774392,46.44598438524991,15.512469756063453,15:31,0.8644173742025159,994,not_assessed,Надёжность отдельно не установлена; R² сохранён без порога
2019-08-19,D2,96,0.2546077639335407,8.718363815783107,-26.208353593714953,27.620421171979757,19.226667318548095,19:14,0.865083739165734,1010,not_assessed,Надёжность отдельно не установлена; R² сохранён без порога
2019-08-19,D3,96,0.023527991408413423,10.549925477940699,-2.7851778174576864,10.911376772202518,23.014089008184502,23:01,0.5581554261901522,1026,not_assessed,Надёжность отдельно не установлена; R² сохранён без порога
2019-08-20,D1,96,-1.218332477413966,-27.988732942317924,-29.890861430741005,40.94914857220053,15.125484322406576,15:08,0.8161115671660673,994,not_assessed,Надёжность отдельно не установлена; R² сохранён без порога
2019-08-20,D2,96,0.2233326483887647,4.878577212333326,-27.14628403724943,27.581175693717647,18.679208059294268,18:41,0.8528595152552862,1010,not_assessed,Надёжность отдельно не установлена; R² сохранён без порога
2019-08-20,D3,96,0.46214722779648165,13.69064639768678,-5.349158695800824,14.698547463588216,22.57724015394038,22:35,0.7221074647403721,1026,not_assessed,Надёжность отдельно не установлена; R² сохранён без порога
2019-08-21,D1,96,-1.1221859008474098,-28.36536516236408,-21.235117412744444,35.43337624792901,14.454637882338828,14:27,0.8357798231638771,994,not_assessed,Надёжность отдельно не установлена; R² сохранён без порога
2019-08-21,D2,96,0.5110394710230679,3.919199563061277,-27.85957199938769,28.133891966881624,18.53384316817787,18:32,0.8975569891237578,1010,not_assessed,Надёжность отдельно не установлена; R² сохранён без порога
2019-08-21,D3,96,0.055227429197661194,11.720003009889318,-6.956878916519466,13.629256575871178,21.953803157731382,21:57,0.6101765104542558,1026,not_assessed,Надёжность отдельно не установлена; R² сохранён без порога
2019-08-22,D1,96,0.012620996955965047,-24.603972239726396,-14.84136764404294,28.733632619612713,14.073253960192115,14:04,0.7409244944798385,994,not_assessed,Надёжность отдельно не установлена; R² сохранён без порога
2019-08-22,D2,96,-0.2964138644563535,2.6239619777576166,-26.34392351519461,26.47427964336596,18.379208779555608,18:23,0.8582318097291635,1010,not_assessed,Надёжность отдельно не установлена; R² сохранён без порога
2019-08-22,D3,96,0.5286982300418647,13.246783277908722,-6.058351703181092,14.56643033043166,22.361549583113646,22:22,0.6776619745015291,1026,not_assessed,Надёжность отдельно не установлена; R² сохранён без порога
2019-08-23,D1,96,0.05869279101257947,-27.517906331007833,-13.913623328199265,30.83543550788819,13.788140391396547,13:47,0.8049348214698626,994,not_assessed,Надёжность отдельно не установлена; R² сохранён без порога
2019-08-23,D2,96,0.2784913176952537,-0.19502032363373445,-27.165188647512586,27.165888669093395,17.972578509326066,17:58,0.8849374026270959,1010,not_assessed,Надёжность отдельно не установлена; R² сохранён без порога
2019-08-23,D3,96,0.008687350259286396,12.3491492946785,-8.835763969904274,15.184604480661228,21.627762693618127,21:38,0.676583337451367,1026,not_assessed,Надёжность отдельно не установлена; R² сохранён без порога
2019-08-24,D1,96,-0.4049868537154602,-27.52629701319145,-12.441023017255532,30.207219020861793,13.621431759149667,13:37,0.8258401856582084,994,not_assessed,Надёжность отдельно не установлена; R² сохранён без порога
2019-08-24,D2,96,-0.3525284685760824,-0.1440922431819942,-26.598747883616753,26.599138173082824,17.979307806338323,17:59,0.8941084760932654,1010,not_assessed,Надёжность отдельно не установлена; R² сохранён без порога
2019-08-24,D3,96,-0.1978007245106202,11.215461060027579,-7.715219565583856,13.612904896977826,21.69837047000253,21:42,0.6359298514488918,1026,not_assessed,Надёжность отдельно не установлена; R² сохранён без порога
2019-08-25,D1,96,0.07082613857443042,-24.51730138823402,-13.242312849557539,27.864976529095777,13.891627997551433,13:53,0.7777157717007421,994,not_assessed,Надёжность отдельно не установлена; R² сохранён без порога
2019-08-25,D2,96,0.18401219080328005,1.9455882796814974,-25.33464248599515,25.409238942700046,18.292762838709393,18:18,0.8570859053050766,1010,not_assessed,Надёжность отдельно не установлена; R² сохранён без порога
2019-08-25,D3,96,0.08305539628156645,13.333972781982482,-6.968886274627909,15.045271883862615,22.16043788556073,22:10,0.736347890251057,1026,not_assessed,Надёжность отдельно не установлена; R² сохранён без порога
2019-08-26,D1,96,0.46311902828464263,-30.50474813992815,-11.325894947552715,32.53944614530877,13.357940420103684,13:21,0.822245196090539,994,not_assessed,Надёжность отдельно не установлена; R² сохранён без порога
2019-08-26,D2,96,0.369536582620448,-2.4376480146592847,-30.18712011869137,30.28538176915843,17.69222072995999,17:42,0.8941804493920098,1010,not_assessed,Надёжность отдельно не установлена; R² сохранён без порога
2019-08-26,D3,96,0.5695242115482892,15.22099489513246,-9.61776202304532,18.00500019243491,21.84748284606136,21:51,0.7363499055616107,1026,not_assessed,Надёжность отдельно не установлена; R² сохранён без порога
2019-08-27,D1,96,0.1917347718346624,11.496910202983784,8.864589978893491,14.517572101056414,2.5089132771132703,02:31,0.20641745533487,994,not_assessed,Надёжность отдельно не установлена; R² сохранён без порога
2019-08-27,D2,96,-2.08649763845908,10.354074511732726,2.5095769965393284,10.65386482437583,0.9082915228848406,00:54,0.28266719600851864,1010,not_assessed,Надёжность отдельно не установлена; R² сохранён без порога
2019-08-27,D3,96,-1.864633331248927,5.778633618002948,13.903005732316966,15.056100919027884,4.495354421081787,04:30,0.6743992863686497,1026,not_assessed,Надёжность отдельно не установлена; R² сохранён без порога
2019-08-28,D1,96,1.2240726405642384,-24.480134730427373,-28.802529166363108,37.80030003583403,15.309186042599299,15:19,0.7660397540279301,994,not_assessed,Надёжность отдельно не установлена; R² сохранён без порога
2019-08-28,D2,96,0.8303496975654403,5.9018762571369985,-17.561863227344986,18.527039249986206,19.238369630988423,19:14,0.7799689634764067,1010,not_assessed,Надёжность отдельно не установлена; R² сохранён без порога
2019-08-28,D3,96,0.9248264069235844,8.650679593984371,-1.2314486501515365,8.737890089474556,23.45988114701834,23:28,0.407212724471294,1026,not_assessed,Надёжность отдельно не установлена; R² сохранён без порога
2019-08-29,D1,96,1.1519908746006438,-26.591444794289593,-36.06721058116746,44.81013964890122,15.573305626890818,15:34,0.8579055998023368,994,not_assessed,Надёжность отдельно не установлена; R² сохранён без порога
2019-08-29,D2,96,0.3094998628389461,5.733690584423389,-24.079138407812657,24.752375930009308,18.89291761032319,18:54,0.874564738296175,1010,not_assessed,Надёжность отдельно не установлена; R² сохранён без порога
2019-08-29,D3,96,-0.833249602247363,8.702551863768077,-3.61281210908773,9.422675855463996,22.496967491625863,22:30,0.4870761012209335,1026,not_assessed,Надёжность отдельно не установлена; R² сохранён без порога
2019-08-30,D1,96,-1.1843177284361328,-25.22431286385809,-30.71274767920078,39.74341240331597,15.373587511953312,15:22,0.8680766776133572,994,not_assessed,Надёжность отдельно не установлена; R² сохранён без порога
2019-08-30,D2,96,-0.9240615434647685,3.3898878958781467,-20.9949939944594,21.26690181418082,18.61146121905727,18:37,0.8501211375058472,1010,not_assessed,Надёжность отдельно не установлена; R² сохранён без порога
2019-08-30,D3,96,0.34854140568163433,8.518783951823181,-2.3686840794345443,8.841964956162563,22.964078940033477,22:58,0.4910061472624241,1026,not_assessed,Надёжность отдельно не установлена; R² сохранён без порога
2019-08-31,D1,96,-0.8366721197012317,-22.823558660141806,-25.959435722443914,34.56598230834228,15.245202457628238,15:15,0.8284647360312729,994,not_assessed,Надёжность отдельно не установлена; R² сохранён без порога
2019-08-31,D2,96,0.23751440544052016,5.463612821159046,-20.607924954717454,21.319888273600306,18.989916965850558,18:59,0.8276296084235203,1010,not_assessed,Надёжность отдельно не установлена; R² сохранён без порога
2019-08-31,D3,96,-0.4279270143711687,8.731898222032807,-3.438905352623885,9.384674559314506,22.566924493508978,22:34,0.5083774508239893,1026,not_assessed,Надёжность отдельно не установлена; R² сохранён без порога
2019-09-01,D1,96,-2.0191682400816418,-21.646620296288535,-17.238784767452287,27.672222001679515,14.56885804644743,14:34,0.7440858492672779,994,not_assessed,Надёжность отдельно не установлена; R² сохранён без порога
2019-09-01,D2,96,-0.23509697424510492,1.6671098838672727,-21.356709385285008,21.42167806527791,18.297564742717462,18:18,0.807237530617879,1010,not_assessed,Надёжность отдельно не установлена; R² сохранён без порога
2019-09-01,D3,96,0.8637579195121373,8.925514183574412,-4.757416563020116,10.114238270640362,22.129453123922286,22:08,0.4985598765499861,1026,not_assessed,Надёжность отдельно не установлена; R² сохранён без порога
2019-09-02,D1,96,0.6263213324435413,-14.697438977826872,-11.111630200153552,18.4250654873167,14.47267928370259,14:28,0.6809267058131967,994,not_assessed,Надёжность отдельно не установлена; R² сохранён без порога
2019-09-02,D2,96,-0.36179569754073543,0.848506426198508,-16.931922259420162,16.953169454540003,18.191256890741897,18:11,0.7853569324122776,1010,not_assessed,Надёжность отдельно не установлена; R² сохранён без порога
2019-09-02,D3,96,-0.4743947246675252,7.429403939921053,-5.476569262808243,9.229780809577791,21.57361970884055,21:34,0.539514606875271,1026,not_assessed,Надёжность отдельно не установлена; R² сохранён без порога
2019-09-03,D1,96,-0.9704366966342441,-24.46371296149264,-6.212371280030727,25.240182423731678,12.949909011750341,12:57,0.6304933984228247,994,not_assessed,Надёжность отдельно не установлена; R² сохранён без порога
2019-09-03,D2,96,0.7142646265370427,-4.8258445941706745,-20.90485135400399,21.454640201599485,17.133406300550945,17:08,0.7082026267232617,1010,not_assessed,Надёжность отдельно не установлена; R² сохранён без порога
2019-09-03,D3,96,0.911379390989712,7.811766897029873,-6.502261755298807,10.163813752128345,21.348473282523564,21:21,0.5359756585615727,1026,not_assessed,Надёжность отдельно не установлена; R² сохранён без порога
2019-09-04,D1,96,1.4004293614421643,-25.257910308790223,-8.805024570061374,26.748654000646013,13.281252770335813,13:17,0.7303761298174208,994,not_assessed,Надёжность отдельно не установлена; R² сохранён без порога
2019-09-04,D2,96,1.226274121486835,-1.4048123328668254,-24.62871346253297,24.66874590468935,17.78236054668458,17:47,0.8536508572575205,1010,not_assessed,Надёжность отдельно не установлена; R² сохранён без порога
2019-09-04,D3,96,-0.0010495720947769247,9.132575254168682,-7.651488790011296,11.914244058131539,21.336194937627084,21:20,0.6027693699975597,1026,not_assessed,Надёжность отдельно не установлена; R² сохранён без порога
2019-09-05,D1,96,-0.9978969873024593,-25.778848062462128,-5.525668338900315,26.36440816743347,12.806547978107035,12:48,0.7156468097850447,994,not_assessed,Надёжность отдельно не установлена; R² сохранён без порога
2019-09-05,D2,96,-0.6776776108375331,-3.3338192136601386,-25.12674041404043,25.34694132205979,17.496142118447544,17:30,0.8397081988626156,1010,not_assessed,Надёжность отдельно не установлена; R² сохранён без порога
2019-09-05,D3,96,-0.5199349492765767,7.912733539808583,-7.452513934889032,10.869743144238821,21.11437394682334,21:07,0.5676162592026295,1026,not_assessed,Надёжность отдельно не установлена; R² сохранён без порога
2019-09-06,D1,96,0.44207076002414203,-18.785175699684537,-11.917030247730047,22.246312862884295,14.159361432745314,14:10,0.7722038848167029,994,not_assessed,Надёжность отдельно не установлена; R² сохранён без порога
2019-09-06,D2,96,-0.8008530419764632,0.7437221390276036,-20.03265062055447,20.046451394331147,18.14174386007121,18:09,0.8300387555317914,1010,not_assessed,Надёжность отдельно не установлена; R² сохранён без порога
2019-09-06,D3,96,-0.35611289586925865,7.754843519266526,-4.865136323788198,9.154624484781086,21.859811906138997,21:52,0.46722430748705335,1026,not_assessed,Надёжность отдельно не установлена; R² сохранён без порога
2019-09-07,D1,96,0.25591077014894353,-23.97623536726234,-10.371512097473342,26.123325316169023,13.559472428504778,13:34,0.7762013070317535,994,not_assessed,Надёжность отдельно не установлена; R² сохранён без порога
2019-09-07,D2,96,1.064709290152529,0.7587412228779442,-22.90592954262391,22.9184924559829,18.12647898463073,18:08,0.8639607279218757,1010,not_assessed,Надёжность отдельно не установлена; R² сохранён без порога
2019-09-07,D3,96,1.029699958473065,10.723170760561535,-7.706396442981315,13.205110272033208,21.61976120150241,21:37,0.6392148811428039,1026,not_assessed,Надёжность отдельно не установлена; R² сохранён без порога
2019-09-08,D1,96,-0.5320152331754915,-25.551155002313077,-6.280534874224003,26.311720587194074,12.92064418002051,12:55,0.781925583720033,994,not_assessed,Надёжность отдельно не установлена; R² сохранён без порога
2019-09-08,D2,96,-0.3311480802935773,-1.466936010295475,-23.475696186706674,23.521484066887783,17.76162552112641,17:46,0.8436446277148189,1010,not_assessed,Надёжность отдельно не установлена; R² сохранён без порога
2019-09-08,D3,96,-0.04653824555205149,10.250048686005384,-7.8950175101232425,12.9381142192606,21.493001798422505,21:30,0.6256896824263951,1026,not_assessed,Надёжность отдельно не установлена; R² сохранён без порога
2019-09-09,D1,96,0.42354651940614746,-25.08158650024211,-6.825029501550487,25.993595539404737,13.014824196064946,13:01,0.802763320480639,994,not_assessed,Надёжность отдельно не установлена; R² сохранён без порога
2019-09-09,D2,96,0.3662394185577376,-2.7060930935283474,-22.872817938510114,23.03234118102352,17.550178412356853,17:33,0.8438589062348854,1010,not_assessed,Надёжность отдельно не установлена; R² сохранён без порога
2019-09-09,D3,96,0.39089035243901255,12.633052070802352,-9.947905043148424,16.079639901785782,21.452087551870118,21:27,0.7151022071286497,1026,not_assessed,Надёжность отдельно не установлена; R² сохранён без порога
2019-09-10,D1,96,-0.4957713476189381,-25.835196924124745,-6.1404832979315165,26.554904165529962,12.891328359829986,12:53,0.7968902813100555,994,not_assessed,Надёжность отдельно не установлена; R² сохранён без порога
2019-09-10,D2,96,-0.20282072559847678,-2.1906524767586797,-23.006147480080976,23.110209435424103,17.637378524997857,17:38,0.849504287194256,1010,not_assessed,Надёжность отдельно не установлена; R² сохранён без порога
2019-09-10,D3,96,-0.12204176950768039,9.813365745191282,-10.558995188553121,14.415079834700244,20.860260478661043,20:52,0.6339244813875604,1026,not_assessed,Надёжность отдельно не установлена; R² сохранён без порога
2019-09-17,D1,96,1.851676528897379,-26.677008594355073,-5.497441854233134,27.237559627910294,12.776278391033895,12:47,0.7966072869173164,994,not_assessed,Надёжность отдельно не установлена; R² сохранён без порога
2019-09-17,D2,96,1.8818352131487799,-3.4455907868969753,-25.47916396142434,25.711085003241195,17.486567635084572,17:29,0.855133666591824,1010,not_assessed,Надёжность отдельно не установлена; R² сохранён без порога
2019-09-17,D3,96,-0.3825542272551698,8.818964668394305,-11.81184117563251,14.740886329551378,20.44971856821714,20:27,0.6384504610951349,1026,not_assessed,Надёжность отдельно не установлена; R² сохранён без порога
2019-09-18,D1,96,-0.7760960584490568,-26.23005089013014,-6.635719918422148,27.056392008813027,12.946460916865963,12:57,0.7991001897282238,994,not_assessed,Надёжность отдельно не установлена; R² сохранён без порога
2019-09-18,D2,96,-0.22466168484243235,-1.2821113588159283,-25.58988202332589,25.621980241662477,17.808783291598694,17:49,0.8726059073054052,1010,not_assessed,Надёжность отдельно не установлена; R² сохранён без порога
2019-09-18,D3,96,0.022963295326243117,10.853473817472334,-8.749572085313996,13.941051093180292,21.408388993383944,21:25,0.6902789928050213,1026,not_assessed,Надёжность отдельно не установлена; R² сохранён без порога
2019-09-21,D1,96,0.6281007960792446,-25.646980760443007,-5.409407156993434,26.21124392158193,12.794009327562522,12:48,0.8235107634549128,994,not_assessed,Надёжность отдельно не установлена; R² сохранён без порога
2019-09-21,D2,96,0.652804959525631,0.08467327931392088,-24.270118098265897,24.27026580134638,18.013326131718777,18:01,0.8719338260831297,1010,not_assessed,Надёжность отдельно не установлена; R² сохранён без порога
2019-09-21,D3,96,-0.17164063796588297,9.985047230177566,-8.57522253650398,13.161899928940443,21.289586970414398,21:17,0.6963094708036022,1026,not_assessed,Надёжность отдельно не установлена; R² сохранён без порога
2019-09-22,D1,96,-0.23736695867660731,-20.011606382617323,-4.135734523838515,20.434497548618126,12.7784496533458,12:47,0.7344955773842116,994,not_assessed,Надёжность отдельно не установлена; R² сохранён без порога
2019-09-22,D2,96,-0.8008903080603313,-1.324841125482381,-20.289703581243913,20.332911139886278,17.750940340290008,17:45,0.8069190703707,1010,not_assessed,Надёжность отдельно не установлена; R² сохранён без порога
2019-09-22,D3,96,-0.3317901795397275,6.053478072674961,-6.872399499369192,9.15830069692443,20.7583240084454,20:45,0.4783358681527826,1026,not_assessed,Надёжность отдельно не установлена; R² сохранён без порога
2019-09-23,D1,96,0.33523825655935036,-20.571933416189058,-5.883225743041521,21.3966537015418,13.063975704478146,13:04,0.6561052090997522,994,not_assessed,Надёжность отдельно не установлена; R² сохранён без порога
2019-09-23,D2,96,0.5557789011054033,-1.5805155386438656,-20.270701321491128,20.332224704468445,17.702776190126542,17:42,0.7706429754625306,1010,not_assessed,Надёжность отдельно не установлена; R² сохранён без порога
2019-09-23,D3,96,-0.058876856583045395,8.798702242743088,-6.728317150820175,11.076435023890728,21.506337557154133,21:30,0.5262193318300625,1026,not_assessed,Надёжность отдельно не установлена; R² сохранён без порога
2019-09-24,D1,96,-0.16366615418174463,-5.956753664125378,-9.627082893312153,11.320938090537135,15.883524414975415,15:53,0.5643224989917297,994,not_assessed,Надёжность отдельно не установлена; R² сохранён без порога
2019-09-24,D2,96,-1.946791303242633,5.769809278144599,-8.885910694587057,10.594815146020252,20.199767603581613,20:12,0.5023305819199985,1010,not_assessed,Надёжность отдельно не установлена; R² сохранён без порога
2019-09-24,D3,96,-0.8800191975654019,6.003947616875883,0.6909562812201147,6.04357572706317,0.4376618198135075,00:26,0.3194848372999969,1026,not_assessed,Надёжность отдельно не установлена; R² сохранён без порога
2019-09-25,D1,96,0.7832876056488727,-10.782517834107791,-9.876523126327353,14.622188615516201,14.832594896665533,14:50,0.7282178939685657,994,not_assessed,Надёжность отдельно не установлена; R² сохранён без порога
2019-09-25,D2,96,0.6331779531274259,4.438931214256463,-13.025150808358053,13.760765382251483,19.254596787400807,19:15,0.7870225388949357,1010,not_assessed,Надёжность отдельно не установлена; R² сохранён без порога
2019-09-25,D3,96,0.2501059220751348,6.01157155873375,-2.274966786671806,6.427633039170513,22.618119279320904,22:37,0.3773820786045805,1026,not_assessed,Надёжность отдельно не установлена; R² сохранён без порога
2019-09-26,D1,96,-0.5515313974219097,-25.89314408821734,-6.064030478012683,26.593746941930753,12.87872025958609,12:53,0.7635095569836252,994,not_assessed,Надёжность отдельно не установлена; R² сохранён без порога
2019-09-26,D2,96,0.9443814782694988,-1.811084027037701,-20.63518860818347,20.714512648100026,17.665612440876856,17:40,0.7837996481114047,1010,not_assessed,Надёжность отдельно не установлена; R² сохранён без порога
2019-09-26,D3,96,0.9982474562195318,10.229466897051557,-8.744555748005894,13.457683613009205,21.298323960205657,21:18,0.7236085956910123,1026,not_assessed,Надёжность отдельно не установлена; R² сохранён без порога
2019-09-27,D1,96,-0.05342841461866226,-18.92369847181804,-8.403429900340448,20.70565135276416,13.596301901825125,13:36,0.7482426877021473,994,not_assessed,Надёжность отдельно не установлена; R² сохранён без порога
2019-09-27,D2,96,-0.2177549197444211,2.0525222748513556,-18.10945588637419,18.22540096100203,18.4310865622039,18:26,0.8245233413601192,1010,not_assessed,Надёжность отдельно не установлена; R² сохранён без порога
2019-09-27,D3,96,0.016370396526471202,8.55444275071628,-6.859272192763566,10.964857764225755,21.418403785361782,21:25,0.534025393838847,1026,not_assessed,Надёжность отдельно не установлена; R² сохранён без порога
2019-09-28,D1,96,0.0027042382357083425,-23.693772995109068,-6.599203636807561,24.595616832757294,13.037574314940406,13:02,0.7797200114772662,994,not_assessed,Надёжность отдельно не установлена; R² сохранён без порога
2019-09-28,D2,96,0.6085575221149132,0.4216506443744006,-22.234693244980537,22.238690900416877,18.072427075165578,18:04,0.8553621596245368,1010,not_assessed,Надёжность отдельно не установлена; R² сохранён без порога
2019-09-28,D3,96,-0.2768137075249347,8.547898847360146,-8.200392343183958,11.845379237780909,21.079243107243084,21:05,0.6273745428443507,1026,not_assessed,Надёжность отдельно не установлена; R² сохранён без порога
2019-09-29,D1,96,-0.34057059309493853,-19.92350821902943,-3.9829807122626946,20.31773400524748,12.753678247246786,12:45,0.7820579823294435,994,not_assessed,Надёжность отдельно не установлена; R² сохранён без порога
2019-09-29,D2,96,-0.16423356057578226,-0.7461382026663674,-21.619379520710947,21.632251225381378,17.868224375657658,17:52,0.8569649786032607,1010,not_assessed,Надёжность отдельно не установлена; R² сохранён без порога
2019-09-29,D3,96,-0.07508050592997915,8.075830517631132,-6.2427695040340545,10.207409545521328,21.486353299525987,21:29,0.5635436063383861,1026,not_assessed,Надёжность отдельно не установлена; R² сохранён без порога
2019-09-30,D1,96,0.14881189011625515,-20.52690775781453,-5.3974522870423005,21.22466568143594,12.982144407391743,12:59,0.7203819860518637,994,not_assessed,Надёжность отдельно не установлена; R² сохранён без порога
2019-09-30,D2,96,0.1968700664595493,-0.8546729508933453,-22.010667607377727,22.027254807974955,17.851755022462193,17:51,0.886310413427651,1010,not_assessed,Надёжность отдельно не установлена; R² сохранён без порога
2019-09-30,D3,96,0.3374529232304617,10.830132471485058,-7.6614370647196335,13.266099172197336,21.648246784672935,21:39,0.6671958636345241,1026,not_assessed,Надёжность отдельно не установлена; R² сохранён без порога
2019-10-01,D1,96,-0.5358286359147153,-21.95076512546708,-2.8682957438530963,22.137371345027113,12.496308768908975,12:30,0.7795807584635693,994,not_assessed,Надёжность отдельно не установлена; R² сохранён без порога
2019-10-01,D2,96,-0.39660385390791625,-1.8210917369734574,-21.859413994709143,21.93513973756627,17.68251518357835,17:41,0.8188448556896397,1010,not_assessed,Надёжность отдельно не установлена; R² сохранён без порога
2019-10-01,D3,96,-0.14072536684472461,9.66720297218134,-7.776064836944425,12.406530443831395,21.412509349519237,21:25,0.6337072398838098,1026,not_assessed,Надёжность отдельно не установлена; R² сохранён без порога
2019-10-02,D1,96,0.9706183846324282,-20.484438786797917,-4.609464378467482,20.99665197755184,12.84544154480149,12:51,0.8337443850114417,994,not_assessed,Надёжность отдельно не установлена; R² сохранён без порога
2019-10-02,D2,96,0.6837572947687002,0.8254276337588511,-22.15259403098058,22.167966823324353,18.1422606932816,18:09,0.8561136307237044,1010,not_assessed,Надёжность отдельно не установлена; R² сохранён без порога
2019-10-02,D3,96,-0.17670304995411498,11.342077797885029,-8.043607385614324,13.904759924111808,21.64375912069903,21:39,0.7313101750306523,1026,not_assessed,Надёжность отдельно не установлена; R² сохранён без порога
2019-10-03,D1,96,-0.937942388082153,-19.064062609287074,-4.749179394367972,19.646709345096617,12.932573987110773,12:56,0.7508682057547982,994,not_assessed,Надёжность отдельно не установлена; R² сохранён без порога
2019-10-03,D2,96,-1.1939957416256866,-1.3908610574770406,-19.778836786215578,19.82767961958637,17.731836267425024,17:44,0.846360065342943,1010,not_assessed,Надёжность отдельно не установлена; R² сохранён без порога
2019-10-03,D3,96,0.030242724829141407,11.423176519966061,-7.236706374717837,13.522532342730251,21.843019832656886,21:51,0.5669531025209305,1026,not_assessed,Надёжность отдельно не установлена; R² сохранён без порога
2019-10-04,D1,96,0.3548947444495642,-21.281461585852245,-2.8031204669710537,21.465276415235298,12.500240450925393,12:30,0.7515229749143192,994,not_assessed,Надёжность отдельно не установлена; R² сохранён без порога
2019-10-04,D2,96,0.7661007433403623,-0.4732144799582203,-20.408936587604085,20.41442197518428,17.91144946041021,17:55,0.8188658419429327,1010,not_assessed,Надёжность отдельно не установлена; R² сохранён без порога
2019-10-04,D3,96,0.38017940743207307,9.123890970902163,-8.781189105883076,12.663122385975335,21.073100197339745,21:04,0.6457320733251578,1026,not_assessed,Надёжность отдельно не установлена; R² сохранён без порога
2019-10-05,D1,96,0.0417212400493042,-19.31856264651875,-4.719962764306869,19.886802438399013,12.91531228275865,12:55,0.7563129750094034,994,not_assessed,Надёжность отдельно не установлена; R² сохранён без порога
2019-10-05,D2,96,-0.14338333248934595,-0.6297496872940229,-20.602519673427693,20.61214209058879,17.883280398930946,17:53,0.8527526394710971,1010,not_assessed,Надёжность отдельно не установлена; R² сохранён без порога
2019-10-05,D3,96,-0.31594080070157415,8.210386739503896,-7.909770899303982,11.400654634348747,21.07122354949189,21:04,0.6457217584917594,1026,not_assessed,Надёжность отдельно не установлена; R² сохранён без порога
2019-10-06,D1,96,0.19627683942597526,-19.218327260774934,-5.68250943513347,20.040833719748935,13.09813259894859,13:06,0.7556166137364724,994,not_assessed,Надёжность отдельно не установлена; R² сохранён без порога
2019-10-06,D2,96,-0.0581620618460476,-1.410047667313708,-21.14910762526454,21.196060666291736,17.74570907615338,17:45,0.8430922908083043,1010,not_assessed,Надёжность отдельно не установлена; R² сохранён без порога
2019-10-06,D3,96,0.26399780406016776,9.294548533929742,-8.642285059714148,12.691639905974872,21.138840871131016,21:08,0.5767456447713064,1026,not_assessed,Надёжность отдельно не установлена; R² сохранён без порога
2019-10-07,D1,96,-0.37641597467613186,-19.30027275831987,-4.644928674555388,19.85134481432558,12.902122297695568,12:54,0.7554211715947421,994,not_assessed,Надёжность отдельно не установлена; R² сохранён без порога
2019-10-07,D2,96,0.10089113734747869,-0.6998578562089364,-21.34405898645042,21.355529846762696,17.874798759245593,17:52,0.846386684001338,1010,not_assessed,Надёжность отдельно не установлена; R² сохранён без порога
2019-10-07,D3,96,0.10291316550291946,10.50436738898781,-8.694139750689807,13.63560780630461,21.359099656224775,21:22,0.6105814718833833,1026,not_assessed,Надёжность отдельно не установлена; R² сохранён без порога
2019-10-08,D1,96,0.1212290414411756,-17.589121590831166,-3.327642864555722,17.90112860607039,12.714202165890931,12:43,0.7197567589609147,994,not_assessed,Надёжность отдельно не установлена; R² сохранён без порога
2019-10-08,D2,96,-0.2851800023947324,-0.4178694816384727,-18.73208153403437,18.73674180591162,17.91480502809289,17:55,0.779086365308185,1010,not_assessed,Надёжность отдельно не установлена; R² сохранён без порога
2019-10-08,D3,96,-0.34526950544898255,7.780075928388172,-6.216512579246474,9.958644993141121,21.4249401892175,21:25,0.4964768935051944,1026,not_assessed,Надёжность отдельно не установлена; R² сохранён без порога
2019-10-09,D1,96,-0.2535394419421991,-20.02925962204386,-2.637188022631104,20.20212864214921,12.50005360695016,12:30,0.7702880204229562,994,not_assessed,Надёжность отдельно не установлена; R² сохранён без порога
2019-10-09,D2,96,0.21685544930684117,-0.6579755726123508,-17.974460216987403,17.986499157596437,17.860237257751937,17:52,0.7956949611192977,1010,not_assessed,Надёжность отдельно не установлена; R² сохранён без порога
2019-10-09,D3,96,0.43359676133865294,9.351946879172214,-7.40878010478681,11.931007211126133,21.440873546942026,21:26,0.6093787590011666,1026,not_assessed,Надёжность отдельно не установлена; R² сохранён без порога
2019-10-10,D1,96,0.3996972026093667,-16.10070544226894,-4.751325941384263,16.787132391804732,13.096090358753504,13:06,0.7030316605000285,994,not_assessed,Надёжность отдельно не установлена; R² сохранён без порога
2019-10-10,D2,96,-0.03831518592091904,-0.7390882711149409,-19.881648579291337,19.895381416372416,17.858069623569804,17:51,0.8170221995072748,1010,not_assessed,Надёжность отдельно не установлена; R² сохранён без порога
2019-10-10,D3,96,-0.4447959069226005,8.487174675266356,-6.880709890141452,10.925946300470864,21.397845124871367,21:24,0.5007419566652087,1026,not_assessed,Надёжность отдельно не установлена; R² сохранён без порога
2019-10-11,D1,96,0.15808356925367403,-16.391173125177566,-7.1611499171843125,17.887219587066408,13.57333772846029,13:34,0.7249063248540122,994,not_assessed,Надёжность отдельно не установлена; R² сохранён без порога
2019-10-11,D2,96,-0.017286672308765887,1.6530474863827784,-19.248262380356934,19.3191141270841,18.327235842541242,18:20,0.8224007585330815,1010,not_assessed,Надёжность отдельно не установлена; R² сохранён без порога
2019-10-11,D3,96,0.02963914856700169,10.099289360601336,-5.221686178720765,11.369329449804804,22.177296891859474,22:11,0.5157075070270581,1026,not_assessed,Надёжность отдельно не установлена; R² сохранён без порога
2019-10-12,D1,96,-0.35083934985656906,-18.665231292002936,-5.069268428021905,19.34136348811286,13.012959285287433,13:01,0.7510909912032606,994,not_assessed,Надёжность отдельно не установлена; R² сохранён без порога
2019-10-12,D2,96,-0.2422322990192663,0.7234025838884435,-17.93780750172374,17.952388400078497,18.153959606846342,18:09,0.8041410503258889,1010,not_assessed,Надёжность отдельно не установлена; R² сохранён без порога
2019-10-12,D3,96,-0.015070941620424837,8.24839733572974,-7.227183846257125,10.966687966550039,21.251693358034377,21:15,0.5187439723110332,1026,not_assessed,Надёжность отдельно не установлена; R² сохранён без порога
2019-10-13,D1,96,0.1537773254471729,-17.044597679244543,-5.114510279056475,17.79540742556581,13.113515470532942,13:07,0.7187943215078498,994,not_assessed,Надёжность отдельно не установлена; R² сохранён без порога
2019-10-13,D2,96,0.031863505612529285,-0.8695106450656738,-18.085269004281,18.10615927575723,17.816495376972398,17:49,0.7919927557460689,1010,not_assessed,Надёжность отдельно не установлена; R² сохранён без порога
2019-10-13,D3,96,-0.3478099439992341,8.202220577164034,-6.0569505266920896,10.196228326162998,21.570392819727616,21:34,0.5974772694613937,1026,not_assessed,Надёжность отдельно не установлена; R² сохранён без порога
2019-10-14,D1,96,0.9544799659562401,-12.284434052608917,-6.022603811391966,13.681340455594642,13.74113368117467,13:44,0.5535217830950061,994,not_assessed,Надёжность отдельно не установлена; R² сохранён без порога
2019-10-14,D2,96,-0.3340978874490459,-2.0469435369033526,-16.909395862923773,17.03284022975423,17.539848210182992,17:32,0.8197832996293108,1010,not_assessed,Надёжность отдельно не установлена; R² сохранён без порога
2019-10-14,D3,96,0.01436991817541369,6.907510273887858,-6.88469968130048,9.752578524962782,21.006317331769466,21:00,0.46301952687872006,1026,not_assessed,Надёжность отдельно не установлена; R² сохранён без порога
2019-10-15,D1,96,-0.37817909941563194,44.00987549783692,25.194394353109182,50.71120830896348,1.9859934968540212,01:59,0.5511880846704753,994,not_assessed,Надёжность отдельно не установлена; R² сохранён без порога
2019-10-15,D2,96,-1.8241928869848725,9.493736421228649,18.632063352279197,20.911356149210143,4.199963223160393,04:12,0.5500865778397087,1010,not_assessed,Надёжность отдельно не установлена; R² сохранён без порога
2019-10-15,D3,96,-1.3203288483568694,4.827460630316292,21.415079831908383,21.9524490739476,5.15310181157105,05:09,0.6582225217715214,1026,not_assessed,Надёжность отдельно не установлена; R² сохранён без порога
2019-10-16,D1,96,2.6027706476193666,-16.643270848706123,-34.27161361906833,38.099107136494695,16.273164736410116,16:16,0.8095460120447324,994,not_assessed,Надёжность отдельно не установлена; R² сохранён без порога
2019-10-16,D2,96,1.5213879500638967,10.124747445704699,-15.698652952741952,18.680423318809922,20.187982553827144,20:11,0.7817667788547821,1010,not_assessed,Надёжность отдельно не установлена; R² сохранён без порога
2019-10-16,D3,96,0.8548017529399514,8.137005207404341,-0.30862858878360067,8.142856092989726,23.85519125089552,23:51,0.40246716399077076,1026,not_assessed,Надёжность отдельно не установлена; R² сохранён без порога
2019-10-17,D1,96,0.8445178668190567,-24.846509386072213,-31.94905943049286,40.47334217933255,15.475206628937608,15:29,0.8437952562137947,994,not_assessed,Надёжность отдельно не установлена; R² сохранён без порога
2019-10-17,D2,96,0.9617631336425284,5.857161685003598,-20.14372904909572,20.977992349308764,19.080851076698128,19:05,0.8549590686642068,1010,not_assessed,Надёжность отдельно не установлена; R² сохранён без порога
2019-10-17,D3,96,0.4129604066157842,8.154676367423596,-3.6175433836169635,8.92106309751073,22.405144602997083,22:24,0.5018900855461699,1026,not_assessed,Надёжность отдельно не установлена; R² сохранён без порога
2019-10-18,D1,96,-0.735393574895144,-18.06016686500297,-28.98849071736531,34.15409523413738,15.87177424942737,15:52,0.8649984321469157,994,not_assessed,Надёжность отдельно не установлена; R² сохранён без порога
2019-10-18,D2,96,-0.11626283954203684,7.682841837689512,-17.20182681909154,18.839556911375844,19.604462925626578,19:36,0.8501927820325914,1010,not_assessed,Надёжность отдельно не установлена; R² сохранён без порога
2019-10-18,D3,96,-0.323465360087479,7.988587521705361,-0.676392555520807,8.017171413978284,23.677354518112256,23:41,0.41793487803637164,1026,not_assessed,Надёжность отдельно не установлена; R² сохранён без порога
2019-10-19,D1,96,0.8633207572225541,-27.019730877261175,-33.407318364237995,42.966437797066376,15.40227867973621,15:24,0.8617643204991827,994,not_assessed,Надёжность отдельно не установлена; R² сохранён без порога
2019-10-19,D2,96,0.6436392829347021,6.669143353782875,-23.515670947962594,24.443081908919716,19.05557065648076,19:03,0.882449158815377,1010,not_assessed,Надёжность отдельно не установлена; R² сохранён без порога
2019-10-19,D3,96,0.057578512743837705,9.945211516407873,-1.911883613338981,10.127316083595195,23.27454156145129,23:16,0.5963437579790827,1026,not_assessed,Надёжность отдельно не установлена; R² сохранён без порога
2019-10-20,D1,96,-0.6740374708095953,-27.97577479273076,-31.962031158593874,42.476056914884595,15.253662734272071,15:15,0.8677535351573089,994,not_assessed,Надёжность отдельно не установлена; R² сохранён без порога
2019-10-20,D2,96,-0.33154660267245933,5.263387869336476,-22.259806348713248,22.87361428688726,18.886892986940232,18:53,0.885486529812709,1010,not_assessed,Надёжность отдельно не установлена; R² сохранён без порога
2019-10-20,D3,96,0.2481712177646703,9.197212031222936,-2.765591325732494,9.604020227396376,22.88426842881111,22:53,0.4879649471422959,1026,not_assessed,Надёжность отдельно не установлена; R² сохранён без порога
2019-10-21,D1,96,-0.47888995246920524,-27.965930323449182,-31.861079492430775,42.39365100199566,15.248339413070969,15:15,0.8682979690681374,994,not_assessed,Надёжность отдельно не установлена; R² сохранён без порога
2019-10-21,D2,96,-0.3560374442947686,6.355753701655505,-22.19899347134784,23.09092714156475,19.06512341006666,19:04,0.85609721387026,1010,not_assessed,Надёжность отдельно не установлена; R² сохранён без порога
2019-10-21,D3,96,-0.49656192821941697,9.359606428493663,-3.830867721336312,10.113247747122404,22.516054345029925,22:31,0.6122676291338465,1026,not_assessed,Надёжность отдельно не установлена; R² сохранён без порога
2019-10-22,D1,96,-1.3991402114654279,-21.863212495173116,-28.829628817596603,36.18214419253633,15.521653762972145,15:31,0.8250674181856745,994,not_assessed,Надёжность отдельно не установлена; R² сохранён без порога
2019-10-22,D2,96,-0.9831779394158224,5.6924710007146695,-21.54689030626625,22.28615507359329,18.98658994666232,18:59,0.8637244477648826,1010,not_assessed,Надёжность отдельно не установлена; R² сохранён без порога
2019-10-22,D3,96,-0.3671889687164058,10.164455325067948,-3.15247895156188,10.642099209993432,22.85125742935243,22:51,0.5401578758657377,1026,not_assessed,Надёжность отдельно не установлена; R² сохранён без порога
2019-10-23,D1,96,-0.2980024102685305,-22.568411654775915,-21.663638174420438,31.283325008247314,14.921877953938598,14:55,0.810326017723784,994,not_assessed,Надёжность отдельно не установлена; R² сохранён без порога
2019-10-23,D2,96,0.8464622650187653,4.929970313560599,-22.0046957873652,22.550193879146065,18.841874271595564,18:51,0.8522760947535332,1010,not_assessed,Надёжность отдельно не установлена; R² сохранён без порога
2019-10-23,D3,96,0.3565114850867363,9.725269875374613,-4.57759940411603,10.748734365190739,22.319602966031404,22:19,0.583190523871843,1026,not_assessed,Надёжность отдельно не установлена; R² сохранён без порога
2019-10-24,D1,96,-0.553550216943533,-24.688825710130022,-13.714363446540998,28.2422003337027,13.936778430530405,13:56,0.7486667411736889,994,not_assessed,Надёжность отдельно не установлена; R² сохранён без порога
2019-10-24,D2,96,0.8371253460248311,3.807891466455157,-22.74442395471049,23.06098129854648,18.633624157113488,18:38,0.8134871047324164,1010,not_assessed,Надёжность отдельно не установлена; R² сохранён без порога
2019-10-24,D3,96,0.6641947562681481,10.632803369647915,-3.843854435696679,11.306269252959664,22.674974611319886,22:40,0.633846560894924,1026,not_assessed,Надёжность отдельно не установлена; R² сохранён без порога
2019-10-25,D1,96,0.2256919791923158,-29.73701772335922,-12.265287039192238,32.167180312131144,13.49427450662297,13:30,0.8096563496317928,994,not_assessed,Надёжность отдельно не установлена; R² сохранён без порога
2019-10-25,D2,96,-0.1654356925643283,-0.40580452908429976,-24.84112085978056,24.84443524989148,17.937606629468537,17:56,0.8775379541865316,1010,not_assessed,Надёжность отдельно не установлена; R² сохранён без порога
2019-10-25,D3,96,-0.014974807417614313,9.7339490845714,-5.827771399537211,11.345161271057027,21.93938665982508,21:56,0.5895579233888569,1026,not_assessed,Надёжность отдельно не установлена; R² сохранён без порога
2019-10-26,D1,96,-0.06862358594306002,-26.788791481319713,-14.710631686201204,30.562101263438915,13.918178521031809,13:55,0.8138989027796832,994,not_assessed,Надёжность отдельно не установлена; R² сохранён без порога
2019-10-26,D2,96,-0.4166487083332871,1.1503171202180162,-24.26663540492944,24.293884484636077,18.180931595008094,18:11,0.8553121796999055,1010,not_assessed,Надёжность отдельно не установлена; R² сохранён без порога
2019-10-26,D3,96,-0.3309258291953096,8.254860856706916,-6.535086357876453,10.5285365302351,21.442171003299023,21:27,0.5110684999378783,1026,not_assessed,Надёжность отдельно не установлена; R² сохранён без порога
2019-10-27,D1,96,-0.25237743481133773,-25.440480000463594,-7.1817387189479,26.434738388741877,13.050943083320568,13:03,0.7841657728876785,994,not_assessed,Надёжность отдельно не установлена; R² сохранён без порога
2019-10-27,D2,96,0.17093871230518182,-1.4651812064881238,-21.06592983097402,21.11682162664086,17.734757420584405,17:44,0.8480149785265649,1010,not_assessed,Надёжность отдельно не установлена; R² сохранён без порога
2019-10-27,D3,96,0.21257292135622025,8.923621941701263,-3.9504701309925108,9.75895705566308,22.408074716525395,22:24,0.5430540218645401,1026,not_assessed,Надёжность отдельно не установлена; R² сохранён без порога
2019-10-28,D1,96,0.7714919127230918,-23.129083401025255,-11.213876074008233,25.70419256803832,13.724393704549469,13:43,0.7803979711564127,994,not_assessed,Надёжность отдельно не установлена; R² сохранён без порога
2019-10-28,D2,96,0.22762273093531105,0.9482681519696108,-21.10050457214602,21.121801667641776,18.171544808120537,18:10,0.8421855877013699,1010,not_assessed,Надёжность отдельно не установлена; R² сохранён без порога
2019-10-28,D3,96,0.4191879873577993,9.372758698295865,-5.962166723597401,11.108376913683339,21.835925745319475,21:50,0.5317171760078327,1026,not_assessed,Надёжность отдельно не установлена; R² сохранён без порога
2019-10-29,D1,96,0.6839738401478532,27.059203065374987,28.196554458616212,39.07999685095828,3.078611698154119,03:05,0.4871498977913652,994,not_assessed,Надёжность отдельно не установлена; R² сохранён без порога
2019-10-29,D2,96,-2.7490197824432676,7.661957106677047,25.246999378493342,26.38402100367194,4.874534010361021,04:52,0.5276553137779711,1010,not_assessed,Надёжность отдельно не установлена; R² сохранён без порога
2019-10-29,D3,96,-0.7515835428375189,-0.008559717130740552,19.091082833376348,19.091084752302432,6.001712616781471,06:00,0.7312432901224126,1026,not_assessed,Надёжность отдельно не установлена; R² сохранён без порога
2019-10-30,D1,96,-0.3889299689573963,-7.514590754114146,-23.034796096904927,24.22954612508877,16.795482297293916,16:48,0.8035573349341512,994,not_assessed,Надёжность отдельно не установлена; R² сохранён без порога
2019-10-30,D2,96,0.5053651079319814,6.821844926930016,-7.880974470725021,10.423402842416689,20.72531793125913,20:44,0.6041146288503763,1010,not_assessed,Надёжность отдельно не установлена; R² сохранён без порога
2019-10-30,D3,96,-0.398060761440701,4.088927727062321,0.9838875932630032,4.205634881122696,0.901963138729046,00:54,0.17639777801541845,1026,not_assessed,Надёжность отдельно не установлена; R² сохранён без порога
2019-10-31,D1,96,0.7889442668477183,-15.643390996793908,-25.234767180258387,29.690219879960782,15.880309166165992,15:53,0.8490552712872226,994,not_assessed,Надёжность отдельно не установлена; R² сохранён без порога
2019-10-31,D2,96,0.10724029347187122,7.036704139000511,-11.690319207941,13.644734087675774,20.069654529752288,20:04,0.7561611539697782,1010,not_assessed,Надёжность отдельно не установлена; R² сохранён без порога
2019-10-31,D3,96,-0.38583365591721214,4.848529328942543,-0.08035914514149622,4.8491952163038246,23.93669807850338,23:56,0.2369886127756612,1026,not_assessed,Надёжность отдельно не установлена; R² сохранён без порога
2019-11-01,D1,96,0.6799748633751266,-18.988280174769905,-30.04334910177242,35.54092864918599,15.847060629699591,15:51,0.8506162359768179,994,not_assessed,Надёжность отдельно не установлена; R² сохранён без порога
2019-11-01,D2,96,0.7752420281275221,8.660038188521817,-14.813620715823783,17.159242994343888,20.020702890448735,20:01,0.801237502292552,1010,not_assessed,Надёжность отдельно не установлена; R² сохранён без порога
2019-11-01,D3,96,0.030617321313496648,7.105043954749172,0.4932172902298291,7.1221424370971,0.2647321886686706,00:16,0.38941495663365844,1026,not_assessed,Надёжность отдельно не установлена; R² сохранён без порога
2019-11-02,D1,96,-0.14573667216704977,-20.179517158674763,-28.285047045291584,34.74560114765044,15.632976306556992,15:38,0.8415588659348493,994,not_assessed,Надёжность отдельно не установлена; R² сохранён без порога
2019-11-02,D2,96,-0.15229921799932494,7.176088021790335,-15.261409606603829,16.864366649151766,19.67889614758858,19:41,0.8163815945555534,1010,not_assessed,Надёжность отдельно не установлена; R² сохранён без порога
2019-11-02,D3,96,0.2313295584791893,6.6262525293693315,-1.5196840061725752,6.798283758537164,23.13886652092789,23:08,0.3971750679234983,1026,not_assessed,Надёжность отдельно не установлена; R² сохранён без порога
2019-11-03,D1,96,-1.242669364218454,-18.318579093871463,-20.327595288258337,27.36387162339509,15.198388979205859,15:12,0.8324307447787314,994,not_assessed,Надёжность отдельно не установлена; R² сохранён без порога
2019-11-03,D2,96,-0.05525024837751293,4.400426511448548,-12.42271482068564,13.179059033130624,19.300358577993478,19:18,0.7688121750810388,1010,not_assessed,Надёжность отдельно не установлена; R² сохранён без порога
2019-11-03,D3,96,0.43638370428012935,5.2701299339418,-1.0678795588130519,5.377233142868195,23.23635470720871,23:14,0.2656461000454521,1026,not_assessed,Надёжность отдельно не установлена; R² сохранён без порога
2019-11-04,D1,96,-0.06621043273078507,-20.538792025882458,-19.08456255146674,28.0368062671785,14.859874171753434,14:52,0.797280621913641,994,not_assessed,Надёжность отдельно не установлена; R² сохранён без порога
2019-11-04,D2,96,0.08514058881759363,3.2983403186445575,-14.141126712272209,14.520692598844413,18.875279756641774,18:53,0.811189422285681,1010,not_assessed,Надёжность отдельно не установлена; R² сохранён без порога
2019-11-04,D3,96,-0.5228702524754106,3.6584116720554176,-1.5550759792335214,3.9752027952571694,22.46474521525546,22:28,0.15644902111272085,1026,not_assessed,Надёжность отдельно не установлена; R² сохранён без порога
2019-11-05,D1,96,-0.36240279553306537,-21.506450167365863,-18.123467887345047,28.124499765596155,14.674720775026465,14:40,0.7836561795739858,994,not_assessed,Надёжность отдельно не установлена; R² сохранён без порога
2019-11-05,D2,96,-0.2709239510756286,2.6192128904874856,-15.009334482032672,15.236154296909401,18.65991718652964,18:40,0.7255469558961032,1010,not_assessed,Надёжность отдельно не установлена; R² сохранён без порога
2019-11-05,D3,96,0.5282535723792355,4.865978469843514,-2.207034440289476,5.343102796091846,22.37350995186274,22:22,0.24100769976304126,1026,not_assessed,Надёжность отдельно не установлена; R² сохранён без порога
2019-11-06,D1,96,0.13065180833656287,-14.62942331187841,-15.808202395426573,21.53878569959091,15.147855008280454,15:09,0.8132131690192923,994,not_assessed,Надёжность отдельно не установлена; R² сохранён без порога
2019-11-06,D2,96,-0.1367876687549039,1.6797719360664072,-10.748458761866166,10.878924556808629,18.592156775031143,18:36,0.6609365116039014,1010,not_assessed,Надёжность отдельно не установлена; R² сохранён без порога
2019-11-06,D3,96,0.08588266345381704,3.70717284939016,-2.9538953802286434,4.740108485318841,21.430131563545626,21:26,0.24001332187172375,1026,not_assessed,Надёжность отдельно не установлена; R² сохранён без порога
2019-11-09,D1,96,0.012283535082345247,-16.93163455409798,-14.157432790712274,22.070640042759518,14.66005163127012,14:40,0.7420564305864222,994,not_assessed,Надёжность отдельно не установлена; R² сохранён без порога
2019-11-09,D2,96,-0.5273181032555777,0.08458471053544958,-12.344152719073271,12.344442511715966,18.02617309959163,18:02,0.6574076630513647,1010,not_assessed,Надёжность отдельно не установлена; R² сохранён без порога
2019-11-09,D3,96,-0.36573551542678767,3.1022774143365885,-2.4188148697691307,3.9338010282320033,21.470454110278258,21:28,0.12750149653535237,1026,not_assessed,Надёжность отдельно не установлена; R² сохранён без порога
2019-11-10,D1,96,0.09219003129596023,-17.251891176335544,-16.997726927195398,24.21880405494102,14.971654629992235,14:58,0.6616574942605535,994,not_assessed,Надёжность отдельно не установлена; R² сохранён без порога
2019-11-10,D2,96,0.612883420697721,2.0052809205133055,-14.22430161133216,14.364954155872597,18.534962136858603,18:32,0.6876036551984273,1010,not_assessed,Надёжность отдельно не установлена; R² сохранён без порога
2019-11-10,D3,96,0.011274421257418945,5.968822711763943,-2.2863192843009172,6.391721241906231,22.60273214078781,22:36,0.3198674955311772,1026,not_assessed,Надёжность отдельно не установлена; R² сохранён без порога
2019-11-11,D1,96,0.6409920005893188,-15.929578127463195,-17.866113759573988,23.936363136220024,15.218635597085482,15:13,0.7276509465112262,994,not_assessed,Надёжность отдельно не установлена; R² сохранён без порога
2019-11-11,D2,96,-0.1836078129106015,1.6150486399168145,-14.58743238296347,14.676565185247822,18.42118507859317,18:25,0.7035023407229519,1010,not_assessed,Надёжность отдельно не установлена; R² сохранён без порога
2019-11-11,D3,96,-0.24927487297617812,4.989769885685721,-1.4120800262968762,5.1857278672104155,22.946583408888845,22:57,0.2605641487325444,1026,not_assessed,Надёжность отдельно не установлена; R² сохранён без порога
2019-11-12,D1,96,-0.9889708336999613,21.90334631848536,21.253834971657973,30.520191364897727,2.942517948705194,02:57,0.5565121214479448,994,not_assessed,Надёжность отдельно не установлена; R² сохранён без порога
2019-11-12,D2,96,-1.5284611515563815,7.910694153516035,23.125788825187602,24.441382750933805,4.741039875713885,04:44,0.6532714473513044,1010,not_assessed,Надёжность отдельно не установлена; R² сохранён без порога
2019-11-12,D3,96,0.5330046622030414,2.913583832986136,13.79808036861876,14.102339969334897,5.205110311823081,05:12,0.5936614686692964,1026,not_assessed,Надёжность отдельно не установлена; R² сохранён без порога
2019-11-13,D1,96,0.948333035047483,-8.144138742206053,-22.80661442837605,24.217114971377416,16.689905588511643,16:41,0.778672338863597,994,not_assessed,Надёжность отдельно не установлена; R² сохранён без порога
2019-11-13,D2,96,0.5159046148482598,7.1228871892586625,-6.354183126312476,9.545216870957901,21.217633001297546,21:13,0.5662454571148583,1010,not_assessed,Надёжность отдельно не установлена; R² сохранён без порога
2019-11-13,D3,96,-0.3809832087974714,4.170168405937358,0.19196346913452045,4.174584351448691,0.175707336261387,00:11,0.1824523737140562,1026,not_assessed,Надёжность отдельно не установлена; R² сохранён без порога
2019-11-14,D1,96,0.6501378470460779,-12.973902851601245,-26.968467552459117,29.926917604905906,16.28725828180523,16:17,0.8333680328242825,994,not_assessed,Надёжность отдельно не установлена; R² сохранён без порога
2019-11-14,D2,96,0.2353669374560625,6.328439863785636,-9.869084749817786,11.72382125881477,20.177971149140934,20:11,0.6916773976077448,1010,not_assessed,Надёжность отдельно не установлена; R² сохранён без порога
2019-11-14,D3,96,-0.1986158222190809,2.244848839661122,0.4028903079998789,2.2807163158113557,0.6783158284243654,00:41,0.0969758892978142,1026,not_assessed,Надёжность отдельно не установлена; R² сохранён без порога
2019-11-15,D1,96,-0.7085038400685969,-12.091461581402555,-20.3324678073356,23.656134306155614,15.95070571473612,15:57,0.7452046202141402,994,not_assessed,Надёжность отдельно не установлена; R² сохранён без порога
2019-11-15,D2,96,0.4570605396222926,5.188486585621556,-9.54031016919187,10.85992224528153,19.90263380561121,19:54,0.6188815818819954,1010,not_assessed,Надёжность отдельно не установлена; R² сохранён без порога
2019-11-15,D3,96,-0.16431194104471883,3.3548571271160137,-0.6720460952035245,3.4215073136615413,23.244828054981156,23:15,0.12484391505005443,1026,not_assessed,Надёжность отдельно не установлена; R² сохранён без порога
2019-11-16,D1,96,0.2675408935390505,-6.309298676589263,-20.725083868373023,21.664172062220764,16.871218375377897,16:52,0.7080438348521922,994,not_assessed,Надёжность отдельно не установлена; R² сохранён без порога
2019-11-16,D2,96,-0.09554390091933614,4.978505636387814,-7.568537157974253,9.05915410417453,20.222433742693926,20:13,0.49301172951554384,1010,not_assessed,Надёжность отдельно не установлена; R² сохранён без порога
2019-11-16,D3,96,0.16881280147347827,3.981473755096527,2.117708152724729,4.509636469011579,1.8672058831765954,01:52,0.16243584757616747,1026,not_assessed,Надёжность отдельно не установлена; R² сохранён без порога
2019-11-17,D1,96,-0.31418716029847615,-13.334302586714873,-19.01855491234974,23.227334251440336,15.664327166201684,15:40,0.7939693413264566,994,not_assessed,Надёжность отдельно не установлена; R² сохранён без порога
2019-11-17,D2,96,-0.16203097072637657,3.8291251963195556,-8.421161065633319,9.250846094408217,19.630094937528646,19:38,0.591438238179416,1010,not_assessed,Надёжность отдельно не установлена; R² сохранён без порога
2019-11-17,D3,96,0.27467009159932887,4.989895717554726,-0.09053231892510993,4.990716919726157,23.930705956778105,23:56,0.2964848674702979,1026,not_assessed,Надёжность отдельно не установлена; R² сохранён без порога
2019-11-18,D1,96,0.39207648214949153,-16.05767992228592,-23.284066454572674,28.284215300190684,15.693880432871344,15:42,0.758655671984965,994,not_assessed,Надёжность отдельно не установлена; R² сохранён без порога
2019-11-18,D2,96,0.9142752629288828,4.762468406558892,-13.398073651498205,14.219334826019184,19.30454826702554,19:18,0.760478342842648,1010,not_assessed,Надёжность отдельно не установлена; R² сохранён без порога
2019-11-18,D3,96,0.057531263913582195,4.51312503220042,-0.7532814100286496,4.575557937450775,23.368277742690214,23:22,0.19417360290381136,1026,not_assessed,Надёжность отдельно не установлена; R² сохранён без порога
2019-11-19,D1,96,-1.8255067452644007,-11.13377076159312,-8.435767395125975,13.968644276248726,14.476683922527332,14:29,0.629295353253236,994,not_assessed,Надёжность отдельно не установлена; R² сохранён без порога
2019-11-19,D2,96,-1.0644243643350626,0.8945239003745176,-7.506891913333179,7.559999947540232,18.453022898866863,18:27,0.5094842317368815,1010,not_assessed,Надёжность отдельно не установлена; R² сохранён без порога
2019-11-19,D3,96,0.21054706793009906,3.3303509369055235,0.05368641284213593,3.3307836305997656,0.06156985702281553,00:04,0.15600266837034904,1026,not_assessed,Надёжность отдельно не установлена; R² сохранён без порога
2019-11-20,D1,96,0.740667117918762,-4.81437135626768,-9.713145370941572,10.840819367238547,16.24229627047903,16:15,0.5879919939107313,994,not_assessed,Надёжность отдельно не установлена; R² сохранён без порога
2019-11-20,D2,96,0.07483640252372332,2.200651112591747,-5.355551766253007,5.790060452220425,19.48921753327477,19:29,0.40288357838094346,1010,not_assessed,Надёжность отдельно не установлена; R² сохранён без порога
2019-11-20,D3,96,-0.2920825778143716,1.1756477290696992,0.4967962184142588,1.2763048481837906,1.5271716637992507,01:32,0.03162424070684988,1026,not_assessed,Надёжность отдельно не установлена; R² сохранён без порога
2019-11-21,D1,96,-0.26957211703958,-10.909414827331828,-9.903084539407772,14.733852696069171,14.815451903005977,14:49,0.5960517233873746,994,not_assessed,Надёжность отдельно не установлена; R² сохранён без порога
2019-11-21,D2,96,-0.10554363367344781,1.5416079533935827,-6.154358258669679,6.34450003215557,18.93751253356834,18:56,0.47213641697827546,1010,not_assessed,Надёжность отдельно не установлена; R² сохранён без порога
2019-11-21,D3,96,-0.02370942766390857,1.7895409548160814,-0.09131391911634834,1.791869152808999,23.80526221999606,23:48,0.04077866083564197,1026,not_assessed,Надёжность отдельно не установлена; R² сохранён без порога
2019-11-22,D1,96,1.81227985032653,-14.75485412584391,-20.42691150347923,25.198500626940188,15.610566953165042,15:37,0.8069306638067233,994,not_assessed,Надёжность отдельно не установлена; R² сохранён без порога
2019-11-22,D2,96,0.8022716943185678,4.85908690245882,-11.216018808593516,12.223330292533634,19.561572242305452,19:34,0.721764478439642,1010,not_assessed,Надёжность отдельно не установлена; R² сохранён без порога
2019-11-22,D3,96,-0.26614828458019557,2.3026916424564714,-0.21642222680436118,2.3128396789431473,23.642049032696878,23:39,0.076893147650263,1026,not_assessed,Надёжность отдельно не установлена; R² сохранён без порога
2019-11-23,D1,96,-0.30765195869895523,-16.999723728717644,-23.941475925328717,29.36298479950259,15.641547883919424,15:38,0.8191630211548439,994,not_assessed,Надёжность отдельно не установлена; R² сохранён без порога
2019-11-23,D2,96,-0.14986824021917916,4.09577941262287,-12.788103448750293,13.427993104436883,19.183949732653275,19:11,0.7523912283767025,1010,not_assessed,Надёжность отдельно не установлена; R² сохранён без порога
2019-11-23,D3,96,0.22857208158422065,4.8518666122303005,0.27263553145134845,4.8595205273653175,0.21441171018882327,00:13,0.2691924009686285,1026,not_assessed,Надёжность отдельно не установлена; R² сохранён без порога
2019-11-24,D1,96,0.24685892888237815,-14.78225749818671,-25.290651587073427,29.293893466752365,15.979595390274477,15:59,0.7708177268842757,994,not_assessed,Надёжность отдельно не установлена; R² сохранён без порога
2019-11-24,D2,96,0.4457465396827222,6.8677231661979246,-12.891180200846208,14.606442019130494,19.869751722923297,19:52,0.7586786572718227,1010,not_assessed,Надёжность отдельно не установлена; R² сохранён без порога
2019-11-24,D3,96,0.15569376175277835,6.401657988328045,-0.03442249322507118,6.401750534624425,23.9794611065057,23:59,0.4031749727362044,1026,not_assessed,Надёжность отдельно не установлена; R² сохранён без порога
2019-11-25,D1,96,-0.9051031374068377,-13.706231825422481,-16.258023767151172,21.26462150299122,15.324508838718865,15:19,0.8018825787926015,994,not_assessed,Надёжность отдельно не установлена; R² сохранён без порога
2019-11-25,D2,96,-0.21370732406123222,3.580775505869429,-10.852328896565048,11.427816751359606,19.217369503023253,19:13,0.7015426237037677,1010,not_assessed,Надёжность отдельно не установлена; R² сохранён без порога
2019-11-25,D3,96,0.3265763322592443,3.705291013347063,-1.5849685429756788,4.030050468147136,22.456052425394947,22:27,0.15091991469430155,1026,not_assessed,Надёжность отдельно не установлена; R² сохранён без порога
2019-11-26,D1,96,0.3459389103483382,-17.922427056051937,-19.226142124458903,26.284176467399462,15.13399659587286,15:08,0.7561913277581405,994,not_assessed,Надёжность отдельно не установлена; R² сохранён без порога
2019-11-26,D2,96,0.4663204236468492,3.5233560577696403,-12.410291209523944,12.900750591148148,19.056637476453762,19:03,0.6560025407960142,1010,not_assessed,Надёжность отдельно не установлена; R² сохранён без порога
2019-11-26,D3,96,-0.17848103534422097,4.88306536381001,-1.9337296844072092,5.252012741758971,22.559738076562308,22:34,0.251003146087303,1026,not_assessed,Надёжность отдельно не установлена; R² сохранён без порога
2019-11-27,D1,96,-1.9070498844405361,-11.581112809887179,-9.95103651098636,15.269096291474375,14.71138140450095,14:43,0.7547085554408088,994,not_assessed,Надёжность отдельно не установлена; R² сохранён без порога
2019-11-27,D2,96,-1.5139374243795025,-0.5730486691166803,-8.517711945316426,8.536966765811059,17.74340630857789,17:45,0.5088719595395217,1010,not_assessed,Надёжность отдельно не установлена; R² сохранён без порога
2019-11-27,D3,96,-0.08570520766095185,3.4602762165523004,-0.4451479779470513,3.4887917990484687,23.51129563167467,23:31,0.15992492101473899,1026,not_assessed,Надёжность отдельно не установлена; R² сохранён без порога
2019-11-28,D1,96,1.013752049451774,-7.14952184989547,-9.875624961586373,12.191949436576605,15.606473385116947,15:36,0.6013982422025117,994,not_assessed,Надёжность отдельно не установлена; R² сохранён без порога
2019-11-28,D2,96,0.38409791281657185,0.9679058259061044,-7.752338331949437,7.81252784320386,18.474449737367145,18:28,0.49944784943257603,1010,not_assessed,Надёжность отдельно не установлена; R² сохранён без порога
2019-11-28,D3,96,-0.38450440587304185,2.4903412053713305,-0.45187745035411053,2.531006232570134,23.314364189308243,23:19,0.0961932223151335,1026,not_assessed,Надёжность отдельно не установлена; R² сохранён без порога
2019-11-29,D1,96,-1.3694181745155023,1.8788172320955714,-5.425261687888765,5.741377759187504,19.273428849082123,19:16,0.2885745551388207,994,not_assessed,Надёжность отдельно не установлена; R² сохранён без порога
2019-11-29,D2,96,-1.084702361088315,1.976587229436395,-0.7585896348073277,2.11715736533876,22.600254528628767,22:36,0.08179310132857653,1010,not_assessed,Надёжность отдельно не установлена; R² сохранён без порога
2019-11-29,D3,96,0.5137272615451859,2.15512571433556,0.9518206639978648,2.355956158548731,1.5885906240020207,01:35,0.06934603065202638,1026,not_assessed,Надёжность отдельно не установлена; R² сохранён без порога
2019-11-30,D1,96,2.220448097797803,-15.1092389916574,-21.16470491415673,26.004496476770132,15.631826386812946,15:38,0.6752996959862023,994,not_assessed,Надёжность отдельно не установлена; R² сохранён без порога
2019-11-30,D2,96,1.494085583265082,5.363507775100457,-11.993267431499618,13.137948064177772,19.60631103287917,19:36,0.6666601272665269,1010,not_assessed,Надёжность отдельно не установлена; R² сохранён без порога
2019-11-30,D3,96,-0.5249976411115083,3.496147219926045,-2.5329073452423403,4.317252019859301,21.605148126288363,21:36,0.20594022207302787,1026,not_assessed,Надёжность отдельно не установлена; R² сохранён без порога
2019-12-01,D1,96,0.7195265960152502,-14.790851926824214,-24.745191783879378,28.828697805176894,15.942141922527957,15:57,0.7448554271340856,994,not_assessed,Надёжность отдельно не установлена; R² сохранён без порога
2019-12-01,D2,96,0.5378514648251933,5.614599556919977,-13.814091605852624,14.911500765498218,19.47458615822877,19:28,0.7674463367004404,1010,not_assessed,Надёжность отдельно не установлена; R² сохранён без порога
2019-12-01,D3,96,0.24144865453162803,5.3205226731833,-1.741097715190923,5.598158873210068,22.791982495384236,22:48,0.2390725676648796,1026,not_assessed,Надёжность отдельно не установлена; R² сохранён без порога
2019-12-02,D1,96,-0.8445580508107318,-16.9341656937426,-21.478798894355695,27.351503974869537,15.449819485177892,15:27,0.7817144775993647,994,not_assessed,Надёжность отдельно не установлена; R² сохранён без порога
2019-12-02,D2,96,-0.5536371404906802,4.45404118878972,-13.33275050104218,14.05705228113191,19.231520571140322,19:14,0.7253113628476675,1010,not_assessed,Надёжность отдельно не установлена; R² сохранён без порога
2019-12-02,D3,96,0.20469346226446813,6.3215603152107,-1.9802479037180287,6.624462738896375,22.840445138409336,22:50,0.36928994223364353,1026,not_assessed,Надёжность отдельно не установлена; R² сохранён без порога
2019-12-03,D1,96,-0.4739962675879781,-17.66828111080431,-18.05538675356332,25.261930809642283,15.041389276496986,15:02,0.7470969807871599,994,not_assessed,Надёжность отдельно не установлена; R² сохранён без порога
2019-12-03,D2,96,-0.03815734423209042,3.128216480305097,-12.26784124557505,12.660397591477324,18.953679180424434,18:57,0.6809904655518768,1010,not_assessed,Надёжность отдельно не установлена; R² сохранён без порога
2019-12-03,D3,96,-0.022610887683966546,5.610131879605666,-2.368026188033213,6.089427537443804,22.474365515452476,22:28,0.2915851263534256,1026,not_assessed,Надёжность отдельно не установлена; R² сохранён без порога
2019-12-04,D1,96,0.3019710892409684,-17.139049005788166,-17.295090547716807,24.348863584909495,15.017309295753202,15:01,0.7480383401420526,994,not_assessed,Надёжность отдельно не установлена; R² сохранён без порога
2019-12-04,D2,96,0.5341474814050476,3.0454766137620624,-12.858476744962315,13.214210230116224,18.8883155605338,18:53,0.7400388541410314,1010,not_assessed,Надёжность отдельно не установлена; R² сохранён без порога
2019-12-04,D3,96,-0.06260379608131729,3.5063072562145763,-2.920056568255557,4.562994733373622,21.347495348786367,21:21,0.19332920562471156,1026,not_assessed,Надёжность отдельно не установлена; R² сохранён без порога
2019-12-05,D1,96,0.49362905924810097,-15.488468757662773,-23.225653083352693,27.91636841720904,15.753460412791032,15:45,0.7297679063681353,994,not_assessed,Надёжность отдельно не установлена; R² сохранён без порога
2019-12-05,D2,96,0.1273094473501729,3.697773617306831,-14.837179938034373,15.291024760900106,18.932957442663955,18:56,0.7484935396652392,1010,not_assessed,Надёжность отдельно не установлена; R² сохранён без порога
2019-12-05,D3,96,0.08539432482883258,6.697434196931418,-1.927306985663102,6.969227865352961,22.92972511904627,22:56,0.332643136002594,1026,not_assessed,Надёжность отдельно не установлена; R² сохранён без порога
2019-12-06,D1,96,-0.9275208624946347,-17.781756094436606,-18.144544515302435,25.405025988371378,15.038570700800404,15:02,0.7621610562766141,994,not_assessed,Надёжность отдельно не установлена; R² сохранён без порога
2019-12-06,D2,96,-0.39360551067005284,2.127691361243512,-15.889239569333817,16.031063739515034,18.50846495403578,18:31,0.7693961645608334,1010,not_assessed,Надёжность отдельно не установлена; R² сохранён без порога
2019-12-06,D3,96,-0.1489268984754313,5.347012750146037,-2.50989891746998,5.906787445485174,22.32363611377451,22:19,0.2994808874290391,1026,not_assessed,Надёжность отдельно не установлена; R² сохранён без порога
2019-12-07,D1,96,-0.24571161468386224,-14.178752203859855,-14.859987254323384,20.53913910701016,15.089592353633712,15:05,0.6449216968253628,994,not_assessed,Надёжность отдельно не установлена; R² сохранён без порога
2019-12-07,D2,96,-0.32961442773744826,0.9464536775757475,-12.499326644929823,12.535108341791437,18.288679639200133,18:17,0.693677644738188,1010,not_assessed,Надёжность отдельно не установлена; R² сохранён без порога
2019-12-07,D3,96,-0.11547513975506557,5.786039344813297,-2.449739385625652,6.283269400337139,22.470185720701657,22:28,0.29377412481292475,1026,not_assessed,Надёжность отдельно не установлена; R² сохранён без порога
2019-12-08,D1,96,-0.7290758818464886,-7.863906691359233,-4.429164202204612,9.025437606038576,13.95929225920475,13:58,0.5862410508034528,994,not_assessed,Надёжность отдельно не установлена; R² сохранён без порога
2019-12-08,D2,96,-0.46244353355794243,-1.3034513910967633,-4.875742698512874,5.046964671072474,17.002193086016135,17:00,0.2795845224728515,1010,not_assessed,Надёжность отдельно не установлена; R² сохранён без порога
2019-12-08,D3,96,0.27412328093928406,3.448892510119355,-2.0871859832703805,4.0312783177446,21.921246158323694,21:55,0.16936490716877584,1026,not_assessed,Надёжность отдельно не установлена; R² сохранён без порога
2019-12-09,D1,96,0.8402726998090556,-4.8987857234761965,-7.303409854393735,8.794196783435638,15.743209288226964,15:45,0.4459821104766216,994,not_assessed,Надёжность отдельно не установлена; R² сохранён без порога
2019-12-09,D2,96,0.4783741145984439,3.5857469018916928,-5.741740244159167,6.76942847482879,20.132332938382405,20:08,0.43179232903180087,1010,not_assessed,Надёжность отдельно не установлена; R² сохранён без порога
2019-12-09,D3,96,-0.023222352812540693,2.350533360980958,-0.22892772500491254,2.361655136627777,23.62915213803705,23:38,0.06385266730115546,1026,not_assessed,Надёжность отдельно не установлена; R² сохранён без порога
2019-12-10,D1,96,1.1369384699298586,-17.72814795128462,-21.46405500523937,27.83869406151406,15.363009104412633,15:22,0.7117101161307451,994,not_assessed,Надёжность отдельно не установлена; R² сохранён без порога
2019-12-10,D2,96,1.1181535927022752,3.7149550353518297,-15.915708035559758,16.343520220193305,18.87589505285272,18:53,0.8385670903880506,1010,not_assessed,Надёжность отдельно не установлена; R² сохранён без порога
2019-12-10,D3,96,0.10908066591950433,6.0949730290006885,-3.147464813100271,6.85968155047668,22.179201047176566,22:11,0.3490311059645339,1026,not_assessed,Надёжность отдельно не установлена; R² сохранён без порога
2019-12-11,D1,96,-0.9123320785247854,-19.848891788038603,-17.67064539750291,26.57499226674501,14.778489825176994,14:47,0.7489568534416129,994,not_assessed,Надёжность отдельно не установлена; R² сохранён без порога
2019-12-11,D2,96,-0.1281946355416299,2.3107979599153285,-16.868965357320025,17.026502266702106,18.52000825540745,18:31,0.755837192047403,1010,not_assessed,Надёжность отдельно не установлена; R² сохранён без порога
2019-12-11,D3,96,-0.0011271246944266429,6.865791218541464,-2.156767402640275,7.196577984409865,22.83738713708094,22:50,0.30874281869090026,1026,not_assessed,Надёжность отдельно не установлена; R² сохранён без порога
2019-12-12,D1,96,0.3242868635067213,-15.92694547385034,-17.096569542450812,23.36579299417973,15.13522994576952,15:08,0.7475676273948879,994,not_assessed,Надёжность отдельно не установлена; R² сохранён без порога
2019-12-12,D2,96,-0.1476991619988307,3.3952590817228554,-17.050141063337076,17.38490996559127,18.75081351970795,18:45,0.7938440590546084,1010,not_assessed,Надёжность отдельно не установлена; R² сохранён без порога
2019-12-12,D3,96,-0.48174423536375083,8.050480091329952,-1.3254375760724084,8.15886110121778,23.376710039816516,23:23,0.4245344897101,1026,not_assessed,Надёжность отдельно не установлена; R² сохранён без порога
2019-12-13,D1,96,-0.8085499296300073,-15.87861140166562,-12.399038063643083,20.146127294067597,14.532333380845246,14:32,0.757892468140779,994,not_assessed,Надёжность отдельно не установлена; R² сохранён без порога
2019-12-13,D2,96,-0.07412237096599228,1.1894036610762218,-14.545962651452982,14.594509602122525,18.31163989929329,18:19,0.7862394204701466,1010,not_assessed,Надёжность отдельно не установлена; R² сохранён без порога
2019-12-13,D3,96,0.7184168576775996,8.29049645122172,-2.5481742055597323,8.67326485180753,22.860974681885914,22:52,0.5408112798616196,1026,not_assessed,Надёжность отдельно не установлена; R² сохранён без порога
2019-12-14,D1,96,-0.07441709078616521,-15.88163777529612,-7.623403393602698,17.616546135020503,13.709442857101852,13:43,0.6800644548061786,994,not_assessed,Надёжность отдельно не установлена; R² сохранён без порога
2019-12-14,D2,96,-0.22354034689181865,1.38638868672217,-12.956543174946908,13.030505923982174,18.4071719897581,18:24,0.7179367300195745,1010,not_assessed,Надёжность отдельно не установлена; R² сохранён без порога
2019-12-14,D3,96,-0.31471517925735887,6.254926453620077,-1.9700147398675205,6.557824564250825,22.83453100819767,22:50,0.31517095830416864,1026,not_assessed,Надёжность отдельно не установлена; R² сохранён без порога
2019-12-15,D1,96,-0.628831637278005,-13.2410594846764,-7.239380547299394,15.09086766840647,13.911138065164552,13:55,0.692916339592121,994,not_assessed,Надёжность отдельно не установлена; R² сохранён без порога
2019-12-15,D2,96,0.19632734287946152,2.0605084298003096,-13.06935904524024,13.230791391397608,18.597298341626406,18:36,0.6884889525215996,1010,not_assessed,Надёжность отдельно не установлена; R² сохранён без порога
2019-12-15,D3,96,0.5406340783292528,7.033577959935355,-3.0588939361786807,7.66994465633743,22.433056021795693,22:26,0.4164090658023947,1026,not_assessed,Надёжность отдельно не установлена; R² сохранён без порога
2019-12-16,D1,96,1.2052675397713264,-15.907958961781624,-10.865256421342163,19.264396056747934,14.288891460136918,14:17,0.6863201360696722,994,not_assessed,Надёжность отдельно не установлена; R² сохранён без порога
2019-12-16,D2,96,0.7227052117000553,3.9718301825583366,-16.48810227757708,16.95974503684899,18.902931760160055,18:54,0.7212525435244372,1010,not_assessed,Надёжность отдельно не установлена; R² сохранён без порога
2019-12-16,D3,96,0.015897409120203935,7.768977513516497,-3.434564568010991,8.494306644886414,22.410026511642364,22:25,0.44822428697327177,1026,not_assessed,Надёжность отдельно не установлена; R² сохранён без порога
2019-12-17,D1,96,0.2578516809481915,-19.44258158676551,-14.639257963642812,24.337663250281707,14.465190356298015,14:28,0.7109863420826337,994,not_assessed,Надёжность отдельно не установлена; R² сохранён без порога
2019-12-17,D2,96,-0.26694909388321403,2.4887741865297137,-18.322534973188844,18.490789188005603,18.515681428217913,18:31,0.7686477724024717,1010,not_assessed,Надёжность отдельно не установлена; R² сохранён без порога
2019-12-17,D3,96,-0.2636257417942532,9.385775982582206,-2.4779640220258923,9.707373305362873,23.014042823440292,23:01,0.5116522702463997,1026,not_assessed,Надёжность отдельно не установлена; R² сохранён без порога
2019-12-18,D1,96,-0.2574697646231684,-17.500008036021825,-14.504522570554494,22.7295282894422,14.643529369039138,14:39,0.7702434768625452,994,not_assessed,Надёжность отдельно не установлена; R² сохранён без порога
2019-12-18,D2,96,-0.28412404279976416,4.974480017061278,-17.13836975820608,17.845704508624326,19.079038743587155,19:05,0.8230479555842127,1010,not_assessed,Надёжность отдельно не установлена; R² сохранён без порога
2019-12-18,D3,96,-0.14494295313990643,8.84876509824148,-4.410436870550589,9.886991309441342,22.233815533317916,22:14,0.5116135148467293,1026,not_assessed,Надёжность отдельно не установлена; R² сохранён без порога
2019-12-19,D1,96,0.2072927180012424,-16.7474801985481,-13.12354818448583,21.276879704300676,14.53884809581206,14:32,0.7693962792511023,994,not_assessed,Надёжность отдельно не установлена; R² сохранён без порога
2019-12-19,D2,96,0.1833208195397488,3.5418761644897194,-16.607952248061242,16.98142999392168,18.802584557673057,18:48,0.7669097132779946,1010,not_assessed,Надёжность отдельно не установлена; R² сохранён без порога
2019-12-19,D3,96,-0.19919396993230448,8.497196279244388,-3.1493394252694102,9.062046315461036,22.64424288549004,22:39,0.4614440044929803,1026,not_assessed,Надёжность отдельно не установлена; R² сохранён без порога
2019-12-20,D1,96,-0.803968817593671,-16.644009707973293,-13.51508626232017,21.44016361497889,14.605127366253367,14:36,0.727707740142157,994,not_assessed,Надёжность отдельно не установлена; R² сохранён без порога
2019-12-20,D2,96,-0.5150692213032629,3.2312567350678503,-15.780532795703287,16.10795565564384,18.771470039984784,18:46,0.760952325976952,1010,not_assessed,Надёжность отдельно не установлена; R² сохранён без порога
2019-12-20,D3,96,0.5018722010893111,9.284452004307033,-2.8275825141645754,9.705476386797823,22.870791388693554,22:52,0.4776382663571155,1026,not_assessed,Надёжность отдельно не установлена; R² сохранён без порога
2019-12-21,D1,96,0.6227272880154483,-14.213914609600884,-11.028106626379387,17.99040033717478,14.520446976459338,14:31,0.7197823587143406,994,not_assessed,Надёжность отдельно не установлена; R² сохранён без порога
2019-12-21,D2,96,0.3547863538224652,2.25128091907521,-14.35504507355167,14.530505319509443,18.59420098812243,18:36,0.7427132816381485,1010,not_assessed,Надёжность отдельно не установлена; R² сохранён без порога
2019-12-21,D3,96,-0.36144238579044313,6.334124051801856,-4.248366460439822,7.626909274785215,21.743320623849055,21:45,0.41843267996000577,1026,not_assessed,Надёжность отдельно не установлена; R² сохранён без порога
2019-12-22,D1,96,3.2567778170096444,-7.419375036209724,-10.018321395231188,12.466510718965392,15.565137838780485,15:34,0.3773083095019236,994,not_assessed,Надёжность отдельно не установлена; R² сохранён без порога
2019-12-22,D2,96,1.3268967344847469,4.426153490314801,-14.129455138521065,14.806496453628226,19.159569361386378,19:10,0.6853493577863677,1010,not_assessed,Надёжность отдельно не установлена; R² сохранён без порога
2019-12-22,D3,96,0.9954517930857768,7.091233171504501,-3.1106428826098584,7.743493206284691,22.42098956041299,22:25,0.42227016078446145,1026,not_assessed,Надёжность отдельно не установлена; R² сохранён без порога
2019-12-23,D1,96,-6.521549792476391,58.455092814961496,14.311091722944763,60.18143586113828,0.9171118810476092,00:55,0.608610203541496,994,not_assessed,Надёжность отдельно не установлена; R² сохранён без порога
2019-12-23,D2,96,-4.2018587745272304,28.097054263427637,22.10580936209446,35.750682033148124,2.546297889227393,02:33,0.680466225324551,1010,not_assessed,Надёжность отдельно не установлена; R² сохранён без порога
2019-12-23,D3,96,-0.9435364447865967,8.724983299874488,17.32033117222968,19.39379296318283,4.217578116826337,04:13,0.7070935610796308,1026,not_assessed,Надёжность отдельно не установлена; R² сохранён без порога
2019-12-24,D1,96,2.391766568972265,0.6677784842914933,-10.07362271293689,10.095731903466962,18.252838483426828,18:15,0.4645589175593945,994,not_assessed,Надёжность отдельно не установлена; R² сохранён без порога
2019-12-24,D2,96,0.991926035824139,4.218064324144088,-2.888189427846801,5.1121135368595985,21.70665402344287,21:42,0.3103780467160182,1010,not_assessed,Надёжность отдельно не установлена; R² сохранён без порога
2019-12-24,D3,96,-0.3725172035131871,1.6865011337137261,1.1962221672091775,2.0676637897250862,2.3565188063117373,02:21,0.06006048717155865,1026,not_assessed,Надёжность отдельно не установлена; R² сохранён без порога
2019-12-25,D1,96,2.0971335272587073,-3.5273853395585455,-22.339875112136042,22.616641381062042,17.4018187803378,17:24,0.7665823428620846,994,not_assessed,Надёжность отдельно не установлена; R² сохранён без порога
2019-12-25,D2,96,0.5564491214709756,7.033378449405168,-7.327367334369148,10.156708347950978,20.921814785579546,20:55,0.5945231720430799,1010,not_assessed,Надёжность отдельно не установлена; R² сохранён без порога
2019-12-25,D3,96,-0.7022535350820188,2.3446099728822407,1.0215423366518137,2.5574879609708643,1.5695113402493979,01:34,0.0773528273518026,1026,not_assessed,Надёжность отдельно не установлена; R² сохранён без порога
2019-12-26,D1,96,1.452888680987229,-11.17293862640333,-35.0535694832698,36.791130603282625,16.82139284784801,16:49,0.7857973407092979,994,not_assessed,Надёжность отдельно не установлена; R² сохранён без порога
2019-12-26,D2,96,1.0441419788040087,10.221572509877847,-13.92832178575093,17.276535889527,20.418254321299052,20:25,0.8151509284023974,1010,not_assessed,Надёжность отдельно не установлена; R² сохранён без порога
2019-12-26,D3,96,0.23584318133774712,7.586930119760081,0.9192908155464856,7.6424213601234285,0.4605812256931538,00:28,0.43994107110676617,1026,not_assessed,Надёжность отдельно не установлена; R² сохранён без порога
2019-12-27,D1,96,-2.8936339180257717,-7.014146383071361,-15.447710991010824,16.965554053580146,16.371948538686578,16:22,0.8356428723402219,994,not_assessed,Надёжность отдельно не установлена; R² сохранён без порога
2019-12-27,D2,96,-0.7927416303615462,5.509561250176655,-7.085687488869672,8.975646626253305,20.52448528131944,20:31,0.6200452509498247,1010,not_assessed,Надёжность отдельно не установлена; R² сохранён без порога
2019-12-27,D3,96,0.7425234206671634,3.941404702768806,2.646610107178111,4.747548429497628,2.258728549369176,02:16,0.16934360076435662,1026,not_assessed,Надёжность отдельно не установлена; R² сохранён без порога
2019-12-28,D1,96,0.32409272464968,-3.9613278642661998,-11.41776322946731,12.08542244244642,16.724404953474796,16:43,0.6696166281546952,994,not_assessed,Надёжность отдельно не установлена; R² сохранён без порога
2019-12-28,D2,96,-0.49332130517718387,1.6948441130507934,-5.217630854436734,5.485997475456321,19.199690811127923,19:12,0.2942965392920939,1010,not_assessed,Надёжность отдельно не установлена; R² сохранён без порога
2019-12-28,D3,96,-0.20418243337875175,2.5994357699683377,0.7033324583938467,2.6929060268084397,1.0093382951316552,01:01,0.08173715012513694,1026,not_assessed,Надёжность отдельно не установлена; R² сохранён без порога
2019-12-29,D1,96,2.942101252845324,-12.369373435676788,-34.866678327050046,36.99576538947678,16.69781649843114,16:42,0.7995242657598481,994,not_assessed,Надёжность отдельно не установлена; R² сохранён без порога
2019-12-29,D2,96,1.6733192554342928,10.90049997672735,-15.418910889287478,18.88289471332245,20.350576712899738,20:21,0.8211921802760621,1010,not_assessed,Надёжность отдельно не установлена; R² сохранён без порога
2019-12-29,D3,96,-0.33698296151784174,5.889025672634719,-2.304526908031402,6.3238807422967405,22.575221224344777,22:35,0.36479916973314086,1026,not_assessed,Надёжность отдельно не установлена; R² сохранён без порога
2019-12-30,D1,96,-2.2781714668025628,-11.041539964616053,-24.168117000339002,26.570914250967892,16.363070053856454,16:22,0.837768752803105,994,not_assessed,Надёжность отдельно не установлена; R² сохранён без порога
2019-12-30,D2,96,-0.7558226902034761,7.22687415858778,-10.964162998227696,13.131663274534919,20.226020883706063,20:14,0.7226486978717794,1010,not_assessed,Надёжность отдельно не установлена; R² сохранён без порога
2019-12-30,D3,96,0.495261998305787,6.556911918288126,0.49892800969378337,6.575866715730016,0.2900907090859008,00:17,0.329701454264121,1026,not_assessed,Надёжность отдельно не установлена; R² сохранён без порога
2019-12-31,D1,96,-1.4024701538305249,18.037123215899427,24.41451941741734,30.35467957809778,3.5695668441511716,03:34,0.4081885985778564,994,not_assessed,Надёжность отдельно не установлена; R² сохранён без порога
2019-12-31,D2,96,-1.0588752125554857,2.457351390686947,21.641286834015798,21.78035517822096,5.568123684679439,05:34,0.5332288127881729,1010,not_assessed,Надёжность отдельно не установлена; R² сохранён без порога
2019-12-31,D3,96,0.30093715239385466,-9.900061403480873,19.095421560965328,21.50921524332469,7.826971746541358,07:50,0.7695158427522293,1026,not_assessed,Надёжность отдельно не установлена; R² сохранён без порога
2020-01-01,D1,96,2.685352752749578,-4.305871920002563,-29.466045063096367,29.778991666137596,17.445747621825802,17:27,0.7633014973989322,994,not_assessed,Надёжность отдельно не установлена; R² сохранён без порога
2020-01-01,D2,96,0.5158389359183395,10.1961347210823,-9.979413513093753,14.267090008680055,21.041028981709246,21:02,0.8070398733240522,1010,not_assessed,Надёжность отдельно не установлена; R² сохранён без порога
2020-01-01,D3,96,-1.3230880183181941,2.138100041836994,1.8994066378257108,2.859933104937898,2.774444541932094,02:46,0.08499785778596447,1026,not_assessed,Надёжность отдельно не установлена; R² сохранён без порога
2020-01-02,D1,96,0.3713910297557349,-6.010883510600695,-31.014365972058282,31.591480136688403,17.268767276096266,17:16,0.8241848270737364,994,not_assessed,Надёжность отдельно не установлена; R² сохранён без порога
2020-01-02,D2,96,0.3071577327701138,9.233221512448251,-9.156700758873402,13.003751315889193,21.01589381712133,21:01,0.7121027874584247,1010,not_assessed,Надёжность отдельно не установлена; R² сохранён без порога
2020-01-02,D3,96,0.2890384675313703,3.670891649710032,1.2189724851207877,3.8679890671242068,1.2246327060921143,01:13,0.20989033996539752,1026,not_assessed,Надёжность отдельно не установлена; R² сохранён без порога
2020-01-03,D1,96,-0.18955967955142924,-6.259421214273317,-29.693816364699885,30.346385027515446,17.206426167551975,17:12,0.8418628836479846,994,not_assessed,Надёжность отдельно не установлена; R² сохранён без порога
2020-01-03,D2,96,0.07086311763911116,11.873856599408189,-9.641568983827202,15.295369332357035,21.394893931026793,21:24,0.7867022926014112,1010,not_assessed,Надёжность отдельно не установлена; R² сохранён без порога
2020-01-03,D3,96,0.10280844423268362,6.774600482863654,1.3785177499465373,6.913430616512624,0.7667802036236914,00:46,0.35147387096975247,1026,not_assessed,Надёжность отдельно не установлена; R² сохранён без порога
2020-01-04,D1,96,-0.23636926039337067,-8.849499925622702,-32.7983987015044,33.97129091330563,16.993353658236728,17:00,0.8442582818050582,994,not_assessed,Надёжность отдельно не установлена; R² сохранён без порога
2020-01-04,D2,96,-0.017398285683576195,10.117321316444741,-12.101029434182513,15.773240123295489,20.659868134541437,20:40,0.791387353406569,1010,not_assessed,Надёжность отдельно не установлена; R² сохранён без порога
2020-01-04,D3,96,-0.3191277219049946,6.181760156157163,1.7283719982936754,6.418833881067332,1.0413718839856994,01:02,0.3353971820633972,1026,not_assessed,Надёжность отдельно не установлена; R² сохранён без порога
2020-01-05,D1,96,0.6723628233184269,-8.175418057889448,-32.93775765844645,33.93719699662618,17.070695100201437,17:04,0.8310447439594538,994,not_assessed,Надёжность отдельно не установлена; R² сохранён без порога
2020-01-05,D2,96,0.7718970387805401,10.326695947326815,-13.700187794522952,17.156217380114178,20.467175907848876,20:28,0.7999356210871128,1010,not_assessed,Надёжность отдельно не установлена; R² сохранён без порога
2020-01-05,D3,96,0.41013993064939236,8.084861279870385,1.8210552380170533,8.287413595003978,0.8462408936977744,00:51,0.5567678181269434,1026,not_assessed,Надёжность отдельно не установлена; R² сохранён без порога
2020-01-06,D1,96,-0.3380209641705508,-7.514454876637675,-32.25408690350456,33.11786759548156,17.125690050937703,17:08,0.8279412063152184,994,not_assessed,Надёжность отдельно не установлена; R² сохранён без порога
2020-01-06,D2,96,-0.3653033488690809,10.738542496199257,-12.873732670897425,16.764524682328727,20.655530700237883,20:39,0.7802609267485816,1010,not_assessed,Надёжность отдельно не установлена; R² сохранён без порога
2020-01-06,D3,96,0.26431056564339955,6.345115055986226,-0.30808051746026255,6.35258991899695,23.814683037271806,23:49,0.37234734987993034,1026,not_assessed,Надёжность отдельно не установлена; R² сохранён без порога
2020-01-07,D1,96,-0.574677636913053,-10.717559012799057,-30.368415055124323,32.20414110255282,16.70407654462331,16:42,0.8019856254406936,994,not_assessed,Надёжность отдельно не установлена; R² сохранён без порога
2020-01-07,D2,96,-0.11024204591559018,8.860566663644786,-12.792715012189712,15.561593716068971,20.313831951231872,20:19,0.791592547705743,1010,not_assessed,Надёжность отдельно не установлена; R² сохранён без порога
2020-01-07,D3,96,-0.3468467493781591,4.7209744641233184,0.06810497626694467,4.721465681194429,0.055099599682019544,00:03,0.22861718615176085,1026,not_assessed,Надёжность отдельно не установлена; R² сохранён без порога
2020-01-08,D1,96,-0.32106079455310943,-11.852293328776419,-24.72067174795001,27.415113875766625,16.292311540428848,16:18,0.7924580361030655,994,not_assessed,Надёжность отдельно не установлена; R² сохранён без порога
2020-01-08,D2,96,0.14112575842331543,6.190203263827163,-12.991670144132419,14.391042685693005,19.698441489820468,19:42,0.7861789233312957,1010,not_assessed,Надёжность отдельно не установлена; R² сохранён без порога
2020-01-08,D3,96,0.5124758550775833,5.188452760304544,-0.4808971514755027,5.210691328049387,23.646974005753478,23:39,0.2710520342784256,1026,not_assessed,Надёжность отдельно не установлена; R² сохранён без порога
2020-01-09,D1,96,-1.4967788891931617,-7.391221568498215,-14.077754906440713,15.900105014761657,16.15328334739191,16:09,0.7668419175297176,994,not_assessed,Надёжность отдельно не установлена; R² сохранён без порога
2020-01-09,D2,96,-1.104908031493589,2.688023043211408,-7.680879670592596,8.137652019775615,19.285876886222894,19:17,0.47186133179543244,1010,not_assessed,Надёжность отдельно не установлена; R² сохранён без порога
2020-01-09,D3,96,0.034730856828289726,2.8745964929634793,0.17364378904649658,2.879836308339826,0.23045510528732438,00:14,0.082916010568436,1026,not_assessed,Надёжность отдельно не установлена; R² сохранён без порога
2020-01-10,D1,96,3.9896828820030668,-26.756277860279255,-28.076491291059938,38.78385963456235,15.0919499380314,15:06,0.5957108860234404,994,not_assessed,Надёжность отдельно не установлена; R² сохранён без порога
2020-01-10,D2,96,2.675880303244696,4.853072131120113,-15.512687221219906,16.25410021912176,19.15813665144044,19:09,0.7545633098567222,1010,not_assessed,Надёжность отдельно не установлена; R² сохранён без порога
2020-01-10,D3,96,0.672367927376461,5.561172051105387,-3.22119174327848,6.42671851172596,21.994622407980103,22:00,0.39365571904306873,1026,not_assessed,Надёжность отдельно не установлена; R² сохранён без порога
2020-01-11,D1,96,-2.8837487832554003,-10.970916173492196,-31.315992066648846,33.18210904695791,16.712875753199565,16:43,0.8680295199444585,994,not_assessed,Надёжность отдельно не установлена; R² сохранён без порога
2020-01-11,D2,96,-2.1422981194923607,8.450278705223273,-12.108401436076019,14.76552049651883,20.3273754862787,20:20,0.7513577431275118,1010,not_assessed,Надёжность отдельно не установлена; R² сохранён без порога
2020-01-11,D3,96,-1.3951145917621532,4.611992572383415,2.2556377935199357,5.134041034436254,1.7374917993437866,01:44,0.249281178710965,1026,not_assessed,Надёжность отдельно не установлена; R² сохранён без порога
2020-01-12,D1,96,1.048214995243443,-11.209640513360082,-29.67085953619575,31.717754429584417,16.62023015474854,16:37,0.844572914312589,994,not_assessed,Надёжность отдельно не установлена; R² сохранён без порога
2020-01-12,D2,96,0.42536109731175353,9.269843194916207,-12.198189319792625,15.320764195686754,20.482167301705093,20:29,0.776651651613457,1010,not_assessed,Надёжность отдельно не установлена; R² сохранён без порога
2020-01-12,D3,96,0.5198269007221573,6.71960442553244,1.3095200847360013,6.846015373044537,0.7351743057056246,00:44,0.3807414564451781,1026,not_assessed,Надёжность отдельно не установлена; R² сохранён без порога
2020-01-13,D1,96,-1.7191012829972994,-7.814754857379026,-10.562300742214807,13.138972199145584,15.566885534433082,15:34,0.4646465687596961,994,not_assessed,Надёжность отдельно не установлена; R² сохранён без порога
2020-01-13,D2,96,0.0875458661951807,7.326130913427768,-9.976778100747026,12.377733856899146,20.419367990843305,20:25,0.7620076561487172,1010,not_assessed,Надёжность отдельно не установлена; R² сохранён без порога
2020-01-13,D3,96,-0.4318372790941257,4.318966056313659,4.31246856811431,6.10334768357198,2.9971246295497136,03:00,0.28667858309107375,1026,not_assessed,Надёжность отдельно не установлена; R² сохранён без порога
2020-01-14,D1,96,-0.241876175721999,-7.140040336200025,-12.525429424421521,14.417578099969766,16.020998415877166,16:01,0.5094452333205554,994,not_assessed,Надёжность отдельно не установлена; R² сохранён без порога
2020-01-14,D2,96,-0.21922294736668707,6.556447138042165,-9.991337635314935,11.950473915991864,20.21822747730972,20:13,0.6930616850779319,1010,not_assessed,Надёжность отдельно не установлена; R² сохранён без порога
2020-01-14,D3,96,0.20882424730042473,6.163861916542861,5.344061915443176,8.157952652614357,2.728350279685968,02:44,0.42183539770989176,1026,not_assessed,Надёжность отдельно не установлена; R² сохранён без порога
2020-01-18,D1,96,1.3178621760950056,-11.503535131995076,-32.21594452078281,34.208162796315165,16.689972130043262,16:41,0.8310442597508861,994,not_assessed,Надёжность отдельно не установлена; R² сохранён без порога
2020-01-18,D2,96,0.4355635083834666,9.828469085144654,-12.82862985000385,16.160833777564015,20.49713387871369,20:30,0.7790765573671374,1010,not_assessed,Надёжность отдельно не установлена; R² сохранён без порога
2020-01-18,D3,96,-0.5618766996844151,5.028521138484466,2.6452730415306203,5.681856589569449,1.849785870949129,01:51,0.2952390679618264,1026,not_assessed,Надёжность отдельно не установлена; R² сохранён без порога
2020-01-19,D1,96,-0.4645631251353211,-16.616594712954868,-33.384109616573696,37.290883533995384,16.235909981746964,16:14,0.7993242900328174,994,not_assessed,Надёжность отдельно не установлена; R² сохранён без порога
2020-01-19,D2,96,-0.08671757044570085,8.02508367534391,-15.19984136779691,17.188285126866543,19.855518589276627,19:51,0.7728331242518842,1010,not_assessed,Надёжность отдельно не установлена; R² сохранён без порога
2020-01-19,D3,96,0.6523233504603413,7.088438797941935,0.04304747811047527,7.088569508549674,0.02319653701284464,00:01,0.37411995523235486,1026,not_assessed,Надёжность отдельно не установлена; R² сохранён без порога
2020-01-20,D1,96,-2.6869267954849962,-8.864636924063454,0.11895167713387433,8.8654349750569,11.948747515140473,11:57,0.3164644545209,994,not_assessed,Надёжность отдельно не установлена; R² сохранён без порога
2020-01-20,D2,96,-0.8067569671172787,2.324205328529497,-4.687210704768846,5.231813700817774,19.758334854619353,19:46,0.32792984778795453,1010,not_assessed,Надёжность отдельно не установлена; R² сохранён без порога
2020-01-20,D3,96,0.3973034301971054,4.711734324549314,1.056011367204359,4.828623028649162,0.8421723990753849,00:51,0.21478434149914916,1026,not_assessed,Надёжность отдельно не установлена; R² сохранён без порога
2020-01-21,D1,96,-0.7715537634487816,-3.650251863726858,-0.8865907823748884,3.756378825948405,12.910127787910342,12:55,0.11291154995162167,994,not_assessed,Надёжность отдельно не установлена; R² сохранён без порога
2020-01-21,D2,96,-0.14078681857047845,2.9025176558304535,-3.333084009645783,4.419735032528978,20.736667597264475,20:44,0.23105687831980692,1010,not_assessed,Надёжность отдельно не установлена; R² сохранён без порога
2020-01-21,D3,96,-0.17992992470174143,2.958878849216311,4.42302315832888,5.321475162344857,3.7479055921422213,03:45,0.26927356171829553,1026,not_assessed,Надёжность отдельно не установлена; R² сохранён без порога
2020-01-22,D1,96,2.8449688651965057,-2.714523655912787,-18.263705989273063,18.46433305432717,17.436403424749695,17:26,0.7959513403659995,994,not_assessed,Надёжность отдельно не установлена; R² сохранён без порога
2020-01-22,D2,96,0.10218355053587751,6.737425813096394,-7.730640941627465,10.254546111620172,20.738191731750625,20:44,0.6258935868378418,1010,not_assessed,Надёжность отдельно не установлена; R² сохранён без порога
2020-01-22,D3,96,-0.2890753770557245,4.745570210252588,0.9509726780812575,4.839915872708309,0.7554338703766513,00:45,0.3198429662758976,1026,not_assessed,Надёжность отдельно не установлена; R² сохранён без порога
2020-01-23,D1,96,2.3266442894542743,-7.3709177217468,-38.681610420745486,39.37762578931196,17.280761710888534,17:17,0.8595388055651225,994,not_assessed,Надёжность отдельно не установлена; R² сохранён без порога
2020-01-23,D2,96,0.81308104629589,13.414740780987687,-14.046141451276533,19.42290812134895,20.912189709961176,20:55,0.8095354244936995,1010,not_assessed,Надёжность отдельно не установлена; R² сохранён без порога
2020-01-23,D3,96,-0.7668784874366588,6.111935626077277,2.4628648741387256,6.589496223959689,1.4631638284060777,01:28,0.28528189746470556,1026,not_assessed,Надёжность отдельно не установлена; R² сохранён без порога
2020-01-24,D1,96,-1.8746076225451336,-11.468679771251244,-27.849752282032913,30.1187535908461,16.50785792923728,16:30,0.8681900265786764,994,not_assessed,Надёжность отдельно не установлена; R² сохранён без порога
2020-01-24,D2,96,0.061028056606249034,10.07617314814939,-11.418423902228698,15.228580686409172,20.761783322296075,20:46,0.75974239161485,1010,not_assessed,Надёжность отдельно не установлена; R² сохранён без порога
2020-01-24,D3,96,1.2270658442189302,6.935777624119393,1.9473925878626341,7.203981478494901,1.0455607551104036,01:03,0.4113078919159604,1026,not_assessed,Надёжность отдельно не установлена; R² сохранён без порога
2020-01-25,D1,96,0.5708126950765685,-18.850156710377753,-30.53341839849077,35.8833951445943,15.887361031260514,15:53,0.7680817628178801,994,not_assessed,Надёжность отдельно не установлена; R² сохранён без порога
2020-01-25,D2,96,0.28879176714357474,6.919950863043681,-13.661993298552542,15.314561072281293,19.790847917789076,19:47,0.7982910378112782,1010,not_assessed,Надёжность отдельно не установлена; R² сохранён без порога
2020-01-25,D3,96,0.1033413942522003,4.293723085891575,-0.6805056172685666,4.347314784260779,23.39961235350563,23:24,0.2287173404931696,1026,not_assessed,Надёжность отдельно не установлена; R² сохранён без порога
2020-01-26,D1,96,1.198651714001053,-17.030560719837915,-37.49050048672636,41.17739216095788,16.371296124112362,16:22,0.8597633947683911,994,not_assessed,Надёжность отдельно не установлена; R² сохранён без порога
2020-01-26,D2,96,0.23199201284555568,10.109279726332183,-17.860247858112686,20.522816330573388,19.96738553083278,19:58,0.8311978366589476,1010,not_assessed,Надёжность отдельно не установлена; R² сохранён без порога
2020-01-26,D3,96,-0.5640820802851367,7.171898699614049,-0.7847933594764731,7.214709389476756,23.583679258127596,23:35,0.3827397636705321,1026,not_assessed,Надёжность отдельно не установлена; R² сохранён без порога
2020-01-27,D1,96,-1.7506129570696836,-6.771309424423739,-14.328165449803038,15.847616744426249,16.313678360971544,16:19,0.55575596712312,994,not_assessed,Надёжность отдельно не установлена; R² сохранён без порога
2020-01-27,D2,96,0.015640082788442197,6.335576086338245,-12.1186190483296,13.674810857350755,19.840028504569162,19:50,0.8257604534930103,1010,not_assessed,Надёжность отдельно не установлена; R² сохранён без порога
2020-01-27,D3,96,-0.011838059753166265,5.309824387812755,2.354562002231083,5.808459111654445,1.5942782874092825,01:36,0.32905131243638175,1026,not_assessed,Надёжность отдельно не установлена; R² сохранён без порога
2020-01-28,D1,96,0.21869981322204404,-11.140798254190372,-25.533810637123587,27.858443448855088,16.42850726635778,16:26,0.8144066615115031,994,not_assessed,Надёжность отдельно не установлена; R² сохранён без порога
2020-01-28,D2,96,-0.15763250206600843,9.140227943909192,-13.594202199567157,16.38127285376002,20.261026369301305,20:16,0.798161303184725,1010,not_assessed,Надёжность отдельно не установлена; R² сохранён без порога
2020-01-28,D3,96,0.5598176258163705,8.990511385790116,3.1382874830772023,9.522507196345968,1.2828260123388355,01:17,0.4593383932230931,1026,not_assessed,Надёжность отдельно не установлена; R² сохранён без порога
2020-01-29,D1,96,2.7690657331751662,-17.18825703273103,-45.15528307875951,48.3159991073985,16.610719028667944,16:37,0.8367251460857681,994,not_assessed,Надёжность отдельно не установлена; R² сохранён без порога
2020-01-29,D2,96,0.7927481915616121,11.793991117775327,-18.587418461119682,22.013412991513515,20.159715290789155,20:10,0.861589581168986,1010,not_assessed,Надёжность отдельно не установлена; R² сохранён без порога
2020-01-29,D3,96,0.12462413475526243,8.910031840443406,-0.7139780767643789,8.93859228804041,23.6945711780935,23:42,0.4760475361566424,1026,not_assessed,Надёжность отдельно не установлена; R² сохранён без порога
2020-01-30,D1,96,-0.5634359295331096,-17.15805417664729,-44.59957399999672,47.78619909670518,16.597173099106158,16:36,0.891948302915756,994,not_assessed,Надёжность отдельно не установлена; R² сохранён без порога
2020-01-30,D2,96,-0.42840611008601026,12.47058770373016,-17.876264933152616,21.79624751274145,20.32665697278451,20:20,0.8770204503422603,1010,not_assessed,Надёжность отдельно не установлена; R² сохранён без порога
2020-01-30,D3,96,-0.9232210350480529,5.359709668127088,1.3842179017065606,5.535571056902793,0.9653991938457027,00:58,0.2940345190887612,1026,not_assessed,Надёжность отдельно не установлена; R² сохранён без порога
2020-01-31,D1,96,-1.9840414993646198,-9.59364065773863,-28.05426798002112,29.64928149154131,16.74139949245993,16:44,0.8869575548756876,994,not_assessed,Надёжность отдельно не установлена; R² сохранён без порога
2020-01-31,D2,96,-0.20839312126039727,10.762791674382946,-13.787408289351422,17.490863671169677,20.53176521855672,20:32,0.8119983229159067,1010,not_assessed,Надёжность отдельно не установлена; R² сохранён без порога
2020-01-31,D3,96,0.6196469961454861,8.397281983093055,2.097728111290657,8.655334073996121,0.935067805327341,00:56,0.5077432007079659,1026,not_assessed,Надёжность отдельно не установлена; R² сохранён без порога
2020-02-01,D1,96,0.9119235046484678,-17.232186214014,-38.161799457405316,41.872081146530974,16.37987752767032,16:23,0.8197876278259879,994,not_assessed,Надёжность отдельно не установлена; R² сохранён без порога
2020-02-01,D2,96,0.13967474960637496,9.566753435607161,-17.70226819519352,20.12195493863013,19.8925272644937,19:54,0.8450096290029862,1010,not_assessed,Надёжность отдельно не установлена; R² сохранён без порога
2020-02-01,D3,96,0.07207057363003694,6.276837072586114,-1.4844045058308248,6.449972121856208,23.112974228004987,23:07,0.4312536747484842,1026,not_assessed,Надёжность отдельно не установлена; R² сохранён без порога
2020-02-02,D1,96,0.9150782358102547,-22.130732957892306,-40.18460721873972,45.87561442180289,16.07715017765429,16:05,0.8234901934928573,994,not_assessed,Надёжность отдельно не установлена; R² сохранён без порога
2020-02-02,D2,96,0.5620528340329741,10.090501201539812,-20.390392566495454,22.75052358769067,19.755281242191135,19:45,0.8473507949439795,1010,not_assessed,Надёжность отдельно не установлена; R² сохранён без порога
2020-02-02,D3,96,0.18265380270307058,8.533130354980372,-1.6411389008317094,8.689513826843857,23.27423245580718,23:16,0.4768928706649862,1026,not_assessed,Надёжность отдельно не установлена; R² сохранён без порога
2020-02-03,D1,96,-1.8481978899757705,-22.651325041219394,-26.3317136946276,34.73386923765925,15.286460052724607,15:17,0.7895163285837634,994,not_assessed,Надёжность отдельно не установлена; R² сохранён без порога
2020-02-03,D2,96,-0.27259592938282484,4.778264033470894,-16.822914589809372,17.488346476141835,19.057086642135094,19:03,0.7545410130932368,1010,not_assessed,Надёжность отдельно не установлена; R² сохранён без порога
2020-02-03,D3,96,0.5931376907785507,8.241950894046305,-1.938914742785558,8.466944249235485,23.11746019727574,23:07,0.4552875094762796,1026,not_assessed,Надёжность отдельно не установлена; R² сохранён без порога
2020-02-04,D1,96,0.5861332376617825,-2.944579729345314,-16.402350526273008,16.66456277761885,17.32150444403408,17:19,0.4880903892757077,994,not_assessed,Надёжность отдельно не установлена; R² сохранён без порога
2020-02-04,D2,96,-1.0139047631259401,7.648885804944284,-6.122906419306117,9.797726117659048,21.42152330172747,21:25,0.4071077870798103,1010,not_assessed,Надёжность отдельно не установлена; R² сохранён без порога
2020-02-04,D3,96,-0.8407591047559699,7.626188874317624,1.0725299347902233,7.7012386800947175,0.5336962935863085,00:32,0.3640830109755028,1026,not_assessed,Надёжность отдельно не установлена; R² сохранён без порога
2020-02-05,D1,96,-0.10239896974975615,-16.882240528805998,-35.80172542134412,39.58249093245368,16.316924089292154,16:19,0.8432271068391692,994,not_assessed,Надёжность отдельно не установлена; R² сохранён без порога
2020-02-05,D2,96,0.5956570093102939,11.392446813873086,-14.843752336175822,18.711622800405426,20.500394360391915,20:30,0.8314695145835821,1010,not_assessed,Надёжность отдельно не установлена; R² сохранён без порога
2020-02-05,D3,96,0.06506993864440266,8.00748335963273,1.4414878010202123,8.136195476713004,0.6803299692608165,00:41,0.4508486089203635,1026,not_assessed,Надёжность отдельно не установлена; R² сохранён без порога
2020-02-08,D1,96,-0.2111929031748869,-23.976316148344125,-38.00592327816532,44.93677714602078,15.850261357821847,15:51,0.8375119102433048,994,not_assessed,Надёжность отдельно не установлена; R² сохранён без порога
2020-02-08,D2,96,0.16449488960532674,6.543822637442444,-21.58987355760474,22.55979288343899,19.12412605423124,19:07,0.8409247443802554,1010,not_assessed,Надёжность отдельно не установлена; R² сохранён без порога
2020-02-08,D3,96,0.3456734457540685,7.442774780549962,-2.9240253142257204,7.9965505358387725,22.570116198160488,22:34,0.3949016863784741,1026,not_assessed,Надёжность отдельно не установлена; R² сохранён без порога
2020-02-09,D1,96,-1.8682192159849818,-19.95838127104753,-30.412202539577393,36.3763528445167,15.781641357682732,15:47,0.8162523481272603,994,not_assessed,Надёжность отдельно не установлена; R² сохранён без порога
2020-02-09,D2,96,-0.5981029960419085,6.5540946244285285,-19.251836095655097,20.33689625778554,19.25337512057969,19:15,0.8379080409091826,1010,not_assessed,Надёжность отдельно не установлена; R² сохранён без порога
2020-02-09,D3,96,-0.7596460916495275,6.658425894942155,-1.3209038912362248,6.788182561504901,23.251953337824624,23:15,0.3525794750401956,1026,not_assessed,Надёжность отдельно не установлена; R² сохранён без порога
2020-02-10,D1,96,-0.3432245334556986,-25.881709924769588,-22.928392699844952,34.57707478125094,14.769164497249315,14:46,0.7206021501328699,994,not_assessed,Надёжность отдельно не установлена; R² сохранён без порога
2020-02-10,D2,96,0.48241454317459803,0.5073526930668635,-19.276172542146377,19.28284819806867,18.100512547911553,18:06,0.8080473604941232,1010,not_assessed,Надёжность отдельно не установлена; R² сохранён без порога
2020-02-10,D3,96,1.4484171150237892,8.211167819017124,-3.219784916812021,8.81988049026701,22.572581954538556,22:34,0.48270831913130685,1026,not_assessed,Надёжность отдельно не установлена; R² сохранён без порога
2020-02-11,D1,96,-0.5919690447180475,-16.0570486801688,-14.77815134757645,21.822524362895926,14.841666997852617,14:51,0.6699240003704631,994,not_assessed,Надёжность отдельно не установлена; R² сохранён без порога
2020-02-11,D2,96,-1.723276343536529,0.170451043224086,-11.891166493127017,11.892388074957983,18.05474908114046,18:03,0.6770886069305957,1010,not_assessed,Надёжность отдельно не установлена; R² сохранён без порога
2020-02-11,D3,96,-0.8316376389745778,3.781085183564713,-3.431462358072504,5.1060296787466,21.18501317115292,21:11,0.2342190992204476,1026,not_assessed,Надёжность отдельно не установлена; R² сохранён без порога
2020-02-12,D1,96,3.11613126131358,-25.456584434705626,-37.17033342752828,45.051874302795916,15.70628008616252,15:42,0.7629370229876639,994,not_assessed,Надёжность отдельно не установлена; R² сохранён без порога
2020-02-12,D2,96,2.148095968620545,6.33608219626091,-23.549752235062417,24.387225507027278,19.003925258218466,19:00,0.8243569079927617,1010,not_assessed,Надёжность отдельно не установлена; R² сохранён без порога
2020-02-12,D3,96,0.3341085358886114,9.138017483530527,-5.109845079316845,10.469664763684086,22.052448061857834,22:03,0.553012624136854,1026,not_assessed,Надёжность отдельно не установлена; R² сохранён без порога
2020-02-13,D1,96,0.012478404572472608,-30.978997574353514,-41.70802359097997,51.954379243501144,15.559770654897884,15:34,0.8476585697186949,994,not_assessed,Надёжность отдельно не установлена; R² сохранён без порога
2020-02-13,D2,96,0.12674275684821473,6.644459511447327,-26.975877669551146,27.78213127608915,18.922476581636754,18:55,0.8862983581334881,1010,not_assessed,Надёжность отдельно не установлена; R² сохранён без порога
2020-02-13,D3,96,-0.03666931589541831,9.639873630939563,-5.1856987439702085,10.946169881912947,22.11481992236934,22:07,0.586638923121747,1026,not_assessed,Надёжность отдельно не установлена; R² сохранён без порога
2020-02-14,D1,96,-1.868396183543627,-28.180915514503354,-28.144480949345592,39.828078125157546,14.997529182628286,15:00,0.7869723714997136,994,not_assessed,Надёжность отдельно не установлена; R² сохранён без порога
2020-02-14,D2,96,-0.7901189622123721,1.9800948250636377,-19.968652834491408,20.066585946310987,18.377529758020394,18:23,0.7845404389745154,1010,not_assessed,Надёжность отдельно не установлена; R² сохранён без порога
2020-02-14,D3,96,0.49391424372020126,8.469851689089031,-5.2899918868517775,9.986110443917688,21.867496708790714,21:52,0.5405059592816507,1026,not_assessed,Надёжность отдельно не установлена; R² сохранён без порога
2020-02-15,D1,96,-0.6524072060022333,-29.932843596278595,-26.407639007998572,39.91664469536542,14.761312680272662,14:46,0.7620160577707595,994,not_assessed,Надёжность отдельно не установлена; R² сохранён без порога
2020-02-15,D2,96,0.516335222200234,1.837962758726528,-22.033395959485585,22.109921858974115,18.317894000594617,18:19,0.8280889311629647,1010,not_assessed,Надёжность отдельно не установлена; R² сохранён без порога
2020-02-15,D3,96,-0.13015452582728973,9.300832429569663,-5.83376418503092,10.978993052620272,21.860187738679283,21:52,0.5520091299664258,1026,not_assessed,Надёжность отдельно не установлена; R² сохранён без порога
2020-02-16,D1,96,-1.0617888902125114,-28.315499827598423,-17.353799766340497,33.21026794256508,14.100199974724418,14:06,0.7471280932627167,994,not_assessed,Надёжность отдельно не установлена; R² сохранён без порога
2020-02-16,D2,96,-0.56700843063707,-0.3262349435312395,-21.331275027281396,21.33376955739186,17.941586775785513,17:56,0.8311607711937773,1010,not_assessed,Надёжность отдельно не установлена; R² сохранён без порога
2020-02-16,D3,96,-0.5238564989772583,7.678556410767715,-4.243348807709635,8.773040388441897,22.071595978983556,22:04,0.5063540436019839,1026,not_assessed,Надёжность отдельно не установлена; R² сохранён без порога
2020-02-17,D1,96,0.6304583263347462,-23.278834006670223,-13.308760632816277,26.81468296086505,13.983804636960343,13:59,0.7699257131390882,994,not_assessed,Надёжность отдельно не установлена; R² сохранён без порога
2020-02-17,D2,96,0.2134234761551526,0.0905641124705241,-19.991374541971624,19.991579675849998,18.0173038157466,18:01,0.8226758830139825,1010,not_assessed,Надёжность отдельно не установлена; R² сохранён без порога
2020-02-17,D3,96,0.31022607887935744,8.105920083820486,-4.25877905108811,9.156589944475577,22.152197273390836,22:09,0.49555335026104375,1026,not_assessed,Надёжность отдельно не установлена; R² сохранён без порога
2020-02-18,D1,96,1.9756293818769184,15.487498387836752,-15.771988542198194,22.104710558803458,20.9652379981179,20:58,0.3088796722848727,994,not_assessed,Надёжность отдельно не установлена; R² сохранён без порога
2020-02-18,D2,96,-1.2489939761394768,10.094519056140692,-0.8998660377574597,10.134548527719273,23.660392597401277,23:40,0.2929502710393501,1010,not_assessed,Надёжность отдельно не установлена; R² сохранён без порога
2020-02-18,D3,96,-0.6995315323099761,5.651126858138229,8.246645003041461,9.997119013643879,3.7052381633348226,03:42,0.5051004408619555,1026,not_assessed,Надёжность отдельно не установлена; R² сохранён без порога
2020-02-19,D1,96,2.130615728771532,-19.066125647067025,-45.54553814871753,49.375228530570176,16.48566648480472,16:29,0.8167956203797726,994,not_assessed,Надёжность отдельно не установлена; R² сохранён без порога
2020-02-19,D2,96,1.3655419220733578,12.262105527539848,-16.822649533290065,20.817318974556443,20.405898476902863,20:24,0.8646654050723726,1010,not_assessed,Надёжность отдельно не установлена; R² сохранён без порога
2020-02-19,D3,96,0.09913937817374856,6.056553452505469,0.8283073593134374,6.112931604766138,0.5191721301085556,00:31,0.30049863983362723,1026,not_assessed,Надёжность отдельно не установлена; R² сохранён без порога
2020-02-20,D1,96,-1.0976880798080966,-28.29068173531363,-44.13711147570861,52.42563573737505,15.822749256452814,15:49,0.8162078360761723,994,not_assessed,Надёжность отдельно не установлена; R² сохранён без порога
2020-02-20,D2,96,-0.08447200027569164,8.590371689584071,-21.03344250366486,22.720039377610746,19.48105579983338,19:29,0.863800838234581,1010,not_assessed,Надёжность отдельно не установлена; R² сохранён без порога
2020-02-20,D3,96,-0.10625694469828167,6.375305653296051,0.5943119709986266,6.402946891222889,0.35505164213770496,00:21,0.30055431668485033,1026,not_assessed,Надёжность отдельно не установлена; R² сохранён без порога
2020-02-21,D1,96,-2.622565222496542,-13.267444937394021,-22.648168811749056,26.248136042246216,15.97586333105297,15:59,0.7960807817248442,994,not_assessed,Надёжность отдельно не установлена; R² сохранён без порога
2020-02-21,D2,96,-1.2348473315912605,5.39565292666591,-12.580774569884893,13.689008703456246,19.547570999641447,19:33,0.7845821808425988,1010,not_assessed,Надёжность отдельно не установлена; R² сохранён без порога
2020-02-21,D3,96,0.03606566486706609,4.727118899022516,0.8671611218214568,4.805998491124866,0.692999109335951,00:42,0.24512445421437024,1026,not_assessed,Надёжность отдельно не установлена; R² сохранён без порога
2020-02-22,D1,96,-0.23958684035889344,-2.1396187735997003,-10.39168807456033,10.609672451838447,17.22437024308508,17:13,0.6343382672588052,994,not_assessed,Надёжность отдельно не установлена; R² сохранён без порога
2020-02-22,D2,96,-0.7392068621034686,1.7795835273613738,-3.794829864517102,4.191378201914835,19.67494700263174,19:40,0.2366035064666676,1010,not_assessed,Надёжность отдельно не установлена; R² сохранён без порога
2020-02-22,D3,96,0.249607774134453,2.4209668857044173,0.48804564152053653,2.4696698584799828,0.7598379086134385,00:46,0.07241583865245405,1026,not_assessed,Надёжность отдельно не установлена; R² сохранён без порога
2020-02-23,D1,96,0.48761529012748106,-16.137555808057726,-19.099751814469858,25.004424145189233,15.320348389002653,15:19,0.6921221816618957,994,not_assessed,Надёжность отдельно не установлена; R² сохранён без порога
2020-02-23,D2,96,1.0518841570913946,2.7829441173777685,-11.34036920607813,11.676846821407423,18.91920017912268,18:55,0.6652672294192279,1010,not_assessed,Надёжность отдельно не установлена; R² сохранён без порога
2020-02-23,D3,96,-0.08960423838089669,3.1504370094740555,-1.7091682583044485,3.584202768519004,22.10129196370424,22:06,0.1313443563992277,1026,not_assessed,Надёжность отдельно не установлена; R² сохранён без порога
2020-02-24,D1,96,3.520392220315759,-24.169365367001454,-46.39424690740214,52.31237299481455,16.165497675476903,16:10,0.8094070718468672,994,not_assessed,Надёжность отдельно не установлена; R² сохранён без порога
2020-02-24,D2,96,1.6502749431184514,8.973872252700883,-25.696933739536394,27.218794734923858,19.28334674901489,19:17,0.8581767401585408,1010,not_assessed,Надёжность отдельно не установлена; R² сохранён без порога
2020-02-24,D3,96,-0.08182416272117572,10.513350567673047,-2.840223648068143,10.890243823250088,22.992146765877624,23:00,0.5722992023480393,1026,not_assessed,Надёжность отдельно не установлена; R² сохранён без порога
2020-02-25,D1,96,-0.32927967463348834,-29.447505646759446,-39.158086753023454,48.99501349089763,15.53708336917633,15:32,0.8481736950648366,994,not_assessed,Надёжность отдельно не установлена; R² сохранён без порога
2020-02-25,D2,96,0.44479135208762555,5.879376155368291,-24.555369208662718,25.2494202101762,18.89766899890968,18:54,0.8804595206113324,1010,not_assessed,Надёжность отдельно не установлена; R² сохранён без порога
2020-02-25,D3,96,1.1044710144966987,9.468067624900279,-2.993596592976065,9.930051616742116,22.830278739697537,22:50,0.6401172436841267,1026,not_assessed,Надёжность отдельно не установлена; R² сохранён без порога
2020-02-26,D1,96,-1.0358709878399635,-27.92846293546745,-43.79680461515448,51.94380748882195,15.831669901721048,15:50,0.86768292404439,994,not_assessed,Надёжность отдельно не установлена; R² сохранён без порога
2020-02-26,D2,96,-0.7201168373028544,9.142492961811438,-25.359016628566636,26.956722759354314,19.32169120412142,19:19,0.8584137299908021,1010,not_assessed,Надёжность отдельно не установлена; R² сохранён без порога
2020-02-26,D3,96,-1.363640608591003,9.259014007943861,-3.3480562276816146,9.845751413834208,22.67466848558608,22:40,0.542687282417535,1026,not_assessed,Надёжность отдельно не установлена; R² сохранён без порога
2020-02-27,D1,96,-0.5708130932993944,-33.030486840975286,-40.6288102500267,52.36137205311294,15.392634266744253,15:24,0.8077291404765333,994,not_assessed,Надёжность отдельно не установлена; R² сохранён без порога
2020-02-27,D2,96,0.07242481212020244,4.549679679241251,-27.18821037150315,27.56625415954827,18.633324261452074,18:38,0.8825428049522364,1010,not_assessed,Надёжность отдельно не установлена; R² сохранён без порога
2020-02-27,D3,96,0.44044257202331133,10.049755226314536,-1.8296739418225174,10.214954079300634,23.312110449544583,23:19,0.568501210116339,1026,not_assessed,Надёжность отдельно не установлена; R² сохранён без порога
2020-02-28,D1,96,-1.353647466448723,-25.376465559348738,-28.980741787642785,38.52075283333436,15.252904777607794,15:15,0.8546594242794789,994,not_assessed,Надёжность отдельно не установлена; R² сохранён без порога
2020-02-28,D2,96,-0.5081834020494534,2.7518852193737446,-20.32115642408771,20.506639672868126,18.514137596408172,18:31,0.8035622036586252,1010,not_assessed,Надёжность отдельно не установлена; R² сохранён без порога
2020-02-28,D3,96,-0.015898597786788368,8.286586979525635,-2.4531065211137912,8.642063143322595,22.90063245151854,22:54,0.5422991847566894,1026,not_assessed,Надёжность отдельно не установлена; R² сохранён без порога
2020-02-29,D1,96,-0.4059944946315733,-28.841338046232305,-24.462103743377966,37.818213863809504,14.686887773078357,14:41,0.762677773803172,994,not_assessed,Надёжность отдельно не установлена; R² сохранён без порога
2020-02-29,D2,96,-0.22170957332764488,-0.34213740003976056,-20.58122488791436,20.58406849695685,17.936507751831712,17:56,0.8556079193820583,1010,not_assessed,Надёжность отдельно не установлена; R² сохранён без порога
2020-02-29,D3,96,0.5529369821295705,7.734746956719424,-4.1607608092268675,8.782837866890098,22.114854058387344,22:07,0.4911130327291382,1026,not_assessed,Надёжность отдельно не установлена; R² сохранён без порога
2020-03-01,D1,96,-0.7514059040995548,-22.50542979172,-19.842533805295993,30.003675073636437,14.760126862957414,14:46,0.7240634890031125,994,not_assessed,Надёжность отдельно не установлена; R² сохранён без порога
2020-03-01,D2,96,-0.24185091169329775,1.69279093607852,-17.57744526656949,17.65876901860704,18.366725976679295,18:22,0.774633534918536,1010,not_assessed,Надёжность отдельно не установлена; R² сохранён без порога
2020-03-01,D3,96,-0.1507032703298709,5.30154276591309,-4.344771813824824,6.8544436545216465,21.377624199317808,21:23,0.351094275563798,1026,not_assessed,Надёжность отдельно не установлена; R² сохранён без порога
2020-03-02,D1,96,-0.5546017528071114,-29.18324607690812,-19.70955877127729,35.21545908466631,14.268933700012516,14:16,0.7224414954290808,994,not_assessed,Надёжность отдельно не установлена; R² сохранён без порога
2020-03-02,D2,96,-0.007980890358712248,-1.7022875208998658,-22.29927891572066,22.364159339552995,17.70897387870915,17:43,0.816874092194589,1010,not_assessed,Надёжность отдельно не установлена; R² сохранён без порога
2020-03-02,D3,96,0.0720410919890678,7.49512738609825,-7.1454746365372666,10.355420914440773,21.091206719790833,21:05,0.5592005237330397,1026,not_assessed,Надёжность отдельно не установлена; R² сохранён без порога
2020-03-03,D1,96,0.6409964972887017,-18.852244970558615,-16.982276401514603,25.373309839423637,14.800854578676049,14:48,0.7364673409779837,994,not_assessed,Надёжность отдельно не установлена; R² сохранён без порога
2020-03-03,D2,96,-0.42761124902008113,0.4473341705364877,-16.254118035989435,16.260272475822987,18.10509702585474,18:06,0.763572850309647,1010,not_assessed,Надёжность отдельно не установлена; R² сохранён без порога
2020-03-03,D3,96,-0.16569838686927002,7.5040459680004385,-4.546814981534399,8.774065897072422,21.919179579976156,21:55,0.415305351353516,1026,not_assessed,Надёжность отдельно не установлена; R² сохранён без порога
2020-03-04,D1,96,0.2558762137157677,-28.298711826194463,-19.790101901143007,34.53208977573791,14.331079929216433,14:20,0.8030214939815972,994,not_assessed,Надёжность отдельно не установлена; R² сохранён без порога
2020-03-04,D2,96,1.4226889530050217,3.8013834340947756,-25.51063055471733,25.79230093094231,18.56502536179238,18:34,0.8481634704335046,1010,not_assessed,Надёжность отдельно не установлена; R² сохранён без порога
2020-03-04,D3,96,0.21639437807622225,9.541353267493182,-7.597835086155221,12.196906172120622,21.431299083165435,21:26,0.6108767521047744,1026,not_assessed,Надёжность отдельно не установлена; R² сохранён без порога
2020-03-05,D1,96,-0.8873602075573814,-28.530728387920963,-14.379360188293195,31.94946731590357,13.783193394060339,13:47,0.7962766121643695,994,not_assessed,Надёжность отдельно не установлена; R² сохранён без порога
2020-03-05,D2,96,0.3095663843164991,1.868452190615308,-25.321123425192766,25.38996662271262,18.281348109855358,18:17,0.8464679963227775,1010,not_assessed,Надёжность отдельно не установлена; R² сохранён без порога
2020-03-05,D3,96,0.2764834506705425,9.606596771046629,-6.984394806775455,11.877224942653712,21.598752773911826,21:36,0.6291638907756216,1026,not_assessed,Надёжность отдельно не установлена; R² сохранён без порога
2020-03-06,D1,96,0.031013363761292337,-27.10267629111255,-12.754987814473772,29.954044406193447,13.680165739080522,13:41,0.7995706800707211,994,not_assessed,Надёжность отдельно не установлена; R² сохранён без порога
2020-03-06,D2,96,-0.37790641372664613,1.1021539509845741,-24.75136044984079,24.775887218213068,18.169976061542357,18:10,0.8599740245197824,1010,not_assessed,Надёжность отдельно не установлена; R² сохранён без порога
2020-03-06,D3,96,0.25675774192702366,11.893081691433022,-7.4323947672689155,14.024474467716274,21.8664882340801,21:52,0.671738790738974,1026,not_assessed,Надёжность отдельно не установлена; R² сохранён без порога
2020-03-07,D1,96,0.2809919801612946,-27.184097509116167,-13.643952866478253,30.41599262243164,13.776833515858716,13:47,0.7728756736303966,994,not_assessed,Надёжность отдельно не установлена; R² сохранён без порога
2020-03-07,D2,96,0.22627779103803877,0.42292992919408157,-24.82695854940037,24.830560616680653,18.065063027680647,18:04,0.8714676802435952,1010,not_assessed,Надёжность отдельно не установлена; R² сохранён без порога
2020-03-07,D3,96,-0.09155581168517146,9.579845034425288,-7.72943514584034,12.309248496856123,21.40679353356589,21:24,0.6530054108207686,1026,not_assessed,Надёжность отдельно не установлена; R² сохранён без порога
2020-03-08,D1,96,-1.4897418749162126,-15.123957958366441,-9.935511962761908,18.095538187316247,14.220163807091932,14:13,0.739868201709892,994,not_assessed,Надёжность отдельно не установлена; R² сохранён без порога
2020-03-08,D2,96,-2.0822709812189606,2.8085926160743853,-14.359235723909258,14.631330871040385,18.737802629460496,18:44,0.8122750670005952,1010,not_assessed,Надёжность отдельно не установлена; R² сохранён без порога
2020-03-08,D3,96,-0.31354955584708627,6.621245903172475,-2.6204096760253517,7.120915964992535,22.5605620948652,22:34,0.3801073758198288,1026,not_assessed,Надёжность отдельно не установлена; R² сохранён без порога
2020-03-09,D1,96,0.42096092740645497,-27.533702424636974,-8.278440643340353,28.751301686945748,13.11561544603679,13:07,0.7085422547158285,994,not_assessed,Надёжность отдельно не установлена; R² сохранён без порога
2020-03-09,D2,96,1.75722556329513,-1.1826900197992813,-22.10892902422713,22.140539701670455,17.79586340992045,17:48,0.7876163914795589,1010,not_assessed,Надёжность отдельно не установлена; R² сохранён без порога
2020-03-09,D3,96,0.040342356001305035,8.798632089727446,-6.3544137496023785,10.853317499802415,21.610867037339645,21:37,0.5038937144820868,1026,not_assessed,Надёжность отдельно не установлена; R² сохранён без порога
2020-03-10,D1,96,-0.6317433418709071,-11.184802356599995,-3.1945164355096294,11.632056525522302,13.062666009408105,13:04,0.6100044991315716,994,not_assessed,Надёжность отдельно не установлена; R² сохранён без порога
2020-03-10,D2,96,-2.516303412767006,-5.344909235596857,-10.843807467970318,12.089508473845305,16.250755128931182,16:15,0.7271923802472989,1010,not_assessed,Надёжность отдельно не установлена; R² сохранён без порога
2020-03-10,D3,96,-0.04325204397831019,6.647692108023745,-4.166616228718368,7.84554020832858,21.861432453123083,21:52,0.4066392765863669,1026,not_assessed,Надёжность отдельно не установлена; R² сохранён без порога
2020-03-11,D1,96,0.6198669850483832,-15.536090398986792,-4.814533141700226,16.264987988253154,13.14785786949459,13:09,0.7063454081847119,994,not_assessed,Надёжность отдельно не установлена; R² сохранён без порога
2020-03-11,D2,96,1.2978932545952906,-0.19637284370917207,-12.432031704944984,12.433582533063579,17.93966982598331,17:56,0.7049251285869853,1010,not_assessed,Надёжность отдельно не установлена; R² сохранён без порога
2020-03-11,D3,96,-0.812179840437667,3.8864816241999467,-4.102418703415898,5.651068804516579,20.896779523058377,20:54,0.2777815334072292,1026,not_assessed,Надёжность отдельно не установлена; R² сохранён без порога
2020-03-12,D1,96,-0.6695998520956898,-8.758003776555789,-2.4431157939758537,9.092383897138292,13.039124877130117,13:02,0.4861802478650721,994,not_assessed,Надёжность отдельно не установлена; R² сохранён без порога
2020-03-12,D2,96,-1.2503455088761968,-2.7590444791180486,-7.239916035012825,7.747819734079234,16.60925073821003,16:37,0.6023708688302432,1010,not_assessed,Надёжность отдельно не установлена; R² сохранён без порога
2020-03-12,D3,96,0.4981979256113236,3.493368082922273,-0.5820875606972663,3.5415316589151833,23.369327944041576,23:22,0.12023583784808334,1026,not_assessed,Надёжность отдельно не установлена; R² сохранён без порога
2020-03-13,D1,96,0.30453373475496165,-18.209745482384577,-5.468647117865807,19.01317784677163,13.11438429313458,13:07,0.5463552839818109,994,not_assessed,Надёжность отдельно не установлена; R² сохранён без порога
2020-03-13,D2,96,1.4444949583694555,-2.2880911330429408,-14.648896029667947,14.826513950390735,17.40815940071303,17:24,0.732537812293711,1010,not_assessed,Надёжность отдельно не установлена; R² сохранён без порога
2020-03-13,D3,96,0.546535837028292,5.770449394836023,-7.7143579438284275,9.633763787008284,20.453134055687844,20:27,0.5054653183869838,1026,not_assessed,Надёжность отдельно не установлена; R² сохранён без порога
2020-03-14,D1,96,1.4289395125564297,-24.723402834418295,-10.257632109163762,26.7668762503186,13.502223273199625,13:30,0.7291265981027577,994,not_assessed,Надёжность отдельно не установлена; R² сохранён без порога
2020-03-14,D2,96,1.4796340451094288,0.21305505203509867,-22.918108659839085,22.91909895697012,18.035508467206448,18:02,0.8503394402550178,1010,not_assessed,Надёжность отдельно не установлена; R² сохранён без порога
2020-03-14,D3,96,0.20595635605057316,10.813220061858486,-8.60511555286708,13.819324939532095,21.43249144372793,21:26,0.6526057948033672,1026,not_assessed,Надёжность отдельно не установлена; R² сохранён без порога
2020-03-15,D1,96,-0.42923697639604574,-28.50905360744954,-11.132404112693097,30.605498834698608,13.421998683335136,13:25,0.8227391452958556,994,not_assessed,Надёжность отдельно не установлена; R² сохранён без порога
2020-03-15,D2,96,-0.07651725298194889,1.1355248314878494,-25.22869449548262,25.254236131574455,18.171806748630157,18:10,0.8886353195648009,1010,not_assessed,Надёжность отдельно не установлена; R² сохранён без порога
2020-03-15,D3,96,0.2036548469087022,12.689815028034541,-7.184874265486965,14.58265489053993,22.032119955659113,22:02,0.6991689896528677,1026,not_assessed,Надёжность отдельно не установлена; R² сохранён без порога
2020-03-16,D1,96,-0.4056069402050028,-28.99533208467784,-8.874631184152355,30.32306648997554,13.13452213055686,13:08,0.8108975372661764,994,not_assessed,Надёжность отдельно не установлена; R² сохранён без порога
2020-03-16,D2,96,-0.2098096868320275,0.638255479943302,-24.198916429714064,24.207332079970378,18.100723156889178,18:06,0.8553120223662755,1010,not_assessed,Надёжность отдельно не установлена; R² сохранён без порога
2020-03-16,D3,96,0.16465926732886244,10.9144193342921,-9.47230677281992,14.45161392382108,21.26974924066664,21:16,0.6867926392904421,1026,not_assessed,Надёжность отдельно не установлена; R² сохранён без порога
2020-03-17,D1,96,0.03754508701867006,-25.76759008895709,-9.41300232118937,27.433069673137858,13.337829873126827,13:20,0.7965829218395799,994,not_assessed,Надёжность отдельно не установлена; R² сохранён без порога
2020-03-17,D2,96,-0.10708771777960889,0.8162550150345282,-23.140069072644533,23.154461102265564,18.13468292889346,18:08,0.8866459485590457,1010,not_assessed,Надёжность отдельно не установлена; R² сохранён без порога
2020-03-17,D3,96,-0.5283727489338972,9.946785317845217,-6.78523192751083,12.04067732602338,21.713334636126937,21:43,0.5999310783588476,1026,not_assessed,Надёжность отдельно не установлена; R² сохранён без порога
2020-03-18,D1,96,-1.7117722762505632,-16.37958018299193,-2.916233864800418,16.637159220409917,12.673013781809653,12:40,0.7680665770156271,994,not_assessed,Надёжность отдельно не установлена; R² сохранён без порога
2020-03-18,D2,96,-2.1735439237269025,-1.5158599860973387,-12.026791736033575,12.121945015523561,17.52108703357642,17:31,0.6577802146114551,1010,not_assessed,Надёжность отдельно не установлена; R² сохранён без порога
2020-03-18,D3,96,-0.3577087498688045,6.529829218140167,-1.2671356710549957,6.651639078222526,23.267869916508452,23:16,0.3117013927032516,1026,not_assessed,Надёжность отдельно не установлена; R² сохранён без порога
2020-03-19,D1,96,2.171220962646642,-22.98081487140543,-9.09798023153256,24.71621120736684,13.439889639802717,13:26,0.7042545595387881,994,not_assessed,Надёжность отдельно не установлена; R² сохранён без порога
2020-03-19,D2,96,1.6706636637304406,-0.4844840624033502,-19.42604765331832,19.432088210887606,17.904756269109818,17:54,0.8160254926170865,1010,not_assessed,Надёжность отдельно не установлена; R² сохранён без порога
2020-03-19,D3,96,0.3278184858263659,9.671267460141795,-6.9147256263387025,11.888937916111038,21.62907573661641,21:38,0.6035342981060754,1026,not_assessed,Надёжность отдельно не установлена; R² сохранён без порога
2020-03-20,D1,96,-0.6065210660113459,-29.260112376193366,-9.488861738277649,30.76024501455757,13.197835817053067,13:12,0.804604616445955,994,not_assessed,Надёжность отдельно не установлена; R² сохранён без порога
2020-03-20,D2,96,0.2572085638769753,-0.9162764433765673,-23.418274809846583,23.43619332549938,17.85062375950396,17:51,0.7823162412333529,1010,not_assessed,Надёжность отдельно не установлена; R² сохранён без порога
2020-03-20,D3,96,0.0060794075882483,9.865156791264775,-7.859388955036572,12.613140499605496,21.43042083115617,21:26,0.6006249772818558,1026,not_assessed,Надёжность отдельно не установлена; R² сохранён без порога
2020-03-21,D1,96,0.36702139444346404,-30.187901398188853,-8.409550427787483,31.33735676830886,13.03776199067152,13:02,0.8209104697098135,994,not_assessed,Надёжность отдельно не установлена; R² сохранён без порога
2020-03-21,D2,96,0.7639319277679971,-0.6497751856363401,-25.412100929984163,25.420406791937275,17.90235291045599,17:54,0.8232563010130854,1010,not_assessed,Надёжность отдельно не установлена; R² сохранён без порога
2020-03-21,D3,96,0.48580500510119234,10.652554761375661,-8.11576874679083,13.391886547290268,21.51317526197604,21:31,0.6711780145105233,1026,not_assessed,Надёжность отдельно не установлена; R² сохранён без порога
2020-03-22,D1,96,-0.9272154884690854,-26.915449355025732,-6.837768832070324,27.770424854218337,12.950282026732882,12:57,0.7931435074636978,994,not_assessed,Надёжность отдельно не установлена; R² сохранён без порога
2020-03-22,D2,96,-0.7410416444838483,-0.9133933674093679,-24.792042723592882,24.80886272790597,17.85933678654555,17:52,0.512652581294422,1010,not_assessed,Надёжность отдельно не установлена; R² сохранён без порога
2020-03-22,D3,96,-0.5723442091870615,9.392848999827201,-8.57673707964323,12.719513798368315,21.17335832017016,21:10,0.6352819022911573,1026,not_assessed,Надёжность отдельно не установлена; R² сохранён без порога
2020-03-23,D1,96,0.6516717934380062,-27.626502087013076,-5.236865411712236,28.11847038699164,12.715573645579175,12:43,0.8319909122164733,994,not_assessed,Надёжность отдельно не установлена; R² сохранён без порога
2020-03-23,D2,96,0.4941082592677868,-3.547756639730384,-24.687456221230185,24.941071986783328,17.45481281522906,17:27,0.8523781804644632,1010,not_assessed,Надёжность отдельно не установлена; R² сохранён без порога
2020-03-23,D3,96,0.3052687513570372,10.336033454027397,-8.757226353936701,13.547051375736974,21.315132686319153,21:19,0.6312175914573249,1026,not_assessed,Надёжность отдельно не установлена; R² сохранён без порога
2020-03-24,D1,96,-0.015100806037054172,-28.792134932470155,-8.263809018544363,29.954591859421875,13.067622423027565,13:04,0.8470907371823353,994,not_assessed,Надёжность отдельно не установлена; R² сохранён без порога
2020-03-24,D2,96,-0.08150176433943905,-0.794294576025866,-25.121503539502825,25.134057451170854,17.879267920200714,17:53,0.8759242984937399,1010,not_assessed,Надёжность отдельно не установлена; R² сохранён без порога
2020-03-24,D3,96,-0.3003384389212043,10.312270765314052,-7.506505246428187,12.755020554738623,21.596559221931365,21:36,0.6529287624506145,1026,not_assessed,Надёжность отдельно не установлена; R² сохранён без порога
2020-03-25,D1,96,-0.17416454685677332,-26.007396477223885,-5.175472533285744,26.51735634384228,12.75032207619057,12:45,0.7709483115794464,994,not_assessed,Надёжность отдельно не установлена; R² сохранён без порога
2020-03-25,D2,96,-0.4100191520260502,-1.6083883175622016,-23.77294470640495,23.827291348238845,17.741965383843706,17:45,0.8468803973971035,1010,not_assessed,Надёжность отдельно не установлена; R² сохранён без порога
2020-03-25,D3,96,0.2760466448123056,11.59993686716615,-6.820908254951764,13.45672043050273,21.969595883129273,21:58,0.67211432847739,1026,not_assessed,Надёжность отдельно не установлена; R² сохранён без порога
2020-03-28,D1,96,0.858059755930527,-28.2589508315565,-8.726803297136913,29.57575692839065,13.14410007672153,13:09,0.8104441731810406,994,not_assessed,Надёжность отдельно не установлена; R² сохранён без порога
2020-03-28,D2,96,1.66711103052275,1.0965453598143746,-26.632691077155865,26.655255499382257,18.157180149234808,18:09,0.8869354744967834,1010,not_assessed,Надёжность отдельно не установлена; R² сохранён без порога
2020-03-28,D3,96,0.5954558929887331,12.366542386807527,-8.251287672915161,14.866577241110642,21.75251483063824,21:45,0.6843865193657637,1026,not_assessed,Надёжность отдельно не установлена; R² сохранён без порога
2020-03-29,D1,96,-0.7056919279286865,-23.461845141375086,-8.854166401408227,25.076970313450786,13.378386181320543,13:23,0.8454703736575699,994,not_assessed,Надёжность отдельно не установлена; R² сохранён без порога
2020-03-29,D2,96,-1.237833554761035,-0.9840539316014318,-22.41575053999069,22.437340181300303,17.8324215271074,17:50,0.8925430806902424,1010,not_assessed,Надёжность отдельно не установлена; R² сохранён без порога
2020-03-29,D3,96,0.030240777103861874,10.639959265964347,-6.688395955233659,12.567552412278475,21.856405180527542,21:51,0.6070751422604928,1026,not_assessed,Надёжность отдельно не установлена; R² сохранён без порога
2020-03-30,D1,96,0.7205163272656658,-26.788216088573357,-9.5052191621708,28.424596963351995,13.302408598670974,13:18,0.828291770787106,994,not_assessed,Надёжность отдельно не установлена; R² сохранён без порога
2020-03-30,D2,96,0.7721064947210394,1.6705130230342906,-26.02224246004434,26.07580710945419,18.24487305320055,18:15,0.8866666896918415,1010,not_assessed,Надёжность отдельно не установлена; R² сохранён без порога
2020-03-30,D3,96,-0.3104897994189412,11.09289819983724,-8.943128540937456,14.248927628831666,21.40827556171038,21:24,0.670449148535798,1026,not_assessed,Надёжность отдельно не установлена; R² сохранён без порога
2020-03-31,D1,96,-1.2669239537312385,-22.256965594090985,-5.108239953997524,22.835643912186196,12.861746955921822,12:52,0.8265246788736564,994,not_assessed,Надёжность отдельно не установлена; R² сохранён без порога
2020-03-31,D2,96,-1.1625627595575263,-1.048697309451395,-18.77509709283757,18.80436217722708,17.78686817774011,17:47,0.8398900263780693,1010,not_assessed,Надёжность отдельно не установлена; R² сохранён без порога
2020-03-31,D3,96,0.4881624756719433,8.46439347738408,-5.534986051783602,10.113457743690889,21.787917479641855,21:47,0.5247627170467547,1026,not_assessed,Надёжность отдельно не установлена; R² сохранён без порога
2020-04-01,D1,96,0.7925751439893729,-22.011464429043777,-5.521039165541607,22.693312666477404,12.938717107867054,12:56,0.7994064064201372,994,not_assessed,Надёжность отдельно не установлена; R² сохранён без порога
2020-04-01,D2,96,1.0632534321633655,-0.3231105224616475,-21.838104971211045,21.84049516708259,17.943488629774386,17:57,0.8533517409154069,1010,not_assessed,Надёжность отдельно не установлена; R² сохранён без порога
2020-04-01,D3,96,0.0962020980196487,9.577332891487817,-7.547945158195683,12.194128973629237,21.45054495336263,21:27,0.653808421724673,1026,not_assessed,Надёжность отдельно не установлена; R² сохранён без порога
2020-04-02,D1,96,-0.40617811885488964,-22.473412359429904,-7.258166350694561,23.61641890404495,13.193248980854914,13:12,0.8163069994264396,994,not_assessed,Надёжность отдельно не установлена; R² сохранён без порога
2020-04-02,D2,96,-0.10990602330655057,-2.8446112915373867,-23.365269637818045,23.537791711370968,17.537244625317264,17:32,0.8607380593450715,1010,not_assessed,Надёжность отдельно не установлена; R² сохранён без порога
2020-04-02,D3,96,0.3815433686359672,9.246039296895477,-10.435479248709289,13.942326557285107,20.769438175565373,20:46,0.6418628922387383,1026,not_assessed,Надёжность отдельно не установлена; R² сохранён без порога
2020-04-03,D1,96,0.01169812586015669,-23.709162526297938,-6.829163180132622,24.673099874950644,13.071230884528674,13:04,0.8089072115281336,994,not_assessed,Надёжность отдельно не установлена; R² сохранён без порога
2020-04-03,D2,96,0.5163481630574848,-0.19654462712621168,-23.417490773212393,23.418315565043095,17.967941588861887,17:58,0.8801786757589898,1010,not_assessed,Надёжность отдельно не установлена; R² сохранён без порога
2020-04-03,D3,96,-0.005873319145412764,8.550931080899733,-8.624584282270579,12.14503505109334,20.983620125783332,20:59,0.6595099785332619,1026,not_assessed,Надёжность отдельно не установлена; R² сохранён без порога
2020-04-04,D1,96,-0.1538644773614245,-23.21041359196714,-6.751519889737738,24.172428920811768,13.081255143612628,13:05,0.8123009015527022,994,not_assessed,Надёжность отдельно не установлена; R² сохранён без порога
2020-04-04,D2,96,-0.7053445149727922,-3.3048698958863687,-23.242853078718397,23.47663485825056,17.460495796669953,17:28,0.8471603086312468,1010,not_assessed,Надёжность отдельно не установлена; R² сохранён без порога
2020-04-04,D3,96,-0.20296316563402567,9.45960475022432,-8.417474865976285,12.662464418501203,21.222415694905656,21:13,0.6992417887609408,1026,not_assessed,Надёжность отдельно не установлена; R² сохранён без порога
2020-04-05,D1,96,-0.04189938156610444,-24.056151394034817,-5.207121026674459,24.613259216917182,12.814242985432175,12:49,0.7959193313542107,994,not_assessed,Надёжность отдельно не установлена; R² сохранён без порога
2020-04-05,D2,96,-0.10200272729118608,-1.2427976542700954,-20.809453805472458,20.846532414086315,17.77214657282248,17:46,0.8716002801524823,1010,not_assessed,Надёжность отдельно не установлена; R² сохранён без порога
2020-04-05,D3,96,-0.1299733576013715,10.162545862043554,-7.5549631239905874,12.663127820684595,21.55816186465251,21:33,0.622703993487616,1026,not_assessed,Надёжность отдельно не установлена; R² сохранён без порога
2020-04-06,D1,96,-0.31083833163893165,-25.285490353304255,-4.389808269146869,25.66371834023497,12.656596009958237,12:39,0.8009141580676339,994,not_assessed,Надёжность отдельно не установлена; R² сохранён без порога
2020-04-06,D2,96,-0.08445569006261795,-1.4824414039758569,-22.7362643869059,22.78454192621628,17.751300164636916,17:45,0.8316972461475804,1010,not_assessed,Надёжность отдельно не установлена; R² сохранён без порога
2020-04-06,D3,96,-0.41012337662290177,9.726962438871812,-8.221299778761718,12.735916470340506,21.31968405631252,21:19,0.6165433189823863,1026,not_assessed,Надёжность отдельно не установлена; R² сохранён без порога
2020-04-07,D1,96,0.09820081222141024,-25.064849001574466,-3.479051158384707,25.30514675781167,12.526818564389401,12:32,0.7605069649826153,994,not_assessed,Надёжность отдельно не установлена; R² сохранён без порога
2020-04-07,D2,96,0.030912928554842622,-2.8685022222739214,-22.041747867949795,22.227616922951047,17.505681842292134,17:30,0.8182076196947734,1010,not_assessed,Надёжность отдельно не установлена; R² сохранён без порога
2020-04-07,D3,96,0.3468821084877551,10.403059329278141,-7.981665876243859,13.112232211506804,21.50020391067778,21:30,0.6182792070076867,1026,not_assessed,Надёжность отдельно не установлена; R² сохранён без порога
2020-04-08,D1,96,0.049885524223388655,-19.501948754237876,-5.283325287827639,20.20493829017845,13.010553583231,13:01,0.7062475075002161,994,not_assessed,Надёжность отдельно не установлена; R² сохранён без порога
2020-04-08,D2,96,-0.41319930236396846,-1.2717538594856825,-19.399010262924286,19.4406521768216,17.74994597525464,17:45,0.8573790591695168,1010,not_assessed,Надёжность отдельно не установлена; R² сохранён без порога
2020-04-08,D3,96,-0.09260801483953554,7.397395675779489,-7.993863685730979,10.891433303752521,20.85204586759156,20:51,0.5593830117312311,1026,not_assessed,Надёжность отдельно не установлена; R² сохранён без порога
2020-04-09,D1,96,0.313403202867755,-25.252483807876885,-5.8236890636144025,25.915310007344043,12.865761004416408,12:52,0.8034482170990846,994,not_assessed,Надёжность отдельно не установлена; R² сохранён без порога
2020-04-09,D2,96,0.9553401788801419,0.26278124523367197,-23.39512708816232,23.3966028614009,18.04290244741662,18:03,0.8692033739551246,1010,not_assessed,Надёжность отдельно не установлена; R² сохранён без порога
2020-04-09,D3,96,0.38171986177134815,9.309667031856687,-8.483975869850052,12.595544720425442,21.17712208119251,21:11,0.6205699620486136,1026,not_assessed,Надёжность отдельно не установлена; R² сохранён без порога
2020-04-10,D1,96,-0.017929698789766482,-25.917189369578388,-6.676075827459515,26.76323398381773,12.962995994672529,12:58,0.8483721356660519,994,not_assessed,Надёжность отдельно не установлена; R² сохранён без порога
2020-04-10,D2,96,-0.33019449972851195,-1.1142891054063124,-24.476451182342203,24.50180202948363,17.826227500218362,17:50,0.897342756541311,1010,not_assessed,Надёжность отдельно не установлена; R² сохранён без порога
2020-04-10,D3,96,-0.2915097566828665,9.004096594404762,-9.009497187013082,12.73753488883026,20.998854823537492,21:00,0.6236376698021453,1026,not_assessed,Надёжность отдельно не установлена; R² сохранён без порога
2020-04-11,D1,96,-1.039362118062335,-18.122858282279754,-3.1456396149780765,18.393831599395362,12.656459802360589,12:39,0.7699072187247376,994,not_assessed,Надёжность отдельно не установлена; R² сохранён без порога
2020-04-11,D2,96,-1.457697539412797,-2.482550928727324,-15.984110716446228,16.175748962855973,17.41144782774861,17:25,0.7905430667616989,1010,not_assessed,Надёжность отдельно не установлена; R² сохранён без порога
2020-04-11,D3,96,-0.2929654043662781,6.154903511262432,-5.492003165161761,8.24893544641352,21.217170443258798,21:13,0.4709354909258454,1026,not_assessed,Надёжность отдельно не установлена; R² сохранён без порога
2020-04-12,D1,96,1.151586258087559,-21.891087982462434,-4.630400124906052,22.37544051795721,12.796210513005695,12:48,0.7919717777066467,994,not_assessed,Надёжность отдельно не установлена; R² сохранён без порога
2020-04-12,D2,96,1.2442874425106742,-0.5712554821244835,-21.275990496251048,21.2836581541431,17.897466062201097,17:54,0.8562311783490059,1010,not_assessed,Надёжность отдельно не установлена; R² сохранён без порога
2020-04-12,D3,96,-0.3640138781820739,7.3756538280154516,-6.741843540848335,9.992633472713656,21.17137260920436,21:10,0.5025843874242839,1026,not_assessed,Надёжность отдельно не установлена; R² сохранён без порога
2020-04-13,D1,96,-0.439153982839036,-22.553880403141648,-4.486451718829126,22.995777226799742,12.750033555996037,12:45,0.8199417539160193,994,not_assessed,Надёжность отдельно не установлена; R² сохранён без порога
2020-04-13,D2,96,-0.39890257861676487,-2.007932484324777,-20.338684326306534,20.43756034821069,17.62411708646123,17:37,0.8425995149306349,1010,not_assessed,Надёжность отдельно не установлена; R² сохранён без порога
2020-04-13,D3,96,0.2711339808883275,9.077862110482474,-5.22202497927494,10.47268472652093,22.00602710544501,22:00,0.5545127071304713,1026,not_assessed,Надёжность отдельно не установлена; R² сохранён без порога
2020-04-14,D1,96,0.33429737677516336,-24.184480158222698,-5.715385922261653,24.85064821617042,12.886429884854612,12:53,0.8064828083364695,994,not_assessed,Надёжность отдельно не установлена; R² сохранён без порога
2020-04-14,D2,96,0.7080730087084683,1.0839311076511677,-23.446748385317864,23.47178980160098,18.176457991027682,18:11,0.8542197368439486,1010,not_assessed,Надёжность отдельно не установлена; R² сохранён без порога
2020-04-14,D3,96,0.7538015286049977,11.03744128048531,-9.136778690396929,14.328497299349037,21.358805947569397,21:22,0.7100400619135803,1026,not_assessed,Надёжность отдельно не установлена; R² сохранён без порога
2020-04-15,D1,96,-0.0015635916613740055,-23.257774581874827,-6.402249860893701,24.122870512909863,13.026054721161742,13:02,0.8171657236761405,994,not_assessed,Надёжность отдельно не установлена; R² сохранён без порога
2020-04-15,D2,96,0.22156278399833973,0.5593263492430118,-24.150625886766164,24.15710199273699,18.088448532314985,18:05,0.8637832389121668,1010,not_assessed,Надёжность отдельно не установлена; R² сохранён без порога
2020-04-15,D3,96,-0.28163789993216126,9.298039156632306,-9.779281412782002,13.493994112517285,20.903664655449056,20:54,0.6680875168565238,1026,not_assessed,Надёжность отдельно не установлена; R² сохранён без порога
2020-04-16,D1,96,-0.25115787833392234,-23.765246332481585,-5.680270935689149,24.434655944914883,12.89616037699372,12:54,0.8353629504520215,994,not_assessed,Надёжность отдельно не установлена; R² сохранён без порога
2020-04-16,D2,96,-0.38349485838549296,-0.7894741408929202,-24.14766475860849,24.16056668857916,17.875164104391878,17:53,0.8616543888458327,1010,not_assessed,Надёжность отдельно не установлена; R² сохранён без порога
2020-04-16,D3,96,-0.030976716432506383,10.68616188768614,-10.713145311366512,15.131607262689911,20.995183534183532,21:00,0.7521936415345462,1026,not_assessed,Надёжность отдельно не установлена; R² сохранён без порога
2020-04-17,D1,96,-0.2938049990854196,-20.784832064520906,-2.763670329338826,20.967763772982664,12.50492986965592,12:30,0.7782881140471333,994,not_assessed,Надёжность отдельно не установлена; R² сохранён без порога
2020-04-17,D2,96,-0.5442814860059245,-1.9024159773788103,-18.87095650792549,18.966607131350656,17.61622371496415,17:37,0.8604153939933951,1010,not_assessed,Надёжность отдельно не установлена; R² сохранён без порога
2020-04-17,D3,96,-0.06118046161453947,9.097670825997579,-8.761855937294467,12.630824752331486,21.071814178815174,21:04,0.7101850972950072,1026,not_assessed,Надёжность отдельно не установлена; R² сохранён без порога
2020-04-20,D1,96,0.8036105753880918,-19.30908059050989,-5.546154961151258,20.089809060912163,13.068378313678695,13:04,0.7963052240112427,994,not_assessed,Надёжность отдельно не установлена; R² сохранён без порога
2020-04-20,D2,96,-0.03870284589518116,-0.2808776724235429,-23.124797706332608,23.126503437088623,17.953607337999294,17:57,0.8800367139452893,1010,not_assessed,Надёжность отдельно не установлена; R² сохранён без порога
2020-04-20,D3,96,0.44120862556326235,11.114492177667104,-7.478092724806741,13.396036994881388,21.737760189947902,21:44,0.7064805589854425,1026,not_assessed,Надёжность отдельно не установлена; R² сохранён без порога
2020-04-21,D1,96,0.9457225081255203,30.10687671070471,-22.8925528507937,37.8218587763737,21.516767008569172,21:31,0.43170673999551357,994,not_assessed,Надёжность отдельно не установлена; R² сохранён без порога
2020-04-21,D2,96,-0.6419727009393749,10.974297253800842,-19.810238581668248,22.646870708276627,19.93234536639003,19:56,0.8260345631246704,1010,not_assessed,Надёжность отдельно не установлена; R² сохранён без порога
2020-04-21,D3,96,-1.8078869029991615,14.925178857834076,1.988469465771633,15.057057307277654,0.5059186967338493,00:30,0.5974290676058134,1026,not_assessed,Надёжность отдельно не установлена; R² сохранён без порога
2020-04-22,D1,96,7.725688552046692,-35.38237247431762,-81.11415832874565,88.49530475280689,16.428863116984072,16:26,0.8328713731277977,994,not_assessed,Надёжность отдельно не установлена; R² сохранён без порога
2020-04-22,D2,96,2.8769491251845762,19.845385737279624,-39.828957092526984,44.49927143380864,19.76569876521547,19:46,0.9096396470154632,1010,not_assessed,Надёжность отдельно не установлена; R² сохранён без порога
2020-04-22,D3,96,0.3005347891910136,17.27606485883733,-2.457936128128946,17.450039169489436,23.46017597057084,23:28,0.7464529888877143,1026,not_assessed,Надёжность отдельно не установлена; R² сохранён без порога
2020-04-23,D1,96,-1.5550739594096656,-50.970776360794915,-70.48763005194006,86.98578063776478,15.608578878247245,15:37,0.8735146823063087,994,not_assessed,Надёжность отдельно не установлена; R² сохранён без порога
2020-04-23,D2,96,0.6252613257547948,11.066668004620016,-43.06674276077695,44.46589111608373,18.960749486656287,18:58,0.9082133385546177,1010,not_assessed,Надёжность отдельно не установлена; R² сохранён без порога
2020-04-23,D3,96,1.4265972865355523,17.682086527566604,-6.8116264831488476,18.948731865596894,22.595462783735364,22:36,0.7416141034663668,1026,not_assessed,Надёжность отдельно не установлена; R² сохранён без порога
2020-04-24,D1,96,0.33803169852465376,-51.23916058434694,-60.93992050011613,79.61862525784383,15.329492995385317,15:20,0.8884022452798073,994,not_assessed,Надёжность отдельно не установлена; R² сохранён без порога
2020-04-24,D2,96,0.2915481034666565,4.637861223813225,-42.93304916762624,43.182826071960164,18.411032855885576,18:25,0.9197052412513658,1010,not_assessed,Надёжность отдельно не установлена; R² сохранён без порога
2020-04-24,D3,96,0.2272840840150408,15.833972824097394,-9.752678526272454,18.596489825530803,21.891312118251218,21:53,0.7819806894250171,1026,not_assessed,Надёжность отдельно не установлена; R² сохранён без порога
2020-04-25,D1,96,-1.3544105294919724,-51.53349377935754,-50.793546149643845,72.35803557009464,14.972379319398193,14:58,0.8729791307464827,994,not_assessed,Надёжность отдельно не установлена; R² сохранён без порога
2020-04-25,D2,96,-0.1548205302678062,1.7556102348811997,-39.954764680898634,39.993316791719145,18.167730342421443,18:10,0.91305129176966,1010,not_assessed,Надёжность отдельно не установлена; R² сохранён без порога
2020-04-25,D3,96,0.35272452816545236,13.53688837397495,-10.23888341334118,16.97298089321529,21.526484454383144,21:32,0.788649614819616,1026,not_assessed,Надёжность отдельно не установлена; R² сохранён без порога
2020-04-26,D1,96,-3.6907522574338048,-46.41794121528586,-23.31946838235256,51.94634609191752,13.778270746402685,13:47,0.8461091855857432,994,not_assessed,Надёжность отдельно не установлена; R² сохранён без порога
2020-04-26,D2,96,-1.4551523810624936,-2.3847485853783112,-29.646602297700717,29.74236126492813,17.6934050718107,17:42,0.8940357070710937,1010,not_assessed,Надёжность отдельно не установлена; R² сохранён без порога
2020-04-26,D3,96,-0.18719839612537212,10.524556655240126,-8.182778185475954,13.331322200819406,21.475676899582453,21:29,0.6982011450572886,1026,not_assessed,Надёжность отдельно не установлена; R² сохранён без порога
2020-04-27,D1,96,-1.5341555311905632,-29.59949186051187,-16.005806244133865,33.64989973128097,13.893475192906552,13:54,0.8635268244046158,994,not_assessed,Надёжность отдельно не установлена; R² сохранён без порога
2020-04-27,D2,96,-0.6354867312693419,2.049232217532456,-25.53712243775951,25.61921105503628,18.30585881177446,18:18,0.8946559923233708,1010,not_assessed,Надёжность отдельно не установлена; R² сохранён без порога
2020-04-27,D3,96,-0.13484853208322073,11.262310826716913,-7.051382100111653,13.287649704871061,21.863275829615336,21:52,0.6335332865425966,1026,not_assessed,Надёжность отдельно не установлена; R² сохранён без порога
2020-04-28,D1,96,0.06236008896156488,-29.468293110409064,-17.254992907851936,34.14842718326867,14.02339106027993,14:01,0.8248626526134855,994,not_assessed,Надёжность отдельно не установлена; R² сохранён без порога
2020-04-28,D2,96,0.20602790796882864,2.459514390099983,-29.010116597285545,29.1141902862369,18.32306800065097,18:19,0.8862376680127126,1010,not_assessed,Надёжность отдельно не установлена; R² сохранён без порога
2020-04-28,D3,96,-0.021067408137895188,13.381884946256871,-8.381561240608768,15.790041594148239,21.862639297732205,21:52,0.7231705674591142,1026,not_assessed,Надёжность отдельно не установлена; R² сохранён без порога
2020-04-29,D1,96,-0.27381178900603925,-32.74471474627846,-12.659279718249929,35.10660488853971,13.409117678188606,13:25,0.8614143207650216,994,not_assessed,Надёжность отдельно не установлена; R² сохранён без порога
2020-04-29,D2,96,0.3046253747714288,0.08263405344764507,-30.673458230120747,30.673569537661432,18.010290266842965,18:01,0.8978630522780793,1010,not_assessed,Надёжность отдельно не установлена; R² сохранён без порога
2020-04-29,D3,96,0.4305454049320745,13.17131117489001,-10.751155820636463,17.002081917970745,21.38511777315858,21:23,0.7790594228831614,1026,not_assessed,Надёжность отдельно не установлена; R² сохранён без порога
2020-05-02,D1,96,0.2687062005902146,-27.195533686782916,-10.081188127551915,29.00392053795552,13.35595865229641,13:21,0.8210228983026301,994,not_assessed,Надёжность отдельно не установлена; R² сохранён без порога
2020-05-02,D2,96,-3.6197582213561783,-3.798332115601734,-31.082599849360633,31.313820275652812,17.53552853288406,17:32,0.8983509949119926,1010,not_assessed,Надёжность отдельно не установлена; R² сохранён без порога
2020-05-02,D3,96,-0.30825129949554125,11.45451776380277,-9.227883596448741,14.709174445592824,21.409646997541806,21:25,0.7405864734068661,1026,not_assessed,Надёжность отдельно не установлена; R² сохранён без порога
2020-05-03,D1,96,-0.2162615134759085,-29.629666707400638,-10.655304404969218,31.48734128430348,13.318626692620617,13:19,0.826123410795062,994,not_assessed,Надёжность отдельно не установлена; R² сохранён без порога
2020-05-03,D2,96,0.9493205299196943,3.7378144577043955,-29.724515709942047,29.95860629453272,18.477816055015737,18:29,0.24669019207360554,1010,not_assessed,Надёжность отдельно не установлена; R² сохранён без порога
2020-05-03,D3,96,-0.05162209179642498,11.279113305602419,-9.20036441289197,14.555586635056194,21.38639333262811,21:23,0.6745741038966087,1026,not_assessed,Надёжность отдельно не установлена; R² сохранён без порога
2020-05-06,D1,96,4.30100613765695,-56.70486368509579,-77.25663009977147,95.83333689232683,15.581470350534602,15:35,0.8714552293869117,994,not_assessed,Надёжность отдельно не установлена; R² сохранён без порога
2020-05-06,D2,96,2.1311102411708176,10.510569436074963,-46.59083195648529,47.761675978424414,18.847514876623777,18:51,0.9247020427507268,1010,not_assessed,Надёжность отдельно не установлена; R² сохранён без порога
2020-05-06,D3,96,1.3510377753531972,19.244014395813096,-7.78403533041566,20.758692061192605,22.53180659983986,22:32,0.8108851143799156,1026,not_assessed,Надёжность отдельно не установлена; R² сохранён без порога
2020-05-07,D1,96,-1.9178395869128173,-61.82247096885051,-67.92844912642519,91.84929023904158,15.17962049495908,15:11,0.8915917848382819,994,not_assessed,Надёжность отдельно не установлена; R² сохранён без порога
2020-05-07,D2,96,-0.017466565577627255,3.381742966820191,-47.36425973346609,47.484832163469584,18.272260641273494,18:16,0.9148173076425291,1010,not_assessed,Надёжность отдельно не установлена; R² сохранён без порога
2020-05-07,D3,96,0.8010948229114444,17.336943698357477,-11.581114982020802,20.849264759861526,21.75046619912426,21:45,0.8123104667918337,1026,not_assessed,Надёжность отдельно не установлена; R² сохранён без порога
2020-05-08,D1,96,-4.024253460839641,-51.39651049202087,-35.25409203949471,62.32537441753219,14.296477017834523,14:18,0.8567189334686145,994,not_assessed,Надёжность отдельно не установлена; R² сохранён без порога
2020-05-08,D2,96,-2.220466992895047,-6.0952153021867925,-32.590737681560405,33.15581143944894,17.29378351256813,17:18,0.8932020371268072,1010,not_assessed,Надёжность отдельно не установлена; R² сохранён без порога
2020-05-08,D3,96,0.07687097566356901,10.631716772076214,-9.638706393394322,14.350542235738246,21.186971449311045,21:11,0.6693021090531986,1026,not_assessed,Надёжность отдельно не установлена; R² сохранён без порога
2020-05-09,D1,96,3.2473013038584417,-48.532637007074484,-52.319670016376605,71.36360925207605,15.143364171557812,15:09,0.8636268291065529,994,not_assessed,Надёжность отдельно не установлена; R² сохранён без порога
2020-05-09,D2,96,1.150648199861432,0.05670914670834293,-41.574983019805906,41.57502169601923,18.005210172905393,18:00,0.9057291327585135,1010,not_assessed,Надёжность отдельно не установлена; R² сохранён без порога
2020-05-09,D3,96,-1.1707790105443483,11.134460093200023,-12.495997924430727,16.736970027291107,20.780158821726634,20:47,0.727702467736365,1026,not_assessed,Надёжность отдельно не установлена; R² сохранён без порога
2020-05-10,D1,96,-5.44522835210887,-29.915191438494396,-16.350905336149633,34.09209269190577,13.91066182628014,13:55,0.8194383810439648,994,not_assessed,Надёжность отдельно не установлена; R² сохранён без порога
2020-05-10,D2,96,-2.307759826647792,-4.001183534634704,-19.627664248754453,20.031342280028703,17.23185899503584,17:14,0.8293884813114171,1010,not_assessed,Надёжность отдельно не установлена; R² сохранён без порога
2020-05-10,D3,96,0.9955502739198887,7.082065512726285,-4.2748228040588625,8.27222835351205,21.92561978923365,21:56,0.42230598762881744,1026,not_assessed,Надёжность отдельно не установлена; R² сохранён без порога
2020-05-11,D1,96,2.263807008465661,-53.607602651835656,-19.758659160506387,57.132999867836105,13.348856562563906,13:21,0.7437806065767771,994,not_assessed,Надёжность отдельно не установлена; R² сохранён без порога
2020-05-11,D2,96,2.515894878629485,-7.672946060109407,-31.66797391461172,32.58427033244533,17.092005161429967,17:06,0.8750862128615469,1010,not_assessed,Надёжность отдельно не установлена; R² сохранён без порога
2020-05-11,D3,96,0.7902173739207825,8.116898296687866,-13.050932193650626,15.369153167368745,20.125275876992617,20:08,0.6895151026290371,1026,not_assessed,Надёжность отдельно не установлена; R² сохранён без порога
2020-05-15,D1,96,0.36119275730450706,-34.9501364132709,-13.744581738002175,37.55563289919193,13.43119058843986,13:26,0.7889863841012237,994,not_assessed,Надёжность отдельно не установлена; R² сохранён без порога
2020-05-15,D2,96,0.5276292477168807,-1.7210565522527936,-29.298283594044655,29.34878970610404,17.775877456338318,17:47,0.8649590870666835,1010,not_assessed,Надёжность отдельно не установлена; R² сохранён без порога
2020-05-15,D3,96,-0.06221018685046638,10.659529303622834,-10.592848503144022,15.027774432208998,21.01198459121435,21:01,0.6427554134627407,1026,not_assessed,Надёжность отдельно не установлена; R² сохранён без порога
2020-05-16,D1,96,-0.23280351662979618,-33.483692563014685,-11.549178952812133,35.419503132293706,13.268687548489462,13:16,0.8176785683385278,994,not_assessed,Надёжность отдельно не установлена; R² сохранён без порога
2020-05-16,D2,96,-0.01912893729514353,0.11342999426059824,-29.748305271367162,29.74852152430519,18.014564478852236,18:01,0.8705757326431266,1010,not_assessed,Надёжность отдельно не установлена; R² сохранён без порога
2020-05-16,D3,96,-0.28744599164828816,12.552291203727133,-8.329417622469935,15.064501730647391,21.762176288720173,21:46,0.7246523455334176,1026,not_assessed,Надёжность отдельно не установлена; R² сохранён без порога
2020-05-17,D1,96,0.03260095162781748,-32.14992321622709,-11.766316911789755,34.23541698998228,13.340116903806477,13:20,0.8091949774130048,994,not_assessed,Надёжность отдельно не установлена; R² сохранён без порога
2020-05-17,D2,96,0.14725581312552655,0.2554638493176924,-29.310525940817495,29.311639201955995,18.033290952196626,18:02,0.8556018203131036,1010,not_assessed,Надёжность отдельно не установлена; R² сохранён без порога
2020-05-17,D3,96,0.29658060123854313,13.475623400213454,-8.662643630233756,16.0197946518927,21.817703153428045,21:49,0.6354571843508603,1026,not_assessed,Надёжность отдельно не установлена; R² сохранён без порога
2020-05-18,D1,96,0.03393475397945775,-32.66904971961053,-9.842202403545254,34.1194337252941,13.117731653279114,13:07,0.8280809507536427,994,not_assessed,Надёжность отдельно не установлена; R² сохранён без порога
2020-05-18,D2,96,0.049043266408874,-3.01264835442608,-29.61477186148248,29.767612643863142,17.6127601956128,17:37,0.8966649916564143,1010,not_assessed,Надёжность отдельно не установлена; R² сохранён без порога
2020-05-18,D3,96,-0.08506744777412635,13.78035038384511,-10.651030520047817,17.41673068748926,21.486603259966568,21:29,0.7666256447634932,1026,not_assessed,Надёжность отдельно не установлена; R² сохранён без порога
2020-05-19,D1,96,4.847122605662723,-15.639292530378391,-71.8868981514866,73.56842798845818,17.181754508368414,17:11,0.818704339943469,994,not_assessed,Надёжность отдельно не установлена; R² сохранён без порога
2020-05-19,D2,96,2.3173995709380995,28.944172176376938,-62.86740783546553,69.21037545719938,19.648090422495443,19:39,0.834865013736199,1010,not_assessed,Надёжность отдельно не установлена; R² сохранён без порога
2020-05-19,D3,96,-2.2454095879452907,30.94653317838972,-11.627382649245934,33.0587952447327,22.627170070016412,22:38,0.7380710722973678,1026,not_assessed,Надёжность отдельно не установлена; R² сохранён без порога
2020-05-20,D1,96,5.753619973045378,-52.861599947652984,-81.64627310567867,97.26490971091668,15.80527332504092,15:48,0.8257933989558939,994,not_assessed,Надёжность отдельно не установлена; R² сохранён без порога
2020-05-20,D2,96,1.5857635974703232,15.792255024646977,-47.686056666768,50.233010254111754,19.22155936939341,19:13,0.915016964811727,1010,not_assessed,Надёжность отдельно не установлена; R² сохранён без порога
2020-05-20,D3,96,2.943004835108337,23.56197776243216,-5.939012420357422,24.29894369322476,23.056851274258793,23:03,0.8326037256772469,1026,not_assessed,Надёжность отдельно не установлена; R² сохранён без порога
2020-05-21,D1,96,-1.3862757786071493,-62.62844202712139,-78.27596643233814,100.24693846527698,15.422451273526706,15:25,0.8671019140114831,994,not_assessed,Надёжность отдельно не установлена; R² сохранён без порога
2020-05-21,D2,96,-0.26294041393244033,6.858040867745409,-50.576472993197406,51.03932155676927,18.514804258512143,18:31,0.914790285116655,1010,not_assessed,Надёжность отдельно не установлена; R² сохранён без порога
2020-05-21,D3,96,-0.07748175006777662,18.295547399326964,-10.6730319571281,21.181139388590438,21.982806161678923,21:59,0.8113272012137069,1026,not_assessed,Надёжность отдельно не установлена; R² сохранён без порога
2020-05-22,D1,96,-0.8024791803025854,-57.060199999983084,-71.32344062927112,91.33947452900762,15.422632181590645,15:25,0.8814903632393379,994,not_assessed,Надёжность отдельно не установлена; R² сохранён без порога
2020-05-22,D2,96,-0.771086319038488,5.527738325312029,-48.827853177699325,49.13975108744534,18.43059214830847,18:26,0.9199468633295466,1010,not_assessed,Надёжность отдельно не установлена; R² сохранён без порога
2020-05-22,D3,96,-0.5064787387566749,17.03585612119753,-9.105615514379148,19.316641211086505,22.125041731049606,22:08,0.756407864988327,1026,not_assessed,Надёжность отдельно не установлена; R² сохранён без порога
2020-05-23,D1,96,-2.6749672315378215,-58.59044143362368,-52.53517182244525,78.69424442613787,14.79206796464557,14:48,0.8355967330064212,994,not_assessed,Надёжность отдельно не установлена; R² сохранён без порога
2020-05-23,D2,96,-0.5178623916821834,1.0164440661972094,-40.80191988923022,40.814578586417724,18.09513590278914,18:06,0.8863933057942142,1010,not_assessed,Надёжность отдельно не установлена; R² сохранён без порога
2020-05-23,D3,96,1.083416584606277,16.54337726978929,-10.824668862198392,19.77009831707542,21.786830578807994,21:47,0.7686970593587384,1026,not_assessed,Надёжность отдельно не установлена; R² сохранён без порога
2020-05-24,D1,96,-2.641148071304696,-49.339802340890856,-28.747882447711806,57.103912652861496,14.015150463027396,14:01,0.8220157243440032,994,not_assessed,Надёжность отдельно не установлена; R² сохранён без порога
2020-05-24,D2,96,-1.0664267295183738,-1.5261605946741525,-33.94501790548115,33.979308509211485,17.828381857076288,17:50,0.8877889770270379,1010,not_assessed,Надёжность отдельно не установлена; R² сохранён без порога
2020-05-24,D3,96,-0.2843935109352277,13.948080282384373,-9.464483601565494,16.85601950070484,21.7227405018048,21:43,0.7051095539358541,1026,not_assessed,Надёжность отдельно не установлена; R² сохранён без порога
2020-05-25,D1,96,-1.2480678306773323,-38.63472278144256,-23.65239767656536,45.299864461710165,14.098347063689484,14:06,0.8600072346826908,994,not_assessed,Надёжность отдельно не установлена; R² сохранён без порога
2020-05-25,D2,96,-0.2544231597069913,2.2441051654382953,-32.4840846575422,32.56150739802928,18.263459874658537,18:16,0.889738405193997,1010,not_assessed,Надёжность отдельно не установлена; R² сохранён без порога
2020-05-25,D3,96,-1.0316803837944248,11.825818669818377,-9.243768019857871,15.009904543879417,21.465779133917525,21:28,0.6767741530956765,1026,not_assessed,Надёжность отдельно не установлена; R² сохранён без порога
2020-05-26,D1,96,-1.024640806688196,-34.492668491655365,-19.619048938860626,39.68187572356734,13.975382726977362,13:59,0.814694184562593,994,not_assessed,Надёжность отдельно не установлена; R² сохранён без порога
2020-05-26,D2,96,-0.22778557558454218,3.4127703560103857,-34.88676605881239,35.0532943893319,18.37247583237283,18:22,0.790951217014149,1010,not_assessed,Надёжность отдельно не установлена; R² сохранён без порога
2020-05-26,D3,96,0.173682502006505,13.842399853760455,-7.673967254137121,15.827248880615869,22.066455646395863,22:04,0.7725531158405672,1026,not_assessed,Надёжность отдельно не установлена; R² сохранён без порога
2020-05-27,D1,96,-0.10901201896020246,-35.305906029892824,-16.96636899168496,39.17096727620638,13.711117653127351,13:43,0.8304766590186494,994,not_assessed,Надёжность отдельно не установлена; R² сохранён без порога
2020-05-27,D2,96,-0.224176448287086,-0.4276583426056533,-32.66319950193754,32.66599904122592,17.949991389960182,17:57,0.892241808119228,1010,not_assessed,Надёжность отдельно не установлена; R² сохранён без порога
2020-05-27,D3,96,0.15987295876629554,14.793717191053613,-9.86343382365035,17.78036543838188,21.75382466983175,21:45,0.7700536749477884,1026,not_assessed,Надёжность отдельно не установлена; R² сохранён без порога
2020-05-28,D1,96,-0.009062884915394363,-33.97276954915599,-15.749902461098426,37.44607453891763,13.658174308782188,13:39,0.8247927592662647,994,not_assessed,Надёжность отдельно не установлена; R² сохранён без порога
2020-05-28,D2,96,-0.019021301452680495,-0.8704300292099703,-32.09727296502488,32.10907317608323,17.8964403258825,17:54,0.9077577932998712,1010,not_assessed,Надёжность отдельно не установлена; R² сохранён без порога
2020-05-28,D3,96,-0.04211365106365268,14.372725910279065,-11.186808559080681,18.21318027774194,21.473673129879234,21:28,0.7699042826428424,1026,not_assessed,Надёжность отдельно не установлена; R² сохранён без порога
2020-05-31,D1,96,0.34681539685579316,-28.166603887930172,-6.420285059167101,28.889057354308523,12.85603962514987,12:51,0.7298069187190332,994,not_assessed,Надёжность отдельно не установлена; R² сохранён без порога
2020-05-31,D2,96,0.1910870101911826,-5.450078253868541,-24.857649893833695,25.448106240302067,17.175566081955825,17:11,0.819872945830008,1010,not_assessed,Надёжность отдельно не установлена; R² сохранён без порога
2020-05-31,D3,96,-0.42181802163215576,7.374145743778756,-9.227578785698647,11.812122404410058,20.575321343119818,20:35,0.5783286498937046,1026,not_assessed,Надёжность отдельно не установлена; R² сохранён без порога
2020-06-01,D1,96,-1.457468927785331,-29.357077609829567,-3.721416453025217,29.59200814757936,12.481633436330089,12:29,0.7369475238203739,994,not_assessed,Надёжность отдельно не установлена; R² сохранён без порога
2020-06-01,D2,96,-0.4562003123236738,-7.995956662394935,-22.99460985600047,24.34517211638833,16.721720815774248,16:43,0.8255291103075094,1010,not_assessed,Надёжность отдельно не установлена; R² сохранён без порога
2020-06-01,D3,96,0.3042370787670265,9.38475210481613,-10.694837902470484,14.22860252551072,20.751136525316557,20:45,0.721756453206363,1026,not_assessed,Надёжность отдельно не установлена; R² сохранён без порога
2020-06-04,D1,96,-1.0374036155161503,-59.20630962730962,-55.17497242622408,80.92999865265935,14.865430756588403,14:52,0.868267401609022,994,not_assessed,Надёжность отдельно не установлена; R² сохранён без порога
2020-06-04,D2,96,0.1855336683099814,1.594583616253864,-44.20841190778936,44.23716062676262,18.137716355358414,18:08,0.9075347561898993,1010,not_assessed,Надёжность отдельно не установлена; R² сохранён без порога
2020-06-04,D3,96,1.1037772744765133,17.79070270973458,-11.89899078884061,21.403155951846703,21.748275239384903,21:45,0.7680015796874371,1026,not_assessed,Надёжность отдельно не установлена; R² сохранён без порога
2020-06-05,D1,96,-2.970895723802501,-28.8371578616386,-25.99711388938445,38.825656518785244,14.802341055890736,14:48,0.8451311563915731,994,not_assessed,Надёжность отдельно не установлена; R² сохранён без порога
2020-06-05,D2,96,-3.057974694610479,-1.2907712091777572,-21.19854692576967,21.237807845408643,17.76770562756959,17:46,0.8364331207381142,1010,not_assessed,Надёжность отдельно не установлена; R² сохранён без порога
2020-06-05,D3,96,-0.19018849535295745,8.858398272878524,-5.065016255354307,10.204195687458203,22.016008713978685,22:01,0.5488937767564055,1026,not_assessed,Надёжность отдельно не установлена; R² сохранён без порога
2020-06-06,D1,96,3.7841312654484547,-47.236963522957524,-53.84018573998381,71.62469073849587,15.249182541525784,15:15,0.7885596445136549,994,not_assessed,Надёжность отдельно не установлена; R² сохранён без порога
2020-06-06,D2,96,2.8584069363388376,3.275194849975687,-38.13754244513201,38.27791850479272,18.327228823634293,18:20,0.8631307701605071,1010,not_assessed,Надёжность отдельно не установлена; R² сохранён без порога
2020-06-06,D3,96,-0.0362088860958004,11.495964137053182,-10.73256160979439,15.727207957817727,21.13113047924175,21:08,0.6528980546096503,1026,not_assessed,Надёжность отдельно не установлена; R² сохранён без порога
2020-06-07,D1,96,-3.102689850047097,-58.461182899561166,-33.94776435096861,67.60296303006872,14.009550858782331,14:01,0.8314641768237827,994,not_assessed,Надёжность отдельно не установлена; R² сохранён без порога
2020-06-07,D2,96,-0.4572489133721143,-4.002626897713739,-35.12077998205632,35.348128785415355,17.566546474739017,17:34,0.8801375190231732,1010,not_assessed,Надёжность отдельно не установлена; R² сохранён без порога
2020-06-07,D3,96,0.34212513171547454,11.566413901693052,-10.49660143447731,15.619237248327762,21.185069196548476,21:11,0.7470618044690218,1026,not_assessed,Надёжность отдельно не установлена; R² сохранён без порога
2020-06-08,D1,96,-1.9886872828010995,-40.75154682774464,-20.200198072968305,45.483365871942866,13.757815131956637,13:45,0.8611918060827244,994,not_assessed,Надёжность отдельно не установлена; R² сохранён без порога
2020-06-08,D2,96,-0.6194129220079813,-2.014046734026767,-30.73596253352903,30.801879441185793,17.750061213980608,17:45,0.8820545373568358,1010,not_assessed,Надёжность отдельно не установлена; R² сохранён без порога
2020-06-08,D3,96,0.04396410157266132,12.772310209733476,-10.057510670869524,16.256857906382656,21.45209738799534,21:27,0.7419757385753771,1026,not_assessed,Надёжность отдельно не установлена; R² сохранён без порога
2020-06-09,D1,96,-0.4408624037108102,-37.03359375055365,-22.932708622882828,43.55911145630832,14.11783182110635,14:07,0.8603927777368423,994,not_assessed,Надёжность отдельно не установлена; R² сохранён без порога
2020-06-09,D2,96,-0.07723522310550299,4.5826991594443065,-33.669568456403596,33.98000841121761,18.516719239697984,18:31,0.8785489188334926,1010,not_assessed,Надёжность отдельно не установлена; R² сохранён без порога
2020-06-09,D3,96,-0.574413513386957,15.788452612758105,-9.335333940521403,18.34185638604662,21.960346116404608,21:58,0.7854348515775069,1026,not_assessed,Надёжность отдельно не установлена; R² сохранён без порога
2020-06-10,D1,96,-0.7965171137706142,-35.06130893687338,-17.66515396845195,39.26006939749331,13.78270774437474,13:47,0.8361106027979276,994,not_assessed,Надёжность отдельно не установлена; R² сохранён без порога
2020-06-10,D2,96,-0.6002267286409934,0.8419291827489381,-32.67365045619873,32.684496001661394,18.09840409790747,18:06,0.8840334951680248,1010,not_assessed,Надёжность отдельно не установлена; R² сохранён без порога
2020-06-10,D3,96,-0.11923238879707458,14.18015882306518,-9.315599911742781,16.966358064210933,21.77981623927787,21:47,0.7121882332035312,1026,not_assessed,Надёжность отдельно не установлена; R² сохранён без порога
2020-06-11,D1,96,-0.4012856115826473,-32.77784652558758,-16.031358849831435,36.48824042656815,13.737523577854311,13:44,0.7955384573322322,994,not_assessed,Надёжность отдельно не установлена; R² сохранён без порога
2020-06-11,D2,96,-0.038557032333885896,0.5456218068851797,-32.161503359625826,32.166131279769594,18.064795536709372,18:04,0.8753561904182288,1010,not_assessed,Надёжность отдельно не установлена; R² сохранён без порога
2020-06-11,D3,96,0.07832428614734624,13.292150376929555,-10.802900626467114,17.12845362513009,21.393218587457582,21:24,0.7931012762580624,1026,not_assessed,Надёжность отдельно не установлена; R² сохранён без порога
2020-06-12,D1,96,0.08978656575243595,-31.78479731025423,-13.117845107961688,34.38533408781161,13.495089263915617,13:30,0.8386257388712051,994,not_assessed,Надёжность отдельно не установлена; R² сохранён без порога
2020-06-12,D2,96,-0.18459348547885368,-1.0232419378968345,-29.5383077715435,29.556025613568174,17.867733316383987,17:52,0.890471333292526,1010,not_assessed,Надёжность отдельно не установлена; R² сохранён без порога
2020-06-12,D3,96,-0.6324018506014809,12.530857296443202,-8.37429743120774,15.071537481297533,21.74969523166086,21:45,0.6967844339687664,1026,not_assessed,Надёжность отдельно не установлена; R² сохранён без порога
2020-06-13,D1,96,-0.050408345511140096,-31.987406207737905,-14.323615374029734,35.047968746875625,13.608154683383635,13:36,0.8321536790052203,994,not_assessed,Надёжность отдельно не установлена; R² сохранён без порога
2020-06-13,D2,96,-0.1023763655407523,2.168554088811466,-29.827185257535557,29.905912579679747,18.277220856232574,18:17,0.6612995025334512,1010,not_assessed,Надёжность отдельно не установлена; R² сохранён без порога
2020-06-13,D3,96,0.8421649136976872,15.412430896445128,-9.81325744092117,18.271372355121304,21.834310811658796,21:50,0.7936150090483178,1026,not_assessed,Надёжность отдельно не установлена; R² сохранён без порога
2020-06-14,D1,96,-0.2964063452810607,-31.49382525987547,-15.057752176005188,34.9084077278463,13.703552279201269,13:42,0.8379776430587266,994,not_assessed,Надёжность отдельно не установлена; R² сохранён без порога
2020-06-14,D2,96,-0.15477984146955034,0.9219918750921074,-29.528952710801093,29.54334302705879,18.119225554773394,18:07,0.8976956727707186,1010,not_assessed,Надёжность отдельно не установлена; R² сохранён без порога
2020-06-14,D3,96,-0.8606564018602891,13.040818958592402,-8.758031634223364,15.70878980751987,21.74101619191371,21:44,0.7141678537618301,1026,not_assessed,Надёжность отдельно не установлена; R² сохранён без порога
2020-06-15,D1,96,0.11749004178671191,-29.556637864996027,-12.695086808297965,32.167686751657136,13.54962393299244,13:33,0.8305181244819644,994,not_assessed,Надёжность отдельно не установлена; R² сохранён без порога
2020-06-15,D2,96,1.3158945563586426,7.365469505077314,-33.52811011544554,34.32760272643089,18.825996827006335,18:50,0.42165916178444907,1010,not_assessed,Надёжность отдельно не установлена; R² сохранён без порога
2020-06-15,D3,96,0.43765622431047163,17.02331767043022,-7.8905623193482874,18.763110568983514,22.34210478854292,22:21,0.7962130767417798,1026,not_assessed,Надёжность отдельно не установлена; R² сохранён без порога
2020-06-16,D1,96,-0.34047003613328136,-31.05988164331128,-10.665049471715268,32.839907550579966,13.263397568890932,13:16,0.8535787648195126,994,not_assessed,Надёжность отдельно не установлена; R² сохранён без порога
2020-06-16,D2,96,-0.675943175755521,-2.6970189178314534,-30.48907001792312,30.608124764528768,17.662990426092716,17:40,0.36768865551845265,1010,not_assessed,Надёжность отдельно не установлена; R² сохранён без порога
2020-06-16,D3,96,-0.14793318930364388,12.209543008981383,-9.17686493357623,15.273761504530153,21.538063968076912,21:32,0.690870151837442,1026,not_assessed,Надёжность отдельно не установлена; R² сохранён без порога
2020-06-17,D1,96,-0.14157585012976853,-31.487233178405944,-11.08382630319069,33.38108833981615,13.292839131121681,13:18,0.8560598473146214,994,not_assessed,Надёжность отдельно не установлена; R² сохранён без порога
2020-06-17,D2,96,-0.2791702218128987,4.635373878487989,-35.16058085234877,35.46481547770866,18.500682940757926,18:30,0.35282379432050714,1010,not_assessed,Надёжность отдельно не установлена; R² сохранён без порога
2020-06-17,D3,96,0.09827995488946856,13.855449707650918,-8.466848875536805,16.23764196188667,21.90476997216539,21:54,0.6641097156334075,1026,not_assessed,Надёжность отдельно не установлена; R² сохранён без порога
2020-06-18,D1,96,0.2976355107697347,-30.987373346502878,-10.925894231806822,32.85715251935545,13.294815549014285,13:18,0.8598109985107895,994,not_assessed,Надёжность отдельно не установлена; R² сохранён без порога
2020-06-18,D2,96,-1.2105537216753925,2.3805599217720754,-25.597175931976516,25.707634687650774,18.354218313539857,18:21,0.202634372527141,1010,not_assessed,Надёжность отдельно не установлена; R² сохранён без порога
2020-06-18,D3,96,0.1634938077546325,13.675738025376093,-9.973307133286545,16.926094225000103,21.593189751881013,21:36,0.7827311332928868,1026,not_assessed,Надёжность отдельно не установлена; R² сохранён без порога
2020-06-19,D1,96,0.1719520620642908,-28.74432979718443,-11.173615890795759,30.83968527018958,13.416153827678924,13:25,0.8552479983453889,994,not_assessed,Надёжность отдельно не установлена; R² сохранён без порога
2020-06-19,D2,96,0.6479461104254826,1.008036423859373,-24.959622953478103,24.979970284442256,18.154181980831545,18:09,0.5873333522231623,1010,not_assessed,Надёжность отдельно не установлена; R² сохранён без порога
2020-06-19,D3,96,-0.2811704127278275,10.608421894324744,-8.222193789998204,13.421739298923729,21.481471047523453,21:29,0.6810891969160185,1026,not_assessed,Надёжность отдельно не установлена; R² сохранён без порога
2020-06-20,D1,96,-0.1666144310814785,-28.495748468979944,-11.705631162463927,30.80632210633102,13.488808795859175,13:29,0.8454655276791059,994,not_assessed,Надёжность отдельно не установлена; R² сохранён без порога
2020-06-20,D2,96,-0.3402063183334532,5.618231111200739,-30.16124811604546,30.680049034128345,18.703448998192663,18:42,0.2322632607448748,1010,not_assessed,Надёжность отдельно не установлена; R² сохранён без порога
2020-06-20,D3,96,-0.14081231746446146,11.70742496985108,-8.591923813272627,14.521878467945317,21.581703256339004,21:35,0.6699843176731619,1026,not_assessed,Надёжность отдельно не установлена; R² сохранён без порога
2020-06-21,D1,96,-0.35821508638238564,-25.230413461295182,-12.453832997589485,28.136661489234182,13.751408714830152,13:45,0.8296692617730721,994,not_assessed,Надёжность отдельно не установлена; R² сохранён без порога
2020-06-21,D2,96,-1.5588628124631978,-3.781558224492379,-21.92630197770085,22.250009011740964,17.34764306107632,17:21,0.24583928288590906,1010,not_assessed,Надёжность отдельно не установлена; R² сохранён без порога
2020-06-21,D3,96,-0.27581114341908514,11.25578310396591,-7.422538903406125,13.482831195861715,21.773163654964023,21:46,0.6737250426086769,1026,not_assessed,Надёжность отдельно не установлена; R² сохранён без порога
2020-06-22,D1,96,0.05934937213301706,-28.81984893116716,-7.413481406250767,29.758081238146435,12.96171593916547,12:58,0.8629039471416468,994,not_assessed,Надёжность отдельно не установлена; R² сохранён без порога
2020-06-22,D2,96,1.6079989749887007,3.915869611149807,-20.940176676653117,21.303169577811037,18.7061418260681,18:42,0.2605751882600177,1010,not_assessed,Надёжность отдельно не установлена; R² сохранён без порога
2020-06-22,D3,96,0.4053574425121397,11.730244835929776,-9.025784491889269,14.80079151953996,21.49491187206556,21:30,0.7182465495125825,1026,not_assessed,Надёжность отдельно не установлена; R² сохранён без порога
2020-06-23,D1,96,-0.6726038949208017,-29.452088706827908,-9.366246626917043,30.90553518499712,13.176101087061147,13:11,0.8639772728137362,994,not_assessed,Надёжность отдельно не установлена; R² сохранён без порога
2020-06-23,D2,96,-6.588407200517343,1.9196892386006947,-11.504824045975173,11.663883705766612,18.63153813629878,18:38,0.02906461635171398,1010,not_assessed,Надёжность отдельно не установлена; R² сохранён без порога
2020-06-23,D3,96,-0.42214716797852997,10.88574374649005,-9.170871546333004,14.233913791841916,21.325799580387702,21:20,0.689989281972991,1026,not_assessed,Надёжность отдельно не установлена; R² сохранён без порога
2020-06-27,D1,96,-0.40908548777893405,-25.370112876574247,-7.47087583502903,26.447242070063545,13.093893852200866,13:06,0.8074279830978348,994,not_assessed,Надёжность отдельно не установлена; R² сохранён без порога
2020-06-27,D2,96,1.2326128054839685,-0.21109986277300408,-23.5602953652239,23.561241071909894,17.965776299066434,17:58,0.8294814329986382,1010,not_assessed,Надёжность отдельно не установлена; R² сохранён без порога
2020-06-27,D3,96,-0.09141673390198124,9.075031281245156,-9.013539217606613,12.790624769060758,21.012985076766796,21:01,0.5567000287552935,1026,not_assessed,Надёжность отдельно не установлена; R² сохранён без порога
2020-06-28,D1,96,0.10976073145471522,-23.095895230373227,-6.26642865046945,23.93091106756701,13.01201064187157,13:01,0.8089688910102394,994,not_assessed,Надёжность отдельно не установлена; R² сохранён без порога
2020-06-28,D2,96,-0.2768200901142027,-2.349412206265505,-23.499627379471992,23.61677845704149,17.61938239055296,17:37,0.7042349937479512,1010,not_assessed,Надёжность отдельно не установлена; R² сохранён без порога
2020-06-28,D3,96,0.5444121784336023,12.402303248485149,-8.762653771075355,15.18555981777183,21.650498661114298,21:39,0.7003165395416129,1026,not_assessed,Надёжность отдельно не установлена; R² сохранён без порога
2020-06-29,D1,96,-0.13829942504305395,-25.044845634838392,-6.280815153231759,25.820397593026126,12.938563039473351,12:56,0.8442378194831031,994,not_assessed,Надёжность отдельно не установлена; R² сохранён без порога
2020-06-29,D2,96,3.5101963338230435,14.469910740158355,-28.27834635612605,31.765440174270804,19.80657565784942,19:48,0.07476605710726292,1010,not_assessed,Надёжность отдельно не установлена; R² сохранён без порога
2020-06-29,D3,96,-0.6764157244536587,9.759428219401123,-8.95875061534322,13.247854609617193,21.16329045176154,21:10,0.6707306189604328,1026,not_assessed,Надёжность отдельно не установлена; R² сохранён без порога
2020-06-30,D1,96,0.043522230356959936,-25.26248967610716,-5.898599945846193,25.941990400826175,12.876177771077455,12:53,0.8570414640049561,994,not_assessed,Надёжность отдельно не установлена; R² сохранён без порога
2020-06-30,D2,96,-4.699783839752724,3.2204857800141635,-23.514048493414332,23.73356284273211,18.51991418274238,18:31,0.15418197137199152,1010,not_assessed,Надёжность отдельно не установлена; R² сохранён без порога
2020-06-30,D3,96,0.05027433255223434,11.498170880600643,-7.2697376063676264,13.60356638771349,21.846454078547357,21:51,0.6161983092898013,1026,not_assessed,Надёжность отдельно не установлена; R² сохранён без порога
2020-07-01,D1,96,-0.18516505994146798,-25.682386226807004,-5.110907382118469,26.185995046426616,12.750338084512437,12:45,0.8576548944811474,994,not_assessed,Надёжность отдельно не установлена; R² сохранён без порога
2020-07-01,D2,96,1.8847294986262284,3.877167896343458,-26.59807693695597,26.87917646879579,18.552901368101928,18:33,0.3993936901570967,1010,not_assessed,Надёжность отдельно не установлена; R² сохранён без порога
2020-07-01,D3,96,-0.21119658619210918,11.224165172574754,-8.606097461810792,14.143790062901322,21.501394245488527,21:30,0.7094827608929519,1026,not_assessed,Надёжность отдельно не установлена; R² сохранён без порога
2020-07-06,D1,96,0.17415636099801413,-22.240443510155096,-6.289420233107261,23.112640143372175,13.052698691886215,13:03,0.8294637919245254,994,not_assessed,Надёжность отдельно не установлена; R² сохранён без порога
2020-07-06,D2,96,-1.9219356097148725,-4.8567590278136406,-21.15371029664067,21.704091032993084,17.137956404084136,17:08,0.44617478309297687,1010,not_assessed,Надёжность отдельно не установлена; R² сохранён без порога
2020-07-06,D3,96,-0.4852149344494102,10.014230433629017,-10.121013952185404,14.237968064234208,20.979743023527142,20:59,0.6882261276031276,1026,not_assessed,Надёжность отдельно не установлена; R² сохранён без порога
2020-07-07,D1,96,-0.10218612429971956,-21.998256683792874,-6.076739961341833,22.822139813869484,13.029476027998601,13:02,0.7981660129212839,994,not_assessed,Надёжность отдельно не установлена; R² сохранён без порога
2020-07-07,D2,96,-18.06868185993639,9.401290009496257,5.439700947088713,10.861611309396594,2.0036131449388996,02:00,0.00823841196197661,1010,not_assessed,Надёжность отдельно не установлена; R² сохранён без порога
2020-07-07,D3,96,-0.23321712740781403,11.278284353905338,-7.573852788709042,13.585394511481132,21.74112945561027,21:44,0.7185072129160468,1026,not_assessed,Надёжность отдельно не установлена; R² сохранён без порога
2020-07-11,D1,96,0.16218776205964403,-19.14778340934738,-2.5107461969466236,19.311692208523848,12.498017946801586,12:30,0.7866378177398932,994,not_assessed,Надёжность отдельно не установлена; R² сохранён без порога
2020-07-11,D2,96,-2.761095335781848,-5.595561648923487,-18.143011787433718,18.98628944490898,16.857299791737766,16:51,0.2960030772557898,1010,not_assessed,Надёжность отдельно не установлена; R² сохранён без порога
2020-07-11,D3,96,0.1691662119383078,10.211084081995352,-7.6938929665798685,12.785234730374176,21.533502930387645,21:32,0.6675641441569329,1026,not_assessed,Надёжность отдельно не установлена; R² сохранён без порога
2020-07-14,D1,96,0.2959173977176305,-18.500098883607404,-3.914473479716186,18.909700191347646,12.796474329795679,12:48,0.7395707291059472,994,not_assessed,Надёжность отдельно не установлена; R² сохранён без порога
2020-07-14,D2,96,0.6093319100860876,0.7679499291260647,-19.8986744060057,19.913487645560007,18.147341353608432,18:09,0.8312578175244062,1010,not_assessed,Надёжность отдельно не установлена; R² сохранён без порога
2020-07-14,D3,96,0.0282125909689872,10.028087922861149,-7.091512102030645,12.282185932556173,21.64889261509961,21:39,0.6608223757036891,1026,not_assessed,Надёжность отдельно не установлена; R² сохранён без порога
2020-07-15,D1,96,-0.8145729216635069,-19.04817327950092,-0.7578274000904592,19.063242317460602,12.151886565872367,12:09,0.7360800949215496,994,not_assessed,Надёжность отдельно не установлена; R² сохранён без порога
2020-07-15,D2,96,-0.8400725779861288,-4.717665554144123,-17.825245922166154,18.43897395373341,17.01172458244651,17:01,0.8195836810334622,1010,not_assessed,Надёжность отдельно не установлена; R² сохранён без порога
2020-07-15,D3,96,0.37183373553753607,8.0283916887991,-7.876626258023819,11.24705802943013,21.0364465889338,21:02,0.537998491140885,1026,not_assessed,Надёжность отдельно не установлена; R² сохранён без порога
2020-07-16,D1,96,0.5374275098049732,-17.984419918906774,-4.475487229232753,18.53292599020986,12.9316270302392,12:56,0.7361814210978816,994,not_assessed,Надёжность отдельно не установлена; R² сохранён без порога
2020-07-16,D2,96,0.7985770342266127,0.833151008353596,-19.27944717848772,19.29744086947331,18.164964461070916,18:10,0.8784764674452625,1010,not_assessed,Надёжность отдельно не установлена; R² сохранён без порога
2020-07-16,D3,96,-0.5873863211090509,7.971831957459692,-5.576384242043421,9.72862610921428,21.668452495533998,21:40,0.4088387287238544,1026,not_assessed,Надёжность отдельно не установлена; R² сохранён без порога
2020-07-17,D1,96,-0.10574550176696638,-18.93779268857319,-2.2651344147547263,19.072777087573858,12.454713306667207,12:27,0.8082004455963091,994,not_assessed,Надёжность отдельно не установлена; R² сохранён без порога
2020-07-17,D2,96,-0.7987718438298695,-3.108607410972141,-17.596543564304696,17.86901747287813,17.332099294088668,17:20,0.8379045717428746,1010,not_assessed,Надёжность отдельно не установлена; R² сохранён без порога
2020-07-17,D3,96,0.6523429101465777,7.939032555852606,-5.832891552915676,9.851439579623001,21.579658652431803,21:35,0.5227905915721497,1026,not_assessed,Надёжность отдельно не установлена; R² сохранён без порога
2020-07-18,D1,96,0.17061889182323714,-16.52164063025058,-3.264028693424767,16.840976587675875,12.745032635190729,12:45,0.6660943643005475,994,not_assessed,Надёжность отдельно не установлена; R² сохранён без порога
2020-07-18,D2,96,-0.10693274148644757,-4.076428866386931,-16.19642226988844,16.701537852762268,17.058188047064533,17:03,0.830553139806307,1010,not_assessed,Надёжность отдельно не установлена; R² сохранён без порога
2020-07-18,D3,96,-0.32336656689862314,4.491271815533658,-7.715916741489857,8.927871733095769,20.013518602352995,20:01,0.5024110312015848,1026,not_assessed,Надёжность отдельно не установлена; R² сохранён без порога
2020-07-19,D1,96,0.48052109607001076,-13.664508767678466,-6.644597034204361,15.194389412178401,13.728807776943068,13:44,0.6983319937403597,994,not_assessed,Надёжность отдельно не установлена; R² сохранён без порога
2020-07-19,D2,96,-0.27324536285853596,0.5771720493376407,-14.946535782520245,14.95767560393976,18.147428140482912,18:09,0.7878469461886608,1010,not_assessed,Надёжность отдельно не установлена; R² сохранён без порога
2020-07-19,D3,96,-0.5106906316948345,6.156369746770463,-5.601757044054851,8.323495085573654,21.18003679573643,21:11,0.4544383615602573,1026,not_assessed,Надёжность отдельно не установлена; R² сохранён без порога
2020-07-20,D1,96,-0.11102140111719197,-18.766984060887097,-7.315306625882107,20.142328608486782,13.419711175810885,13:25,0.7025492557420041,994,not_assessed,Надёжность отдельно не установлена; R² сохранён без порога
2020-07-20,D2,96,0.4807467816564545,0.9181567999687523,-17.036135078456304,17.06085901473716,18.20566348597759,18:12,0.729219501516768,1010,not_assessed,Надёжность отдельно не установлена; R² сохранён без порога
2020-07-20,D3,96,0.08572474041340868,7.931497079756172,-4.7275864905450105,9.233564856097798,21.946856661649885,21:57,0.48997911075744804,1026,not_assessed,Надёжность отдельно не установлена; R² сохранён без порога
2020-07-21,D1,96,-1.0722998146329454,-17.73352986795279,-3.7717116835884035,18.130192789975812,12.8004808949245,12:48,0.7848609611717656,994,not_assessed,Надёжность отдельно не установлена; R² сохранён без порога
2020-07-21,D2,96,-0.6320339966484142,-2.362525748950409,-14.613523173536045,14.803262730152724,17.387774295083872,17:23,0.7527587221078536,1010,not_assessed,Надёжность отдельно не установлена; R² сохранён без порога
2020-07-21,D3,96,0.39666844613763325,8.251218694154172,-6.496045345758753,10.501486326845036,21.452482529239933,21:27,0.5298868966187513,1026,not_assessed,Надёжность отдельно не установлена; R² сохранён без порога
2020-07-26,D1,96,6.300828428330534,-58.62914573879141,-75.95531847755066,95.95096213736781,15.489054067294433,15:29,0.8013925403393264,994,not_assessed,Надёжность отдельно не установлена; R² сохранён без порога
2020-07-26,D2,96,3.266637946775761,8.17071319098542,-49.163896887430994,49.83823142134249,18.629062307688997,18:38,0.759717784942385,1010,not_assessed,Надёжность отдельно не установлена; R² сохранён без порога
2020-07-26,D3,96,0.6526228944082025,19.57532868071903,-14.110951238916499,24.131150777061173,21.614260398126138,21:37,0.8258208352916607,1026,not_assessed,Надёжность отдельно не установлена; R² сохранён без порога
2020-07-27,D1,96,-3.423926706078244,-47.96442252042162,-50.03041859149744,69.30821460806779,15.080518063032958,15:05,0.837154239625877,994,not_assessed,Надёжность отдельно не установлена; R² сохранён без порога
2020-07-27,D2,96,-1.2568695264257077,2.0401522654885937,-35.51255796195745,35.57111179409164,18.219197151262943,18:13,0.8743822065983142,1010,not_assessed,Надёжность отдельно не установлена; R² сохранён без порога
2020-07-27,D3,96,0.4213356040556645,12.681204116736762,-8.51383924263444,15.274108697392577,21.741572592415235,21:44,0.7059755995681511,1026,not_assessed,Надёжность отдельно не установлена; R² сохранён без порога
2020-07-28,D1,96,-2.9191705585256416,-36.072744471804064,-23.448000246434415,43.023849308085616,14.20164449344231,14:12,0.7386538628853798,994,not_assessed,Надёжность отдельно не установлена; R² сохранён без порога
2020-07-28,D2,96,-2.2140726411486478,-5.735391971677416,-24.877530925579332,25.530105092261916,17.134505212245372,17:08,0.830332554200468,1010,not_assessed,Надёжность отдельно не установлена; R² сохранён без порога
2020-07-28,D3,96,0.025146860830305373,8.547323761338253,-8.117897045708807,11.788002202488142,21.098404116615214,21:06,0.5522128776564277,1026,not_assessed,Надёжность отдельно не установлена; R² сохранён без порога
2020-07-29,D1,96,6.283443820542551,-61.981063304611375,-53.05300076621912,81.5859859208105,14.704135822356331,14:42,0.7355466958339553,994,not_assessed,Надёжность отдельно не установлена; R² сохранён без порога
2020-07-29,D2,96,5.007104976940245,0.755255238886082,-43.553817090527886,43.56036493913962,18.066230094029525,18:04,0.8337064275384064,1010,not_assessed,Надёжность отдельно не установлена; R² сохранён без порога
2020-07-29,D3,96,1.0201520427123287,14.437873109225617,-13.415738556455581,19.708734635518056,21.140108051546772,21:08,0.7069617254329053,1026,not_assessed,Надёжность отдельно не установлена; R² сохранён без порога
2020-07-30,D1,96,-4.354800270112648,-58.419944511479265,-24.870016757156712,63.4933669781779,13.537332743704818,13:32,0.8510400324030466,994,not_assessed,Надёжность отдельно не установлена; R² сохранён без порога
2020-07-30,D2,96,-1.0368321976084243,-3.8936839461685278,-38.71838403565003,38.913674164806515,17.617160100905082,17:37,0.9060407462772682,1010,not_assessed,Надёжность отдельно не установлена; R² сохранён без порога
2020-07-30,D3,96,0.3398393647256556,13.998388221213098,-12.990902977165698,19.097602806476267,21.142520384720335,21:09,0.7855932089492967,1026,not_assessed,Надёжность отдельно не установлена; R² сохранён без порога
2020-07-31,D1,96,-2.596740671581339,-37.08938877906749,-24.612003290785967,44.51262142348479,14.23784663270898,14:14,0.8617527270545665,994,not_assessed,Надёжность отдельно не установлена; R² сохранён без порога
2020-07-31,D2,96,-1.5099114256166326,1.8677414175922848,-35.950245504437575,35.99873066973784,18.198269528637194,18:12,0.8855632672857083,1010,not_assessed,Надёжность отдельно не установлена; R² сохранён без порога
2020-07-31,D3,96,-1.2094946200695182,13.86786303307941,-11.20881717662919,17.83129853945999,21.403522108446985,21:24,0.7639455433249984,1026,not_assessed,Надёжность отдельно не установлена; R² сохранён без порога
2020-08-01,D1,96,-0.6156258724944823,-32.23720055500573,-21.16222617129173,38.56263627072929,14.21886938943361,14:13,0.8300051903288586,994,not_assessed,Надёжность отдельно не установлена; R² сохранён без порога
2020-08-01,D2,96,-3.596522847727517,0.9360150799395655,-29.9374856433322,29.952114631100685,18.11938711094707,18:07,0.7257277200354121,1010,not_assessed,Надёжность отдельно не установлена; R² сохранён без порога
2020-08-01,D3,96,-0.3858620950113155,12.947451380617245,-8.382196377832349,15.423933135552462,21.8053952858807,21:48,0.6866328635061374,1026,not_assessed,Надёжность отдельно не установлена; R² сохранён без порога
2020-08-02,D1,96,-1.2550280380421348,-26.76668950253764,-17.970414780371694,32.23959482226568,14.258421251820241,14:16,0.8106625047509549,994,not_assessed,Надёжность отдельно не установлена; R² сохранён без порога
2020-08-02,D2,96,1.2886155575340532,13.983718860531273,-23.71548164545337,27.531227049410887,20.03503474733482,20:02,0.13327186287256798,1010,not_assessed,Надёжность отдельно не установлена; R² сохранён без порога
2020-08-02,D3,96,-0.17982947245023811,12.498816206642966,-7.283336154123717,14.466077287966026,21.984646696567783,21:59,0.6492998754578073,1026,not_assessed,Надёжность отдельно не установлена; R² сохранён без порога
2020-08-03,D1,96,-0.7318863575963784,-29.149150602901663,-8.795216608569842,30.447147913430335,13.119347760050116,13:07,0.8006858984976692,994,not_assessed,Надёжность отдельно не установлена; R² сохранён без порога
2020-08-03,D2,96,-0.24658713197192064,-2.6871360324851405,-23.439934456178417,23.593457300002054,17.56401368289395,17:34,0.8417649090437491,1010,not_assessed,Надёжность отдельно не установлена; R² сохранён без порога
2020-08-03,D3,96,0.10974591170439987,9.507198144961405,-7.804804714112888,12.300479388747267,21.37441216632008,21:22,0.5704541223058086,1026,not_assessed,Надёжность отдельно не установлена; R² сохранён без порога
2020-08-04,D1,96,1.7401723164817666,-28.401550531764542,-17.443811620507887,33.330686108451786,14.103841989904375,14:06,0.7830080556536221,994,not_assessed,Надёжность отдельно не установлена; R² сохранён без порога
2020-08-04,D2,96,0.8499625204310138,1.3270919361977072,-29.49781444348509,29.527651954556063,18.171731431057154,18:10,0.8618056633543123,1010,not_assessed,Надёжность отдельно не установлена; R² сохранён без порога
2020-08-04,D3,96,-0.6049136442735695,12.110776082395875,-8.670459165315242,14.894554691407563,21.62666769196908,21:38,0.6536166366029457,1026,not_assessed,Надёжность отдельно не установлена; R² сохранён без порога
2020-08-05,D1,96,-1.0191757252146278,-30.734869005791076,-13.847715767740164,33.71040499292847,13.616942178719844,13:37,0.8374084770920645,994,not_assessed,Надёжность отдельно не установлена; R² сохранён без порога
2020-08-05,D2,96,-0.07789542954325566,1.079261032759593,-28.09818466353335,28.118904419675637,18.146644630241713,18:09,0.8777294322075126,1010,not_assessed,Надёжность отдельно не установлена; R² сохранён без порога
2020-08-05,D3,96,0.3338527225387976,14.75560451437418,-7.863931034827221,16.7203252332345,22.129654808205796,22:08,0.7571361233502459,1026,not_assessed,Надёжность отдельно не установлена; R² сохранён без порога
2020-08-06,D1,96,0.5033227161438203,-33.23164777069026,-12.924187461139585,35.65637439625488,13.416777133848369,13:25,0.847913556660628,994,not_assessed,Надёжность отдельно не установлена; R² сохранён без порога
2020-08-06,D2,96,0.3158092210219183,-1.073762036494415,-29.08851316959142,29.108324639671554,17.859064385655213,17:52,0.8997041628735618,1010,not_assessed,Надёжность отдельно не установлена; R² сохранён без порога
2020-08-06,D3,96,0.08773224151604851,11.865968680720414,-10.17102122212296,15.62852793556429,21.293211594312954,21:18,0.7289885036215111,1026,not_assessed,Надёжность отдельно не установлена; R² сохранён без порога
2020-08-07,D1,96,-0.69471322440656,-31.991860851044915,-14.08435870173973,34.95494701400493,13.584093796221063,13:35,0.8073591935822572,994,not_assessed,Надёжность отдельно не установлена; R² сохранён без порога
2020-08-07,D2,96,-0.6704823546249702,-0.9513637449594512,-27.988909223420485,28.005073334881587,17.870214903746238,17:52,0.8792164943330529,1010,not_assessed,Надёжность отдельно не установлена; R² сохранён без порога
2020-08-07,D3,96,0.29505335674892547,13.066766627173056,-7.164757648347645,14.90215226900328,22.08421334766287,22:05,0.7057484107525465,1026,not_assessed,Надёжность отдельно не установлена; R² сохранён без порога
2020-08-08,D1,96,0.7408260894297255,-27.86718556645073,-15.51199695883016,31.893605645109428,13.940138180891811,13:56,0.806088721566592,994,not_assessed,Надёжность отдельно не установлена; R² сохранён без порога
2020-08-08,D2,96,-0.3874646608313055,0.5896123711974282,-27.607433448878478,27.613728911223188,18.08156538854306,18:05,0.8968866117991122,1010,not_assessed,Надёжность отдельно не установлена; R² сохранён без порога
2020-08-08,D3,96,-1.2111959542021276,10.70989566026645,-8.541032306561467,13.69858014231843,21.428533164157308,21:26,0.6440103660477416,1026,not_assessed,Надёжность отдельно не установлена; R² сохранён без порога
2020-08-09,D1,96,-0.1493970575939007,-28.558002424703492,-15.471698807463168,32.47973162571125,13.896482800040713,13:54,0.8268378098292444,994,not_assessed,Надёжность отдельно не установлена; R² сохранён без порога
2020-08-09,D2,96,0.33804891495478845,2.5504661252335428,-27.30379271556464,27.422654395781684,18.35577018676168,18:21,0.8739619675660208,1010,not_assessed,Надёжность отдельно не установлена; R² сохранён без порога
2020-08-09,D3,96,0.6563127281833386,13.641522344021151,-7.44652811011444,15.541618730272367,22.091406657773906,22:05,0.7431170411944306,1026,not_assessed,Надёжность отдельно не установлена; R² сохранён без порога
2020-08-10,D1,96,-0.1478648177898458,-28.242087821383002,-14.643701917958255,31.81278878647272,13.827135068987818,13:50,0.8227742618626546,994,not_assessed,Надёжность отдельно не установлена; R² сохранён без порога
2020-08-10,D2,96,-0.10726242670771127,1.5706246867223332,-27.222533472839146,27.267805019590217,18.220137511445696,18:13,0.9019467492724811,1010,not_assessed,Надёжность отдельно не установлена; R² сохранён без порога
2020-08-10,D3,96,-0.49855548771595365,11.344840227739734,-8.311340796953708,14.063562338043972,21.584875377080174,21:35,0.6842529463819498,1026,not_assessed,Надёжность отдельно не установлена; R² сохранён без порога
2020-08-11,D1,96,-0.7924664936240519,-28.964206521866057,-13.182220779944972,31.822888054551573,13.631418804076079,13:38,0.8199416199863993,994,not_assessed,Надёжность отдельно не установлена; R² сохранён без порога
2020-08-11,D2,96,-0.12147166405425422,-2.0911795214411324,-28.95447089639808,29.029888333944005,17.72460652793392,17:43,0.801757416150589,1010,not_assessed,Надёжность отдельно не установлена; R² сохранён без порога
2020-08-11,D3,96,0.25093968908366676,12.99057353391736,-8.073783451767422,15.295129288964759,21.87590646673411,21:53,0.6864874782582122,1026,not_assessed,Надёжность отдельно не установлена; R² сохранён без порога
2020-08-12,D1,96,0.16781776123994194,-27.11934392465306,-12.716158598351566,29.952620993863746,13.674780291123836,13:40,0.8080968495551654,994,not_assessed,Надёжность отдельно не установлена; R² сохранён без порога
2020-08-12,D2,96,0.4179025876119598,1.4513787899202182,-26.45800198245493,26.497780459793596,18.209324491609983,18:13,0.8492816502862314,1010,not_assessed,Надёжность отдельно не установлена; R² сохранён без порога
2020-08-12,D3,96,0.1244266905935167,11.43044260281452,-7.7078550992757915,13.786444368569764,21.733810133313707,21:44,0.6049801146798914,1026,not_assessed,Надёжность отдельно не установлена; R² сохранён без порога
2020-08-13,D1,96,-0.6647003484253267,-25.540582848408945,-6.7164872012723364,26.408948721244023,12.982244145174972,12:59,0.7856073098333947,994,not_assessed,Надёжность отдельно не установлена; R² сохранён без порога
2020-08-13,D2,96,-1.4859820448081196,-4.134812570060712,-22.218092409098798,22.599564272100153,17.297186028786005,17:18,0.8859576681739196,1010,not_assessed,Надёжность отдельно не установлена; R² сохранён без порога
2020-08-13,D3,96,-0.3428985300493581,8.837329520963143,-6.926270549971343,11.228161772680647,21.460824788636707,21:28,0.5791274350554615,1026,not_assessed,Надёжность отдельно не установлена; R² сохранён без порога
2020-08-14,D1,96,0.6176116878911833,-24.55458218441874,-8.585752647854418,26.01235580991298,13.284845629061186,13:17,0.7914939158030275,994,not_assessed,Надёжность отдельно не установлена; R² сохранён без порога
2020-08-14,D2,96,1.0281964818911191,-0.9791031476031158,-24.48042536430154,24.499997326342395,17.847310402285146,17:51,0.8556094550692117,1010,not_assessed,Надёжность отдельно не установлена; R² сохранён без порога
2020-08-14,D3,96,0.38120415350345516,10.531147220670942,-9.713715353162634,14.326944117491099,21.154145999533092,21:09,0.69289942462964,1026,not_assessed,Надёжность отдельно не установлена; R² сохранён без порога
2020-08-15,D1,96,0.333370438858992,-25.616048639937844,-11.58215210010887,28.112776369361278,13.621989094135431,13:37,0.7952103365359954,994,not_assessed,Надёжность отдельно не установлена; R² сохранён без порога
2020-08-15,D2,96,0.3708290024531449,1.5581513396196982,-26.821949300515584,26.867169554617902,18.22164750385282,18:13,0.861065269543669,1010,not_assessed,Надёжность отдельно не установлена; R² сохранён без порога
2020-08-15,D3,96,0.29291171930287285,13.255781676316975,-10.218622035778955,16.737263341427358,21.49147169765022,21:29,0.7028657876951155,1026,not_assessed,Надёжность отдельно не установлена; R² сохранён без порога
2020-08-16,D1,96,-2.183960736144128,-26.461614456916685,-4.682226667867804,26.87266801483981,12.668952584119557,12:40,0.7185914051967808,994,not_assessed,Надёжность отдельно не установлена; R² сохранён без порога
2020-08-16,D2,96,-1.711752252004934,-7.239918388490253,-22.48999225934597,23.62659878394351,16.810382194790513,16:49,0.8315494600808409,1010,not_assessed,Надёжность отдельно не установлена; R² сохранён без порога
2020-08-16,D3,96,-0.012905124454890492,7.010105394765013,-10.014886823343852,12.224546442715159,20.33272061529714,20:20,0.5915232592065354,1026,not_assessed,Надёжность отдельно не установлена; R² сохранён без порога
2020-08-17,D1,96,1.4743267796663535,-28.717175685327852,-6.83655334834447,29.519733078514534,12.892723742132622,12:54,0.8059551136137119,994,not_assessed,Надёжность отдельно не установлена; R² сохранён без порога
2020-08-17,D2,96,1.574593681544735,-3.4062974067285516,-24.620084326116846,24.85460549371464,17.47485886263573,17:28,0.8402814879283468,1010,not_assessed,Надёжность отдельно не установлена; R² сохранён без порога
2020-08-17,D3,96,-0.1603100000467248,10.932862479329748,-10.460586211814093,15.131138287872837,21.084309431568787,21:05,0.6526845461946607,1026,not_assessed,Надёжность отдельно не установлена; R² сохранён без порога
2020-08-18,D1,96,-0.5662478226837724,-24.115619165022732,17.92998089222372,30.0507454567756,9.5579446521896,09:33,0.2686838266552761,994,not_assessed,Надёжность отдельно не установлена; R² сохранён без порога
2020-08-18,D2,96,-2.4707810866007867,-23.245874512366616,-3.0958786347084484,23.451122496919844,12.505732967217394,12:30,0.25582371812415095,1010,not_assessed,Надёжность отдельно не установлена; R² сохранён без порога
2020-08-18,D3,96,0.8617658838970625,4.670473407511878,-13.400998873753238,14.191550044466995,19.28095365759262,19:17,0.3861706230830374,1026,not_assessed,Надёжность отдельно не установлена; R² сохранён без порога
2020-08-19,D1,96,3.0358397282511427,-32.66733848000458,-50.498720174073924,60.14379221986762,15.80675991454162,15:48,0.8103031042587764,994,not_assessed,Надёжность отдельно не установлена; R² сохранён без порога
2020-08-19,D2,96,1.3491389180943147,8.869780793391385,-26.96457870128252,28.385938699653277,19.213880249636382,19:13,0.8391550997184384,1010,not_assessed,Надёжность отдельно не установлена; R² сохранён без порога
2020-08-19,D3,96,-2.837540615204999,9.696432239953225,-4.79626550698814,10.817807587377791,22.245403586231774,22:15,0.49850053912835,1026,not_assessed,Надёжность отдельно не установлена; R² сохранён без порога
2020-08-20,D1,96,-0.009087168661704038,-43.359691028568726,-42.74711883339321,60.888249889853,14.972826609648676,14:58,0.7978217458916348,994,not_assessed,Надёжность отдельно не установлена; R² сохранён без порога
2020-08-20,D2,96,0.6316360971270241,3.9382253600092945,-31.424630256316927,31.670443724906185,18.47621540151113,18:29,0.8524657436206791,1010,not_assessed,Надёжность отдельно не установлена; R² сохранён без порога
2020-08-20,D3,96,0.8829505119512043,12.50492933071771,-5.420336212325244,13.62913431663539,22.437692797804647,22:26,0.6403979723930078,1026,not_assessed,Надёжность отдельно не установлена; R² сохранён без порога
2020-08-21,D1,96,1.966019432518465,-35.370771868678204,-40.01401849236238,53.40611555330715,15.234974689017017,15:14,0.8013973675714691,994,not_assessed,Надёжность отдельно не установлена; R² сохранён без порога
2020-08-21,D2,96,0.4412644768460572,3.382857912038574,-29.014183704162612,29.21072720203893,18.443351660705954,18:27,0.8436842179943627,1010,not_assessed,Надёжность отдельно не установлена; R² сохранён без порога
2020-08-21,D3,96,0.43951162753508805,11.034665069446753,-6.676581450206844,12.89730875245353,21.92158311299433,21:55,0.606180500943398,1026,not_assessed,Надёжность отдельно не установлена; R² сохранён без порога
2020-08-22,D1,96,-0.01757089896500931,-45.95228045849669,-36.50436346827905,58.68714196108516,14.564235402870592,14:34,0.7938157282507052,994,not_assessed,Надёжность отдельно не установлена; R² сохранён без порога
2020-08-22,D2,96,0.6854925275017522,-1.2089520182169196,-30.88908269951178,30.912731923911686,17.85057824956608,17:51,0.8608056741795481,1010,not_assessed,Надёжность отдельно не установлена; R² сохранён без порога
2020-08-22,D3,96,0.6805654220450191,12.35084294127042,-8.92728993024301,15.239416880528848,21.609352679337903,21:37,0.6688750964945662,1026,not_assessed,Надёжность отдельно не установлена; R² сохранён без порога
2020-08-23,D1,96,-1.5666749317389277,-49.35839028721303,-19.18990336518037,52.95755926125945,13.416362488697215,13:25,0.7915440543114,994,not_assessed,Надёжность отдельно не установлена; R² сохранён без порога
2020-08-23,D2,96,0.3772406063352275,-4.663708490294823,-28.662510198838902,29.03945019763618,17.38388868824209,17:23,0.8710421740083066,1010,not_assessed,Надёжность отдельно не установлена; R² сохранён без порога
2020-08-23,D3,96,0.483389691227308,12.119017068378025,-10.645782095303709,16.130816815162426,21.246850709028447,21:15,0.7522642253434353,1026,not_assessed,Надёжность отдельно не установлена; R² сохранён без порога
2020-08-24,D1,96,-2.676196228423116,-19.489616322403336,-9.003525303874255,21.468782273151742,13.65301972247224,13:39,0.7444098381295982,994,not_assessed,Надёжность отдельно не установлена; R² сохранён без порога
2020-08-24,D2,96,-2.851026325403337,-1.7503150606125946,-15.481358949191817,15.579989657414052,17.5699705061589,17:34,0.7851117758786007,1010,not_assessed,Надёжность отдельно не установлена; R² сохранён без порога
2020-08-24,D3,96,-0.8223776791007524,5.3153829294135075,-4.291143430735878,6.831340104946335,21.405722348278843,21:24,0.3539019026790001,1026,not_assessed,Надёжность отдельно не установлена; R² сохранён без порога
2020-08-25,D1,96,-0.19921099196921635,-19.67521515468262,-8.331505963898826,21.366517802616652,13.530021176814904,13:32,0.6361848356081852,994,not_assessed,Надёжность отдельно не установлена; R² сохранён без порога
2020-08-25,D2,96,0.7588252457012531,0.30677203378808393,-16.22927251952076,16.232171622847822,18.07219321278548,18:04,0.7532047756021959,1010,not_assessed,Надёжность отдельно не установлена; R² сохранён без порога
2020-08-25,D3,96,-0.0644964601995249,6.904043075441143,-5.417405378464767,8.775767306746788,21.458649065375994,21:28,0.424415552471582,1026,not_assessed,Надёжность отдельно не установлена; R² сохранён без порога
2020-08-26,D1,96,0.29844022954425037,-15.474239264829857,-7.879889056307464,17.36504340233321,13.799092627629511,13:48,0.6651742781042062,994,not_assessed,Надёжность отдельно не установлена; R² сохранён без порога
2020-08-26,D2,96,-0.6179701406270834,-0.40650290916997545,-14.346045335212525,14.351803418913482,17.891795171561697,17:54,0.7349759754536893,1010,not_assessed,Надёжность отдельно не установлена; R² сохранён без порога
2020-08-26,D3,96,-0.6707769435782394,6.4867979057673155,-3.8238645756023275,7.52997260040258,21.965421609369844,21:58,0.3608481304090465,1026,not_assessed,Надёжность отдельно не установлена; R² сохранён без порога
2020-08-27,D1,96,-0.508103708738104,-27.409710944337824,-7.228567726447171,28.346859533782332,12.984922196768508,12:59,0.688150886754564,994,not_assessed,Надёжность отдельно не установлена; R² сохранён без порога
2020-08-27,D2,96,0.7112009700460149,-1.86681357400548,-21.476096445927965,21.557080309608043,17.66880276560118,17:40,0.7315155308968373,1010,not_assessed,Надёжность отдельно не установлена; R² сохранён без порога
2020-08-27,D3,96,0.7662391343662956,9.85647955793094,-4.725597684780889,10.930757647771586,22.292336239727323,22:18,0.4648510225306808,1026,not_assessed,Надёжность отдельно не установлена; R² сохранён без порога
2020-08-28,D1,96,-0.11422693716317403,-28.801540726759114,-5.952079106259063,29.410134204425685,12.778418750856599,12:47,0.7106693566224112,994,not_assessed,Надёжность отдельно не установлена; R² сохранён без порога
2020-08-28,D2,96,0.4223379719701609,-4.868614099190669,-23.842535309159235,24.33454115481414,17.230596109381324,17:14,0.8047774137636234,1010,not_assessed,Надёжность отдельно не установлена; R² сохранён без порога
2020-08-28,D3,96,0.431518323387764,8.628863412191217,-9.536501571638754,12.860876564687208,20.809305146750415,20:49,0.5592269651411022,1026,not_assessed,Надёжность отдельно не установлена; R² сохранён без порога
2020-08-29,D1,96,1.0869365571634473,-27.8965291706158,-11.595805249010178,30.21057826556768,13.50475244419506,13:30,0.7205977604519215,994,not_assessed,Надёжность отдельно не установлена; R² сохранён без порога
2020-08-29,D2,96,0.8400700005093215,0.24555048700855409,-26.086357617204175,26.087513273103216,18.035953891472733,18:02,0.8353612612287125,1010,not_assessed,Надёжность отдельно не установлена; R² сохранён без порога
2020-08-29,D3,96,-0.5592013461506066,9.91091232595712,-8.766258848034205,13.231533445657263,21.23380373912986,21:14,0.5907725259027319,1026,not_assessed,Надёжность отдельно не установлена; R² сохранён без порога
2020-08-30,D1,96,-0.6087969557143075,-27.809384012991686,-12.052280311666056,30.308733063145525,13.562091771696176,13:34,0.7875150493125289,994,not_assessed,Надёжность отдельно не установлена; R² сохранён без порога
2020-08-30,D2,96,-1.1591199724899661,-1.0778394760254386,-25.63035160760854,25.65300492078307,17.83946302404656,17:50,0.8327731214903121,1010,not_assessed,Надёжность отдельно не установлена; R² сохранён без порога
2020-08-30,D3,96,0.08647940716969911,11.438096522953796,-7.1421622212691265,13.4848260375628,21.867904690570978,21:52,0.6726381668670713,1026,not_assessed,Надёжность отдельно не установлена; R² сохранён без порога
