date,context_start,context_end_exclusive,D1_rows_day,D1_duplicate_extra_rows_context,D1_duplicate_rows_required,D1_service_rows_required,D1_range_rows_required,D1_approved_exclusion_rows_required,D1_constant_rows_required,D1_unresolved_constant_rows_required,D1_typical_step_seconds,D1_records,D1_window,D2_rows_day,D2_duplicate_extra_rows_context,D2_duplicate_rows_required,D2_service_rows_required,D2_range_rows_required,D2_approved_exclusion_rows_required,D2_constant_rows_required,D2_unresolved_constant_rows_required,D2_typical_step_seconds,D2_records,D2_window,D3_rows_day,D3_duplicate_extra_rows_context,D3_duplicate_rows_required,D3_service_rows_required,D3_range_rows_required,D3_approved_exclusion_rows_required,D3_constant_rows_required,D3_unresolved_constant_rows_required,D3_typical_step_seconds,D3_records,D3_window,common_records,common_window,category,blocking_reasons,decision_reasons,reason
2017-10-01 00:00:00,2017-10-01 00:00:00,2017-10-03 00:00:00,288,0,0,0,0,0,0,0,300.0,False,False,288,0,0,0,0,0,0,0,300.0,False,False,288,0,0,0,0,0,0,0,300.0,False,False,False,False,B,D1: неполное покрытие суток (граница выбранного блока); D2: неполное покрытие суток (граница выбранного блока); D3: неполное покрытие суток (граница выбранного блока),,D1: неполное покрытие суток (граница выбранного блока); D2: неполное покрытие суток (граница выбранного блока); D3: неполное покрытие суток (граница выбранного блока)
2017-10-02 00:00:00,2017-10-01 00:00:00,2017-10-04 00:00:00,288,0,0,0,0,0,0,0,300.0,True,True,288,0,0,0,0,0,0,0,300.0,True,True,288,0,0,0,0,0,0,0,300.0,True,True,True,True,A,,,Расчёт возможен по существующим правилам
2017-10-03 00:00:00,2017-10-02 00:00:00,2017-10-05 00:00:00,288,0,0,0,0,0,0,0,300.0,True,True,288,0,0,0,0,0,0,0,300.0,True,True,288,0,0,0,0,0,0,0,300.0,True,True,True,True,A,,,Расчёт возможен по существующим правилам
2017-10-04 00:00:00,2017-10-03 00:00:00,2017-10-06 00:00:00,288,0,0,0,0,0,0,0,300.0,True,True,288,0,0,0,0,0,0,0,300.0,True,True,288,0,0,0,0,0,0,0,300.0,True,True,True,True,A,,,Расчёт возможен по существующим правилам
2017-10-05 00:00:00,2017-10-04 00:00:00,2017-10-07 00:00:00,285,0,0,0,0,0,0,0,300.0,False,False,285,0,0,0,0,0,0,0,300.0,False,False,285,0,0,0,0,0,0,0,300.0,False,False,False,False,B,D1: неполное покрытие суток; D2: неполное покрытие суток; D3: неполное покрытие суток,,D1: неполное покрытие суток; D2: неполное покрытие суток; D3: неполное покрытие суток
2017-10-06 00:00:00,2017-10-05 00:00:00,2017-10-08 00:00:00,288,0,0,0,0,0,0,0,300.0,True,False,288,0,0,0,0,0,0,0,300.0,True,False,288,0,0,0,0,0,0,0,300.0,True,False,True,False,B,D1: неполное окружение ±12 ч; D2: неполное окружение ±12 ч; D3: неполное окружение ±12 ч,,D1: неполное окружение ±12 ч; D2: неполное окружение ±12 ч; D3: неполное окружение ±12 ч
2017-10-07 00:00:00,2017-10-06 00:00:00,2017-10-09 00:00:00,288,0,0,0,0,0,0,0,301.0,True,True,288,0,0,0,0,0,0,0,301.0,True,True,288,0,0,0,0,0,0,0,301.0,True,True,True,True,A,,,Расчёт возможен по существующим правилам
2017-10-08 00:00:00,2017-10-07 00:00:00,2017-10-10 00:00:00,288,0,0,0,0,0,0,0,301.0,True,True,288,0,0,0,0,0,0,0,301.0,True,True,288,0,0,0,0,0,0,0,301.0,True,True,True,True,A,,,Расчёт возможен по существующим правилам
2017-10-09 00:00:00,2017-10-08 00:00:00,2017-10-11 00:00:00,288,0,0,0,0,0,0,0,300.0,True,True,288,0,0,0,0,0,0,0,300.0,True,True,288,0,0,0,0,0,0,0,300.0,True,True,True,True,A,,,Расчёт возможен по существующим правилам
2017-10-10 00:00:00,2017-10-09 00:00:00,2017-10-12 00:00:00,288,0,0,0,0,0,0,0,300.0,True,True,288,0,0,0,0,0,0,0,300.0,True,True,288,0,0,0,0,0,0,0,300.0,True,True,True,True,A,,,Расчёт возможен по существующим правилам
2017-10-11 00:00:00,2017-10-10 00:00:00,2017-10-13 00:00:00,288,0,0,0,0,0,0,0,300.0,True,True,288,0,0,0,0,0,0,0,300.0,True,True,288,0,0,0,0,0,0,0,300.0,True,True,True,True,A,,,Расчёт возможен по существующим правилам
2017-10-12 00:00:00,2017-10-11 00:00:00,2017-10-14 00:00:00,288,0,0,0,0,0,0,0,300.0,True,False,288,0,0,0,0,0,0,0,300.0,True,False,288,0,0,0,0,0,0,0,300.0,True,False,True,False,B,D1: неполное окружение ±12 ч; D2: неполное окружение ±12 ч; D3: неполное окружение ±12 ч,,D1: неполное окружение ±12 ч; D2: неполное окружение ±12 ч; D3: неполное окружение ±12 ч
2017-10-13 00:00:00,2017-10-12 00:00:00,2017-10-15 00:00:00,214,0,0,0,0,0,0,0,300.0,False,False,214,0,0,0,0,0,0,0,300.0,False,False,214,0,0,0,0,0,0,0,300.0,False,False,False,False,B,D1: неполное покрытие суток; D2: неполное покрытие суток; D3: неполное покрытие суток,,D1: неполное покрытие суток; D2: неполное покрытие суток; D3: неполное покрытие суток
2017-10-14 00:00:00,2017-10-13 00:00:00,2017-10-16 00:00:00,288,0,0,0,0,0,0,0,300.0,True,False,288,0,0,0,0,0,0,0,300.0,True,False,288,0,0,0,0,0,0,0,300.0,True,False,True,False,B,D1: неполное окружение ±12 ч; D2: неполное окружение ±12 ч; D3: неполное окружение ±12 ч,,D1: неполное окружение ±12 ч; D2: неполное окружение ±12 ч; D3: неполное окружение ±12 ч
2017-10-15 00:00:00,2017-10-14 00:00:00,2017-10-17 00:00:00,288,0,0,0,0,0,0,0,300.0,True,True,288,0,0,0,0,0,0,0,300.0,True,True,288,0,0,0,0,0,0,0,300.0,True,True,True,True,A,,,Расчёт возможен по существующим правилам
2017-10-16 00:00:00,2017-10-15 00:00:00,2017-10-18 00:00:00,288,0,0,0,0,0,0,0,300.0,True,True,288,0,0,0,0,0,0,0,300.0,True,True,288,0,0,0,0,0,0,0,300.0,True,True,True,True,A,,,Расчёт возможен по существующим правилам
2017-10-17 00:00:00,2017-10-16 00:00:00,2017-10-19 00:00:00,288,0,0,0,0,0,0,0,300.0,True,True,288,0,0,0,0,0,0,0,300.0,True,True,288,0,0,0,0,0,0,0,300.0,True,True,True,True,A,,,Расчёт возможен по существующим правилам
2017-10-18 00:00:00,2017-10-17 00:00:00,2017-10-20 00:00:00,288,0,0,0,0,0,0,0,300.0,True,True,288,0,0,0,0,0,0,0,300.0,True,True,288,0,0,0,0,0,0,0,300.0,True,True,True,True,A,,,Расчёт возможен по существующим правилам
2017-10-19 00:00:00,2017-10-18 00:00:00,2017-10-21 00:00:00,288,0,0,0,0,0,0,0,300.0,True,True,288,0,0,0,0,0,0,0,300.0,True,True,288,0,0,0,0,0,0,0,300.0,True,True,True,True,A,,,Расчёт возможен по существующим правилам
2017-10-20 00:00:00,2017-10-19 00:00:00,2017-10-22 00:00:00,288,0,0,0,0,0,0,0,300.0,True,True,288,0,0,0,0,0,0,0,300.0,True,True,288,0,0,0,0,0,0,0,300.0,True,True,True,True,A,,,Расчёт возможен по существующим правилам
2017-10-21 00:00:00,2017-10-20 00:00:00,2017-10-23 00:00:00,288,0,0,0,0,0,0,0,300.0,True,True,288,0,0,0,0,0,0,0,300.0,True,True,288,0,0,0,0,0,0,0,300.0,True,True,True,True,A,,,Расчёт возможен по существующим правилам
2017-10-22 00:00:00,2017-10-21 00:00:00,2017-10-24 00:00:00,288,0,0,0,0,0,0,0,300.0,True,True,288,0,0,0,0,0,0,0,300.0,True,True,288,0,0,0,0,0,0,0,300.0,True,True,True,True,A,,,Расчёт возможен по существующим правилам
2017-10-23 00:00:00,2017-10-22 00:00:00,2017-10-25 00:00:00,283,0,0,0,0,0,0,0,300.0,False,False,283,0,0,0,0,0,0,0,300.0,False,False,283,0,0,0,0,0,0,0,300.0,False,False,False,False,B,D1: неполное покрытие суток; D2: неполное покрытие суток; D3: неполное покрытие суток,,D1: неполное покрытие суток; D2: неполное покрытие суток; D3: неполное покрытие суток
2017-10-24 00:00:00,2017-10-23 00:00:00,2017-10-26 00:00:00,288,0,0,0,0,0,0,0,300.0,True,False,288,0,0,0,0,0,0,0,300.0,True,False,288,0,0,0,0,0,0,0,300.0,True,False,True,False,B,D1: неполное окружение ±12 ч; D2: неполное окружение ±12 ч; D3: неполное окружение ±12 ч,,D1: неполное окружение ±12 ч; D2: неполное окружение ±12 ч; D3: неполное окружение ±12 ч
2017-10-25 00:00:00,2017-10-24 00:00:00,2017-10-27 00:00:00,288,0,0,0,0,0,0,0,300.0,True,True,288,0,0,0,0,0,0,0,300.0,True,True,288,0,0,0,0,0,0,0,300.0,True,True,True,True,A,,,Расчёт возможен по существующим правилам
2017-10-26 00:00:00,2017-10-25 00:00:00,2017-10-28 00:00:00,288,0,0,0,0,0,0,0,300.0,True,True,288,0,0,0,0,0,0,0,300.0,True,True,288,0,0,0,0,0,0,0,300.0,True,True,True,True,A,,,Расчёт возможен по существующим правилам
2017-10-27 00:00:00,2017-10-26 00:00:00,2017-10-29 00:00:00,288,0,0,0,0,0,0,0,300.0,True,True,288,0,0,0,0,0,0,0,300.0,True,True,288,0,0,0,0,0,0,0,300.0,True,True,True,True,A,,,Расчёт возможен по существующим правилам
2017-10-28 00:00:00,2017-10-27 00:00:00,2017-10-30 00:00:00,288,0,0,0,0,0,0,0,300.0,True,True,288,0,0,0,0,0,0,0,300.0,True,True,288,0,0,0,0,0,0,0,300.0,True,True,True,True,A,,,Расчёт возможен по существующим правилам
2017-10-29 00:00:00,2017-10-28 00:00:00,2017-10-31 00:00:00,288,0,0,0,0,0,0,0,300.0,True,True,288,0,0,0,0,0,0,0,300.0,True,True,288,0,0,0,0,0,0,0,300.0,True,True,True,True,A,,,Расчёт возможен по существующим правилам
2017-10-30 00:00:00,2017-10-29 00:00:00,2017-11-01 00:00:00,288,0,0,0,0,0,0,0,300.0,True,True,288,0,0,0,0,0,0,0,300.0,True,True,288,0,0,0,0,0,0,0,300.0,True,True,True,True,A,,,Расчёт возможен по существующим правилам
2017-10-31 00:00:00,2017-10-30 00:00:00,2017-11-02 00:00:00,288,0,0,0,0,0,0,0,300.0,True,True,288,0,0,0,0,0,0,0,300.0,True,True,288,0,0,0,0,0,0,0,300.0,True,True,True,True,A,,,Расчёт возможен по существующим правилам
2017-11-01 00:00:00,2017-10-31 00:00:00,2017-11-03 00:00:00,288,0,0,0,0,0,0,0,300.0,True,True,288,0,0,0,0,0,0,0,300.0,True,True,288,0,0,0,0,0,0,0,300.0,True,True,True,True,A,,,Расчёт возможен по существующим правилам
2017-11-02 00:00:00,2017-11-01 00:00:00,2017-11-04 00:00:00,281,0,0,0,0,0,0,0,300.0,False,False,281,0,0,0,0,0,0,0,300.0,False,False,281,0,0,0,0,0,0,0,300.0,False,False,False,False,B,D1: неполное покрытие суток; D2: неполное покрытие суток; D3: неполное покрытие суток,,D1: неполное покрытие суток; D2: неполное покрытие суток; D3: неполное покрытие суток
2017-11-03 00:00:00,2017-11-02 00:00:00,2017-11-05 00:00:00,99,0,0,0,0,0,0,0,300.0,False,False,99,0,0,0,0,0,0,0,300.0,False,False,99,0,0,0,0,0,0,0,300.0,False,False,False,False,B,D1: неполное покрытие суток; D2: неполное покрытие суток; D3: неполное покрытие суток,,D1: неполное покрытие суток; D2: неполное покрытие суток; D3: неполное покрытие суток
2017-11-04 00:00:00,2017-11-03 00:00:00,2017-11-06 00:00:00,288,0,0,0,0,0,0,0,300.0,True,False,288,0,0,0,0,0,0,0,300.0,True,False,288,0,0,0,0,0,0,0,300.0,True,False,True,False,B,D1: неполное окружение ±12 ч; D2: неполное окружение ±12 ч; D3: неполное окружение ±12 ч,,D1: неполное окружение ±12 ч; D2: неполное окружение ±12 ч; D3: неполное окружение ±12 ч
2017-11-05 00:00:00,2017-11-04 00:00:00,2017-11-07 00:00:00,288,2,0,0,0,0,0,0,299.0,True,False,288,2,0,0,0,0,0,0,299.0,True,False,288,2,0,0,0,0,0,0,299.0,True,False,True,False,B,D1: неполное окружение ±12 ч; D2: неполное окружение ±12 ч; D3: неполное окружение ±12 ч,D1: повторные метки в трёхсуточном контексте; D2: повторные метки в трёхсуточном контексте; D3: повторные метки в трёхсуточном контексте,D1: неполное окружение ±12 ч; D2: неполное окружение ±12 ч; D3: неполное окружение ±12 ч; D1: повторные метки в трёхсуточном контексте; D2: повторные метки в трёхсуточном контексте; D3: повторные метки в трёхсуточном контексте
2017-11-06 00:00:00,2017-11-05 00:00:00,2017-11-08 00:00:00,434,4,6,0,0,0,0,0,297.0,False,False,434,4,6,0,0,0,0,0,297.0,False,False,434,4,6,0,0,0,0,0,297.0,False,False,False,False,B,D1: неполное покрытие суток; D2: неполное покрытие суток; D3: неполное покрытие суток,D1: повторные метки в трёхсуточном контексте; D2: повторные метки в трёхсуточном контексте; D3: повторные метки в трёхсуточном контексте,D1: неполное покрытие суток; D2: неполное покрытие суток; D3: неполное покрытие суток; D1: повторные метки в трёхсуточном контексте; D2: повторные метки в трёхсуточном контексте; D3: повторные метки в трёхсуточном контексте
2017-11-07 00:00:00,2017-11-06 00:00:00,2017-11-09 00:00:00,525,5,10,0,0,0,0,0,295.0,True,True,525,5,10,0,0,0,0,0,295.0,True,True,525,5,10,0,0,0,0,0,295.0,True,True,True,True,C,,D1: повторные метки в трёхсуточном контексте; D2: повторные метки в трёхсуточном контексте; D3: повторные метки в трёхсуточном контексте,D1: повторные метки в трёхсуточном контексте; D2: повторные метки в трёхсуточном контексте; D3: повторные метки в трёхсуточном контексте
2017-11-08 00:00:00,2017-11-07 00:00:00,2017-11-10 00:00:00,522,5,6,0,0,0,0,0,295.0,True,True,522,5,6,0,0,0,0,0,295.0,True,True,522,5,6,0,0,0,0,0,295.0,True,True,True,True,C,,D1: повторные метки в трёхсуточном контексте; D2: повторные метки в трёхсуточном контексте; D3: повторные метки в трёхсуточном контексте,D1: повторные метки в трёхсуточном контексте; D2: повторные метки в трёхсуточном контексте; D3: повторные метки в трёхсуточном контексте
2017-11-09 00:00:00,2017-11-08 00:00:00,2017-11-11 00:00:00,518,5,8,0,0,0,0,0,295.0,True,True,518,5,8,0,0,0,0,0,295.0,True,True,518,5,8,0,0,0,0,0,295.0,True,True,True,True,C,,D1: повторные метки в трёхсуточном контексте; D2: повторные метки в трёхсуточном контексте; D3: повторные метки в трёхсуточном контексте,D1: повторные метки в трёхсуточном контексте; D2: повторные метки в трёхсуточном контексте; D3: повторные метки в трёхсуточном контексте
2017-11-10 00:00:00,2017-11-09 00:00:00,2017-11-12 00:00:00,527,8,12,0,0,0,0,0,295.0,True,True,527,7,12,0,0,0,0,0,295.0,True,True,527,7,12,0,0,0,0,0,295.0,True,True,True,True,C,,D1: повторные метки в трёхсуточном контексте; D2: повторные метки в трёхсуточном контексте; D3: повторные метки в трёхсуточном контексте,D1: повторные метки в трёхсуточном контексте; D2: повторные метки в трёхсуточном контексте; D3: повторные метки в трёхсуточном контексте
2017-11-11 00:00:00,2017-11-10 00:00:00,2017-11-13 00:00:00,533,10,14,0,0,128,128,0,295.0,True,False,533,9,12,0,0,128,128,0,295.0,True,False,533,9,12,0,0,128,128,0,295.0,True,False,True,False,B,D1: неполное окружение ±12 ч (согласованное ноябрьское исключение); D2: неполное окружение ±12 ч (согласованное ноябрьское исключение); D3: неполное окружение ±12 ч (согласованное ноябрьское исключение),D1: повторные метки в трёхсуточном контексте; D2: повторные метки в трёхсуточном контексте; D3: повторные метки в трёхсуточном контексте,D1: неполное окружение ±12 ч (согласованное ноябрьское исключение); D2: неполное окружение ±12 ч (согласованное ноябрьское исключение); D3: неполное окружение ±12 ч (согласованное ноябрьское исключение); D1: повторные метки в трёхсуточном контексте; D2: повторные метки в трёхсуточном контексте; D3: повторные метки в трёхсуточном контексте
2017-11-12 00:00:00,2017-11-11 00:00:00,2017-11-14 00:00:00,514,12,16,0,0,651,651,0,295.0,False,False,514,10,12,0,0,651,651,0,295.0,False,False,514,9,10,0,0,651,651,0,295.0,False,False,False,False,B,D1: неполное покрытие суток (согласованное ноябрьское исключение); D2: неполное покрытие суток (согласованное ноябрьское исключение); D3: неполное покрытие суток (согласованное ноябрьское исключение),D1: повторные метки в трёхсуточном контексте; D2: повторные метки в трёхсуточном контексте; D3: повторные метки в трёхсуточном контексте,D1: неполное покрытие суток (согласованное ноябрьское исключение); D2: неполное покрытие суток (согласованное ноябрьское исключение); D3: неполное покрытие суток (согласованное ноябрьское исключение); D1: повторные метки в трёхсуточном контексте; D2: повторные метки в трёхсуточном контексте; D3: повторные метки в трёхсуточном контексте
2017-11-13 00:00:00,2017-11-12 00:00:00,2017-11-15 00:00:00,522,11,14,0,0,1045,1045,0,295.0,False,False,522,10,12,0,0,1045,1045,0,295.0,False,False,522,9,10,0,0,1045,1045,0,295.0,False,False,False,False,B,D1: неполное покрытие суток (согласованное ноябрьское исключение); D2: неполное покрытие суток (согласованное ноябрьское исключение); D3: неполное покрытие суток (согласованное ноябрьское исключение),D1: повторные метки в трёхсуточном контексте; D2: повторные метки в трёхсуточном контексте; D3: повторные метки в трёхсуточном контексте,D1: неполное покрытие суток (согласованное ноябрьское исключение); D2: неполное покрытие суток (согласованное ноябрьское исключение); D3: неполное покрытие суток (согласованное ноябрьское исключение); D1: повторные метки в трёхсуточном контексте; D2: повторные метки в трёхсуточном контексте; D3: повторные метки в трёхсуточном контексте
2017-11-14 00:00:00,2017-11-13 00:00:00,2017-11-16 00:00:00,523,7,8,0,0,781,781,0,296.0,False,False,523,6,8,0,0,781,781,0,296.0,False,False,523,5,8,0,0,781,781,0,296.0,False,False,False,False,B,D1: неполное покрытие суток (согласованное ноябрьское исключение); D2: неполное покрытие суток (согласованное ноябрьское исключение); D3: неполное покрытие суток (согласованное ноябрьское исключение),D1: повторные метки в трёхсуточном контексте; D2: повторные метки в трёхсуточном контексте; D3: повторные метки в трёхсуточном контексте,D1: неполное покрытие суток (согласованное ноябрьское исключение); D2: неполное покрытие суток (согласованное ноябрьское исключение); D3: неполное покрытие суток (согласованное ноябрьское исключение); D1: повторные метки в трёхсуточном контексте; D2: повторные метки в трёхсуточном контексте; D3: повторные метки в трёхсуточном контексте
2017-11-15 00:00:00,2017-11-14 00:00:00,2017-11-17 00:00:00,180,3,2,0,0,69,69,0,298.0,False,False,180,3,2,0,0,69,69,0,298.0,False,False,180,3,2,0,0,69,69,0,298.0,False,False,False,False,B,D1: неполное покрытие суток (согласованное ноябрьское исключение); D2: неполное покрытие суток (согласованное ноябрьское исключение); D3: неполное покрытие суток (согласованное ноябрьское исключение),D1: повторные метки в трёхсуточном контексте; D2: повторные метки в трёхсуточном контексте; D3: повторные метки в трёхсуточном контексте,D1: неполное покрытие суток (согласованное ноябрьское исключение); D2: неполное покрытие суток (согласованное ноябрьское исключение); D3: неполное покрытие суток (согласованное ноябрьское исключение); D1: повторные метки в трёхсуточном контексте; D2: повторные метки в трёхсуточном контексте; D3: повторные метки в трёхсуточном контексте
2017-11-16 00:00:00,2017-11-15 00:00:00,2017-11-18 00:00:00,288,0,0,0,0,0,0,0,300.0,True,True,288,0,0,0,0,0,0,0,300.0,True,True,288,0,0,0,0,0,0,0,300.0,True,True,True,True,A,,,Расчёт возможен по существующим правилам
2017-11-17 00:00:00,2017-11-16 00:00:00,2017-11-19 00:00:00,288,0,0,0,0,0,0,0,300.0,True,True,288,0,0,0,0,0,0,0,300.0,True,True,288,0,0,0,0,0,0,0,300.0,True,True,True,True,A,,,Расчёт возможен по существующим правилам
2017-11-18 00:00:00,2017-11-17 00:00:00,2017-11-20 00:00:00,288,0,0,0,0,0,0,0,300.0,True,True,288,0,0,0,0,0,0,0,300.0,True,True,288,0,0,0,0,0,0,0,300.0,True,True,True,True,A,,,Расчёт возможен по существующим правилам
2017-11-19 00:00:00,2017-11-18 00:00:00,2017-11-21 00:00:00,288,0,0,0,0,0,0,0,300.0,True,True,288,0,0,0,0,0,0,0,300.0,True,True,288,0,0,0,0,0,0,0,300.0,True,True,True,True,A,,,Расчёт возможен по существующим правилам
2017-11-20 00:00:00,2017-11-19 00:00:00,2017-11-22 00:00:00,288,0,0,0,0,0,0,0,300.0,True,True,288,0,0,0,0,0,0,0,300.0,True,True,288,0,0,0,0,0,0,0,300.0,True,True,True,True,A,,,Расчёт возможен по существующим правилам
2017-11-21 00:00:00,2017-11-20 00:00:00,2017-11-23 00:00:00,288,0,0,0,0,0,0,0,300.0,True,True,288,0,0,0,0,0,0,0,300.0,True,True,288,0,0,0,0,0,0,0,300.0,True,True,True,True,A,,,Расчёт возможен по существующим правилам
2017-11-22 00:00:00,2017-11-21 00:00:00,2017-11-24 00:00:00,288,0,0,0,0,0,0,0,300.0,True,True,288,0,0,0,0,0,0,0,300.0,True,True,288,0,0,0,0,0,0,0,300.0,True,True,True,True,A,,,Расчёт возможен по существующим правилам
2017-11-23 00:00:00,2017-11-22 00:00:00,2017-11-25 00:00:00,288,0,0,0,0,0,0,0,300.0,True,True,288,0,0,0,0,0,0,0,300.0,True,True,288,0,0,0,0,0,0,0,300.0,True,True,True,True,A,,,Расчёт возможен по существующим правилам
2017-11-24 00:00:00,2017-11-23 00:00:00,2017-11-26 00:00:00,288,0,0,0,0,0,0,0,300.0,True,True,288,0,0,0,0,0,0,0,300.0,True,True,288,0,0,0,0,0,0,0,300.0,True,True,True,True,A,,,Расчёт возможен по существующим правилам
2017-11-25 00:00:00,2017-11-24 00:00:00,2017-11-27 00:00:00,288,0,0,0,0,25,25,0,300.0,True,False,288,0,0,0,0,25,25,0,300.0,True,False,288,0,0,0,0,25,25,0,300.0,True,False,True,False,B,D1: неполное окружение ±12 ч (согласованное ноябрьское исключение); D2: неполное окружение ±12 ч (согласованное ноябрьское исключение); D3: неполное окружение ±12 ч (согласованное ноябрьское исключение),,D1: неполное окружение ±12 ч (согласованное ноябрьское исключение); D2: неполное окружение ±12 ч (согласованное ноябрьское исключение); D3: неполное окружение ±12 ч (согласованное ноябрьское исключение)
2017-11-26 00:00:00,2017-11-25 00:00:00,2017-11-28 00:00:00,279,0,0,0,0,25,25,0,300.0,False,False,279,0,0,0,0,25,25,0,300.0,False,False,279,0,0,0,0,25,25,0,300.0,False,False,False,False,B,D1: неполное покрытие суток (согласованное ноябрьское исключение); D2: неполное покрытие суток (согласованное ноябрьское исключение); D3: неполное покрытие суток (согласованное ноябрьское исключение),,D1: неполное покрытие суток (согласованное ноябрьское исключение); D2: неполное покрытие суток (согласованное ноябрьское исключение); D3: неполное покрытие суток (согласованное ноябрьское исключение)
2017-11-27 00:00:00,2017-11-26 00:00:00,2017-11-29 00:00:00,286,0,0,0,0,0,0,0,300.0,False,False,286,0,0,0,0,0,0,0,300.0,False,False,286,0,0,0,0,0,0,0,300.0,False,False,False,False,B,D1: неполное покрытие суток; D2: неполное покрытие суток; D3: неполное покрытие суток,,D1: неполное покрытие суток; D2: неполное покрытие суток; D3: неполное покрытие суток
2017-11-28 00:00:00,2017-11-27 00:00:00,2017-11-30 00:00:00,288,0,0,0,0,0,0,0,300.0,True,True,288,0,0,0,0,0,0,0,300.0,True,True,288,0,0,0,0,0,0,0,300.0,True,True,True,True,A,,,Расчёт возможен по существующим правилам
2017-11-29 00:00:00,2017-11-28 00:00:00,2017-12-01 00:00:00,288,2,0,0,0,0,0,0,299.0,True,True,288,2,0,0,0,0,0,0,299.0,True,True,288,2,0,0,0,0,0,0,299.0,True,True,True,True,C,,D1: повторные метки в трёхсуточном контексте; D2: повторные метки в трёхсуточном контексте; D3: повторные метки в трёхсуточном контексте,D1: повторные метки в трёхсуточном контексте; D2: повторные метки в трёхсуточном контексте; D3: повторные метки в трёхсуточном контексте
2017-11-30 00:00:00,2017-11-29 00:00:00,2017-12-02 00:00:00,519,6,4,0,0,0,0,0,293.0,True,True,519,6,4,0,0,0,0,0,293.0,True,True,519,6,4,0,0,0,0,0,293.0,True,True,True,True,C,,D1: повторные метки в трёхсуточном контексте; D2: повторные метки в трёхсуточном контексте; D3: повторные метки в трёхсуточном контексте,D1: повторные метки в трёхсуточном контексте; D2: повторные метки в трёхсуточном контексте; D3: повторные метки в трёхсуточном контексте
2017-12-01 00:00:00,2017-11-30 00:00:00,2017-12-03 00:00:00,749,10,14,3,0,0,0,0,5.0,False,False,749,10,14,3,0,0,0,0,5.0,False,False,749,10,14,3,0,0,0,0,5.0,False,False,False,False,B,D1: неполное покрытие суток (служебные значения); D2: неполное покрытие суток (служебные значения); D3: неполное покрытие суток (служебные значения),D1: повторные метки в трёхсуточном контексте; D2: повторные метки в трёхсуточном контексте; D3: повторные метки в трёхсуточном контексте,D1: неполное покрытие суток (служебные значения); D2: неполное покрытие суток (служебные значения); D3: неполное покрытие суток (служебные значения); D1: повторные метки в трёхсуточном контексте; D2: повторные метки в трёхсуточном контексте; D3: повторные метки в трёхсуточном контексте
2017-12-02 00:00:00,2017-12-01 00:00:00,2017-12-04 00:00:00,775,13,20,3,0,0,0,0,4.0,False,False,775,13,20,3,0,0,0,0,4.0,False,False,775,13,20,3,0,0,0,0,4.0,False,False,False,False,B,D1: неполное покрытие суток (служебные значения); D2: неполное покрытие суток (служебные значения); D3: неполное покрытие суток (служебные значения),D1: повторные метки в трёхсуточном контексте; D2: повторные метки в трёхсуточном контексте; D3: повторные метки в трёхсуточном контексте,D1: неполное покрытие суток (служебные значения); D2: неполное покрытие суток (служебные значения); D3: неполное покрытие суток (служебные значения); D1: повторные метки в трёхсуточном контексте; D2: повторные метки в трёхсуточном контексте; D3: повторные метки в трёхсуточном контексте
2017-12-03 00:00:00,2017-12-02 00:00:00,2017-12-05 00:00:00,788,16,24,0,0,0,0,0,4.0,False,False,788,16,24,0,0,0,0,0,4.0,False,False,788,16,24,0,0,0,0,0,4.0,False,False,False,False,B,D1: неполное покрытие суток; D2: неполное покрытие суток; D3: неполное покрытие суток,D1: повторные метки в трёхсуточном контексте; D2: повторные метки в трёхсуточном контексте; D3: повторные метки в трёхсуточном контексте,D1: неполное покрытие суток; D2: неполное покрытие суток; D3: неполное покрытие суток; D1: повторные метки в трёхсуточном контексте; D2: повторные метки в трёхсуточном контексте; D3: повторные метки в трёхсуточном контексте
2017-12-04 00:00:00,2017-12-03 00:00:00,2017-12-06 00:00:00,754,23,32,0,0,0,0,0,4.0,False,False,754,22,30,0,0,0,0,0,4.0,False,False,754,21,28,0,0,0,0,0,4.0,False,False,False,False,B,D1: неполное покрытие суток; D2: неполное покрытие суток; D3: неполное покрытие суток,D1: повторные метки в трёхсуточном контексте; D2: повторные метки в трёхсуточном контексте; D3: повторные метки в трёхсуточном контексте,D1: неполное покрытие суток; D2: неполное покрытие суток; D3: неполное покрытие суток; D1: повторные метки в трёхсуточном контексте; D2: повторные метки в трёхсуточном контексте; D3: повторные метки в трёхсуточном контексте
2017-12-05 00:00:00,2017-12-04 00:00:00,2017-12-07 00:00:00,637,18,28,0,0,0,0,0,290.5,False,False,637,17,26,0,0,0,0,0,290.0,False,False,637,16,24,0,0,0,0,0,290.0,False,False,False,False,B,D1: неполное покрытие суток; D2: неполное покрытие суток; D3: неполное покрытие суток,D1: повторные метки в трёхсуточном контексте; D2: повторные метки в трёхсуточном контексте; D3: повторные метки в трёхсуточном контексте,D1: неполное покрытие суток; D2: неполное покрытие суток; D3: неполное покрытие суток; D1: повторные метки в трёхсуточном контексте; D2: повторные метки в трёхсуточном контексте; D3: повторные метки в трёхсуточном контексте
2017-12-06 00:00:00,2017-12-05 00:00:00,2017-12-08 00:00:00,300,11,10,0,0,0,0,0,297.0,False,False,300,10,10,0,0,0,0,0,297.0,False,False,300,9,10,0,0,0,0,0,297.0,False,False,False,False,B,D1: неполное покрытие суток; D2: неполное покрытие суток; D3: неполное покрытие суток,D1: повторные метки в трёхсуточном контексте; D2: повторные метки в трёхсуточном контексте; D3: повторные метки в трёхсуточном контексте,D1: неполное покрытие суток; D2: неполное покрытие суток; D3: неполное покрытие суток; D1: повторные метки в трёхсуточном контексте; D2: повторные метки в трёхсуточном контексте; D3: повторные метки в трёхсуточном контексте
2017-12-07 00:00:00,2017-12-06 00:00:00,2017-12-09 00:00:00,279,0,0,0,0,0,0,0,300.0,False,False,279,0,0,0,0,0,0,0,300.0,False,False,279,0,0,0,0,0,0,0,300.0,False,False,False,False,B,D1: неполное покрытие суток; D2: неполное покрытие суток; D3: неполное покрытие суток,,D1: неполное покрытие суток; D2: неполное покрытие суток; D3: неполное покрытие суток
2017-12-08 00:00:00,2017-12-07 00:00:00,2017-12-10 00:00:00,288,0,0,0,0,0,0,0,300.0,True,False,288,0,0,0,0,0,0,0,300.0,True,False,288,0,0,0,0,0,0,0,300.0,True,False,True,False,B,D1: неполное окружение ±12 ч; D2: неполное окружение ±12 ч; D3: неполное окружение ±12 ч,,D1: неполное окружение ±12 ч; D2: неполное окружение ±12 ч; D3: неполное окружение ±12 ч
2017-12-09 00:00:00,2017-12-08 00:00:00,2017-12-11 00:00:00,288,0,0,0,0,0,0,0,300.0,True,True,288,0,0,0,0,0,0,0,300.0,True,True,288,0,0,0,0,0,0,0,300.0,True,True,True,True,A,,,Расчёт возможен по существующим правилам
2017-12-10 00:00:00,2017-12-09 00:00:00,2017-12-12 00:00:00,288,0,0,0,0,0,0,0,300.0,True,True,288,0,0,0,0,0,0,0,300.0,True,True,288,0,0,0,0,0,0,0,300.0,True,True,True,True,A,,,Расчёт возможен по существующим правилам
2017-12-11 00:00:00,2017-12-10 00:00:00,2017-12-13 00:00:00,288,0,0,0,0,0,0,0,300.0,True,True,288,0,0,0,0,0,0,0,300.0,True,True,288,0,0,0,0,0,0,0,300.0,True,True,True,True,A,,,Расчёт возможен по существующим правилам
2017-12-12 00:00:00,2017-12-11 00:00:00,2017-12-14 00:00:00,288,0,0,0,0,0,0,0,300.0,True,True,288,0,0,0,0,0,0,0,300.0,True,True,288,0,0,0,0,0,0,0,300.0,True,True,True,True,A,,,Расчёт возможен по существующим правилам
2017-12-13 00:00:00,2017-12-12 00:00:00,2017-12-15 00:00:00,288,0,0,0,0,0,0,0,300.0,True,True,288,0,0,0,0,0,0,0,300.0,True,True,288,0,0,0,0,0,0,0,300.0,True,True,True,True,A,,,Расчёт возможен по существующим правилам
2017-12-14 00:00:00,2017-12-13 00:00:00,2017-12-16 00:00:00,288,0,0,0,0,0,0,0,300.0,True,True,288,0,0,0,0,0,0,0,300.0,True,True,288,0,0,0,0,0,0,0,300.0,True,True,True,True,A,,,Расчёт возможен по существующим правилам
2017-12-15 00:00:00,2017-12-14 00:00:00,2017-12-17 00:00:00,288,0,0,0,0,0,0,0,300.0,True,True,288,0,0,0,0,0,0,0,300.0,True,True,288,0,0,0,0,0,0,0,300.0,True,True,True,True,A,,,Расчёт возможен по существующим правилам
2017-12-16 00:00:00,2017-12-15 00:00:00,2017-12-18 00:00:00,288,0,0,0,0,0,0,0,300.0,True,True,288,0,0,0,0,0,0,0,300.0,True,True,288,0,0,0,0,0,0,0,300.0,True,True,True,True,A,,,Расчёт возможен по существующим правилам
2017-12-17 00:00:00,2017-12-16 00:00:00,2017-12-19 00:00:00,288,0,0,0,0,0,0,0,300.0,True,False,288,0,0,0,0,0,0,0,300.0,True,False,288,0,0,0,0,0,0,0,300.0,True,False,True,False,B,D1: неполное окружение ±12 ч; D2: неполное окружение ±12 ч; D3: неполное окружение ±12 ч,,D1: неполное окружение ±12 ч; D2: неполное окружение ±12 ч; D3: неполное окружение ±12 ч
2017-12-18 00:00:00,2017-12-17 00:00:00,2017-12-20 00:00:00,238,0,0,0,0,0,0,0,300.0,False,False,238,0,0,0,0,0,0,0,300.0,False,False,238,0,0,0,0,0,0,0,300.0,False,False,False,False,B,D1: неполное покрытие суток; D2: неполное покрытие суток; D3: неполное покрытие суток,,D1: неполное покрытие суток; D2: неполное покрытие суток; D3: неполное покрытие суток
2017-12-19 00:00:00,2017-12-18 00:00:00,2017-12-21 00:00:00,288,0,0,0,0,0,0,0,301.0,True,False,288,0,0,0,0,0,0,0,301.0,True,False,288,0,0,0,0,0,0,0,301.0,True,False,True,False,B,D1: неполное окружение ±12 ч; D2: неполное окружение ±12 ч; D3: неполное окружение ±12 ч,,D1: неполное окружение ±12 ч; D2: неполное окружение ±12 ч; D3: неполное окружение ±12 ч
2017-12-20 00:00:00,2017-12-19 00:00:00,2017-12-22 00:00:00,182,0,0,1,2,0,93,93,301.0,False,False,182,0,0,1,2,0,93,93,301.0,False,False,182,0,0,1,2,0,93,93,301.0,False,False,False,False,B,"D1: неполное покрытие суток (служебные значения, нарушение 0<C≤3000); D2: неполное покрытие суток (служебные значения, нарушение 0<C≤3000); D3: неполное покрытие суток (служебные значения, нарушение 0<C≤3000)",D1: диагностический постоянный участок в окнах расчёта; D2: диагностический постоянный участок в окнах расчёта; D3: диагностический постоянный участок в окнах расчёта,"D1: неполное покрытие суток (служебные значения, нарушение 0<C≤3000); D2: неполное покрытие суток (служебные значения, нарушение 0<C≤3000); D3: неполное покрытие суток (служебные значения, нарушение 0<C≤3000); D1: диагностический постоянный участок в окнах расчёта; D2: диагностический постоянный участок в окнах расчёта; D3: диагностический постоянный участок в окнах расчёта"
2017-12-21 00:00:00,2017-12-20 00:00:00,2017-12-23 00:00:00,95,0,0,1,98,0,93,93,898.0,False,False,95,0,0,1,98,0,93,93,898.0,False,False,95,0,0,1,98,0,93,93,898.0,False,False,False,False,B,"D1: неполное покрытие суток (служебные значения, нарушение 0<C≤3000); D2: неполное покрытие суток (служебные значения, нарушение 0<C≤3000); D3: неполное покрытие суток (служебные значения, нарушение 0<C≤3000)",D1: диагностический постоянный участок в окнах расчёта; D2: диагностический постоянный участок в окнах расчёта; D3: диагностический постоянный участок в окнах расчёта,"D1: неполное покрытие суток (служебные значения, нарушение 0<C≤3000); D2: неполное покрытие суток (служебные значения, нарушение 0<C≤3000); D3: неполное покрытие суток (служебные значения, нарушение 0<C≤3000); D1: диагностический постоянный участок в окнах расчёта; D2: диагностический постоянный участок в окнах расчёта; D3: диагностический постоянный участок в окнах расчёта"
2017-12-22 00:00:00,2017-12-21 00:00:00,2017-12-24 00:00:00,96,0,0,0,191,0,0,0,900.0,False,False,96,0,0,0,191,0,0,0,900.0,False,False,96,0,0,0,191,0,0,0,900.0,False,False,False,False,B,D1: неполное покрытие суток (нарушение 0<C≤3000); D2: неполное покрытие суток (нарушение 0<C≤3000); D3: неполное покрытие суток (нарушение 0<C≤3000),,D1: неполное покрытие суток (нарушение 0<C≤3000); D2: неполное покрытие суток (нарушение 0<C≤3000); D3: неполное покрытие суток (нарушение 0<C≤3000)
2017-12-23 00:00:00,2017-12-22 00:00:00,2017-12-25 00:00:00,96,0,0,0,190,0,0,0,901.0,False,False,96,0,0,0,190,0,0,0,901.0,False,False,96,0,0,0,190,0,0,0,901.0,False,False,False,False,B,D1: неполное покрытие суток (нарушение 0<C≤3000); D2: неполное покрытие суток (нарушение 0<C≤3000); D3: неполное покрытие суток (нарушение 0<C≤3000),,D1: неполное покрытие суток (нарушение 0<C≤3000); D2: неполное покрытие суток (нарушение 0<C≤3000); D3: неполное покрытие суток (нарушение 0<C≤3000)
2017-12-24 00:00:00,2017-12-23 00:00:00,2017-12-26 00:00:00,96,0,0,0,191,0,0,0,901.0,False,False,96,0,0,0,191,0,0,0,901.0,False,False,96,0,0,0,191,0,0,0,901.0,False,False,False,False,B,D1: неполное покрытие суток (нарушение 0<C≤3000); D2: неполное покрытие суток (нарушение 0<C≤3000); D3: неполное покрытие суток (нарушение 0<C≤3000),,D1: неполное покрытие суток (нарушение 0<C≤3000); D2: неполное покрытие суток (нарушение 0<C≤3000); D3: неполное покрытие суток (нарушение 0<C≤3000)
2017-12-25 00:00:00,2017-12-24 00:00:00,2017-12-27 00:00:00,96,0,0,0,191,0,0,0,901.0,False,False,96,0,0,0,191,0,0,0,901.0,False,False,96,0,0,0,191,0,0,0,901.0,False,False,False,False,B,D1: неполное покрытие суток (нарушение 0<C≤3000); D2: неполное покрытие суток (нарушение 0<C≤3000); D3: неполное покрытие суток (нарушение 0<C≤3000),,D1: неполное покрытие суток (нарушение 0<C≤3000); D2: неполное покрытие суток (нарушение 0<C≤3000); D3: неполное покрытие суток (нарушение 0<C≤3000)
2017-12-26 00:00:00,2017-12-25 00:00:00,2017-12-28 00:00:00,96,0,0,1,189,0,0,0,901.0,False,False,96,0,0,1,189,0,0,0,901.0,False,False,96,0,0,1,189,0,0,0,901.0,False,False,False,False,B,"D1: неполное покрытие суток (служебные значения, нарушение 0<C≤3000); D2: неполное покрытие суток (служебные значения, нарушение 0<C≤3000); D3: неполное покрытие суток (служебные значения, нарушение 0<C≤3000)",,"D1: неполное покрытие суток (служебные значения, нарушение 0<C≤3000); D2: неполное покрытие суток (служебные значения, нарушение 0<C≤3000); D3: неполное покрытие суток (служебные значения, нарушение 0<C≤3000)"
2017-12-27 00:00:00,2017-12-26 00:00:00,2017-12-29 00:00:00,96,0,0,1,190,0,0,0,901.0,False,False,96,0,0,1,190,0,0,0,901.0,False,False,96,0,0,1,190,0,0,0,901.0,False,False,False,False,B,"D1: неполное покрытие суток (служебные значения, нарушение 0<C≤3000); D2: неполное покрытие суток (служебные значения, нарушение 0<C≤3000); D3: неполное покрытие суток (служебные значения, нарушение 0<C≤3000)",,"D1: неполное покрытие суток (служебные значения, нарушение 0<C≤3000); D2: неполное покрытие суток (служебные значения, нарушение 0<C≤3000); D3: неполное покрытие суток (служебные значения, нарушение 0<C≤3000)"
2017-12-28 00:00:00,2017-12-27 00:00:00,2017-12-30 00:00:00,96,0,0,0,191,0,0,0,900.0,False,False,96,0,0,0,191,0,0,0,900.0,False,False,96,0,0,0,191,0,0,0,900.0,False,False,False,False,B,D1: неполное покрытие суток (нарушение 0<C≤3000); D2: неполное покрытие суток (нарушение 0<C≤3000); D3: неполное покрытие суток (нарушение 0<C≤3000),,D1: неполное покрытие суток (нарушение 0<C≤3000); D2: неполное покрытие суток (нарушение 0<C≤3000); D3: неполное покрытие суток (нарушение 0<C≤3000)
2017-12-29 00:00:00,2017-12-28 00:00:00,2017-12-31 00:00:00,96,0,0,0,191,0,0,0,900.0,False,False,96,0,0,0,191,0,0,0,900.0,False,False,96,0,0,0,191,0,0,0,900.0,False,False,False,False,B,D1: неполное покрытие суток (нарушение 0<C≤3000); D2: неполное покрытие суток (нарушение 0<C≤3000); D3: неполное покрытие суток (нарушение 0<C≤3000),,D1: неполное покрытие суток (нарушение 0<C≤3000); D2: неполное покрытие суток (нарушение 0<C≤3000); D3: неполное покрытие суток (нарушение 0<C≤3000)
2017-12-30 00:00:00,2017-12-29 00:00:00,2018-01-01 00:00:00,96,0,0,0,192,0,0,0,900.0,False,False,96,0,0,0,192,0,0,0,900.0,False,False,96,0,0,0,192,0,0,0,900.0,False,False,False,False,B,D1: неполное покрытие суток (нарушение 0<C≤3000); D2: неполное покрытие суток (нарушение 0<C≤3000); D3: неполное покрытие суток (нарушение 0<C≤3000),,D1: неполное покрытие суток (нарушение 0<C≤3000); D2: неполное покрытие суток (нарушение 0<C≤3000); D3: неполное покрытие суток (нарушение 0<C≤3000)
2017-12-31 00:00:00,2017-12-30 00:00:00,2018-01-02 00:00:00,96,0,0,0,191,0,0,0,900.0,False,False,96,0,0,0,191,0,0,0,900.0,False,False,96,0,0,0,191,0,0,0,900.0,False,False,False,False,B,D1: неполное покрытие суток (нарушение 0<C≤3000); D2: неполное покрытие суток (нарушение 0<C≤3000); D3: неполное покрытие суток (нарушение 0<C≤3000),,D1: неполное покрытие суток (нарушение 0<C≤3000); D2: неполное покрытие суток (нарушение 0<C≤3000); D3: неполное покрытие суток (нарушение 0<C≤3000)
2018-01-01 00:00:00,2017-12-31 00:00:00,2018-01-03 00:00:00,96,0,0,0,191,0,0,0,900.0,False,False,96,0,0,0,191,0,0,0,900.0,False,False,96,0,0,0,191,0,0,0,900.0,False,False,False,False,B,D1: неполное покрытие суток (нарушение 0<C≤3000); D2: неполное покрытие суток (нарушение 0<C≤3000); D3: неполное покрытие суток (нарушение 0<C≤3000),,D1: неполное покрытие суток (нарушение 0<C≤3000); D2: неполное покрытие суток (нарушение 0<C≤3000); D3: неполное покрытие суток (нарушение 0<C≤3000)
2018-01-02 00:00:00,2018-01-01 00:00:00,2018-01-04 00:00:00,94,0,0,0,102,0,0,0,900.0,False,False,94,0,0,0,102,0,0,0,900.0,False,False,94,0,0,0,102,0,0,0,900.0,False,False,False,False,B,D1: неполное покрытие суток (нарушение 0<C≤3000); D2: неполное покрытие суток (нарушение 0<C≤3000); D3: неполное покрытие суток (нарушение 0<C≤3000),,D1: неполное покрытие суток (нарушение 0<C≤3000); D2: неполное покрытие суток (нарушение 0<C≤3000); D3: неполное покрытие суток (нарушение 0<C≤3000)
2018-01-03 00:00:00,2018-01-02 00:00:00,2018-01-05 00:00:00,96,0,0,0,6,0,0,0,901.0,True,False,96,0,0,0,6,0,0,0,901.0,True,False,96,0,0,0,6,0,0,0,901.0,True,False,True,False,B,D1: неполное окружение ±12 ч (нарушение 0<C≤3000); D2: неполное окружение ±12 ч (нарушение 0<C≤3000); D3: неполное окружение ±12 ч (нарушение 0<C≤3000),,D1: неполное окружение ±12 ч (нарушение 0<C≤3000); D2: неполное окружение ±12 ч (нарушение 0<C≤3000); D3: неполное окружение ±12 ч (нарушение 0<C≤3000)
2018-01-04 00:00:00,2018-01-03 00:00:00,2018-01-06 00:00:00,96,0,0,0,0,0,0,0,901.0,True,True,96,0,0,0,0,0,0,0,901.0,True,True,96,0,0,0,0,0,0,0,901.0,True,True,True,True,A,,,Расчёт возможен по существующим правилам
2018-01-05 00:00:00,2018-01-04 00:00:00,2018-01-07 00:00:00,96,0,0,0,0,0,0,0,901.0,True,True,96,0,0,0,0,0,0,0,901.0,True,True,96,0,0,0,0,0,0,0,901.0,True,True,True,True,A,,,Расчёт возможен по существующим правилам
2018-01-06 00:00:00,2018-01-05 00:00:00,2018-01-08 00:00:00,96,0,0,0,0,0,0,0,900.0,True,True,96,0,0,0,0,0,0,0,900.0,True,True,96,0,0,0,0,0,0,0,900.0,True,True,True,True,A,,,Расчёт возможен по существующим правилам
2018-01-07 00:00:00,2018-01-06 00:00:00,2018-01-09 00:00:00,96,0,0,0,0,0,0,0,900.0,True,True,96,0,0,0,0,0,0,0,900.0,True,True,96,0,0,0,0,0,0,0,900.0,True,True,True,True,A,,,Расчёт возможен по существующим правилам
2018-01-08 00:00:00,2018-01-07 00:00:00,2018-01-10 00:00:00,96,0,0,0,0,0,0,0,900.0,True,True,96,0,0,0,0,0,0,0,900.0,True,True,96,0,0,0,0,0,0,0,900.0,True,True,True,True,A,,,Расчёт возможен по существующим правилам
2018-01-09 00:00:00,2018-01-08 00:00:00,2018-01-11 00:00:00,96,0,0,1,0,0,0,0,900.0,False,False,96,0,0,1,0,0,0,0,900.0,False,False,96,0,0,1,0,0,0,0,900.0,False,False,False,False,B,D1: неполное покрытие суток (служебные значения); D2: неполное покрытие суток (служебные значения); D3: неполное покрытие суток (служебные значения),,D1: неполное покрытие суток (служебные значения); D2: неполное покрытие суток (служебные значения); D3: неполное покрытие суток (служебные значения)
2018-01-10 00:00:00,2018-01-09 00:00:00,2018-01-12 00:00:00,96,0,0,1,0,0,0,0,900.0,True,False,96,0,0,1,0,0,0,0,900.0,True,False,96,0,0,1,0,0,0,0,900.0,True,False,True,False,B,D1: неполное окружение ±12 ч (служебные значения); D2: неполное окружение ±12 ч (служебные значения); D3: неполное окружение ±12 ч (служебные значения),,D1: неполное окружение ±12 ч (служебные значения); D2: неполное окружение ±12 ч (служебные значения); D3: неполное окружение ±12 ч (служебные значения)
2018-01-11 00:00:00,2018-01-10 00:00:00,2018-01-13 00:00:00,96,0,0,0,0,0,0,0,900.0,True,True,96,0,0,0,0,0,0,0,900.0,True,True,96,0,0,0,0,0,0,0,900.0,True,True,True,True,A,,,Расчёт возможен по существующим правилам
2018-01-12 00:00:00,2018-01-11 00:00:00,2018-01-14 00:00:00,96,0,0,0,0,0,0,0,901.0,True,True,96,0,0,0,0,0,0,0,901.0,True,True,96,0,0,0,0,0,0,0,901.0,True,True,True,True,A,,,Расчёт возможен по существующим правилам
2018-01-13 00:00:00,2018-01-12 00:00:00,2018-01-15 00:00:00,96,0,0,0,0,0,0,0,901.0,True,True,96,0,0,0,0,0,0,0,901.0,True,True,96,0,0,0,0,0,0,0,901.0,True,True,True,True,A,,,Расчёт возможен по существующим правилам
2018-01-14 00:00:00,2018-01-13 00:00:00,2018-01-16 00:00:00,96,0,0,0,0,0,0,0,901.0,True,True,96,0,0,0,0,0,0,0,901.0,True,True,96,0,0,0,0,0,0,0,901.0,True,True,True,True,A,,,Расчёт возможен по существующим правилам
2018-01-15 00:00:00,2018-01-14 00:00:00,2018-01-17 00:00:00,96,0,0,0,0,0,0,0,901.0,True,True,96,0,0,0,0,0,0,0,901.0,True,True,96,0,0,0,0,0,0,0,901.0,True,True,True,True,A,,,Расчёт возможен по существующим правилам
2018-01-16 00:00:00,2018-01-15 00:00:00,2018-01-18 00:00:00,96,0,0,0,0,0,0,0,901.0,True,True,96,0,0,0,0,0,0,0,901.0,True,True,96,0,0,0,0,0,0,0,901.0,True,True,True,True,A,,,Расчёт возможен по существующим правилам
2018-01-17 00:00:00,2018-01-16 00:00:00,2018-01-19 00:00:00,96,0,0,0,0,0,0,0,901.0,True,True,96,0,0,0,0,0,0,0,901.0,True,True,96,0,0,0,0,0,0,0,901.0,True,True,True,True,A,,,Расчёт возможен по существующим правилам
2018-01-18 00:00:00,2018-01-17 00:00:00,2018-01-20 00:00:00,96,0,0,0,0,0,0,0,901.0,True,True,96,0,0,0,0,0,0,0,901.0,True,True,96,0,0,0,0,0,0,0,901.0,True,True,True,True,A,,,Расчёт возможен по существующим правилам
2018-01-19 00:00:00,2018-01-18 00:00:00,2018-01-21 00:00:00,96,0,0,0,0,0,0,0,901.0,True,True,96,0,0,0,0,0,0,0,901.0,True,True,96,0,0,0,0,0,0,0,901.0,True,True,True,True,A,,,Расчёт возможен по существующим правилам
2018-01-20 00:00:00,2018-01-19 00:00:00,2018-01-22 00:00:00,96,0,0,0,0,0,0,0,901.0,True,True,96,0,0,0,0,0,0,0,901.0,True,True,96,0,0,0,0,0,0,0,901.0,True,True,True,True,A,,,Расчёт возможен по существующим правилам
2018-01-21 00:00:00,2018-01-20 00:00:00,2018-01-23 00:00:00,96,0,0,0,0,0,0,0,901.0,True,True,96,0,0,0,0,0,0,0,901.0,True,True,96,0,0,0,0,0,0,0,901.0,True,True,True,True,A,,,Расчёт возможен по существующим правилам
2018-01-22 00:00:00,2018-01-21 00:00:00,2018-01-24 00:00:00,96,0,0,0,0,0,0,0,901.0,True,True,96,0,0,0,0,0,0,0,901.0,True,True,96,0,0,0,0,0,0,0,901.0,True,True,True,True,A,,,Расчёт возможен по существующим правилам
2018-01-23 00:00:00,2018-01-22 00:00:00,2018-01-25 00:00:00,96,0,0,0,0,0,0,0,900.0,True,True,96,0,0,0,0,0,0,0,900.0,True,True,96,0,0,0,0,0,0,0,900.0,True,True,True,True,A,,,Расчёт возможен по существующим правилам
2018-01-24 00:00:00,2018-01-23 00:00:00,2018-01-26 00:00:00,96,0,0,0,0,0,0,0,900.0,True,True,96,0,0,0,0,0,0,0,900.0,True,True,96,0,0,0,0,0,0,0,900.0,True,True,True,True,A,,,Расчёт возможен по существующим правилам
2018-01-25 00:00:00,2018-01-24 00:00:00,2018-01-27 00:00:00,96,0,0,0,0,0,0,0,900.0,True,True,96,0,0,0,0,0,0,0,900.0,True,True,96,0,0,0,0,0,0,0,900.0,True,True,True,True,A,,,Расчёт возможен по существующим правилам
2018-01-26 00:00:00,2018-01-25 00:00:00,2018-01-28 00:00:00,96,0,0,0,0,0,0,0,901.0,True,True,96,0,0,0,0,0,0,0,901.0,True,True,96,0,0,0,0,0,0,0,901.0,True,True,True,True,A,,,Расчёт возможен по существующим правилам
2018-01-27 00:00:00,2018-01-26 00:00:00,2018-01-29 00:00:00,96,0,0,0,0,0,0,0,901.0,True,True,96,0,0,0,0,0,0,0,901.0,True,True,96,0,0,0,0,0,0,0,901.0,True,True,True,True,A,,,Расчёт возможен по существующим правилам
2018-01-28 00:00:00,2018-01-27 00:00:00,2018-01-30 00:00:00,96,0,0,0,0,0,0,0,901.0,True,True,96,0,0,0,0,0,0,0,901.0,True,True,96,0,0,0,0,0,0,0,901.0,True,True,True,True,A,,,Расчёт возможен по существующим правилам
2018-01-29 00:00:00,2018-01-28 00:00:00,2018-01-31 00:00:00,96,0,0,0,0,0,0,0,901.0,True,True,96,0,0,0,0,0,0,0,901.0,True,True,96,0,0,0,0,0,0,0,901.0,True,True,True,True,A,,,Расчёт возможен по существующим правилам
2018-01-30 00:00:00,2018-01-29 00:00:00,2018-02-01 00:00:00,96,0,0,0,0,0,0,0,901.0,True,True,96,0,0,0,0,0,0,0,901.0,True,True,96,0,0,0,0,0,0,0,901.0,True,True,True,True,A,,,Расчёт возможен по существующим правилам
2018-01-31 00:00:00,2018-01-30 00:00:00,2018-02-02 00:00:00,96,0,0,0,0,0,0,0,901.0,True,True,96,0,0,0,0,0,0,0,901.0,True,True,96,0,0,0,0,0,0,0,901.0,True,True,True,True,A,,,Расчёт возможен по существующим правилам
2018-02-01 00:00:00,2018-01-31 00:00:00,2018-02-03 00:00:00,96,0,0,0,0,0,0,0,901.0,True,True,96,0,0,0,0,0,0,0,901.0,True,True,96,0,0,0,0,0,0,0,901.0,True,True,True,True,A,,,Расчёт возможен по существующим правилам
2018-02-02 00:00:00,2018-02-01 00:00:00,2018-02-04 00:00:00,96,0,0,0,0,0,0,0,901.0,True,True,96,0,0,0,0,0,0,0,901.0,True,True,96,0,0,0,0,0,0,0,901.0,True,True,True,True,A,,,Расчёт возможен по существующим правилам
2018-02-03 00:00:00,2018-02-02 00:00:00,2018-02-05 00:00:00,96,0,0,0,0,0,0,0,901.0,True,True,96,0,0,0,0,0,0,0,901.0,True,True,96,0,0,0,0,0,0,0,901.0,True,True,True,True,A,,,Расчёт возможен по существующим правилам
2018-02-04 00:00:00,2018-02-03 00:00:00,2018-02-06 00:00:00,96,0,0,0,0,0,0,0,900.0,True,True,96,0,0,0,0,0,0,0,900.0,True,True,96,0,0,0,0,0,0,0,900.0,True,True,True,True,A,,,Расчёт возможен по существующим правилам
2018-02-05 00:00:00,2018-02-04 00:00:00,2018-02-07 00:00:00,96,0,0,0,0,0,0,0,900.0,True,True,96,0,0,0,0,0,0,0,900.0,True,True,96,0,0,0,0,0,0,0,900.0,True,True,True,True,A,,,Расчёт возможен по существующим правилам
2018-02-06 00:00:00,2018-02-05 00:00:00,2018-02-08 00:00:00,96,0,0,0,0,0,0,0,900.0,True,True,96,0,0,0,0,0,0,0,900.0,True,True,96,0,0,0,0,0,0,0,900.0,True,True,True,True,A,,,Расчёт возможен по существующим правилам
2018-02-07 00:00:00,2018-02-06 00:00:00,2018-02-09 00:00:00,96,0,0,0,0,0,0,0,900.0,True,True,96,0,0,0,0,0,0,0,900.0,True,True,96,0,0,0,0,0,0,0,900.0,True,True,True,True,A,,,Расчёт возможен по существующим правилам
2018-02-08 00:00:00,2018-02-07 00:00:00,2018-02-10 00:00:00,96,0,0,0,0,0,0,0,901.0,True,True,96,0,0,0,0,0,0,0,901.0,True,True,96,0,0,0,0,0,0,0,900.5,True,True,True,True,A,,,Расчёт возможен по существующим правилам
2018-02-09 00:00:00,2018-02-08 00:00:00,2018-02-11 00:00:00,95,0,0,0,0,0,0,0,900.5,False,False,95,0,0,0,0,0,0,0,900.5,False,False,95,0,0,0,0,0,0,0,900.5,False,False,False,False,B,D1: неполное покрытие суток; D2: неполное покрытие суток; D3: неполное покрытие суток,,D1: неполное покрытие суток; D2: неполное покрытие суток; D3: неполное покрытие суток
2018-02-10 00:00:00,2018-02-09 00:00:00,2018-02-12 00:00:00,96,0,0,0,0,0,0,0,900.0,True,False,96,0,0,0,0,0,0,0,900.0,True,False,96,0,0,0,0,0,0,0,900.0,True,False,True,False,B,D1: неполное окружение ±12 ч; D2: неполное окружение ±12 ч; D3: неполное окружение ±12 ч,,D1: неполное окружение ±12 ч; D2: неполное окружение ±12 ч; D3: неполное окружение ±12 ч
2018-02-11 00:00:00,2018-02-10 00:00:00,2018-02-13 00:00:00,96,0,0,0,0,0,0,0,900.0,True,True,96,0,0,0,0,0,0,0,900.0,True,True,96,0,0,0,0,0,0,0,900.0,True,True,True,True,A,,,Расчёт возможен по существующим правилам
2018-02-12 00:00:00,2018-02-11 00:00:00,2018-02-14 00:00:00,96,0,0,0,0,0,0,0,900.0,True,True,96,0,0,0,0,0,0,0,900.0,True,True,96,0,0,0,0,0,0,0,900.0,True,True,True,True,A,,,Расчёт возможен по существующим правилам
2018-02-13 00:00:00,2018-02-12 00:00:00,2018-02-15 00:00:00,96,0,0,0,0,0,0,0,900.0,True,True,96,0,0,0,0,0,0,0,900.0,True,True,96,0,0,0,0,0,0,0,900.0,True,True,True,True,A,,,Расчёт возможен по существующим правилам
2018-02-14 00:00:00,2018-02-13 00:00:00,2018-02-16 00:00:00,96,0,0,0,0,0,0,0,900.0,True,True,96,0,0,0,0,0,0,0,900.0,True,True,96,0,0,0,0,0,0,0,900.0,True,True,True,True,A,,,Расчёт возможен по существующим правилам
2018-02-15 00:00:00,2018-02-14 00:00:00,2018-02-17 00:00:00,96,2,0,0,0,0,0,0,900.0,True,True,96,2,0,0,0,0,0,0,900.0,True,True,96,2,0,0,0,0,0,0,900.0,True,True,True,True,C,,D1: повторные метки в трёхсуточном контексте; D2: повторные метки в трёхсуточном контексте; D3: повторные метки в трёхсуточном контексте,D1: повторные метки в трёхсуточном контексте; D2: повторные метки в трёхсуточном контексте; D3: повторные метки в трёхсуточном контексте
2018-02-16 00:00:00,2018-02-15 00:00:00,2018-02-18 00:00:00,104,2,4,0,0,0,27,27,900.0,False,False,104,2,4,0,0,0,27,27,900.0,False,False,104,2,4,0,0,0,27,27,900.0,False,False,False,False,B,D1: неполное покрытие суток; D2: неполное покрытие суток; D3: неполное покрытие суток,D1: повторные метки в трёхсуточном контексте; D1: диагностический постоянный участок в окнах расчёта; D2: повторные метки в трёхсуточном контексте; D2: диагностический постоянный участок в окнах расчёта; D3: повторные метки в трёхсуточном контексте; D3: диагностический постоянный участок в окнах расчёта,D1: неполное покрытие суток; D2: неполное покрытие суток; D3: неполное покрытие суток; D1: повторные метки в трёхсуточном контексте; D1: диагностический постоянный участок в окнах расчёта; D2: повторные метки в трёхсуточном контексте; D2: диагностический постоянный участок в окнах расчёта; D3: повторные метки в трёхсуточном контексте; D3: диагностический постоянный участок в окнах расчёта
2018-02-17 00:00:00,2018-02-16 00:00:00,2018-02-19 00:00:00,96,2,4,0,0,0,27,27,900.0,True,False,96,2,4,0,0,0,27,27,900.0,True,False,96,2,4,0,0,0,27,27,900.0,True,False,True,False,B,D1: неполное окружение ±12 ч; D2: неполное окружение ±12 ч; D3: неполное окружение ±12 ч,D1: повторные метки в трёхсуточном контексте; D1: диагностический постоянный участок в окнах расчёта; D2: повторные метки в трёхсуточном контексте; D2: диагностический постоянный участок в окнах расчёта; D3: повторные метки в трёхсуточном контексте; D3: диагностический постоянный участок в окнах расчёта,D1: неполное окружение ±12 ч; D2: неполное окружение ±12 ч; D3: неполное окружение ±12 ч; D1: повторные метки в трёхсуточном контексте; D1: диагностический постоянный участок в окнах расчёта; D2: повторные метки в трёхсуточном контексте; D2: диагностический постоянный участок в окнах расчёта; D3: повторные метки в трёхсуточном контексте; D3: диагностический постоянный участок в окнах расчёта
2018-02-18 00:00:00,2018-02-17 00:00:00,2018-02-20 00:00:00,96,0,0,0,0,0,0,0,900.0,True,True,96,0,0,0,0,0,0,0,900.0,True,True,96,0,0,0,0,0,0,0,900.0,True,True,True,True,A,,,Расчёт возможен по существующим правилам
2018-02-19 00:00:00,2018-02-18 00:00:00,2018-02-21 00:00:00,96,0,0,0,0,0,0,0,900.0,True,True,96,0,0,0,0,0,0,0,900.0,True,True,96,0,0,0,0,0,0,0,900.0,True,True,True,True,A,,,Расчёт возможен по существующим правилам
2018-02-20 00:00:00,2018-02-19 00:00:00,2018-02-22 00:00:00,96,0,0,0,0,0,0,0,900.0,True,True,96,0,0,0,0,0,0,0,900.0,True,True,96,0,0,0,0,0,0,0,900.0,True,True,True,True,A,,,Расчёт возможен по существующим правилам
2018-02-21 00:00:00,2018-02-20 00:00:00,2018-02-23 00:00:00,96,0,0,0,0,0,0,0,900.0,True,True,96,0,0,0,0,0,0,0,900.0,True,True,96,0,0,0,0,0,0,0,900.0,True,True,True,True,A,,,Расчёт возможен по существующим правилам
2018-02-22 00:00:00,2018-02-21 00:00:00,2018-02-24 00:00:00,96,0,0,0,0,0,0,0,900.0,True,True,96,0,0,0,0,0,0,0,900.0,True,True,96,0,0,0,0,0,0,0,900.0,True,True,True,True,A,,,Расчёт возможен по существующим правилам
2018-02-23 00:00:00,2018-02-22 00:00:00,2018-02-25 00:00:00,96,0,0,0,0,0,0,0,900.0,True,True,96,0,0,0,0,0,0,0,900.0,True,True,96,0,0,0,0,0,0,0,900.0,True,True,True,True,A,,,Расчёт возможен по существующим правилам
2018-02-24 00:00:00,2018-02-23 00:00:00,2018-02-26 00:00:00,96,0,0,0,0,0,0,0,900.0,True,True,96,0,0,0,0,0,0,0,900.0,True,True,96,0,0,0,0,0,0,0,900.0,True,True,True,True,A,,,Расчёт возможен по существующим правилам
2018-02-25 00:00:00,2018-02-24 00:00:00,2018-02-27 00:00:00,96,0,0,0,0,0,0,0,900.0,True,True,96,0,0,0,0,0,0,0,900.0,True,True,96,0,0,0,0,0,0,0,900.0,True,True,True,True,A,,,Расчёт возможен по существующим правилам
2018-02-26 00:00:00,2018-02-25 00:00:00,2018-02-28 00:00:00,96,0,0,0,0,0,0,0,900.0,True,False,96,0,0,0,0,0,0,0,900.0,True,False,96,0,0,0,0,0,0,0,900.0,True,False,True,False,B,D1: неполное окружение ±12 ч; D2: неполное окружение ±12 ч; D3: неполное окружение ±12 ч,,D1: неполное окружение ±12 ч; D2: неполное окружение ±12 ч; D3: неполное окружение ±12 ч
2018-02-27 00:00:00,2018-02-26 00:00:00,2018-03-01 00:00:00,85,0,0,0,0,0,0,0,900.0,False,False,85,0,0,0,0,0,0,0,900.0,False,False,85,0,0,0,0,0,0,0,900.0,False,False,False,False,B,D1: неполное покрытие суток; D2: неполное покрытие суток; D3: неполное покрытие суток,,D1: неполное покрытие суток; D2: неполное покрытие суток; D3: неполное покрытие суток
2018-02-28 00:00:00,2018-02-27 00:00:00,2018-03-02 00:00:00,93,0,0,0,0,0,0,0,900.0,False,False,93,0,0,0,0,0,0,0,900.0,False,False,93,0,0,0,0,0,0,0,900.0,False,False,False,False,B,D1: неполное покрытие суток; D2: неполное покрытие суток; D3: неполное покрытие суток,,D1: неполное покрытие суток; D2: неполное покрытие суток; D3: неполное покрытие суток
2018-03-01 00:00:00,2018-02-28 00:00:00,2018-03-03 00:00:00,96,0,0,0,0,0,0,0,900.0,True,True,96,0,0,0,0,0,0,0,900.0,True,True,96,0,0,0,0,0,0,0,900.0,True,True,True,True,A,,,Расчёт возможен по существующим правилам
2018-03-02 00:00:00,2018-03-01 00:00:00,2018-03-04 00:00:00,96,0,0,0,0,0,0,0,900.0,True,True,96,0,0,0,0,0,0,0,900.0,True,True,96,0,0,0,0,0,0,0,900.0,True,True,True,True,A,,,Расчёт возможен по существующим правилам
2018-03-03 00:00:00,2018-03-02 00:00:00,2018-03-05 00:00:00,96,0,0,0,0,0,0,0,900.0,True,True,96,0,0,0,0,0,0,0,900.0,True,True,96,0,0,0,0,0,0,0,900.0,True,True,True,True,A,,,Расчёт возможен по существующим правилам
2018-03-04 00:00:00,2018-03-03 00:00:00,2018-03-06 00:00:00,96,0,0,0,0,0,0,0,900.0,True,True,96,0,0,0,0,0,0,0,900.0,True,True,96,0,0,0,0,0,0,0,900.0,True,True,True,True,A,,,Расчёт возможен по существующим правилам
2018-03-05 00:00:00,2018-03-04 00:00:00,2018-03-07 00:00:00,96,0,0,0,0,0,0,0,900.0,True,True,96,0,0,0,0,0,0,0,900.0,True,True,96,0,0,0,0,0,0,0,900.0,True,True,True,True,A,,,Расчёт возможен по существующим правилам
2018-03-06 00:00:00,2018-03-05 00:00:00,2018-03-08 00:00:00,96,0,0,0,0,0,0,0,900.0,True,True,96,0,0,0,0,0,0,0,900.0,True,True,96,0,0,0,0,0,0,0,900.0,True,True,True,True,A,,,Расчёт возможен по существующим правилам
2018-03-07 00:00:00,2018-03-06 00:00:00,2018-03-09 00:00:00,96,0,0,0,0,0,0,0,900.0,True,True,96,0,0,0,0,0,0,0,900.0,True,True,96,0,0,0,0,0,0,0,900.0,True,True,True,True,A,,,Расчёт возможен по существующим правилам
2018-03-08 00:00:00,2018-03-07 00:00:00,2018-03-10 00:00:00,95,0,0,0,0,0,0,0,900.0,False,False,95,0,0,0,0,0,0,0,900.0,False,False,95,0,0,0,0,0,0,0,900.0,False,False,False,False,B,D1: неполное покрытие суток; D2: неполное покрытие суток; D3: неполное покрытие суток,,D1: неполное покрытие суток; D2: неполное покрытие суток; D3: неполное покрытие суток
2018-03-09 00:00:00,2018-03-08 00:00:00,2018-03-11 00:00:00,96,0,0,0,0,0,0,0,900.0,True,False,96,0,0,0,0,0,0,0,900.0,True,False,96,0,0,0,0,0,0,0,900.0,True,False,True,False,B,D1: неполное окружение ±12 ч; D2: неполное окружение ±12 ч; D3: неполное окружение ±12 ч,,D1: неполное окружение ±12 ч; D2: неполное окружение ±12 ч; D3: неполное окружение ±12 ч
2018-03-10 00:00:00,2018-03-09 00:00:00,2018-03-12 00:00:00,96,0,0,1,0,0,0,0,900.0,False,False,96,0,0,1,0,0,0,0,900.0,False,False,96,0,0,1,0,0,0,0,900.0,False,False,False,False,B,D1: неполное покрытие суток (служебные значения); D2: неполное покрытие суток (служебные значения); D3: неполное покрытие суток (служебные значения),,D1: неполное покрытие суток (служебные значения); D2: неполное покрытие суток (служебные значения); D3: неполное покрытие суток (служебные значения)
2018-03-11 00:00:00,2018-03-10 00:00:00,2018-03-13 00:00:00,96,0,0,1,0,0,0,0,900.0,True,False,96,0,0,1,0,0,0,0,900.0,True,False,96,0,0,1,0,0,0,0,900.0,True,False,True,False,B,D1: неполное окружение ±12 ч (служебные значения); D2: неполное окружение ±12 ч (служебные значения); D3: неполное окружение ±12 ч (служебные значения),,D1: неполное окружение ±12 ч (служебные значения); D2: неполное окружение ±12 ч (служебные значения); D3: неполное окружение ±12 ч (служебные значения)
2018-03-12 00:00:00,2018-03-11 00:00:00,2018-03-14 00:00:00,97,0,0,0,0,0,0,0,900.0,False,False,97,0,0,0,0,0,0,0,900.0,False,False,97,0,0,0,0,0,0,0,900.0,False,False,False,False,B,D1: неполное покрытие суток; D2: неполное покрытие суток; D3: неполное покрытие суток,,D1: неполное покрытие суток; D2: неполное покрытие суток; D3: неполное покрытие суток
2018-03-13 00:00:00,2018-03-12 00:00:00,2018-03-15 00:00:00,96,0,0,0,0,0,0,0,900.0,True,False,96,0,0,0,0,0,0,0,900.0,True,False,96,0,0,0,0,0,0,0,900.0,True,False,True,False,B,D1: неполное окружение ±12 ч; D2: неполное окружение ±12 ч; D3: неполное окружение ±12 ч,,D1: неполное окружение ±12 ч; D2: неполное окружение ±12 ч; D3: неполное окружение ±12 ч
2018-03-14 00:00:00,2018-03-13 00:00:00,2018-03-16 00:00:00,95,0,0,0,0,0,0,0,900.0,False,False,95,0,0,0,0,0,0,0,900.0,False,False,95,0,0,0,0,0,0,0,900.0,False,False,False,False,B,D1: неполное покрытие суток; D2: неполное покрытие суток; D3: неполное покрытие суток,,D1: неполное покрытие суток; D2: неполное покрытие суток; D3: неполное покрытие суток
2018-03-15 00:00:00,2018-03-14 00:00:00,2018-03-17 00:00:00,96,0,0,0,0,0,0,0,900.0,True,True,96,0,0,0,0,0,0,0,900.0,True,True,96,0,0,0,0,0,0,0,900.0,True,True,True,True,A,,,Расчёт возможен по существующим правилам
2018-03-16 00:00:00,2018-03-15 00:00:00,2018-03-18 00:00:00,96,0,0,0,0,0,0,0,899.0,True,True,96,0,0,0,0,0,0,0,899.0,True,True,96,0,0,0,0,0,0,0,899.0,True,True,True,True,A,,,Расчёт возможен по существующим правилам
2018-03-17 00:00:00,2018-03-16 00:00:00,2018-03-19 00:00:00,96,0,0,0,0,0,0,0,899.0,True,True,96,0,0,0,0,0,0,0,899.0,True,True,96,0,0,0,0,0,0,0,899.0,True,True,True,True,A,,,Расчёт возможен по существующим правилам
2018-03-18 00:00:00,2018-03-17 00:00:00,2018-03-20 00:00:00,96,0,0,0,0,0,0,0,899.0,True,True,96,0,0,0,0,0,0,0,899.0,True,True,96,0,0,0,0,0,0,0,899.0,True,True,True,True,A,,,Расчёт возможен по существующим правилам
2018-03-19 00:00:00,2018-03-18 00:00:00,2018-03-21 00:00:00,96,0,0,0,0,0,0,0,899.5,True,True,96,0,0,0,0,0,0,0,899.5,True,True,96,0,0,0,0,0,0,0,899.5,True,True,True,True,A,,,Расчёт возможен по существующим правилам
2018-03-20 00:00:00,2018-03-19 00:00:00,2018-03-22 00:00:00,95,0,0,0,0,0,0,0,900.0,False,False,95,0,0,0,0,0,0,0,900.0,False,False,95,0,0,0,0,0,0,0,900.0,False,False,False,False,B,D1: неполное покрытие суток; D2: неполное покрытие суток; D3: неполное покрытие суток,,D1: неполное покрытие суток; D2: неполное покрытие суток; D3: неполное покрытие суток
2018-03-21 00:00:00,2018-03-20 00:00:00,2018-03-23 00:00:00,96,0,0,0,0,0,0,0,900.0,True,False,96,0,0,0,0,0,0,0,900.0,True,False,96,0,0,0,0,0,0,0,900.0,True,False,True,False,B,D1: неполное окружение ±12 ч; D2: неполное окружение ±12 ч; D3: неполное окружение ±12 ч,,D1: неполное окружение ±12 ч; D2: неполное окружение ±12 ч; D3: неполное окружение ±12 ч
2018-03-22 00:00:00,2018-03-21 00:00:00,2018-03-24 00:00:00,96,0,0,0,0,0,0,0,900.0,True,True,96,0,0,0,0,0,0,0,900.0,True,True,96,0,0,0,0,0,0,0,900.0,True,True,True,True,A,,,Расчёт возможен по существующим правилам
2018-03-23 00:00:00,2018-03-22 00:00:00,2018-03-25 00:00:00,96,0,0,0,0,0,0,0,900.0,True,True,96,0,0,0,0,0,0,0,900.0,True,True,96,0,0,0,0,0,0,0,900.0,True,True,True,True,A,,,Расчёт возможен по существующим правилам
2018-03-24 00:00:00,2018-03-23 00:00:00,2018-03-26 00:00:00,96,0,0,0,0,0,0,0,900.0,True,True,96,0,0,0,0,0,0,0,900.0,True,True,96,0,0,0,0,0,0,0,900.0,True,True,True,True,A,,,Расчёт возможен по существующим правилам
2018-03-25 00:00:00,2018-03-24 00:00:00,2018-03-27 00:00:00,96,0,0,0,0,0,0,0,900.0,True,True,96,0,0,0,0,0,0,0,900.0,True,True,96,0,0,0,0,0,0,0,900.0,True,True,True,True,A,,,Расчёт возможен по существующим правилам
2018-03-26 00:00:00,2018-03-25 00:00:00,2018-03-28 00:00:00,96,0,0,0,0,0,0,0,900.0,True,True,96,0,0,0,0,0,0,0,900.0,True,True,96,0,0,0,0,0,0,0,900.0,True,True,True,True,A,,,Расчёт возможен по существующим правилам
2018-03-27 00:00:00,2018-03-26 00:00:00,2018-03-29 00:00:00,96,0,0,0,0,0,0,0,900.0,True,True,96,0,0,0,0,0,0,0,900.0,True,True,96,0,0,0,0,0,0,0,900.0,True,True,True,True,A,,,Расчёт возможен по существующим правилам
2018-03-28 00:00:00,2018-03-27 00:00:00,2018-03-30 00:00:00,94,0,0,0,0,0,0,0,900.0,False,False,94,0,0,0,0,0,0,0,900.0,False,False,94,0,0,0,0,0,0,0,900.0,False,False,False,False,B,D1: неполное покрытие суток; D2: неполное покрытие суток; D3: неполное покрытие суток,,D1: неполное покрытие суток; D2: неполное покрытие суток; D3: неполное покрытие суток
2018-03-29 00:00:00,2018-03-28 00:00:00,2018-03-31 00:00:00,96,0,0,0,0,0,0,0,900.0,True,False,96,0,0,0,0,0,0,0,900.0,True,False,96,0,0,0,0,0,0,0,900.0,True,False,True,False,B,D1: неполное окружение ±12 ч; D2: неполное окружение ±12 ч; D3: неполное окружение ±12 ч,,D1: неполное окружение ±12 ч; D2: неполное окружение ±12 ч; D3: неполное окружение ±12 ч
2018-03-30 00:00:00,2018-03-29 00:00:00,2018-04-01 00:00:00,96,0,0,0,0,0,0,0,900.0,True,True,96,0,0,0,0,0,0,0,900.0,True,True,96,0,0,0,0,0,0,0,900.0,True,True,True,True,A,,,Расчёт возможен по существующим правилам
2018-03-31 00:00:00,2018-03-30 00:00:00,2018-04-02 00:00:00,96,0,0,0,0,0,0,0,900.0,True,True,96,0,0,0,0,0,0,0,900.0,True,True,96,0,0,0,0,0,0,0,900.0,True,True,True,True,A,,,Расчёт возможен по существующим правилам
2018-04-01 00:00:00,2018-03-31 00:00:00,2018-04-03 00:00:00,95,0,0,0,0,0,0,0,901.0,False,False,95,0,0,0,0,0,0,0,901.0,False,False,95,0,0,0,0,0,0,0,901.0,False,False,False,False,B,D1: неполное покрытие суток; D2: неполное покрытие суток; D3: неполное покрытие суток,,D1: неполное покрытие суток; D2: неполное покрытие суток; D3: неполное покрытие суток
2018-04-02 00:00:00,2018-04-01 00:00:00,2018-04-04 00:00:00,96,0,0,0,0,0,0,0,900.5,True,False,96,0,0,0,0,0,0,0,900.5,True,False,96,0,0,0,0,0,0,0,900.5,True,False,True,False,B,D1: неполное окружение ±12 ч; D2: неполное окружение ±12 ч; D3: неполное окружение ±12 ч,,D1: неполное окружение ±12 ч; D2: неполное окружение ±12 ч; D3: неполное окружение ±12 ч
2018-04-03 00:00:00,2018-04-02 00:00:00,2018-04-05 00:00:00,96,0,0,0,0,0,0,0,900.0,True,True,96,0,0,0,0,0,0,0,900.0,True,True,96,0,0,0,0,0,0,0,900.0,True,True,True,True,A,,,Расчёт возможен по существующим правилам
2018-04-04 00:00:00,2018-04-03 00:00:00,2018-04-06 00:00:00,96,0,0,0,0,0,0,0,900.0,True,True,96,0,0,0,0,0,0,0,900.0,True,True,96,0,0,0,0,0,0,0,900.0,True,True,True,True,A,,,Расчёт возможен по существующим правилам
2018-04-05 00:00:00,2018-04-04 00:00:00,2018-04-07 00:00:00,96,0,0,0,0,0,0,0,900.0,True,True,96,0,0,0,0,0,0,0,900.0,True,True,96,0,0,0,0,0,0,0,900.0,True,True,True,True,A,,,Расчёт возможен по существующим правилам
2018-04-06 00:00:00,2018-04-05 00:00:00,2018-04-08 00:00:00,96,0,0,0,0,0,0,0,900.0,True,True,96,0,0,0,0,0,0,0,900.0,True,True,96,0,0,0,0,0,0,0,900.0,True,True,True,True,A,,,Расчёт возможен по существующим правилам
2018-04-07 00:00:00,2018-04-06 00:00:00,2018-04-09 00:00:00,96,0,0,0,0,0,0,0,900.0,True,True,96,0,0,0,0,0,0,0,900.0,True,True,96,0,0,0,0,0,0,0,900.0,True,True,True,True,A,,,Расчёт возможен по существующим правилам
2018-04-08 00:00:00,2018-04-07 00:00:00,2018-04-10 00:00:00,96,0,0,0,0,0,0,0,900.0,True,True,96,0,0,0,0,0,0,0,900.0,True,True,96,0,0,0,0,0,0,0,900.0,True,True,True,True,A,,,Расчёт возможен по существующим правилам
2018-04-09 00:00:00,2018-04-08 00:00:00,2018-04-11 00:00:00,96,0,0,0,0,0,0,0,900.0,True,True,96,0,0,0,0,0,0,0,900.0,True,True,96,0,0,0,0,0,0,0,900.0,True,True,True,True,A,,,Расчёт возможен по существующим правилам
2018-04-10 00:00:00,2018-04-09 00:00:00,2018-04-12 00:00:00,96,0,0,0,0,0,0,0,900.0,True,True,96,0,0,0,0,0,0,0,900.0,True,True,96,0,0,0,0,0,0,0,900.0,True,True,True,True,A,,,Расчёт возможен по существующим правилам
2018-04-11 00:00:00,2018-04-10 00:00:00,2018-04-13 00:00:00,96,0,0,0,0,0,0,0,900.0,True,True,96,0,0,0,0,0,0,0,900.0,True,True,96,0,0,0,0,0,0,0,900.0,True,True,True,True,A,,,Расчёт возможен по существующим правилам
2018-04-12 00:00:00,2018-04-11 00:00:00,2018-04-14 00:00:00,96,0,0,0,0,0,0,0,900.0,True,True,96,0,0,0,0,0,0,0,900.0,True,True,96,0,0,0,0,0,0,0,900.0,True,True,True,True,A,,,Расчёт возможен по существующим правилам
2018-04-13 00:00:00,2018-04-12 00:00:00,2018-04-15 00:00:00,96,0,0,0,0,0,0,0,900.0,True,True,96,0,0,0,0,0,0,0,900.0,True,True,96,0,0,0,0,0,0,0,900.0,True,True,True,True,A,,,Расчёт возможен по существующим правилам
2018-04-14 00:00:00,2018-04-13 00:00:00,2018-04-16 00:00:00,96,0,0,0,0,0,0,0,900.0,True,True,96,0,0,0,0,0,0,0,900.0,True,True,96,0,0,0,0,0,0,0,900.0,True,True,True,True,A,,,Расчёт возможен по существующим правилам
2018-04-15 00:00:00,2018-04-14 00:00:00,2018-04-17 00:00:00,96,0,0,0,0,0,0,0,900.0,True,True,96,0,0,0,0,0,0,0,900.0,True,True,96,0,0,0,0,0,0,0,900.0,True,True,True,True,A,,,Расчёт возможен по существующим правилам
2018-04-16 00:00:00,2018-04-15 00:00:00,2018-04-18 00:00:00,96,0,0,0,0,0,0,0,900.0,True,True,96,0,0,0,0,0,0,0,900.0,True,True,96,0,0,0,0,0,0,0,900.0,True,True,True,True,A,,,Расчёт возможен по существующим правилам
2018-04-17 00:00:00,2018-04-16 00:00:00,2018-04-19 00:00:00,96,0,0,0,0,0,0,0,900.0,True,True,96,0,0,0,0,0,0,0,900.0,True,True,96,0,0,0,0,0,0,0,900.0,True,True,True,True,A,,,Расчёт возможен по существующим правилам
2018-04-18 00:00:00,2018-04-17 00:00:00,2018-04-20 00:00:00,96,0,0,0,0,0,0,0,900.0,True,True,96,0,0,0,0,0,0,0,900.0,True,True,96,0,0,0,0,0,0,0,900.0,True,True,True,True,A,,,Расчёт возможен по существующим правилам
2018-04-19 00:00:00,2018-04-18 00:00:00,2018-04-21 00:00:00,96,0,0,0,0,0,0,0,900.0,True,True,96,0,0,0,0,0,0,0,900.0,True,True,96,0,0,0,0,0,0,0,900.0,True,True,True,True,A,,,Расчёт возможен по существующим правилам
2018-04-20 00:00:00,2018-04-19 00:00:00,2018-04-22 00:00:00,96,0,0,0,0,0,0,0,900.0,True,True,96,0,0,0,0,0,0,0,900.0,True,True,96,0,0,0,0,0,0,0,900.0,True,True,True,True,A,,,Расчёт возможен по существующим правилам
2018-04-21 00:00:00,2018-04-20 00:00:00,2018-04-23 00:00:00,96,0,0,0,0,0,0,0,900.0,True,True,96,0,0,0,0,0,0,0,900.0,True,True,96,0,0,0,0,0,0,0,900.0,True,True,True,True,A,,,Расчёт возможен по существующим правилам
2018-04-22 00:00:00,2018-04-21 00:00:00,2018-04-24 00:00:00,96,0,0,0,0,0,0,0,900.0,True,True,96,0,0,0,0,0,0,0,900.0,True,True,96,0,0,0,0,0,0,0,900.0,True,True,True,True,A,,,Расчёт возможен по существующим правилам
2018-04-23 00:00:00,2018-04-22 00:00:00,2018-04-25 00:00:00,96,0,0,0,0,0,0,0,900.0,True,True,96,0,0,0,0,0,0,0,900.0,True,True,96,0,0,0,0,0,0,0,900.0,True,True,True,True,A,,,Расчёт возможен по существующим правилам
2018-04-24 00:00:00,2018-04-23 00:00:00,2018-04-26 00:00:00,96,0,0,0,0,0,0,0,900.0,True,True,96,0,0,0,0,0,0,0,900.0,True,True,96,0,0,0,0,0,0,0,900.0,True,True,True,True,A,,,Расчёт возможен по существующим правилам
2018-04-25 00:00:00,2018-04-24 00:00:00,2018-04-27 00:00:00,96,0,0,0,0,0,0,0,900.0,True,True,96,0,0,0,0,0,0,0,900.0,True,True,96,0,0,0,0,0,0,0,900.0,True,True,True,True,A,,,Расчёт возможен по существующим правилам
2018-04-26 00:00:00,2018-04-25 00:00:00,2018-04-28 00:00:00,96,0,0,0,0,0,0,0,900.0,True,True,96,0,0,0,0,0,0,0,900.0,True,True,96,0,0,0,0,0,0,0,900.0,True,True,True,True,A,,,Расчёт возможен по существующим правилам
2018-04-27 00:00:00,2018-04-26 00:00:00,2018-04-29 00:00:00,96,0,0,0,0,0,0,0,900.0,True,True,96,0,0,0,0,0,0,0,900.0,True,True,96,0,0,0,0,0,0,0,900.0,True,True,True,True,A,,,Расчёт возможен по существующим правилам
2018-04-28 00:00:00,2018-04-27 00:00:00,2018-04-30 00:00:00,96,0,0,0,0,0,0,0,900.0,True,True,96,0,0,0,0,0,0,0,900.0,True,True,96,0,0,0,0,0,0,0,900.0,True,True,True,True,A,,,Расчёт возможен по существующим правилам
2018-04-29 00:00:00,2018-04-28 00:00:00,2018-05-01 00:00:00,96,0,0,0,0,0,0,0,900.0,True,True,96,0,0,0,0,0,0,0,900.0,True,True,96,0,0,0,0,0,0,0,900.0,True,True,True,True,A,,,Расчёт возможен по существующим правилам
2018-04-30 00:00:00,2018-04-29 00:00:00,2018-05-02 00:00:00,96,0,0,0,0,0,0,0,900.0,True,True,96,0,0,0,0,0,0,0,900.0,True,True,96,0,0,0,0,0,0,0,900.0,True,True,True,True,A,,,Расчёт возможен по существующим правилам
2018-05-01 00:00:00,2018-04-30 00:00:00,2018-05-03 00:00:00,96,0,0,0,0,0,0,0,900.0,True,True,96,0,0,0,0,0,0,0,900.0,True,True,96,0,0,0,0,0,0,0,900.0,True,True,True,True,A,,,Расчёт возможен по существующим правилам
2018-05-02 00:00:00,2018-05-01 00:00:00,2018-05-04 00:00:00,96,0,0,0,0,0,0,0,900.0,True,True,96,0,0,0,0,0,0,0,900.0,True,True,96,0,0,0,0,0,0,0,900.0,True,True,True,True,A,,,Расчёт возможен по существующим правилам
2018-05-03 00:00:00,2018-05-02 00:00:00,2018-05-05 00:00:00,96,0,0,0,0,0,0,0,900.0,True,True,96,0,0,0,0,0,0,0,900.0,True,True,96,0,0,0,0,0,0,0,900.0,True,True,True,True,A,,,Расчёт возможен по существующим правилам
2018-05-04 00:00:00,2018-05-03 00:00:00,2018-05-06 00:00:00,96,0,0,0,0,0,0,0,900.0,True,True,96,0,0,0,0,0,0,0,900.0,True,True,96,0,0,0,0,0,0,0,900.0,True,True,True,True,A,,,Расчёт возможен по существующим правилам
2018-05-05 00:00:00,2018-05-04 00:00:00,2018-05-07 00:00:00,96,0,0,0,0,0,0,0,900.0,True,True,96,0,0,0,0,0,0,0,900.0,True,True,96,0,0,0,0,0,0,0,900.0,True,True,True,True,A,,,Расчёт возможен по существующим правилам
2018-05-06 00:00:00,2018-05-05 00:00:00,2018-05-08 00:00:00,96,0,0,0,0,0,0,0,900.0,True,True,96,0,0,0,0,0,0,0,900.0,True,True,96,0,0,0,0,0,0,0,900.0,True,True,True,True,A,,,Расчёт возможен по существующим правилам
2018-05-07 00:00:00,2018-05-06 00:00:00,2018-05-09 00:00:00,96,0,0,0,0,0,0,0,900.0,True,True,96,0,0,0,0,0,0,0,900.0,True,True,96,0,0,0,0,0,0,0,900.0,True,True,True,True,A,,,Расчёт возможен по существующим правилам
2018-05-08 00:00:00,2018-05-07 00:00:00,2018-05-10 00:00:00,96,0,0,0,0,0,0,0,900.0,True,True,96,0,0,0,0,0,0,0,900.0,True,True,96,0,0,0,0,0,0,0,900.0,True,True,True,True,A,,,Расчёт возможен по существующим правилам
2018-05-09 00:00:00,2018-05-08 00:00:00,2018-05-11 00:00:00,96,0,0,0,0,0,0,0,900.0,True,True,96,0,0,0,0,0,0,0,900.0,True,True,96,0,0,0,0,0,0,0,900.0,True,True,True,True,A,,,Расчёт возможен по существующим правилам
2018-05-10 00:00:00,2018-05-09 00:00:00,2018-05-12 00:00:00,96,0,0,0,0,0,0,0,900.0,True,True,96,0,0,0,0,0,0,0,900.0,True,True,96,0,0,0,0,0,0,0,900.0,True,True,True,True,A,,,Расчёт возможен по существующим правилам
2018-05-11 00:00:00,2018-05-10 00:00:00,2018-05-13 00:00:00,96,0,0,0,0,0,0,0,900.0,True,True,96,0,0,0,0,0,0,0,900.0,True,True,96,0,0,0,0,0,0,0,900.0,True,True,True,True,A,,,Расчёт возможен по существующим правилам
2018-05-12 00:00:00,2018-05-11 00:00:00,2018-05-14 00:00:00,96,0,0,0,0,0,0,0,900.0,True,True,96,0,0,0,0,0,0,0,900.0,True,True,96,0,0,0,0,0,0,0,900.0,True,True,True,True,A,,,Расчёт возможен по существующим правилам
2018-05-13 00:00:00,2018-05-12 00:00:00,2018-05-15 00:00:00,96,0,0,0,0,0,0,0,900.0,True,True,96,0,0,0,0,0,0,0,900.0,True,True,96,0,0,0,0,0,0,0,900.0,True,True,True,True,A,,,Расчёт возможен по существующим правилам
2018-05-14 00:00:00,2018-05-13 00:00:00,2018-05-16 00:00:00,96,0,0,0,0,0,0,0,900.0,True,True,96,0,0,0,0,0,0,0,900.0,True,True,96,0,0,0,0,0,0,0,900.0,True,True,True,True,A,,,Расчёт возможен по существующим правилам
2018-05-15 00:00:00,2018-05-14 00:00:00,2018-05-17 00:00:00,96,0,0,0,0,0,0,0,900.0,True,True,96,0,0,0,0,0,0,0,900.0,True,True,96,0,0,0,0,0,0,0,900.0,True,True,True,True,A,,,Расчёт возможен по существующим правилам
2018-05-16 00:00:00,2018-05-15 00:00:00,2018-05-18 00:00:00,92,0,0,0,0,0,0,0,900.0,False,False,92,0,0,0,0,0,0,0,900.0,False,False,92,0,0,0,0,0,0,0,900.0,False,False,False,False,B,D1: неполное покрытие суток; D2: неполное покрытие суток; D3: неполное покрытие суток,,D1: неполное покрытие суток; D2: неполное покрытие суток; D3: неполное покрытие суток
2018-05-17 00:00:00,2018-05-16 00:00:00,2018-05-19 00:00:00,96,0,0,0,0,0,0,0,900.0,True,False,96,0,0,0,0,0,0,0,900.0,True,False,96,0,0,0,0,0,0,0,900.0,True,False,True,False,B,D1: неполное окружение ±12 ч; D2: неполное окружение ±12 ч; D3: неполное окружение ±12 ч,,D1: неполное окружение ±12 ч; D2: неполное окружение ±12 ч; D3: неполное окружение ±12 ч
2018-05-18 00:00:00,2018-05-17 00:00:00,2018-05-20 00:00:00,96,0,0,0,0,0,0,0,900.0,True,True,96,0,0,0,0,0,0,0,900.0,True,True,96,0,0,0,0,0,0,0,900.0,True,True,True,True,A,,,Расчёт возможен по существующим правилам
2018-05-19 00:00:00,2018-05-18 00:00:00,2018-05-21 00:00:00,96,0,0,0,0,0,0,0,900.0,True,True,96,0,0,0,0,0,0,0,900.0,True,True,96,0,0,0,0,0,0,0,900.0,True,True,True,True,A,,,Расчёт возможен по существующим правилам
2018-05-20 00:00:00,2018-05-19 00:00:00,2018-05-22 00:00:00,96,0,0,0,0,0,0,0,900.0,True,True,96,0,0,0,0,0,0,0,900.0,True,True,96,0,0,0,0,0,0,0,900.0,True,True,True,True,A,,,Расчёт возможен по существующим правилам
2018-05-21 00:00:00,2018-05-20 00:00:00,2018-05-23 00:00:00,96,0,0,0,0,0,0,0,900.0,True,True,96,0,0,0,0,0,0,0,900.0,True,True,96,0,0,0,0,0,0,0,900.0,True,True,True,True,A,,,Расчёт возможен по существующим правилам
2018-05-22 00:00:00,2018-05-21 00:00:00,2018-05-24 00:00:00,96,0,0,0,0,0,0,0,900.0,True,True,96,0,0,0,0,0,0,0,900.0,True,True,96,0,0,0,0,0,0,0,900.0,True,True,True,True,A,,,Расчёт возможен по существующим правилам
2018-05-23 00:00:00,2018-05-22 00:00:00,2018-05-25 00:00:00,96,0,0,0,0,0,0,0,900.0,True,True,96,0,0,0,0,0,0,0,900.0,True,True,96,0,0,0,0,0,0,0,900.0,True,True,True,True,A,,,Расчёт возможен по существующим правилам
2018-05-24 00:00:00,2018-05-23 00:00:00,2018-05-26 00:00:00,96,0,0,0,0,0,0,0,900.0,True,True,96,0,0,0,0,0,0,0,900.0,True,True,96,0,0,0,0,0,0,0,900.0,True,True,True,True,A,,,Расчёт возможен по существующим правилам
2018-05-25 00:00:00,2018-05-24 00:00:00,2018-05-27 00:00:00,96,0,0,0,0,0,0,0,900.0,True,True,96,0,0,0,0,0,0,0,900.0,True,True,96,0,0,0,0,0,0,0,900.0,True,True,True,True,A,,,Расчёт возможен по существующим правилам
2018-05-26 00:00:00,2018-05-25 00:00:00,2018-05-28 00:00:00,96,0,0,0,0,0,0,0,900.0,True,True,96,0,0,0,0,0,0,0,900.0,True,True,96,0,0,0,0,0,0,0,900.0,True,True,True,True,A,,,Расчёт возможен по существующим правилам
2018-05-27 00:00:00,2018-05-26 00:00:00,2018-05-29 00:00:00,96,0,0,0,0,0,0,0,900.0,True,True,96,0,0,0,0,0,0,0,900.0,True,True,96,0,0,0,0,0,0,0,900.0,True,True,True,True,A,,,Расчёт возможен по существующим правилам
2018-05-28 00:00:00,2018-05-27 00:00:00,2018-05-30 00:00:00,96,0,0,0,0,0,0,0,900.0,True,True,96,0,0,0,0,0,0,0,900.0,True,True,96,0,0,0,0,0,0,0,900.0,True,True,True,True,A,,,Расчёт возможен по существующим правилам
2018-05-29 00:00:00,2018-05-28 00:00:00,2018-05-31 00:00:00,96,0,0,0,0,0,0,0,900.0,True,True,96,0,0,0,0,0,0,0,900.0,True,True,96,0,0,0,0,0,0,0,900.0,True,True,True,True,A,,,Расчёт возможен по существующим правилам
2018-05-30 00:00:00,2018-05-29 00:00:00,2018-06-01 00:00:00,96,0,0,0,0,0,0,0,900.0,True,True,96,0,0,0,0,0,0,0,900.0,True,True,96,0,0,0,0,0,0,0,900.0,True,True,True,True,A,,,Расчёт возможен по существующим правилам
2018-05-31 00:00:00,2018-05-30 00:00:00,2018-06-02 00:00:00,96,0,0,0,0,0,0,0,900.0,True,True,96,0,0,0,0,0,0,0,900.0,True,True,96,0,0,0,0,0,0,0,900.0,True,True,True,True,A,,,Расчёт возможен по существующим правилам
2018-06-01 00:00:00,2018-05-31 00:00:00,2018-06-03 00:00:00,96,0,0,0,0,0,0,0,900.0,True,True,96,0,0,0,0,0,0,0,900.0,True,True,96,0,0,0,0,0,0,0,900.0,True,True,True,True,A,,,Расчёт возможен по существующим правилам
2018-06-02 00:00:00,2018-06-01 00:00:00,2018-06-04 00:00:00,96,0,0,0,0,0,0,0,900.0,True,True,96,0,0,0,0,0,0,0,900.0,True,True,96,0,0,0,0,0,0,0,900.0,True,True,True,True,A,,,Расчёт возможен по существующим правилам
2018-06-03 00:00:00,2018-06-02 00:00:00,2018-06-05 00:00:00,96,0,0,0,0,0,0,0,900.0,True,True,96,0,0,0,0,0,0,0,900.0,True,True,96,0,0,0,0,0,0,0,900.0,True,True,True,True,A,,,Расчёт возможен по существующим правилам
2018-06-04 00:00:00,2018-06-03 00:00:00,2018-06-06 00:00:00,96,0,0,0,0,0,0,0,900.0,True,True,96,0,0,0,0,0,0,0,900.0,True,True,96,0,0,0,0,0,0,0,900.0,True,True,True,True,A,,,Расчёт возможен по существующим правилам
2018-06-05 00:00:00,2018-06-04 00:00:00,2018-06-07 00:00:00,96,0,0,0,0,0,0,0,900.0,True,True,96,0,0,0,0,0,0,0,900.0,True,True,96,0,0,0,0,0,0,0,900.0,True,True,True,True,A,,,Расчёт возможен по существующим правилам
2018-06-06 00:00:00,2018-06-05 00:00:00,2018-06-08 00:00:00,96,0,0,0,0,0,0,0,900.0,True,True,96,0,0,0,0,0,0,0,900.0,True,True,96,0,0,0,0,0,0,0,900.0,True,True,True,True,A,,,Расчёт возможен по существующим правилам
2018-06-07 00:00:00,2018-06-06 00:00:00,2018-06-09 00:00:00,96,0,0,0,0,0,0,0,900.0,True,True,96,0,0,0,0,0,0,0,900.0,True,True,96,0,0,0,0,0,0,0,900.0,True,True,True,True,A,,,Расчёт возможен по существующим правилам
2018-06-08 00:00:00,2018-06-07 00:00:00,2018-06-10 00:00:00,96,0,0,0,0,0,0,0,900.0,True,True,96,0,0,0,0,0,0,0,900.0,True,True,96,0,0,0,0,0,0,0,900.0,True,True,True,True,A,,,Расчёт возможен по существующим правилам
2018-06-09 00:00:00,2018-06-08 00:00:00,2018-06-11 00:00:00,96,0,0,0,0,0,0,0,900.0,True,True,96,0,0,0,0,0,0,0,900.0,True,True,96,0,0,0,0,0,0,0,900.0,True,True,True,True,A,,,Расчёт возможен по существующим правилам
2018-06-10 00:00:00,2018-06-09 00:00:00,2018-06-12 00:00:00,96,0,0,0,0,0,0,0,900.0,True,True,96,0,0,0,0,0,0,0,900.0,True,True,96,0,0,0,0,0,0,0,900.0,True,True,True,True,A,,,Расчёт возможен по существующим правилам
2018-06-11 00:00:00,2018-06-10 00:00:00,2018-06-13 00:00:00,96,0,0,0,0,0,0,0,900.0,True,False,96,0,0,0,0,0,0,0,900.0,True,False,96,0,0,0,0,0,0,0,900.0,True,False,True,False,B,D1: неполное окружение ±12 ч; D2: неполное окружение ±12 ч; D3: неполное окружение ±12 ч,,D1: неполное окружение ±12 ч; D2: неполное окружение ±12 ч; D3: неполное окружение ±12 ч
2018-06-12 00:00:00,2018-06-11 00:00:00,2018-06-14 00:00:00,57,0,0,0,0,0,0,0,899.0,False,False,57,0,0,0,0,0,0,0,899.0,False,False,57,0,0,0,0,0,0,0,899.0,False,False,False,False,B,D1: неполное покрытие суток; D2: неполное покрытие суток; D3: неполное покрытие суток,,D1: неполное покрытие суток; D2: неполное покрытие суток; D3: неполное покрытие суток
2018-06-13 00:00:00,2018-06-12 00:00:00,2018-06-15 00:00:00,207,2,4,0,0,0,0,0,4.5,False,False,207,2,4,0,0,0,0,0,4.5,False,False,207,2,4,0,0,0,0,0,4.5,False,False,False,False,B,D1: неполное покрытие суток; D2: неполное покрытие суток; D3: неполное покрытие суток,D1: повторные метки в трёхсуточном контексте; D2: повторные метки в трёхсуточном контексте; D3: повторные метки в трёхсуточном контексте,D1: неполное покрытие суток; D2: неполное покрытие суток; D3: неполное покрытие суток; D1: повторные метки в трёхсуточном контексте; D2: повторные метки в трёхсуточном контексте; D3: повторные метки в трёхсуточном контексте
2018-06-14 00:00:00,2018-06-13 00:00:00,2018-06-16 00:00:00,329,2,4,0,0,0,0,0,3.0,False,False,329,2,4,0,0,0,0,0,3.0,False,False,329,2,4,0,0,0,0,0,3.0,False,False,False,False,B,D1: неполное покрытие суток; D2: неполное покрытие суток; D3: неполное покрытие суток,D1: повторные метки в трёхсуточном контексте; D2: повторные метки в трёхсуточном контексте; D3: повторные метки в трёхсуточном контексте,D1: неполное покрытие суток; D2: неполное покрытие суток; D3: неполное покрытие суток; D1: повторные метки в трёхсуточном контексте; D2: повторные метки в трёхсуточном контексте; D3: повторные метки в трёхсуточном контексте
2018-06-15 00:00:00,2018-06-14 00:00:00,2018-06-17 00:00:00,332,4,2,0,0,0,0,0,3.0,False,False,332,4,2,0,0,0,0,0,3.0,False,False,332,3,0,0,0,0,0,0,3.0,False,False,False,False,B,D1: неполное покрытие суток; D2: неполное покрытие суток; D3: неполное покрытие суток,D1: повторные метки в трёхсуточном контексте; D2: повторные метки в трёхсуточном контексте; D3: повторные метки в трёхсуточном контексте,D1: неполное покрытие суток; D2: неполное покрытие суток; D3: неполное покрытие суток; D1: повторные метки в трёхсуточном контексте; D2: повторные метки в трёхсуточном контексте; D3: повторные метки в трёхсуточном контексте
2018-06-16 00:00:00,2018-06-15 00:00:00,2018-06-18 00:00:00,334,4,8,0,0,0,0,0,3.0,False,False,334,4,8,0,0,0,0,0,3.0,False,False,334,3,6,0,0,0,0,0,3.0,False,False,False,False,B,D1: неполное покрытие суток; D2: неполное покрытие суток; D3: неполное покрытие суток,D1: повторные метки в трёхсуточном контексте; D2: повторные метки в трёхсуточном контексте; D3: повторные метки в трёхсуточном контексте,D1: неполное покрытие суток; D2: неполное покрытие суток; D3: неполное покрытие суток; D1: повторные метки в трёхсуточном контексте; D2: повторные метки в трёхсуточном контексте; D3: повторные метки в трёхсуточном контексте
2018-06-17 00:00:00,2018-06-16 00:00:00,2018-06-19 00:00:00,335,4,6,0,0,0,0,0,3.0,False,False,335,4,6,0,0,0,0,0,3.0,False,False,335,3,6,0,0,0,0,0,3.0,False,False,False,False,B,D1: неполное покрытие суток; D2: неполное покрытие суток; D3: неполное покрытие суток,D1: повторные метки в трёхсуточном контексте; D2: повторные метки в трёхсуточном контексте; D3: повторные метки в трёхсуточном контексте,D1: неполное покрытие суток; D2: неполное покрытие суток; D3: неполное покрытие суток; D1: повторные метки в трёхсуточном контексте; D2: повторные метки в трёхсуточном контексте; D3: повторные метки в трёхсуточном контексте
2018-06-18 00:00:00,2018-06-17 00:00:00,2018-06-20 00:00:00,204,2,0,0,0,0,0,0,5.0,False,False,204,2,0,0,0,0,0,0,5.0,False,False,204,2,0,0,0,0,0,0,5.5,False,False,False,False,B,D1: неполное покрытие суток; D2: неполное покрытие суток; D3: неполное покрытие суток,D1: повторные метки в трёхсуточном контексте; D2: повторные метки в трёхсуточном контексте; D3: повторные метки в трёхсуточном контексте,D1: неполное покрытие суток; D2: неполное покрытие суток; D3: неполное покрытие суток; D1: повторные метки в трёхсуточном контексте; D2: повторные метки в трёхсуточном контексте; D3: повторные метки в трёхсуточном контексте
2018-06-19 00:00:00,2018-06-18 00:00:00,2018-06-21 00:00:00,96,0,0,0,0,0,0,0,899.0,True,True,96,0,0,0,0,0,0,0,899.0,True,True,96,0,0,0,0,0,0,0,899.0,True,True,True,True,A,,,Расчёт возможен по существующим правилам
2018-06-20 00:00:00,2018-06-19 00:00:00,2018-06-22 00:00:00,96,0,0,0,0,0,0,0,900.0,True,True,96,0,0,0,0,0,0,0,900.0,True,True,96,0,0,0,0,0,0,0,900.0,True,True,True,True,A,,,Расчёт возможен по существующим правилам
2018-06-21 00:00:00,2018-06-20 00:00:00,2018-06-23 00:00:00,96,0,0,0,2,0,0,0,900.0,False,False,96,0,0,0,0,0,0,0,900.0,True,True,96,0,0,0,0,0,0,0,900.0,True,True,False,False,B,D1: неполное покрытие суток (нарушение 0<C≤3000),,D1: неполное покрытие суток (нарушение 0<C≤3000)
2018-06-22 00:00:00,2018-06-21 00:00:00,2018-06-24 00:00:00,96,0,0,0,2,0,0,0,900.0,False,False,96,0,0,0,0,0,0,0,900.0,False,False,96,0,0,0,0,0,0,0,900.0,False,False,False,False,B,D1: неполное покрытие суток (нарушение 0<C≤3000); D2: неполное покрытие суток; D3: неполное покрытие суток,,D1: неполное покрытие суток (нарушение 0<C≤3000); D2: неполное покрытие суток; D3: неполное покрытие суток
2018-06-23 00:00:00,2018-06-22 00:00:00,2018-06-25 00:00:00,96,0,0,0,0,0,0,0,900.0,True,False,96,0,0,0,0,0,0,0,900.0,True,False,96,0,0,0,0,0,0,0,900.0,True,False,True,False,B,D1: неполное окружение ±12 ч; D2: неполное окружение ±12 ч; D3: неполное окружение ±12 ч,,D1: неполное окружение ±12 ч; D2: неполное окружение ±12 ч; D3: неполное окружение ±12 ч
2018-06-24 00:00:00,2018-06-23 00:00:00,2018-06-26 00:00:00,96,0,0,0,0,0,0,0,900.0,True,True,96,0,0,0,0,0,0,0,900.0,True,True,96,0,0,0,0,0,0,0,900.0,True,True,True,True,A,,,Расчёт возможен по существующим правилам
2018-06-25 00:00:00,2018-06-24 00:00:00,2018-06-27 00:00:00,96,0,0,0,0,0,0,0,900.0,True,True,96,0,0,0,0,0,0,0,900.0,True,True,96,0,0,0,0,0,0,0,900.0,True,True,True,True,A,,,Расчёт возможен по существующим правилам
2018-06-26 00:00:00,2018-06-25 00:00:00,2018-06-28 00:00:00,96,0,0,0,0,0,0,0,900.0,True,True,96,0,0,0,0,0,0,0,900.0,True,True,96,0,0,0,0,0,0,0,900.0,True,True,True,True,A,,,Расчёт возможен по существующим правилам
2018-06-27 00:00:00,2018-06-26 00:00:00,2018-06-29 00:00:00,96,0,0,0,0,0,0,0,900.0,True,True,96,0,0,0,0,0,0,0,900.0,True,True,96,0,0,0,0,0,0,0,900.0,True,True,True,True,A,,,Расчёт возможен по существующим правилам
2018-06-28 00:00:00,2018-06-27 00:00:00,2018-06-30 00:00:00,96,0,0,0,0,0,0,0,900.0,True,True,96,0,0,0,0,0,0,0,900.0,True,True,96,0,0,0,0,0,0,0,900.0,True,True,True,True,A,,,Расчёт возможен по существующим правилам
2018-06-29 00:00:00,2018-06-28 00:00:00,2018-07-01 00:00:00,96,0,0,0,0,0,0,0,900.0,True,True,96,0,0,0,0,0,0,0,900.0,True,True,96,0,0,0,0,0,0,0,900.0,True,True,True,True,A,,,Расчёт возможен по существующим правилам
2018-06-30 00:00:00,2018-06-29 00:00:00,2018-07-02 00:00:00,96,0,0,1,0,0,0,0,900.0,True,False,96,0,0,1,0,0,0,0,900.0,True,False,96,0,0,1,0,0,0,0,900.0,True,False,True,False,B,D1: неполное окружение ±12 ч (служебные значения); D2: неполное окружение ±12 ч (служебные значения); D3: неполное окружение ±12 ч (служебные значения),,D1: неполное окружение ±12 ч (служебные значения); D2: неполное окружение ±12 ч (служебные значения); D3: неполное окружение ±12 ч (служебные значения)
2018-07-01 00:00:00,2018-06-30 00:00:00,2018-07-03 00:00:00,96,0,0,1,0,0,0,0,900.0,False,False,96,0,0,1,0,0,0,0,900.0,False,False,96,0,0,1,0,0,0,0,900.0,False,False,False,False,B,D1: неполное покрытие суток (служебные значения); D2: неполное покрытие суток (служебные значения); D3: неполное покрытие суток (служебные значения),,D1: неполное покрытие суток (служебные значения); D2: неполное покрытие суток (служебные значения); D3: неполное покрытие суток (служебные значения)
2018-07-02 00:00:00,2018-07-01 00:00:00,2018-07-04 00:00:00,96,0,0,0,0,0,0,0,900.0,True,False,96,0,0,0,0,0,0,0,900.0,True,False,96,0,0,0,0,0,0,0,900.0,True,False,True,False,B,D1: неполное окружение ±12 ч; D2: неполное окружение ±12 ч; D3: неполное окружение ±12 ч,,D1: неполное окружение ±12 ч; D2: неполное окружение ±12 ч; D3: неполное окружение ±12 ч
2018-07-03 00:00:00,2018-07-02 00:00:00,2018-07-05 00:00:00,95,0,0,0,0,0,0,0,900.0,False,False,95,0,0,0,0,0,0,0,900.0,False,False,95,0,0,0,0,0,0,0,900.0,False,False,False,False,B,D1: неполное покрытие суток; D2: неполное покрытие суток; D3: неполное покрытие суток,,D1: неполное покрытие суток; D2: неполное покрытие суток; D3: неполное покрытие суток
2018-07-04 00:00:00,2018-07-03 00:00:00,2018-07-06 00:00:00,96,0,0,0,0,0,0,0,900.0,True,False,96,0,0,0,0,0,0,0,900.0,True,False,96,0,0,0,0,0,0,0,900.0,True,False,True,False,B,D1: неполное окружение ±12 ч; D2: неполное окружение ±12 ч; D3: неполное окружение ±12 ч,,D1: неполное окружение ±12 ч; D2: неполное окружение ±12 ч; D3: неполное окружение ±12 ч
2018-07-05 00:00:00,2018-07-04 00:00:00,2018-07-07 00:00:00,96,0,0,0,0,0,0,0,900.0,True,True,96,0,0,0,0,0,0,0,900.0,True,True,96,0,0,0,0,0,0,0,900.0,True,True,True,True,A,,,Расчёт возможен по существующим правилам
2018-07-06 00:00:00,2018-07-05 00:00:00,2018-07-08 00:00:00,96,0,0,0,0,0,0,0,900.0,True,True,96,0,0,0,0,0,0,0,900.0,True,True,96,0,0,0,0,0,0,0,900.0,True,True,True,True,A,,,Расчёт возможен по существующим правилам
2018-07-07 00:00:00,2018-07-06 00:00:00,2018-07-09 00:00:00,96,0,0,0,0,0,0,0,900.0,True,True,96,0,0,0,0,0,0,0,900.0,True,True,96,0,0,0,0,0,0,0,900.0,True,True,True,True,A,,,Расчёт возможен по существующим правилам
2018-07-08 00:00:00,2018-07-07 00:00:00,2018-07-10 00:00:00,96,0,0,0,0,0,0,0,900.0,True,True,96,0,0,0,0,0,0,0,900.0,True,True,96,0,0,0,0,0,0,0,900.0,True,True,True,True,A,,,Расчёт возможен по существующим правилам
2018-07-09 00:00:00,2018-07-08 00:00:00,2018-07-11 00:00:00,96,0,0,0,0,0,0,0,900.0,True,True,96,0,0,0,0,0,0,0,900.0,True,True,96,0,0,0,0,0,0,0,900.0,True,True,True,True,A,,,Расчёт возможен по существующим правилам
2018-07-10 00:00:00,2018-07-09 00:00:00,2018-07-12 00:00:00,96,0,0,0,0,0,0,0,900.0,True,True,96,0,0,0,0,0,0,0,900.0,True,True,96,0,0,0,0,0,0,0,900.0,True,True,True,True,A,,,Расчёт возможен по существующим правилам
2018-07-11 00:00:00,2018-07-10 00:00:00,2018-07-13 00:00:00,95,0,0,0,0,0,0,0,900.0,False,False,95,0,0,0,0,0,0,0,900.0,False,False,95,0,0,0,0,0,0,0,900.0,False,False,False,False,B,D1: неполное покрытие суток; D2: неполное покрытие суток; D3: неполное покрытие суток,,D1: неполное покрытие суток; D2: неполное покрытие суток; D3: неполное покрытие суток
2018-07-12 00:00:00,2018-07-11 00:00:00,2018-07-14 00:00:00,96,0,0,0,0,0,0,0,900.0,True,False,96,0,0,0,0,0,0,0,900.0,True,False,96,0,0,0,0,0,0,0,900.0,True,False,True,False,B,D1: неполное окружение ±12 ч; D2: неполное окружение ±12 ч; D3: неполное окружение ±12 ч,,D1: неполное окружение ±12 ч; D2: неполное окружение ±12 ч; D3: неполное окружение ±12 ч
2018-07-13 00:00:00,2018-07-12 00:00:00,2018-07-15 00:00:00,96,0,0,0,0,0,0,0,900.0,True,True,96,0,0,0,0,0,0,0,900.0,True,True,96,0,0,0,0,0,0,0,900.0,True,True,True,True,A,,,Расчёт возможен по существующим правилам
2018-07-14 00:00:00,2018-07-13 00:00:00,2018-07-16 00:00:00,96,0,0,0,0,0,0,0,900.0,True,True,96,0,0,0,0,0,0,0,900.0,True,True,96,0,0,0,0,0,0,0,900.0,True,True,True,True,A,,,Расчёт возможен по существующим правилам
2018-07-15 00:00:00,2018-07-14 00:00:00,2018-07-17 00:00:00,96,0,0,0,0,0,0,0,900.0,True,True,96,0,0,0,0,0,0,0,900.0,True,True,96,0,0,0,0,0,0,0,900.0,True,True,True,True,A,,,Расчёт возможен по существующим правилам
2018-07-16 00:00:00,2018-07-15 00:00:00,2018-07-18 00:00:00,96,0,0,0,0,0,0,0,900.0,True,True,96,0,0,0,0,0,0,0,900.0,True,True,96,0,0,0,0,0,0,0,900.0,True,True,True,True,A,,,Расчёт возможен по существующим правилам
2018-07-17 00:00:00,2018-07-16 00:00:00,2018-07-19 00:00:00,96,0,0,0,0,0,0,0,900.0,True,True,96,0,0,0,0,0,0,0,900.0,True,True,96,0,0,0,0,0,0,0,900.0,True,True,True,True,A,,,Расчёт возможен по существующим правилам
2018-07-18 00:00:00,2018-07-17 00:00:00,2018-07-20 00:00:00,96,0,0,0,0,0,0,0,900.0,True,True,96,0,0,0,0,0,0,0,900.0,True,True,96,0,0,0,0,0,0,0,900.0,True,True,True,True,A,,,Расчёт возможен по существующим правилам
2018-07-19 00:00:00,2018-07-18 00:00:00,2018-07-21 00:00:00,96,0,0,0,0,0,0,0,900.0,True,True,96,0,0,0,0,0,0,0,900.0,True,True,96,0,0,0,0,0,0,0,900.0,True,True,True,True,A,,,Расчёт возможен по существующим правилам
2018-07-20 00:00:00,2018-07-19 00:00:00,2018-07-22 00:00:00,101,0,0,0,0,0,0,0,900.0,True,True,101,0,0,0,0,0,0,0,900.0,True,True,101,0,0,0,0,0,0,0,900.0,True,True,True,True,A,,,Расчёт возможен по существующим правилам
2018-07-21 00:00:00,2018-07-20 00:00:00,2018-07-23 00:00:00,96,0,0,0,0,0,0,0,900.0,True,True,96,0,0,0,0,0,0,0,900.0,True,True,96,0,0,0,0,0,0,0,900.0,True,True,True,True,A,,,Расчёт возможен по существующим правилам
2018-07-22 00:00:00,2018-07-21 00:00:00,2018-07-24 00:00:00,96,0,0,0,0,0,0,0,900.0,True,True,96,0,0,0,0,0,0,0,900.0,True,True,96,0,0,0,0,0,0,0,900.0,True,True,True,True,A,,,Расчёт возможен по существующим правилам
2018-07-23 00:00:00,2018-07-22 00:00:00,2018-07-25 00:00:00,96,0,0,0,0,0,0,0,900.0,True,True,96,0,0,0,0,0,0,0,900.0,True,True,96,0,0,0,0,0,0,0,900.0,True,True,True,True,A,,,Расчёт возможен по существующим правилам
2018-07-24 00:00:00,2018-07-23 00:00:00,2018-07-26 00:00:00,96,0,0,0,0,0,0,0,900.0,True,True,96,0,0,0,0,0,0,0,900.0,True,True,96,0,0,0,0,0,0,0,900.0,True,True,True,True,A,,,Расчёт возможен по существующим правилам
2018-07-25 00:00:00,2018-07-24 00:00:00,2018-07-27 00:00:00,96,0,0,0,0,0,0,0,900.0,True,True,96,0,0,0,0,0,0,0,900.0,True,True,96,0,0,0,0,0,0,0,900.0,True,True,True,True,A,,,Расчёт возможен по существующим правилам
2018-07-26 00:00:00,2018-07-25 00:00:00,2018-07-28 00:00:00,96,0,0,0,0,0,0,0,900.0,True,True,96,0,0,0,0,0,0,0,900.0,True,True,96,0,0,0,0,0,0,0,900.0,True,True,True,True,A,,,Расчёт возможен по существующим правилам
2018-07-27 00:00:00,2018-07-26 00:00:00,2018-07-29 00:00:00,96,0,0,3,0,0,0,0,900.0,False,False,96,0,0,3,0,0,0,0,900.0,False,False,96,0,0,3,0,0,0,0,900.0,False,False,False,False,B,D1: неполное покрытие суток (служебные значения); D2: неполное покрытие суток (служебные значения); D3: неполное покрытие суток (служебные значения),,D1: неполное покрытие суток (служебные значения); D2: неполное покрытие суток (служебные значения); D3: неполное покрытие суток (служебные значения)
2018-07-28 00:00:00,2018-07-27 00:00:00,2018-07-30 00:00:00,96,0,0,5,0,0,58,58,900.0,False,False,96,0,0,5,0,0,58,58,900.0,False,False,96,0,0,5,0,0,58,58,900.0,False,False,False,False,B,D1: неполное покрытие суток (служебные значения); D2: неполное покрытие суток (служебные значения); D3: неполное покрытие суток (служебные значения),D1: диагностический постоянный участок в окнах расчёта; D2: диагностический постоянный участок в окнах расчёта; D3: диагностический постоянный участок в окнах расчёта,D1: неполное покрытие суток (служебные значения); D2: неполное покрытие суток (служебные значения); D3: неполное покрытие суток (служебные значения); D1: диагностический постоянный участок в окнах расчёта; D2: диагностический постоянный участок в окнах расчёта; D3: диагностический постоянный участок в окнах расчёта
2018-07-29 00:00:00,2018-07-28 00:00:00,2018-07-31 00:00:00,96,0,0,5,0,0,149,149,900.0,False,False,96,0,0,5,0,0,149,149,900.0,False,False,96,0,0,5,0,0,149,149,900.0,False,False,False,False,B,D1: неполное покрытие суток (служебные значения); D2: неполное покрытие суток (служебные значения); D3: неполное покрытие суток (служебные значения),D1: диагностический постоянный участок в окнах расчёта; D2: диагностический постоянный участок в окнах расчёта; D3: диагностический постоянный участок в окнах расчёта,D1: неполное покрытие суток (служебные значения); D2: неполное покрытие суток (служебные значения); D3: неполное покрытие суток (служебные значения); D1: диагностический постоянный участок в окнах расчёта; D2: диагностический постоянный участок в окнах расчёта; D3: диагностический постоянный участок в окнах расчёта
2018-07-30 00:00:00,2018-07-29 00:00:00,2018-08-01 00:00:00,96,0,0,3,0,0,185,185,900.0,True,False,96,0,0,3,0,0,185,185,900.0,True,False,96,0,0,3,0,0,185,185,900.0,True,False,True,False,B,D1: неполное окружение ±12 ч (служебные значения); D2: неполное окружение ±12 ч (служебные значения); D3: неполное окружение ±12 ч (служебные значения),D1: диагностический постоянный участок в окнах расчёта; D2: диагностический постоянный участок в окнах расчёта; D3: диагностический постоянный участок в окнах расчёта,D1: неполное окружение ±12 ч (служебные значения); D2: неполное окружение ±12 ч (служебные значения); D3: неполное окружение ±12 ч (служебные значения); D1: диагностический постоянный участок в окнах расчёта; D2: диагностический постоянный участок в окнах расчёта; D3: диагностический постоянный участок в окнах расчёта
2018-07-31 00:00:00,2018-07-30 00:00:00,2018-08-02 00:00:00,96,0,0,0,0,0,190,190,900.0,True,True,96,0,0,0,0,0,190,190,900.0,True,True,96,0,0,0,0,0,190,190,900.0,True,True,True,True,C,,D1: диагностический постоянный участок в окнах расчёта; D2: диагностический постоянный участок в окнах расчёта; D3: диагностический постоянный участок в окнах расчёта,D1: диагностический постоянный участок в окнах расчёта; D2: диагностический постоянный участок в окнах расчёта; D3: диагностический постоянный участок в окнах расчёта
2018-08-01 00:00:00,2018-07-31 00:00:00,2018-08-03 00:00:00,96,0,0,0,0,0,191,191,900.0,True,True,96,0,0,0,0,0,191,191,900.0,True,True,96,0,0,0,0,0,191,191,900.0,True,True,True,True,C,,D1: диагностический постоянный участок в окнах расчёта; D2: диагностический постоянный участок в окнах расчёта; D3: диагностический постоянный участок в окнах расчёта,D1: диагностический постоянный участок в окнах расчёта; D2: диагностический постоянный участок в окнах расчёта; D3: диагностический постоянный участок в окнах расчёта
2018-08-02 00:00:00,2018-08-01 00:00:00,2018-08-04 00:00:00,96,0,0,0,0,0,190,190,900.0,True,True,96,0,0,0,0,0,190,190,900.0,True,True,96,0,0,0,0,0,190,190,900.0,True,True,True,True,C,,D1: диагностический постоянный участок в окнах расчёта; D2: диагностический постоянный участок в окнах расчёта; D3: диагностический постоянный участок в окнах расчёта,D1: диагностический постоянный участок в окнах расчёта; D2: диагностический постоянный участок в окнах расчёта; D3: диагностический постоянный участок в окнах расчёта
2018-08-03 00:00:00,2018-08-02 00:00:00,2018-08-05 00:00:00,96,0,0,0,0,0,190,190,900.0,True,True,96,0,0,0,0,0,190,190,900.0,True,True,96,0,0,0,0,0,190,190,900.0,True,True,True,True,C,,D1: диагностический постоянный участок в окнах расчёта; D2: диагностический постоянный участок в окнах расчёта; D3: диагностический постоянный участок в окнах расчёта,D1: диагностический постоянный участок в окнах расчёта; D2: диагностический постоянный участок в окнах расчёта; D3: диагностический постоянный участок в окнах расчёта
2018-08-04 00:00:00,2018-08-03 00:00:00,2018-08-06 00:00:00,96,0,0,0,0,0,190,190,900.0,True,True,96,0,0,0,0,0,190,190,900.0,True,True,96,0,0,0,0,0,190,190,900.0,True,True,True,True,C,,D1: диагностический постоянный участок в окнах расчёта; D2: диагностический постоянный участок в окнах расчёта; D3: диагностический постоянный участок в окнах расчёта,D1: диагностический постоянный участок в окнах расчёта; D2: диагностический постоянный участок в окнах расчёта; D3: диагностический постоянный участок в окнах расчёта
2018-08-05 00:00:00,2018-08-04 00:00:00,2018-08-07 00:00:00,96,0,0,2,0,0,188,188,900.0,False,False,96,0,0,2,0,0,188,188,900.0,False,False,96,0,0,2,0,0,188,188,900.0,False,False,False,False,B,D1: неполное покрытие суток (служебные значения); D2: неполное покрытие суток (служебные значения); D3: неполное покрытие суток (служебные значения),D1: диагностический постоянный участок в окнах расчёта; D2: диагностический постоянный участок в окнах расчёта; D3: диагностический постоянный участок в окнах расчёта,D1: неполное покрытие суток (служебные значения); D2: неполное покрытие суток (служебные значения); D3: неполное покрытие суток (служебные значения); D1: диагностический постоянный участок в окнах расчёта; D2: диагностический постоянный участок в окнах расчёта; D3: диагностический постоянный участок в окнах расчёта
2018-08-06 00:00:00,2018-08-05 00:00:00,2018-08-08 00:00:00,96,0,0,4,0,0,183,183,900.0,False,False,96,0,0,4,0,0,183,183,900.0,False,False,96,0,0,4,0,0,183,183,900.0,False,False,False,False,B,D1: неполное покрытие суток (служебные значения); D2: неполное покрытие суток (служебные значения); D3: неполное покрытие суток (служебные значения),D1: диагностический постоянный участок в окнах расчёта; D2: диагностический постоянный участок в окнах расчёта; D3: диагностический постоянный участок в окнах расчёта,D1: неполное покрытие суток (служебные значения); D2: неполное покрытие суток (служебные значения); D3: неполное покрытие суток (служебные значения); D1: диагностический постоянный участок в окнах расчёта; D2: диагностический постоянный участок в окнах расчёта; D3: диагностический постоянный участок в окнах расчёта
2018-08-07 00:00:00,2018-08-06 00:00:00,2018-08-09 00:00:00,96,0,0,3,0,0,184,184,900.0,False,False,96,0,0,3,0,0,184,184,900.0,False,False,96,0,0,3,0,0,184,184,900.0,False,False,False,False,B,D1: неполное покрытие суток (служебные значения); D2: неполное покрытие суток (служебные значения); D3: неполное покрытие суток (служебные значения),D1: диагностический постоянный участок в окнах расчёта; D2: диагностический постоянный участок в окнах расчёта; D3: диагностический постоянный участок в окнах расчёта,D1: неполное покрытие суток (служебные значения); D2: неполное покрытие суток (служебные значения); D3: неполное покрытие суток (служебные значения); D1: диагностический постоянный участок в окнах расчёта; D2: диагностический постоянный участок в окнах расчёта; D3: диагностический постоянный участок в окнах расчёта
2018-08-08 00:00:00,2018-08-07 00:00:00,2018-08-10 00:00:00,96,0,0,3,0,0,188,188,900.0,True,False,96,0,0,3,0,0,188,188,900.0,True,False,96,0,0,3,0,0,188,188,900.0,True,False,True,False,B,D1: неполное окружение ±12 ч (служебные значения); D2: неполное окружение ±12 ч (служебные значения); D3: неполное окружение ±12 ч (служебные значения),D1: диагностический постоянный участок в окнах расчёта; D2: диагностический постоянный участок в окнах расчёта; D3: диагностический постоянный участок в окнах расчёта,D1: неполное окружение ±12 ч (служебные значения); D2: неполное окружение ±12 ч (служебные значения); D3: неполное окружение ±12 ч (служебные значения); D1: диагностический постоянный участок в окнах расчёта; D2: диагностический постоянный участок в окнах расчёта; D3: диагностический постоянный участок в окнах расчёта
2018-08-09 00:00:00,2018-08-08 00:00:00,2018-08-11 00:00:00,96,0,0,2,0,0,188,188,900.0,False,False,96,0,0,2,0,0,188,188,900.0,False,False,96,0,0,2,0,0,188,188,900.0,False,False,False,False,B,D1: неполное покрытие суток (служебные значения); D2: неполное покрытие суток (служебные значения); D3: неполное покрытие суток (служебные значения),D1: диагностический постоянный участок в окнах расчёта; D2: диагностический постоянный участок в окнах расчёта; D3: диагностический постоянный участок в окнах расчёта,D1: неполное покрытие суток (служебные значения); D2: неполное покрытие суток (служебные значения); D3: неполное покрытие суток (служебные значения); D1: диагностический постоянный участок в окнах расчёта; D2: диагностический постоянный участок в окнах расчёта; D3: диагностический постоянный участок в окнах расчёта
2018-08-10 00:00:00,2018-08-09 00:00:00,2018-08-12 00:00:00,96,0,0,7,0,0,183,183,900.0,False,False,96,0,0,7,0,0,183,183,900.0,False,False,96,0,0,7,0,0,183,183,900.0,False,False,False,False,B,D1: неполное покрытие суток (служебные значения); D2: неполное покрытие суток (служебные значения); D3: неполное покрытие суток (служебные значения),D1: диагностический постоянный участок в окнах расчёта; D2: диагностический постоянный участок в окнах расчёта; D3: диагностический постоянный участок в окнах расчёта,D1: неполное покрытие суток (служебные значения); D2: неполное покрытие суток (служебные значения); D3: неполное покрытие суток (служебные значения); D1: диагностический постоянный участок в окнах расчёта; D2: диагностический постоянный участок в окнах расчёта; D3: диагностический постоянный участок в окнах расчёта
2018-08-11 00:00:00,2018-08-10 00:00:00,2018-08-13 00:00:00,96,0,0,8,0,0,183,183,900.0,False,False,96,0,0,8,0,0,183,183,900.0,False,False,96,0,0,8,0,0,183,183,900.0,False,False,False,False,B,D1: неполное покрытие суток (служебные значения); D2: неполное покрытие суток (служебные значения); D3: неполное покрытие суток (служебные значения),D1: диагностический постоянный участок в окнах расчёта; D2: диагностический постоянный участок в окнах расчёта; D3: диагностический постоянный участок в окнах расчёта,D1: неполное покрытие суток (служебные значения); D2: неполное покрытие суток (служебные значения); D3: неполное покрытие суток (служебные значения); D1: диагностический постоянный участок в окнах расчёта; D2: диагностический постоянный участок в окнах расчёта; D3: диагностический постоянный участок в окнах расчёта
2018-08-12 00:00:00,2018-08-11 00:00:00,2018-08-14 00:00:00,96,0,0,1,0,0,189,189,900.0,True,False,96,0,0,1,0,0,189,189,900.0,True,False,96,0,0,1,0,0,189,189,900.0,True,False,True,False,B,D1: неполное окружение ±12 ч (служебные значения); D2: неполное окружение ±12 ч (служебные значения); D3: неполное окружение ±12 ч (служебные значения),D1: диагностический постоянный участок в окнах расчёта; D2: диагностический постоянный участок в окнах расчёта; D3: диагностический постоянный участок в окнах расчёта,D1: неполное окружение ±12 ч (служебные значения); D2: неполное окружение ±12 ч (служебные значения); D3: неполное окружение ±12 ч (служебные значения); D1: диагностический постоянный участок в окнах расчёта; D2: диагностический постоянный участок в окнах расчёта; D3: диагностический постоянный участок в окнах расчёта
2018-08-13 00:00:00,2018-08-12 00:00:00,2018-08-15 00:00:00,96,0,0,0,0,0,190,190,900.0,True,True,96,0,0,0,0,0,190,190,900.0,True,True,96,0,0,0,0,0,190,190,900.0,True,True,True,True,C,,D1: диагностический постоянный участок в окнах расчёта; D2: диагностический постоянный участок в окнах расчёта; D3: диагностический постоянный участок в окнах расчёта,D1: диагностический постоянный участок в окнах расчёта; D2: диагностический постоянный участок в окнах расчёта; D3: диагностический постоянный участок в окнах расчёта
2018-08-14 00:00:00,2018-08-13 00:00:00,2018-08-16 00:00:00,96,0,0,0,0,0,117,117,900.0,True,True,96,0,0,0,0,0,117,117,900.0,True,True,96,0,0,0,0,0,117,117,900.0,True,True,True,True,C,,D1: диагностический постоянный участок в окнах расчёта; D2: диагностический постоянный участок в окнах расчёта; D3: диагностический постоянный участок в окнах расчёта,D1: диагностический постоянный участок в окнах расчёта; D2: диагностический постоянный участок в окнах расчёта; D3: диагностический постоянный участок в окнах расчёта
2018-08-15 00:00:00,2018-08-14 00:00:00,2018-08-17 00:00:00,95,0,0,0,0,0,21,21,900.0,False,False,95,0,0,0,0,0,21,21,900.0,False,False,95,0,0,0,0,0,21,21,900.0,False,False,False,False,B,D1: неполное покрытие суток; D2: неполное покрытие суток; D3: неполное покрытие суток,D1: диагностический постоянный участок в окнах расчёта; D2: диагностический постоянный участок в окнах расчёта; D3: диагностический постоянный участок в окнах расчёта,D1: неполное покрытие суток; D2: неполное покрытие суток; D3: неполное покрытие суток; D1: диагностический постоянный участок в окнах расчёта; D2: диагностический постоянный участок в окнах расчёта; D3: диагностический постоянный участок в окнах расчёта
2018-08-16 00:00:00,2018-08-15 00:00:00,2018-08-18 00:00:00,96,0,0,0,0,0,0,0,900.0,True,False,96,0,0,0,0,0,0,0,900.0,True,False,96,0,0,0,0,0,0,0,900.0,True,False,True,False,B,D1: неполное окружение ±12 ч; D2: неполное окружение ±12 ч; D3: неполное окружение ±12 ч,,D1: неполное окружение ±12 ч; D2: неполное окружение ±12 ч; D3: неполное окружение ±12 ч
2018-08-17 00:00:00,2018-08-16 00:00:00,2018-08-19 00:00:00,96,0,0,0,0,0,0,0,900.0,True,True,96,0,0,0,0,0,0,0,900.0,True,True,96,0,0,0,0,0,0,0,900.0,True,True,True,True,A,,,Расчёт возможен по существующим правилам
2018-08-18 00:00:00,2018-08-17 00:00:00,2018-08-20 00:00:00,96,0,0,0,0,0,0,0,900.0,True,True,96,0,0,0,0,0,0,0,900.0,True,True,96,0,0,0,0,0,0,0,900.0,True,True,True,True,A,,,Расчёт возможен по существующим правилам
2018-08-19 00:00:00,2018-08-18 00:00:00,2018-08-21 00:00:00,96,0,0,0,0,0,0,0,900.0,True,True,96,0,0,0,0,0,0,0,900.0,True,True,96,0,0,0,0,0,0,0,900.0,True,True,True,True,A,,,Расчёт возможен по существующим правилам
2018-08-20 00:00:00,2018-08-19 00:00:00,2018-08-22 00:00:00,96,0,0,0,0,0,0,0,900.0,True,True,96,0,0,0,0,0,0,0,900.0,True,True,96,0,0,0,0,0,0,0,900.0,True,True,True,True,A,,,Расчёт возможен по существующим правилам
2018-08-21 00:00:00,2018-08-20 00:00:00,2018-08-23 00:00:00,96,0,0,0,0,0,0,0,900.0,True,True,96,0,0,0,0,0,0,0,900.0,True,True,96,0,0,0,0,0,0,0,900.0,True,True,True,True,A,,,Расчёт возможен по существующим правилам
2018-08-22 00:00:00,2018-08-21 00:00:00,2018-08-24 00:00:00,97,0,0,0,0,0,0,0,900.0,True,False,97,0,0,0,0,0,0,0,900.0,True,False,97,0,0,0,0,0,0,0,900.0,True,False,True,False,B,D1: неполное окружение ±12 ч; D2: неполное окружение ±12 ч; D3: неполное окружение ±12 ч,,D1: неполное окружение ±12 ч; D2: неполное окружение ±12 ч; D3: неполное окружение ±12 ч
2018-08-23 00:00:00,2018-08-22 00:00:00,2018-08-25 00:00:00,96,0,0,0,0,0,0,0,900.0,False,False,96,0,0,0,0,0,0,0,900.0,False,False,96,0,0,0,0,0,0,0,900.0,False,False,False,False,B,D1: неполное покрытие суток; D2: неполное покрытие суток; D3: неполное покрытие суток,,D1: неполное покрытие суток; D2: неполное покрытие суток; D3: неполное покрытие суток
2018-08-24 00:00:00,2018-08-23 00:00:00,2018-08-26 00:00:00,96,0,0,0,0,0,0,0,900.0,True,True,96,0,0,0,0,0,0,0,900.0,True,True,96,0,0,0,0,0,0,0,900.0,True,True,True,True,A,,,Расчёт возможен по существующим правилам
2018-08-25 00:00:00,2018-08-24 00:00:00,2018-08-27 00:00:00,96,0,0,0,0,0,0,0,900.0,True,True,96,0,0,0,0,0,0,0,900.0,True,True,96,0,0,0,0,0,0,0,900.0,True,True,True,True,A,,,Расчёт возможен по существующим правилам
2018-08-26 00:00:00,2018-08-25 00:00:00,2018-08-28 00:00:00,96,0,0,0,0,0,0,0,900.0,True,True,96,0,0,0,0,0,0,0,900.0,True,True,96,0,0,0,0,0,0,0,900.0,True,True,True,True,A,,,Расчёт возможен по существующим правилам
2018-08-27 00:00:00,2018-08-26 00:00:00,2018-08-29 00:00:00,96,0,0,0,0,0,0,0,900.0,True,True,96,0,0,0,0,0,0,0,900.0,True,True,96,0,0,0,0,0,0,0,900.0,True,True,True,True,A,,,Расчёт возможен по существующим правилам
2018-08-28 00:00:00,2018-08-27 00:00:00,2018-08-30 00:00:00,96,0,0,0,0,0,0,0,900.0,True,True,96,0,0,0,0,0,0,0,900.0,True,True,96,0,0,0,0,0,0,0,900.0,True,True,True,True,A,,,Расчёт возможен по существующим правилам
2018-08-29 00:00:00,2018-08-28 00:00:00,2018-08-31 00:00:00,96,0,0,0,0,0,0,0,900.0,True,True,96,0,0,0,0,0,0,0,900.0,True,True,96,0,0,0,0,0,0,0,900.0,True,True,True,True,A,,,Расчёт возможен по существующим правилам
2018-08-30 00:00:00,2018-08-29 00:00:00,2018-09-01 00:00:00,96,0,0,0,0,0,0,0,900.0,True,True,96,0,0,0,0,0,0,0,900.0,True,True,96,0,0,0,0,0,0,0,900.0,True,True,True,True,A,,,Расчёт возможен по существующим правилам
2018-08-31 00:00:00,2018-08-30 00:00:00,2018-09-02 00:00:00,96,0,0,0,0,0,0,0,900.0,True,True,96,0,0,0,0,0,0,0,900.0,True,True,96,0,0,0,0,0,0,0,900.0,True,True,True,True,A,,,Расчёт возможен по существующим правилам
2018-09-01 00:00:00,2018-08-31 00:00:00,2018-09-03 00:00:00,96,0,0,0,0,0,0,0,900.0,True,True,96,0,0,0,0,0,0,0,900.0,True,True,96,0,0,0,0,0,0,0,900.0,True,True,True,True,A,,,Расчёт возможен по существующим правилам
2018-09-02 00:00:00,2018-09-01 00:00:00,2018-09-04 00:00:00,96,0,0,0,0,0,0,0,900.0,True,True,96,0,0,0,0,0,0,0,900.0,True,True,96,0,0,0,0,0,0,0,900.0,True,True,True,True,A,,,Расчёт возможен по существующим правилам
2018-09-03 00:00:00,2018-09-02 00:00:00,2018-09-05 00:00:00,96,0,0,0,0,0,0,0,900.0,True,True,96,0,0,0,0,0,0,0,900.0,True,True,96,0,0,0,0,0,0,0,900.0,True,True,True,True,A,,,Расчёт возможен по существующим правилам
2018-09-04 00:00:00,2018-09-03 00:00:00,2018-09-06 00:00:00,93,0,0,0,0,0,0,0,900.0,False,False,93,0,0,0,0,0,0,0,900.0,False,False,93,0,0,0,0,0,0,0,900.0,False,False,False,False,B,D1: неполное покрытие суток; D2: неполное покрытие суток; D3: неполное покрытие суток,,D1: неполное покрытие суток; D2: неполное покрытие суток; D3: неполное покрытие суток
2018-09-05 00:00:00,2018-09-04 00:00:00,2018-09-07 00:00:00,96,0,0,3,0,0,0,0,900.0,False,False,96,0,0,3,0,0,0,0,900.0,False,False,96,0,0,3,0,0,0,0,900.0,False,False,False,False,B,D1: неполное покрытие суток (служебные значения); D2: неполное покрытие суток (служебные значения); D3: неполное покрытие суток (служебные значения),,D1: неполное покрытие суток (служебные значения); D2: неполное покрытие суток (служебные значения); D3: неполное покрытие суток (служебные значения)
2018-09-06 00:00:00,2018-09-05 00:00:00,2018-09-08 00:00:00,96,0,0,3,0,0,0,0,900.0,False,False,96,0,0,3,0,0,0,0,900.0,False,False,96,0,0,3,0,0,0,0,900.0,False,False,False,False,B,D1: неполное покрытие суток (служебные значения); D2: неполное покрытие суток (служебные значения); D3: неполное покрытие суток (служебные значения),,D1: неполное покрытие суток (служебные значения); D2: неполное покрытие суток (служебные значения); D3: неполное покрытие суток (служебные значения)
2018-09-07 00:00:00,2018-09-06 00:00:00,2018-09-09 00:00:00,96,0,0,0,0,0,0,0,900.0,True,True,96,0,0,0,0,0,0,0,900.0,True,True,96,0,0,0,0,0,0,0,900.0,True,True,True,True,A,,,Расчёт возможен по существующим правилам
2018-09-08 00:00:00,2018-09-07 00:00:00,2018-09-10 00:00:00,96,0,0,0,0,0,0,0,900.0,True,True,96,0,0,0,0,0,0,0,900.0,True,True,96,0,0,0,0,0,0,0,900.0,True,True,True,True,A,,,Расчёт возможен по существующим правилам
2018-09-09 00:00:00,2018-09-08 00:00:00,2018-09-11 00:00:00,96,0,0,0,0,0,0,0,900.0,True,True,96,0,0,0,0,0,0,0,900.0,True,True,96,0,0,0,0,0,0,0,900.0,True,True,True,True,A,,,Расчёт возможен по существующим правилам
2018-09-10 00:00:00,2018-09-09 00:00:00,2018-09-12 00:00:00,96,0,0,1,0,0,19,19,900.0,False,False,96,0,0,1,0,0,19,19,900.0,False,False,96,0,0,1,0,0,19,19,900.0,False,False,False,False,B,D1: неполное покрытие суток (служебные значения); D2: неполное покрытие суток (служебные значения); D3: неполное покрытие суток (служебные значения),D1: диагностический постоянный участок в окнах расчёта; D2: диагностический постоянный участок в окнах расчёта; D3: диагностический постоянный участок в окнах расчёта,D1: неполное покрытие суток (служебные значения); D2: неполное покрытие суток (служебные значения); D3: неполное покрытие суток (служебные значения); D1: диагностический постоянный участок в окнах расчёта; D2: диагностический постоянный участок в окнах расчёта; D3: диагностический постоянный участок в окнах расчёта
2018-09-11 00:00:00,2018-09-10 00:00:00,2018-09-13 00:00:00,87,0,0,1,0,0,96,96,900.0,False,False,87,0,0,1,0,0,96,96,900.0,False,False,87,0,0,1,0,0,96,96,900.0,False,False,False,False,B,D1: неполное покрытие суток (служебные значения); D2: неполное покрытие суток (служебные значения); D3: неполное покрытие суток (служебные значения),D1: диагностический постоянный участок в окнах расчёта; D2: диагностический постоянный участок в окнах расчёта; D3: диагностический постоянный участок в окнах расчёта,D1: неполное покрытие суток (служебные значения); D2: неполное покрытие суток (служебные значения); D3: неполное покрытие суток (служебные значения); D1: диагностический постоянный участок в окнах расчёта; D2: диагностический постоянный участок в окнах расчёта; D3: диагностический постоянный участок в окнах расчёта
2018-09-12 00:00:00,2018-09-11 00:00:00,2018-09-14 00:00:00,96,0,0,0,0,0,76,76,900.0,True,True,96,0,0,0,0,0,76,76,900.0,True,True,96,0,0,0,0,0,76,76,900.0,True,True,True,True,C,,D1: диагностический постоянный участок в окнах расчёта; D2: диагностический постоянный участок в окнах расчёта; D3: диагностический постоянный участок в окнах расчёта,D1: диагностический постоянный участок в окнах расчёта; D2: диагностический постоянный участок в окнах расчёта; D3: диагностический постоянный участок в окнах расчёта
2018-09-13 00:00:00,2018-09-12 00:00:00,2018-09-15 00:00:00,96,0,0,0,0,0,0,0,900.0,True,True,96,0,0,0,0,0,0,0,900.0,True,True,96,0,0,0,0,0,0,0,900.0,True,True,True,True,A,,,Расчёт возможен по существующим правилам
2018-09-14 00:00:00,2018-09-13 00:00:00,2018-09-16 00:00:00,96,0,0,0,0,0,0,0,900.0,True,True,96,0,0,0,0,0,0,0,900.0,True,True,96,0,0,0,0,0,0,0,900.0,True,True,True,True,A,,,Расчёт возможен по существующим правилам
2018-09-15 00:00:00,2018-09-14 00:00:00,2018-09-17 00:00:00,96,0,0,0,0,0,0,0,900.0,True,True,96,0,0,0,0,0,0,0,900.0,True,True,96,0,0,0,0,0,0,0,900.0,True,True,True,True,A,,,Расчёт возможен по существующим правилам
2018-09-16 00:00:00,2018-09-15 00:00:00,2018-09-18 00:00:00,96,0,0,0,0,0,0,0,900.0,True,True,96,0,0,0,0,0,0,0,900.0,True,True,96,0,0,0,0,0,0,0,900.0,True,True,True,True,A,,,Расчёт возможен по существующим правилам
2018-09-17 00:00:00,2018-09-16 00:00:00,2018-09-19 00:00:00,96,0,0,0,0,0,0,0,900.0,True,True,96,0,0,0,0,0,0,0,900.0,True,True,96,0,0,0,0,0,0,0,900.0,True,True,True,True,A,,,Расчёт возможен по существующим правилам
2018-09-18 00:00:00,2018-09-17 00:00:00,2018-09-20 00:00:00,96,0,0,1,0,0,54,54,900.0,False,False,96,0,0,1,0,0,54,54,900.0,False,False,96,0,0,1,0,0,54,54,900.0,False,False,False,False,B,D1: неполное покрытие суток (служебные значения); D2: неполное покрытие суток (служебные значения); D3: неполное покрытие суток (служебные значения),D1: диагностический постоянный участок в окнах расчёта; D2: диагностический постоянный участок в окнах расчёта; D3: диагностический постоянный участок в окнах расчёта,D1: неполное покрытие суток (служебные значения); D2: неполное покрытие суток (служебные значения); D3: неполное покрытие суток (служебные значения); D1: диагностический постоянный участок в окнах расчёта; D2: диагностический постоянный участок в окнах расчёта; D3: диагностический постоянный участок в окнах расчёта
2018-09-19 00:00:00,2018-09-18 00:00:00,2018-09-21 00:00:00,95,0,0,1,0,0,54,54,900.0,False,False,95,0,0,1,0,0,54,54,900.0,False,False,95,0,0,1,0,0,54,54,900.0,False,False,False,False,B,D1: неполное покрытие суток (служебные значения); D2: неполное покрытие суток (служебные значения); D3: неполное покрытие суток (служебные значения),D1: диагностический постоянный участок в окнах расчёта; D2: диагностический постоянный участок в окнах расчёта; D3: диагностический постоянный участок в окнах расчёта,D1: неполное покрытие суток (служебные значения); D2: неполное покрытие суток (служебные значения); D3: неполное покрытие суток (служебные значения); D1: диагностический постоянный участок в окнах расчёта; D2: диагностический постоянный участок в окнах расчёта; D3: диагностический постоянный участок в окнах расчёта
2018-09-20 00:00:00,2018-09-19 00:00:00,2018-09-22 00:00:00,96,0,0,0,0,0,0,0,900.0,True,True,96,0,0,0,0,0,0,0,900.0,True,True,96,0,0,0,0,0,0,0,900.0,True,True,True,True,A,,,Расчёт возможен по существующим правилам
2018-09-21 00:00:00,2018-09-20 00:00:00,2018-09-23 00:00:00,96,0,0,0,0,0,0,0,900.0,True,True,96,0,0,0,0,0,0,0,900.0,True,True,96,0,0,0,0,0,0,0,900.0,True,True,True,True,A,,,Расчёт возможен по существующим правилам
2018-09-22 00:00:00,2018-09-21 00:00:00,2018-09-24 00:00:00,96,0,0,0,0,0,0,0,900.0,True,True,96,0,0,0,0,0,0,0,900.0,True,True,96,0,0,0,0,0,0,0,900.0,True,True,True,True,A,,,Расчёт возможен по существующим правилам
2018-09-23 00:00:00,2018-09-22 00:00:00,2018-09-25 00:00:00,96,0,0,0,0,0,0,0,900.0,True,True,96,0,0,0,0,0,0,0,900.0,True,True,96,0,0,0,0,0,0,0,900.0,True,True,True,True,A,,,Расчёт возможен по существующим правилам
2018-09-24 00:00:00,2018-09-23 00:00:00,2018-09-26 00:00:00,96,1,0,0,0,0,0,0,899.0,True,False,96,1,0,0,0,0,0,0,899.0,True,False,96,1,0,0,0,0,0,0,899.0,True,False,True,False,B,D1: неполное окружение ±12 ч; D2: неполное окружение ±12 ч; D3: неполное окружение ±12 ч,D1: повторные метки в трёхсуточном контексте; D2: повторные метки в трёхсуточном контексте; D3: повторные метки в трёхсуточном контексте,D1: неполное окружение ±12 ч; D2: неполное окружение ±12 ч; D3: неполное окружение ±12 ч; D1: повторные метки в трёхсуточном контексте; D2: повторные метки в трёхсуточном контексте; D3: повторные метки в трёхсуточном контексте
2018-09-25 00:00:00,2018-09-24 00:00:00,2018-09-27 00:00:00,207,5,6,0,0,0,0,0,5.0,False,False,207,4,6,0,0,0,0,0,5.0,False,False,207,4,6,0,0,0,0,0,5.0,False,False,False,False,B,D1: неполное покрытие суток; D2: неполное покрытие суток; D3: неполное покрытие суток,D1: повторные метки в трёхсуточном контексте; D2: повторные метки в трёхсуточном контексте; D3: повторные метки в трёхсуточном контексте,D1: неполное покрытие суток; D2: неполное покрытие суток; D3: неполное покрытие суток; D1: повторные метки в трёхсуточном контексте; D2: повторные метки в трёхсуточном контексте; D3: повторные метки в трёхсуточном контексте
2018-09-26 00:00:00,2018-09-25 00:00:00,2018-09-28 00:00:00,323,11,16,0,0,0,0,0,3.0,False,False,323,9,14,0,0,0,0,0,3.0,False,False,323,9,14,0,0,0,0,0,3.0,False,False,False,False,B,D1: неполное покрытие суток; D2: неполное покрытие суток; D3: неполное покрытие суток,D1: повторные метки в трёхсуточном контексте; D2: повторные метки в трёхсуточном контексте; D3: повторные метки в трёхсуточном контексте,D1: неполное покрытие суток; D2: неполное покрытие суток; D3: неполное покрытие суток; D1: повторные метки в трёхсуточном контексте; D2: повторные метки в трёхсуточном контексте; D3: повторные метки в трёхсуточном контексте
2018-09-27 00:00:00,2018-09-26 00:00:00,2018-09-29 00:00:00,324,13,22,0,0,0,0,0,3.0,False,False,324,11,18,0,0,0,0,0,3.0,False,False,324,11,18,0,0,0,0,0,3.0,False,False,False,False,B,D1: неполное покрытие суток; D2: неполное покрытие суток; D3: неполное покрытие суток,D1: повторные метки в трёхсуточном контексте; D2: повторные метки в трёхсуточном контексте; D3: повторные метки в трёхсуточном контексте,D1: неполное покрытие суток; D2: неполное покрытие суток; D3: неполное покрытие суток; D1: повторные метки в трёхсуточном контексте; D2: повторные метки в трёхсуточном контексте; D3: повторные метки в трёхсуточном контексте
2018-09-28 00:00:00,2018-09-27 00:00:00,2018-09-30 00:00:00,206,9,12,0,0,0,0,0,5.0,False,False,206,8,10,0,0,0,0,0,5.0,False,False,206,8,10,0,0,0,0,0,5.0,False,False,False,False,B,D1: неполное покрытие суток; D2: неполное покрытие суток; D3: неполное покрытие суток,D1: повторные метки в трёхсуточном контексте; D2: повторные метки в трёхсуточном контексте; D3: повторные метки в трёхсуточном контексте,D1: неполное покрытие суток; D2: неполное покрытие суток; D3: неполное покрытие суток; D1: повторные метки в трёхсуточном контексте; D2: повторные метки в трёхсуточном контексте; D3: повторные метки в трёхсуточном контексте
2018-09-29 00:00:00,2018-09-28 00:00:00,2018-10-01 00:00:00,96,3,0,0,0,0,0,0,899.0,True,True,96,3,0,0,0,0,0,0,899.0,True,True,96,3,0,0,0,0,0,0,899.0,True,True,True,True,C,,D1: повторные метки в трёхсуточном контексте; D2: повторные метки в трёхсуточном контексте; D3: повторные метки в трёхсуточном контексте,D1: повторные метки в трёхсуточном контексте; D2: повторные метки в трёхсуточном контексте; D3: повторные метки в трёхсуточном контексте
2018-09-30 00:00:00,2018-09-29 00:00:00,2018-10-02 00:00:00,96,0,0,0,0,0,0,0,900.0,True,True,96,0,0,0,0,0,0,0,900.0,True,True,96,0,0,0,0,0,0,0,900.0,True,True,True,True,A,,,Расчёт возможен по существующим правилам
2018-10-01 00:00:00,2018-09-30 00:00:00,2018-10-03 00:00:00,96,0,0,0,0,0,0,0,900.0,True,True,96,0,0,0,0,0,0,0,900.0,True,True,96,0,0,0,0,0,0,0,900.0,True,True,True,True,A,,,Расчёт возможен по существующим правилам
2018-10-02 00:00:00,2018-10-01 00:00:00,2018-10-04 00:00:00,96,0,0,0,0,0,0,0,900.0,True,True,96,0,0,0,0,0,0,0,900.0,True,True,96,0,0,0,0,0,0,0,900.0,True,True,True,True,A,,,Расчёт возможен по существующим правилам
2018-10-03 00:00:00,2018-10-02 00:00:00,2018-10-05 00:00:00,96,0,0,0,0,0,0,0,900.0,True,True,96,0,0,0,0,0,0,0,900.0,True,True,96,0,0,0,0,0,0,0,900.0,True,True,True,True,A,,,Расчёт возможен по существующим правилам
2018-10-04 00:00:00,2018-10-03 00:00:00,2018-10-06 00:00:00,96,0,0,0,0,0,0,0,900.0,True,True,96,0,0,0,0,0,0,0,900.0,True,True,96,0,0,0,0,0,0,0,900.0,True,True,True,True,A,,,Расчёт возможен по существующим правилам
2018-10-05 00:00:00,2018-10-04 00:00:00,2018-10-07 00:00:00,96,0,0,0,0,0,0,0,900.0,True,True,96,0,0,0,0,0,0,0,900.0,True,True,96,0,0,0,0,0,0,0,900.0,True,True,True,True,A,,,Расчёт возможен по существующим правилам
2018-10-06 00:00:00,2018-10-05 00:00:00,2018-10-08 00:00:00,96,0,0,0,0,0,0,0,900.0,True,True,96,0,0,0,0,0,0,0,900.0,True,True,96,0,0,0,0,0,0,0,900.0,True,True,True,True,A,,,Расчёт возможен по существующим правилам
2018-10-07 00:00:00,2018-10-06 00:00:00,2018-10-09 00:00:00,96,0,0,0,0,0,0,0,900.0,True,True,96,0,0,0,0,0,0,0,900.0,True,True,96,0,0,0,0,0,0,0,900.0,True,True,True,True,A,,,Расчёт возможен по существующим правилам
2018-10-08 00:00:00,2018-10-07 00:00:00,2018-10-10 00:00:00,96,0,0,0,0,0,0,0,900.0,True,True,96,0,0,0,0,0,0,0,900.0,True,True,96,0,0,0,0,0,0,0,900.0,True,True,True,True,A,,,Расчёт возможен по существующим правилам
2018-10-09 00:00:00,2018-10-08 00:00:00,2018-10-11 00:00:00,96,0,0,0,0,0,0,0,900.0,True,True,96,0,0,0,0,0,0,0,900.0,True,True,96,0,0,0,0,0,0,0,900.0,True,True,True,True,A,,,Расчёт возможен по существующим правилам
2018-10-10 00:00:00,2018-10-09 00:00:00,2018-10-12 00:00:00,96,0,0,0,0,0,0,0,900.0,True,True,96,0,0,0,0,0,0,0,900.0,True,True,96,0,0,0,0,0,0,0,900.0,True,True,True,True,A,,,Расчёт возможен по существующим правилам
2018-10-11 00:00:00,2018-10-10 00:00:00,2018-10-13 00:00:00,93,0,0,0,0,0,0,0,900.0,False,False,93,0,0,0,0,0,0,0,900.0,False,False,93,0,0,0,0,0,0,0,900.0,False,False,False,False,B,D1: неполное покрытие суток; D2: неполное покрытие суток; D3: неполное покрытие суток,,D1: неполное покрытие суток; D2: неполное покрытие суток; D3: неполное покрытие суток
2018-10-12 00:00:00,2018-10-11 00:00:00,2018-10-14 00:00:00,96,0,0,1,0,0,0,0,900.0,False,False,96,0,0,1,0,0,0,0,900.0,False,False,96,0,0,1,0,0,0,0,900.0,False,False,False,False,B,D1: неполное покрытие суток (служебные значения); D2: неполное покрытие суток (служебные значения); D3: неполное покрытие суток (служебные значения),,D1: неполное покрытие суток (служебные значения); D2: неполное покрытие суток (служебные значения); D3: неполное покрытие суток (служебные значения)
2018-10-13 00:00:00,2018-10-12 00:00:00,2018-10-15 00:00:00,96,0,0,4,0,0,0,0,900.0,False,False,96,0,0,4,0,0,0,0,900.0,False,False,96,0,0,4,0,0,0,0,900.0,False,False,False,False,B,D1: неполное покрытие суток (служебные значения); D2: неполное покрытие суток (служебные значения); D3: неполное покрытие суток (служебные значения),,D1: неполное покрытие суток (служебные значения); D2: неполное покрытие суток (служебные значения); D3: неполное покрытие суток (служебные значения)
2018-10-14 00:00:00,2018-10-13 00:00:00,2018-10-16 00:00:00,96,0,0,3,0,0,0,0,900.0,False,False,96,0,0,3,0,0,0,0,900.0,False,False,96,0,0,3,0,0,0,0,900.0,False,False,False,False,B,D1: неполное покрытие суток (служебные значения); D2: неполное покрытие суток (служебные значения); D3: неполное покрытие суток (служебные значения),,D1: неполное покрытие суток (служебные значения); D2: неполное покрытие суток (служебные значения); D3: неполное покрытие суток (служебные значения)
2018-10-15 00:00:00,2018-10-14 00:00:00,2018-10-17 00:00:00,96,0,0,0,0,0,0,0,900.0,True,True,96,0,0,0,0,0,0,0,900.0,True,True,96,0,0,0,0,0,0,0,900.0,True,True,True,True,A,,,Расчёт возможен по существующим правилам
2018-10-16 00:00:00,2018-10-15 00:00:00,2018-10-18 00:00:00,96,0,0,1,0,0,0,0,900.0,False,False,96,0,0,1,0,0,0,0,900.0,False,False,96,0,0,1,0,0,0,0,900.0,False,False,False,False,B,D1: неполное покрытие суток (служебные значения); D2: неполное покрытие суток (служебные значения); D3: неполное покрытие суток (служебные значения),,D1: неполное покрытие суток (служебные значения); D2: неполное покрытие суток (служебные значения); D3: неполное покрытие суток (служебные значения)
2018-10-17 00:00:00,2018-10-16 00:00:00,2018-10-19 00:00:00,96,0,0,6,0,0,0,0,900.0,False,False,96,0,0,6,0,0,0,0,900.0,False,False,96,0,0,6,0,0,0,0,900.0,False,False,False,False,B,D1: неполное покрытие суток (служебные значения); D2: неполное покрытие суток (служебные значения); D3: неполное покрытие суток (служебные значения),,D1: неполное покрытие суток (служебные значения); D2: неполное покрытие суток (служебные значения); D3: неполное покрытие суток (служебные значения)
2018-10-18 00:00:00,2018-10-17 00:00:00,2018-10-20 00:00:00,96,0,0,5,0,0,0,0,900.0,False,False,96,0,0,5,0,0,0,0,900.0,False,False,96,0,0,5,0,0,0,0,900.0,False,False,False,False,B,D1: неполное покрытие суток (служебные значения); D2: неполное покрытие суток (служебные значения); D3: неполное покрытие суток (служебные значения),,D1: неполное покрытие суток (служебные значения); D2: неполное покрытие суток (служебные значения); D3: неполное покрытие суток (служебные значения)
2018-10-19 00:00:00,2018-10-18 00:00:00,2018-10-21 00:00:00,96,0,0,0,0,0,0,0,900.0,True,True,96,0,0,0,0,0,0,0,900.0,True,True,96,0,0,0,0,0,0,0,900.0,True,True,True,True,A,,,Расчёт возможен по существующим правилам
2018-10-20 00:00:00,2018-10-19 00:00:00,2018-10-22 00:00:00,96,0,0,1,0,0,0,0,900.0,False,False,96,0,0,1,0,0,0,0,900.0,False,False,96,0,0,1,0,0,0,0,900.0,False,False,False,False,B,D1: неполное покрытие суток (служебные значения); D2: неполное покрытие суток (служебные значения); D3: неполное покрытие суток (служебные значения),,D1: неполное покрытие суток (служебные значения); D2: неполное покрытие суток (служебные значения); D3: неполное покрытие суток (служебные значения)
2018-10-21 00:00:00,2018-10-20 00:00:00,2018-10-23 00:00:00,96,0,0,1,0,0,0,0,900.0,True,False,96,0,0,1,0,0,0,0,900.0,True,False,96,0,0,1,0,0,0,0,900.0,True,False,True,False,B,D1: неполное окружение ±12 ч (служебные значения); D2: неполное окружение ±12 ч (служебные значения); D3: неполное окружение ±12 ч (служебные значения),,D1: неполное окружение ±12 ч (служебные значения); D2: неполное окружение ±12 ч (служебные значения); D3: неполное окружение ±12 ч (служебные значения)
2018-10-22 00:00:00,2018-10-21 00:00:00,2018-10-24 00:00:00,96,0,0,0,0,0,0,0,900.0,True,True,96,0,0,0,0,0,0,0,900.0,True,True,96,0,0,0,0,0,0,0,900.0,True,True,True,True,A,,,Расчёт возможен по существующим правилам
2018-10-23 00:00:00,2018-10-22 00:00:00,2018-10-25 00:00:00,96,0,0,0,0,0,0,0,900.0,True,True,96,0,0,0,0,0,0,0,900.0,True,True,96,0,0,0,0,0,0,0,900.0,True,True,True,True,A,,,Расчёт возможен по существующим правилам
2018-10-24 00:00:00,2018-10-23 00:00:00,2018-10-26 00:00:00,96,0,0,0,0,0,0,0,900.0,True,True,96,0,0,0,0,0,0,0,900.0,True,True,96,0,0,0,0,0,0,0,900.0,True,True,True,True,A,,,Расчёт возможен по существующим правилам
2018-10-25 00:00:00,2018-10-24 00:00:00,2018-10-27 00:00:00,96,0,0,0,0,0,0,0,900.0,True,True,96,0,0,0,0,0,0,0,900.0,True,True,96,0,0,0,0,0,0,0,900.0,True,True,True,True,A,,,Расчёт возможен по существующим правилам
2018-10-26 00:00:00,2018-10-25 00:00:00,2018-10-28 00:00:00,96,0,0,0,0,0,0,0,900.0,True,True,96,0,0,0,0,0,0,0,900.0,True,True,96,0,0,0,0,0,0,0,900.0,True,True,True,True,A,,,Расчёт возможен по существующим правилам
2018-10-27 00:00:00,2018-10-26 00:00:00,2018-10-29 00:00:00,96,0,0,1,0,0,0,0,900.0,False,False,96,0,0,1,0,0,0,0,900.0,False,False,96,0,0,1,0,0,0,0,900.0,False,False,False,False,B,D1: неполное покрытие суток (служебные значения); D2: неполное покрытие суток (служебные значения); D3: неполное покрытие суток (служебные значения),,D1: неполное покрытие суток (служебные значения); D2: неполное покрытие суток (служебные значения); D3: неполное покрытие суток (служебные значения)
2018-10-28 00:00:00,2018-10-27 00:00:00,2018-10-30 00:00:00,96,0,0,1,0,0,0,0,900.0,True,False,96,0,0,1,0,0,0,0,900.0,True,False,96,0,0,1,0,0,0,0,900.0,True,False,True,False,B,D1: неполное окружение ±12 ч (служебные значения); D2: неполное окружение ±12 ч (служебные значения); D3: неполное окружение ±12 ч (служебные значения),,D1: неполное окружение ±12 ч (служебные значения); D2: неполное окружение ±12 ч (служебные значения); D3: неполное окружение ±12 ч (служебные значения)
2018-10-29 00:00:00,2018-10-28 00:00:00,2018-10-31 00:00:00,96,0,0,0,0,0,0,0,900.0,True,True,96,0,0,0,0,0,0,0,900.0,True,True,96,0,0,0,0,0,0,0,900.0,True,True,True,True,A,,,Расчёт возможен по существующим правилам
2018-10-30 00:00:00,2018-10-29 00:00:00,2018-11-01 00:00:00,96,0,0,0,0,0,0,0,900.0,True,True,96,0,0,0,0,0,0,0,900.0,True,True,96,0,0,0,0,0,0,0,900.0,True,True,True,True,A,,,Расчёт возможен по существующим правилам
2018-10-31 00:00:00,2018-10-30 00:00:00,2018-11-02 00:00:00,96,0,0,0,0,0,0,0,900.0,True,True,96,0,0,0,0,0,0,0,900.0,True,True,96,0,0,0,0,0,0,0,900.0,True,True,True,True,A,,,Расчёт возможен по существующим правилам
2018-11-01 00:00:00,2018-10-31 00:00:00,2018-11-03 00:00:00,96,0,0,0,0,0,0,0,900.0,True,True,96,0,0,0,0,0,0,0,900.0,True,True,96,0,0,0,0,0,0,0,900.0,True,True,True,True,A,,,Расчёт возможен по существующим правилам
2018-11-02 00:00:00,2018-11-01 00:00:00,2018-11-04 00:00:00,96,0,0,0,0,0,0,0,900.0,True,True,96,0,0,0,0,0,0,0,900.0,True,True,96,0,0,0,0,0,0,0,900.0,True,True,True,True,A,,,Расчёт возможен по существующим правилам
2018-11-03 00:00:00,2018-11-02 00:00:00,2018-11-05 00:00:00,96,0,0,0,0,0,0,0,900.0,True,True,96,0,0,0,0,0,0,0,900.0,True,True,96,0,0,0,0,0,0,0,900.0,True,True,True,True,A,,,Расчёт возможен по существующим правилам
2018-11-04 00:00:00,2018-11-03 00:00:00,2018-11-06 00:00:00,96,0,0,0,0,0,0,0,900.0,True,True,96,0,0,0,0,0,0,0,900.0,True,True,96,0,0,0,0,0,0,0,900.0,True,True,True,True,A,,,Расчёт возможен по существующим правилам
2018-11-05 00:00:00,2018-11-04 00:00:00,2018-11-07 00:00:00,86,0,0,0,0,0,31,31,900.0,False,False,86,0,0,0,0,0,31,31,900.0,False,False,86,0,0,0,0,0,31,31,900.0,False,False,False,False,B,D1: неполное покрытие суток; D2: неполное покрытие суток; D3: неполное покрытие суток,D1: диагностический постоянный участок в окнах расчёта; D2: диагностический постоянный участок в окнах расчёта; D3: диагностический постоянный участок в окнах расчёта,D1: неполное покрытие суток; D2: неполное покрытие суток; D3: неполное покрытие суток; D1: диагностический постоянный участок в окнах расчёта; D2: диагностический постоянный участок в окнах расчёта; D3: диагностический постоянный участок в окнах расчёта
2018-11-06 00:00:00,2018-11-05 00:00:00,2018-11-08 00:00:00,89,0,0,0,0,0,136,136,900.0,False,False,89,0,0,0,0,0,136,136,900.0,False,False,89,0,0,0,0,0,136,136,900.0,False,False,False,False,B,D1: неполное покрытие суток; D2: неполное покрытие суток; D3: неполное покрытие суток,D1: диагностический постоянный участок в окнах расчёта; D2: диагностический постоянный участок в окнах расчёта; D3: диагностический постоянный участок в окнах расчёта,D1: неполное покрытие суток; D2: неполное покрытие суток; D3: неполное покрытие суток; D1: диагностический постоянный участок в окнах расчёта; D2: диагностический постоянный участок в окнах расчёта; D3: диагностический постоянный участок в окнах расчёта
2018-11-07 00:00:00,2018-11-06 00:00:00,2018-11-09 00:00:00,96,0,0,0,0,0,112,112,900.0,True,True,96,0,0,0,0,0,112,112,900.0,True,True,96,0,0,0,0,0,112,112,900.0,True,True,True,True,C,,D1: диагностический постоянный участок в окнах расчёта; D2: диагностический постоянный участок в окнах расчёта; D3: диагностический постоянный участок в окнах расчёта,D1: диагностический постоянный участок в окнах расчёта; D2: диагностический постоянный участок в окнах расчёта; D3: диагностический постоянный участок в окнах расчёта
2018-11-08 00:00:00,2018-11-07 00:00:00,2018-11-10 00:00:00,96,0,0,0,0,0,16,16,900.0,True,True,96,0,0,0,0,0,16,16,900.0,True,True,96,0,0,0,0,0,16,16,900.0,True,True,True,True,C,,D1: диагностический постоянный участок в окнах расчёта; D2: диагностический постоянный участок в окнах расчёта; D3: диагностический постоянный участок в окнах расчёта,D1: диагностический постоянный участок в окнах расчёта; D2: диагностический постоянный участок в окнах расчёта; D3: диагностический постоянный участок в окнах расчёта
2018-11-09 00:00:00,2018-11-08 00:00:00,2018-11-11 00:00:00,96,0,0,0,0,0,0,0,900.0,True,True,96,0,0,0,0,0,0,0,900.0,True,True,96,0,0,0,0,0,0,0,900.0,True,True,True,True,A,,,Расчёт возможен по существующим правилам
2018-11-10 00:00:00,2018-11-09 00:00:00,2018-11-12 00:00:00,96,0,0,1,0,0,68,68,900.0,False,False,96,0,0,1,0,0,68,68,900.0,False,False,96,0,0,1,0,0,68,68,900.0,False,False,False,False,B,D1: неполное покрытие суток (служебные значения); D2: неполное покрытие суток (служебные значения); D3: неполное покрытие суток (служебные значения),D1: диагностический постоянный участок в окнах расчёта; D2: диагностический постоянный участок в окнах расчёта; D3: диагностический постоянный участок в окнах расчёта,D1: неполное покрытие суток (служебные значения); D2: неполное покрытие суток (служебные значения); D3: неполное покрытие суток (служебные значения); D1: диагностический постоянный участок в окнах расчёта; D2: диагностический постоянный участок в окнах расчёта; D3: диагностический постоянный участок в окнах расчёта
2018-11-11 00:00:00,2018-11-10 00:00:00,2018-11-13 00:00:00,96,0,0,1,0,0,165,165,900.0,True,False,96,0,0,1,0,0,165,165,900.0,True,False,96,0,0,1,0,0,165,165,900.0,True,False,True,False,B,D1: неполное окружение ±12 ч (служебные значения); D2: неполное окружение ±12 ч (служебные значения); D3: неполное окружение ±12 ч (служебные значения),D1: диагностический постоянный участок в окнах расчёта; D2: диагностический постоянный участок в окнах расчёта; D3: диагностический постоянный участок в окнах расчёта,D1: неполное окружение ±12 ч (служебные значения); D2: неполное окружение ±12 ч (служебные значения); D3: неполное окружение ±12 ч (служебные значения); D1: диагностический постоянный участок в окнах расчёта; D2: диагностический постоянный участок в окнах расчёта; D3: диагностический постоянный участок в окнах расчёта
2018-11-12 00:00:00,2018-11-11 00:00:00,2018-11-14 00:00:00,96,0,0,0,0,0,191,191,900.0,True,True,96,0,0,0,0,0,191,191,900.0,True,True,96,0,0,0,0,0,191,191,900.0,True,True,True,True,C,,D1: диагностический постоянный участок в окнах расчёта; D2: диагностический постоянный участок в окнах расчёта; D3: диагностический постоянный участок в окнах расчёта,D1: диагностический постоянный участок в окнах расчёта; D2: диагностический постоянный участок в окнах расчёта; D3: диагностический постоянный участок в окнах расчёта
2018-11-13 00:00:00,2018-11-12 00:00:00,2018-11-15 00:00:00,96,0,0,0,10,0,180,180,900.0,True,False,96,0,0,0,10,0,180,180,900.0,True,False,96,0,0,0,10,0,180,180,900.0,True,False,True,False,B,D1: неполное окружение ±12 ч (нарушение 0<C≤3000); D2: неполное окружение ±12 ч (нарушение 0<C≤3000); D3: неполное окружение ±12 ч (нарушение 0<C≤3000),D1: диагностический постоянный участок в окнах расчёта; D2: диагностический постоянный участок в окнах расчёта; D3: диагностический постоянный участок в окнах расчёта,D1: неполное окружение ±12 ч (нарушение 0<C≤3000); D2: неполное окружение ±12 ч (нарушение 0<C≤3000); D3: неполное окружение ±12 ч (нарушение 0<C≤3000); D1: диагностический постоянный участок в окнах расчёта; D2: диагностический постоянный участок в окнах расчёта; D3: диагностический постоянный участок в окнах расчёта
2018-11-14 00:00:00,2018-11-13 00:00:00,2018-11-16 00:00:00,96,0,0,0,106,0,84,84,900.0,False,False,96,0,0,0,106,0,84,84,900.0,False,False,96,0,0,0,106,0,84,84,900.0,False,False,False,False,B,D1: неполное покрытие суток (нарушение 0<C≤3000); D2: неполное покрытие суток (нарушение 0<C≤3000); D3: неполное покрытие суток (нарушение 0<C≤3000),D1: диагностический постоянный участок в окнах расчёта; D2: диагностический постоянный участок в окнах расчёта; D3: диагностический постоянный участок в окнах расчёта,D1: неполное покрытие суток (нарушение 0<C≤3000); D2: неполное покрытие суток (нарушение 0<C≤3000); D3: неполное покрытие суток (нарушение 0<C≤3000); D1: диагностический постоянный участок в окнах расчёта; D2: диагностический постоянный участок в окнах расчёта; D3: диагностический постоянный участок в окнах расчёта
2018-11-15 00:00:00,2018-11-14 00:00:00,2018-11-17 00:00:00,96,0,0,0,190,0,0,0,899.0,False,False,96,0,0,0,190,0,0,0,899.0,False,False,96,0,0,0,190,0,0,0,899.0,False,False,False,False,B,D1: неполное покрытие суток (нарушение 0<C≤3000); D2: неполное покрытие суток (нарушение 0<C≤3000); D3: неполное покрытие суток (нарушение 0<C≤3000),,D1: неполное покрытие суток (нарушение 0<C≤3000); D2: неполное покрытие суток (нарушение 0<C≤3000); D3: неполное покрытие суток (нарушение 0<C≤3000)
2018-11-16 00:00:00,2018-11-15 00:00:00,2018-11-18 00:00:00,96,0,0,0,190,0,0,0,898.0,False,False,96,0,0,0,190,0,0,0,898.0,False,False,96,0,0,0,190,0,0,0,898.0,False,False,False,False,B,D1: неполное покрытие суток (нарушение 0<C≤3000); D2: неполное покрытие суток (нарушение 0<C≤3000); D3: неполное покрытие суток (нарушение 0<C≤3000),,D1: неполное покрытие суток (нарушение 0<C≤3000); D2: неполное покрытие суток (нарушение 0<C≤3000); D3: неполное покрытие суток (нарушение 0<C≤3000)
2018-11-17 00:00:00,2018-11-16 00:00:00,2018-11-19 00:00:00,96,0,0,0,190,0,0,0,897.0,False,False,96,0,0,0,190,0,0,0,897.0,False,False,96,0,0,0,190,0,0,0,897.0,False,False,False,False,B,D1: неполное покрытие суток (нарушение 0<C≤3000); D2: неполное покрытие суток (нарушение 0<C≤3000); D3: неполное покрытие суток (нарушение 0<C≤3000),,D1: неполное покрытие суток (нарушение 0<C≤3000); D2: неполное покрытие суток (нарушение 0<C≤3000); D3: неполное покрытие суток (нарушение 0<C≤3000)
2018-11-18 00:00:00,2018-11-17 00:00:00,2018-11-20 00:00:00,96,0,0,0,191,0,0,0,898.0,False,False,96,0,0,0,191,0,0,0,898.0,False,False,96,0,0,0,191,0,0,0,898.0,False,False,False,False,B,D1: неполное покрытие суток (нарушение 0<C≤3000); D2: неполное покрытие суток (нарушение 0<C≤3000); D3: неполное покрытие суток (нарушение 0<C≤3000),,D1: неполное покрытие суток (нарушение 0<C≤3000); D2: неполное покрытие суток (нарушение 0<C≤3000); D3: неполное покрытие суток (нарушение 0<C≤3000)
2018-11-19 00:00:00,2018-11-18 00:00:00,2018-11-21 00:00:00,96,0,0,0,190,0,0,0,899.0,False,False,96,0,0,0,190,0,0,0,899.0,False,False,96,0,0,0,190,0,0,0,899.0,False,False,False,False,B,D1: неполное покрытие суток (нарушение 0<C≤3000); D2: неполное покрытие суток (нарушение 0<C≤3000); D3: неполное покрытие суток (нарушение 0<C≤3000),,D1: неполное покрытие суток (нарушение 0<C≤3000); D2: неполное покрытие суток (нарушение 0<C≤3000); D3: неполное покрытие суток (нарушение 0<C≤3000)
2018-11-20 00:00:00,2018-11-19 00:00:00,2018-11-22 00:00:00,96,0,0,0,96,0,0,0,900.0,False,False,96,0,0,0,96,0,0,0,900.0,False,False,96,0,0,0,96,0,0,0,900.0,False,False,False,False,B,D1: неполное покрытие суток (нарушение 0<C≤3000); D2: неполное покрытие суток (нарушение 0<C≤3000); D3: неполное покрытие суток (нарушение 0<C≤3000),,D1: неполное покрытие суток (нарушение 0<C≤3000); D2: неполное покрытие суток (нарушение 0<C≤3000); D3: неполное покрытие суток (нарушение 0<C≤3000)
2018-11-21 00:00:00,2018-11-20 00:00:00,2018-11-23 00:00:00,96,0,0,0,0,0,0,0,900.0,True,False,96,0,0,0,0,0,0,0,900.0,True,False,96,0,0,0,0,0,0,0,900.0,True,False,True,False,B,D1: неполное окружение ±12 ч; D2: неполное окружение ±12 ч; D3: неполное окружение ±12 ч,,D1: неполное окружение ±12 ч; D2: неполное окружение ±12 ч; D3: неполное окружение ±12 ч
2018-11-22 00:00:00,2018-11-21 00:00:00,2018-11-24 00:00:00,96,0,0,0,0,0,0,0,900.0,True,True,96,0,0,0,0,0,0,0,900.0,True,True,96,0,0,0,0,0,0,0,900.0,True,True,True,True,A,,,Расчёт возможен по существующим правилам
2018-11-23 00:00:00,2018-11-22 00:00:00,2018-11-25 00:00:00,96,0,0,0,0,0,0,0,900.0,True,True,96,0,0,0,0,0,0,0,900.0,True,True,96,0,0,0,0,0,0,0,900.0,True,True,True,True,A,,,Расчёт возможен по существующим правилам
2018-11-24 00:00:00,2018-11-23 00:00:00,2018-11-26 00:00:00,96,0,0,0,0,0,0,0,900.0,True,True,96,0,0,0,0,0,0,0,900.0,True,True,96,0,0,0,0,0,0,0,900.0,True,True,True,True,A,,,Расчёт возможен по существующим правилам
2018-11-25 00:00:00,2018-11-24 00:00:00,2018-11-27 00:00:00,96,0,0,2,0,0,0,0,900.0,False,False,96,0,0,2,0,0,0,0,900.0,False,False,96,0,0,2,0,0,0,0,900.0,False,False,False,False,B,D1: неполное покрытие суток (служебные значения); D2: неполное покрытие суток (служебные значения); D3: неполное покрытие суток (служебные значения),,D1: неполное покрытие суток (служебные значения); D2: неполное покрытие суток (служебные значения); D3: неполное покрытие суток (служебные значения)
2018-11-26 00:00:00,2018-11-25 00:00:00,2018-11-28 00:00:00,96,0,0,2,0,0,0,0,900.0,True,False,96,0,0,2,0,0,0,0,900.0,True,False,96,0,0,2,0,0,0,0,900.0,True,False,True,False,B,D1: неполное окружение ±12 ч (служебные значения); D2: неполное окружение ±12 ч (служебные значения); D3: неполное окружение ±12 ч (служебные значения),,D1: неполное окружение ±12 ч (служебные значения); D2: неполное окружение ±12 ч (служебные значения); D3: неполное окружение ±12 ч (служебные значения)
2018-11-27 00:00:00,2018-11-26 00:00:00,2018-11-29 00:00:00,96,0,0,0,0,0,0,0,900.0,True,True,96,0,0,0,0,0,0,0,900.0,True,True,96,0,0,0,0,0,0,0,900.0,True,True,True,True,A,,,Расчёт возможен по существующим правилам
2018-11-28 00:00:00,2018-11-27 00:00:00,2018-11-30 00:00:00,96,1,0,1,0,0,0,0,900.0,False,False,96,1,0,1,0,0,0,0,900.0,False,False,96,1,0,1,0,0,0,0,900.0,False,False,False,False,B,D1: неполное покрытие суток (служебные значения); D2: неполное покрытие суток (служебные значения); D3: неполное покрытие суток (служебные значения),D1: повторные метки в трёхсуточном контексте; D2: повторные метки в трёхсуточном контексте; D3: повторные метки в трёхсуточном контексте,D1: неполное покрытие суток (служебные значения); D2: неполное покрытие суток (служебные значения); D3: неполное покрытие суток (служебные значения); D1: повторные метки в трёхсуточном контексте; D2: повторные метки в трёхсуточном контексте; D3: повторные метки в трёхсуточном контексте
2018-11-29 00:00:00,2018-11-28 00:00:00,2018-12-01 00:00:00,130,3,4,1,0,0,0,0,899.0,True,False,130,3,4,1,0,0,0,0,899.0,True,False,130,2,4,1,0,0,0,0,899.0,True,False,True,False,B,D1: неполное окружение ±12 ч (служебные значения); D2: неполное окружение ±12 ч (служебные значения); D3: неполное окружение ±12 ч (служебные значения),D1: повторные метки в трёхсуточном контексте; D2: повторные метки в трёхсуточном контексте; D3: повторные метки в трёхсуточном контексте,D1: неполное окружение ±12 ч (служебные значения); D2: неполное окружение ±12 ч (служебные значения); D3: неполное окружение ±12 ч (служебные значения); D1: повторные метки в трёхсуточном контексте; D2: повторные метки в трёхсуточном контексте; D3: повторные метки в трёхсуточном контексте
2018-11-30 00:00:00,2018-11-29 00:00:00,2018-12-02 00:00:00,173,4,8,0,0,0,0,0,897.0,True,True,173,4,8,0,0,0,0,0,897.0,True,True,173,3,6,0,0,0,0,0,897.0,True,True,True,True,C,,D1: повторные метки в трёхсуточном контексте; D2: повторные метки в трёхсуточном контексте; D3: повторные метки в трёхсуточном контексте,D1: повторные метки в трёхсуточном контексте; D2: повторные метки в трёхсуточном контексте; D3: повторные метки в трёхсуточном контексте
2018-12-01 00:00:00,2018-11-30 00:00:00,2018-12-03 00:00:00,176,3,4,0,0,0,0,0,896.0,True,True,176,3,4,0,0,0,0,0,896.0,True,True,176,2,2,0,0,0,0,0,896.0,True,True,True,True,C,,D1: повторные метки в трёхсуточном контексте; D2: повторные метки в трёхсуточном контексте; D3: повторные метки в трёхсуточном контексте,D1: повторные метки в трёхсуточном контексте; D2: повторные метки в трёхсуточном контексте; D3: повторные метки в трёхсуточном контексте
2018-12-02 00:00:00,2018-12-01 00:00:00,2018-12-04 00:00:00,180,2,2,0,0,0,0,0,896.0,True,True,180,2,2,0,0,0,0,0,896.0,True,True,180,2,2,0,0,0,0,0,896.0,True,True,True,True,C,,D1: повторные метки в трёхсуточном контексте; D2: повторные метки в трёхсуточном контексте; D3: повторные метки в трёхсуточном контексте,D1: повторные метки в трёхсуточном контексте; D2: повторные метки в трёхсуточном контексте; D3: повторные метки в трёхсуточном контексте
2018-12-03 00:00:00,2018-12-02 00:00:00,2018-12-05 00:00:00,170,3,2,0,0,0,0,0,896.0,True,True,170,3,2,0,0,0,0,0,896.0,True,True,170,3,2,0,0,0,0,0,896.0,True,True,True,True,C,,D1: повторные метки в трёхсуточном контексте; D2: повторные метки в трёхсуточном контексте; D3: повторные метки в трёхсуточном контексте,D1: повторные метки в трёхсуточном контексте; D2: повторные метки в трёхсуточном контексте; D3: повторные метки в трёхсуточном контексте
2018-12-04 00:00:00,2018-12-03 00:00:00,2018-12-06 00:00:00,171,4,6,0,0,0,0,0,897.0,True,True,171,4,6,0,0,0,0,0,897.0,True,True,171,4,6,0,0,0,0,0,897.0,True,True,True,True,C,,D1: повторные метки в трёхсуточном контексте; D2: повторные метки в трёхсуточном контексте; D3: повторные метки в трёхсуточном контексте,D1: повторные метки в трёхсуточном контексте; D2: повторные метки в трёхсуточном контексте; D3: повторные метки в трёхсуточном контексте
2018-12-05 00:00:00,2018-12-04 00:00:00,2018-12-07 00:00:00,123,3,6,0,0,0,0,0,899.0,True,True,123,3,6,0,0,0,0,0,899.0,True,True,123,3,6,0,0,0,0,0,899.0,True,True,True,True,C,,D1: повторные метки в трёхсуточном контексте; D2: повторные метки в трёхсуточном контексте; D3: повторные метки в трёхсуточном контексте,D1: повторные метки в трёхсуточном контексте; D2: повторные метки в трёхсуточном контексте; D3: повторные метки в трёхсуточном контексте
2018-12-06 00:00:00,2018-12-05 00:00:00,2018-12-08 00:00:00,96,1,0,0,0,0,0,0,900.0,True,True,96,1,0,0,0,0,0,0,900.0,True,True,96,1,0,0,0,0,0,0,900.0,True,True,True,True,C,,D1: повторные метки в трёхсуточном контексте; D2: повторные метки в трёхсуточном контексте; D3: повторные метки в трёхсуточном контексте,D1: повторные метки в трёхсуточном контексте; D2: повторные метки в трёхсуточном контексте; D3: повторные метки в трёхсуточном контексте
2018-12-07 00:00:00,2018-12-06 00:00:00,2018-12-09 00:00:00,96,0,0,0,0,0,0,0,900.0,True,True,96,0,0,0,0,0,0,0,900.0,True,True,96,0,0,0,0,0,0,0,900.0,True,True,True,True,A,,,Расчёт возможен по существующим правилам
2018-12-08 00:00:00,2018-12-07 00:00:00,2018-12-10 00:00:00,96,0,0,0,0,0,0,0,900.0,True,True,96,0,0,0,0,0,0,0,900.0,True,True,96,0,0,0,0,0,0,0,900.0,True,True,True,True,A,,,Расчёт возможен по существующим правилам
2018-12-09 00:00:00,2018-12-08 00:00:00,2018-12-11 00:00:00,96,0,0,0,0,0,0,0,900.0,True,True,96,0,0,0,0,0,0,0,900.0,True,True,96,0,0,0,0,0,0,0,900.0,True,True,True,True,A,,,Расчёт возможен по существующим правилам
2018-12-10 00:00:00,2018-12-09 00:00:00,2018-12-12 00:00:00,96,0,0,0,0,0,0,0,900.0,True,True,96,0,0,0,0,0,0,0,900.0,True,True,96,0,0,0,0,0,0,0,900.0,True,True,True,True,A,,,Расчёт возможен по существующим правилам
2018-12-11 00:00:00,2018-12-10 00:00:00,2018-12-13 00:00:00,96,0,0,0,0,0,0,0,900.0,True,True,96,0,0,0,0,0,0,0,900.0,True,True,96,0,0,0,0,0,0,0,900.0,True,True,True,True,A,,,Расчёт возможен по существующим правилам
2018-12-12 00:00:00,2018-12-11 00:00:00,2018-12-14 00:00:00,96,0,0,0,0,0,0,0,900.0,True,True,96,0,0,0,0,0,0,0,900.0,True,True,96,0,0,0,0,0,0,0,900.0,True,True,True,True,A,,,Расчёт возможен по существующим правилам
2018-12-13 00:00:00,2018-12-12 00:00:00,2018-12-15 00:00:00,96,0,0,0,0,0,0,0,900.0,True,True,96,0,0,0,0,0,0,0,900.0,True,True,96,0,0,0,0,0,0,0,900.0,True,True,True,True,A,,,Расчёт возможен по существующим правилам
2018-12-14 00:00:00,2018-12-13 00:00:00,2018-12-16 00:00:00,96,0,0,0,0,0,0,0,900.0,True,True,96,0,0,0,0,0,0,0,900.0,True,True,96,0,0,0,0,0,0,0,900.0,True,True,True,True,A,,,Расчёт возможен по существующим правилам
2018-12-15 00:00:00,2018-12-14 00:00:00,2018-12-17 00:00:00,96,0,0,0,0,0,0,0,900.0,True,True,96,0,0,0,0,0,0,0,900.0,True,True,96,0,0,0,0,0,0,0,900.0,True,True,True,True,A,,,Расчёт возможен по существующим правилам
2018-12-16 00:00:00,2018-12-15 00:00:00,2018-12-18 00:00:00,96,0,0,2,0,0,0,0,900.0,True,False,96,0,0,2,0,0,0,0,900.0,True,False,96,0,0,2,0,0,0,0,900.0,True,False,True,False,B,D1: неполное окружение ±12 ч (служебные значения); D2: неполное окружение ±12 ч (служебные значения); D3: неполное окружение ±12 ч (служебные значения),,D1: неполное окружение ±12 ч (служебные значения); D2: неполное окружение ±12 ч (служебные значения); D3: неполное окружение ±12 ч (служебные значения)
2018-12-17 00:00:00,2018-12-16 00:00:00,2018-12-19 00:00:00,96,0,0,2,0,0,0,0,900.0,False,False,96,0,0,2,0,0,0,0,900.0,False,False,96,0,0,2,0,0,0,0,900.0,False,False,False,False,B,D1: неполное покрытие суток (служебные значения); D2: неполное покрытие суток (служебные значения); D3: неполное покрытие суток (служебные значения),,D1: неполное покрытие суток (служебные значения); D2: неполное покрытие суток (служебные значения); D3: неполное покрытие суток (служебные значения)
2018-12-18 00:00:00,2018-12-17 00:00:00,2018-12-20 00:00:00,96,0,0,0,0,0,0,0,900.0,True,True,96,0,0,0,0,0,0,0,900.0,True,True,96,0,0,0,0,0,0,0,900.0,True,True,True,True,A,,,Расчёт возможен по существующим правилам
2018-12-19 00:00:00,2018-12-18 00:00:00,2018-12-21 00:00:00,96,0,0,0,0,0,0,0,900.0,True,True,96,0,0,0,0,0,0,0,900.0,True,True,96,0,0,0,0,0,0,0,900.0,True,True,True,True,A,,,Расчёт возможен по существующим правилам
2018-12-20 00:00:00,2018-12-19 00:00:00,2018-12-22 00:00:00,85,0,0,0,0,0,0,0,900.0,False,False,85,0,0,0,0,0,0,0,900.0,False,False,85,0,0,0,0,0,0,0,900.0,False,False,False,False,B,D1: неполное покрытие суток; D2: неполное покрытие суток; D3: неполное покрытие суток,,D1: неполное покрытие суток; D2: неполное покрытие суток; D3: неполное покрытие суток
2018-12-21 00:00:00,2018-12-20 00:00:00,2018-12-23 00:00:00,96,0,0,1,0,0,0,0,900.0,True,False,96,0,0,1,0,0,0,0,900.0,True,False,96,0,0,1,0,0,0,0,900.0,True,False,True,False,B,D1: неполное окружение ±12 ч (служебные значения); D2: неполное окружение ±12 ч (служебные значения); D3: неполное окружение ±12 ч (служебные значения),,D1: неполное окружение ±12 ч (служебные значения); D2: неполное окружение ±12 ч (служебные значения); D3: неполное окружение ±12 ч (служебные значения)
2018-12-22 00:00:00,2018-12-21 00:00:00,2018-12-24 00:00:00,96,0,0,2,0,0,0,0,900.0,False,False,96,0,0,2,0,0,0,0,900.0,False,False,96,0,0,2,0,0,0,0,900.0,False,False,False,False,B,D1: неполное покрытие суток (служебные значения); D2: неполное покрытие суток (служебные значения); D3: неполное покрытие суток (служебные значения),,D1: неполное покрытие суток (служебные значения); D2: неполное покрытие суток (служебные значения); D3: неполное покрытие суток (служебные значения)
2018-12-23 00:00:00,2018-12-22 00:00:00,2018-12-25 00:00:00,96,0,0,1,0,0,0,0,900.0,True,False,96,0,0,1,0,0,0,0,900.0,True,False,96,0,0,1,0,0,0,0,900.0,True,False,True,False,B,D1: неполное окружение ±12 ч (служебные значения); D2: неполное окружение ±12 ч (служебные значения); D3: неполное окружение ±12 ч (служебные значения),,D1: неполное окружение ±12 ч (служебные значения); D2: неполное окружение ±12 ч (служебные значения); D3: неполное окружение ±12 ч (служебные значения)
2018-12-24 00:00:00,2018-12-23 00:00:00,2018-12-26 00:00:00,96,0,0,1,0,0,0,0,900.0,True,False,96,0,0,1,0,0,0,0,900.0,True,False,96,0,0,1,0,0,0,0,900.0,True,False,True,False,B,D1: неполное окружение ±12 ч (служебные значения); D2: неполное окружение ±12 ч (служебные значения); D3: неполное окружение ±12 ч (служебные значения),,D1: неполное окружение ±12 ч (служебные значения); D2: неполное окружение ±12 ч (служебные значения); D3: неполное окружение ±12 ч (служебные значения)
2018-12-25 00:00:00,2018-12-24 00:00:00,2018-12-27 00:00:00,96,0,0,1,0,0,0,0,900.0,False,False,96,0,0,1,0,0,0,0,900.0,False,False,96,0,0,1,0,0,0,0,900.0,False,False,False,False,B,D1: неполное покрытие суток (служебные значения); D2: неполное покрытие суток (служебные значения); D3: неполное покрытие суток (служебные значения),,D1: неполное покрытие суток (служебные значения); D2: неполное покрытие суток (служебные значения); D3: неполное покрытие суток (служебные значения)
2018-12-26 00:00:00,2018-12-25 00:00:00,2018-12-28 00:00:00,96,0,0,1,0,0,0,0,900.0,False,False,96,0,0,1,0,0,0,0,900.0,False,False,96,0,0,1,0,0,0,0,900.0,False,False,False,False,B,D1: неполное покрытие суток (служебные значения); D2: неполное покрытие суток (служебные значения); D3: неполное покрытие суток (служебные значения),,D1: неполное покрытие суток (служебные значения); D2: неполное покрытие суток (служебные значения); D3: неполное покрытие суток (служебные значения)
2018-12-27 00:00:00,2018-12-26 00:00:00,2018-12-29 00:00:00,96,0,0,1,0,0,0,0,900.0,True,False,96,0,0,1,0,0,0,0,900.0,True,False,96,0,0,1,0,0,0,0,900.0,True,False,True,False,B,D1: неполное окружение ±12 ч (служебные значения); D2: неполное окружение ±12 ч (служебные значения); D3: неполное окружение ±12 ч (служебные значения),,D1: неполное окружение ±12 ч (служебные значения); D2: неполное окружение ±12 ч (служебные значения); D3: неполное окружение ±12 ч (служебные значения)
2018-12-28 00:00:00,2018-12-27 00:00:00,2018-12-30 00:00:00,96,0,0,0,0,0,0,0,900.0,True,True,96,0,0,0,0,0,0,0,900.0,True,True,96,0,0,0,0,0,0,0,900.0,True,True,True,True,A,,,Расчёт возможен по существующим правилам
2018-12-29 00:00:00,2018-12-28 00:00:00,2018-12-31 00:00:00,96,0,0,0,0,0,0,0,900.0,True,True,96,0,0,0,0,0,0,0,900.0,True,True,96,0,0,0,0,0,0,0,900.0,True,True,True,True,A,,,Расчёт возможен по существующим правилам
2018-12-30 00:00:00,2018-12-29 00:00:00,2019-01-01 00:00:00,96,0,0,0,0,0,0,0,900.0,True,True,96,0,0,0,0,0,0,0,900.0,True,True,96,0,0,0,0,0,0,0,900.0,True,True,True,True,A,,,Расчёт возможен по существующим правилам
2018-12-31 00:00:00,2018-12-30 00:00:00,2019-01-02 00:00:00,96,0,0,0,0,0,0,0,900.0,True,True,96,0,0,0,0,0,0,0,900.0,True,True,96,0,0,0,0,0,0,0,900.0,True,True,True,True,A,,,Расчёт возможен по существующим правилам
2019-01-01 00:00:00,2018-12-31 00:00:00,2019-01-03 00:00:00,96,0,0,0,0,0,0,0,900.0,True,True,96,0,0,0,0,0,0,0,900.0,True,True,96,0,0,0,0,0,0,0,900.0,True,True,True,True,A,,,Расчёт возможен по существующим правилам
2019-01-02 00:00:00,2019-01-01 00:00:00,2019-01-04 00:00:00,96,0,0,0,0,0,0,0,900.0,True,True,96,0,0,0,0,0,0,0,900.0,True,True,96,0,0,0,0,0,0,0,900.0,True,True,True,True,A,,,Расчёт возможен по существующим правилам
2019-01-03 00:00:00,2019-01-02 00:00:00,2019-01-05 00:00:00,96,0,0,0,0,0,0,0,900.0,True,True,96,0,0,0,0,0,0,0,900.0,True,True,96,0,0,0,0,0,0,0,900.0,True,True,True,True,A,,,Расчёт возможен по существующим правилам
2019-01-04 00:00:00,2019-01-03 00:00:00,2019-01-06 00:00:00,96,0,0,0,0,0,0,0,900.0,True,True,96,0,0,0,0,0,0,0,900.0,True,True,96,0,0,0,0,0,0,0,900.0,True,True,True,True,A,,,Расчёт возможен по существующим правилам
2019-01-05 00:00:00,2019-01-04 00:00:00,2019-01-07 00:00:00,96,0,0,0,0,0,0,0,900.0,True,True,96,0,0,0,0,0,0,0,900.0,True,True,96,0,0,0,0,0,0,0,900.0,True,True,True,True,A,,,Расчёт возможен по существующим правилам
2019-01-06 00:00:00,2019-01-05 00:00:00,2019-01-08 00:00:00,96,0,0,0,0,0,0,0,900.0,True,True,96,0,0,0,0,0,0,0,900.0,True,True,96,0,0,0,0,0,0,0,900.0,True,True,True,True,A,,,Расчёт возможен по существующим правилам
2019-01-07 00:00:00,2019-01-06 00:00:00,2019-01-09 00:00:00,96,0,0,0,0,0,0,0,899.0,True,True,96,0,0,0,0,0,0,0,899.0,True,True,96,0,0,0,0,0,0,0,899.0,True,True,True,True,A,,,Расчёт возможен по существующим правилам
2019-01-08 00:00:00,2019-01-07 00:00:00,2019-01-10 00:00:00,96,0,0,0,0,0,0,0,900.0,True,True,96,0,0,0,0,0,0,0,900.0,True,True,96,0,0,0,0,0,0,0,900.0,True,True,True,True,A,,,Расчёт возможен по существующим правилам
2019-01-09 00:00:00,2019-01-08 00:00:00,2019-01-11 00:00:00,96,0,0,1,0,0,0,0,900.0,True,False,96,0,0,1,0,0,0,0,900.0,True,False,96,0,0,1,0,0,0,0,900.0,True,False,True,False,B,D1: неполное окружение ±12 ч (служебные значения); D2: неполное окружение ±12 ч (служебные значения); D3: неполное окружение ±12 ч (служебные значения),,D1: неполное окружение ±12 ч (служебные значения); D2: неполное окружение ±12 ч (служебные значения); D3: неполное окружение ±12 ч (служебные значения)
2019-01-10 00:00:00,2019-01-09 00:00:00,2019-01-12 00:00:00,96,0,0,4,0,0,0,0,900.0,False,False,96,0,0,4,0,0,0,0,900.0,False,False,96,0,0,4,0,0,0,0,900.0,False,False,False,False,B,D1: неполное покрытие суток (служебные значения); D2: неполное покрытие суток (служебные значения); D3: неполное покрытие суток (служебные значения),,D1: неполное покрытие суток (служебные значения); D2: неполное покрытие суток (служебные значения); D3: неполное покрытие суток (служебные значения)
2019-01-11 00:00:00,2019-01-10 00:00:00,2019-01-13 00:00:00,96,0,0,3,0,0,0,0,900.0,False,False,96,0,0,3,0,0,0,0,900.0,False,False,96,0,0,3,0,0,0,0,900.0,False,False,False,False,B,D1: неполное покрытие суток (служебные значения); D2: неполное покрытие суток (служебные значения); D3: неполное покрытие суток (служебные значения),,D1: неполное покрытие суток (служебные значения); D2: неполное покрытие суток (служебные значения); D3: неполное покрытие суток (служебные значения)
2019-01-12 00:00:00,2019-01-11 00:00:00,2019-01-14 00:00:00,96,0,0,0,0,0,0,0,900.0,True,False,96,0,0,0,0,0,0,0,900.0,True,False,96,0,0,0,0,0,0,0,900.0,True,False,True,False,B,D1: неполное окружение ±12 ч; D2: неполное окружение ±12 ч; D3: неполное окружение ±12 ч,,D1: неполное окружение ±12 ч; D2: неполное окружение ±12 ч; D3: неполное окружение ±12 ч
2019-01-13 00:00:00,2019-01-12 00:00:00,2019-01-15 00:00:00,96,0,0,0,0,0,0,0,900.0,True,True,96,0,0,0,0,0,0,0,900.0,True,True,96,0,0,0,0,0,0,0,900.0,True,True,True,True,A,,,Расчёт возможен по существующим правилам
2019-01-14 00:00:00,2019-01-13 00:00:00,2019-01-16 00:00:00,96,0,0,2,0,0,0,0,900.0,False,False,96,0,0,2,0,0,0,0,900.0,False,False,96,0,0,2,0,0,0,0,900.0,False,False,False,False,B,D1: неполное покрытие суток (служебные значения); D2: неполное покрытие суток (служебные значения); D3: неполное покрытие суток (служебные значения),,D1: неполное покрытие суток (служебные значения); D2: неполное покрытие суток (служебные значения); D3: неполное покрытие суток (служебные значения)
2019-01-15 00:00:00,2019-01-14 00:00:00,2019-01-17 00:00:00,96,0,0,2,0,0,0,0,900.0,True,False,96,0,0,2,0,0,0,0,900.0,True,False,96,0,0,2,0,0,0,0,900.0,True,False,True,False,B,D1: неполное окружение ±12 ч (служебные значения); D2: неполное окружение ±12 ч (служебные значения); D3: неполное окружение ±12 ч (служебные значения),,D1: неполное окружение ±12 ч (служебные значения); D2: неполное окружение ±12 ч (служебные значения); D3: неполное окружение ±12 ч (служебные значения)
2019-01-16 00:00:00,2019-01-15 00:00:00,2019-01-18 00:00:00,96,0,0,1,0,0,0,0,900.0,True,False,96,0,0,1,0,0,0,0,900.0,True,False,96,0,0,1,0,0,0,0,900.0,True,False,True,False,B,D1: неполное окружение ±12 ч (служебные значения); D2: неполное окружение ±12 ч (служебные значения); D3: неполное окружение ±12 ч (служебные значения),,D1: неполное окружение ±12 ч (служебные значения); D2: неполное окружение ±12 ч (служебные значения); D3: неполное окружение ±12 ч (служебные значения)
2019-01-17 00:00:00,2019-01-16 00:00:00,2019-01-19 00:00:00,96,0,0,1,0,0,0,0,900.0,False,False,96,0,0,1,0,0,0,0,900.0,False,False,96,0,0,1,0,0,0,0,900.0,False,False,False,False,B,D1: неполное покрытие суток (служебные значения); D2: неполное покрытие суток (служебные значения); D3: неполное покрытие суток (служебные значения),,D1: неполное покрытие суток (служебные значения); D2: неполное покрытие суток (служебные значения); D3: неполное покрытие суток (служебные значения)
2019-01-18 00:00:00,2019-01-17 00:00:00,2019-01-20 00:00:00,96,0,0,0,0,0,0,0,900.0,True,True,96,0,0,0,0,0,0,0,900.0,True,True,96,0,0,0,0,0,0,0,900.0,True,True,True,True,A,,,Расчёт возможен по существующим правилам
2019-01-19 00:00:00,2019-01-18 00:00:00,2019-01-21 00:00:00,96,0,0,0,0,0,0,0,900.0,True,True,96,0,0,0,0,0,0,0,900.0,True,True,96,0,0,0,0,0,0,0,900.0,True,True,True,True,A,,,Расчёт возможен по существующим правилам
2019-01-20 00:00:00,2019-01-19 00:00:00,2019-01-22 00:00:00,96,0,0,0,0,0,0,0,900.0,True,True,96,0,0,0,0,0,0,0,900.0,True,True,96,0,0,0,0,0,0,0,900.0,True,True,True,True,A,,,Расчёт возможен по существующим правилам
2019-01-21 00:00:00,2019-01-20 00:00:00,2019-01-23 00:00:00,96,0,0,5,0,0,0,0,900.0,False,False,96,0,0,5,0,0,0,0,900.0,False,False,96,0,0,5,0,0,0,0,900.0,False,False,False,False,B,D1: неполное покрытие суток (служебные значения); D2: неполное покрытие суток (служебные значения); D3: неполное покрытие суток (служебные значения),,D1: неполное покрытие суток (служебные значения); D2: неполное покрытие суток (служебные значения); D3: неполное покрытие суток (служебные значения)
2019-01-22 00:00:00,2019-01-21 00:00:00,2019-01-24 00:00:00,96,0,0,5,0,0,0,0,900.0,True,False,96,0,0,5,0,0,0,0,900.0,True,False,96,0,0,5,0,0,0,0,900.0,True,False,True,False,B,D1: неполное окружение ±12 ч (служебные значения); D2: неполное окружение ±12 ч (служебные значения); D3: неполное окружение ±12 ч (служебные значения),,D1: неполное окружение ±12 ч (служебные значения); D2: неполное окружение ±12 ч (служебные значения); D3: неполное окружение ±12 ч (служебные значения)
2019-01-23 00:00:00,2019-01-22 00:00:00,2019-01-25 00:00:00,96,0,0,8,0,0,0,0,900.0,False,False,96,0,0,8,0,0,0,0,900.0,False,False,96,0,0,8,0,0,0,0,900.0,False,False,False,False,B,D1: неполное покрытие суток (служебные значения); D2: неполное покрытие суток (служебные значения); D3: неполное покрытие суток (служебные значения),,D1: неполное покрытие суток (служебные значения); D2: неполное покрытие суток (служебные значения); D3: неполное покрытие суток (служебные значения)
2019-01-24 00:00:00,2019-01-23 00:00:00,2019-01-26 00:00:00,96,0,0,11,0,0,0,0,900.0,False,False,96,0,0,11,0,0,0,0,900.0,False,False,96,0,0,11,0,0,0,0,900.0,False,False,False,False,B,D1: неполное покрытие суток (служебные значения); D2: неполное покрытие суток (служебные значения); D3: неполное покрытие суток (служебные значения),,D1: неполное покрытие суток (служебные значения); D2: неполное покрытие суток (служебные значения); D3: неполное покрытие суток (служебные значения)
2019-01-25 00:00:00,2019-01-24 00:00:00,2019-01-27 00:00:00,96,0,0,10,0,0,0,0,900.0,False,False,96,0,0,10,0,0,0,0,900.0,False,False,96,0,0,10,0,0,0,0,900.0,False,False,False,False,B,D1: неполное покрытие суток (служебные значения); D2: неполное покрытие суток (служебные значения); D3: неполное покрытие суток (служебные значения),,D1: неполное покрытие суток (служебные значения); D2: неполное покрытие суток (служебные значения); D3: неполное покрытие суток (служебные значения)
2019-01-26 00:00:00,2019-01-25 00:00:00,2019-01-28 00:00:00,96,0,0,7,0,0,0,0,900.0,True,False,96,0,0,7,0,0,0,0,900.0,True,False,96,0,0,7,0,0,0,0,900.0,True,False,True,False,B,D1: неполное окружение ±12 ч (служебные значения); D2: неполное окружение ±12 ч (служебные значения); D3: неполное окружение ±12 ч (служебные значения),,D1: неполное окружение ±12 ч (служебные значения); D2: неполное окружение ±12 ч (служебные значения); D3: неполное окружение ±12 ч (служебные значения)
2019-01-27 00:00:00,2019-01-26 00:00:00,2019-01-29 00:00:00,96,0,0,0,0,0,0,0,900.0,True,True,96,0,0,0,0,0,0,0,900.0,True,True,96,0,0,0,0,0,0,0,900.0,True,True,True,True,A,,,Расчёт возможен по существующим правилам
2019-01-28 00:00:00,2019-01-27 00:00:00,2019-01-30 00:00:00,96,0,0,0,0,0,0,0,900.0,True,True,96,0,0,0,0,0,0,0,900.0,True,True,96,0,0,0,0,0,0,0,900.0,True,True,True,True,A,,,Расчёт возможен по существующим правилам
2019-01-29 00:00:00,2019-01-28 00:00:00,2019-01-31 00:00:00,96,0,0,1,0,0,0,0,900.0,False,False,96,0,0,1,0,0,0,0,900.0,False,False,96,0,0,1,0,0,0,0,900.0,False,False,False,False,B,D1: неполное покрытие суток (служебные значения); D2: неполное покрытие суток (служебные значения); D3: неполное покрытие суток (служебные значения),,D1: неполное покрытие суток (служебные значения); D2: неполное покрытие суток (служебные значения); D3: неполное покрытие суток (служебные значения)
2019-01-30 00:00:00,2019-01-29 00:00:00,2019-02-01 00:00:00,96,0,0,1,0,0,0,0,900.0,True,False,96,0,0,1,0,0,0,0,900.0,True,False,96,0,0,1,0,0,0,0,900.0,True,False,True,False,B,D1: неполное окружение ±12 ч (служебные значения); D2: неполное окружение ±12 ч (служебные значения); D3: неполное окружение ±12 ч (служебные значения),,D1: неполное окружение ±12 ч (служебные значения); D2: неполное окружение ±12 ч (служебные значения); D3: неполное окружение ±12 ч (служебные значения)
2019-01-31 00:00:00,2019-01-30 00:00:00,2019-02-02 00:00:00,96,0,0,0,0,0,0,0,900.0,True,True,96,0,0,0,0,0,0,0,900.0,True,True,96,0,0,0,0,0,0,0,900.0,True,True,True,True,A,,,Расчёт возможен по существующим правилам
2019-02-01 00:00:00,2019-01-31 00:00:00,2019-02-03 00:00:00,96,0,0,1,0,0,0,0,900.0,False,False,96,0,0,1,0,0,0,0,900.0,False,False,96,0,0,1,0,0,0,0,900.0,False,False,False,False,B,D1: неполное покрытие суток (служебные значения); D2: неполное покрытие суток (служебные значения); D3: неполное покрытие суток (служебные значения),,D1: неполное покрытие суток (служебные значения); D2: неполное покрытие суток (служебные значения); D3: неполное покрытие суток (служебные значения)
2019-02-02 00:00:00,2019-02-01 00:00:00,2019-02-04 00:00:00,96,0,0,1,0,0,0,0,900.0,True,False,96,0,0,1,0,0,0,0,900.0,True,False,96,0,0,1,0,0,0,0,900.0,True,False,True,False,B,D1: неполное окружение ±12 ч (служебные значения); D2: неполное окружение ±12 ч (служебные значения); D3: неполное окружение ±12 ч (служебные значения),,D1: неполное окружение ±12 ч (служебные значения); D2: неполное окружение ±12 ч (служебные значения); D3: неполное окружение ±12 ч (служебные значения)
2019-02-03 00:00:00,2019-02-02 00:00:00,2019-02-05 00:00:00,96,0,0,5,0,0,0,0,900.0,False,False,96,0,0,5,0,0,0,0,900.0,False,False,96,0,0,5,0,0,0,0,900.0,False,False,False,False,B,D1: неполное покрытие суток (служебные значения); D2: неполное покрытие суток (служебные значения); D3: неполное покрытие суток (служебные значения),,D1: неполное покрытие суток (служебные значения); D2: неполное покрытие суток (служебные значения); D3: неполное покрытие суток (служебные значения)
2019-02-04 00:00:00,2019-02-03 00:00:00,2019-02-06 00:00:00,96,0,0,6,0,0,0,0,900.0,True,False,96,0,0,6,0,0,0,0,900.0,True,False,96,0,0,6,0,0,0,0,900.0,True,False,True,False,B,D1: неполное окружение ±12 ч (служебные значения); D2: неполное окружение ±12 ч (служебные значения); D3: неполное окружение ±12 ч (служебные значения),,D1: неполное окружение ±12 ч (служебные значения); D2: неполное окружение ±12 ч (служебные значения); D3: неполное окружение ±12 ч (служебные значения)
2019-02-05 00:00:00,2019-02-04 00:00:00,2019-02-07 00:00:00,96,0,0,6,0,0,0,0,900.0,False,False,96,0,0,6,0,0,0,0,900.0,False,False,96,0,0,6,0,0,0,0,900.0,False,False,False,False,B,D1: неполное покрытие суток (служебные значения); D2: неполное покрытие суток (служебные значения); D3: неполное покрытие суток (служебные значения),,D1: неполное покрытие суток (служебные значения); D2: неполное покрытие суток (служебные значения); D3: неполное покрытие суток (служебные значения)
2019-02-06 00:00:00,2019-02-05 00:00:00,2019-02-08 00:00:00,96,0,0,3,0,0,0,0,900.0,True,False,96,0,0,3,0,0,0,0,900.0,True,False,96,0,0,3,0,0,0,0,900.0,True,False,True,False,B,D1: неполное окружение ±12 ч (служебные значения); D2: неполное окружение ±12 ч (служебные значения); D3: неполное окружение ±12 ч (служебные значения),,D1: неполное окружение ±12 ч (служебные значения); D2: неполное окружение ±12 ч (служебные значения); D3: неполное окружение ±12 ч (служебные значения)
2019-02-07 00:00:00,2019-02-06 00:00:00,2019-02-09 00:00:00,96,0,0,0,0,0,0,0,900.0,True,True,96,0,0,0,0,0,0,0,900.0,True,True,96,0,0,0,0,0,0,0,900.0,True,True,True,True,A,,,Расчёт возможен по существующим правилам
2019-02-08 00:00:00,2019-02-07 00:00:00,2019-02-10 00:00:00,96,0,0,0,0,0,0,0,900.0,True,True,96,0,0,0,0,0,0,0,900.0,True,True,96,0,0,0,0,0,0,0,900.0,True,True,True,True,A,,,Расчёт возможен по существующим правилам
2019-02-09 00:00:00,2019-02-08 00:00:00,2019-02-11 00:00:00,96,0,0,0,0,0,0,0,900.0,True,True,96,0,0,0,0,0,0,0,900.0,True,True,96,0,0,0,0,0,0,0,900.0,True,True,True,True,A,,,Расчёт возможен по существующим правилам
2019-02-10 00:00:00,2019-02-09 00:00:00,2019-02-12 00:00:00,96,0,0,0,0,0,0,0,900.0,True,True,96,0,0,0,0,0,0,0,900.0,True,True,96,0,0,0,0,0,0,0,900.0,True,True,True,True,A,,,Расчёт возможен по существующим правилам
2019-02-11 00:00:00,2019-02-10 00:00:00,2019-02-13 00:00:00,96,0,0,0,0,0,0,0,900.0,True,True,96,0,0,0,0,0,0,0,900.0,True,True,96,0,0,0,0,0,0,0,900.0,True,True,True,True,A,,,Расчёт возможен по существующим правилам
2019-02-12 00:00:00,2019-02-11 00:00:00,2019-02-14 00:00:00,96,0,0,0,0,0,0,0,900.0,True,True,96,0,0,0,0,0,0,0,900.0,True,True,96,0,0,0,0,0,0,0,900.0,True,True,True,True,A,,,Расчёт возможен по существующим правилам
2019-02-13 00:00:00,2019-02-12 00:00:00,2019-02-15 00:00:00,96,0,0,0,0,0,0,0,900.0,True,True,96,0,0,0,0,0,0,0,900.0,True,True,96,0,0,0,0,0,0,0,900.0,True,True,True,True,A,,,Расчёт возможен по существующим правилам
2019-02-14 00:00:00,2019-02-13 00:00:00,2019-02-16 00:00:00,96,0,0,0,0,0,0,0,900.0,True,True,96,0,0,0,0,0,0,0,900.0,True,True,96,0,0,0,0,0,0,0,900.0,True,True,True,True,A,,,Расчёт возможен по существующим правилам
2019-02-15 00:00:00,2019-02-14 00:00:00,2019-02-17 00:00:00,96,0,0,0,0,0,0,0,900.0,True,True,96,0,0,0,0,0,0,0,900.0,True,True,96,0,0,0,0,0,0,0,900.0,True,True,True,True,A,,,Расчёт возможен по существующим правилам
2019-02-16 00:00:00,2019-02-15 00:00:00,2019-02-18 00:00:00,96,0,0,0,0,0,0,0,900.0,True,True,96,0,0,0,0,0,0,0,900.0,True,True,96,0,0,0,0,0,0,0,900.0,True,True,True,True,A,,,Расчёт возможен по существующим правилам
2019-02-17 00:00:00,2019-02-16 00:00:00,2019-02-19 00:00:00,96,0,0,0,0,0,0,0,900.0,True,True,96,0,0,0,0,0,0,0,900.0,True,True,96,0,0,0,0,0,0,0,900.0,True,True,True,True,A,,,Расчёт возможен по существующим правилам
2019-02-18 00:00:00,2019-02-17 00:00:00,2019-02-20 00:00:00,96,0,0,0,0,0,0,0,900.0,True,True,96,0,0,0,0,0,0,0,900.0,True,True,96,0,0,0,0,0,0,0,900.0,True,True,True,True,A,,,Расчёт возможен по существующим правилам
2019-02-19 00:00:00,2019-02-18 00:00:00,2019-02-21 00:00:00,96,0,0,0,0,0,0,0,900.0,True,True,96,0,0,0,0,0,0,0,900.0,True,True,96,0,0,0,0,0,0,0,900.0,True,True,True,True,A,,,Расчёт возможен по существующим правилам
2019-02-20 00:00:00,2019-02-19 00:00:00,2019-02-22 00:00:00,96,0,0,0,0,0,30,30,900.0,True,True,96,0,0,0,0,0,30,30,900.0,True,True,96,0,0,0,0,0,31,31,900.0,True,True,True,True,C,,D1: диагностический постоянный участок в окнах расчёта; D2: диагностический постоянный участок в окнах расчёта; D3: диагностический постоянный участок в окнах расчёта,D1: диагностический постоянный участок в окнах расчёта; D2: диагностический постоянный участок в окнах расчёта; D3: диагностический постоянный участок в окнах расчёта
2019-02-21 00:00:00,2019-02-20 00:00:00,2019-02-23 00:00:00,93,0,0,0,0,0,33,33,900.0,False,False,93,0,0,0,0,0,33,33,900.0,False,False,93,0,0,0,0,0,34,34,900.0,False,False,False,False,B,D1: неполное покрытие суток; D2: неполное покрытие суток; D3: неполное покрытие суток,D1: диагностический постоянный участок в окнах расчёта; D2: диагностический постоянный участок в окнах расчёта; D3: диагностический постоянный участок в окнах расчёта,D1: неполное покрытие суток; D2: неполное покрытие суток; D3: неполное покрытие суток; D1: диагностический постоянный участок в окнах расчёта; D2: диагностический постоянный участок в окнах расчёта; D3: диагностический постоянный участок в окнах расчёта
2019-02-22 00:00:00,2019-02-21 00:00:00,2019-02-24 00:00:00,96,0,0,0,0,0,1,1,900.0,True,False,96,0,0,0,0,0,1,1,900.0,True,False,96,0,0,0,0,0,1,1,900.0,True,False,True,False,B,D1: неполное окружение ±12 ч; D2: неполное окружение ±12 ч; D3: неполное окружение ±12 ч,D1: диагностический постоянный участок в окнах расчёта; D2: диагностический постоянный участок в окнах расчёта; D3: диагностический постоянный участок в окнах расчёта,D1: неполное окружение ±12 ч; D2: неполное окружение ±12 ч; D3: неполное окружение ±12 ч; D1: диагностический постоянный участок в окнах расчёта; D2: диагностический постоянный участок в окнах расчёта; D3: диагностический постоянный участок в окнах расчёта
2019-02-23 00:00:00,2019-02-22 00:00:00,2019-02-25 00:00:00,96,0,0,0,0,0,0,0,900.0,True,True,96,0,0,0,0,0,0,0,900.0,True,True,96,0,0,0,0,0,0,0,900.0,True,True,True,True,A,,,Расчёт возможен по существующим правилам
2019-02-24 00:00:00,2019-02-23 00:00:00,2019-02-26 00:00:00,96,0,0,0,0,0,0,0,900.0,True,True,96,0,0,0,0,0,0,0,900.0,True,True,96,0,0,0,0,0,0,0,900.0,True,True,True,True,A,,,Расчёт возможен по существующим правилам
2019-02-25 00:00:00,2019-02-24 00:00:00,2019-02-27 00:00:00,96,0,0,1,0,0,0,0,900.0,True,False,96,0,0,1,0,0,0,0,900.0,True,False,96,0,0,1,0,0,0,0,900.0,True,False,True,False,B,D1: неполное окружение ±12 ч (служебные значения); D2: неполное окружение ±12 ч (служебные значения); D3: неполное окружение ±12 ч (служебные значения),,D1: неполное окружение ±12 ч (служебные значения); D2: неполное окружение ±12 ч (служебные значения); D3: неполное окружение ±12 ч (служебные значения)
2019-02-26 00:00:00,2019-02-25 00:00:00,2019-02-28 00:00:00,96,0,0,2,0,0,0,0,900.0,False,False,96,0,0,2,0,0,0,0,900.0,False,False,96,0,0,2,0,0,0,0,900.0,False,False,False,False,B,D1: неполное покрытие суток (служебные значения); D2: неполное покрытие суток (служебные значения); D3: неполное покрытие суток (служебные значения),,D1: неполное покрытие суток (служебные значения); D2: неполное покрытие суток (служебные значения); D3: неполное покрытие суток (служебные значения)
2019-02-27 00:00:00,2019-02-26 00:00:00,2019-03-01 00:00:00,96,0,0,1,0,0,0,0,900.0,False,False,96,0,0,1,0,0,0,0,900.0,False,False,96,0,0,1,0,0,0,0,900.0,False,False,False,False,B,D1: неполное покрытие суток (служебные значения); D2: неполное покрытие суток (служебные значения); D3: неполное покрытие суток (служебные значения),,D1: неполное покрытие суток (служебные значения); D2: неполное покрытие суток (служебные значения); D3: неполное покрытие суток (служебные значения)
2019-02-28 00:00:00,2019-02-27 00:00:00,2019-03-02 00:00:00,96,0,0,0,0,0,0,0,900.0,True,True,96,0,0,0,0,0,0,0,900.0,True,True,96,0,0,0,0,0,0,0,900.0,True,True,True,True,A,,,Расчёт возможен по существующим правилам
2019-03-01 00:00:00,2019-02-28 00:00:00,2019-03-03 00:00:00,96,0,0,0,0,0,0,0,900.0,True,True,96,0,0,0,0,0,0,0,900.0,True,True,96,0,0,0,0,0,0,0,900.0,True,True,True,True,A,,,Расчёт возможен по существующим правилам
2019-03-02 00:00:00,2019-03-01 00:00:00,2019-03-04 00:00:00,96,0,0,0,0,0,0,0,900.0,True,True,96,0,0,0,0,0,0,0,900.0,True,True,96,0,0,0,0,0,0,0,900.0,True,True,True,True,A,,,Расчёт возможен по существующим правилам
2019-03-03 00:00:00,2019-03-02 00:00:00,2019-03-05 00:00:00,96,0,0,0,0,0,0,0,900.0,True,True,96,0,0,0,0,0,0,0,900.0,True,True,96,0,0,0,0,0,0,0,900.0,True,True,True,True,A,,,Расчёт возможен по существующим правилам
2019-03-04 00:00:00,2019-03-03 00:00:00,2019-03-06 00:00:00,96,0,0,0,0,0,0,0,900.0,True,True,96,0,0,0,0,0,0,0,900.0,True,True,96,0,0,0,0,0,0,0,900.0,True,True,True,True,A,,,Расчёт возможен по существующим правилам
2019-03-05 00:00:00,2019-03-04 00:00:00,2019-03-07 00:00:00,96,0,0,0,0,0,0,0,900.0,True,True,96,0,0,0,0,0,0,0,900.0,True,True,96,0,0,0,0,0,0,0,900.0,True,True,True,True,A,,,Расчёт возможен по существующим правилам
2019-03-06 00:00:00,2019-03-05 00:00:00,2019-03-08 00:00:00,96,0,0,1,0,0,0,0,900.0,True,False,96,0,0,1,0,0,0,0,900.0,True,False,96,0,0,1,0,0,0,0,900.0,True,False,True,False,B,D1: неполное окружение ±12 ч (служебные значения); D2: неполное окружение ±12 ч (служебные значения); D3: неполное окружение ±12 ч (служебные значения),,D1: неполное окружение ±12 ч (служебные значения); D2: неполное окружение ±12 ч (служебные значения); D3: неполное окружение ±12 ч (служебные значения)
2019-03-07 00:00:00,2019-03-06 00:00:00,2019-03-09 00:00:00,96,0,0,1,0,0,0,0,900.0,False,False,96,0,0,1,0,0,0,0,900.0,False,False,96,0,0,1,0,0,0,0,900.0,False,False,False,False,B,D1: неполное покрытие суток (служебные значения); D2: неполное покрытие суток (служебные значения); D3: неполное покрытие суток (служебные значения),,D1: неполное покрытие суток (служебные значения); D2: неполное покрытие суток (служебные значения); D3: неполное покрытие суток (служебные значения)
2019-03-08 00:00:00,2019-03-07 00:00:00,2019-03-10 00:00:00,96,0,0,0,0,0,0,0,900.0,True,True,96,0,0,0,0,0,0,0,900.0,True,True,96,0,0,0,0,0,0,0,900.0,True,True,True,True,A,,,Расчёт возможен по существующим правилам
2019-03-09 00:00:00,2019-03-08 00:00:00,2019-03-11 00:00:00,96,0,0,0,0,0,0,0,900.0,True,True,96,0,0,0,0,0,0,0,900.0,True,True,96,0,0,0,0,0,0,0,900.0,True,True,True,True,A,,,Расчёт возможен по существующим правилам
2019-03-10 00:00:00,2019-03-09 00:00:00,2019-03-12 00:00:00,96,0,0,0,0,0,0,0,900.0,True,True,96,0,0,0,0,0,0,0,900.0,True,True,96,0,0,0,0,0,0,0,900.0,True,True,True,True,A,,,Расчёт возможен по существующим правилам
2019-03-11 00:00:00,2019-03-10 00:00:00,2019-03-13 00:00:00,96,0,0,0,0,0,11,11,900.0,True,False,96,0,0,0,0,0,11,11,900.0,True,False,96,0,0,0,0,0,11,11,900.0,True,False,True,False,B,D1: неполное окружение ±12 ч; D2: неполное окружение ±12 ч; D3: неполное окружение ±12 ч,D1: диагностический постоянный участок в окнах расчёта; D2: диагностический постоянный участок в окнах расчёта; D3: диагностический постоянный участок в окнах расчёта,D1: неполное окружение ±12 ч; D2: неполное окружение ±12 ч; D3: неполное окружение ±12 ч; D1: диагностический постоянный участок в окнах расчёта; D2: диагностический постоянный участок в окнах расчёта; D3: диагностический постоянный участок в окнах расчёта
2019-03-12 00:00:00,2019-03-11 00:00:00,2019-03-14 00:00:00,93,0,0,0,0,0,11,11,900.0,False,False,93,0,0,0,0,0,11,11,900.0,False,False,93,0,0,0,0,0,11,11,900.0,False,False,False,False,B,D1: неполное покрытие суток; D2: неполное покрытие суток; D3: неполное покрытие суток,D1: диагностический постоянный участок в окнах расчёта; D2: диагностический постоянный участок в окнах расчёта; D3: диагностический постоянный участок в окнах расчёта,D1: неполное покрытие суток; D2: неполное покрытие суток; D3: неполное покрытие суток; D1: диагностический постоянный участок в окнах расчёта; D2: диагностический постоянный участок в окнах расчёта; D3: диагностический постоянный участок в окнах расчёта
2019-03-13 00:00:00,2019-03-12 00:00:00,2019-03-15 00:00:00,96,0,0,0,0,0,0,0,900.0,True,True,96,0,0,0,0,0,0,0,900.0,True,True,96,0,0,0,0,0,0,0,900.0,True,True,True,True,A,,,Расчёт возможен по существующим правилам
2019-03-14 00:00:00,2019-03-13 00:00:00,2019-03-16 00:00:00,96,0,0,0,0,0,0,0,900.0,True,True,96,0,0,0,0,0,0,0,900.0,True,True,96,0,0,0,0,0,0,0,900.0,True,True,True,True,A,,,Расчёт возможен по существующим правилам
2019-03-15 00:00:00,2019-03-14 00:00:00,2019-03-17 00:00:00,96,0,0,0,0,0,0,0,900.0,True,True,96,0,0,0,0,0,0,0,900.0,True,True,96,0,0,0,0,0,0,0,900.0,True,True,True,True,A,,,Расчёт возможен по существующим правилам
2019-03-16 00:00:00,2019-03-15 00:00:00,2019-03-18 00:00:00,96,0,0,0,0,0,0,0,900.0,True,True,96,0,0,0,0,0,0,0,900.0,True,True,96,0,0,0,0,0,0,0,900.0,True,True,True,True,A,,,Расчёт возможен по существующим правилам
2019-03-17 00:00:00,2019-03-16 00:00:00,2019-03-19 00:00:00,96,0,0,0,0,0,0,0,900.0,True,True,96,0,0,0,0,0,0,0,900.0,True,True,96,0,0,0,0,0,0,0,900.0,True,True,True,True,A,,,Расчёт возможен по существующим правилам
2019-03-18 00:00:00,2019-03-17 00:00:00,2019-03-20 00:00:00,96,0,0,0,0,0,0,0,900.0,True,True,96,0,0,0,0,0,0,0,900.0,True,True,96,0,0,0,0,0,0,0,900.0,True,True,True,True,A,,,Расчёт возможен по существующим правилам
2019-03-19 00:00:00,2019-03-18 00:00:00,2019-03-21 00:00:00,96,0,0,0,0,0,0,0,900.0,True,True,96,0,0,0,0,0,0,0,900.0,True,True,96,0,0,0,0,0,0,0,900.0,True,True,True,True,A,,,Расчёт возможен по существующим правилам
2019-03-20 00:00:00,2019-03-19 00:00:00,2019-03-22 00:00:00,96,0,0,0,0,0,0,0,900.0,True,True,96,0,0,0,0,0,0,0,900.0,True,True,96,0,0,0,0,0,0,0,900.0,True,True,True,True,A,,,Расчёт возможен по существующим правилам
2019-03-21 00:00:00,2019-03-20 00:00:00,2019-03-23 00:00:00,96,0,0,0,0,0,0,0,900.0,True,True,96,0,0,0,0,0,0,0,900.0,True,True,96,0,0,0,0,0,0,0,900.0,True,True,True,True,A,,,Расчёт возможен по существующим правилам
2019-03-22 00:00:00,2019-03-21 00:00:00,2019-03-24 00:00:00,96,0,0,0,0,0,0,0,900.0,True,True,96,0,0,0,0,0,0,0,900.0,True,True,96,0,0,0,0,0,0,0,900.0,True,True,True,True,A,,,Расчёт возможен по существующим правилам
2019-03-23 00:00:00,2019-03-22 00:00:00,2019-03-25 00:00:00,96,0,0,0,0,0,0,0,900.0,True,True,96,0,0,0,0,0,0,0,900.0,True,True,96,0,0,0,0,0,0,0,900.0,True,True,True,True,A,,,Расчёт возможен по существующим правилам
2019-03-24 00:00:00,2019-03-23 00:00:00,2019-03-26 00:00:00,96,0,0,0,0,0,0,0,900.0,True,True,96,0,0,0,0,0,0,0,900.0,True,True,96,0,0,0,0,0,0,0,900.0,True,True,True,True,A,,,Расчёт возможен по существующим правилам
2019-03-25 00:00:00,2019-03-24 00:00:00,2019-03-27 00:00:00,96,0,0,0,0,0,0,0,900.0,True,True,96,0,0,0,0,0,0,0,900.0,True,True,96,0,0,0,0,0,0,0,900.0,True,True,True,True,A,,,Расчёт возможен по существующим правилам
2019-03-26 00:00:00,2019-03-25 00:00:00,2019-03-28 00:00:00,96,0,0,0,0,0,0,0,900.0,True,True,96,0,0,0,0,0,0,0,900.0,True,True,96,0,0,0,0,0,0,0,900.0,True,True,True,True,A,,,Расчёт возможен по существующим правилам
2019-03-27 00:00:00,2019-03-26 00:00:00,2019-03-29 00:00:00,96,0,0,0,0,0,0,0,900.0,True,True,96,0,0,0,0,0,0,0,900.0,True,True,96,0,0,0,0,0,0,0,900.0,True,True,True,True,A,,,Расчёт возможен по существующим правилам
2019-03-28 00:00:00,2019-03-27 00:00:00,2019-03-30 00:00:00,96,0,0,0,0,0,0,0,900.0,True,True,96,0,0,0,0,0,0,0,900.0,True,True,96,0,0,0,0,0,0,0,900.0,True,True,True,True,A,,,Расчёт возможен по существующим правилам
2019-03-29 00:00:00,2019-03-28 00:00:00,2019-03-31 00:00:00,96,0,0,0,0,0,0,0,900.0,True,True,96,0,0,0,0,0,0,0,900.0,True,True,96,0,0,0,0,0,0,0,900.0,True,True,True,True,A,,,Расчёт возможен по существующим правилам
2019-03-30 00:00:00,2019-03-29 00:00:00,2019-04-01 00:00:00,96,0,0,0,0,0,0,0,900.0,True,True,96,0,0,0,0,0,0,0,900.0,True,True,96,0,0,0,0,0,0,0,900.0,True,True,True,True,A,,,Расчёт возможен по существующим правилам
2019-03-31 00:00:00,2019-03-30 00:00:00,2019-04-02 00:00:00,96,0,0,0,0,0,0,0,900.0,True,True,96,0,0,0,0,0,0,0,900.0,True,True,96,0,0,0,0,0,0,0,900.0,True,True,True,True,A,,,Расчёт возможен по существующим правилам
2019-04-01 00:00:00,2019-03-31 00:00:00,2019-04-03 00:00:00,96,0,0,0,0,0,0,0,900.0,True,True,96,0,0,0,0,0,0,0,900.0,True,True,96,0,0,0,0,0,0,0,900.0,True,True,True,True,A,,,Расчёт возможен по существующим правилам
2019-04-02 00:00:00,2019-04-01 00:00:00,2019-04-04 00:00:00,96,0,0,0,0,0,0,0,900.0,True,True,96,0,0,0,0,0,0,0,900.0,True,True,96,0,0,0,0,0,0,0,900.0,True,True,True,True,A,,,Расчёт возможен по существующим правилам
2019-04-03 00:00:00,2019-04-02 00:00:00,2019-04-05 00:00:00,96,0,0,0,0,0,0,0,900.0,True,True,96,0,0,0,0,0,0,0,900.0,True,True,96,0,0,0,0,0,0,0,900.0,True,True,True,True,A,,,Расчёт возможен по существующим правилам
2019-04-04 00:00:00,2019-04-03 00:00:00,2019-04-06 00:00:00,96,0,0,0,0,0,0,0,900.0,True,True,96,0,0,0,0,0,0,0,900.0,True,True,96,0,0,0,0,0,0,0,900.0,True,True,True,True,A,,,Расчёт возможен по существующим правилам
2019-04-05 00:00:00,2019-04-04 00:00:00,2019-04-07 00:00:00,96,0,0,0,0,0,0,0,900.0,True,True,96,0,0,0,0,0,0,0,900.0,True,True,96,0,0,0,0,0,0,0,900.0,True,True,True,True,A,,,Расчёт возможен по существующим правилам
2019-04-06 00:00:00,2019-04-05 00:00:00,2019-04-08 00:00:00,96,0,0,0,0,0,0,0,900.0,True,True,96,0,0,0,0,0,0,0,900.0,True,True,96,0,0,0,0,0,0,0,900.0,True,True,True,True,A,,,Расчёт возможен по существующим правилам
2019-04-07 00:00:00,2019-04-06 00:00:00,2019-04-09 00:00:00,96,0,0,0,0,0,0,0,900.0,True,True,96,0,0,0,0,0,0,0,900.0,True,True,96,0,0,0,0,0,0,0,900.0,True,True,True,True,A,,,Расчёт возможен по существующим правилам
2019-04-08 00:00:00,2019-04-07 00:00:00,2019-04-10 00:00:00,96,0,0,0,0,0,0,0,900.0,True,True,96,0,0,0,0,0,0,0,900.0,True,True,96,0,0,0,0,0,0,0,900.0,True,True,True,True,A,,,Расчёт возможен по существующим правилам
2019-04-09 00:00:00,2019-04-08 00:00:00,2019-04-11 00:00:00,96,0,0,0,0,0,0,0,900.0,True,True,96,0,0,0,0,0,0,0,900.0,True,True,96,0,0,0,0,0,0,0,900.0,True,True,True,True,A,,,Расчёт возможен по существующим правилам
2019-04-10 00:00:00,2019-04-09 00:00:00,2019-04-12 00:00:00,96,0,0,0,0,0,0,0,900.0,True,True,96,0,0,0,0,0,0,0,900.0,True,True,96,0,0,0,0,0,0,0,900.0,True,True,True,True,A,,,Расчёт возможен по существующим правилам
2019-04-11 00:00:00,2019-04-10 00:00:00,2019-04-13 00:00:00,96,0,0,0,0,0,0,0,900.0,True,True,96,0,0,0,0,0,0,0,900.0,True,True,96,0,0,0,0,0,0,0,900.0,True,True,True,True,A,,,Расчёт возможен по существующим правилам
2019-04-12 00:00:00,2019-04-11 00:00:00,2019-04-14 00:00:00,96,0,0,0,0,0,0,0,900.0,True,True,96,0,0,0,0,0,0,0,900.0,True,True,96,0,0,0,0,0,0,0,900.0,True,True,True,True,A,,,Расчёт возможен по существующим правилам
2019-04-13 00:00:00,2019-04-12 00:00:00,2019-04-15 00:00:00,96,0,0,0,0,0,0,0,900.0,True,True,96,0,0,0,0,0,0,0,900.0,True,True,96,0,0,0,0,0,0,0,900.0,True,True,True,True,A,,,Расчёт возможен по существующим правилам
2019-04-14 00:00:00,2019-04-13 00:00:00,2019-04-16 00:00:00,96,0,0,0,0,0,0,0,900.0,True,True,96,0,0,0,0,0,0,0,900.0,True,True,96,0,0,0,0,0,0,0,900.0,True,True,True,True,A,,,Расчёт возможен по существующим правилам
2019-04-15 00:00:00,2019-04-14 00:00:00,2019-04-17 00:00:00,96,0,0,0,0,0,0,0,900.0,True,True,96,0,0,0,0,0,0,0,900.0,True,True,96,0,0,0,0,0,0,0,900.0,True,True,True,True,A,,,Расчёт возможен по существующим правилам
2019-04-16 00:00:00,2019-04-15 00:00:00,2019-04-18 00:00:00,96,0,0,0,0,0,0,0,900.0,True,True,96,0,0,0,0,0,0,0,900.0,True,True,96,0,0,0,0,0,0,0,900.0,True,True,True,True,A,,,Расчёт возможен по существующим правилам
2019-04-17 00:00:00,2019-04-16 00:00:00,2019-04-19 00:00:00,96,0,0,0,0,0,0,0,900.0,True,True,96,0,0,0,0,0,0,0,900.0,True,True,96,0,0,0,0,0,0,0,900.0,True,True,True,True,A,,,Расчёт возможен по существующим правилам
2019-04-18 00:00:00,2019-04-17 00:00:00,2019-04-20 00:00:00,96,0,0,0,0,0,0,0,900.0,True,False,96,0,0,0,0,0,0,0,900.0,True,False,96,0,0,0,0,0,0,0,900.0,True,False,True,False,B,D1: неполное окружение ±12 ч; D2: неполное окружение ±12 ч; D3: неполное окружение ±12 ч,,D1: неполное окружение ±12 ч; D2: неполное окружение ±12 ч; D3: неполное окружение ±12 ч
2019-04-19 00:00:00,2019-04-18 00:00:00,2019-04-21 00:00:00,94,0,0,0,0,0,0,0,900.0,False,False,94,0,0,0,0,0,0,0,900.0,False,False,94,0,0,0,0,0,0,0,900.0,False,False,False,False,B,D1: неполное покрытие суток; D2: неполное покрытие суток; D3: неполное покрытие суток,,D1: неполное покрытие суток; D2: неполное покрытие суток; D3: неполное покрытие суток
2019-04-20 00:00:00,2019-04-19 00:00:00,2019-04-22 00:00:00,96,0,0,0,0,0,0,0,900.0,True,True,96,0,0,0,0,0,0,0,900.0,True,True,96,0,0,0,0,0,0,0,900.0,True,True,True,True,A,,,Расчёт возможен по существующим правилам
2019-04-21 00:00:00,2019-04-20 00:00:00,2019-04-23 00:00:00,96,0,0,0,0,0,0,0,900.0,True,True,96,0,0,0,0,0,0,0,900.0,True,True,96,0,0,0,0,0,0,0,900.0,True,True,True,True,A,,,Расчёт возможен по существующим правилам
2019-04-22 00:00:00,2019-04-21 00:00:00,2019-04-24 00:00:00,96,1,0,0,0,0,0,0,900.0,True,True,96,1,0,0,0,0,0,0,900.0,True,True,96,1,0,0,0,0,0,0,900.0,True,True,True,True,C,,D1: повторные метки в трёхсуточном контексте; D2: повторные метки в трёхсуточном контексте; D3: повторные метки в трёхсуточном контексте,D1: повторные метки в трёхсуточном контексте; D2: повторные метки в трёхсуточном контексте; D3: повторные метки в трёхсуточном контексте
2019-04-23 00:00:00,2019-04-22 00:00:00,2019-04-25 00:00:00,128,2,4,0,0,0,0,0,899.0,True,True,128,1,2,0,0,0,0,0,899.0,True,True,128,1,2,0,0,0,0,0,899.0,True,True,True,True,C,,D1: повторные метки в трёхсуточном контексте; D2: повторные метки в трёхсуточном контексте; D3: повторные метки в трёхсуточном контексте,D1: повторные метки в трёхсуточном контексте; D2: повторные метки в трёхсуточном контексте; D3: повторные метки в трёхсуточном контексте
2019-04-24 00:00:00,2019-04-23 00:00:00,2019-04-26 00:00:00,125,2,4,0,0,0,0,0,899.0,True,True,125,1,2,0,0,0,0,0,899.0,True,True,125,1,2,0,0,0,0,0,899.0,True,True,True,True,C,,D1: повторные метки в трёхсуточном контексте; D2: повторные метки в трёхсуточном контексте; D3: повторные метки в трёхсуточном контексте,D1: повторные метки в трёхсуточном контексте; D2: повторные метки в трёхсуточном контексте; D3: повторные метки в трёхсуточном контексте
2019-04-25 00:00:00,2019-04-24 00:00:00,2019-04-27 00:00:00,90,1,0,0,0,0,0,0,900.0,False,False,90,0,0,0,0,0,0,0,900.0,False,False,90,0,0,0,0,0,0,0,900.0,False,False,False,False,B,D1: неполное покрытие суток; D2: неполное покрытие суток; D3: неполное покрытие суток,D1: повторные метки в трёхсуточном контексте,D1: неполное покрытие суток; D2: неполное покрытие суток; D3: неполное покрытие суток; D1: повторные метки в трёхсуточном контексте
2019-04-26 00:00:00,2019-04-25 00:00:00,2019-04-28 00:00:00,95,0,0,0,0,0,0,0,900.0,False,False,95,0,0,0,0,0,0,0,900.0,False,False,95,0,0,0,0,0,0,0,900.0,False,False,False,False,B,D1: неполное покрытие суток; D2: неполное покрытие суток; D3: неполное покрытие суток,,D1: неполное покрытие суток; D2: неполное покрытие суток; D3: неполное покрытие суток
2019-04-27 00:00:00,2019-04-26 00:00:00,2019-04-29 00:00:00,96,0,0,0,0,0,0,0,900.0,True,True,96,0,0,0,0,0,0,0,900.0,True,True,96,0,0,0,0,0,0,0,900.0,True,True,True,True,A,,,Расчёт возможен по существующим правилам
2019-04-28 00:00:00,2019-04-27 00:00:00,2019-04-30 00:00:00,96,0,0,0,0,0,0,0,900.0,True,True,96,0,0,0,0,0,0,0,900.0,True,True,96,0,0,0,0,0,0,0,900.0,True,True,True,True,A,,,Расчёт возможен по существующим правилам
2019-04-29 00:00:00,2019-04-28 00:00:00,2019-05-01 00:00:00,96,0,0,0,0,0,0,0,900.0,True,True,96,0,0,0,0,0,0,0,900.0,True,True,96,0,0,0,0,0,0,0,900.0,True,True,True,True,A,,,Расчёт возможен по существующим правилам
2019-04-30 00:00:00,2019-04-29 00:00:00,2019-05-02 00:00:00,96,0,0,0,0,0,0,0,900.0,True,True,96,0,0,0,0,0,0,0,900.0,True,True,96,0,0,0,0,0,0,0,900.0,True,True,True,True,A,,,Расчёт возможен по существующим правилам
2019-05-01 00:00:00,2019-04-30 00:00:00,2019-05-03 00:00:00,96,0,0,0,0,0,0,0,900.0,True,True,96,0,0,0,0,0,0,0,900.0,True,True,96,0,0,0,0,0,0,0,900.0,True,True,True,True,A,,,Расчёт возможен по существующим правилам
2019-05-02 00:00:00,2019-05-01 00:00:00,2019-05-04 00:00:00,96,0,0,0,0,0,0,0,900.0,True,True,96,0,0,0,0,0,0,0,900.0,True,True,96,0,0,0,0,0,0,0,900.0,True,True,True,True,A,,,Расчёт возможен по существующим правилам
2019-05-03 00:00:00,2019-05-02 00:00:00,2019-05-05 00:00:00,96,0,0,0,0,0,0,0,900.0,True,True,96,0,0,0,0,0,0,0,900.0,True,True,96,0,0,0,0,0,0,0,900.0,True,True,True,True,A,,,Расчёт возможен по существующим правилам
2019-05-04 00:00:00,2019-05-03 00:00:00,2019-05-06 00:00:00,96,0,0,0,0,0,0,0,900.0,True,True,96,0,0,0,0,0,0,0,900.0,True,True,96,0,0,0,0,0,0,0,900.0,True,True,True,True,A,,,Расчёт возможен по существующим правилам
2019-05-05 00:00:00,2019-05-04 00:00:00,2019-05-07 00:00:00,96,0,0,0,0,0,0,0,900.0,True,True,96,0,0,0,0,0,0,0,900.0,True,True,96,0,0,0,0,0,0,0,900.0,True,True,True,True,A,,,Расчёт возможен по существующим правилам
2019-05-06 00:00:00,2019-05-05 00:00:00,2019-05-08 00:00:00,96,0,0,0,0,0,0,0,900.0,True,True,96,0,0,0,0,0,0,0,900.0,True,True,96,0,0,0,0,0,0,0,900.0,True,True,True,True,A,,,Расчёт возможен по существующим правилам
2019-05-07 00:00:00,2019-05-06 00:00:00,2019-05-09 00:00:00,96,0,0,0,0,0,0,0,900.0,True,True,96,0,0,0,0,0,0,0,900.0,True,True,96,0,0,0,0,0,0,0,900.0,True,True,True,True,A,,,Расчёт возможен по существующим правилам
2019-05-08 00:00:00,2019-05-07 00:00:00,2019-05-10 00:00:00,96,0,0,0,0,0,0,0,900.0,True,True,96,0,0,0,0,0,0,0,900.0,True,True,96,0,0,0,0,0,0,0,900.0,True,True,True,True,A,,,Расчёт возможен по существующим правилам
2019-05-09 00:00:00,2019-05-08 00:00:00,2019-05-11 00:00:00,96,0,0,0,0,0,0,0,900.0,True,True,96,0,0,0,0,0,0,0,900.0,True,True,96,0,0,0,0,0,0,0,900.0,True,True,True,True,A,,,Расчёт возможен по существующим правилам
2019-05-10 00:00:00,2019-05-09 00:00:00,2019-05-12 00:00:00,96,0,0,0,0,0,0,0,900.0,True,True,96,0,0,0,0,0,0,0,900.0,True,True,96,0,0,0,0,0,0,0,900.0,True,True,True,True,A,,,Расчёт возможен по существующим правилам
2019-05-11 00:00:00,2019-05-10 00:00:00,2019-05-13 00:00:00,96,0,0,0,0,0,0,0,900.0,True,True,96,0,0,0,0,0,0,0,900.0,True,True,96,0,0,0,0,0,0,0,900.0,True,True,True,True,A,,,Расчёт возможен по существующим правилам
2019-05-12 00:00:00,2019-05-11 00:00:00,2019-05-14 00:00:00,96,0,0,0,0,0,0,0,900.0,True,True,96,0,0,0,0,0,0,0,900.0,True,True,96,0,0,0,0,0,0,0,900.0,True,True,True,True,A,,,Расчёт возможен по существующим правилам
2019-05-13 00:00:00,2019-05-12 00:00:00,2019-05-15 00:00:00,96,0,0,0,0,0,0,0,900.0,True,True,96,0,0,0,0,0,0,0,900.0,True,True,96,0,0,0,0,0,0,0,900.0,True,True,True,True,A,,,Расчёт возможен по существующим правилам
2019-05-14 00:00:00,2019-05-13 00:00:00,2019-05-16 00:00:00,96,0,0,0,0,0,0,0,900.0,True,True,96,0,0,0,0,0,0,0,900.0,True,True,96,0,0,0,0,0,0,0,900.0,True,True,True,True,A,,,Расчёт возможен по существующим правилам
2019-05-15 00:00:00,2019-05-14 00:00:00,2019-05-17 00:00:00,96,0,0,0,0,0,0,0,900.0,True,True,96,0,0,0,0,0,0,0,900.0,True,True,96,0,0,0,0,0,0,0,900.0,True,True,True,True,A,,,Расчёт возможен по существующим правилам
2019-05-16 00:00:00,2019-05-15 00:00:00,2019-05-18 00:00:00,96,0,0,0,0,0,0,0,900.0,True,True,96,0,0,0,0,0,0,0,900.0,True,True,96,0,0,0,0,0,0,0,900.0,True,True,True,True,A,,,Расчёт возможен по существующим правилам
2019-05-17 00:00:00,2019-05-16 00:00:00,2019-05-19 00:00:00,96,0,0,0,0,0,0,0,900.0,True,True,96,0,0,0,0,0,0,0,900.0,True,True,96,0,0,0,0,0,0,0,900.0,True,True,True,True,A,,,Расчёт возможен по существующим правилам
2019-05-18 00:00:00,2019-05-17 00:00:00,2019-05-20 00:00:00,96,0,0,0,0,0,0,0,900.0,True,True,96,0,0,0,0,0,0,0,900.0,True,True,96,0,0,0,0,0,0,0,900.0,True,True,True,True,A,,,Расчёт возможен по существующим правилам
2019-05-19 00:00:00,2019-05-18 00:00:00,2019-05-21 00:00:00,96,0,0,0,0,0,0,0,900.0,True,True,96,0,0,0,0,0,0,0,900.0,True,True,96,0,0,0,0,0,0,0,900.0,True,True,True,True,A,,,Расчёт возможен по существующим правилам
2019-05-20 00:00:00,2019-05-19 00:00:00,2019-05-22 00:00:00,96,0,0,0,0,0,0,0,900.0,True,True,96,0,0,0,0,0,0,0,900.0,True,True,96,0,0,0,0,0,0,0,900.0,True,True,True,True,A,,,Расчёт возможен по существующим правилам
2019-05-21 00:00:00,2019-05-20 00:00:00,2019-05-23 00:00:00,96,0,0,0,0,0,0,0,900.0,True,True,96,0,0,0,0,0,0,0,900.0,True,True,96,0,0,0,0,0,0,0,900.0,True,True,True,True,A,,,Расчёт возможен по существующим правилам
2019-05-22 00:00:00,2019-05-21 00:00:00,2019-05-24 00:00:00,96,0,0,0,0,0,0,0,900.0,True,True,96,0,0,0,0,0,0,0,900.0,True,True,96,0,0,0,0,0,0,0,900.0,True,True,True,True,A,,,Расчёт возможен по существующим правилам
2019-05-23 00:00:00,2019-05-22 00:00:00,2019-05-25 00:00:00,96,0,0,0,0,0,0,0,900.0,True,True,96,0,0,0,0,0,0,0,900.0,True,True,96,0,0,0,0,0,0,0,900.0,True,True,True,True,A,,,Расчёт возможен по существующим правилам
2019-05-24 00:00:00,2019-05-23 00:00:00,2019-05-26 00:00:00,96,0,0,0,0,0,0,0,900.0,True,True,96,0,0,0,0,0,0,0,900.0,True,True,96,0,0,0,0,0,0,0,900.0,True,True,True,True,A,,,Расчёт возможен по существующим правилам
2019-05-25 00:00:00,2019-05-24 00:00:00,2019-05-27 00:00:00,96,0,0,0,0,0,0,0,900.0,True,True,96,0,0,0,0,0,0,0,900.0,True,True,96,0,0,0,0,0,0,0,900.0,True,True,True,True,A,,,Расчёт возможен по существующим правилам
2019-05-26 00:00:00,2019-05-25 00:00:00,2019-05-28 00:00:00,96,0,0,0,0,0,0,0,900.0,True,True,96,0,0,0,0,0,0,0,900.0,True,True,96,0,0,0,0,0,0,0,900.0,True,True,True,True,A,,,Расчёт возможен по существующим правилам
2019-05-27 00:00:00,2019-05-26 00:00:00,2019-05-29 00:00:00,96,0,0,0,0,0,0,0,900.0,True,True,96,0,0,0,0,0,0,0,900.0,True,True,96,0,0,0,0,0,0,0,900.0,True,True,True,True,A,,,Расчёт возможен по существующим правилам
2019-05-28 00:00:00,2019-05-27 00:00:00,2019-05-30 00:00:00,96,0,0,0,0,0,0,0,900.0,True,True,96,0,0,0,0,0,0,0,900.0,True,True,96,0,0,0,0,0,0,0,900.0,True,True,True,True,A,,,Расчёт возможен по существующим правилам
2019-05-29 00:00:00,2019-05-28 00:00:00,2019-05-31 00:00:00,96,0,0,0,0,0,0,0,900.0,True,True,96,0,0,0,0,0,0,0,900.0,True,True,96,0,0,0,0,0,0,0,900.0,True,True,True,True,A,,,Расчёт возможен по существующим правилам
2019-05-30 00:00:00,2019-05-29 00:00:00,2019-06-01 00:00:00,96,0,0,0,0,0,0,0,900.0,True,True,96,0,0,0,0,0,0,0,900.0,True,True,96,0,0,0,0,0,0,0,900.0,True,True,True,True,A,,,Расчёт возможен по существующим правилам
2019-05-31 00:00:00,2019-05-30 00:00:00,2019-06-02 00:00:00,96,0,0,0,0,0,0,0,899.0,True,True,96,0,0,0,0,0,0,0,899.0,True,True,96,0,0,0,0,0,0,0,899.0,True,True,True,True,A,,,Расчёт возможен по существующим правилам
2019-06-01 00:00:00,2019-05-31 00:00:00,2019-06-03 00:00:00,96,0,0,0,0,0,0,0,899.0,True,True,96,0,0,0,0,0,0,0,899.0,True,True,96,0,0,0,0,0,0,0,899.0,True,True,True,True,A,,,Расчёт возможен по существующим правилам
2019-06-02 00:00:00,2019-06-01 00:00:00,2019-06-04 00:00:00,96,0,0,0,0,0,0,0,900.0,True,True,96,0,0,0,0,0,0,0,900.0,True,True,96,0,0,0,0,0,0,0,900.0,True,True,True,True,A,,,Расчёт возможен по существующим правилам
2019-06-03 00:00:00,2019-06-02 00:00:00,2019-06-05 00:00:00,96,0,0,0,0,0,0,0,900.0,True,True,96,0,0,0,0,0,0,0,900.0,True,True,96,0,0,0,0,0,0,0,900.0,True,True,True,True,A,,,Расчёт возможен по существующим правилам
2019-06-04 00:00:00,2019-06-03 00:00:00,2019-06-06 00:00:00,96,0,0,0,0,0,0,0,900.0,True,True,96,0,0,0,0,0,0,0,900.0,True,True,96,0,0,0,0,0,0,0,900.0,True,True,True,True,A,,,Расчёт возможен по существующим правилам
2019-06-05 00:00:00,2019-06-04 00:00:00,2019-06-07 00:00:00,96,0,0,0,0,0,0,0,900.0,True,True,96,0,0,0,0,0,0,0,900.0,True,True,96,0,0,0,0,0,0,0,900.0,True,True,True,True,A,,,Расчёт возможен по существующим правилам
2019-06-06 00:00:00,2019-06-05 00:00:00,2019-06-08 00:00:00,96,0,0,0,0,0,0,0,900.0,True,True,96,0,0,0,0,0,0,0,900.0,True,True,96,0,0,0,0,0,0,0,900.0,True,True,True,True,A,,,Расчёт возможен по существующим правилам
2019-06-07 00:00:00,2019-06-06 00:00:00,2019-06-09 00:00:00,96,0,0,0,0,0,0,0,900.0,True,True,96,0,0,0,0,0,0,0,900.0,True,True,96,0,0,0,0,0,0,0,900.0,True,True,True,True,A,,,Расчёт возможен по существующим правилам
2019-06-08 00:00:00,2019-06-07 00:00:00,2019-06-10 00:00:00,96,0,0,1,0,0,0,0,900.0,False,False,96,0,0,1,0,0,0,0,900.0,False,False,96,0,0,1,0,0,0,0,900.0,False,False,False,False,B,D1: неполное покрытие суток (служебные значения); D2: неполное покрытие суток (служебные значения); D3: неполное покрытие суток (служебные значения),,D1: неполное покрытие суток (служебные значения); D2: неполное покрытие суток (служебные значения); D3: неполное покрытие суток (служебные значения)
2019-06-09 00:00:00,2019-06-08 00:00:00,2019-06-11 00:00:00,96,0,0,1,0,0,0,0,900.0,True,False,96,0,0,1,0,0,0,0,900.0,True,False,96,0,0,1,0,0,0,0,900.0,True,False,True,False,B,D1: неполное окружение ±12 ч (служебные значения); D2: неполное окружение ±12 ч (служебные значения); D3: неполное окружение ±12 ч (служебные значения),,D1: неполное окружение ±12 ч (служебные значения); D2: неполное окружение ±12 ч (служебные значения); D3: неполное окружение ±12 ч (служебные значения)
2019-06-10 00:00:00,2019-06-09 00:00:00,2019-06-12 00:00:00,96,0,0,0,0,0,0,0,900.0,True,True,96,0,0,0,0,0,0,0,900.0,True,True,96,0,0,0,0,0,0,0,900.0,True,True,True,True,A,,,Расчёт возможен по существующим правилам
2019-06-11 00:00:00,2019-06-10 00:00:00,2019-06-13 00:00:00,96,0,0,0,0,0,0,0,900.0,True,True,96,0,0,0,0,0,0,0,900.0,True,True,96,0,0,0,0,0,0,0,900.0,True,True,True,True,A,,,Расчёт возможен по существующим правилам
2019-06-12 00:00:00,2019-06-11 00:00:00,2019-06-14 00:00:00,96,0,0,0,0,0,0,0,900.0,True,True,96,0,0,0,0,0,0,0,900.0,True,True,96,0,0,0,0,0,0,0,900.0,True,True,True,True,A,,,Расчёт возможен по существующим правилам
2019-06-13 00:00:00,2019-06-12 00:00:00,2019-06-15 00:00:00,96,0,0,0,0,0,0,0,900.0,True,True,96,0,0,0,0,0,0,0,900.0,True,True,96,0,0,0,0,0,0,0,900.0,True,True,True,True,A,,,Расчёт возможен по существующим правилам
2019-06-14 00:00:00,2019-06-13 00:00:00,2019-06-16 00:00:00,96,0,0,0,0,0,0,0,900.0,True,True,96,0,0,0,0,0,0,0,900.0,True,True,96,0,0,0,0,0,0,0,900.0,True,True,True,True,A,,,Расчёт возможен по существующим правилам
2019-06-15 00:00:00,2019-06-14 00:00:00,2019-06-17 00:00:00,96,0,0,0,0,0,0,0,900.0,True,True,96,0,0,0,0,0,0,0,900.0,True,True,96,0,0,0,0,0,0,0,900.0,True,True,True,True,A,,,Расчёт возможен по существующим правилам
2019-06-16 00:00:00,2019-06-15 00:00:00,2019-06-18 00:00:00,96,0,0,0,0,0,0,0,900.0,True,True,96,0,0,0,0,0,0,0,900.0,True,True,96,0,0,0,0,0,0,0,900.0,True,True,True,True,A,,,Расчёт возможен по существующим правилам
2019-06-17 00:00:00,2019-06-16 00:00:00,2019-06-19 00:00:00,96,0,0,0,0,0,69,69,900.0,True,True,96,0,0,0,0,0,69,69,900.0,True,True,96,0,0,0,0,0,69,69,900.0,True,True,True,True,C,,D1: диагностический постоянный участок в окнах расчёта; D2: диагностический постоянный участок в окнах расчёта; D3: диагностический постоянный участок в окнах расчёта,D1: диагностический постоянный участок в окнах расчёта; D2: диагностический постоянный участок в окнах расчёта; D3: диагностический постоянный участок в окнах расчёта
2019-06-18 00:00:00,2019-06-17 00:00:00,2019-06-20 00:00:00,96,0,0,0,0,0,69,69,900.0,True,True,96,0,0,0,0,0,69,69,900.0,True,True,96,0,0,0,0,0,69,69,900.0,True,True,True,True,C,,D1: диагностический постоянный участок в окнах расчёта; D2: диагностический постоянный участок в окнах расчёта; D3: диагностический постоянный участок в окнах расчёта,D1: диагностический постоянный участок в окнах расчёта; D2: диагностический постоянный участок в окнах расчёта; D3: диагностический постоянный участок в окнах расчёта
2019-06-19 00:00:00,2019-06-18 00:00:00,2019-06-21 00:00:00,96,0,0,0,0,0,0,0,900.0,True,True,96,0,0,0,0,0,0,0,900.0,True,True,96,0,0,0,0,0,0,0,900.0,True,True,True,True,A,,,Расчёт возможен по существующим правилам
2019-06-20 00:00:00,2019-06-19 00:00:00,2019-06-22 00:00:00,96,0,0,0,0,0,0,0,900.0,True,True,96,0,0,0,0,0,0,0,900.0,True,True,96,0,0,0,0,0,0,0,900.0,True,True,True,True,A,,,Расчёт возможен по существующим правилам
2019-06-21 00:00:00,2019-06-20 00:00:00,2019-06-23 00:00:00,96,0,0,0,0,0,0,0,900.0,True,True,96,0,0,0,0,0,0,0,900.0,True,True,96,0,0,0,0,0,0,0,900.0,True,True,True,True,A,,,Расчёт возможен по существующим правилам
2019-06-22 00:00:00,2019-06-21 00:00:00,2019-06-24 00:00:00,96,0,0,0,0,0,0,0,900.0,True,True,96,0,0,0,0,0,0,0,900.0,True,True,96,0,0,0,0,0,0,0,900.0,True,True,True,True,A,,,Расчёт возможен по существующим правилам
2019-06-23 00:00:00,2019-06-22 00:00:00,2019-06-25 00:00:00,96,0,0,0,0,0,0,0,900.0,True,True,96,0,0,0,0,0,0,0,900.0,True,True,96,0,0,0,0,0,0,0,900.0,True,True,True,True,A,,,Расчёт возможен по существующим правилам
2019-06-24 00:00:00,2019-06-23 00:00:00,2019-06-26 00:00:00,96,0,0,0,0,0,0,0,900.0,True,True,96,0,0,0,0,0,0,0,900.0,True,True,96,0,0,0,0,0,0,0,900.0,True,True,True,True,A,,,Расчёт возможен по существующим правилам
2019-06-25 00:00:00,2019-06-24 00:00:00,2019-06-27 00:00:00,96,0,0,0,0,0,0,0,900.0,True,True,96,0,0,0,0,0,0,0,900.0,True,True,96,0,0,0,0,0,0,0,900.0,True,True,True,True,A,,,Расчёт возможен по существующим правилам
2019-06-26 00:00:00,2019-06-25 00:00:00,2019-06-28 00:00:00,96,0,0,0,0,0,0,0,900.0,True,True,96,0,0,0,0,0,0,0,900.0,True,True,96,0,0,0,0,0,0,0,900.0,True,True,True,True,A,,,Расчёт возможен по существующим правилам
2019-06-27 00:00:00,2019-06-26 00:00:00,2019-06-29 00:00:00,96,0,0,0,0,0,0,0,900.0,True,True,96,0,0,0,0,0,0,0,900.0,True,True,96,0,0,0,0,0,0,0,900.0,True,True,True,True,A,,,Расчёт возможен по существующим правилам
2019-06-28 00:00:00,2019-06-27 00:00:00,2019-06-30 00:00:00,96,0,0,0,0,0,85,85,900.0,True,True,96,0,0,0,0,0,85,85,900.0,True,True,96,0,0,0,0,0,85,85,900.0,True,True,True,True,C,,D1: диагностический постоянный участок в окнах расчёта; D2: диагностический постоянный участок в окнах расчёта; D3: диагностический постоянный участок в окнах расчёта,D1: диагностический постоянный участок в окнах расчёта; D2: диагностический постоянный участок в окнах расчёта; D3: диагностический постоянный участок в окнах расчёта
2019-06-29 00:00:00,2019-06-28 00:00:00,2019-07-01 00:00:00,96,0,0,0,0,0,182,182,900.0,True,True,96,0,0,0,0,0,182,182,900.0,True,True,96,0,0,0,0,0,182,182,900.0,True,True,True,True,C,,D1: диагностический постоянный участок в окнах расчёта; D2: диагностический постоянный участок в окнах расчёта; D3: диагностический постоянный участок в окнах расчёта,D1: диагностический постоянный участок в окнах расчёта; D2: диагностический постоянный участок в окнах расчёта; D3: диагностический постоянный участок в окнах расчёта
2019-06-30 00:00:00,2019-06-29 00:00:00,2019-07-02 00:00:00,96,0,0,0,0,0,190,190,900.0,True,True,96,0,0,0,0,0,190,190,900.0,True,True,96,0,0,0,0,0,190,190,900.0,True,True,True,True,C,,D1: диагностический постоянный участок в окнах расчёта; D2: диагностический постоянный участок в окнах расчёта; D3: диагностический постоянный участок в окнах расчёта,D1: диагностический постоянный участок в окнах расчёта; D2: диагностический постоянный участок в окнах расчёта; D3: диагностический постоянный участок в окнах расчёта
2019-07-01 00:00:00,2019-06-30 00:00:00,2019-07-03 00:00:00,96,0,0,0,0,0,186,186,900.0,True,True,96,0,0,0,0,0,186,186,900.0,True,True,96,0,0,0,0,0,186,186,900.0,True,True,True,True,C,,D1: диагностический постоянный участок в окнах расчёта; D2: диагностический постоянный участок в окнах расчёта; D3: диагностический постоянный участок в окнах расчёта,D1: диагностический постоянный участок в окнах расчёта; D2: диагностический постоянный участок в окнах расчёта; D3: диагностический постоянный участок в окнах расчёта
2019-07-02 00:00:00,2019-07-01 00:00:00,2019-07-04 00:00:00,96,0,0,0,0,0,90,90,900.0,True,True,96,0,0,0,0,0,90,90,900.0,True,True,96,0,0,0,0,0,90,90,900.0,True,True,True,True,C,,D1: диагностический постоянный участок в окнах расчёта; D2: диагностический постоянный участок в окнах расчёта; D3: диагностический постоянный участок в окнах расчёта,D1: диагностический постоянный участок в окнах расчёта; D2: диагностический постоянный участок в окнах расчёта; D3: диагностический постоянный участок в окнах расчёта
2019-07-03 00:00:00,2019-07-02 00:00:00,2019-07-05 00:00:00,96,0,0,0,0,0,0,0,900.0,True,True,96,0,0,0,0,0,0,0,900.0,True,True,96,0,0,0,0,0,0,0,900.0,True,True,True,True,A,,,Расчёт возможен по существующим правилам
2019-07-04 00:00:00,2019-07-03 00:00:00,2019-07-06 00:00:00,96,0,0,0,0,0,0,0,900.0,True,True,96,0,0,0,0,0,0,0,900.0,True,True,96,0,0,0,0,0,0,0,900.0,True,True,True,True,A,,,Расчёт возможен по существующим правилам
2019-07-05 00:00:00,2019-07-04 00:00:00,2019-07-07 00:00:00,96,0,0,0,0,0,0,0,900.0,True,True,96,0,0,0,0,0,0,0,900.0,True,True,96,0,0,0,0,0,0,0,900.0,True,True,True,True,A,,,Расчёт возможен по существующим правилам
2019-07-06 00:00:00,2019-07-05 00:00:00,2019-07-08 00:00:00,96,0,0,0,0,0,0,0,900.0,True,True,96,0,0,0,0,0,0,0,900.0,True,True,96,0,0,0,0,0,0,0,900.0,True,True,True,True,A,,,Расчёт возможен по существующим правилам
2019-07-07 00:00:00,2019-07-06 00:00:00,2019-07-09 00:00:00,96,0,0,0,0,0,0,0,900.0,True,True,96,0,0,0,0,0,0,0,900.0,True,True,96,0,0,0,0,0,0,0,900.0,True,True,True,True,A,,,Расчёт возможен по существующим правилам
2019-07-08 00:00:00,2019-07-07 00:00:00,2019-07-10 00:00:00,96,0,0,0,0,0,0,0,900.0,True,True,96,0,0,0,0,0,0,0,900.0,True,True,96,0,0,0,0,0,0,0,900.0,True,True,True,True,A,,,Расчёт возможен по существующим правилам
2019-07-09 00:00:00,2019-07-08 00:00:00,2019-07-11 00:00:00,96,0,0,0,0,0,0,0,900.0,True,True,96,0,0,0,0,0,0,0,900.0,True,True,96,0,0,0,0,0,0,0,900.0,True,True,True,True,A,,,Расчёт возможен по существующим правилам
2019-07-10 00:00:00,2019-07-09 00:00:00,2019-07-12 00:00:00,96,0,0,0,0,0,0,0,900.0,True,True,96,0,0,0,0,0,0,0,900.0,True,True,96,0,0,0,0,0,0,0,900.0,True,True,True,True,A,,,Расчёт возможен по существующим правилам
2019-07-11 00:00:00,2019-07-10 00:00:00,2019-07-13 00:00:00,96,0,0,0,0,0,0,0,900.0,True,True,96,0,0,0,0,0,0,0,900.0,True,True,96,0,0,0,0,0,0,0,900.0,True,True,True,True,A,,,Расчёт возможен по существующим правилам
2019-07-12 00:00:00,2019-07-11 00:00:00,2019-07-14 00:00:00,96,0,0,0,0,0,0,0,900.0,True,True,96,0,0,0,0,0,0,0,900.0,True,True,96,0,0,0,0,0,0,0,900.0,True,True,True,True,A,,,Расчёт возможен по существующим правилам
2019-07-13 00:00:00,2019-07-12 00:00:00,2019-07-15 00:00:00,96,0,0,0,0,0,0,0,900.0,True,True,96,0,0,0,0,0,0,0,900.0,True,True,96,0,0,0,0,0,0,0,900.0,True,True,True,True,A,,,Расчёт возможен по существующим правилам
2019-07-14 00:00:00,2019-07-13 00:00:00,2019-07-16 00:00:00,96,0,0,0,0,0,0,0,900.0,True,True,96,0,0,0,0,0,0,0,900.0,True,True,96,0,0,0,0,0,0,0,900.0,True,True,True,True,A,,,Расчёт возможен по существующим правилам
2019-07-15 00:00:00,2019-07-14 00:00:00,2019-07-17 00:00:00,96,0,0,0,0,0,0,0,900.0,True,True,96,0,0,0,0,0,0,0,900.0,True,True,96,0,0,0,0,0,0,0,900.0,True,True,True,True,A,,,Расчёт возможен по существующим правилам
2019-07-16 00:00:00,2019-07-15 00:00:00,2019-07-18 00:00:00,96,0,0,0,0,0,0,0,900.0,True,True,96,0,0,0,0,0,0,0,900.0,True,True,96,0,0,0,0,0,0,0,900.0,True,True,True,True,A,,,Расчёт возможен по существующим правилам
2019-07-17 00:00:00,2019-07-16 00:00:00,2019-07-19 00:00:00,96,0,0,0,0,0,0,0,900.0,True,True,96,0,0,0,0,0,0,0,900.0,True,True,96,0,0,0,0,0,0,0,900.0,True,True,True,True,A,,,Расчёт возможен по существующим правилам
2019-07-18 00:00:00,2019-07-17 00:00:00,2019-07-20 00:00:00,96,0,0,0,0,0,0,0,900.0,True,True,96,0,0,0,0,0,0,0,900.0,True,True,96,0,0,0,0,0,0,0,900.0,True,True,True,True,A,,,Расчёт возможен по существующим правилам
2019-07-19 00:00:00,2019-07-18 00:00:00,2019-07-21 00:00:00,96,0,0,0,0,0,0,0,900.0,True,True,96,0,0,0,0,0,0,0,900.0,True,True,96,0,0,0,0,0,0,0,900.0,True,True,True,True,A,,,Расчёт возможен по существующим правилам
2019-07-20 00:00:00,2019-07-19 00:00:00,2019-07-22 00:00:00,96,0,0,0,0,0,0,0,900.0,True,True,96,0,0,0,0,0,0,0,900.0,True,True,96,0,0,0,0,0,0,0,900.0,True,True,True,True,A,,,Расчёт возможен по существующим правилам
2019-07-21 00:00:00,2019-07-20 00:00:00,2019-07-23 00:00:00,96,0,0,0,0,0,0,0,900.0,True,True,96,0,0,0,0,0,0,0,900.0,True,True,96,0,0,0,0,0,0,0,900.0,True,True,True,True,A,,,Расчёт возможен по существующим правилам
2019-07-22 00:00:00,2019-07-21 00:00:00,2019-07-24 00:00:00,96,0,0,0,0,0,0,0,900.0,True,True,96,0,0,0,0,0,0,0,900.0,True,True,96,0,0,0,0,0,0,0,900.0,True,True,True,True,A,,,Расчёт возможен по существующим правилам
2019-07-23 00:00:00,2019-07-22 00:00:00,2019-07-25 00:00:00,96,0,0,0,0,0,0,0,900.0,True,True,96,0,0,0,0,0,0,0,900.0,True,True,96,0,0,0,0,0,0,0,900.0,True,True,True,True,A,,,Расчёт возможен по существующим правилам
2019-07-24 00:00:00,2019-07-23 00:00:00,2019-07-26 00:00:00,96,0,0,0,0,0,0,0,900.0,True,True,96,0,0,0,0,0,0,0,900.0,True,True,96,0,0,0,0,0,0,0,900.0,True,True,True,True,A,,,Расчёт возможен по существующим правилам
2019-07-25 00:00:00,2019-07-24 00:00:00,2019-07-27 00:00:00,96,0,0,1,0,0,0,0,900.0,True,False,96,0,0,1,0,0,0,0,900.0,True,False,96,0,0,1,0,0,0,0,900.0,True,False,True,False,B,D1: неполное окружение ±12 ч (служебные значения); D2: неполное окружение ±12 ч (служебные значения); D3: неполное окружение ±12 ч (служебные значения),,D1: неполное окружение ±12 ч (служебные значения); D2: неполное окружение ±12 ч (служебные значения); D3: неполное окружение ±12 ч (служебные значения)
2019-07-26 00:00:00,2019-07-25 00:00:00,2019-07-28 00:00:00,96,0,0,1,0,0,0,0,900.0,False,False,96,0,0,1,0,0,0,0,900.0,False,False,96,0,0,1,0,0,0,0,900.0,False,False,False,False,B,D1: неполное покрытие суток (служебные значения); D2: неполное покрытие суток (служебные значения); D3: неполное покрытие суток (служебные значения),,D1: неполное покрытие суток (служебные значения); D2: неполное покрытие суток (служебные значения); D3: неполное покрытие суток (служебные значения)
2019-07-27 00:00:00,2019-07-26 00:00:00,2019-07-29 00:00:00,93,0,0,1,0,0,0,0,900.0,False,False,93,0,0,1,0,0,0,0,900.0,False,False,93,0,0,1,0,0,0,0,900.0,False,False,False,False,B,D1: неполное покрытие суток (служебные значения); D2: неполное покрытие суток (служебные значения); D3: неполное покрытие суток (служебные значения),,D1: неполное покрытие суток (служебные значения); D2: неполное покрытие суток (служебные значения); D3: неполное покрытие суток (служебные значения)
2019-07-28 00:00:00,2019-07-27 00:00:00,2019-07-30 00:00:00,96,0,0,1,0,0,0,0,900.0,True,False,96,0,0,1,0,0,0,0,900.0,True,False,96,0,0,1,0,0,0,0,900.0,True,False,True,False,B,D1: неполное окружение ±12 ч (служебные значения); D2: неполное окружение ±12 ч (служебные значения); D3: неполное окружение ±12 ч (служебные значения),,D1: неполное окружение ±12 ч (служебные значения); D2: неполное окружение ±12 ч (служебные значения); D3: неполное окружение ±12 ч (служебные значения)
2019-07-29 00:00:00,2019-07-28 00:00:00,2019-07-31 00:00:00,96,0,0,0,0,0,0,0,900.0,True,True,96,0,0,0,0,0,0,0,900.0,True,True,96,0,0,0,0,0,0,0,900.0,True,True,True,True,A,,,Расчёт возможен по существующим правилам
2019-07-30 00:00:00,2019-07-29 00:00:00,2019-08-01 00:00:00,96,0,0,0,0,0,3,3,900.0,True,True,96,0,0,0,0,0,3,3,900.0,True,True,96,0,0,0,0,0,3,3,900.0,True,True,True,True,C,,D1: диагностический постоянный участок в окнах расчёта; D2: диагностический постоянный участок в окнах расчёта; D3: диагностический постоянный участок в окнах расчёта,D1: диагностический постоянный участок в окнах расчёта; D2: диагностический постоянный участок в окнах расчёта; D3: диагностический постоянный участок в окнах расчёта
2019-07-31 00:00:00,2019-07-30 00:00:00,2019-08-02 00:00:00,96,0,0,0,0,0,87,87,900.0,True,True,96,0,0,0,0,0,87,87,900.0,True,True,96,0,0,0,0,0,87,87,900.0,True,True,True,True,C,,D1: диагностический постоянный участок в окнах расчёта; D2: диагностический постоянный участок в окнах расчёта; D3: диагностический постоянный участок в окнах расчёта,D1: диагностический постоянный участок в окнах расчёта; D2: диагностический постоянный участок в окнах расчёта; D3: диагностический постоянный участок в окнах расчёта
2019-08-01 00:00:00,2019-07-31 00:00:00,2019-08-03 00:00:00,96,0,0,0,0,0,82,82,900.0,True,True,96,0,0,0,0,0,82,82,900.0,True,True,96,0,0,0,0,0,82,82,900.0,True,True,True,True,C,,D1: диагностический постоянный участок в окнах расчёта; D2: диагностический постоянный участок в окнах расчёта; D3: диагностический постоянный участок в окнах расчёта,D1: диагностический постоянный участок в окнах расчёта; D2: диагностический постоянный участок в окнах расчёта; D3: диагностический постоянный участок в окнах расчёта
2019-08-02 00:00:00,2019-08-01 00:00:00,2019-08-04 00:00:00,96,0,0,0,0,0,0,0,900.0,True,True,96,0,0,0,0,0,0,0,900.0,True,True,96,0,0,0,0,0,0,0,900.0,True,True,True,True,A,,,Расчёт возможен по существующим правилам
2019-08-03 00:00:00,2019-08-02 00:00:00,2019-08-05 00:00:00,96,0,0,0,0,0,0,0,900.0,True,True,96,0,0,0,0,0,0,0,900.0,True,True,96,0,0,0,0,0,0,0,900.0,True,True,True,True,A,,,Расчёт возможен по существующим правилам
2019-08-04 00:00:00,2019-08-03 00:00:00,2019-08-06 00:00:00,96,0,0,0,0,0,0,0,900.0,True,True,96,0,0,0,0,0,0,0,900.0,True,True,96,0,0,0,0,0,0,0,900.0,True,True,True,True,A,,,Расчёт возможен по существующим правилам
2019-08-05 00:00:00,2019-08-04 00:00:00,2019-08-07 00:00:00,96,0,0,0,0,0,0,0,900.0,True,True,96,0,0,0,0,0,0,0,900.0,True,True,96,0,0,0,0,0,0,0,900.0,True,True,True,True,A,,,Расчёт возможен по существующим правилам
2019-08-06 00:00:00,2019-08-05 00:00:00,2019-08-08 00:00:00,96,0,0,0,0,0,0,0,900.0,True,True,96,0,0,0,0,0,0,0,900.0,True,True,96,0,0,0,0,0,0,0,900.0,True,True,True,True,A,,,Расчёт возможен по существующим правилам
2019-08-07 00:00:00,2019-08-06 00:00:00,2019-08-09 00:00:00,96,0,0,0,0,0,0,0,900.0,True,True,96,0,0,0,0,0,0,0,900.0,True,True,96,0,0,0,0,0,0,0,900.0,True,True,True,True,A,,,Расчёт возможен по существующим правилам
2019-08-08 00:00:00,2019-08-07 00:00:00,2019-08-10 00:00:00,96,0,0,0,0,0,0,0,900.0,True,True,96,0,0,0,0,0,0,0,900.0,True,True,96,0,0,0,0,0,0,0,900.0,True,True,True,True,A,,,Расчёт возможен по существующим правилам
2019-08-09 00:00:00,2019-08-08 00:00:00,2019-08-11 00:00:00,96,0,0,0,0,0,0,0,900.0,True,True,96,0,0,0,0,0,0,0,900.0,True,True,96,0,0,0,0,0,0,0,900.0,True,True,True,True,A,,,Расчёт возможен по существующим правилам
2019-08-10 00:00:00,2019-08-09 00:00:00,2019-08-12 00:00:00,96,0,0,0,0,0,0,0,900.0,True,True,96,0,0,0,0,0,0,0,900.0,True,True,96,0,0,0,0,0,0,0,900.0,True,True,True,True,A,,,Расчёт возможен по существующим правилам
2019-08-11 00:00:00,2019-08-10 00:00:00,2019-08-13 00:00:00,96,0,0,0,0,0,0,0,900.0,True,True,96,0,0,0,0,0,0,0,900.0,True,True,96,0,0,0,0,0,0,0,900.0,True,True,True,True,A,,,Расчёт возможен по существующим правилам
2019-08-12 00:00:00,2019-08-11 00:00:00,2019-08-14 00:00:00,96,0,0,0,0,0,0,0,900.0,True,True,96,0,0,0,0,0,0,0,900.0,True,True,96,0,0,0,0,0,0,0,900.0,True,True,True,True,A,,,Расчёт возможен по существующим правилам
2019-08-13 00:00:00,2019-08-12 00:00:00,2019-08-15 00:00:00,96,0,0,0,0,0,0,0,900.0,True,True,96,0,0,0,0,0,0,0,900.0,True,True,96,0,0,0,0,0,0,0,900.0,True,True,True,True,A,,,Расчёт возможен по существующим правилам
2019-08-14 00:00:00,2019-08-13 00:00:00,2019-08-16 00:00:00,96,0,0,0,0,0,0,0,900.0,True,True,96,0,0,0,0,0,0,0,900.0,True,True,96,0,0,0,0,0,0,0,900.0,True,True,True,True,A,,,Расчёт возможен по существующим правилам
2019-08-15 00:00:00,2019-08-14 00:00:00,2019-08-17 00:00:00,96,0,0,0,0,0,0,0,900.0,True,True,96,0,0,0,0,0,0,0,900.0,True,True,96,0,0,0,0,0,0,0,900.0,True,True,True,True,A,,,Расчёт возможен по существующим правилам
2019-08-16 00:00:00,2019-08-15 00:00:00,2019-08-18 00:00:00,96,0,0,0,0,0,0,0,900.0,True,True,96,0,0,0,0,0,0,0,900.0,True,True,96,0,0,0,0,0,0,0,900.0,True,True,True,True,A,,,Расчёт возможен по существующим правилам
2019-08-17 00:00:00,2019-08-16 00:00:00,2019-08-19 00:00:00,96,0,0,0,0,0,0,0,900.0,True,True,96,0,0,0,0,0,0,0,900.0,True,True,96,0,0,0,0,0,0,0,900.0,True,True,True,True,A,,,Расчёт возможен по существующим правилам
2019-08-18 00:00:00,2019-08-17 00:00:00,2019-08-20 00:00:00,96,0,0,0,0,0,0,0,900.0,True,True,96,0,0,0,0,0,0,0,900.0,True,True,96,0,0,0,0,0,0,0,900.0,True,True,True,True,A,,,Расчёт возможен по существующим правилам
2019-08-19 00:00:00,2019-08-18 00:00:00,2019-08-21 00:00:00,96,0,0,0,0,0,0,0,900.0,True,True,96,0,0,0,0,0,0,0,900.0,True,True,96,0,0,0,0,0,0,0,900.0,True,True,True,True,A,,,Расчёт возможен по существующим правилам
2019-08-20 00:00:00,2019-08-19 00:00:00,2019-08-22 00:00:00,96,0,0,0,0,0,0,0,900.0,True,True,96,0,0,0,0,0,0,0,900.0,True,True,96,0,0,0,0,0,0,0,900.0,True,True,True,True,A,,,Расчёт возможен по существующим правилам
2019-08-21 00:00:00,2019-08-20 00:00:00,2019-08-23 00:00:00,96,0,0,0,0,0,0,0,900.0,True,True,96,0,0,0,0,0,0,0,900.0,True,True,96,0,0,0,0,0,0,0,900.0,True,True,True,True,A,,,Расчёт возможен по существующим правилам
2019-08-22 00:00:00,2019-08-21 00:00:00,2019-08-24 00:00:00,96,0,0,0,0,0,0,0,900.0,True,True,96,0,0,0,0,0,0,0,900.0,True,True,96,0,0,0,0,0,0,0,900.0,True,True,True,True,A,,,Расчёт возможен по существующим правилам
2019-08-23 00:00:00,2019-08-22 00:00:00,2019-08-25 00:00:00,96,0,0,0,0,0,0,0,901.0,True,True,96,0,0,0,0,0,0,0,901.0,True,True,96,0,0,0,0,0,0,0,901.0,True,True,True,True,A,,,Расчёт возможен по существующим правилам
2019-08-24 00:00:00,2019-08-23 00:00:00,2019-08-26 00:00:00,96,0,0,0,0,0,0,0,901.0,True,True,96,0,0,0,0,0,0,0,901.0,True,True,96,0,0,0,0,0,0,0,901.0,True,True,True,True,A,,,Расчёт возможен по существующим правилам
2019-08-25 00:00:00,2019-08-24 00:00:00,2019-08-27 00:00:00,96,0,0,0,0,0,0,0,902.0,True,True,96,0,0,0,0,0,0,0,902.0,True,True,96,0,0,0,0,0,0,0,902.0,True,True,True,True,A,,,Расчёт возможен по существующим правилам
2019-08-26 00:00:00,2019-08-25 00:00:00,2019-08-28 00:00:00,96,0,0,0,0,0,0,0,902.0,True,True,96,0,0,0,0,0,0,0,902.0,True,True,96,0,0,0,0,0,0,0,902.0,True,True,True,True,A,,,Расчёт возможен по существующим правилам
2019-08-27 00:00:00,2019-08-26 00:00:00,2019-08-29 00:00:00,96,0,0,0,0,0,0,0,902.0,True,True,96,0,0,0,0,0,0,0,902.0,True,True,96,0,0,0,0,0,0,0,902.0,True,True,True,True,A,,,Расчёт возможен по существующим правилам
2019-08-28 00:00:00,2019-08-27 00:00:00,2019-08-30 00:00:00,96,0,0,0,0,0,0,0,902.0,True,True,96,0,0,0,0,0,0,0,902.0,True,True,96,0,0,0,0,0,0,0,902.0,True,True,True,True,A,,,Расчёт возможен по существующим правилам
2019-08-29 00:00:00,2019-08-28 00:00:00,2019-08-31 00:00:00,96,0,0,0,0,0,0,0,902.0,True,True,96,0,0,0,0,0,0,0,902.0,True,True,96,0,0,0,0,0,0,0,902.0,True,True,True,True,A,,,Расчёт возможен по существующим правилам
2019-08-30 00:00:00,2019-08-29 00:00:00,2019-09-01 00:00:00,96,0,0,0,0,0,0,0,902.0,True,True,96,0,0,0,0,0,0,0,902.0,True,True,96,0,0,0,0,0,0,0,902.0,True,True,True,True,A,,,Расчёт возможен по существующим правилам
2019-08-31 00:00:00,2019-08-30 00:00:00,2019-09-02 00:00:00,96,0,0,0,0,0,0,0,902.0,True,True,96,0,0,0,0,0,0,0,902.0,True,True,96,0,0,0,0,0,0,0,902.0,True,True,True,True,A,,,Расчёт возможен по существующим правилам
2019-09-01 00:00:00,2019-08-31 00:00:00,2019-09-03 00:00:00,96,0,0,0,0,0,0,0,902.0,True,True,96,0,0,0,0,0,0,0,902.0,True,True,96,0,0,0,0,0,0,0,902.0,True,True,True,True,A,,,Расчёт возможен по существующим правилам
2019-09-02 00:00:00,2019-09-01 00:00:00,2019-09-04 00:00:00,96,0,0,0,0,0,0,0,902.0,True,True,96,0,0,0,0,0,0,0,902.0,True,True,96,0,0,0,0,0,0,0,902.0,True,True,True,True,A,,,Расчёт возможен по существующим правилам
2019-09-03 00:00:00,2019-09-02 00:00:00,2019-09-05 00:00:00,96,0,0,0,0,0,0,0,902.0,True,True,96,0,0,0,0,0,0,0,902.0,True,True,96,0,0,0,0,0,0,0,902.0,True,True,True,True,A,,,Расчёт возможен по существующим правилам
2019-09-04 00:00:00,2019-09-03 00:00:00,2019-09-06 00:00:00,96,0,0,0,0,0,0,0,902.0,True,True,96,0,0,0,0,0,0,0,902.0,True,True,96,0,0,0,0,0,0,0,902.0,True,True,True,True,A,,,Расчёт возможен по существующим правилам
2019-09-05 00:00:00,2019-09-04 00:00:00,2019-09-07 00:00:00,96,0,0,0,0,0,0,0,902.0,True,True,96,0,0,0,0,0,0,0,902.0,True,True,96,0,0,0,0,0,0,0,902.0,True,True,True,True,A,,,Расчёт возможен по существующим правилам
2019-09-06 00:00:00,2019-09-05 00:00:00,2019-09-08 00:00:00,96,0,0,0,0,0,0,0,902.0,True,True,96,0,0,0,0,0,0,0,902.0,True,True,96,0,0,0,0,0,0,0,902.0,True,True,True,True,A,,,Расчёт возможен по существующим правилам
2019-09-07 00:00:00,2019-09-06 00:00:00,2019-09-09 00:00:00,96,0,0,0,0,0,0,0,902.0,True,True,96,0,0,0,0,0,0,0,902.0,True,True,96,0,0,0,0,0,0,0,902.0,True,True,True,True,A,,,Расчёт возможен по существующим правилам
2019-09-08 00:00:00,2019-09-07 00:00:00,2019-09-10 00:00:00,96,0,0,0,0,0,0,0,903.0,True,True,96,0,0,0,0,0,0,0,903.0,True,True,96,0,0,0,0,0,0,0,903.0,True,True,True,True,A,,,Расчёт возможен по существующим правилам
2019-09-09 00:00:00,2019-09-08 00:00:00,2019-09-11 00:00:00,96,0,0,0,0,0,0,0,902.0,True,True,96,0,0,0,0,0,0,0,902.0,True,True,96,0,0,0,0,0,0,0,902.0,True,True,True,True,A,,,Расчёт возможен по существующим правилам
2019-09-10 00:00:00,2019-09-09 00:00:00,2019-09-12 00:00:00,96,0,0,0,0,0,0,0,902.0,True,True,96,0,0,0,0,0,0,0,902.0,True,True,96,0,0,0,0,0,0,0,902.0,True,True,True,True,A,,,Расчёт возможен по существующим правилам
2019-09-11 00:00:00,2019-09-10 00:00:00,2019-09-13 00:00:00,94,0,0,0,0,0,0,0,903.0,False,False,94,0,0,0,0,0,0,0,903.0,False,False,94,0,0,0,0,0,0,0,903.0,False,False,False,False,B,D1: неполное покрытие суток; D2: неполное покрытие суток; D3: неполное покрытие суток,,D1: неполное покрытие суток; D2: неполное покрытие суток; D3: неполное покрытие суток
2019-09-12 00:00:00,2019-09-11 00:00:00,2019-09-14 00:00:00,96,0,0,0,0,0,0,0,904.0,True,False,96,0,0,0,0,0,0,0,904.0,True,False,96,0,0,0,0,0,0,0,904.0,True,False,True,False,B,D1: неполное окружение ±12 ч; D2: неполное окружение ±12 ч; D3: неполное окружение ±12 ч,,D1: неполное окружение ±12 ч; D2: неполное окружение ±12 ч; D3: неполное окружение ±12 ч
2019-09-13 00:00:00,2019-09-12 00:00:00,2019-09-15 00:00:00,96,0,0,1,0,0,0,0,904.0,False,False,96,0,0,1,0,0,0,0,904.0,False,False,96,0,0,1,0,0,0,0,904.0,False,False,False,False,B,D1: неполное покрытие суток (служебные значения); D2: неполное покрытие суток (служебные значения); D3: неполное покрытие суток (служебные значения),,D1: неполное покрытие суток (служебные значения); D2: неполное покрытие суток (служебные значения); D3: неполное покрытие суток (служебные значения)
2019-09-14 00:00:00,2019-09-13 00:00:00,2019-09-16 00:00:00,93,0,0,1,0,0,0,0,904.0,False,False,93,0,0,1,0,0,0,0,904.0,False,False,93,0,0,1,0,0,0,0,904.0,False,False,False,False,B,D1: неполное покрытие суток (служебные значения); D2: неполное покрытие суток (служебные значения); D3: неполное покрытие суток (служебные значения),,D1: неполное покрытие суток (служебные значения); D2: неполное покрытие суток (служебные значения); D3: неполное покрытие суток (служебные значения)
2019-09-15 00:00:00,2019-09-14 00:00:00,2019-09-17 00:00:00,96,0,0,0,0,0,0,0,904.0,True,False,96,0,0,0,0,0,0,0,904.0,True,False,96,0,0,0,0,0,0,0,904.0,True,False,True,False,B,D1: неполное окружение ±12 ч; D2: неполное окружение ±12 ч; D3: неполное окружение ±12 ч,,D1: неполное окружение ±12 ч; D2: неполное окружение ±12 ч; D3: неполное окружение ±12 ч
2019-09-16 00:00:00,2019-09-15 00:00:00,2019-09-18 00:00:00,95,0,0,0,0,0,0,0,903.0,False,False,95,0,0,0,0,0,0,0,903.0,False,False,95,0,0,0,0,0,0,0,903.0,False,False,False,False,B,D1: неполное покрытие суток; D2: неполное покрытие суток; D3: неполное покрытие суток,,D1: неполное покрытие суток; D2: неполное покрытие суток; D3: неполное покрытие суток
2019-09-17 00:00:00,2019-09-16 00:00:00,2019-09-19 00:00:00,96,0,0,0,0,0,0,0,900.0,True,True,96,0,0,0,0,0,0,0,900.0,True,True,96,0,0,0,0,0,0,0,900.0,True,True,True,True,A,,,Расчёт возможен по существующим правилам
2019-09-18 00:00:00,2019-09-17 00:00:00,2019-09-20 00:00:00,96,0,0,0,0,0,0,0,900.0,True,True,96,0,0,0,0,0,0,0,900.0,True,True,96,0,0,0,0,0,0,0,900.0,True,True,True,True,A,,,Расчёт возможен по существующим правилам
2019-09-19 00:00:00,2019-09-18 00:00:00,2019-09-21 00:00:00,96,0,0,0,0,0,0,0,900.0,True,False,96,0,0,0,0,0,0,0,900.0,True,False,96,0,0,0,0,0,0,0,900.0,True,False,True,False,B,D1: неполное окружение ±12 ч; D2: неполное окружение ±12 ч; D3: неполное окружение ±12 ч,,D1: неполное окружение ±12 ч; D2: неполное окружение ±12 ч; D3: неполное окружение ±12 ч
2019-09-20 00:00:00,2019-09-19 00:00:00,2019-09-22 00:00:00,84,0,0,0,0,0,0,0,900.0,False,False,84,0,0,0,0,0,0,0,900.0,False,False,84,0,0,0,0,0,0,0,900.0,False,False,False,False,B,D1: неполное покрытие суток; D2: неполное покрытие суток; D3: неполное покрытие суток,,D1: неполное покрытие суток; D2: неполное покрытие суток; D3: неполное покрытие суток
2019-09-21 00:00:00,2019-09-20 00:00:00,2019-09-23 00:00:00,96,0,0,0,0,0,0,0,900.0,True,True,96,0,0,0,0,0,0,0,900.0,True,True,96,0,0,0,0,0,0,0,900.0,True,True,True,True,A,,,Расчёт возможен по существующим правилам
2019-09-22 00:00:00,2019-09-21 00:00:00,2019-09-24 00:00:00,96,0,0,0,0,0,0,0,900.0,True,True,96,0,0,0,0,0,0,0,900.0,True,True,96,0,0,0,0,0,0,0,900.0,True,True,True,True,A,,,Расчёт возможен по существующим правилам
2019-09-23 00:00:00,2019-09-22 00:00:00,2019-09-25 00:00:00,96,0,0,0,0,0,0,0,900.0,True,True,96,0,0,0,0,0,0,0,900.0,True,True,96,0,0,0,0,0,0,0,900.0,True,True,True,True,A,,,Расчёт возможен по существующим правилам
2019-09-24 00:00:00,2019-09-23 00:00:00,2019-09-26 00:00:00,96,0,0,0,0,0,0,0,900.0,True,True,96,0,0,0,0,0,0,0,900.0,True,True,96,0,0,0,0,0,0,0,900.0,True,True,True,True,A,,,Расчёт возможен по существующим правилам
2019-09-25 00:00:00,2019-09-24 00:00:00,2019-09-27 00:00:00,96,0,0,0,0,0,0,0,900.0,True,True,96,0,0,0,0,0,0,0,900.0,True,True,96,0,0,0,0,0,0,0,900.0,True,True,True,True,A,,,Расчёт возможен по существующим правилам
2019-09-26 00:00:00,2019-09-25 00:00:00,2019-09-28 00:00:00,96,0,0,0,0,0,0,0,900.0,True,True,96,0,0,0,0,0,0,0,900.0,True,True,96,0,0,0,0,0,0,0,900.0,True,True,True,True,A,,,Расчёт возможен по существующим правилам
2019-09-27 00:00:00,2019-09-26 00:00:00,2019-09-29 00:00:00,96,0,0,0,0,0,0,0,900.0,True,True,96,0,0,0,0,0,0,0,900.0,True,True,96,0,0,0,0,0,0,0,900.0,True,True,True,True,A,,,Расчёт возможен по существующим правилам
2019-09-28 00:00:00,2019-09-27 00:00:00,2019-09-30 00:00:00,96,0,0,0,0,0,0,0,900.0,True,True,96,0,0,0,0,0,0,0,900.0,True,True,96,0,0,0,0,0,0,0,900.0,True,True,True,True,A,,,Расчёт возможен по существующим правилам
2019-09-29 00:00:00,2019-09-28 00:00:00,2019-10-01 00:00:00,96,0,0,0,0,0,0,0,900.0,True,True,96,0,0,0,0,0,0,0,900.0,True,True,96,0,0,0,0,0,0,0,900.0,True,True,True,True,A,,,Расчёт возможен по существующим правилам
2019-09-30 00:00:00,2019-09-29 00:00:00,2019-10-02 00:00:00,96,0,0,0,0,0,0,0,900.0,True,True,96,0,0,0,0,0,0,0,900.0,True,True,96,0,0,0,0,0,0,0,900.0,True,True,True,True,A,,,Расчёт возможен по существующим правилам
2019-10-01 00:00:00,2019-09-30 00:00:00,2019-10-03 00:00:00,96,0,0,0,0,0,0,0,900.0,True,True,96,0,0,0,0,0,0,0,900.0,True,True,96,0,0,0,0,0,0,0,900.0,True,True,True,True,A,,,Расчёт возможен по существующим правилам
2019-10-02 00:00:00,2019-10-01 00:00:00,2019-10-04 00:00:00,96,0,0,0,0,0,0,0,900.0,True,True,96,0,0,0,0,0,0,0,900.0,True,True,96,0,0,0,0,0,0,0,900.0,True,True,True,True,A,,,Расчёт возможен по существующим правилам
2019-10-03 00:00:00,2019-10-02 00:00:00,2019-10-05 00:00:00,96,0,0,0,0,0,0,0,900.0,True,True,96,0,0,0,0,0,0,0,900.0,True,True,96,0,0,0,0,0,0,0,900.0,True,True,True,True,A,,,Расчёт возможен по существующим правилам
2019-10-04 00:00:00,2019-10-03 00:00:00,2019-10-06 00:00:00,96,0,0,0,0,0,0,0,900.0,True,True,96,0,0,0,0,0,0,0,900.0,True,True,96,0,0,0,0,0,0,0,900.0,True,True,True,True,A,,,Расчёт возможен по существующим правилам
2019-10-05 00:00:00,2019-10-04 00:00:00,2019-10-07 00:00:00,96,0,0,0,0,0,0,0,900.0,True,True,96,0,0,0,0,0,0,0,900.0,True,True,96,0,0,0,0,0,0,0,900.0,True,True,True,True,A,,,Расчёт возможен по существующим правилам
2019-10-06 00:00:00,2019-10-05 00:00:00,2019-10-08 00:00:00,96,0,0,0,0,0,0,0,900.0,True,True,96,0,0,0,0,0,0,0,900.0,True,True,96,0,0,0,0,0,0,0,900.0,True,True,True,True,A,,,Расчёт возможен по существующим правилам
2019-10-07 00:00:00,2019-10-06 00:00:00,2019-10-09 00:00:00,96,0,0,0,0,0,0,0,900.0,True,True,96,0,0,0,0,0,0,0,900.0,True,True,96,0,0,0,0,0,0,0,900.0,True,True,True,True,A,,,Расчёт возможен по существующим правилам
2019-10-08 00:00:00,2019-10-07 00:00:00,2019-10-10 00:00:00,96,0,0,0,0,0,0,0,900.0,True,True,96,0,0,0,0,0,0,0,900.0,True,True,96,0,0,0,0,0,0,0,900.0,True,True,True,True,A,,,Расчёт возможен по существующим правилам
2019-10-09 00:00:00,2019-10-08 00:00:00,2019-10-11 00:00:00,96,0,0,0,0,0,0,0,900.0,True,True,96,0,0,0,0,0,0,0,900.0,True,True,96,0,0,0,0,0,0,0,900.0,True,True,True,True,A,,,Расчёт возможен по существующим правилам
2019-10-10 00:00:00,2019-10-09 00:00:00,2019-10-12 00:00:00,96,0,0,0,0,0,0,0,900.0,True,True,96,0,0,0,0,0,0,0,900.0,True,True,96,0,0,0,0,0,0,0,900.0,True,True,True,True,A,,,Расчёт возможен по существующим правилам
2019-10-11 00:00:00,2019-10-10 00:00:00,2019-10-13 00:00:00,96,0,0,0,0,0,0,0,900.0,True,True,96,0,0,0,0,0,0,0,900.0,True,True,96,0,0,0,0,0,0,0,900.0,True,True,True,True,A,,,Расчёт возможен по существующим правилам
2019-10-12 00:00:00,2019-10-11 00:00:00,2019-10-14 00:00:00,96,0,0,0,0,0,0,0,900.0,True,True,96,0,0,0,0,0,0,0,900.0,True,True,96,0,0,0,0,0,0,0,900.0,True,True,True,True,A,,,Расчёт возможен по существующим правилам
2019-10-13 00:00:00,2019-10-12 00:00:00,2019-10-15 00:00:00,96,0,0,0,0,0,0,0,900.0,True,True,96,0,0,0,0,0,0,0,900.0,True,True,96,0,0,0,0,0,0,0,900.0,True,True,True,True,A,,,Расчёт возможен по существующим правилам
2019-10-14 00:00:00,2019-10-13 00:00:00,2019-10-16 00:00:00,96,0,0,0,0,0,0,0,900.0,True,True,96,0,0,0,0,0,0,0,900.0,True,True,96,0,0,0,0,0,0,0,900.0,True,True,True,True,A,,,Расчёт возможен по существующим правилам
2019-10-15 00:00:00,2019-10-14 00:00:00,2019-10-17 00:00:00,96,0,0,0,0,0,0,0,900.0,True,True,96,0,0,0,0,0,0,0,900.0,True,True,96,0,0,0,0,0,0,0,900.0,True,True,True,True,A,,,Расчёт возможен по существующим правилам
2019-10-16 00:00:00,2019-10-15 00:00:00,2019-10-18 00:00:00,96,0,0,0,0,0,0,0,900.0,True,True,96,0,0,0,0,0,0,0,900.0,True,True,96,0,0,0,0,0,0,0,900.0,True,True,True,True,A,,,Расчёт возможен по существующим правилам
2019-10-17 00:00:00,2019-10-16 00:00:00,2019-10-19 00:00:00,96,0,0,0,0,0,0,0,900.0,True,True,96,0,0,0,0,0,0,0,900.0,True,True,96,0,0,0,0,0,0,0,900.0,True,True,True,True,A,,,Расчёт возможен по существующим правилам
2019-10-18 00:00:00,2019-10-17 00:00:00,2019-10-20 00:00:00,96,0,0,0,0,0,0,0,900.0,True,True,96,0,0,0,0,0,0,0,900.0,True,True,96,0,0,0,0,0,0,0,900.0,True,True,True,True,A,,,Расчёт возможен по существующим правилам
2019-10-19 00:00:00,2019-10-18 00:00:00,2019-10-21 00:00:00,96,0,0,0,0,0,0,0,900.0,True,True,96,0,0,0,0,0,0,0,900.0,True,True,96,0,0,0,0,0,0,0,900.0,True,True,True,True,A,,,Расчёт возможен по существующим правилам
2019-10-20 00:00:00,2019-10-19 00:00:00,2019-10-22 00:00:00,96,0,0,0,0,0,0,0,900.0,True,True,96,0,0,0,0,0,0,0,900.0,True,True,96,0,0,0,0,0,0,0,900.0,True,True,True,True,A,,,Расчёт возможен по существующим правилам
2019-10-21 00:00:00,2019-10-20 00:00:00,2019-10-23 00:00:00,96,0,0,0,0,0,0,0,900.0,True,True,96,0,0,0,0,0,0,0,900.0,True,True,96,0,0,0,0,0,0,0,900.0,True,True,True,True,A,,,Расчёт возможен по существующим правилам
2019-10-22 00:00:00,2019-10-21 00:00:00,2019-10-24 00:00:00,96,0,0,0,0,0,0,0,900.0,True,True,96,0,0,0,0,0,0,0,900.0,True,True,96,0,0,0,0,0,0,0,900.0,True,True,True,True,A,,,Расчёт возможен по существующим правилам
2019-10-23 00:00:00,2019-10-22 00:00:00,2019-10-25 00:00:00,96,0,0,0,0,0,0,0,900.0,True,True,96,0,0,0,0,0,0,0,900.0,True,True,96,0,0,0,0,0,0,0,900.0,True,True,True,True,A,,,Расчёт возможен по существующим правилам
2019-10-24 00:00:00,2019-10-23 00:00:00,2019-10-26 00:00:00,96,0,0,0,0,0,0,0,900.0,True,True,96,0,0,0,0,0,0,0,900.0,True,True,96,0,0,0,0,0,0,0,900.0,True,True,True,True,A,,,Расчёт возможен по существующим правилам
2019-10-25 00:00:00,2019-10-24 00:00:00,2019-10-27 00:00:00,96,0,0,0,0,0,0,0,900.0,True,True,96,0,0,0,0,0,0,0,900.0,True,True,96,0,0,0,0,0,0,0,900.0,True,True,True,True,A,,,Расчёт возможен по существующим правилам
2019-10-26 00:00:00,2019-10-25 00:00:00,2019-10-28 00:00:00,96,0,0,0,0,0,0,0,900.0,True,True,96,0,0,0,0,0,0,0,900.0,True,True,96,0,0,0,0,0,0,0,900.0,True,True,True,True,A,,,Расчёт возможен по существующим правилам
2019-10-27 00:00:00,2019-10-26 00:00:00,2019-10-29 00:00:00,96,0,0,0,0,0,0,0,900.0,True,True,96,0,0,0,0,0,0,0,900.0,True,True,96,0,0,0,0,0,0,0,900.0,True,True,True,True,A,,,Расчёт возможен по существующим правилам
2019-10-28 00:00:00,2019-10-27 00:00:00,2019-10-30 00:00:00,96,0,0,0,0,0,0,0,900.0,True,True,96,0,0,0,0,0,0,0,900.0,True,True,96,0,0,0,0,0,0,0,900.0,True,True,True,True,A,,,Расчёт возможен по существующим правилам
2019-10-29 00:00:00,2019-10-28 00:00:00,2019-10-31 00:00:00,96,0,0,0,0,0,0,0,900.0,True,True,96,0,0,0,0,0,0,0,900.0,True,True,96,0,0,0,0,0,0,0,900.0,True,True,True,True,A,,,Расчёт возможен по существующим правилам
2019-10-30 00:00:00,2019-10-29 00:00:00,2019-11-01 00:00:00,96,0,0,0,0,0,0,0,900.0,True,True,96,0,0,0,0,0,0,0,900.0,True,True,96,0,0,0,0,0,0,0,900.0,True,True,True,True,A,,,Расчёт возможен по существующим правилам
2019-10-31 00:00:00,2019-10-30 00:00:00,2019-11-02 00:00:00,96,0,0,0,0,0,0,0,900.0,True,True,96,0,0,0,0,0,0,0,900.0,True,True,96,0,0,0,0,0,0,0,900.0,True,True,True,True,A,,,Расчёт возможен по существующим правилам
2019-11-01 00:00:00,2019-10-31 00:00:00,2019-11-03 00:00:00,96,0,0,0,0,0,0,0,900.0,True,True,96,0,0,0,0,0,0,0,900.0,True,True,96,0,0,0,0,0,0,0,900.0,True,True,True,True,A,,,Расчёт возможен по существующим правилам
2019-11-02 00:00:00,2019-11-01 00:00:00,2019-11-04 00:00:00,96,0,0,0,0,0,0,0,900.0,True,True,96,0,0,0,0,0,0,0,900.0,True,True,96,0,0,0,0,0,0,0,900.0,True,True,True,True,A,,,Расчёт возможен по существующим правилам
2019-11-03 00:00:00,2019-11-02 00:00:00,2019-11-05 00:00:00,96,0,0,0,0,0,0,0,900.0,True,True,96,0,0,0,0,0,0,0,900.0,True,True,96,0,0,0,0,0,0,0,900.0,True,True,True,True,A,,,Расчёт возможен по существующим правилам
2019-11-04 00:00:00,2019-11-03 00:00:00,2019-11-06 00:00:00,96,0,0,0,0,0,0,0,900.0,True,True,96,0,0,0,0,0,0,0,900.0,True,True,96,0,0,0,0,0,0,0,900.0,True,True,True,True,A,,,Расчёт возможен по существующим правилам
2019-11-05 00:00:00,2019-11-04 00:00:00,2019-11-07 00:00:00,96,0,0,0,0,0,0,0,900.0,True,True,96,0,0,0,0,0,0,0,900.0,True,True,96,0,0,0,0,0,0,0,900.0,True,True,True,True,A,,,Расчёт возможен по существующим правилам
2019-11-06 00:00:00,2019-11-05 00:00:00,2019-11-08 00:00:00,96,0,0,0,0,0,0,0,900.0,True,True,96,0,0,0,0,0,0,0,900.0,True,True,96,0,0,0,0,0,0,0,900.0,True,True,True,True,A,,,Расчёт возможен по существующим правилам
2019-11-07 00:00:00,2019-11-06 00:00:00,2019-11-09 00:00:00,96,0,0,1,0,0,0,0,900.0,False,False,96,0,0,1,0,0,0,0,900.0,False,False,96,0,0,1,0,0,0,0,900.0,False,False,False,False,B,D1: неполное покрытие суток (служебные значения); D2: неполное покрытие суток (служебные значения); D3: неполное покрытие суток (служебные значения),,D1: неполное покрытие суток (служебные значения); D2: неполное покрытие суток (служебные значения); D3: неполное покрытие суток (служебные значения)
2019-11-08 00:00:00,2019-11-07 00:00:00,2019-11-10 00:00:00,96,0,0,1,0,0,0,0,900.0,True,False,96,0,0,1,0,0,0,0,900.0,True,False,96,0,0,1,0,0,0,0,900.0,True,False,True,False,B,D1: неполное окружение ±12 ч (служебные значения); D2: неполное окружение ±12 ч (служебные значения); D3: неполное окружение ±12 ч (служебные значения),,D1: неполное окружение ±12 ч (служебные значения); D2: неполное окружение ±12 ч (служебные значения); D3: неполное окружение ±12 ч (служебные значения)
2019-11-09 00:00:00,2019-11-08 00:00:00,2019-11-11 00:00:00,96,0,0,0,0,0,0,0,900.0,True,True,96,0,0,0,0,0,0,0,900.0,True,True,96,0,0,0,0,0,0,0,900.0,True,True,True,True,A,,,Расчёт возможен по существующим правилам
2019-11-10 00:00:00,2019-11-09 00:00:00,2019-11-12 00:00:00,96,0,0,0,0,0,0,0,900.0,True,True,96,0,0,0,0,0,0,0,900.0,True,True,96,0,0,0,0,0,0,0,900.0,True,True,True,True,A,,,Расчёт возможен по существующим правилам
2019-11-11 00:00:00,2019-11-10 00:00:00,2019-11-13 00:00:00,96,0,0,0,0,0,0,0,900.0,True,True,96,0,0,0,0,0,0,0,900.0,True,True,96,0,0,0,0,0,0,0,900.0,True,True,True,True,A,,,Расчёт возможен по существующим правилам
2019-11-12 00:00:00,2019-11-11 00:00:00,2019-11-14 00:00:00,96,0,0,0,0,0,0,0,900.0,True,True,96,0,0,0,0,0,0,0,900.0,True,True,96,0,0,0,0,0,0,0,900.0,True,True,True,True,A,,,Расчёт возможен по существующим правилам
2019-11-13 00:00:00,2019-11-12 00:00:00,2019-11-15 00:00:00,96,0,0,0,0,0,0,0,900.0,True,True,96,0,0,0,0,0,0,0,900.0,True,True,96,0,0,0,0,0,0,0,900.0,True,True,True,True,A,,,Расчёт возможен по существующим правилам
2019-11-14 00:00:00,2019-11-13 00:00:00,2019-11-16 00:00:00,96,0,0,0,0,0,0,0,900.0,True,True,96,0,0,0,0,0,0,0,900.0,True,True,96,0,0,0,0,0,0,0,900.0,True,True,True,True,A,,,Расчёт возможен по существующим правилам
2019-11-15 00:00:00,2019-11-14 00:00:00,2019-11-17 00:00:00,96,0,0,0,0,0,0,0,900.0,True,True,96,0,0,0,0,0,0,0,900.0,True,True,96,0,0,0,0,0,0,0,900.0,True,True,True,True,A,,,Расчёт возможен по существующим правилам
2019-11-16 00:00:00,2019-11-15 00:00:00,2019-11-18 00:00:00,96,0,0,0,0,0,0,0,900.0,True,True,96,0,0,0,0,0,0,0,900.0,True,True,96,0,0,0,0,0,0,0,900.0,True,True,True,True,A,,,Расчёт возможен по существующим правилам
2019-11-17 00:00:00,2019-11-16 00:00:00,2019-11-19 00:00:00,96,0,0,0,0,0,0,0,900.0,True,True,96,0,0,0,0,0,0,0,900.0,True,True,96,0,0,0,0,0,0,0,900.0,True,True,True,True,A,,,Расчёт возможен по существующим правилам
2019-11-18 00:00:00,2019-11-17 00:00:00,2019-11-20 00:00:00,96,0,0,0,0,0,0,0,900.0,True,True,96,0,0,0,0,0,0,0,900.0,True,True,96,0,0,0,0,0,0,0,900.0,True,True,True,True,A,,,Расчёт возможен по существующим правилам
2019-11-19 00:00:00,2019-11-18 00:00:00,2019-11-21 00:00:00,96,0,0,0,0,0,0,0,900.0,True,True,96,0,0,0,0,0,0,0,900.0,True,True,96,0,0,0,0,0,0,0,900.0,True,True,True,True,A,,,Расчёт возможен по существующим правилам
2019-11-20 00:00:00,2019-11-19 00:00:00,2019-11-22 00:00:00,96,0,0,0,0,0,0,0,900.0,True,True,96,0,0,0,0,0,0,0,900.0,True,True,96,0,0,0,0,0,0,0,900.0,True,True,True,True,A,,,Расчёт возможен по существующим правилам
2019-11-21 00:00:00,2019-11-20 00:00:00,2019-11-23 00:00:00,96,0,0,0,0,0,0,0,900.0,True,True,96,0,0,0,0,0,0,0,900.0,True,True,96,0,0,0,0,0,0,0,900.0,True,True,True,True,A,,,Расчёт возможен по существующим правилам
2019-11-22 00:00:00,2019-11-21 00:00:00,2019-11-24 00:00:00,96,0,0,0,0,0,0,0,900.0,True,True,96,0,0,0,0,0,0,0,900.0,True,True,96,0,0,0,0,0,0,0,900.0,True,True,True,True,A,,,Расчёт возможен по существующим правилам
2019-11-23 00:00:00,2019-11-22 00:00:00,2019-11-25 00:00:00,96,0,0,0,0,0,0,0,900.0,True,True,96,0,0,0,0,0,0,0,900.0,True,True,96,0,0,0,0,0,0,0,900.0,True,True,True,True,A,,,Расчёт возможен по существующим правилам
2019-11-24 00:00:00,2019-11-23 00:00:00,2019-11-26 00:00:00,96,0,0,0,0,0,0,0,900.0,True,True,96,0,0,0,0,0,0,0,900.0,True,True,96,0,0,0,0,0,0,0,900.0,True,True,True,True,A,,,Расчёт возможен по существующим правилам
2019-11-25 00:00:00,2019-11-24 00:00:00,2019-11-27 00:00:00,96,0,0,0,0,0,0,0,900.0,True,True,96,0,0,0,0,0,0,0,900.0,True,True,96,0,0,0,0,0,0,0,900.0,True,True,True,True,A,,,Расчёт возможен по существующим правилам
2019-11-26 00:00:00,2019-11-25 00:00:00,2019-11-28 00:00:00,96,0,0,0,0,0,0,0,900.0,True,True,96,0,0,0,0,0,0,0,900.0,True,True,96,0,0,0,0,0,0,0,900.0,True,True,True,True,A,,,Расчёт возможен по существующим правилам
2019-11-27 00:00:00,2019-11-26 00:00:00,2019-11-29 00:00:00,96,0,0,0,0,0,0,0,900.0,True,True,96,0,0,0,0,0,0,0,900.0,True,True,96,0,0,0,0,0,0,0,900.0,True,True,True,True,A,,,Расчёт возможен по существующим правилам
2019-11-28 00:00:00,2019-11-27 00:00:00,2019-11-30 00:00:00,96,0,0,0,0,0,0,0,900.0,True,True,96,0,0,0,0,0,0,0,900.0,True,True,96,0,0,0,0,0,0,0,900.0,True,True,True,True,A,,,Расчёт возможен по существующим правилам
2019-11-29 00:00:00,2019-11-28 00:00:00,2019-12-01 00:00:00,96,0,0,0,0,0,0,0,900.0,True,True,96,0,0,0,0,0,0,0,900.0,True,True,96,0,0,0,0,0,0,0,900.0,True,True,True,True,A,,,Расчёт возможен по существующим правилам
2019-11-30 00:00:00,2019-11-29 00:00:00,2019-12-02 00:00:00,96,0,0,0,0,0,0,0,900.0,True,True,96,0,0,0,0,0,0,0,900.0,True,True,96,0,0,0,0,0,0,0,900.0,True,True,True,True,A,,,Расчёт возможен по существующим правилам
2019-12-01 00:00:00,2019-11-30 00:00:00,2019-12-03 00:00:00,96,0,0,0,0,0,0,0,900.0,True,True,96,0,0,0,0,0,0,0,900.0,True,True,96,0,0,0,0,0,0,0,900.0,True,True,True,True,A,,,Расчёт возможен по существующим правилам
2019-12-02 00:00:00,2019-12-01 00:00:00,2019-12-04 00:00:00,96,0,0,0,0,0,0,0,900.0,True,True,96,0,0,0,0,0,0,0,900.0,True,True,96,0,0,0,0,0,0,0,900.0,True,True,True,True,A,,,Расчёт возможен по существующим правилам
2019-12-03 00:00:00,2019-12-02 00:00:00,2019-12-05 00:00:00,96,0,0,0,0,0,0,0,900.0,True,True,96,0,0,0,0,0,0,0,900.0,True,True,96,0,0,0,0,0,0,0,900.0,True,True,True,True,A,,,Расчёт возможен по существующим правилам
2019-12-04 00:00:00,2019-12-03 00:00:00,2019-12-06 00:00:00,96,0,0,0,0,0,0,0,900.0,True,True,96,0,0,0,0,0,0,0,900.0,True,True,96,0,0,0,0,0,0,0,900.0,True,True,True,True,A,,,Расчёт возможен по существующим правилам
2019-12-05 00:00:00,2019-12-04 00:00:00,2019-12-07 00:00:00,96,0,0,0,0,0,0,0,900.0,True,True,96,0,0,0,0,0,0,0,900.0,True,True,96,0,0,0,0,0,0,0,900.0,True,True,True,True,A,,,Расчёт возможен по существующим правилам
2019-12-06 00:00:00,2019-12-05 00:00:00,2019-12-08 00:00:00,96,0,0,0,0,0,0,0,900.0,True,True,96,0,0,0,0,0,0,0,900.0,True,True,96,0,0,0,0,0,0,0,900.0,True,True,True,True,A,,,Расчёт возможен по существующим правилам
2019-12-07 00:00:00,2019-12-06 00:00:00,2019-12-09 00:00:00,96,0,0,0,0,0,0,0,900.0,True,True,96,0,0,0,0,0,0,0,900.0,True,True,96,0,0,0,0,0,0,0,900.0,True,True,True,True,A,,,Расчёт возможен по существующим правилам
2019-12-08 00:00:00,2019-12-07 00:00:00,2019-12-10 00:00:00,96,0,0,0,0,0,0,0,900.0,True,True,96,0,0,0,0,0,0,0,900.0,True,True,96,0,0,0,0,0,0,0,900.0,True,True,True,True,A,,,Расчёт возможен по существующим правилам
2019-12-09 00:00:00,2019-12-08 00:00:00,2019-12-11 00:00:00,96,0,0,0,0,0,0,0,900.0,True,True,96,0,0,0,0,0,0,0,900.0,True,True,96,0,0,0,0,0,0,0,900.0,True,True,True,True,A,,,Расчёт возможен по существующим правилам
2019-12-10 00:00:00,2019-12-09 00:00:00,2019-12-12 00:00:00,96,0,0,0,0,0,0,0,900.0,True,True,96,0,0,0,0,0,0,0,900.0,True,True,96,0,0,0,0,0,0,0,900.0,True,True,True,True,A,,,Расчёт возможен по существующим правилам
2019-12-11 00:00:00,2019-12-10 00:00:00,2019-12-13 00:00:00,96,0,0,0,0,0,0,0,900.0,True,True,96,0,0,0,0,0,0,0,900.0,True,True,96,0,0,0,0,0,0,0,900.0,True,True,True,True,A,,,Расчёт возможен по существующим правилам
2019-12-12 00:00:00,2019-12-11 00:00:00,2019-12-14 00:00:00,96,0,0,0,0,0,0,0,900.0,True,True,96,0,0,0,0,0,0,0,900.0,True,True,96,0,0,0,0,0,0,0,900.0,True,True,True,True,A,,,Расчёт возможен по существующим правилам
2019-12-13 00:00:00,2019-12-12 00:00:00,2019-12-15 00:00:00,96,0,0,0,0,0,0,0,900.0,True,True,96,0,0,0,0,0,0,0,900.0,True,True,96,0,0,0,0,0,0,0,900.0,True,True,True,True,A,,,Расчёт возможен по существующим правилам
2019-12-14 00:00:00,2019-12-13 00:00:00,2019-12-16 00:00:00,96,0,0,0,0,0,0,0,900.0,True,True,96,0,0,0,0,0,0,0,900.0,True,True,96,0,0,0,0,0,0,0,900.0,True,True,True,True,A,,,Расчёт возможен по существующим правилам
2019-12-15 00:00:00,2019-12-14 00:00:00,2019-12-17 00:00:00,96,0,0,0,0,0,0,0,900.0,True,True,96,0,0,0,0,0,0,0,900.0,True,True,96,0,0,0,0,0,0,0,900.0,True,True,True,True,A,,,Расчёт возможен по существующим правилам
2019-12-16 00:00:00,2019-12-15 00:00:00,2019-12-18 00:00:00,96,0,0,0,0,0,0,0,900.0,True,True,96,0,0,0,0,0,0,0,900.0,True,True,96,0,0,0,0,0,0,0,900.0,True,True,True,True,A,,,Расчёт возможен по существующим правилам
2019-12-17 00:00:00,2019-12-16 00:00:00,2019-12-19 00:00:00,96,0,0,0,0,0,0,0,900.0,True,True,96,0,0,0,0,0,0,0,900.0,True,True,96,0,0,0,0,0,0,0,900.0,True,True,True,True,A,,,Расчёт возможен по существующим правилам
2019-12-18 00:00:00,2019-12-17 00:00:00,2019-12-20 00:00:00,96,0,0,0,0,0,0,0,900.0,True,True,96,0,0,0,0,0,0,0,900.0,True,True,96,0,0,0,0,0,0,0,900.0,True,True,True,True,A,,,Расчёт возможен по существующим правилам
2019-12-19 00:00:00,2019-12-18 00:00:00,2019-12-21 00:00:00,96,0,0,0,0,0,0,0,900.0,True,True,96,0,0,0,0,0,0,0,900.0,True,True,96,0,0,0,0,0,0,0,900.0,True,True,True,True,A,,,Расчёт возможен по существующим правилам
2019-12-20 00:00:00,2019-12-19 00:00:00,2019-12-22 00:00:00,96,0,0,0,0,0,0,0,900.0,True,True,96,0,0,0,0,0,0,0,900.0,True,True,96,0,0,0,0,0,0,0,900.0,True,True,True,True,A,,,Расчёт возможен по существующим правилам
2019-12-21 00:00:00,2019-12-20 00:00:00,2019-12-23 00:00:00,96,0,0,0,0,0,0,0,900.0,True,True,96,0,0,0,0,0,0,0,900.0,True,True,96,0,0,0,0,0,0,0,900.0,True,True,True,True,A,,,Расчёт возможен по существующим правилам
2019-12-22 00:00:00,2019-12-21 00:00:00,2019-12-24 00:00:00,96,0,0,0,0,0,0,0,900.0,True,True,96,0,0,0,0,0,0,0,900.0,True,True,96,0,0,0,0,0,0,0,900.0,True,True,True,True,A,,,Расчёт возможен по существующим правилам
2019-12-23 00:00:00,2019-12-22 00:00:00,2019-12-25 00:00:00,96,0,0,0,0,0,0,0,900.0,True,True,96,0,0,0,0,0,0,0,900.0,True,True,96,0,0,0,0,0,0,0,900.0,True,True,True,True,A,,,Расчёт возможен по существующим правилам
2019-12-24 00:00:00,2019-12-23 00:00:00,2019-12-26 00:00:00,96,0,0,0,0,0,0,0,900.0,True,True,96,0,0,0,0,0,0,0,900.0,True,True,96,0,0,0,0,0,0,0,900.0,True,True,True,True,A,,,Расчёт возможен по существующим правилам
2019-12-25 00:00:00,2019-12-24 00:00:00,2019-12-27 00:00:00,96,0,0,0,0,0,0,0,900.0,True,True,96,0,0,0,0,0,0,0,900.0,True,True,96,0,0,0,0,0,0,0,900.0,True,True,True,True,A,,,Расчёт возможен по существующим правилам
2019-12-26 00:00:00,2019-12-25 00:00:00,2019-12-28 00:00:00,96,0,0,0,0,0,0,0,900.0,True,True,96,0,0,0,0,0,0,0,900.0,True,True,96,0,0,0,0,0,0,0,900.0,True,True,True,True,A,,,Расчёт возможен по существующим правилам
2019-12-27 00:00:00,2019-12-26 00:00:00,2019-12-29 00:00:00,96,0,0,0,0,0,0,0,900.0,True,True,96,0,0,0,0,0,0,0,900.0,True,True,96,0,0,0,0,0,0,0,900.0,True,True,True,True,A,,,Расчёт возможен по существующим правилам
2019-12-28 00:00:00,2019-12-27 00:00:00,2019-12-30 00:00:00,96,0,0,0,0,0,0,0,900.0,True,True,96,0,0,0,0,0,0,0,900.0,True,True,96,0,0,0,0,0,0,0,900.0,True,True,True,True,A,,,Расчёт возможен по существующим правилам
2019-12-29 00:00:00,2019-12-28 00:00:00,2019-12-31 00:00:00,96,0,0,0,0,0,0,0,900.0,True,True,96,0,0,0,0,0,0,0,900.0,True,True,96,0,0,0,0,0,0,0,900.0,True,True,True,True,A,,,Расчёт возможен по существующим правилам
2019-12-30 00:00:00,2019-12-29 00:00:00,2020-01-01 00:00:00,96,0,0,0,0,0,0,0,900.0,True,True,96,0,0,0,0,0,0,0,900.0,True,True,96,0,0,0,0,0,0,0,900.0,True,True,True,True,A,,,Расчёт возможен по существующим правилам
2019-12-31 00:00:00,2019-12-30 00:00:00,2020-01-02 00:00:00,96,0,0,0,0,0,0,0,900.0,True,True,96,0,0,0,0,0,0,0,900.0,True,True,96,0,0,0,0,0,0,0,900.0,True,True,True,True,A,,,Расчёт возможен по существующим правилам
2020-01-01 00:00:00,2019-12-31 00:00:00,2020-01-03 00:00:00,96,0,0,0,0,0,0,0,900.0,True,True,96,0,0,0,0,0,0,0,900.0,True,True,96,0,0,0,0,0,0,0,900.0,True,True,True,True,A,,,Расчёт возможен по существующим правилам
2020-01-02 00:00:00,2020-01-01 00:00:00,2020-01-04 00:00:00,96,0,0,0,0,0,0,0,900.0,True,True,96,0,0,0,0,0,0,0,900.0,True,True,96,0,0,0,0,0,0,0,900.0,True,True,True,True,A,,,Расчёт возможен по существующим правилам
2020-01-03 00:00:00,2020-01-02 00:00:00,2020-01-05 00:00:00,96,0,0,0,0,0,0,0,900.0,True,True,96,0,0,0,0,0,0,0,900.0,True,True,96,0,0,0,0,0,0,0,900.0,True,True,True,True,A,,,Расчёт возможен по существующим правилам
2020-01-04 00:00:00,2020-01-03 00:00:00,2020-01-06 00:00:00,96,0,0,0,0,0,0,0,900.0,True,True,96,0,0,0,0,0,0,0,900.0,True,True,96,0,0,0,0,0,0,0,900.0,True,True,True,True,A,,,Расчёт возможен по существующим правилам
2020-01-05 00:00:00,2020-01-04 00:00:00,2020-01-07 00:00:00,96,0,0,0,0,0,0,0,900.0,True,True,96,0,0,0,0,0,0,0,900.0,True,True,96,0,0,0,0,0,0,0,900.0,True,True,True,True,A,,,Расчёт возможен по существующим правилам
2020-01-06 00:00:00,2020-01-05 00:00:00,2020-01-08 00:00:00,96,0,0,0,0,0,0,0,900.0,True,True,96,0,0,0,0,0,0,0,900.0,True,True,96,0,0,0,0,0,0,0,900.0,True,True,True,True,A,,,Расчёт возможен по существующим правилам
2020-01-07 00:00:00,2020-01-06 00:00:00,2020-01-09 00:00:00,96,0,0,0,0,0,0,0,900.0,True,True,96,0,0,0,0,0,0,0,900.0,True,True,96,0,0,0,0,0,0,0,900.0,True,True,True,True,A,,,Расчёт возможен по существующим правилам
2020-01-08 00:00:00,2020-01-07 00:00:00,2020-01-10 00:00:00,96,0,0,0,0,0,0,0,900.0,True,True,96,0,0,0,0,0,0,0,900.0,True,True,96,0,0,0,0,0,0,0,900.0,True,True,True,True,A,,,Расчёт возможен по существующим правилам
2020-01-09 00:00:00,2020-01-08 00:00:00,2020-01-11 00:00:00,96,0,0,0,0,0,0,0,900.0,True,True,96,0,0,0,0,0,0,0,900.0,True,True,96,0,0,0,0,0,0,0,900.0,True,True,True,True,A,,,Расчёт возможен по существующим правилам
2020-01-10 00:00:00,2020-01-09 00:00:00,2020-01-12 00:00:00,96,0,0,0,0,0,0,0,900.0,True,True,96,0,0,0,0,0,0,0,900.0,True,True,96,0,0,0,0,0,0,0,900.0,True,True,True,True,A,,,Расчёт возможен по существующим правилам
2020-01-11 00:00:00,2020-01-10 00:00:00,2020-01-13 00:00:00,96,0,0,0,0,0,0,0,900.0,True,True,96,0,0,0,0,0,0,0,900.0,True,True,96,0,0,0,0,0,0,0,900.0,True,True,True,True,A,,,Расчёт возможен по существующим правилам
2020-01-12 00:00:00,2020-01-11 00:00:00,2020-01-14 00:00:00,96,0,0,0,0,0,0,0,900.0,True,True,96,0,0,0,0,0,0,0,900.0,True,True,96,0,0,0,0,0,0,0,900.0,True,True,True,True,A,,,Расчёт возможен по существующим правилам
2020-01-13 00:00:00,2020-01-12 00:00:00,2020-01-15 00:00:00,96,0,0,0,0,0,0,0,900.0,True,True,96,0,0,0,0,0,0,0,900.0,True,True,96,0,0,0,0,0,0,0,900.0,True,True,True,True,A,,,Расчёт возможен по существующим правилам
2020-01-14 00:00:00,2020-01-13 00:00:00,2020-01-16 00:00:00,96,0,0,0,0,0,0,0,900.0,True,True,96,0,0,0,0,0,0,0,900.0,True,True,96,0,0,0,0,0,0,0,900.0,True,True,True,True,A,,,Расчёт возможен по существующим правилам
2020-01-15 00:00:00,2020-01-14 00:00:00,2020-01-17 00:00:00,96,0,0,1,0,0,0,0,900.0,False,False,96,0,0,1,0,0,0,0,900.0,False,False,96,0,0,1,0,0,0,0,900.0,False,False,False,False,B,D1: неполное покрытие суток (служебные значения); D2: неполное покрытие суток (служебные значения); D3: неполное покрытие суток (служебные значения),,D1: неполное покрытие суток (служебные значения); D2: неполное покрытие суток (служебные значения); D3: неполное покрытие суток (служебные значения)
2020-01-16 00:00:00,2020-01-15 00:00:00,2020-01-18 00:00:00,96,0,0,3,0,0,0,0,900.0,False,False,96,0,0,3,0,0,0,0,900.0,False,False,96,0,0,3,0,0,0,0,900.0,False,False,False,False,B,D1: неполное покрытие суток (служебные значения); D2: неполное покрытие суток (служебные значения); D3: неполное покрытие суток (служебные значения),,D1: неполное покрытие суток (служебные значения); D2: неполное покрытие суток (служебные значения); D3: неполное покрытие суток (служебные значения)
2020-01-17 00:00:00,2020-01-16 00:00:00,2020-01-19 00:00:00,96,0,0,2,0,0,0,0,900.0,True,False,96,0,0,2,0,0,0,0,900.0,True,False,96,0,0,2,0,0,0,0,900.0,True,False,True,False,B,D1: неполное окружение ±12 ч (служебные значения); D2: неполное окружение ±12 ч (служебные значения); D3: неполное окружение ±12 ч (служебные значения),,D1: неполное окружение ±12 ч (служебные значения); D2: неполное окружение ±12 ч (служебные значения); D3: неполное окружение ±12 ч (служебные значения)
2020-01-18 00:00:00,2020-01-17 00:00:00,2020-01-20 00:00:00,96,0,0,0,0,0,0,0,900.0,True,True,96,0,0,0,0,0,0,0,900.0,True,True,96,0,0,0,0,0,0,0,900.0,True,True,True,True,A,,,Расчёт возможен по существующим правилам
2020-01-19 00:00:00,2020-01-18 00:00:00,2020-01-21 00:00:00,96,0,0,0,0,0,0,0,900.0,True,True,96,0,0,0,0,0,0,0,900.0,True,True,96,0,0,0,0,0,0,0,900.0,True,True,True,True,A,,,Расчёт возможен по существующим правилам
2020-01-20 00:00:00,2020-01-19 00:00:00,2020-01-22 00:00:00,96,0,0,0,0,0,0,0,900.0,True,True,96,0,0,0,0,0,0,0,900.0,True,True,96,0,0,0,0,0,0,0,900.0,True,True,True,True,A,,,Расчёт возможен по существующим правилам
2020-01-21 00:00:00,2020-01-20 00:00:00,2020-01-23 00:00:00,96,0,0,0,0,0,0,0,900.0,True,True,96,0,0,0,0,0,0,0,900.0,True,True,96,0,0,0,0,0,0,0,900.0,True,True,True,True,A,,,Расчёт возможен по существующим правилам
2020-01-22 00:00:00,2020-01-21 00:00:00,2020-01-24 00:00:00,96,0,0,0,0,0,0,0,900.0,True,True,96,0,0,0,0,0,0,0,900.0,True,True,96,0,0,0,0,0,0,0,900.0,True,True,True,True,A,,,Расчёт возможен по существующим правилам
2020-01-23 00:00:00,2020-01-22 00:00:00,2020-01-25 00:00:00,96,0,0,0,0,0,0,0,900.0,True,True,96,0,0,0,0,0,0,0,900.0,True,True,96,0,0,0,0,0,0,0,900.0,True,True,True,True,A,,,Расчёт возможен по существующим правилам
2020-01-24 00:00:00,2020-01-23 00:00:00,2020-01-26 00:00:00,96,0,0,0,0,0,0,0,900.0,True,True,96,0,0,0,0,0,0,0,900.0,True,True,96,0,0,0,0,0,0,0,900.0,True,True,True,True,A,,,Расчёт возможен по существующим правилам
2020-01-25 00:00:00,2020-01-24 00:00:00,2020-01-27 00:00:00,96,0,0,0,0,0,0,0,900.0,True,True,96,0,0,0,0,0,0,0,900.0,True,True,96,0,0,0,0,0,0,0,900.0,True,True,True,True,A,,,Расчёт возможен по существующим правилам
2020-01-26 00:00:00,2020-01-25 00:00:00,2020-01-28 00:00:00,96,0,0,0,0,0,0,0,900.0,True,True,96,0,0,0,0,0,0,0,900.0,True,True,96,0,0,0,0,0,0,0,900.0,True,True,True,True,A,,,Расчёт возможен по существующим правилам
2020-01-27 00:00:00,2020-01-26 00:00:00,2020-01-29 00:00:00,96,0,0,0,0,0,0,0,900.0,True,True,96,0,0,0,0,0,0,0,900.0,True,True,96,0,0,0,0,0,0,0,900.0,True,True,True,True,A,,,Расчёт возможен по существующим правилам
2020-01-28 00:00:00,2020-01-27 00:00:00,2020-01-30 00:00:00,96,0,0,0,0,0,0,0,900.0,True,True,96,0,0,0,0,0,0,0,900.0,True,True,96,0,0,0,0,0,0,0,900.0,True,True,True,True,A,,,Расчёт возможен по существующим правилам
2020-01-29 00:00:00,2020-01-28 00:00:00,2020-01-31 00:00:00,96,0,0,0,0,0,0,0,900.0,True,True,96,0,0,0,0,0,0,0,900.0,True,True,96,0,0,0,0,0,0,0,900.0,True,True,True,True,A,,,Расчёт возможен по существующим правилам
2020-01-30 00:00:00,2020-01-29 00:00:00,2020-02-01 00:00:00,96,0,0,0,0,0,0,0,900.0,True,True,96,0,0,0,0,0,0,0,900.0,True,True,96,0,0,0,0,0,0,0,900.0,True,True,True,True,A,,,Расчёт возможен по существующим правилам
2020-01-31 00:00:00,2020-01-30 00:00:00,2020-02-02 00:00:00,96,0,0,0,0,0,0,0,900.0,True,True,96,0,0,0,0,0,0,0,900.0,True,True,96,0,0,0,0,0,0,0,900.0,True,True,True,True,A,,,Расчёт возможен по существующим правилам
2020-02-01 00:00:00,2020-01-31 00:00:00,2020-02-03 00:00:00,96,0,0,0,0,0,0,0,900.0,True,True,96,0,0,0,0,0,0,0,900.0,True,True,96,0,0,0,0,0,0,0,900.0,True,True,True,True,A,,,Расчёт возможен по существующим правилам
2020-02-02 00:00:00,2020-02-01 00:00:00,2020-02-04 00:00:00,96,0,0,0,0,0,0,0,900.0,True,True,96,0,0,0,0,0,0,0,900.0,True,True,96,0,0,0,0,0,0,0,900.0,True,True,True,True,A,,,Расчёт возможен по существующим правилам
2020-02-03 00:00:00,2020-02-02 00:00:00,2020-02-05 00:00:00,96,0,0,0,0,0,0,0,900.0,True,True,96,0,0,0,0,0,0,0,900.0,True,True,96,0,0,0,0,0,0,0,900.0,True,True,True,True,A,,,Расчёт возможен по существующим правилам
2020-02-04 00:00:00,2020-02-03 00:00:00,2020-02-06 00:00:00,96,0,0,0,0,0,0,0,900.0,True,True,96,0,0,0,0,0,0,0,900.0,True,True,96,0,0,0,0,0,0,0,900.0,True,True,True,True,A,,,Расчёт возможен по существующим правилам
2020-02-05 00:00:00,2020-02-04 00:00:00,2020-02-07 00:00:00,96,0,0,0,0,0,0,0,900.0,True,True,96,0,0,0,0,0,0,0,900.0,True,True,96,0,0,0,0,0,0,0,900.0,True,True,True,True,A,,,Расчёт возможен по существующим правилам
2020-02-06 00:00:00,2020-02-05 00:00:00,2020-02-08 00:00:00,96,0,0,1,0,0,0,0,900.0,False,False,96,0,0,1,0,0,0,0,900.0,False,False,96,0,0,1,0,0,0,0,900.0,False,False,False,False,B,D1: неполное покрытие суток (служебные значения); D2: неполное покрытие суток (служебные значения); D3: неполное покрытие суток (служебные значения),,D1: неполное покрытие суток (служебные значения); D2: неполное покрытие суток (служебные значения); D3: неполное покрытие суток (служебные значения)
2020-02-07 00:00:00,2020-02-06 00:00:00,2020-02-09 00:00:00,96,0,0,1,0,0,0,0,900.0,True,False,96,0,0,1,0,0,0,0,900.0,True,False,96,0,0,1,0,0,0,0,900.0,True,False,True,False,B,D1: неполное окружение ±12 ч (служебные значения); D2: неполное окружение ±12 ч (служебные значения); D3: неполное окружение ±12 ч (служебные значения),,D1: неполное окружение ±12 ч (служебные значения); D2: неполное окружение ±12 ч (служебные значения); D3: неполное окружение ±12 ч (служебные значения)
2020-02-08 00:00:00,2020-02-07 00:00:00,2020-02-10 00:00:00,96,0,0,0,0,0,0,0,900.0,True,True,96,0,0,0,0,0,0,0,900.0,True,True,96,0,0,0,0,0,0,0,900.0,True,True,True,True,A,,,Расчёт возможен по существующим правилам
2020-02-09 00:00:00,2020-02-08 00:00:00,2020-02-11 00:00:00,96,0,0,0,0,0,0,0,900.0,True,True,96,0,0,0,0,0,0,0,900.0,True,True,96,0,0,0,0,0,0,0,900.0,True,True,True,True,A,,,Расчёт возможен по существующим правилам
2020-02-10 00:00:00,2020-02-09 00:00:00,2020-02-12 00:00:00,96,0,0,0,0,0,0,0,900.0,True,True,96,0,0,0,0,0,0,0,900.0,True,True,96,0,0,0,0,0,0,0,900.0,True,True,True,True,A,,,Расчёт возможен по существующим правилам
2020-02-11 00:00:00,2020-02-10 00:00:00,2020-02-13 00:00:00,96,0,0,0,0,0,0,0,900.0,True,True,96,0,0,0,0,0,0,0,900.0,True,True,96,0,0,0,0,0,0,0,900.0,True,True,True,True,A,,,Расчёт возможен по существующим правилам
2020-02-12 00:00:00,2020-02-11 00:00:00,2020-02-14 00:00:00,96,0,0,0,0,0,0,0,900.0,True,True,96,0,0,0,0,0,0,0,900.0,True,True,96,0,0,0,0,0,0,0,900.0,True,True,True,True,A,,,Расчёт возможен по существующим правилам
2020-02-13 00:00:00,2020-02-12 00:00:00,2020-02-15 00:00:00,96,0,0,0,0,0,0,0,900.0,True,True,96,0,0,0,0,0,0,0,900.0,True,True,96,0,0,0,0,0,0,0,900.0,True,True,True,True,A,,,Расчёт возможен по существующим правилам
2020-02-14 00:00:00,2020-02-13 00:00:00,2020-02-16 00:00:00,96,0,0,0,0,0,0,0,900.0,True,True,96,0,0,0,0,0,0,0,900.0,True,True,96,0,0,0,0,0,0,0,900.0,True,True,True,True,A,,,Расчёт возможен по существующим правилам
2020-02-15 00:00:00,2020-02-14 00:00:00,2020-02-17 00:00:00,96,0,0,0,0,0,0,0,900.0,True,True,96,0,0,0,0,0,0,0,900.0,True,True,96,0,0,0,0,0,0,0,900.0,True,True,True,True,A,,,Расчёт возможен по существующим правилам
2020-02-16 00:00:00,2020-02-15 00:00:00,2020-02-18 00:00:00,96,0,0,0,0,0,0,0,900.0,True,True,96,0,0,0,0,0,0,0,900.0,True,True,96,0,0,0,0,0,0,0,900.0,True,True,True,True,A,,,Расчёт возможен по существующим правилам
2020-02-17 00:00:00,2020-02-16 00:00:00,2020-02-19 00:00:00,96,0,0,0,0,0,0,0,900.0,True,True,96,0,0,0,0,0,0,0,900.0,True,True,96,0,0,0,0,0,0,0,900.0,True,True,True,True,A,,,Расчёт возможен по существующим правилам
2020-02-18 00:00:00,2020-02-17 00:00:00,2020-02-20 00:00:00,96,0,0,0,0,0,0,0,900.0,True,True,96,0,0,0,0,0,0,0,900.0,True,True,96,0,0,0,0,0,0,0,900.0,True,True,True,True,A,,,Расчёт возможен по существующим правилам
2020-02-19 00:00:00,2020-02-18 00:00:00,2020-02-21 00:00:00,96,0,0,0,0,0,0,0,900.0,True,True,96,0,0,0,0,0,0,0,900.0,True,True,96,0,0,0,0,0,0,0,900.0,True,True,True,True,A,,,Расчёт возможен по существующим правилам
2020-02-20 00:00:00,2020-02-19 00:00:00,2020-02-22 00:00:00,96,0,0,0,0,0,0,0,900.0,True,True,96,0,0,0,0,0,0,0,900.0,True,True,96,0,0,0,0,0,0,0,900.0,True,True,True,True,A,,,Расчёт возможен по существующим правилам
2020-02-21 00:00:00,2020-02-20 00:00:00,2020-02-23 00:00:00,96,0,0,0,0,0,0,0,900.0,True,True,96,0,0,0,0,0,0,0,900.0,True,True,96,0,0,0,0,0,0,0,900.0,True,True,True,True,A,,,Расчёт возможен по существующим правилам
2020-02-22 00:00:00,2020-02-21 00:00:00,2020-02-24 00:00:00,96,0,0,0,0,0,0,0,900.0,True,True,96,0,0,0,0,0,0,0,900.0,True,True,96,0,0,0,0,0,0,0,900.0,True,True,True,True,A,,,Расчёт возможен по существующим правилам
2020-02-23 00:00:00,2020-02-22 00:00:00,2020-02-25 00:00:00,96,0,0,0,0,0,0,0,900.0,True,True,96,0,0,0,0,0,0,0,900.0,True,True,96,0,0,0,0,0,0,0,900.0,True,True,True,True,A,,,Расчёт возможен по существующим правилам
2020-02-24 00:00:00,2020-02-23 00:00:00,2020-02-26 00:00:00,96,0,0,0,0,0,0,0,900.0,True,True,96,0,0,0,0,0,0,0,900.0,True,True,96,0,0,0,0,0,0,0,900.0,True,True,True,True,A,,,Расчёт возможен по существующим правилам
2020-02-25 00:00:00,2020-02-24 00:00:00,2020-02-27 00:00:00,96,0,0,0,0,0,0,0,900.0,True,True,96,0,0,0,0,0,0,0,900.0,True,True,96,0,0,0,0,0,0,0,900.0,True,True,True,True,A,,,Расчёт возможен по существующим правилам
2020-02-26 00:00:00,2020-02-25 00:00:00,2020-02-28 00:00:00,96,0,0,0,0,0,0,0,900.0,True,True,96,0,0,0,0,0,0,0,900.0,True,True,96,0,0,0,0,0,0,0,900.0,True,True,True,True,A,,,Расчёт возможен по существующим правилам
2020-02-27 00:00:00,2020-02-26 00:00:00,2020-02-29 00:00:00,96,0,0,0,0,0,0,0,900.0,True,True,96,0,0,0,0,0,0,0,900.0,True,True,96,0,0,0,0,0,0,0,900.0,True,True,True,True,A,,,Расчёт возможен по существующим правилам
2020-02-28 00:00:00,2020-02-27 00:00:00,2020-03-01 00:00:00,96,0,0,0,0,0,0,0,900.0,True,True,96,0,0,0,0,0,0,0,900.0,True,True,96,0,0,0,0,0,0,0,900.0,True,True,True,True,A,,,Расчёт возможен по существующим правилам
2020-02-29 00:00:00,2020-02-28 00:00:00,2020-03-02 00:00:00,96,0,0,0,0,0,0,0,900.0,True,True,96,0,0,0,0,0,0,0,900.0,True,True,96,0,0,0,0,0,0,0,900.0,True,True,True,True,A,,,Расчёт возможен по существующим правилам
2020-03-01 00:00:00,2020-02-29 00:00:00,2020-03-03 00:00:00,96,0,0,0,0,0,0,0,900.0,True,True,96,0,0,0,0,0,0,0,900.0,True,True,96,0,0,0,0,0,0,0,900.0,True,True,True,True,A,,,Расчёт возможен по существующим правилам
2020-03-02 00:00:00,2020-03-01 00:00:00,2020-03-04 00:00:00,96,0,0,0,0,0,0,0,900.0,True,True,96,0,0,0,0,0,0,0,900.0,True,True,96,0,0,0,0,0,0,0,900.0,True,True,True,True,A,,,Расчёт возможен по существующим правилам
2020-03-03 00:00:00,2020-03-02 00:00:00,2020-03-05 00:00:00,96,0,0,0,0,0,0,0,900.0,True,True,96,0,0,0,0,0,0,0,900.0,True,True,96,0,0,0,0,0,0,0,900.0,True,True,True,True,A,,,Расчёт возможен по существующим правилам
2020-03-04 00:00:00,2020-03-03 00:00:00,2020-03-06 00:00:00,96,0,0,0,0,0,0,0,900.0,True,True,96,0,0,0,0,0,0,0,900.0,True,True,96,0,0,0,0,0,0,0,900.0,True,True,True,True,A,,,Расчёт возможен по существующим правилам
2020-03-05 00:00:00,2020-03-04 00:00:00,2020-03-07 00:00:00,96,0,0,0,0,0,0,0,900.0,True,True,96,0,0,0,0,0,0,0,900.0,True,True,96,0,0,0,0,0,0,0,900.0,True,True,True,True,A,,,Расчёт возможен по существующим правилам
2020-03-06 00:00:00,2020-03-05 00:00:00,2020-03-08 00:00:00,96,0,0,0,0,0,0,0,900.0,True,True,96,0,0,0,0,0,0,0,900.0,True,True,96,0,0,0,0,0,0,0,900.0,True,True,True,True,A,,,Расчёт возможен по существующим правилам
2020-03-07 00:00:00,2020-03-06 00:00:00,2020-03-09 00:00:00,96,0,0,0,0,0,0,0,900.0,True,True,96,0,0,0,0,0,0,0,900.0,True,True,96,0,0,0,0,0,0,0,900.0,True,True,True,True,A,,,Расчёт возможен по существующим правилам
2020-03-08 00:00:00,2020-03-07 00:00:00,2020-03-10 00:00:00,96,0,0,0,0,0,0,0,900.0,True,True,96,0,0,0,0,0,0,0,900.0,True,True,96,0,0,0,0,0,0,0,900.0,True,True,True,True,A,,,Расчёт возможен по существующим правилам
2020-03-09 00:00:00,2020-03-08 00:00:00,2020-03-11 00:00:00,96,0,0,0,0,0,0,0,900.0,True,True,96,0,0,0,0,0,0,0,900.0,True,True,96,0,0,0,0,0,0,0,900.0,True,True,True,True,A,,,Расчёт возможен по существующим правилам
2020-03-10 00:00:00,2020-03-09 00:00:00,2020-03-12 00:00:00,96,0,0,0,0,0,0,0,900.0,True,True,96,0,0,0,0,0,0,0,900.0,True,True,96,0,0,0,0,0,0,0,900.0,True,True,True,True,A,,,Расчёт возможен по существующим правилам
2020-03-11 00:00:00,2020-03-10 00:00:00,2020-03-13 00:00:00,96,0,0,0,0,0,0,0,900.0,True,True,96,0,0,0,0,0,0,0,900.0,True,True,96,0,0,0,0,0,0,0,900.0,True,True,True,True,A,,,Расчёт возможен по существующим правилам
2020-03-12 00:00:00,2020-03-11 00:00:00,2020-03-14 00:00:00,96,0,0,0,0,0,0,0,900.0,True,True,96,0,0,0,0,0,0,0,900.0,True,True,96,0,0,0,0,0,0,0,900.0,True,True,True,True,A,,,Расчёт возможен по существующим правилам
2020-03-13 00:00:00,2020-03-12 00:00:00,2020-03-15 00:00:00,96,0,0,0,0,0,0,0,900.0,True,True,96,0,0,0,0,0,0,0,900.0,True,True,96,0,0,0,0,0,0,0,900.0,True,True,True,True,A,,,Расчёт возможен по существующим правилам
2020-03-14 00:00:00,2020-03-13 00:00:00,2020-03-16 00:00:00,96,0,0,0,0,0,0,0,900.0,True,True,96,0,0,0,0,0,0,0,900.0,True,True,96,0,0,0,0,0,0,0,900.0,True,True,True,True,A,,,Расчёт возможен по существующим правилам
2020-03-15 00:00:00,2020-03-14 00:00:00,2020-03-17 00:00:00,96,0,0,0,0,0,0,0,900.0,True,True,96,0,0,0,0,0,0,0,900.0,True,True,96,0,0,0,0,0,0,0,900.0,True,True,True,True,A,,,Расчёт возможен по существующим правилам
2020-03-16 00:00:00,2020-03-15 00:00:00,2020-03-18 00:00:00,96,0,0,0,0,0,0,0,900.0,True,True,96,0,0,0,0,0,0,0,900.0,True,True,96,0,0,0,0,0,0,0,900.0,True,True,True,True,A,,,Расчёт возможен по существующим правилам
2020-03-17 00:00:00,2020-03-16 00:00:00,2020-03-19 00:00:00,96,0,0,0,0,0,0,0,900.0,True,True,96,0,0,0,0,0,0,0,900.0,True,True,96,0,0,0,0,0,0,0,900.0,True,True,True,True,A,,,Расчёт возможен по существующим правилам
2020-03-18 00:00:00,2020-03-17 00:00:00,2020-03-20 00:00:00,96,0,0,0,0,0,0,0,900.0,True,True,96,0,0,0,0,0,0,0,900.0,True,True,96,0,0,0,0,0,0,0,900.0,True,True,True,True,A,,,Расчёт возможен по существующим правилам
2020-03-19 00:00:00,2020-03-18 00:00:00,2020-03-21 00:00:00,96,0,0,0,0,0,0,0,900.0,True,True,96,0,0,0,0,0,0,0,900.0,True,True,96,0,0,0,0,0,0,0,900.0,True,True,True,True,A,,,Расчёт возможен по существующим правилам
2020-03-20 00:00:00,2020-03-19 00:00:00,2020-03-22 00:00:00,96,0,0,0,0,0,0,0,900.0,True,True,96,0,0,0,0,0,0,0,900.0,True,True,96,0,0,0,0,0,0,0,900.0,True,True,True,True,A,,,Расчёт возможен по существующим правилам
2020-03-21 00:00:00,2020-03-20 00:00:00,2020-03-23 00:00:00,96,0,0,0,0,0,0,0,900.0,True,True,96,0,0,0,0,0,0,0,900.0,True,True,96,0,0,0,0,0,0,0,900.0,True,True,True,True,A,,,Расчёт возможен по существующим правилам
2020-03-22 00:00:00,2020-03-21 00:00:00,2020-03-24 00:00:00,96,0,0,0,0,0,0,0,900.0,True,True,96,0,0,0,0,0,0,0,900.0,True,True,96,0,0,0,0,0,0,0,900.0,True,True,True,True,A,,,Расчёт возможен по существующим правилам
2020-03-23 00:00:00,2020-03-22 00:00:00,2020-03-25 00:00:00,96,0,0,0,0,0,0,0,900.0,True,True,96,0,0,0,0,0,0,0,900.0,True,True,96,0,0,0,0,0,0,0,900.0,True,True,True,True,A,,,Расчёт возможен по существующим правилам
2020-03-24 00:00:00,2020-03-23 00:00:00,2020-03-26 00:00:00,96,0,0,0,0,0,0,0,900.0,True,True,96,0,0,0,0,0,0,0,900.0,True,True,96,0,0,0,0,0,0,0,900.0,True,True,True,True,A,,,Расчёт возможен по существующим правилам
2020-03-25 00:00:00,2020-03-24 00:00:00,2020-03-27 00:00:00,96,0,0,0,0,0,0,0,900.0,True,True,96,0,0,0,0,0,0,0,900.0,True,True,96,0,0,0,0,0,0,0,900.0,True,True,True,True,A,,,Расчёт возможен по существующим правилам
2020-03-26 00:00:00,2020-03-25 00:00:00,2020-03-28 00:00:00,96,0,0,0,0,0,0,0,900.0,True,False,96,0,0,0,0,0,0,0,900.0,True,False,96,0,0,0,0,0,0,0,900.0,True,False,True,False,B,D1: неполное окружение ±12 ч; D2: неполное окружение ±12 ч; D3: неполное окружение ±12 ч,,D1: неполное окружение ±12 ч; D2: неполное окружение ±12 ч; D3: неполное окружение ±12 ч
2020-03-27 00:00:00,2020-03-26 00:00:00,2020-03-29 00:00:00,93,0,0,0,0,0,0,0,900.0,False,False,93,0,0,0,0,0,0,0,900.0,False,False,93,0,0,0,0,0,0,0,900.0,False,False,False,False,B,D1: неполное покрытие суток; D2: неполное покрытие суток; D3: неполное покрытие суток,,D1: неполное покрытие суток; D2: неполное покрытие суток; D3: неполное покрытие суток
2020-03-28 00:00:00,2020-03-27 00:00:00,2020-03-30 00:00:00,96,0,0,0,0,0,0,0,900.0,True,True,96,0,0,0,0,0,0,0,900.0,True,True,96,0,0,0,0,0,0,0,900.0,True,True,True,True,A,,,Расчёт возможен по существующим правилам
2020-03-29 00:00:00,2020-03-28 00:00:00,2020-03-31 00:00:00,96,0,0,0,0,0,0,0,900.0,True,True,96,0,0,0,0,0,0,0,900.0,True,True,96,0,0,0,0,0,0,0,900.0,True,True,True,True,A,,,Расчёт возможен по существующим правилам
2020-03-30 00:00:00,2020-03-29 00:00:00,2020-04-01 00:00:00,96,0,0,0,0,0,0,0,900.0,True,True,96,0,0,0,0,0,0,0,900.0,True,True,96,0,0,0,0,0,0,0,900.0,True,True,True,True,A,,,Расчёт возможен по существующим правилам
2020-03-31 00:00:00,2020-03-30 00:00:00,2020-04-02 00:00:00,96,0,0,0,0,0,0,0,900.0,True,True,96,0,0,0,0,0,0,0,900.0,True,True,96,0,0,0,0,0,0,0,900.0,True,True,True,True,A,,,Расчёт возможен по существующим правилам
2020-04-01 00:00:00,2020-03-31 00:00:00,2020-04-03 00:00:00,96,0,0,0,0,0,0,0,900.0,True,True,96,0,0,0,0,0,0,0,900.0,True,True,96,0,0,0,0,0,0,0,900.0,True,True,True,True,A,,,Расчёт возможен по существующим правилам
2020-04-02 00:00:00,2020-04-01 00:00:00,2020-04-04 00:00:00,96,0,0,0,0,0,0,0,900.0,True,True,96,0,0,0,0,0,0,0,900.0,True,True,96,0,0,0,0,0,0,0,900.0,True,True,True,True,A,,,Расчёт возможен по существующим правилам
2020-04-03 00:00:00,2020-04-02 00:00:00,2020-04-05 00:00:00,96,0,0,0,0,0,0,0,900.0,True,True,96,0,0,0,0,0,0,0,900.0,True,True,96,0,0,0,0,0,0,0,900.0,True,True,True,True,A,,,Расчёт возможен по существующим правилам
2020-04-04 00:00:00,2020-04-03 00:00:00,2020-04-06 00:00:00,96,0,0,0,0,0,0,0,900.0,True,True,96,0,0,0,0,0,0,0,900.0,True,True,96,0,0,0,0,0,0,0,900.0,True,True,True,True,A,,,Расчёт возможен по существующим правилам
2020-04-05 00:00:00,2020-04-04 00:00:00,2020-04-07 00:00:00,96,0,0,0,0,0,0,0,900.0,True,True,96,0,0,0,0,0,0,0,900.0,True,True,96,0,0,0,0,0,0,0,900.0,True,True,True,True,A,,,Расчёт возможен по существующим правилам
2020-04-06 00:00:00,2020-04-05 00:00:00,2020-04-08 00:00:00,96,0,0,0,0,0,0,0,900.0,True,True,96,0,0,0,0,0,0,0,900.0,True,True,96,0,0,0,0,0,0,0,900.0,True,True,True,True,A,,,Расчёт возможен по существующим правилам
2020-04-07 00:00:00,2020-04-06 00:00:00,2020-04-09 00:00:00,96,0,0,0,0,0,0,0,900.0,True,True,96,0,0,0,0,0,0,0,900.0,True,True,96,0,0,0,0,0,0,0,900.0,True,True,True,True,A,,,Расчёт возможен по существующим правилам
2020-04-08 00:00:00,2020-04-07 00:00:00,2020-04-10 00:00:00,96,0,0,0,0,0,0,0,900.0,True,True,96,0,0,0,0,0,0,0,900.0,True,True,96,0,0,0,0,0,0,0,900.0,True,True,True,True,A,,,Расчёт возможен по существующим правилам
2020-04-09 00:00:00,2020-04-08 00:00:00,2020-04-11 00:00:00,96,0,0,0,0,0,0,0,900.0,True,True,96,0,0,0,0,0,0,0,900.0,True,True,96,0,0,0,0,0,0,0,900.0,True,True,True,True,A,,,Расчёт возможен по существующим правилам
2020-04-10 00:00:00,2020-04-09 00:00:00,2020-04-12 00:00:00,96,0,0,0,0,0,0,0,900.0,True,True,96,0,0,0,0,0,0,0,900.0,True,True,96,0,0,0,0,0,0,0,900.0,True,True,True,True,A,,,Расчёт возможен по существующим правилам
2020-04-11 00:00:00,2020-04-10 00:00:00,2020-04-13 00:00:00,96,0,0,0,0,0,0,0,900.0,True,True,96,0,0,0,0,0,0,0,900.0,True,True,96,0,0,0,0,0,0,0,900.0,True,True,True,True,A,,,Расчёт возможен по существующим правилам
2020-04-12 00:00:00,2020-04-11 00:00:00,2020-04-14 00:00:00,96,0,0,0,0,0,0,0,900.0,True,True,96,0,0,0,0,0,0,0,900.0,True,True,96,0,0,0,0,0,0,0,900.0,True,True,True,True,A,,,Расчёт возможен по существующим правилам
2020-04-13 00:00:00,2020-04-12 00:00:00,2020-04-15 00:00:00,96,0,0,0,0,0,0,0,900.0,True,True,96,0,0,0,0,0,0,0,900.0,True,True,96,0,0,0,0,0,0,0,900.0,True,True,True,True,A,,,Расчёт возможен по существующим правилам
2020-04-14 00:00:00,2020-04-13 00:00:00,2020-04-16 00:00:00,96,0,0,0,0,0,0,0,900.0,True,True,96,0,0,0,0,0,0,0,900.0,True,True,96,0,0,0,0,0,0,0,900.0,True,True,True,True,A,,,Расчёт возможен по существующим правилам
2020-04-15 00:00:00,2020-04-14 00:00:00,2020-04-17 00:00:00,96,0,0,0,0,0,0,0,900.0,True,True,96,0,0,0,0,0,0,0,900.0,True,True,96,0,0,0,0,0,0,0,900.0,True,True,True,True,A,,,Расчёт возможен по существующим правилам
2020-04-16 00:00:00,2020-04-15 00:00:00,2020-04-18 00:00:00,96,0,0,0,0,0,0,0,900.0,True,True,96,0,0,0,0,0,0,0,900.0,True,True,96,0,0,0,0,0,0,0,900.0,True,True,True,True,A,,,Расчёт возможен по существующим правилам
2020-04-17 00:00:00,2020-04-16 00:00:00,2020-04-19 00:00:00,96,0,0,0,0,0,0,0,900.0,True,True,96,0,0,0,0,0,0,0,900.0,True,True,96,0,0,0,0,0,0,0,900.0,True,True,True,True,A,,,Расчёт возможен по существующим правилам
2020-04-18 00:00:00,2020-04-17 00:00:00,2020-04-20 00:00:00,96,0,0,0,0,0,0,0,900.0,True,False,96,0,0,0,0,0,0,0,900.0,True,False,96,0,0,0,0,0,0,0,900.0,True,False,True,False,B,D1: неполное окружение ±12 ч; D2: неполное окружение ±12 ч; D3: неполное окружение ±12 ч,,D1: неполное окружение ±12 ч; D2: неполное окружение ±12 ч; D3: неполное окружение ±12 ч
2020-04-19 00:00:00,2020-04-18 00:00:00,2020-04-21 00:00:00,93,0,0,0,0,0,0,0,900.0,False,False,93,0,0,0,0,0,0,0,900.0,False,False,93,0,0,0,0,0,0,0,900.0,False,False,False,False,B,D1: неполное покрытие суток; D2: неполное покрытие суток; D3: неполное покрытие суток,,D1: неполное покрытие суток; D2: неполное покрытие суток; D3: неполное покрытие суток
2020-04-20 00:00:00,2020-04-19 00:00:00,2020-04-22 00:00:00,96,0,0,0,0,0,0,0,900.0,True,True,96,0,0,0,0,0,0,0,900.0,True,True,96,0,0,0,0,0,0,0,900.0,True,True,True,True,A,,,Расчёт возможен по существующим правилам
2020-04-21 00:00:00,2020-04-20 00:00:00,2020-04-23 00:00:00,96,0,0,0,0,0,0,0,900.0,True,True,96,0,0,0,0,0,0,0,900.0,True,True,96,0,0,0,0,0,0,0,900.0,True,True,True,True,A,,,Расчёт возможен по существующим правилам
2020-04-22 00:00:00,2020-04-21 00:00:00,2020-04-24 00:00:00,96,0,0,0,0,0,0,0,900.0,True,True,96,0,0,0,0,0,0,0,900.0,True,True,96,0,0,0,0,0,0,0,900.0,True,True,True,True,A,,,Расчёт возможен по существующим правилам
2020-04-23 00:00:00,2020-04-22 00:00:00,2020-04-25 00:00:00,96,0,0,0,0,0,0,0,900.0,True,True,96,0,0,0,0,0,0,0,900.0,True,True,96,0,0,0,0,0,0,0,900.0,True,True,True,True,A,,,Расчёт возможен по существующим правилам
2020-04-24 00:00:00,2020-04-23 00:00:00,2020-04-26 00:00:00,96,0,0,0,0,0,0,0,900.0,True,True,96,0,0,0,0,0,0,0,900.0,True,True,96,0,0,0,0,0,0,0,900.0,True,True,True,True,A,,,Расчёт возможен по существующим правилам
2020-04-25 00:00:00,2020-04-24 00:00:00,2020-04-27 00:00:00,96,0,0,0,0,0,0,0,900.0,True,True,96,0,0,0,0,0,0,0,900.0,True,True,96,0,0,0,0,0,0,0,900.0,True,True,True,True,A,,,Расчёт возможен по существующим правилам
2020-04-26 00:00:00,2020-04-25 00:00:00,2020-04-28 00:00:00,96,0,0,0,0,0,0,0,900.0,True,True,96,0,0,0,0,0,0,0,900.0,True,True,96,0,0,0,0,0,0,0,900.0,True,True,True,True,A,,,Расчёт возможен по существующим правилам
2020-04-27 00:00:00,2020-04-26 00:00:00,2020-04-29 00:00:00,96,0,0,0,0,0,0,0,900.0,True,True,96,0,0,0,0,0,0,0,900.0,True,True,96,0,0,0,0,0,0,0,900.0,True,True,True,True,A,,,Расчёт возможен по существующим правилам
2020-04-28 00:00:00,2020-04-27 00:00:00,2020-04-30 00:00:00,96,0,0,0,0,0,0,0,900.0,True,True,96,0,0,0,0,0,0,0,900.0,True,True,96,0,0,0,0,0,0,0,900.0,True,True,True,True,A,,,Расчёт возможен по существующим правилам
2020-04-29 00:00:00,2020-04-28 00:00:00,2020-05-01 00:00:00,96,0,0,0,0,0,0,0,900.0,True,True,96,0,0,0,0,0,0,0,900.0,True,True,96,0,0,0,0,0,0,0,900.0,True,True,True,True,A,,,Расчёт возможен по существующим правилам
2020-04-30 00:00:00,2020-04-29 00:00:00,2020-05-02 00:00:00,96,0,0,0,0,0,0,0,900.0,True,True,96,0,0,0,1,0,0,0,900.0,True,False,96,0,0,0,0,0,0,0,900.0,True,True,True,False,B,D2: неполное окружение ±12 ч (нарушение 0<C≤3000),,D2: неполное окружение ±12 ч (нарушение 0<C≤3000)
2020-05-01 00:00:00,2020-04-30 00:00:00,2020-05-03 00:00:00,96,0,0,0,0,0,0,0,900.0,True,True,96,0,0,0,1,0,0,0,900.0,False,False,96,0,0,0,0,0,0,0,900.0,True,True,False,False,B,D2: неполное покрытие суток (нарушение 0<C≤3000),,D2: неполное покрытие суток (нарушение 0<C≤3000)
2020-05-02 00:00:00,2020-05-01 00:00:00,2020-05-04 00:00:00,96,0,0,0,0,0,0,0,900.0,True,True,96,0,0,0,0,0,0,0,900.0,True,True,96,0,0,0,0,0,0,0,900.0,True,True,True,True,A,,,Расчёт возможен по существующим правилам
2020-05-03 00:00:00,2020-05-02 00:00:00,2020-05-05 00:00:00,96,0,0,0,0,0,0,0,900.0,True,True,96,0,0,0,0,0,0,0,900.0,True,True,96,0,0,0,0,0,0,0,900.0,True,True,True,True,A,,,Расчёт возможен по существующим правилам
2020-05-04 00:00:00,2020-05-03 00:00:00,2020-05-06 00:00:00,96,0,0,1,0,0,0,0,900.0,True,False,96,0,0,1,0,0,0,0,900.0,True,False,96,0,0,1,0,0,0,0,900.0,True,False,True,False,B,D1: неполное окружение ±12 ч (служебные значения); D2: неполное окружение ±12 ч (служебные значения); D3: неполное окружение ±12 ч (служебные значения),,D1: неполное окружение ±12 ч (служебные значения); D2: неполное окружение ±12 ч (служебные значения); D3: неполное окружение ±12 ч (служебные значения)
2020-05-05 00:00:00,2020-05-04 00:00:00,2020-05-07 00:00:00,96,0,0,1,0,0,0,0,900.0,False,False,96,0,0,1,0,0,0,0,900.0,False,False,96,0,0,1,0,0,0,0,900.0,False,False,False,False,B,D1: неполное покрытие суток (служебные значения); D2: неполное покрытие суток (служебные значения); D3: неполное покрытие суток (служебные значения),,D1: неполное покрытие суток (служебные значения); D2: неполное покрытие суток (служебные значения); D3: неполное покрытие суток (служебные значения)
2020-05-06 00:00:00,2020-05-05 00:00:00,2020-05-08 00:00:00,96,0,0,0,0,0,0,0,900.0,True,True,96,0,0,0,0,0,0,0,900.0,True,True,96,0,0,0,0,0,0,0,900.0,True,True,True,True,A,,,Расчёт возможен по существующим правилам
2020-05-07 00:00:00,2020-05-06 00:00:00,2020-05-09 00:00:00,96,0,0,0,0,0,0,0,900.0,True,True,96,0,0,0,0,0,0,0,900.0,True,True,96,0,0,0,0,0,0,0,900.0,True,True,True,True,A,,,Расчёт возможен по существующим правилам
2020-05-08 00:00:00,2020-05-07 00:00:00,2020-05-10 00:00:00,96,0,0,0,0,0,0,0,900.0,True,True,96,0,0,0,0,0,0,0,900.0,True,True,96,0,0,0,0,0,0,0,900.0,True,True,True,True,A,,,Расчёт возможен по существующим правилам
2020-05-09 00:00:00,2020-05-08 00:00:00,2020-05-11 00:00:00,96,0,0,0,0,0,0,0,900.0,True,True,96,0,0,0,0,0,0,0,900.0,True,True,96,0,0,0,0,0,0,0,900.0,True,True,True,True,A,,,Расчёт возможен по существующим правилам
2020-05-10 00:00:00,2020-05-09 00:00:00,2020-05-12 00:00:00,96,0,0,0,0,0,0,0,900.0,True,True,96,0,0,0,0,0,0,0,900.0,True,True,96,0,0,0,0,0,0,0,900.0,True,True,True,True,A,,,Расчёт возможен по существующим правилам
2020-05-11 00:00:00,2020-05-10 00:00:00,2020-05-13 00:00:00,96,0,0,0,0,0,0,0,900.0,True,True,96,0,0,0,0,0,0,0,900.0,True,True,96,0,0,0,0,0,0,0,900.0,True,True,True,True,A,,,Расчёт возможен по существующим правилам
2020-05-12 00:00:00,2020-05-11 00:00:00,2020-05-14 00:00:00,96,0,0,0,0,0,0,0,900.0,True,False,96,0,0,0,0,0,0,0,900.0,True,False,96,0,0,0,0,0,0,0,900.0,True,False,True,False,B,D1: неполное окружение ±12 ч; D2: неполное окружение ±12 ч; D3: неполное окружение ±12 ч,,D1: неполное окружение ±12 ч; D2: неполное окружение ±12 ч; D3: неполное окружение ±12 ч
2020-05-13 00:00:00,2020-05-12 00:00:00,2020-05-15 00:00:00,88,0,0,1,0,0,0,0,900.0,False,False,88,0,0,1,0,0,0,0,900.0,False,False,88,0,0,1,0,0,0,0,900.0,False,False,False,False,B,D1: неполное покрытие суток (служебные значения); D2: неполное покрытие суток (служебные значения); D3: неполное покрытие суток (служебные значения),,D1: неполное покрытие суток (служебные значения); D2: неполное покрытие суток (служебные значения); D3: неполное покрытие суток (служебные значения)
2020-05-14 00:00:00,2020-05-13 00:00:00,2020-05-16 00:00:00,96,0,0,1,0,0,0,0,900.0,False,False,96,0,0,1,0,0,0,0,900.0,False,False,96,0,0,1,0,0,0,0,900.0,False,False,False,False,B,D1: неполное покрытие суток (служебные значения); D2: неполное покрытие суток (служебные значения); D3: неполное покрытие суток (служебные значения),,D1: неполное покрытие суток (служебные значения); D2: неполное покрытие суток (служебные значения); D3: неполное покрытие суток (служебные значения)
2020-05-15 00:00:00,2020-05-14 00:00:00,2020-05-17 00:00:00,96,0,0,0,0,0,0,0,900.0,True,True,96,0,0,0,0,0,0,0,900.0,True,True,96,0,0,0,0,0,0,0,900.0,True,True,True,True,A,,,Расчёт возможен по существующим правилам
2020-05-16 00:00:00,2020-05-15 00:00:00,2020-05-18 00:00:00,96,0,0,0,0,0,0,0,900.0,True,True,96,0,0,0,0,0,0,0,900.0,True,True,96,0,0,0,0,0,0,0,900.0,True,True,True,True,A,,,Расчёт возможен по существующим правилам
2020-05-17 00:00:00,2020-05-16 00:00:00,2020-05-19 00:00:00,96,0,0,0,0,0,0,0,900.0,True,True,96,0,0,0,0,0,0,0,900.0,True,True,96,0,0,0,0,0,0,0,900.0,True,True,True,True,A,,,Расчёт возможен по существующим правилам
2020-05-18 00:00:00,2020-05-17 00:00:00,2020-05-20 00:00:00,96,0,0,0,0,0,0,0,900.0,True,True,96,0,0,0,0,0,0,0,900.0,True,True,96,0,0,0,0,0,0,0,900.0,True,True,True,True,A,,,Расчёт возможен по существующим правилам
2020-05-19 00:00:00,2020-05-18 00:00:00,2020-05-21 00:00:00,96,0,0,0,0,0,0,0,900.0,True,True,96,0,0,0,0,0,0,0,900.0,True,True,96,0,0,0,0,0,0,0,900.0,True,True,True,True,A,,,Расчёт возможен по существующим правилам
2020-05-20 00:00:00,2020-05-19 00:00:00,2020-05-22 00:00:00,96,0,0,0,0,0,0,0,900.0,True,True,96,0,0,0,0,0,0,0,900.0,True,True,96,0,0,0,0,0,0,0,900.0,True,True,True,True,A,,,Расчёт возможен по существующим правилам
2020-05-21 00:00:00,2020-05-20 00:00:00,2020-05-23 00:00:00,96,0,0,0,0,0,0,0,900.0,True,True,96,0,0,0,0,0,0,0,900.0,True,True,96,0,0,0,0,0,0,0,900.0,True,True,True,True,A,,,Расчёт возможен по существующим правилам
2020-05-22 00:00:00,2020-05-21 00:00:00,2020-05-24 00:00:00,96,0,0,0,0,0,0,0,900.0,True,True,96,0,0,0,0,0,0,0,900.0,True,True,96,0,0,0,0,0,0,0,900.0,True,True,True,True,A,,,Расчёт возможен по существующим правилам
2020-05-23 00:00:00,2020-05-22 00:00:00,2020-05-25 00:00:00,96,0,0,0,0,0,0,0,900.0,True,True,96,0,0,0,0,0,0,0,900.0,True,True,96,0,0,0,0,0,0,0,900.0,True,True,True,True,A,,,Расчёт возможен по существующим правилам
2020-05-24 00:00:00,2020-05-23 00:00:00,2020-05-26 00:00:00,96,0,0,0,0,0,0,0,900.0,True,True,96,0,0,0,0,0,0,0,900.0,True,True,96,0,0,0,0,0,0,0,900.0,True,True,True,True,A,,,Расчёт возможен по существующим правилам
2020-05-25 00:00:00,2020-05-24 00:00:00,2020-05-27 00:00:00,96,0,0,0,0,0,0,0,900.0,True,True,96,0,0,0,0,0,0,0,900.0,True,True,96,0,0,0,0,0,0,0,900.0,True,True,True,True,A,,,Расчёт возможен по существующим правилам
2020-05-26 00:00:00,2020-05-25 00:00:00,2020-05-28 00:00:00,96,0,0,0,0,0,0,0,900.0,True,True,96,0,0,0,0,0,0,0,900.0,True,True,96,0,0,0,0,0,0,0,900.0,True,True,True,True,A,,,Расчёт возможен по существующим правилам
2020-05-27 00:00:00,2020-05-26 00:00:00,2020-05-29 00:00:00,96,0,0,0,0,0,0,0,900.0,True,True,96,0,0,0,0,0,0,0,900.0,True,True,96,0,0,0,0,0,0,0,900.0,True,True,True,True,A,,,Расчёт возможен по существующим правилам
2020-05-28 00:00:00,2020-05-27 00:00:00,2020-05-30 00:00:00,96,0,0,0,0,0,0,0,900.0,True,True,96,0,0,0,0,0,0,0,900.0,True,True,96,0,0,0,0,0,0,0,900.0,True,True,True,True,A,,,Расчёт возможен по существующим правилам
2020-05-29 00:00:00,2020-05-28 00:00:00,2020-05-31 00:00:00,96,0,0,1,0,0,0,0,900.0,False,False,96,0,0,1,0,0,0,0,900.0,False,False,96,0,0,1,0,0,0,0,900.0,False,False,False,False,B,D1: неполное покрытие суток (служебные значения); D2: неполное покрытие суток (служебные значения); D3: неполное покрытие суток (служебные значения),,D1: неполное покрытие суток (служебные значения); D2: неполное покрытие суток (служебные значения); D3: неполное покрытие суток (служебные значения)
2020-05-30 00:00:00,2020-05-29 00:00:00,2020-06-01 00:00:00,96,0,0,1,0,0,0,0,900.0,True,False,96,0,0,1,0,0,0,0,900.0,True,False,96,0,0,1,0,0,0,0,900.0,True,False,True,False,B,D1: неполное окружение ±12 ч (служебные значения); D2: неполное окружение ±12 ч (служебные значения); D3: неполное окружение ±12 ч (служебные значения),,D1: неполное окружение ±12 ч (служебные значения); D2: неполное окружение ±12 ч (служебные значения); D3: неполное окружение ±12 ч (служебные значения)
2020-05-31 00:00:00,2020-05-30 00:00:00,2020-06-02 00:00:00,96,0,0,0,0,0,0,0,900.0,True,True,96,0,0,0,0,0,0,0,900.0,True,True,96,0,0,0,0,0,0,0,900.0,True,True,True,True,A,,,Расчёт возможен по существующим правилам
2020-06-01 00:00:00,2020-05-31 00:00:00,2020-06-03 00:00:00,96,0,0,0,0,0,0,0,900.0,True,True,96,0,0,0,0,0,0,0,900.0,True,True,96,0,0,0,0,0,0,0,900.0,True,True,True,True,A,,,Расчёт возможен по существующим правилам
2020-06-02 00:00:00,2020-06-01 00:00:00,2020-06-04 00:00:00,96,0,0,1,0,0,0,0,900.0,False,False,96,0,0,1,0,0,0,0,900.0,False,False,96,0,0,1,0,0,0,0,900.0,False,False,False,False,B,D1: неполное покрытие суток (служебные значения); D2: неполное покрытие суток (служебные значения); D3: неполное покрытие суток (служебные значения),,D1: неполное покрытие суток (служебные значения); D2: неполное покрытие суток (служебные значения); D3: неполное покрытие суток (служебные значения)
2020-06-03 00:00:00,2020-06-02 00:00:00,2020-06-05 00:00:00,96,0,0,1,0,0,0,0,900.0,True,False,96,0,0,1,0,0,0,0,900.0,True,False,96,0,0,1,0,0,0,0,900.0,True,False,True,False,B,D1: неполное окружение ±12 ч (служебные значения); D2: неполное окружение ±12 ч (служебные значения); D3: неполное окружение ±12 ч (служебные значения),,D1: неполное окружение ±12 ч (служебные значения); D2: неполное окружение ±12 ч (служебные значения); D3: неполное окружение ±12 ч (служебные значения)
2020-06-04 00:00:00,2020-06-03 00:00:00,2020-06-06 00:00:00,96,0,0,0,0,0,0,0,900.0,True,True,96,0,0,0,0,0,0,0,900.0,True,True,96,0,0,0,0,0,0,0,900.0,True,True,True,True,A,,,Расчёт возможен по существующим правилам
2020-06-05 00:00:00,2020-06-04 00:00:00,2020-06-07 00:00:00,96,0,0,0,0,0,0,0,900.0,True,True,96,0,0,0,0,0,0,0,900.0,True,True,96,0,0,0,0,0,0,0,900.0,True,True,True,True,A,,,Расчёт возможен по существующим правилам
2020-06-06 00:00:00,2020-06-05 00:00:00,2020-06-08 00:00:00,96,0,0,0,0,0,0,0,900.0,True,True,96,0,0,0,0,0,0,0,900.0,True,True,96,0,0,0,0,0,0,0,900.0,True,True,True,True,A,,,Расчёт возможен по существующим правилам
2020-06-07 00:00:00,2020-06-06 00:00:00,2020-06-09 00:00:00,96,0,0,0,0,0,0,0,900.0,True,True,96,0,0,0,0,0,0,0,900.0,True,True,96,0,0,0,0,0,0,0,900.0,True,True,True,True,A,,,Расчёт возможен по существующим правилам
2020-06-08 00:00:00,2020-06-07 00:00:00,2020-06-10 00:00:00,96,0,0,0,0,0,0,0,900.0,True,True,96,0,0,0,0,0,0,0,900.0,True,True,96,0,0,0,0,0,0,0,900.0,True,True,True,True,A,,,Расчёт возможен по существующим правилам
2020-06-09 00:00:00,2020-06-08 00:00:00,2020-06-11 00:00:00,96,0,0,0,0,0,0,0,900.0,True,True,96,0,0,0,0,0,0,0,900.0,True,True,96,0,0,0,0,0,0,0,900.0,True,True,True,True,A,,,Расчёт возможен по существующим правилам
2020-06-10 00:00:00,2020-06-09 00:00:00,2020-06-12 00:00:00,96,0,0,0,0,0,0,0,900.0,True,True,96,0,0,0,0,0,0,0,900.0,True,True,96,0,0,0,0,0,0,0,900.0,True,True,True,True,A,,,Расчёт возможен по существующим правилам
2020-06-11 00:00:00,2020-06-10 00:00:00,2020-06-13 00:00:00,96,0,0,0,0,0,0,0,900.0,True,True,96,0,0,0,0,0,0,0,900.0,True,True,96,0,0,0,0,0,0,0,900.0,True,True,True,True,A,,,Расчёт возможен по существующим правилам
2020-06-12 00:00:00,2020-06-11 00:00:00,2020-06-14 00:00:00,96,0,0,0,0,0,0,0,900.0,True,True,96,0,0,0,0,0,0,0,900.0,True,True,96,0,0,0,0,0,0,0,900.0,True,True,True,True,A,,,Расчёт возможен по существующим правилам
2020-06-13 00:00:00,2020-06-12 00:00:00,2020-06-15 00:00:00,96,0,0,0,0,0,0,0,900.0,True,True,96,0,0,0,0,0,0,0,900.0,True,True,96,0,0,0,0,0,0,0,900.0,True,True,True,True,A,,,Расчёт возможен по существующим правилам
2020-06-14 00:00:00,2020-06-13 00:00:00,2020-06-16 00:00:00,96,0,0,0,0,0,0,0,900.0,True,True,96,0,0,0,0,0,0,0,900.0,True,True,96,0,0,0,0,0,0,0,900.0,True,True,True,True,A,,,Расчёт возможен по существующим правилам
2020-06-15 00:00:00,2020-06-14 00:00:00,2020-06-17 00:00:00,96,0,0,0,0,0,0,0,900.0,True,True,96,0,0,0,0,0,0,0,900.0,True,True,96,0,0,0,0,0,0,0,900.0,True,True,True,True,A,,,Расчёт возможен по существующим правилам
2020-06-16 00:00:00,2020-06-15 00:00:00,2020-06-18 00:00:00,96,0,0,0,0,0,0,0,900.0,True,True,96,0,0,0,0,0,0,0,900.0,True,True,96,0,0,0,0,0,0,0,900.0,True,True,True,True,A,,,Расчёт возможен по существующим правилам
2020-06-17 00:00:00,2020-06-16 00:00:00,2020-06-19 00:00:00,96,0,0,0,0,0,0,0,900.0,True,True,96,0,0,0,0,0,0,0,900.0,True,True,96,0,0,0,0,0,0,0,900.0,True,True,True,True,A,,,Расчёт возможен по существующим правилам
2020-06-18 00:00:00,2020-06-17 00:00:00,2020-06-20 00:00:00,96,0,0,0,0,0,0,0,900.0,True,True,96,0,0,0,0,0,0,0,900.0,True,True,96,0,0,0,0,0,0,0,900.0,True,True,True,True,A,,,Расчёт возможен по существующим правилам
2020-06-19 00:00:00,2020-06-18 00:00:00,2020-06-21 00:00:00,96,0,0,0,0,0,0,0,900.0,True,True,96,0,0,0,0,0,0,0,900.0,True,True,96,0,0,0,0,0,0,0,900.0,True,True,True,True,A,,,Расчёт возможен по существующим правилам
2020-06-20 00:00:00,2020-06-19 00:00:00,2020-06-22 00:00:00,96,0,0,0,0,0,0,0,900.0,True,True,96,0,0,0,0,0,0,0,900.0,True,True,96,0,0,0,0,0,0,0,900.0,True,True,True,True,A,,,Расчёт возможен по существующим правилам
2020-06-21 00:00:00,2020-06-20 00:00:00,2020-06-23 00:00:00,96,0,0,0,0,0,0,0,900.0,True,True,96,0,0,0,0,0,0,0,900.0,True,True,96,0,0,0,0,0,0,0,900.0,True,True,True,True,A,,,Расчёт возможен по существующим правилам
2020-06-22 00:00:00,2020-06-21 00:00:00,2020-06-24 00:00:00,96,0,0,0,0,0,0,0,900.0,True,True,96,0,0,0,0,0,0,0,900.0,True,True,96,0,0,0,0,0,0,0,900.0,True,True,True,True,A,,,Расчёт возможен по существующим правилам
2020-06-23 00:00:00,2020-06-22 00:00:00,2020-06-25 00:00:00,96,0,0,0,0,0,0,0,900.0,True,True,96,0,0,0,0,0,0,0,900.0,True,True,96,0,0,0,0,0,0,0,900.0,True,True,True,True,A,,,Расчёт возможен по существующим правилам
2020-06-24 00:00:00,2020-06-23 00:00:00,2020-06-26 00:00:00,96,0,0,0,0,0,0,0,900.0,True,True,96,0,0,0,1,0,0,0,900.0,False,False,96,0,0,0,0,0,0,0,900.0,True,True,False,False,B,D2: неполное покрытие суток (нарушение 0<C≤3000),,D2: неполное покрытие суток (нарушение 0<C≤3000)
2020-06-25 00:00:00,2020-06-24 00:00:00,2020-06-27 00:00:00,96,0,0,0,0,0,0,0,900.0,True,True,96,0,0,0,2,0,0,0,900.0,True,False,96,0,0,0,0,0,0,0,900.0,True,True,True,False,B,D2: неполное окружение ±12 ч (нарушение 0<C≤3000),,D2: неполное окружение ±12 ч (нарушение 0<C≤3000)
2020-06-26 00:00:00,2020-06-25 00:00:00,2020-06-28 00:00:00,96,0,0,0,0,0,0,0,900.0,True,True,96,0,0,0,1,0,0,0,900.0,False,False,96,0,0,0,0,0,0,0,900.0,True,True,False,False,B,D2: неполное покрытие суток (нарушение 0<C≤3000),,D2: неполное покрытие суток (нарушение 0<C≤3000)
2020-06-27 00:00:00,2020-06-26 00:00:00,2020-06-29 00:00:00,96,0,0,0,0,0,0,0,900.0,True,True,96,0,0,0,0,0,0,0,900.0,True,True,96,0,0,0,0,0,0,0,900.0,True,True,True,True,A,,,Расчёт возможен по существующим правилам
2020-06-28 00:00:00,2020-06-27 00:00:00,2020-06-30 00:00:00,96,0,0,0,0,0,0,0,900.0,True,True,96,0,0,0,0,0,0,0,900.0,True,True,96,0,0,0,0,0,0,0,900.0,True,True,True,True,A,,,Расчёт возможен по существующим правилам
2020-06-29 00:00:00,2020-06-28 00:00:00,2020-07-01 00:00:00,96,0,0,0,0,0,0,0,900.0,True,True,96,0,0,0,0,0,0,0,900.0,True,True,96,0,0,0,0,0,0,0,900.0,True,True,True,True,A,,,Расчёт возможен по существующим правилам
2020-06-30 00:00:00,2020-06-29 00:00:00,2020-07-02 00:00:00,96,0,0,0,0,0,0,0,900.0,True,True,96,0,0,0,0,0,0,0,900.0,True,True,96,0,0,0,0,0,0,0,900.0,True,True,True,True,A,,,Расчёт возможен по существующим правилам
2020-07-01 00:00:00,2020-06-30 00:00:00,2020-07-03 00:00:00,96,0,0,0,0,0,0,0,900.0,True,True,96,0,0,0,0,0,0,0,900.0,True,True,96,0,0,0,0,0,0,0,900.0,True,True,True,True,A,,,Расчёт возможен по существующим правилам
2020-07-02 00:00:00,2020-07-01 00:00:00,2020-07-04 00:00:00,96,0,0,0,0,0,31,31,900.0,True,False,96,0,0,0,0,0,31,31,900.0,True,False,96,0,0,0,0,0,31,31,900.0,True,False,True,False,B,D1: неполное окружение ±12 ч; D2: неполное окружение ±12 ч; D3: неполное окружение ±12 ч,D1: диагностический постоянный участок в окнах расчёта; D2: диагностический постоянный участок в окнах расчёта; D3: диагностический постоянный участок в окнах расчёта,D1: неполное окружение ±12 ч; D2: неполное окружение ±12 ч; D3: неполное окружение ±12 ч; D1: диагностический постоянный участок в окнах расчёта; D2: диагностический постоянный участок в окнах расчёта; D3: диагностический постоянный участок в окнах расчёта
2020-07-03 00:00:00,2020-07-02 00:00:00,2020-07-05 00:00:00,93,0,0,0,0,0,31,31,900.0,False,False,93,0,0,0,0,0,31,31,900.0,False,False,93,0,0,0,0,0,31,31,900.0,False,False,False,False,B,D1: неполное покрытие суток; D2: неполное покрытие суток; D3: неполное покрытие суток,D1: диагностический постоянный участок в окнах расчёта; D2: диагностический постоянный участок в окнах расчёта; D3: диагностический постоянный участок в окнах расчёта,D1: неполное покрытие суток; D2: неполное покрытие суток; D3: неполное покрытие суток; D1: диагностический постоянный участок в окнах расчёта; D2: диагностический постоянный участок в окнах расчёта; D3: диагностический постоянный участок в окнах расчёта
2020-07-04 00:00:00,2020-07-03 00:00:00,2020-07-06 00:00:00,94,0,0,0,0,0,0,0,900.0,False,False,94,0,0,0,0,0,0,0,900.0,False,False,94,0,0,0,0,0,0,0,900.0,False,False,False,False,B,D1: неполное покрытие суток; D2: неполное покрытие суток; D3: неполное покрытие суток,,D1: неполное покрытие суток; D2: неполное покрытие суток; D3: неполное покрытие суток
2020-07-05 00:00:00,2020-07-04 00:00:00,2020-07-07 00:00:00,96,0,0,0,0,0,0,0,900.0,True,False,96,0,0,0,0,0,0,0,900.0,True,False,96,0,0,0,0,0,0,0,900.0,True,False,True,False,B,D1: неполное окружение ±12 ч; D2: неполное окружение ±12 ч; D3: неполное окружение ±12 ч,,D1: неполное окружение ±12 ч; D2: неполное окружение ±12 ч; D3: неполное окружение ±12 ч
2020-07-06 00:00:00,2020-07-05 00:00:00,2020-07-08 00:00:00,96,0,0,0,0,0,0,0,900.0,True,True,96,0,0,0,0,0,0,0,900.0,True,True,96,0,0,0,0,0,0,0,900.0,True,True,True,True,A,,,Расчёт возможен по существующим правилам
2020-07-07 00:00:00,2020-07-06 00:00:00,2020-07-09 00:00:00,96,0,0,0,0,0,0,0,900.0,True,True,96,0,0,0,0,0,0,0,900.0,True,True,96,0,0,0,0,0,0,0,900.0,True,True,True,True,A,,,Расчёт возможен по существующим правилам
2020-07-08 00:00:00,2020-07-07 00:00:00,2020-07-10 00:00:00,96,0,0,2,0,0,0,0,900.0,True,False,96,0,0,2,0,0,0,0,900.0,True,False,96,0,0,2,0,0,0,0,900.0,True,False,True,False,B,D1: неполное окружение ±12 ч (служебные значения); D2: неполное окружение ±12 ч (служебные значения); D3: неполное окружение ±12 ч (служебные значения),,D1: неполное окружение ±12 ч (служебные значения); D2: неполное окружение ±12 ч (служебные значения); D3: неполное окружение ±12 ч (служебные значения)
2020-07-09 00:00:00,2020-07-08 00:00:00,2020-07-11 00:00:00,96,0,0,4,0,0,0,0,900.0,False,False,96,0,0,4,0,0,0,0,900.0,False,False,96,0,0,4,0,0,0,0,900.0,False,False,False,False,B,D1: неполное покрытие суток (служебные значения); D2: неполное покрытие суток (служебные значения); D3: неполное покрытие суток (служебные значения),,D1: неполное покрытие суток (служебные значения); D2: неполное покрытие суток (служебные значения); D3: неполное покрытие суток (служебные значения)
2020-07-10 00:00:00,2020-07-09 00:00:00,2020-07-12 00:00:00,96,0,0,2,0,0,0,0,900.0,False,False,96,0,0,2,0,0,0,0,900.0,False,False,96,0,0,2,0,0,0,0,900.0,False,False,False,False,B,D1: неполное покрытие суток (служебные значения); D2: неполное покрытие суток (служебные значения); D3: неполное покрытие суток (служебные значения),,D1: неполное покрытие суток (служебные значения); D2: неполное покрытие суток (служебные значения); D3: неполное покрытие суток (служебные значения)
2020-07-11 00:00:00,2020-07-10 00:00:00,2020-07-13 00:00:00,96,0,0,0,0,0,0,0,900.0,True,True,96,0,0,0,0,0,0,0,900.0,True,True,96,0,0,0,0,0,0,0,900.0,True,True,True,True,A,,,Расчёт возможен по существующим правилам
2020-07-12 00:00:00,2020-07-11 00:00:00,2020-07-14 00:00:00,96,0,0,3,0,0,0,0,900.0,True,False,96,0,0,3,0,0,0,0,900.0,True,False,96,0,0,3,0,0,0,0,900.0,True,False,True,False,B,D1: неполное окружение ±12 ч (служебные значения); D2: неполное окружение ±12 ч (служебные значения); D3: неполное окружение ±12 ч (служебные значения),,D1: неполное окружение ±12 ч (служебные значения); D2: неполное окружение ±12 ч (служебные значения); D3: неполное окружение ±12 ч (служебные значения)
2020-07-13 00:00:00,2020-07-12 00:00:00,2020-07-15 00:00:00,96,0,0,3,0,0,0,0,900.0,False,False,96,0,0,3,0,0,0,0,900.0,False,False,96,0,0,3,0,0,0,0,900.0,False,False,False,False,B,D1: неполное покрытие суток (служебные значения); D2: неполное покрытие суток (служебные значения); D3: неполное покрытие суток (служебные значения),,D1: неполное покрытие суток (служебные значения); D2: неполное покрытие суток (служебные значения); D3: неполное покрытие суток (служебные значения)
2020-07-14 00:00:00,2020-07-13 00:00:00,2020-07-16 00:00:00,96,0,0,0,0,0,0,0,900.0,True,True,96,0,0,0,0,0,0,0,900.0,True,True,96,0,0,0,0,0,0,0,900.0,True,True,True,True,A,,,Расчёт возможен по существующим правилам
2020-07-15 00:00:00,2020-07-14 00:00:00,2020-07-17 00:00:00,96,0,0,0,0,0,0,0,900.0,True,True,96,0,0,0,0,0,0,0,900.0,True,True,96,0,0,0,0,0,0,0,900.0,True,True,True,True,A,,,Расчёт возможен по существующим правилам
2020-07-16 00:00:00,2020-07-15 00:00:00,2020-07-18 00:00:00,96,0,0,0,0,0,0,0,900.0,True,True,96,0,0,0,0,0,0,0,900.0,True,True,96,0,0,0,0,0,0,0,900.0,True,True,True,True,A,,,Расчёт возможен по существующим правилам
2020-07-17 00:00:00,2020-07-16 00:00:00,2020-07-19 00:00:00,96,0,0,0,0,0,0,0,900.0,True,True,96,0,0,0,0,0,0,0,900.0,True,True,96,0,0,0,0,0,0,0,900.0,True,True,True,True,A,,,Расчёт возможен по существующим правилам
2020-07-18 00:00:00,2020-07-17 00:00:00,2020-07-20 00:00:00,96,0,0,0,0,0,0,0,900.0,True,True,96,0,0,0,0,0,0,0,900.0,True,True,96,0,0,0,0,0,0,0,900.0,True,True,True,True,A,,,Расчёт возможен по существующим правилам
2020-07-19 00:00:00,2020-07-18 00:00:00,2020-07-21 00:00:00,96,0,0,0,0,0,0,0,900.0,True,True,96,0,0,0,0,0,0,0,900.0,True,True,96,0,0,0,0,0,0,0,900.0,True,True,True,True,A,,,Расчёт возможен по существующим правилам
2020-07-20 00:00:00,2020-07-19 00:00:00,2020-07-22 00:00:00,96,0,0,0,0,0,0,0,900.0,True,True,96,0,0,0,0,0,0,0,900.0,True,True,96,0,0,0,0,0,0,0,900.0,True,True,True,True,A,,,Расчёт возможен по существующим правилам
2020-07-21 00:00:00,2020-07-20 00:00:00,2020-07-23 00:00:00,96,0,0,0,0,0,0,0,900.0,True,True,96,0,0,0,0,0,0,0,900.0,True,True,96,0,0,0,0,0,0,0,900.0,True,True,True,True,A,,,Расчёт возможен по существующим правилам
2020-07-22 00:00:00,2020-07-21 00:00:00,2020-07-24 00:00:00,96,0,0,1,0,0,0,0,900.0,True,False,96,0,0,1,0,0,0,0,900.0,True,False,96,0,0,1,0,0,0,0,900.0,True,False,True,False,B,D1: неполное окружение ±12 ч (служебные значения); D2: неполное окружение ±12 ч (служебные значения); D3: неполное окружение ±12 ч (служебные значения),,D1: неполное окружение ±12 ч (служебные значения); D2: неполное окружение ±12 ч (служебные значения); D3: неполное окружение ±12 ч (служебные значения)
2020-07-23 00:00:00,2020-07-22 00:00:00,2020-07-25 00:00:00,96,0,0,9,0,0,0,0,900.0,False,False,96,0,0,9,1,0,0,0,900.0,False,False,96,0,0,9,0,0,0,0,900.0,False,False,False,False,B,"D1: неполное покрытие суток (служебные значения); D2: неполное покрытие суток (служебные значения, нарушение 0<C≤3000); D3: неполное покрытие суток (служебные значения)",,"D1: неполное покрытие суток (служебные значения); D2: неполное покрытие суток (служебные значения, нарушение 0<C≤3000); D3: неполное покрытие суток (служебные значения)"
2020-07-24 00:00:00,2020-07-23 00:00:00,2020-07-26 00:00:00,96,0,0,7,0,0,0,0,900.0,True,False,96,0,0,7,2,0,0,0,900.0,False,False,96,0,0,7,0,0,0,0,900.0,True,False,False,False,B,"D1: неполное окружение ±12 ч (служебные значения); D2: неполное покрытие суток (служебные значения, нарушение 0<C≤3000); D3: неполное окружение ±12 ч (служебные значения)",,"D1: неполное окружение ±12 ч (служебные значения); D2: неполное покрытие суток (служебные значения, нарушение 0<C≤3000); D3: неполное окружение ±12 ч (служебные значения)"
2020-07-25 00:00:00,2020-07-24 00:00:00,2020-07-27 00:00:00,96,0,0,0,0,0,0,0,900.0,True,True,96,0,0,0,1,0,0,0,900.0,True,False,96,0,0,0,0,0,0,0,900.0,True,True,True,False,B,D2: неполное окружение ±12 ч (нарушение 0<C≤3000),,D2: неполное окружение ±12 ч (нарушение 0<C≤3000)
2020-07-26 00:00:00,2020-07-25 00:00:00,2020-07-28 00:00:00,96,0,0,0,0,0,0,0,900.0,True,True,96,0,0,0,0,0,0,0,900.0,True,True,96,0,0,0,0,0,0,0,900.0,True,True,True,True,A,,,Расчёт возможен по существующим правилам
2020-07-27 00:00:00,2020-07-26 00:00:00,2020-07-29 00:00:00,96,0,0,0,0,0,0,0,900.0,True,True,96,0,0,0,0,0,0,0,900.0,True,True,96,0,0,0,0,0,0,0,900.0,True,True,True,True,A,,,Расчёт возможен по существующим правилам
2020-07-28 00:00:00,2020-07-27 00:00:00,2020-07-30 00:00:00,96,0,0,0,0,0,0,0,900.0,True,True,96,0,0,0,0,0,0,0,900.0,True,True,96,0,0,0,0,0,0,0,900.0,True,True,True,True,A,,,Расчёт возможен по существующим правилам
2020-07-29 00:00:00,2020-07-28 00:00:00,2020-07-31 00:00:00,96,0,0,0,0,0,0,0,900.0,True,True,96,0,0,0,0,0,0,0,900.0,True,True,96,0,0,0,0,0,0,0,900.0,True,True,True,True,A,,,Расчёт возможен по существующим правилам
2020-07-30 00:00:00,2020-07-29 00:00:00,2020-08-01 00:00:00,96,0,0,0,0,0,0,0,900.0,True,True,96,0,0,0,0,0,0,0,900.0,True,True,96,0,0,0,0,0,0,0,900.0,True,True,True,True,A,,,Расчёт возможен по существующим правилам
2020-07-31 00:00:00,2020-07-30 00:00:00,2020-08-02 00:00:00,96,0,0,0,0,0,0,0,900.0,True,True,96,0,0,0,0,0,0,0,900.0,True,True,96,0,0,0,0,0,0,0,900.0,True,True,True,True,A,,,Расчёт возможен по существующим правилам
2020-08-01 00:00:00,2020-07-31 00:00:00,2020-08-03 00:00:00,96,0,0,0,0,0,0,0,900.0,True,True,96,0,0,0,0,0,0,0,900.0,True,True,96,0,0,0,0,0,0,0,900.0,True,True,True,True,A,,,Расчёт возможен по существующим правилам
2020-08-02 00:00:00,2020-08-01 00:00:00,2020-08-04 00:00:00,96,0,0,0,0,0,0,0,900.0,True,True,96,0,0,0,0,0,0,0,900.0,True,True,96,0,0,0,0,0,0,0,900.0,True,True,True,True,A,,,Расчёт возможен по существующим правилам
2020-08-03 00:00:00,2020-08-02 00:00:00,2020-08-05 00:00:00,96,0,0,0,0,0,0,0,900.0,True,True,96,0,0,0,0,0,0,0,900.0,True,True,96,0,0,0,0,0,0,0,900.0,True,True,True,True,A,,,Расчёт возможен по существующим правилам
2020-08-04 00:00:00,2020-08-03 00:00:00,2020-08-06 00:00:00,96,0,0,0,0,0,0,0,900.0,True,True,96,0,0,0,0,0,0,0,900.0,True,True,96,0,0,0,0,0,0,0,900.0,True,True,True,True,A,,,Расчёт возможен по существующим правилам
2020-08-05 00:00:00,2020-08-04 00:00:00,2020-08-07 00:00:00,96,0,0,0,0,0,0,0,900.0,True,True,96,0,0,0,0,0,0,0,900.0,True,True,96,0,0,0,0,0,0,0,900.0,True,True,True,True,A,,,Расчёт возможен по существующим правилам
2020-08-06 00:00:00,2020-08-05 00:00:00,2020-08-08 00:00:00,96,0,0,0,0,0,0,0,900.0,True,True,96,0,0,0,0,0,0,0,900.0,True,True,96,0,0,0,0,0,0,0,900.0,True,True,True,True,A,,,Расчёт возможен по существующим правилам
2020-08-07 00:00:00,2020-08-06 00:00:00,2020-08-09 00:00:00,96,0,0,0,0,0,0,0,900.0,True,True,96,0,0,0,0,0,0,0,900.0,True,True,96,0,0,0,0,0,0,0,900.0,True,True,True,True,A,,,Расчёт возможен по существующим правилам
2020-08-08 00:00:00,2020-08-07 00:00:00,2020-08-10 00:00:00,96,0,0,0,0,0,0,0,900.0,True,True,96,0,0,0,0,0,0,0,900.0,True,True,96,0,0,0,0,0,0,0,900.0,True,True,True,True,A,,,Расчёт возможен по существующим правилам
2020-08-09 00:00:00,2020-08-08 00:00:00,2020-08-11 00:00:00,96,0,0,0,0,0,0,0,900.0,True,True,96,0,0,0,0,0,0,0,900.0,True,True,96,0,0,0,0,0,0,0,900.0,True,True,True,True,A,,,Расчёт возможен по существующим правилам
2020-08-10 00:00:00,2020-08-09 00:00:00,2020-08-12 00:00:00,96,0,0,0,0,0,0,0,900.0,True,True,96,0,0,0,0,0,0,0,900.0,True,True,96,0,0,0,0,0,0,0,900.0,True,True,True,True,A,,,Расчёт возможен по существующим правилам
2020-08-11 00:00:00,2020-08-10 00:00:00,2020-08-13 00:00:00,96,0,0,0,0,0,0,0,900.0,True,True,96,0,0,0,0,0,0,0,900.0,True,True,96,0,0,0,0,0,0,0,900.0,True,True,True,True,A,,,Расчёт возможен по существующим правилам
2020-08-12 00:00:00,2020-08-11 00:00:00,2020-08-14 00:00:00,96,0,0,0,0,0,0,0,900.0,True,True,96,0,0,0,0,0,0,0,900.0,True,True,96,0,0,0,0,0,0,0,900.0,True,True,True,True,A,,,Расчёт возможен по существующим правилам
2020-08-13 00:00:00,2020-08-12 00:00:00,2020-08-15 00:00:00,96,0,0,0,0,0,0,0,900.0,True,True,96,0,0,0,0,0,0,0,900.0,True,True,96,0,0,0,0,0,0,0,900.0,True,True,True,True,A,,,Расчёт возможен по существующим правилам
2020-08-14 00:00:00,2020-08-13 00:00:00,2020-08-16 00:00:00,96,0,0,0,0,0,0,0,900.0,True,True,96,0,0,0,0,0,0,0,900.0,True,True,96,0,0,0,0,0,0,0,900.0,True,True,True,True,A,,,Расчёт возможен по существующим правилам
2020-08-15 00:00:00,2020-08-14 00:00:00,2020-08-17 00:00:00,96,0,0,0,0,0,0,0,900.0,True,True,96,0,0,0,0,0,0,0,900.0,True,True,96,0,0,0,0,0,0,0,900.0,True,True,True,True,A,,,Расчёт возможен по существующим правилам
2020-08-16 00:00:00,2020-08-15 00:00:00,2020-08-18 00:00:00,96,0,0,0,0,0,0,0,900.0,True,True,96,0,0,0,0,0,0,0,900.0,True,True,96,0,0,0,0,0,0,0,900.0,True,True,True,True,A,,,Расчёт возможен по существующим правилам
2020-08-17 00:00:00,2020-08-16 00:00:00,2020-08-19 00:00:00,96,0,0,0,0,0,0,0,900.0,True,True,96,0,0,0,0,0,0,0,900.0,True,True,96,0,0,0,0,0,0,0,900.0,True,True,True,True,A,,,Расчёт возможен по существующим правилам
2020-08-18 00:00:00,2020-08-17 00:00:00,2020-08-20 00:00:00,96,0,0,0,0,0,0,0,900.0,True,True,96,0,0,0,0,0,0,0,900.0,True,True,96,0,0,0,0,0,0,0,900.0,True,True,True,True,A,,,Расчёт возможен по существующим правилам
2020-08-19 00:00:00,2020-08-18 00:00:00,2020-08-21 00:00:00,96,0,0,0,0,0,0,0,900.0,True,True,96,0,0,0,0,0,0,0,900.0,True,True,96,0,0,0,0,0,0,0,900.0,True,True,True,True,A,,,Расчёт возможен по существующим правилам
2020-08-20 00:00:00,2020-08-19 00:00:00,2020-08-22 00:00:00,96,0,0,0,0,0,0,0,900.0,True,True,96,0,0,0,0,0,0,0,900.0,True,True,96,0,0,0,0,0,0,0,900.0,True,True,True,True,A,,,Расчёт возможен по существующим правилам
2020-08-21 00:00:00,2020-08-20 00:00:00,2020-08-23 00:00:00,96,0,0,0,0,0,0,0,900.0,True,True,96,0,0,0,0,0,0,0,900.0,True,True,96,0,0,0,0,0,0,0,900.0,True,True,True,True,A,,,Расчёт возможен по существующим правилам
2020-08-22 00:00:00,2020-08-21 00:00:00,2020-08-24 00:00:00,96,0,0,0,0,0,0,0,900.0,True,True,96,0,0,0,0,0,0,0,900.0,True,True,96,0,0,0,0,0,0,0,900.0,True,True,True,True,A,,,Расчёт возможен по существующим правилам
2020-08-23 00:00:00,2020-08-22 00:00:00,2020-08-25 00:00:00,96,0,0,0,0,0,0,0,900.0,True,True,96,0,0,0,0,0,0,0,900.0,True,True,96,0,0,0,0,0,0,0,900.0,True,True,True,True,A,,,Расчёт возможен по существующим правилам
2020-08-24 00:00:00,2020-08-23 00:00:00,2020-08-26 00:00:00,96,0,0,0,0,0,0,0,900.0,True,True,96,0,0,0,0,0,0,0,900.0,True,True,96,0,0,0,0,0,0,0,900.0,True,True,True,True,A,,,Расчёт возможен по существующим правилам
2020-08-25 00:00:00,2020-08-24 00:00:00,2020-08-27 00:00:00,96,0,0,0,0,0,0,0,900.0,True,True,96,0,0,0,0,0,0,0,900.0,True,True,96,0,0,0,0,0,0,0,900.0,True,True,True,True,A,,,Расчёт возможен по существующим правилам
2020-08-26 00:00:00,2020-08-25 00:00:00,2020-08-28 00:00:00,96,0,0,0,0,0,0,0,900.0,True,True,96,0,0,0,0,0,0,0,900.0,True,True,96,0,0,0,0,0,0,0,900.0,True,True,True,True,A,,,Расчёт возможен по существующим правилам
2020-08-27 00:00:00,2020-08-26 00:00:00,2020-08-29 00:00:00,96,0,0,0,0,0,0,0,900.0,True,True,96,0,0,0,0,0,0,0,900.0,True,True,96,0,0,0,0,0,0,0,900.0,True,True,True,True,A,,,Расчёт возможен по существующим правилам
2020-08-28 00:00:00,2020-08-27 00:00:00,2020-08-30 00:00:00,96,0,0,0,0,0,0,0,900.0,True,True,96,0,0,0,0,0,0,0,900.0,True,True,96,0,0,0,0,0,0,0,900.0,True,True,True,True,A,,,Расчёт возможен по существующим правилам
2020-08-29 00:00:00,2020-08-28 00:00:00,2020-08-31 00:00:00,96,0,0,0,0,0,0,0,900.0,True,True,96,0,0,0,0,0,0,0,900.0,True,True,96,0,0,0,0,0,0,0,900.0,True,True,True,True,A,,,Расчёт возможен по существующим правилам
2020-08-30 00:00:00,2020-08-29 00:00:00,2020-09-01 00:00:00,96,0,0,0,0,0,0,0,900.0,True,True,96,0,0,0,0,0,0,0,900.0,True,True,96,0,0,0,0,0,0,0,900.0,True,True,True,True,A,,,Расчёт возможен по существующим правилам
2020-08-31 00:00:00,2020-08-30 00:00:00,2020-09-01 00:00:00,96,0,0,0,0,0,0,0,900.0,False,False,96,0,0,0,0,0,0,0,900.0,False,False,96,0,0,0,0,0,0,0,900.0,False,False,False,False,B,D1: неполное покрытие суток (граница выбранного блока); D2: неполное покрытие суток (граница выбранного блока); D3: неполное покрытие суток (граница выбранного блока),,D1: неполное покрытие суток (граница выбранного блока); D2: неполное покрытие суток (граница выбранного блока); D3: неполное покрытие суток (граница выбранного блока)
