month,days,admission_status,admission_reason,D1_rows,D1_days_with_records,D2_rows,D2_days_with_records,D3_rows,D3_days_with_records,all_three_have_records,technical_A_days,technical_B_days,technical_C_days,days_with_duplicates,days_with_constants,days_with_range,days_with_service,computed_days,added_days,technical_A_unconfirmed_days,technical_A_audit_not_admitted_days,skip_reasons
2013-09,20,confirmed,"I.G. таблица 2, стр. 9–10: общий First=2013-09",1876,20,1876,20,1876,20,True,7,6,7,5,10,4,0,6,0,0,0,"D1: неполное покрытие суток (граница выбранного блока, нарушение 0<C≤3000); D2: неполное покрытие суток (граница выбранного блока, нарушение 0<C≤3000); D3: неполное покрытие суток (граница выбранного блока, нарушение 0<C≤3000); D1: повторные метки в трёхсуточном контексте; D1: диагностический постоянный участок в окнах расчёта; D2: повторные метки в трёхсуточном контексте; D2: диагностический постоянный участок в окнах расчёта; D3: повторные метки в трёхсуточном контексте; D3: диагностический постоянный участок в окнах расчёта; D1: неполное покрытие суток (нарушение 0<C≤3000); D2: неполное покрытие суток (нарушение 0<C≤3000); D3: неполное покрытие суток (нарушение 0<C≤3000); D1: повторные метки в трёхсуточном контексте; D1: диагностический постоянный участок в окнах расчёта; D2: повторные метки в трёхсуточном контексте; D2: диагностический постоянный участок в окнах расчёта; D3: повторные метки в трёхсуточном контексте; D3: диагностический постоянный участок в окнах расчёта | D1: неполное окружение ±12 ч (нарушение 0<C≤3000); D2: неполное окружение ±12 ч (нарушение 0<C≤3000); D3: неполное окружение ±12 ч (нарушение 0<C≤3000); D1: повторные метки в трёхсуточном контексте; D1: диагностический постоянный участок в окнах расчёта; D2: повторные метки в трёхсуточном контексте; D2: диагностический постоянный участок в окнах расчёта; D3: повторные метки в трёхсуточном контексте; D3: диагностический постоянный участок в окнах расчёта | D1: диагностический постоянный участок в окнах расчёта; D2: диагностический постоянный участок в окнах расчёта; D3: диагностический постоянный участок в окнах расчёта | D1: неполное покрытие суток (нарушение 0<C≤3000); D2: неполное покрытие суток (нарушение 0<C≤3000); D3: неполное покрытие суток (нарушение 0<C≤3000); D1: диагностический постоянный участок в окнах расчёта; D2: диагностический постоянный участок в окнах расчёта; D3: диагностический постоянный участок в окнах расчёта | D1: неполное окружение ±12 ч (нарушение 0<C≤3000); D2: неполное окружение ±12 ч (нарушение 0<C≤3000); D3: неполное окружение ±12 ч (нарушение 0<C≤3000); D1: диагностический постоянный участок в окнах расчёта; D2: диагностический постоянный участок в окнах расчёта; D3: диагностический постоянный участок в окнах расчёта | D1: повторные метки в трёхсуточном контексте; D2: повторные метки в трёхсуточном контексте; D3: повторные метки в трёхсуточном контексте | D1: неполное покрытие суток; D2: неполное покрытие суток; D3: неполное покрытие суток; D1: повторные метки в трёхсуточном контексте; D2: повторные метки в трёхсуточном контексте; D3: повторные метки в трёхсуточном контексте | D1: неполное окружение ±12 ч; D2: неполное окружение ±12 ч; D3: неполное окружение ±12 ч; D1: повторные метки в трёхсуточном контексте; D2: повторные метки в трёхсуточном контексте; D3: повторные метки в трёхсуточном контексте | D1: неполное покрытие суток (граница выбранного блока); D2: неполное покрытие суток (граница выбранного блока); D3: неполное покрытие суток (граница выбранного блока)"
2013-10,31,unconfirmed,Нет помесячной совместной классификации I.G.; First/Last/Run недостаточно,2976,31,2976,31,2976,31,True,27,2,2,4,0,0,0,0,0,27,0,Нет помесячной совместной классификации I.G.; First/Last/Run недостаточно | D1: повторные метки в трёхсуточном контексте; D2: повторные метки в трёхсуточном контексте; D3: повторные метки в трёхсуточном контексте; Нет помесячной совместной классификации I.G.; First/Last/Run недостаточно | D1: неполное покрытие суток; D2: неполное покрытие суток; D3: неполное покрытие суток; D1: повторные метки в трёхсуточном контексте; D2: повторные метки в трёхсуточном контексте; D3: повторные метки в трёхсуточном контексте; Нет помесячной совместной классификации I.G.; First/Last/Run недостаточно | D1: неполное окружение ±12 ч; D2: неполное окружение ±12 ч; D3: неполное окружение ±12 ч; D1: повторные метки в трёхсуточном контексте; D2: повторные метки в трёхсуточном контексте; D3: повторные метки в трёхсуточном контексте; Нет помесячной совместной классификации I.G.; First/Last/Run недостаточно
2013-11,30,unconfirmed,Нет помесячной совместной классификации I.G.; First/Last/Run недостаточно,2886,30,2886,30,2886,30,True,25,0,5,5,0,0,0,0,0,25,0,D1: повторные метки в трёхсуточном контексте; D2: повторные метки в трёхсуточном контексте; D3: повторные метки в трёхсуточном контексте; Нет помесячной совместной классификации I.G.; First/Last/Run недостаточно | Нет помесячной совместной классификации I.G.; First/Last/Run недостаточно
2013-12,31,unconfirmed,Нет помесячной совместной классификации I.G.; First/Last/Run недостаточно,2976,31,2976,31,2976,31,True,31,0,0,0,0,0,0,0,0,31,0,Нет помесячной совместной классификации I.G.; First/Last/Run недостаточно
2014-01,31,unconfirmed,Нет помесячной совместной классификации I.G.; First/Last/Run недостаточно,2976,31,2976,31,2976,31,True,31,0,0,0,0,0,0,0,0,31,0,Нет помесячной совместной классификации I.G.; First/Last/Run недостаточно
2014-02,28,unconfirmed,Нет помесячной совместной классификации I.G.; First/Last/Run недостаточно,2688,28,2688,28,2688,28,True,28,0,0,0,0,0,0,0,0,28,0,Нет помесячной совместной классификации I.G.; First/Last/Run недостаточно
2014-03,31,unconfirmed,Нет помесячной совместной классификации I.G.; First/Last/Run недостаточно,2976,31,2976,31,2976,31,True,28,2,1,3,0,0,0,0,0,28,0,Нет помесячной совместной классификации I.G.; First/Last/Run недостаточно | D1: неполное окружение ±12 ч; D2: неполное окружение ±12 ч; D3: неполное окружение ±12 ч; D1: повторные метки в трёхсуточном контексте; D2: повторные метки в трёхсуточном контексте; D3: повторные метки в трёхсуточном контексте; Нет помесячной совместной классификации I.G.; First/Last/Run недостаточно | D1: неполное покрытие суток; D2: неполное покрытие суток; D3: неполное покрытие суток; D1: повторные метки в трёхсуточном контексте; D2: повторные метки в трёхсуточном контексте; D3: повторные метки в трёхсуточном контексте; Нет помесячной совместной классификации I.G.; First/Last/Run недостаточно | D1: повторные метки в трёхсуточном контексте; D2: повторные метки в трёхсуточном контексте; D3: повторные метки в трёхсуточном контексте; Нет помесячной совместной классификации I.G.; First/Last/Run недостаточно
2014-04,30,unconfirmed,Нет помесячной совместной классификации I.G.; First/Last/Run недостаточно,2368,25,2368,25,2368,25,True,24,6,0,0,0,0,0,0,0,24,0,Нет помесячной совместной классификации I.G.; First/Last/Run недостаточно | D1: неполное покрытие суток; D2: неполное покрытие суток; D3: неполное покрытие суток; Нет помесячной совместной классификации I.G.; First/Last/Run недостаточно | D1: нет измерений суток; D2: нет измерений суток; D3: нет измерений суток; Нет помесячной совместной классификации I.G.; First/Last/Run недостаточно
2014-05,31,unconfirmed,Нет помесячной совместной классификации I.G.; First/Last/Run недостаточно,0,0,0,0,0,0,False,0,31,0,0,0,0,0,0,0,0,0,D1: нет измерений суток; D2: нет измерений суток; D3: нет измерений суток; Нет помесячной совместной классификации I.G.; First/Last/Run недостаточно
2014-06,30,unconfirmed,Нет помесячной совместной классификации I.G.; First/Last/Run недостаточно,2719,29,2719,29,2719,29,True,24,6,0,0,0,0,0,0,0,24,0,D1: нет измерений суток; D2: нет измерений суток; D3: нет измерений суток; Нет помесячной совместной классификации I.G.; First/Last/Run недостаточно | D1: неполное покрытие суток; D2: неполное покрытие суток; D3: неполное покрытие суток; Нет помесячной совместной классификации I.G.; First/Last/Run недостаточно | D1: неполное окружение ±12 ч; D2: неполное окружение ±12 ч; D3: неполное окружение ±12 ч; Нет помесячной совместной классификации I.G.; First/Last/Run недостаточно | Нет помесячной совместной классификации I.G.; First/Last/Run недостаточно
2014-07,31,unconfirmed,Нет помесячной совместной классификации I.G.; First/Last/Run недостаточно,1439,16,1439,16,1439,16,True,13,18,0,0,0,0,0,0,0,13,0,Нет помесячной совместной классификации I.G.; First/Last/Run недостаточно | D1: неполное окружение ±12 ч; D2: неполное окружение ±12 ч; D3: неполное окружение ±12 ч; Нет помесячной совместной классификации I.G.; First/Last/Run недостаточно | D1: неполное покрытие суток; D2: неполное покрытие суток; D3: неполное покрытие суток; Нет помесячной совместной классификации I.G.; First/Last/Run недостаточно | D1: нет измерений суток; D2: нет измерений суток; D3: нет измерений суток; Нет помесячной совместной классификации I.G.; First/Last/Run недостаточно
2014-08,31,unconfirmed,Нет помесячной совместной классификации I.G.; First/Last/Run недостаточно,2976,31,2976,31,2976,31,True,31,0,0,0,0,0,0,0,0,31,0,Нет помесячной совместной классификации I.G.; First/Last/Run недостаточно
2014-09,30,unconfirmed,Нет помесячной совместной классификации I.G.; First/Last/Run недостаточно,2880,30,2880,30,2880,30,True,30,0,0,0,0,0,0,0,0,30,0,Нет помесячной совместной классификации I.G.; First/Last/Run недостаточно
2014-10,31,unconfirmed,Нет помесячной совместной классификации I.G.; First/Last/Run недостаточно,2975,31,2975,31,2975,31,True,29,2,0,0,0,0,0,0,0,29,0,Нет помесячной совместной классификации I.G.; First/Last/Run недостаточно | D1: неполное покрытие суток; D2: неполное покрытие суток; D3: неполное покрытие суток; Нет помесячной совместной классификации I.G.; First/Last/Run недостаточно | D1: неполное окружение ±12 ч; D2: неполное окружение ±12 ч; D3: неполное окружение ±12 ч; Нет помесячной совместной классификации I.G.; First/Last/Run недостаточно
2014-11,30,unconfirmed,Нет помесячной совместной классификации I.G.; First/Last/Run недостаточно,2880,30,2880,30,2880,30,True,30,0,0,0,0,0,0,0,0,30,0,Нет помесячной совместной классификации I.G.; First/Last/Run недостаточно
2014-12,31,unconfirmed,Нет помесячной совместной классификации I.G.; First/Last/Run недостаточно,2976,31,2976,31,2976,31,True,31,0,0,0,0,0,0,0,0,31,0,Нет помесячной совместной классификации I.G.; First/Last/Run недостаточно
2015-01,31,unconfirmed,Нет помесячной совместной классификации I.G.; First/Last/Run недостаточно,2976,31,2976,31,2976,31,True,31,0,0,0,0,0,0,0,0,31,0,Нет помесячной совместной классификации I.G.; First/Last/Run недостаточно
2015-02,28,unconfirmed,Нет помесячной совместной классификации I.G.; First/Last/Run недостаточно,2688,28,2688,28,2688,28,True,24,4,0,0,0,4,0,0,0,24,0,Нет помесячной совместной классификации I.G.; First/Last/Run недостаточно | D1: неполное покрытие суток (нарушение 0<C≤3000); Нет помесячной совместной классификации I.G.; First/Last/Run недостаточно | D1: неполное окружение ±12 ч (нарушение 0<C≤3000); Нет помесячной совместной классификации I.G.; First/Last/Run недостаточно
2015-03,31,unconfirmed,Нет помесячной совместной классификации I.G.; First/Last/Run недостаточно,2968,31,2968,31,2968,31,True,26,5,0,0,0,4,0,0,0,26,0,Нет помесячной совместной классификации I.G.; First/Last/Run недостаточно | D1: неполное покрытие суток (нарушение 0<C≤3000); Нет помесячной совместной классификации I.G.; First/Last/Run недостаточно | D1: неполное окружение ±12 ч (нарушение 0<C≤3000); Нет помесячной совместной классификации I.G.; First/Last/Run недостаточно | D1: неполное окружение ±12 ч; D2: неполное окружение ±12 ч; D3: неполное окружение ±12 ч; Нет помесячной совместной классификации I.G.; First/Last/Run недостаточно | D1: неполное покрытие суток (нарушение 0<C≤3000); D2: неполное покрытие суток; D3: неполное покрытие суток; Нет помесячной совместной классификации I.G.; First/Last/Run недостаточно | D1: неполное окружение ±12 ч (нарушение 0<C≤3000); D2: неполное окружение ±12 ч; D3: неполное окружение ±12 ч; Нет помесячной совместной классификации I.G.; First/Last/Run недостаточно
2015-04,30,unconfirmed,Нет помесячной совместной классификации I.G.; First/Last/Run недостаточно,2878,30,2878,30,2878,30,True,27,3,0,3,0,0,0,0,0,27,0,Нет помесячной совместной классификации I.G.; First/Last/Run недостаточно | D1: неполное покрытие суток; D2: неполное покрытие суток; D3: неполное покрытие суток; D1: повторные метки в трёхсуточном контексте; D2: повторные метки в трёхсуточном контексте; D3: повторные метки в трёхсуточном контексте; Нет помесячной совместной классификации I.G.; First/Last/Run недостаточно | D1: неполное окружение ±12 ч; D2: неполное окружение ±12 ч; D3: неполное окружение ±12 ч; D1: повторные метки в трёхсуточном контексте; D2: повторные метки в трёхсуточном контексте; D3: повторные метки в трёхсуточном контексте; Нет помесячной совместной классификации I.G.; First/Last/Run недостаточно
2015-05,31,unconfirmed,Нет помесячной совместной классификации I.G.; First/Last/Run недостаточно,2975,31,2975,31,2975,31,True,27,4,0,2,0,0,0,0,0,27,0,Нет помесячной совместной классификации I.G.; First/Last/Run недостаточно | D1: неполное окружение ±12 ч; D2: неполное окружение ±12 ч; D3: неполное окружение ±12 ч; Нет помесячной совместной классификации I.G.; First/Last/Run недостаточно | D1: неполное покрытие суток; D2: неполное покрытие суток; D3: неполное покрытие суток; Нет помесячной совместной классификации I.G.; First/Last/Run недостаточно | D1: неполное окружение ±12 ч; D2: неполное окружение ±12 ч; D3: неполное окружение ±12 ч; D1: повторные метки в трёхсуточном контексте; D2: повторные метки в трёхсуточном контексте; D3: повторные метки в трёхсуточном контексте; Нет помесячной совместной классификации I.G.; First/Last/Run недостаточно | D1: неполное покрытие суток; D2: неполное покрытие суток; D3: неполное покрытие суток; D1: повторные метки в трёхсуточном контексте; D2: повторные метки в трёхсуточном контексте; D3: повторные метки в трёхсуточном контексте; Нет помесячной совместной классификации I.G.; First/Last/Run недостаточно
2015-06,30,unconfirmed,Нет помесячной совместной классификации I.G.; First/Last/Run недостаточно,2880,30,2880,30,2880,30,True,29,0,1,1,0,0,0,0,0,29,0,D1: повторные метки в трёхсуточном контексте; D2: повторные метки в трёхсуточном контексте; D3: повторные метки в трёхсуточном контексте; Нет помесячной совместной классификации I.G.; First/Last/Run недостаточно | Нет помесячной совместной классификации I.G.; First/Last/Run недостаточно
2015-07,31,unconfirmed,Нет помесячной совместной классификации I.G.; First/Last/Run недостаточно,2975,31,2975,31,2975,31,True,26,4,1,3,0,0,0,0,0,26,0,Нет помесячной совместной классификации I.G.; First/Last/Run недостаточно | D1: неполное окружение ±12 ч; D2: неполное окружение ±12 ч; D3: неполное окружение ±12 ч; D1: повторные метки в трёхсуточном контексте; D2: повторные метки в трёхсуточном контексте; D3: повторные метки в трёхсуточном контексте; Нет помесячной совместной классификации I.G.; First/Last/Run недостаточно | D1: неполное покрытие суток; D2: неполное покрытие суток; D3: неполное покрытие суток; D1: повторные метки в трёхсуточном контексте; D2: повторные метки в трёхсуточном контексте; D3: повторные метки в трёхсуточном контексте; Нет помесячной совместной классификации I.G.; First/Last/Run недостаточно | D1: повторные метки в трёхсуточном контексте; D2: повторные метки в трёхсуточном контексте; D3: повторные метки в трёхсуточном контексте; Нет помесячной совместной классификации I.G.; First/Last/Run недостаточно | D1: неполное покрытие суток; D2: неполное покрытие суток; D3: неполное покрытие суток; Нет помесячной совместной классификации I.G.; First/Last/Run недостаточно | D1: неполное окружение ±12 ч; D2: неполное окружение ±12 ч; D3: неполное окружение ±12 ч; Нет помесячной совместной классификации I.G.; First/Last/Run недостаточно
2015-08,31,unconfirmed,Нет помесячной совместной классификации I.G.; First/Last/Run недостаточно,2974,31,2974,31,2974,31,True,28,3,0,0,0,0,0,0,0,28,0,Нет помесячной совместной классификации I.G.; First/Last/Run недостаточно | D1: неполное окружение ±12 ч; D2: неполное окружение ±12 ч; D3: неполное окружение ±12 ч; Нет помесячной совместной классификации I.G.; First/Last/Run недостаточно | D1: неполное покрытие суток; D2: неполное покрытие суток; D3: неполное покрытие суток; Нет помесячной совместной классификации I.G.; First/Last/Run недостаточно
2015-09,30,unconfirmed,Нет помесячной совместной классификации I.G.; First/Last/Run недостаточно,2869,30,2869,30,2869,30,True,25,4,1,3,0,2,0,0,0,25,0,D1: неполное окружение ±12 ч; D2: неполное окружение ±12 ч; D3: неполное окружение ±12 ч; Нет помесячной совместной классификации I.G.; First/Last/Run недостаточно | Нет помесячной совместной классификации I.G.; First/Last/Run недостаточно | D1: повторные метки в трёхсуточном контексте; D2: повторные метки в трёхсуточном контексте; D3: повторные метки в трёхсуточном контексте; Нет помесячной совместной классификации I.G.; First/Last/Run недостаточно | D1: неполное окружение ±12 ч (нарушение 0<C≤3000); D1: повторные метки в трёхсуточном контексте; D2: повторные метки в трёхсуточном контексте; D3: повторные метки в трёхсуточном контексте; Нет помесячной совместной классификации I.G.; First/Last/Run недостаточно | D1: неполное покрытие суток (нарушение 0<C≤3000); D2: неполное покрытие суток; D3: неполное покрытие суток; D1: повторные метки в трёхсуточном контексте; D2: повторные метки в трёхсуточном контексте; D3: повторные метки в трёхсуточном контексте; Нет помесячной совместной классификации I.G.; First/Last/Run недостаточно
2015-10,31,unconfirmed,Нет помесячной совместной классификации I.G.; First/Last/Run недостаточно,2976,31,2976,31,2976,31,True,31,0,0,0,0,0,0,0,0,31,0,Нет помесячной совместной классификации I.G.; First/Last/Run недостаточно
2015-11,30,unconfirmed,Нет помесячной совместной классификации I.G.; First/Last/Run недостаточно,2880,30,2880,30,2880,30,True,30,0,0,0,0,0,0,0,0,30,0,Нет помесячной совместной классификации I.G.; First/Last/Run недостаточно
2015-12,31,unconfirmed,Нет помесячной совместной классификации I.G.; First/Last/Run недостаточно,2994,31,2994,31,2994,31,True,28,2,1,3,0,0,0,0,0,28,0,Нет помесячной совместной классификации I.G.; First/Last/Run недостаточно | D1: повторные метки в трёхсуточном контексте; D2: повторные метки в трёхсуточном контексте; D3: повторные метки в трёхсуточном контексте; Нет помесячной совместной классификации I.G.; First/Last/Run недостаточно | D1: неполное окружение ±12 ч; D2: неполное окружение ±12 ч; D3: неполное окружение ±12 ч; D1: повторные метки в трёхсуточном контексте; D2: повторные метки в трёхсуточном контексте; D3: повторные метки в трёхсуточном контексте; Нет помесячной совместной классификации I.G.; First/Last/Run недостаточно | D1: неполное покрытие суток; D2: неполное покрытие суток; D3: неполное покрытие суток; D1: повторные метки в трёхсуточном контексте; D2: повторные метки в трёхсуточном контексте; D3: повторные метки в трёхсуточном контексте; Нет помесячной совместной классификации I.G.; First/Last/Run недостаточно
2016-01,31,unconfirmed,Нет помесячной совместной классификации I.G.; First/Last/Run недостаточно,2958,31,2958,31,2958,31,True,29,2,0,0,0,0,0,0,0,29,0,Нет помесячной совместной классификации I.G.; First/Last/Run недостаточно | D1: неполное окружение ±12 ч; D2: неполное окружение ±12 ч; D3: неполное окружение ±12 ч; Нет помесячной совместной классификации I.G.; First/Last/Run недостаточно | D1: неполное покрытие суток; D2: неполное покрытие суток; D3: неполное покрытие суток; Нет помесячной совместной классификации I.G.; First/Last/Run недостаточно
2016-02,29,unconfirmed,Нет помесячной совместной классификации I.G.; First/Last/Run недостаточно,2784,29,2784,29,2784,29,True,28,1,0,0,0,0,0,0,0,28,0,Нет помесячной совместной классификации I.G.; First/Last/Run недостаточно | D1: неполное окружение ±12 ч; D2: неполное окружение ±12 ч; D3: неполное окружение ±12 ч; Нет помесячной совместной классификации I.G.; First/Last/Run недостаточно
2016-03,31,unconfirmed,Нет помесячной совместной классификации I.G.; First/Last/Run недостаточно,41,1,41,1,41,1,True,0,31,0,0,0,0,0,0,0,0,0,D1: неполное покрытие суток; D2: неполное покрытие суток; D3: неполное покрытие суток; Нет помесячной совместной классификации I.G.; First/Last/Run недостаточно | D1: нет измерений суток; D2: нет измерений суток; D3: нет измерений суток; Нет помесячной совместной классификации I.G.; First/Last/Run недостаточно
2016-04,30,unconfirmed,Нет помесячной совместной классификации I.G.; First/Last/Run недостаточно,0,0,0,0,0,0,False,0,30,0,0,0,0,0,0,0,0,0,D1: нет измерений суток; D2: нет измерений суток; D3: нет измерений суток; Нет помесячной совместной классификации I.G.; First/Last/Run недостаточно
2016-05,31,unconfirmed,Нет помесячной совместной классификации I.G.; First/Last/Run недостаточно,0,0,0,0,0,0,False,0,31,0,0,0,0,0,0,0,0,0,D1: нет измерений суток; D2: нет измерений суток; D3: нет измерений суток; Нет помесячной совместной классификации I.G.; First/Last/Run недостаточно
2016-06,30,unconfirmed,Нет помесячной совместной классификации I.G.; First/Last/Run недостаточно,0,0,0,0,0,0,False,0,30,0,0,0,0,0,0,0,0,0,D1: нет измерений суток; D2: нет измерений суток; D3: нет измерений суток; Нет помесячной совместной классификации I.G.; First/Last/Run недостаточно
2016-07,31,unconfirmed,Нет помесячной совместной классификации I.G.; First/Last/Run недостаточно,10546,10,10546,10,10546,10,True,6,25,0,0,0,0,0,0,0,6,0,D1: нет измерений суток; D2: нет измерений суток; D3: нет измерений суток; Нет помесячной совместной классификации I.G.; First/Last/Run недостаточно | D1: неполное покрытие суток; D2: неполное покрытие суток; D3: неполное покрытие суток; Нет помесячной совместной классификации I.G.; First/Last/Run недостаточно | D1: неполное окружение ±12 ч; D2: неполное окружение ±12 ч; D3: неполное окружение ±12 ч; Нет помесячной совместной классификации I.G.; First/Last/Run недостаточно | Нет помесячной совместной классификации I.G.; First/Last/Run недостаточно
2016-08,31,unconfirmed,Нет помесячной совместной классификации I.G.; First/Last/Run недостаточно,44640,31,44640,31,44640,31,True,31,0,0,0,0,0,0,0,0,31,0,Нет помесячной совместной классификации I.G.; First/Last/Run недостаточно
2016-09,30,unconfirmed,Нет помесячной совместной классификации I.G.; First/Last/Run недостаточно,43200,30,43200,30,43200,30,True,30,0,0,0,0,0,0,0,0,30,0,Нет помесячной совместной классификации I.G.; First/Last/Run недостаточно
2016-10,31,unconfirmed,Нет помесячной совместной классификации I.G.; First/Last/Run недостаточно,40301,29,40301,29,40301,29,True,25,5,1,3,0,0,0,0,0,25,0,Нет помесячной совместной классификации I.G.; First/Last/Run недостаточно | D1: повторные метки в трёхсуточном контексте; D2: повторные метки в трёхсуточном контексте; D3: повторные метки в трёхсуточном контексте; Нет помесячной совместной классификации I.G.; First/Last/Run недостаточно | D1: неполное покрытие суток; D2: неполное покрытие суток; D3: неполное покрытие суток; D1: повторные метки в трёхсуточном контексте; D2: повторные метки в трёхсуточном контексте; D3: повторные метки в трёхсуточном контексте; Нет помесячной совместной классификации I.G.; First/Last/Run недостаточно | D1: нет измерений суток; D2: нет измерений суток; D3: нет измерений суток; Нет помесячной совместной классификации I.G.; First/Last/Run недостаточно | D1: неполное покрытие суток; D2: неполное покрытие суток; D3: неполное покрытие суток; Нет помесячной совместной классификации I.G.; First/Last/Run недостаточно
2016-11,30,unconfirmed,Нет помесячной совместной классификации I.G.; First/Last/Run недостаточно,43199,30,43199,30,43199,30,True,28,2,0,0,0,0,0,0,0,28,0,Нет помесячной совместной классификации I.G.; First/Last/Run недостаточно | D1: неполное покрытие суток; D2: неполное покрытие суток; D3: неполное покрытие суток; Нет помесячной совместной классификации I.G.; First/Last/Run недостаточно | D1: неполное окружение ±12 ч; D2: неполное окружение ±12 ч; D3: неполное окружение ±12 ч; Нет помесячной совместной классификации I.G.; First/Last/Run недостаточно
2016-12,31,unconfirmed,Нет помесячной совместной классификации I.G.; First/Last/Run недостаточно,44639,31,44639,31,44639,31,True,29,2,0,0,0,0,0,0,0,29,0,Нет помесячной совместной классификации I.G.; First/Last/Run недостаточно | D1: неполное окружение ±12 ч; D2: неполное окружение ±12 ч; D3: неполное окружение ±12 ч; Нет помесячной совместной классификации I.G.; First/Last/Run недостаточно | D1: неполное покрытие суток; D2: неполное покрытие суток; D3: неполное покрытие суток; Нет помесячной совместной классификации I.G.; First/Last/Run недостаточно
2017-01,31,unconfirmed,Нет помесячной совместной классификации I.G.; First/Last/Run недостаточно,44640,31,44640,31,44640,31,True,31,0,0,0,0,0,0,0,0,31,0,Нет помесячной совместной классификации I.G.; First/Last/Run недостаточно
2017-02,28,unconfirmed,Нет помесячной совместной классификации I.G.; First/Last/Run недостаточно,40320,28,40320,28,40320,28,True,28,0,0,0,0,0,0,0,0,28,0,Нет помесячной совместной классификации I.G.; First/Last/Run недостаточно
2017-03,31,unconfirmed,Нет помесячной совместной классификации I.G.; First/Last/Run недостаточно,44641,31,44641,31,44641,31,True,28,2,1,3,0,0,0,0,0,28,0,Нет помесячной совместной классификации I.G.; First/Last/Run недостаточно | D1: повторные метки в трёхсуточном контексте; D2: повторные метки в трёхсуточном контексте; D3: повторные метки в трёхсуточном контексте; Нет помесячной совместной классификации I.G.; First/Last/Run недостаточно | D1: неполное покрытие суток; D2: неполное покрытие суток; D3: неполное покрытие суток; D1: повторные метки в трёхсуточном контексте; D2: повторные метки в трёхсуточном контексте; D3: повторные метки в трёхсуточном контексте; Нет помесячной совместной классификации I.G.; First/Last/Run недостаточно | D1: неполное окружение ±12 ч; D2: неполное окружение ±12 ч; D3: неполное окружение ±12 ч; D1: повторные метки в трёхсуточном контексте; D2: повторные метки в трёхсуточном контексте; D3: повторные метки в трёхсуточном контексте; Нет помесячной совместной классификации I.G.; First/Last/Run недостаточно
2017-04,30,unconfirmed,Нет помесячной совместной классификации I.G.; First/Last/Run недостаточно,35565,30,35565,30,35565,30,True,28,2,0,0,0,0,0,0,0,28,0,Нет помесячной совместной классификации I.G.; First/Last/Run недостаточно | D1: неполное окружение ±12 ч; D2: неполное окружение ±12 ч; D3: неполное окружение ±12 ч; Нет помесячной совместной классификации I.G.; First/Last/Run недостаточно | D1: неполное покрытие суток; D2: неполное покрытие суток; D3: неполное покрытие суток; Нет помесячной совместной классификации I.G.; First/Last/Run недостаточно
2017-05,31,unconfirmed,Нет помесячной совместной классификации I.G.; First/Last/Run недостаточно,8928,31,8928,31,8928,31,True,31,0,0,0,0,0,0,0,0,31,0,Нет помесячной совместной классификации I.G.; First/Last/Run недостаточно
2017-06,30,unconfirmed,Нет помесячной совместной классификации I.G.; First/Last/Run недостаточно,8640,30,8640,30,8640,30,True,30,0,0,0,0,0,0,0,0,30,0,Нет помесячной совместной классификации I.G.; First/Last/Run недостаточно
2017-07,31,unconfirmed,Нет помесячной совместной классификации I.G.; First/Last/Run недостаточно,8928,31,8928,31,8928,31,True,31,0,0,0,0,0,0,0,0,31,0,Нет помесячной совместной классификации I.G.; First/Last/Run недостаточно
2017-08,31,unconfirmed,Нет помесячной совместной классификации I.G.; First/Last/Run недостаточно,12806,31,12806,31,12806,31,True,21,7,3,10,0,0,2,0,0,21,0,Нет помесячной совместной классификации I.G.; First/Last/Run недостаточно | D1: повторные метки в трёхсуточном контексте; D2: повторные метки в трёхсуточном контексте; D3: повторные метки в трёхсуточном контексте; Нет помесячной совместной классификации I.G.; First/Last/Run недостаточно | D1: неполное покрытие суток; D2: неполное покрытие суток; D3: неполное покрытие суток; D1: повторные метки в трёхсуточном контексте; D2: повторные метки в трёхсуточном контексте; D3: повторные метки в трёхсуточном контексте; Нет помесячной совместной классификации I.G.; First/Last/Run недостаточно | D1: неполное покрытие суток (служебные значения); D2: неполное покрытие суток (служебные значения); D3: неполное покрытие суток (служебные значения); D1: повторные метки в трёхсуточном контексте; D2: повторные метки в трёхсуточном контексте; D3: повторные метки в трёхсуточном контексте; Нет помесячной совместной классификации I.G.; First/Last/Run недостаточно
2017-09,30,unconfirmed,Нет помесячной совместной классификации I.G.; First/Last/Run недостаточно,6704,25,6704,25,6704,25,True,6,24,0,0,0,16,0,0,0,6,0,Нет помесячной совместной классификации I.G.; First/Last/Run недостаточно | D1: неполное покрытие суток (нарушение 0<C≤3000); Нет помесячной совместной классификации I.G.; First/Last/Run недостаточно | D1: неполное покрытие суток (нарушение 0<C≤3000); D2: неполное покрытие суток; D3: неполное покрытие суток; Нет помесячной совместной классификации I.G.; First/Last/Run недостаточно | D1: нет измерений суток; D2: нет измерений суток; D3: нет измерений суток; Нет помесячной совместной классификации I.G.; First/Last/Run недостаточно | D1: неполное покрытие суток; D2: неполное покрытие суток; D3: неполное покрытие суток; Нет помесячной совместной классификации I.G.; First/Last/Run недостаточно | D1: неполное окружение ±12 ч; D2: неполное окружение ±12 ч; D3: неполное окружение ±12 ч; Нет помесячной совместной классификации I.G.; First/Last/Run недостаточно
2017-10,31,confirmed,I.G. стр. 21: совместный блок 2017-10–2020-08,8846,31,8846,31,8846,31,True,24,7,0,0,0,0,0,23,0,0,0,D1: неполное покрытие суток (граница выбранного блока); D2: неполное покрытие суток (граница выбранного блока); D3: неполное покрытие суток (граница выбранного блока) | D1: неполное покрытие суток; D2: неполное покрытие суток; D3: неполное покрытие суток | D1: неполное окружение ±12 ч; D2: неполное окружение ±12 ч; D3: неполное окружение ±12 ч
2017-11,30,confirmed,I.G. стр. 21: совместный блок 2017-10–2020-08,10582,30,10582,30,10582,30,True,11,13,6,13,0,0,0,11,0,0,0,D1: неполное покрытие суток; D2: неполное покрытие суток; D3: неполное покрытие суток | D1: неполное окружение ±12 ч; D2: неполное окружение ±12 ч; D3: неполное окружение ±12 ч | D1: неполное окружение ±12 ч; D2: неполное окружение ±12 ч; D3: неполное окружение ±12 ч; D1: повторные метки в трёхсуточном контексте; D2: повторные метки в трёхсуточном контексте; D3: повторные метки в трёхсуточном контексте | D1: неполное покрытие суток; D2: неполное покрытие суток; D3: неполное покрытие суток; D1: повторные метки в трёхсуточном контексте; D2: повторные метки в трёхсуточном контексте; D3: повторные метки в трёхсуточном контексте | D1: повторные метки в трёхсуточном контексте; D2: повторные метки в трёхсуточном контексте; D3: повторные метки в трёхсуточном контексте | D1: неполное окружение ±12 ч (согласованное ноябрьское исключение); D2: неполное окружение ±12 ч (согласованное ноябрьское исключение); D3: неполное окружение ±12 ч (согласованное ноябрьское исключение); D1: повторные метки в трёхсуточном контексте; D2: повторные метки в трёхсуточном контексте; D3: повторные метки в трёхсуточном контексте | D1: неполное покрытие суток (согласованное ноябрьское исключение); D2: неполное покрытие суток (согласованное ноябрьское исключение); D3: неполное покрытие суток (согласованное ноябрьское исключение); D1: повторные метки в трёхсуточном контексте; D2: повторные метки в трёхсуточном контексте; D3: повторные метки в трёхсуточном контексте | D1: неполное окружение ±12 ч (согласованное ноябрьское исключение); D2: неполное окружение ±12 ч (согласованное ноябрьское исключение); D3: неполное окружение ±12 ч (согласованное ноябрьское исключение) | D1: неполное покрытие суток (согласованное ноябрьское исключение); D2: неполное покрытие суток (согласованное ноябрьское исключение); D3: неполное покрытие суток (согласованное ноябрьское исключение)
2017-12,31,confirmed,I.G. стр. 21: совместный блок 2017-10–2020-08,8925,31,8925,31,8925,31,True,8,23,0,6,2,12,6,8,0,0,0,"D1: неполное покрытие суток (служебные значения); D2: неполное покрытие суток (служебные значения); D3: неполное покрытие суток (служебные значения); D1: повторные метки в трёхсуточном контексте; D2: повторные метки в трёхсуточном контексте; D3: повторные метки в трёхсуточном контексте | D1: неполное покрытие суток; D2: неполное покрытие суток; D3: неполное покрытие суток; D1: повторные метки в трёхсуточном контексте; D2: повторные метки в трёхсуточном контексте; D3: повторные метки в трёхсуточном контексте | D1: неполное покрытие суток; D2: неполное покрытие суток; D3: неполное покрытие суток | D1: неполное окружение ±12 ч; D2: неполное окружение ±12 ч; D3: неполное окружение ±12 ч | D1: неполное покрытие суток (служебные значения, нарушение 0<C≤3000); D2: неполное покрытие суток (служебные значения, нарушение 0<C≤3000); D3: неполное покрытие суток (служебные значения, нарушение 0<C≤3000); D1: диагностический постоянный участок в окнах расчёта; D2: диагностический постоянный участок в окнах расчёта; D3: диагностический постоянный участок в окнах расчёта | D1: неполное покрытие суток (нарушение 0<C≤3000); D2: неполное покрытие суток (нарушение 0<C≤3000); D3: неполное покрытие суток (нарушение 0<C≤3000) | D1: неполное покрытие суток (служебные значения, нарушение 0<C≤3000); D2: неполное покрытие суток (служебные значения, нарушение 0<C≤3000); D3: неполное покрытие суток (служебные значения, нарушение 0<C≤3000)"
2018-01,31,confirmed,I.G. стр. 21: совместный блок 2017-10–2020-08,2974,31,2974,31,2974,31,True,26,5,0,0,0,3,2,26,0,0,0,D1: неполное покрытие суток (нарушение 0<C≤3000); D2: неполное покрытие суток (нарушение 0<C≤3000); D3: неполное покрытие суток (нарушение 0<C≤3000) | D1: неполное окружение ±12 ч (нарушение 0<C≤3000); D2: неполное окружение ±12 ч (нарушение 0<C≤3000); D3: неполное окружение ±12 ч (нарушение 0<C≤3000) | D1: неполное покрытие суток (служебные значения); D2: неполное покрытие суток (служебные значения); D3: неполное покрытие суток (служебные значения) | D1: неполное окружение ±12 ч (служебные значения); D2: неполное окружение ±12 ч (служебные значения); D3: неполное окружение ±12 ч (служебные значения)
2018-02,28,confirmed,I.G. стр. 21: совместный блок 2017-10–2020-08,2681,28,2681,28,2681,28,True,20,7,1,3,2,0,0,20,0,0,0,D1: неполное покрытие суток; D2: неполное покрытие суток; D3: неполное покрытие суток | D1: неполное окружение ±12 ч; D2: неполное окружение ±12 ч; D3: неполное окружение ±12 ч | D1: повторные метки в трёхсуточном контексте; D2: повторные метки в трёхсуточном контексте; D3: повторные метки в трёхсуточном контексте | D1: неполное покрытие суток; D2: неполное покрытие суток; D3: неполное покрытие суток; D1: повторные метки в трёхсуточном контексте; D1: диагностический постоянный участок в окнах расчёта; D2: повторные метки в трёхсуточном контексте; D2: диагностический постоянный участок в окнах расчёта; D3: повторные метки в трёхсуточном контексте; D3: диагностический постоянный участок в окнах расчёта | D1: неполное окружение ±12 ч; D2: неполное окружение ±12 ч; D3: неполное окружение ±12 ч; D1: повторные метки в трёхсуточном контексте; D1: диагностический постоянный участок в окнах расчёта; D2: повторные метки в трёхсуточном контексте; D2: диагностический постоянный участок в окнах расчёта; D3: повторные метки в трёхсуточном контексте; D3: диагностический постоянный участок в окнах расчёта
2018-03,31,confirmed,I.G. стр. 21: совместный блок 2017-10–2020-08,2972,31,2972,31,2972,31,True,20,11,0,0,0,0,2,20,0,0,0,D1: неполное покрытие суток; D2: неполное покрытие суток; D3: неполное покрытие суток | D1: неполное окружение ±12 ч; D2: неполное окружение ±12 ч; D3: неполное окружение ±12 ч | D1: неполное покрытие суток (служебные значения); D2: неполное покрытие суток (служебные значения); D3: неполное покрытие суток (служебные значения) | D1: неполное окружение ±12 ч (служебные значения); D2: неполное окружение ±12 ч (служебные значения); D3: неполное окружение ±12 ч (служебные значения)
2018-04,30,confirmed,I.G. стр. 21: совместный блок 2017-10–2020-08,2879,30,2879,30,2879,30,True,28,2,0,0,0,0,0,28,0,0,0,D1: неполное покрытие суток; D2: неполное покрытие суток; D3: неполное покрытие суток | D1: неполное окружение ±12 ч; D2: неполное окружение ±12 ч; D3: неполное окружение ±12 ч
2018-05,31,confirmed,I.G. стр. 21: совместный блок 2017-10–2020-08,2972,31,2972,31,2972,31,True,29,2,0,0,0,0,0,29,0,0,0,D1: неполное покрытие суток; D2: неполное покрытие суток; D3: неполное покрытие суток | D1: неполное окружение ±12 ч; D2: неполное окружение ±12 ч; D3: неполное окружение ±12 ч
2018-06,30,confirmed,I.G. стр. 21: совместный блок 2017-10–2020-08,4006,30,4006,30,4006,30,True,18,12,0,6,0,2,1,18,0,0,0,D1: неполное окружение ±12 ч; D2: неполное окружение ±12 ч; D3: неполное окружение ±12 ч | D1: неполное покрытие суток; D2: неполное покрытие суток; D3: неполное покрытие суток | D1: неполное покрытие суток; D2: неполное покрытие суток; D3: неполное покрытие суток; D1: повторные метки в трёхсуточном контексте; D2: повторные метки в трёхсуточном контексте; D3: повторные метки в трёхсуточном контексте | D1: неполное покрытие суток (нарушение 0<C≤3000) | D1: неполное покрытие суток (нарушение 0<C≤3000); D2: неполное покрытие суток; D3: неполное покрытие суток | D1: неполное окружение ±12 ч (служебные значения); D2: неполное окружение ±12 ч (служебные значения); D3: неполное окружение ±12 ч (служебные значения)
2018-07,31,confirmed,I.G. стр. 21: совместный блок 2017-10–2020-08,2979,31,2979,31,2979,31,True,20,10,1,0,4,0,5,20,0,0,0,D1: неполное покрытие суток (служебные значения); D2: неполное покрытие суток (служебные значения); D3: неполное покрытие суток (служебные значения) | D1: неполное окружение ±12 ч; D2: неполное окружение ±12 ч; D3: неполное окружение ±12 ч | D1: неполное покрытие суток; D2: неполное покрытие суток; D3: неполное покрытие суток | D1: неполное покрытие суток (служебные значения); D2: неполное покрытие суток (служебные значения); D3: неполное покрытие суток (служебные значения); D1: диагностический постоянный участок в окнах расчёта; D2: диагностический постоянный участок в окнах расчёта; D3: диагностический постоянный участок в окнах расчёта | D1: неполное окружение ±12 ч (служебные значения); D2: неполное окружение ±12 ч (служебные значения); D3: неполное окружение ±12 ч (служебные значения); D1: диагностический постоянный участок в окнах расчёта; D2: диагностический постоянный участок в окнах расчёта; D3: диагностический постоянный участок в окнах расчёта | D1: диагностический постоянный участок в окнах расчёта; D2: диагностический постоянный участок в окнах расчёта; D3: диагностический постоянный участок в окнах расчёта
2018-08,31,confirmed,I.G. стр. 21: совместный блок 2017-10–2020-08,2976,31,2976,31,2976,31,True,13,12,6,0,15,0,8,13,0,0,0,D1: диагностический постоянный участок в окнах расчёта; D2: диагностический постоянный участок в окнах расчёта; D3: диагностический постоянный участок в окнах расчёта | D1: неполное покрытие суток (служебные значения); D2: неполное покрытие суток (служебные значения); D3: неполное покрытие суток (служебные значения); D1: диагностический постоянный участок в окнах расчёта; D2: диагностический постоянный участок в окнах расчёта; D3: диагностический постоянный участок в окнах расчёта | D1: неполное окружение ±12 ч (служебные значения); D2: неполное окружение ±12 ч (служебные значения); D3: неполное окружение ±12 ч (служебные значения); D1: диагностический постоянный участок в окнах расчёта; D2: диагностический постоянный участок в окнах расчёта; D3: диагностический постоянный участок в окнах расчёта | D1: неполное покрытие суток; D2: неполное покрытие суток; D3: неполное покрытие суток; D1: диагностический постоянный участок в окнах расчёта; D2: диагностический постоянный участок в окнах расчёта; D3: диагностический постоянный участок в окнах расчёта | D1: неполное окружение ±12 ч; D2: неполное окружение ±12 ч; D3: неполное окружение ±12 ч | D1: неполное покрытие суток; D2: неполное покрытие суток; D3: неполное покрытие суток
2018-09,30,confirmed,I.G. стр. 21: совместный блок 2017-10–2020-08,3543,30,3543,30,3543,30,True,16,12,2,6,5,0,6,16,0,0,0,D1: неполное покрытие суток; D2: неполное покрытие суток; D3: неполное покрытие суток | D1: неполное покрытие суток (служебные значения); D2: неполное покрытие суток (служебные значения); D3: неполное покрытие суток (служебные значения) | D1: неполное покрытие суток (служебные значения); D2: неполное покрытие суток (служебные значения); D3: неполное покрытие суток (служебные значения); D1: диагностический постоянный участок в окнах расчёта; D2: диагностический постоянный участок в окнах расчёта; D3: диагностический постоянный участок в окнах расчёта | D1: диагностический постоянный участок в окнах расчёта; D2: диагностический постоянный участок в окнах расчёта; D3: диагностический постоянный участок в окнах расчёта | D1: неполное окружение ±12 ч; D2: неполное окружение ±12 ч; D3: неполное окружение ±12 ч; D1: повторные метки в трёхсуточном контексте; D2: повторные метки в трёхсуточном контексте; D3: повторные метки в трёхсуточном контексте | D1: неполное покрытие суток; D2: неполное покрытие суток; D3: неполное покрытие суток; D1: повторные метки в трёхсуточном контексте; D2: повторные метки в трёхсуточном контексте; D3: повторные метки в трёхсуточном контексте | D1: повторные метки в трёхсуточном контексте; D2: повторные метки в трёхсуточном контексте; D3: повторные метки в трёхсуточном контексте
2018-10,31,confirmed,I.G. стр. 21: совместный блок 2017-10–2020-08,2973,31,2973,31,2973,31,True,20,11,0,0,0,0,10,20,0,0,0,D1: неполное покрытие суток; D2: неполное покрытие суток; D3: неполное покрытие суток | D1: неполное покрытие суток (служебные значения); D2: неполное покрытие суток (служебные значения); D3: неполное покрытие суток (служебные значения) | D1: неполное окружение ±12 ч (служебные значения); D2: неполное окружение ±12 ч (служебные значения); D3: неполное окружение ±12 ч (служебные значения)
2018-11,30,confirmed,I.G. стр. 21: совместный блок 2017-10–2020-08,2974,30,2974,30,2974,30,True,9,17,4,3,9,8,6,9,0,0,0,D1: неполное покрытие суток; D2: неполное покрытие суток; D3: неполное покрытие суток; D1: диагностический постоянный участок в окнах расчёта; D2: диагностический постоянный участок в окнах расчёта; D3: диагностический постоянный участок в окнах расчёта | D1: диагностический постоянный участок в окнах расчёта; D2: диагностический постоянный участок в окнах расчёта; D3: диагностический постоянный участок в окнах расчёта | D1: неполное покрытие суток (служебные значения); D2: неполное покрытие суток (служебные значения); D3: неполное покрытие суток (служебные значения); D1: диагностический постоянный участок в окнах расчёта; D2: диагностический постоянный участок в окнах расчёта; D3: диагностический постоянный участок в окнах расчёта | D1: неполное окружение ±12 ч (служебные значения); D2: неполное окружение ±12 ч (служебные значения); D3: неполное окружение ±12 ч (служебные значения); D1: диагностический постоянный участок в окнах расчёта; D2: диагностический постоянный участок в окнах расчёта; D3: диагностический постоянный участок в окнах расчёта | D1: неполное окружение ±12 ч (нарушение 0<C≤3000); D2: неполное окружение ±12 ч (нарушение 0<C≤3000); D3: неполное окружение ±12 ч (нарушение 0<C≤3000); D1: диагностический постоянный участок в окнах расчёта; D2: диагностический постоянный участок в окнах расчёта; D3: диагностический постоянный участок в окнах расчёта | D1: неполное покрытие суток (нарушение 0<C≤3000); D2: неполное покрытие суток (нарушение 0<C≤3000); D3: неполное покрытие суток (нарушение 0<C≤3000); D1: диагностический постоянный участок в окнах расчёта; D2: диагностический постоянный участок в окнах расчёта; D3: диагностический постоянный участок в окнах расчёта | D1: неполное покрытие суток (нарушение 0<C≤3000); D2: неполное покрытие суток (нарушение 0<C≤3000); D3: неполное покрытие суток (нарушение 0<C≤3000) | D1: неполное окружение ±12 ч; D2: неполное окружение ±12 ч; D3: неполное окружение ±12 ч | D1: неполное покрытие суток (служебные значения); D2: неполное покрытие суток (служебные значения); D3: неполное покрытие суток (служебные значения) | D1: неполное окружение ±12 ч (служебные значения); D2: неполное окружение ±12 ч (служебные значения); D3: неполное окружение ±12 ч (служебные значения) | D1: неполное покрытие суток (служебные значения); D2: неполное покрытие суток (служебные значения); D3: неполное покрытие суток (служебные значения); D1: повторные метки в трёхсуточном контексте; D2: повторные метки в трёхсуточном контексте; D3: повторные метки в трёхсуточном контексте | D1: неполное окружение ±12 ч (служебные значения); D2: неполное окружение ±12 ч (служебные значения); D3: неполное окружение ±12 ч (служебные значения); D1: повторные метки в трёхсуточном контексте; D2: повторные метки в трёхсуточном контексте; D3: повторные метки в трёхсуточном контексте | D1: повторные метки в трёхсуточном контексте; D2: повторные метки в трёхсуточном контексте; D3: повторные метки в трёхсуточном контексте
2018-12,31,confirmed,I.G. стр. 21: совместный блок 2017-10–2020-08,3305,31,3305,31,3305,31,True,15,10,6,6,0,0,9,15,0,0,0,D1: повторные метки в трёхсуточном контексте; D2: повторные метки в трёхсуточном контексте; D3: повторные метки в трёхсуточном контексте | D1: неполное окружение ±12 ч (служебные значения); D2: неполное окружение ±12 ч (служебные значения); D3: неполное окружение ±12 ч (служебные значения) | D1: неполное покрытие суток (служебные значения); D2: неполное покрытие суток (служебные значения); D3: неполное покрытие суток (служебные значения) | D1: неполное покрытие суток; D2: неполное покрытие суток; D3: неполное покрытие суток
2019-01,31,confirmed,I.G. стр. 21: совместный блок 2017-10–2020-08,2976,31,2976,31,2976,31,True,15,16,0,0,0,0,15,15,0,0,0,D1: неполное окружение ±12 ч (служебные значения); D2: неполное окружение ±12 ч (служебные значения); D3: неполное окружение ±12 ч (служебные значения) | D1: неполное покрытие суток (служебные значения); D2: неполное покрытие суток (служебные значения); D3: неполное покрытие суток (служебные значения) | D1: неполное окружение ±12 ч; D2: неполное окружение ±12 ч; D3: неполное окружение ±12 ч
2019-02,28,confirmed,I.G. стр. 21: совместный блок 2017-10–2020-08,2685,28,2685,28,2685,28,True,16,11,1,0,3,0,9,16,0,0,0,D1: неполное покрытие суток (служебные значения); D2: неполное покрытие суток (служебные значения); D3: неполное покрытие суток (служебные значения) | D1: неполное окружение ±12 ч (служебные значения); D2: неполное окружение ±12 ч (служебные значения); D3: неполное окружение ±12 ч (служебные значения) | D1: диагностический постоянный участок в окнах расчёта; D2: диагностический постоянный участок в окнах расчёта; D3: диагностический постоянный участок в окнах расчёта | D1: неполное покрытие суток; D2: неполное покрытие суток; D3: неполное покрытие суток; D1: диагностический постоянный участок в окнах расчёта; D2: диагностический постоянный участок в окнах расчёта; D3: диагностический постоянный участок в окнах расчёта | D1: неполное окружение ±12 ч; D2: неполное окружение ±12 ч; D3: неполное окружение ±12 ч; D1: диагностический постоянный участок в окнах расчёта; D2: диагностический постоянный участок в окнах расчёта; D3: диагностический постоянный участок в окнах расчёта
2019-03,31,confirmed,I.G. стр. 21: совместный блок 2017-10–2020-08,2973,31,2973,31,2973,31,True,27,4,0,0,2,0,2,27,0,0,0,D1: неполное окружение ±12 ч (служебные значения); D2: неполное окружение ±12 ч (служебные значения); D3: неполное окружение ±12 ч (служебные значения) | D1: неполное покрытие суток (служебные значения); D2: неполное покрытие суток (служебные значения); D3: неполное покрытие суток (служебные значения) | D1: неполное окружение ±12 ч; D2: неполное окружение ±12 ч; D3: неполное окружение ±12 ч; D1: диагностический постоянный участок в окнах расчёта; D2: диагностический постоянный участок в окнах расчёта; D3: диагностический постоянный участок в окнах расчёта | D1: неполное покрытие суток; D2: неполное покрытие суток; D3: неполное покрытие суток; D1: диагностический постоянный участок в окнах расчёта; D2: диагностический постоянный участок в окнах расчёта; D3: диагностический постоянный участок в окнах расчёта
2019-04,30,confirmed,I.G. стр. 21: совместный блок 2017-10–2020-08,2932,30,2932,30,2932,30,True,23,4,3,4,0,0,0,23,0,0,0,D1: неполное окружение ±12 ч; D2: неполное окружение ±12 ч; D3: неполное окружение ±12 ч | D1: неполное покрытие суток; D2: неполное покрытие суток; D3: неполное покрытие суток | D1: повторные метки в трёхсуточном контексте; D2: повторные метки в трёхсуточном контексте; D3: повторные метки в трёхсуточном контексте | D1: неполное покрытие суток; D2: неполное покрытие суток; D3: неполное покрытие суток; D1: повторные метки в трёхсуточном контексте
2019-05,31,confirmed,I.G. стр. 21: совместный блок 2017-10–2020-08,2976,31,2976,31,2976,31,True,31,0,0,0,0,0,0,31,0,0,0,
2019-06,30,confirmed,I.G. стр. 21: совместный блок 2017-10–2020-08,2880,30,2880,30,2880,30,True,23,2,5,0,5,0,2,23,0,0,0,D1: неполное покрытие суток (служебные значения); D2: неполное покрытие суток (служебные значения); D3: неполное покрытие суток (служебные значения) | D1: неполное окружение ±12 ч (служебные значения); D2: неполное окружение ±12 ч (служебные значения); D3: неполное окружение ±12 ч (служебные значения) | D1: диагностический постоянный участок в окнах расчёта; D2: диагностический постоянный участок в окнах расчёта; D3: диагностический постоянный участок в окнах расчёта
2019-07,31,confirmed,I.G. стр. 21: совместный блок 2017-10–2020-08,2973,31,2973,31,2973,31,True,23,4,4,0,4,0,4,23,0,0,0,D1: диагностический постоянный участок в окнах расчёта; D2: диагностический постоянный участок в окнах расчёта; D3: диагностический постоянный участок в окнах расчёта | D1: неполное окружение ±12 ч (служебные значения); D2: неполное окружение ±12 ч (служебные значения); D3: неполное окружение ±12 ч (служебные значения) | D1: неполное покрытие суток (служебные значения); D2: неполное покрытие суток (служебные значения); D3: неполное покрытие суток (служебные значения)
2019-08,31,confirmed,I.G. стр. 21: совместный блок 2017-10–2020-08,2976,31,2976,31,2976,31,True,30,0,1,0,1,0,0,30,0,0,0,D1: диагностический постоянный участок в окнах расчёта; D2: диагностический постоянный участок в окнах расчёта; D3: диагностический постоянный участок в окнах расчёта
2019-09,30,confirmed,I.G. стр. 21: совместный блок 2017-10–2020-08,2862,30,2862,30,2862,30,True,22,8,0,0,0,0,2,22,0,0,0,D1: неполное покрытие суток; D2: неполное покрытие суток; D3: неполное покрытие суток | D1: неполное окружение ±12 ч; D2: неполное окружение ±12 ч; D3: неполное окружение ±12 ч | D1: неполное покрытие суток (служебные значения); D2: неполное покрытие суток (служебные значения); D3: неполное покрытие суток (служебные значения)
2019-10,31,confirmed,I.G. стр. 21: совместный блок 2017-10–2020-08,2976,31,2976,31,2976,31,True,31,0,0,0,0,0,0,31,0,0,0,
2019-11,30,confirmed,I.G. стр. 21: совместный блок 2017-10–2020-08,2880,30,2880,30,2880,30,True,28,2,0,0,0,0,2,28,0,0,0,D1: неполное покрытие суток (служебные значения); D2: неполное покрытие суток (служебные значения); D3: неполное покрытие суток (служебные значения) | D1: неполное окружение ±12 ч (служебные значения); D2: неполное окружение ±12 ч (служебные значения); D3: неполное окружение ±12 ч (служебные значения)
2019-12,31,confirmed,I.G. стр. 21: совместный блок 2017-10–2020-08,2976,31,2976,31,2976,31,True,31,0,0,0,0,0,0,31,0,0,0,
2020-01,31,confirmed,I.G. стр. 21: совместный блок 2017-10–2020-08,2976,31,2976,31,2976,31,True,28,3,0,0,0,0,3,28,0,0,0,D1: неполное покрытие суток (служебные значения); D2: неполное покрытие суток (служебные значения); D3: неполное покрытие суток (служебные значения) | D1: неполное окружение ±12 ч (служебные значения); D2: неполное окружение ±12 ч (служебные значения); D3: неполное окружение ±12 ч (служебные значения)
2020-02,29,confirmed,I.G. стр. 21: совместный блок 2017-10–2020-08,2784,29,2784,29,2784,29,True,27,2,0,0,0,0,2,27,0,0,0,D1: неполное покрытие суток (служебные значения); D2: неполное покрытие суток (служебные значения); D3: неполное покрытие суток (служебные значения) | D1: неполное окружение ±12 ч (служебные значения); D2: неполное окружение ±12 ч (служебные значения); D3: неполное окружение ±12 ч (служебные значения)
2020-03,31,confirmed,I.G. стр. 21: совместный блок 2017-10–2020-08,2973,31,2973,31,2973,31,True,29,2,0,0,0,0,0,29,0,0,0,D1: неполное окружение ±12 ч; D2: неполное окружение ±12 ч; D3: неполное окружение ±12 ч | D1: неполное покрытие суток; D2: неполное покрытие суток; D3: неполное покрытие суток
2020-04,30,confirmed,I.G. стр. 21: совместный блок 2017-10–2020-08,2877,30,2877,30,2877,30,True,27,3,0,0,0,1,0,27,0,0,0,D1: неполное окружение ±12 ч; D2: неполное окружение ±12 ч; D3: неполное окружение ±12 ч | D1: неполное покрытие суток; D2: неполное покрытие суток; D3: неполное покрытие суток | D2: неполное окружение ±12 ч (нарушение 0<C≤3000)
2020-05,31,confirmed,I.G. стр. 21: совместный блок 2017-10–2020-08,2968,31,2968,31,2968,31,True,23,8,0,0,0,1,6,23,0,0,0,D2: неполное покрытие суток (нарушение 0<C≤3000) | D1: неполное окружение ±12 ч (служебные значения); D2: неполное окружение ±12 ч (служебные значения); D3: неполное окружение ±12 ч (служебные значения) | D1: неполное покрытие суток (служебные значения); D2: неполное покрытие суток (служебные значения); D3: неполное покрытие суток (служебные значения) | D1: неполное окружение ±12 ч; D2: неполное окружение ±12 ч; D3: неполное окружение ±12 ч
2020-06,30,confirmed,I.G. стр. 21: совместный блок 2017-10–2020-08,2880,30,2880,30,2880,30,True,25,5,0,0,0,3,2,25,0,0,0,D1: неполное покрытие суток (служебные значения); D2: неполное покрытие суток (служебные значения); D3: неполное покрытие суток (служебные значения) | D1: неполное окружение ±12 ч (служебные значения); D2: неполное окружение ±12 ч (служебные значения); D3: неполное окружение ±12 ч (служебные значения) | D2: неполное покрытие суток (нарушение 0<C≤3000) | D2: неполное окружение ±12 ч (нарушение 0<C≤3000)
2020-07,31,confirmed,I.G. стр. 21: совместный блок 2017-10–2020-08,2971,31,2971,31,2971,31,True,18,13,0,0,2,3,8,18,0,0,0,"D1: неполное окружение ±12 ч; D2: неполное окружение ±12 ч; D3: неполное окружение ±12 ч; D1: диагностический постоянный участок в окнах расчёта; D2: диагностический постоянный участок в окнах расчёта; D3: диагностический постоянный участок в окнах расчёта | D1: неполное покрытие суток; D2: неполное покрытие суток; D3: неполное покрытие суток; D1: диагностический постоянный участок в окнах расчёта; D2: диагностический постоянный участок в окнах расчёта; D3: диагностический постоянный участок в окнах расчёта | D1: неполное покрытие суток; D2: неполное покрытие суток; D3: неполное покрытие суток | D1: неполное окружение ±12 ч; D2: неполное окружение ±12 ч; D3: неполное окружение ±12 ч | D1: неполное окружение ±12 ч (служебные значения); D2: неполное окружение ±12 ч (служебные значения); D3: неполное окружение ±12 ч (служебные значения) | D1: неполное покрытие суток (служебные значения); D2: неполное покрытие суток (служебные значения); D3: неполное покрытие суток (служебные значения) | D1: неполное покрытие суток (служебные значения); D2: неполное покрытие суток (служебные значения, нарушение 0<C≤3000); D3: неполное покрытие суток (служебные значения) | D1: неполное окружение ±12 ч (служебные значения); D2: неполное покрытие суток (служебные значения, нарушение 0<C≤3000); D3: неполное окружение ±12 ч (служебные значения) | D2: неполное окружение ±12 ч (нарушение 0<C≤3000)"
2020-08,31,confirmed,I.G. стр. 21: совместный блок 2017-10–2020-08,2976,31,2976,31,2976,31,True,31,0,0,0,0,0,0,30,0,0,0,D1: неполное покрытие суток (граница выбранного блока); D2: неполное покрытие суток (граница выбранного блока); D3: неполное покрытие суток (граница выбранного блока)
2020-09,30,unconfirmed,Нет помесячной совместной классификации I.G.; First/Last/Run недостаточно,2851,30,2851,30,2851,30,True,8,5,17,0,21,0,1,0,0,8,0,Нет помесячной совместной классификации I.G.; First/Last/Run недостаточно | D1: неполное окружение ±12 ч; D2: неполное окружение ±12 ч; D3: неполное окружение ±12 ч; Нет помесячной совместной классификации I.G.; First/Last/Run недостаточно | D1: неполное покрытие суток; D2: неполное покрытие суток; D3: неполное покрытие суток; D1: диагностический постоянный участок в окнах расчёта; D2: диагностический постоянный участок в окнах расчёта; D3: диагностический постоянный участок в окнах расчёта; Нет помесячной совместной классификации I.G.; First/Last/Run недостаточно | D1: неполное окружение ±12 ч; D2: неполное окружение ±12 ч; D3: неполное окружение ±12 ч; D1: диагностический постоянный участок в окнах расчёта; D2: диагностический постоянный участок в окнах расчёта; D3: диагностический постоянный участок в окнах расчёта; Нет помесячной совместной классификации I.G.; First/Last/Run недостаточно | D1: диагностический постоянный участок в окнах расчёта; D2: диагностический постоянный участок в окнах расчёта; D3: диагностический постоянный участок в окнах расчёта; Нет помесячной совместной классификации I.G.; First/Last/Run недостаточно | D1: неполное покрытие суток (служебные значения); D2: неполное покрытие суток (служебные значения); D3: неполное покрытие суток (служебные значения); D1: диагностический постоянный участок в окнах расчёта; D2: диагностический постоянный участок в окнах расчёта; D3: диагностический постоянный участок в окнах расчёта; Нет помесячной совместной классификации I.G.; First/Last/Run недостаточно
2020-10,31,unconfirmed,Нет помесячной совместной классификации I.G.; First/Last/Run недостаточно,2976,31,2976,31,2976,31,True,23,1,7,0,8,0,0,0,0,23,0,D1: неполное окружение ±12 ч; D2: неполное окружение ±12 ч; D3: неполное окружение ±12 ч; D1: диагностический постоянный участок в окнах расчёта; D2: диагностический постоянный участок в окнах расчёта; D3: диагностический постоянный участок в окнах расчёта; Нет помесячной совместной классификации I.G.; First/Last/Run недостаточно | D1: диагностический постоянный участок в окнах расчёта; D2: диагностический постоянный участок в окнах расчёта; D3: диагностический постоянный участок в окнах расчёта; Нет помесячной совместной классификации I.G.; First/Last/Run недостаточно | Нет помесячной совместной классификации I.G.; First/Last/Run недостаточно
2020-11,30,unconfirmed,Нет помесячной совместной классификации I.G.; First/Last/Run недостаточно,2880,30,2880,30,2880,30,True,28,2,0,0,0,0,2,0,0,28,0,Нет помесячной совместной классификации I.G.; First/Last/Run недостаточно | D1: неполное покрытие суток (служебные значения); D2: неполное покрытие суток (служебные значения); D3: неполное покрытие суток (служебные значения); Нет помесячной совместной классификации I.G.; First/Last/Run недостаточно
2020-12,31,unconfirmed,Нет помесячной совместной классификации I.G.; First/Last/Run недостаточно,2976,31,2976,31,2976,31,True,31,0,0,0,0,0,0,0,0,31,0,Нет помесячной совместной классификации I.G.; First/Last/Run недостаточно
2021-01,31,not_admitted_audit,После последнего пригодного месяца по таблице 2 I.G.: W_R4_C-4_D2,2971,31,2971,31,2971,31,True,3,28,0,0,3,28,4,0,0,0,3,"После последнего пригодного месяца по таблице 2 I.G.: W_R4_C-4_D2 | D2: неполное окружение ±12 ч (нарушение 0<C≤3000); После последнего пригодного месяца по таблице 2 I.G.: W_R4_C-4_D2 | D2: неполное покрытие суток (нарушение 0<C≤3000); После последнего пригодного месяца по таблице 2 I.G.: W_R4_C-4_D2 | D1: неполное покрытие суток (служебные значения); D2: неполное покрытие суток (служебные значения, нарушение 0<C≤3000); D3: неполное покрытие суток (служебные значения); После последнего пригодного месяца по таблице 2 I.G.: W_R4_C-4_D2 | D1: неполное окружение ±12 ч (служебные значения); D2: неполное покрытие суток (служебные значения, нарушение 0<C≤3000); D3: неполное окружение ±12 ч (служебные значения); После последнего пригодного месяца по таблице 2 I.G.: W_R4_C-4_D2 | D1: неполное окружение ±12 ч (служебные значения); D2: неполное покрытие суток (служебные значения, нарушение 0<C≤3000); D3: неполное окружение ±12 ч (служебные значения); D1: диагностический постоянный участок в окнах расчёта; D3: диагностический постоянный участок в окнах расчёта; После последнего пригодного месяца по таблице 2 I.G.: W_R4_C-4_D2 | D1: неполное покрытие суток (служебные значения); D2: неполное покрытие суток (служебные значения, нарушение 0<C≤3000); D3: неполное покрытие суток (служебные значения); D1: диагностический постоянный участок в окнах расчёта; D3: диагностический постоянный участок в окнах расчёта; После последнего пригодного месяца по таблице 2 I.G.: W_R4_C-4_D2 | D1: неполное покрытие суток; D2: неполное покрытие суток (нарушение 0<C≤3000); D3: неполное покрытие суток; D1: диагностический постоянный участок в окнах расчёта; D3: диагностический постоянный участок в окнах расчёта; После последнего пригодного месяца по таблице 2 I.G.: W_R4_C-4_D2 | D1: неполное окружение ±12 ч; D2: неполное покрытие суток (нарушение 0<C≤3000); D3: неполное окружение ±12 ч; После последнего пригодного месяца по таблице 2 I.G.: W_R4_C-4_D2"
2021-02,28,not_admitted_audit,После последнего пригодного месяца по таблице 2 I.G.: W_R4_C-4_D2,2677,28,2677,28,2677,28,True,0,28,0,0,0,28,2,0,0,0,0,"D2: неполное покрытие суток (нарушение 0<C≤3000); После последнего пригодного месяца по таблице 2 I.G.: W_R4_C-4_D2 | D1: неполное покрытие суток; D2: неполное покрытие суток (нарушение 0<C≤3000); D3: неполное покрытие суток; После последнего пригодного месяца по таблице 2 I.G.: W_R4_C-4_D2 | D1: неполное окружение ±12 ч; D2: неполное покрытие суток (нарушение 0<C≤3000); D3: неполное окружение ±12 ч; После последнего пригодного месяца по таблице 2 I.G.: W_R4_C-4_D2 | D1: неполное покрытие суток (служебные значения); D2: неполное покрытие суток (служебные значения, нарушение 0<C≤3000); D3: неполное покрытие суток (служебные значения); После последнего пригодного месяца по таблице 2 I.G.: W_R4_C-4_D2 | D1: неполное окружение ±12 ч (служебные значения); D2: неполное покрытие суток (служебные значения, нарушение 0<C≤3000); D3: неполное окружение ±12 ч (служебные значения); После последнего пригодного месяца по таблице 2 I.G.: W_R4_C-4_D2"
2021-03,31,not_admitted_audit,После последнего пригодного месяца по таблице 2 I.G.: W_R4_C-4_D2,2976,31,2976,31,2976,31,True,0,31,0,0,0,31,5,0,0,0,0,"D1: неполное покрытие суток (служебные значения); D2: неполное покрытие суток (служебные значения, нарушение 0<C≤3000); D3: неполное покрытие суток (служебные значения); После последнего пригодного месяца по таблице 2 I.G.: W_R4_C-4_D2 | D2: неполное покрытие суток (нарушение 0<C≤3000); После последнего пригодного месяца по таблице 2 I.G.: W_R4_C-4_D2 | D1: неполное окружение ±12 ч (служебные значения); D2: неполное покрытие суток (служебные значения, нарушение 0<C≤3000); D3: неполное окружение ±12 ч (служебные значения); После последнего пригодного месяца по таблице 2 I.G.: W_R4_C-4_D2"
2021-04,30,not_admitted_audit,После последнего пригодного месяца по таблице 2 I.G.: W_R4_C-4_D2,2880,30,2880,30,2880,30,True,0,30,0,0,0,30,2,0,0,0,0,"D2: неполное покрытие суток (нарушение 0<C≤3000); После последнего пригодного месяца по таблице 2 I.G.: W_R4_C-4_D2 | D1: неполное окружение ±12 ч (служебные значения); D2: неполное покрытие суток (служебные значения, нарушение 0<C≤3000); D3: неполное окружение ±12 ч (служебные значения); После последнего пригодного месяца по таблице 2 I.G.: W_R4_C-4_D2 | D1: неполное покрытие суток (служебные значения); D2: неполное покрытие суток (служебные значения, нарушение 0<C≤3000); D3: неполное покрытие суток (служебные значения); После последнего пригодного месяца по таблице 2 I.G.: W_R4_C-4_D2"
2021-05,31,not_admitted_audit,После последнего пригодного месяца по таблице 2 I.G.: W_R4_C-4_D2,2976,31,2976,31,2976,31,True,0,31,0,0,0,31,3,0,0,0,0,"D2: неполное покрытие суток (нарушение 0<C≤3000); После последнего пригодного месяца по таблице 2 I.G.: W_R4_C-4_D2 | D1: неполное покрытие суток (служебные значения); D2: неполное покрытие суток (служебные значения, нарушение 0<C≤3000); D3: неполное покрытие суток (служебные значения); После последнего пригодного месяца по таблице 2 I.G.: W_R4_C-4_D2 | D1: неполное окружение ±12 ч (служебные значения); D2: неполное покрытие суток (служебные значения, нарушение 0<C≤3000); D3: неполное окружение ±12 ч (служебные значения); После последнего пригодного месяца по таблице 2 I.G.: W_R4_C-4_D2"
2021-06,30,not_admitted_audit,После последнего пригодного месяца по таблице 2 I.G.: W_R4_C-4_D2,2880,30,2880,30,2880,30,True,0,30,0,0,2,30,8,0,0,0,0,"D2: неполное покрытие суток (нарушение 0<C≤3000); D1: диагностический постоянный участок в окнах расчёта; D3: диагностический постоянный участок в окнах расчёта; После последнего пригодного месяца по таблице 2 I.G.: W_R4_C-4_D2 | D2: неполное покрытие суток (нарушение 0<C≤3000); После последнего пригодного месяца по таблице 2 I.G.: W_R4_C-4_D2 | D1: неполное покрытие суток (служебные значения); D2: неполное покрытие суток (служебные значения, нарушение 0<C≤3000); D3: неполное покрытие суток (служебные значения); После последнего пригодного месяца по таблице 2 I.G.: W_R4_C-4_D2 | D1: неполное окружение ±12 ч (служебные значения); D2: неполное покрытие суток (служебные значения, нарушение 0<C≤3000); D3: неполное окружение ±12 ч (служебные значения); После последнего пригодного месяца по таблице 2 I.G.: W_R4_C-4_D2"
2021-07,31,not_admitted_audit,После последнего пригодного месяца по таблице 2 I.G.: W_R4_C-4_D2,2976,31,2976,31,2976,31,True,0,31,0,0,0,31,7,0,0,0,0,"D1: неполное окружение ±12 ч (служебные значения); D2: неполное покрытие суток (служебные значения, нарушение 0<C≤3000); D3: неполное окружение ±12 ч (служебные значения); После последнего пригодного месяца по таблице 2 I.G.: W_R4_C-4_D2 | D1: неполное покрытие суток (служебные значения); D2: неполное покрытие суток (служебные значения, нарушение 0<C≤3000); D3: неполное покрытие суток (служебные значения); После последнего пригодного месяца по таблице 2 I.G.: W_R4_C-4_D2 | D2: неполное покрытие суток (нарушение 0<C≤3000); После последнего пригодного месяца по таблице 2 I.G.: W_R4_C-4_D2"
2021-08,31,not_admitted_audit,После последнего пригодного месяца по таблице 2 I.G.: W_R4_C-4_D2,2976,31,2976,31,2976,31,True,0,31,0,0,0,31,15,0,0,0,0,"D2: неполное покрытие суток (нарушение 0<C≤3000); После последнего пригодного месяца по таблице 2 I.G.: W_R4_C-4_D2 | D1: неполное покрытие суток (служебные значения); D2: неполное покрытие суток (служебные значения, нарушение 0<C≤3000); D3: неполное покрытие суток (служебные значения); После последнего пригодного месяца по таблице 2 I.G.: W_R4_C-4_D2 | D1: неполное окружение ±12 ч (служебные значения); D2: неполное покрытие суток (служебные значения, нарушение 0<C≤3000); D3: неполное окружение ±12 ч (служебные значения); После последнего пригодного месяца по таблице 2 I.G.: W_R4_C-4_D2"
2021-09,30,not_admitted_audit,После последнего пригодного месяца по таблице 2 I.G.: W_R4_C-4_D2,2876,30,2876,30,2876,30,True,0,30,0,0,0,30,2,0,0,0,0,"D2: неполное покрытие суток (нарушение 0<C≤3000); После последнего пригодного месяца по таблице 2 I.G.: W_R4_C-4_D2 | D1: неполное окружение ±12 ч; D2: неполное покрытие суток (нарушение 0<C≤3000); D3: неполное окружение ±12 ч; После последнего пригодного месяца по таблице 2 I.G.: W_R4_C-4_D2 | D1: неполное покрытие суток; D2: неполное покрытие суток (нарушение 0<C≤3000); D3: неполное покрытие суток; После последнего пригодного месяца по таблице 2 I.G.: W_R4_C-4_D2 | D1: неполное окружение ±12 ч (служебные значения); D2: неполное покрытие суток (служебные значения, нарушение 0<C≤3000); D3: неполное окружение ±12 ч (служебные значения); После последнего пригодного месяца по таблице 2 I.G.: W_R4_C-4_D2 | D1: неполное покрытие суток (служебные значения); D2: неполное покрытие суток (служебные значения, нарушение 0<C≤3000); D3: неполное покрытие суток (служебные значения); После последнего пригодного месяца по таблице 2 I.G.: W_R4_C-4_D2 | D2: неполное покрытие суток (нарушение 0<C≤3000); D3: неполное покрытие суток (нарушение 0<C≤3000); После последнего пригодного месяца по таблице 2 I.G.: W_R4_C-4_D2"
2021-10,31,not_admitted_audit,"После последнего пригодного месяца по таблице 2 I.G.: W_R4_C-4_D2, W_R4_C-4_D3",2976,31,2976,31,2976,31,True,0,31,0,0,0,31,4,0,0,0,0,"D2: неполное покрытие суток (нарушение 0<C≤3000); D3: неполное покрытие суток (нарушение 0<C≤3000); После последнего пригодного месяца по таблице 2 I.G.: W_R4_C-4_D2, W_R4_C-4_D3 | D1: неполное покрытие суток (служебные значения); D2: неполное покрытие суток (служебные значения, нарушение 0<C≤3000); D3: неполное покрытие суток (служебные значения, нарушение 0<C≤3000); После последнего пригодного месяца по таблице 2 I.G.: W_R4_C-4_D2, W_R4_C-4_D3 | D1: неполное окружение ±12 ч (служебные значения); D2: неполное покрытие суток (служебные значения, нарушение 0<C≤3000); D3: неполное покрытие суток (служебные значения, нарушение 0<C≤3000); После последнего пригодного месяца по таблице 2 I.G.: W_R4_C-4_D2, W_R4_C-4_D3"
2021-11,30,not_admitted_audit,"После последнего пригодного месяца по таблице 2 I.G.: W_R4_C-4_D2, W_R4_C-4_D3",2880,30,2880,30,2880,30,True,0,30,0,0,0,30,9,0,0,0,0,"D2: неполное покрытие суток (нарушение 0<C≤3000); D3: неполное покрытие суток (нарушение 0<C≤3000); После последнего пригодного месяца по таблице 2 I.G.: W_R4_C-4_D2, W_R4_C-4_D3 | D1: неполное покрытие суток (служебные значения); D2: неполное покрытие суток (служебные значения, нарушение 0<C≤3000); D3: неполное покрытие суток (служебные значения, нарушение 0<C≤3000); После последнего пригодного месяца по таблице 2 I.G.: W_R4_C-4_D2, W_R4_C-4_D3 | D1: неполное окружение ±12 ч (служебные значения); D2: неполное покрытие суток (служебные значения, нарушение 0<C≤3000); D3: неполное покрытие суток (служебные значения, нарушение 0<C≤3000); После последнего пригодного месяца по таблице 2 I.G.: W_R4_C-4_D2, W_R4_C-4_D3"
2021-12,31,not_admitted_audit,"После последнего пригодного месяца по таблице 2 I.G.: W_R4_C-4_D2, W_R4_C-4_D3",2976,31,2976,31,2976,31,True,0,31,0,0,0,31,12,0,0,0,0,"D1: неполное покрытие суток (служебные значения); D2: неполное покрытие суток (служебные значения, нарушение 0<C≤3000); D3: неполное покрытие суток (служебные значения, нарушение 0<C≤3000); После последнего пригодного месяца по таблице 2 I.G.: W_R4_C-4_D2, W_R4_C-4_D3 | D1: неполное окружение ±12 ч (служебные значения); D2: неполное покрытие суток (служебные значения, нарушение 0<C≤3000); D3: неполное покрытие суток (служебные значения, нарушение 0<C≤3000); После последнего пригодного месяца по таблице 2 I.G.: W_R4_C-4_D2, W_R4_C-4_D3 | D2: неполное покрытие суток (нарушение 0<C≤3000); D3: неполное покрытие суток (нарушение 0<C≤3000); После последнего пригодного месяца по таблице 2 I.G.: W_R4_C-4_D2, W_R4_C-4_D3"
2022-01,31,not_admitted_audit,"После последнего пригодного месяца по таблице 2 I.G.: W_R4_C-4_D2, W_R4_C-4_D3",2976,31,2976,31,2976,31,True,0,31,0,0,0,31,8,0,0,0,0,"D1: неполное покрытие суток (служебные значения); D2: неполное покрытие суток (служебные значения, нарушение 0<C≤3000); D3: неполное покрытие суток (служебные значения, нарушение 0<C≤3000); После последнего пригодного месяца по таблице 2 I.G.: W_R4_C-4_D2, W_R4_C-4_D3 | D1: неполное окружение ±12 ч (служебные значения); D2: неполное покрытие суток (служебные значения, нарушение 0<C≤3000); D3: неполное покрытие суток (служебные значения, нарушение 0<C≤3000); После последнего пригодного месяца по таблице 2 I.G.: W_R4_C-4_D2, W_R4_C-4_D3 | D2: неполное покрытие суток (нарушение 0<C≤3000); D3: неполное покрытие суток (нарушение 0<C≤3000); После последнего пригодного месяца по таблице 2 I.G.: W_R4_C-4_D2, W_R4_C-4_D3 | D1: неполное окружение ±12 ч; D2: неполное покрытие суток (нарушение 0<C≤3000); D3: неполное покрытие суток (нарушение 0<C≤3000); После последнего пригодного месяца по таблице 2 I.G.: W_R4_C-4_D2, W_R4_C-4_D3"
2022-02,28,not_admitted_audit,"После последнего пригодного месяца по таблице 2 I.G.: W_R4_C-4_D2, W_R4_C-4_D3",2685,28,2685,28,2685,28,True,0,28,0,0,0,28,5,0,0,0,0,"D1: неполное покрытие суток (служебные значения); D2: неполное покрытие суток (служебные значения, нарушение 0<C≤3000); D3: неполное покрытие суток (служебные значения, нарушение 0<C≤3000); После последнего пригодного месяца по таблице 2 I.G.: W_R4_C-4_D2, W_R4_C-4_D3 | D1: неполное окружение ±12 ч (служебные значения); D2: неполное покрытие суток (служебные значения, нарушение 0<C≤3000); D3: неполное покрытие суток (служебные значения, нарушение 0<C≤3000); После последнего пригодного месяца по таблице 2 I.G.: W_R4_C-4_D2, W_R4_C-4_D3 | D2: неполное покрытие суток (нарушение 0<C≤3000); D3: неполное покрытие суток (нарушение 0<C≤3000); После последнего пригодного месяца по таблице 2 I.G.: W_R4_C-4_D2, W_R4_C-4_D3 | D1: неполное покрытие суток; D2: неполное покрытие суток (нарушение 0<C≤3000); D3: неполное покрытие суток (нарушение 0<C≤3000); После последнего пригодного месяца по таблице 2 I.G.: W_R4_C-4_D2, W_R4_C-4_D3 | D1: неполное окружение ±12 ч; D2: неполное покрытие суток (нарушение 0<C≤3000); D3: неполное покрытие суток (нарушение 0<C≤3000); После последнего пригодного месяца по таблице 2 I.G.: W_R4_C-4_D2, W_R4_C-4_D3"
2022-03,31,not_admitted_audit,"После последнего пригодного месяца по таблице 2 I.G.: W_R4_C-4_D2, W_R4_C-4_D3",2976,31,2976,31,2976,31,True,0,31,0,0,0,31,0,0,0,0,0,"D2: неполное покрытие суток (нарушение 0<C≤3000); D3: неполное покрытие суток (нарушение 0<C≤3000); После последнего пригодного месяца по таблице 2 I.G.: W_R4_C-4_D2, W_R4_C-4_D3"
2022-04,30,not_admitted_audit,"После последнего пригодного месяца по таблице 2 I.G.: W_R4_C-4_D2, W_R4_C-4_D3",2883,30,2883,30,2883,30,True,0,30,0,0,0,30,4,0,0,0,0,"D2: неполное покрытие суток (нарушение 0<C≤3000); D3: неполное покрытие суток (нарушение 0<C≤3000); После последнего пригодного месяца по таблице 2 I.G.: W_R4_C-4_D2, W_R4_C-4_D3 | D1: неполное окружение ±12 ч (служебные значения); D2: неполное покрытие суток (служебные значения, нарушение 0<C≤3000); D3: неполное покрытие суток (служебные значения, нарушение 0<C≤3000); После последнего пригодного месяца по таблице 2 I.G.: W_R4_C-4_D2, W_R4_C-4_D3 | D1: неполное покрытие суток (служебные значения); D2: неполное покрытие суток (служебные значения, нарушение 0<C≤3000); D3: неполное покрытие суток (служебные значения, нарушение 0<C≤3000); После последнего пригодного месяца по таблице 2 I.G.: W_R4_C-4_D2, W_R4_C-4_D3 | D1: неполное покрытие суток; D2: неполное покрытие суток (нарушение 0<C≤3000); D3: неполное покрытие суток (нарушение 0<C≤3000); После последнего пригодного месяца по таблице 2 I.G.: W_R4_C-4_D2, W_R4_C-4_D3 | D1: неполное окружение ±12 ч; D2: неполное покрытие суток (нарушение 0<C≤3000); D3: неполное покрытие суток (нарушение 0<C≤3000); После последнего пригодного месяца по таблице 2 I.G.: W_R4_C-4_D2, W_R4_C-4_D3"
2022-05,31,not_admitted_audit,"После последнего пригодного месяца по таблице 2 I.G.: W_R4_C-4_D2, W_R4_C-4_D3",3023,31,3023,31,3023,31,True,0,31,0,3,0,31,2,0,0,0,0,"D2: неполное покрытие суток (нарушение 0<C≤3000); D3: неполное покрытие суток (нарушение 0<C≤3000); После последнего пригодного месяца по таблице 2 I.G.: W_R4_C-4_D2, W_R4_C-4_D3 | D1: неполное покрытие суток; D2: неполное покрытие суток (нарушение 0<C≤3000); D3: неполное покрытие суток (нарушение 0<C≤3000); После последнего пригодного месяца по таблице 2 I.G.: W_R4_C-4_D2, W_R4_C-4_D3 | D1: неполное окружение ±12 ч; D2: неполное покрытие суток (нарушение 0<C≤3000); D3: неполное покрытие суток (нарушение 0<C≤3000); D1: повторные метки в трёхсуточном контексте; D2: повторные метки в трёхсуточном контексте; D3: повторные метки в трёхсуточном контексте; После последнего пригодного месяца по таблице 2 I.G.: W_R4_C-4_D2, W_R4_C-4_D3 | D1: неполное покрытие суток; D2: неполное покрытие суток (нарушение 0<C≤3000); D3: неполное покрытие суток (нарушение 0<C≤3000); D1: повторные метки в трёхсуточном контексте; D2: повторные метки в трёхсуточном контексте; D3: повторные метки в трёхсуточном контексте; После последнего пригодного месяца по таблице 2 I.G.: W_R4_C-4_D2, W_R4_C-4_D3 | D1: неполное покрытие суток (служебные значения); D2: неполное покрытие суток (служебные значения, нарушение 0<C≤3000); D3: неполное покрытие суток (служебные значения, нарушение 0<C≤3000); После последнего пригодного месяца по таблице 2 I.G.: W_R4_C-4_D2, W_R4_C-4_D3 | D1: неполное окружение ±12 ч (служебные значения); D2: неполное покрытие суток (служебные значения, нарушение 0<C≤3000); D3: неполное покрытие суток (служебные значения, нарушение 0<C≤3000); После последнего пригодного месяца по таблице 2 I.G.: W_R4_C-4_D2, W_R4_C-4_D3"
2022-06,30,not_admitted_audit,"После последнего пригодного месяца по таблице 2 I.G.: W_R4_C-4_D2, W_R4_C-4_D3",2880,30,2880,30,2880,30,True,0,30,0,0,8,30,8,0,0,0,0,"D2: неполное покрытие суток (нарушение 0<C≤3000); D3: неполное покрытие суток (нарушение 0<C≤3000); После последнего пригодного месяца по таблице 2 I.G.: W_R4_C-4_D2, W_R4_C-4_D3 | D1: неполное покрытие суток (служебные значения); D2: неполное покрытие суток (служебные значения, нарушение 0<C≤3000); D3: неполное покрытие суток (служебные значения, нарушение 0<C≤3000); D1: диагностический постоянный участок в окнах расчёта; После последнего пригодного месяца по таблице 2 I.G.: W_R4_C-4_D2, W_R4_C-4_D3 | D1: неполное окружение ±12 ч (служебные значения); D2: неполное покрытие суток (служебные значения, нарушение 0<C≤3000); D3: неполное покрытие суток (служебные значения, нарушение 0<C≤3000); D1: диагностический постоянный участок в окнах расчёта; После последнего пригодного месяца по таблице 2 I.G.: W_R4_C-4_D2, W_R4_C-4_D3 | D2: неполное покрытие суток (нарушение 0<C≤3000); D3: неполное покрытие суток (нарушение 0<C≤3000); D1: диагностический постоянный участок в окнах расчёта; После последнего пригодного месяца по таблице 2 I.G.: W_R4_C-4_D2, W_R4_C-4_D3 | D1: неполное покрытие суток (служебные значения); D2: неполное покрытие суток (служебные значения, нарушение 0<C≤3000); D3: неполное покрытие суток (служебные значения, нарушение 0<C≤3000); После последнего пригодного месяца по таблице 2 I.G.: W_R4_C-4_D2, W_R4_C-4_D3 | D1: неполное окружение ±12 ч (служебные значения); D2: неполное покрытие суток (служебные значения, нарушение 0<C≤3000); D3: неполное покрытие суток (служебные значения, нарушение 0<C≤3000); После последнего пригодного месяца по таблице 2 I.G.: W_R4_C-4_D2, W_R4_C-4_D3"
2022-07,31,not_admitted_audit,"После последнего пригодного месяца по таблице 2 I.G.: W_R4_C-4_D2, W_R4_C-4_D3",4273,31,4273,31,4273,31,True,0,31,0,15,0,31,0,0,0,0,0,"D2: неполное покрытие суток (нарушение 0<C≤3000); D3: неполное покрытие суток (нарушение 0<C≤3000); После последнего пригодного месяца по таблице 2 I.G.: W_R4_C-4_D2, W_R4_C-4_D3 | D2: неполное покрытие суток (нарушение 0<C≤3000); D3: неполное покрытие суток (нарушение 0<C≤3000); D1: повторные метки в трёхсуточном контексте; D2: повторные метки в трёхсуточном контексте; D3: повторные метки в трёхсуточном контексте; После последнего пригодного месяца по таблице 2 I.G.: W_R4_C-4_D2, W_R4_C-4_D3"
2022-08,31,not_admitted_audit,"После последнего пригодного месяца по таблице 2 I.G.: W_R4_C-4_D2, W_R4_C-4_D3",5311,31,5311,31,5311,31,True,0,31,0,24,2,31,2,0,0,0,0,"D2: неполное покрытие суток (нарушение 0<C≤3000); D3: неполное покрытие суток (нарушение 0<C≤3000); D1: повторные метки в трёхсуточном контексте; D2: повторные метки в трёхсуточном контексте; D3: повторные метки в трёхсуточном контексте; После последнего пригодного месяца по таблице 2 I.G.: W_R4_C-4_D2, W_R4_C-4_D3 | D2: неполное покрытие суток (нарушение 0<C≤3000); D3: неполное покрытие суток (нарушение 0<C≤3000); После последнего пригодного месяца по таблице 2 I.G.: W_R4_C-4_D2, W_R4_C-4_D3 | D1: неполное покрытие суток (служебные значения); D2: неполное покрытие суток (служебные значения, нарушение 0<C≤3000); D3: неполное покрытие суток (служебные значения, нарушение 0<C≤3000); D1: повторные метки в трёхсуточном контексте; D2: повторные метки в трёхсуточном контексте; D3: повторные метки в трёхсуточном контексте; После последнего пригодного месяца по таблице 2 I.G.: W_R4_C-4_D2, W_R4_C-4_D3 | D1: неполное окружение ±12 ч (служебные значения); D2: неполное покрытие суток (служебные значения, нарушение 0<C≤3000); D3: неполное покрытие суток (служебные значения, нарушение 0<C≤3000); D1: повторные метки в трёхсуточном контексте; D2: повторные метки в трёхсуточном контексте; D3: повторные метки в трёхсуточном контексте; После последнего пригодного месяца по таблице 2 I.G.: W_R4_C-4_D2, W_R4_C-4_D3 | D2: неполное покрытие суток (нарушение 0<C≤3000); D3: неполное покрытие суток (нарушение 0<C≤3000); D1: повторные метки в трёхсуточном контексте; D1: диагностический постоянный участок в окнах расчёта; D2: повторные метки в трёхсуточном контексте; D3: повторные метки в трёхсуточном контексте; После последнего пригодного месяца по таблице 2 I.G.: W_R4_C-4_D2, W_R4_C-4_D3"
2022-09,30,not_admitted_audit,"После последнего пригодного месяца по таблице 2 I.G.: W_R4_C-4_D2, W_R4_C-4_D3",5181,30,5181,30,5181,30,True,0,30,0,17,0,30,6,0,0,0,0,"D2: неполное покрытие суток (нарушение 0<C≤3000); D3: неполное покрытие суток (нарушение 0<C≤3000); D1: повторные метки в трёхсуточном контексте; D2: повторные метки в трёхсуточном контексте; После последнего пригодного месяца по таблице 2 I.G.: W_R4_C-4_D2, W_R4_C-4_D3 | D1: неполное покрытие суток (служебные значения); D2: неполное покрытие суток (служебные значения, нарушение 0<C≤3000); D3: неполное покрытие суток (служебные значения, нарушение 0<C≤3000); После последнего пригодного месяца по таблице 2 I.G.: W_R4_C-4_D2, W_R4_C-4_D3 | D1: неполное окружение ±12 ч (служебные значения); D2: неполное покрытие суток (служебные значения, нарушение 0<C≤3000); D3: неполное покрытие суток (служебные значения, нарушение 0<C≤3000); После последнего пригодного месяца по таблице 2 I.G.: W_R4_C-4_D2, W_R4_C-4_D3 | D1: неполное окружение ±12 ч (служебные значения); D2: неполное покрытие суток (служебные значения, нарушение 0<C≤3000); D3: неполное покрытие суток (служебные значения, нарушение 0<C≤3000); D1: повторные метки в трёхсуточном контексте; D2: повторные метки в трёхсуточном контексте; D3: повторные метки в трёхсуточном контексте; После последнего пригодного месяца по таблице 2 I.G.: W_R4_C-4_D2, W_R4_C-4_D3 | D2: неполное покрытие суток (нарушение 0<C≤3000); D3: неполное покрытие суток (нарушение 0<C≤3000); D1: повторные метки в трёхсуточном контексте; D2: повторные метки в трёхсуточном контексте; D3: повторные метки в трёхсуточном контексте; После последнего пригодного месяца по таблице 2 I.G.: W_R4_C-4_D2, W_R4_C-4_D3 | D1: неполное покрытие суток (служебные значения); D2: неполное покрытие суток (служебные значения, нарушение 0<C≤3000); D3: неполное покрытие суток (служебные значения, нарушение 0<C≤3000); D1: повторные метки в трёхсуточном контексте; D2: повторные метки в трёхсуточном контексте; D3: повторные метки в трёхсуточном контексте; После последнего пригодного месяца по таблице 2 I.G.: W_R4_C-4_D2, W_R4_C-4_D3 | D2: неполное покрытие суток (нарушение 0<C≤3000); D3: неполное покрытие суток (нарушение 0<C≤3000); После последнего пригодного месяца по таблице 2 I.G.: W_R4_C-4_D2, W_R4_C-4_D3"
2022-10,31,not_admitted_audit,"После последнего пригодного месяца по таблице 2 I.G.: W_R4_C-4_D2, W_R4_C-4_D3",3101,31,3101,31,3101,31,True,0,31,0,1,0,31,0,0,0,0,0,"D2: неполное покрытие суток (нарушение 0<C≤3000); D3: неполное покрытие суток (нарушение 0<C≤3000); D1: повторные метки в трёхсуточном контексте; D2: повторные метки в трёхсуточном контексте; D3: повторные метки в трёхсуточном контексте; После последнего пригодного месяца по таблице 2 I.G.: W_R4_C-4_D2, W_R4_C-4_D3 | D1: неполное покрытие суток; D2: неполное покрытие суток (нарушение 0<C≤3000); D3: неполное покрытие суток (нарушение 0<C≤3000); После последнего пригодного месяца по таблице 2 I.G.: W_R4_C-4_D2, W_R4_C-4_D3 | D2: неполное покрытие суток (нарушение 0<C≤3000); D3: неполное покрытие суток (нарушение 0<C≤3000); После последнего пригодного месяца по таблице 2 I.G.: W_R4_C-4_D2, W_R4_C-4_D3"
2022-11,30,not_admitted_audit,"После последнего пригодного месяца по таблице 2 I.G.: W_R4_C-4_D2, W_R4_C-4_D3",2880,30,2880,30,2880,30,True,0,30,0,0,0,30,0,0,0,0,0,"D2: неполное покрытие суток (нарушение 0<C≤3000); D3: неполное покрытие суток (нарушение 0<C≤3000); После последнего пригодного месяца по таблице 2 I.G.: W_R4_C-4_D2, W_R4_C-4_D3"
2022-12,31,not_admitted_audit,"После последнего пригодного месяца по таблице 2 I.G.: W_R4_C-4_D2, W_R4_C-4_D3",2976,31,2976,31,2976,31,True,0,31,0,0,0,31,0,0,0,0,0,"D2: неполное покрытие суток (нарушение 0<C≤3000); D3: неполное покрытие суток (нарушение 0<C≤3000); После последнего пригодного месяца по таблице 2 I.G.: W_R4_C-4_D2, W_R4_C-4_D3"
2023-01,31,not_admitted_audit,"После последнего пригодного месяца по таблице 2 I.G.: W_R4_C-4_D2, W_R4_C-4_D3",2974,31,2974,31,2974,31,True,0,31,0,0,0,31,4,0,0,0,0,"D2: неполное покрытие суток (нарушение 0<C≤3000); D3: неполное покрытие суток (нарушение 0<C≤3000); После последнего пригодного месяца по таблице 2 I.G.: W_R4_C-4_D2, W_R4_C-4_D3 | D1: неполное окружение ±12 ч (служебные значения); D2: неполное покрытие суток (служебные значения, нарушение 0<C≤3000); D3: неполное покрытие суток (служебные значения, нарушение 0<C≤3000); После последнего пригодного месяца по таблице 2 I.G.: W_R4_C-4_D2, W_R4_C-4_D3 | D1: неполное покрытие суток (служебные значения); D2: неполное покрытие суток (служебные значения, нарушение 0<C≤3000); D3: неполное покрытие суток (служебные значения, нарушение 0<C≤3000); После последнего пригодного месяца по таблице 2 I.G.: W_R4_C-4_D2, W_R4_C-4_D3 | D1: неполное окружение ±12 ч; D2: неполное покрытие суток (нарушение 0<C≤3000); D3: неполное покрытие суток (нарушение 0<C≤3000); После последнего пригодного месяца по таблице 2 I.G.: W_R4_C-4_D2, W_R4_C-4_D3 | D1: неполное покрытие суток; D2: неполное покрытие суток (нарушение 0<C≤3000); D3: неполное покрытие суток (нарушение 0<C≤3000); После последнего пригодного месяца по таблице 2 I.G.: W_R4_C-4_D2, W_R4_C-4_D3"
2023-02,28,not_admitted_audit,"После последнего пригодного месяца по таблице 2 I.G.: W_R4_C-4_D2, W_R4_C-4_D3",2686,28,2686,28,2686,28,True,0,28,0,0,0,28,0,0,0,0,0,"D2: неполное покрытие суток (нарушение 0<C≤3000); D3: неполное покрытие суток (нарушение 0<C≤3000); После последнего пригодного месяца по таблице 2 I.G.: W_R4_C-4_D2, W_R4_C-4_D3 | D1: неполное окружение ±12 ч; D2: неполное покрытие суток (нарушение 0<C≤3000); D3: неполное покрытие суток (нарушение 0<C≤3000); После последнего пригодного месяца по таблице 2 I.G.: W_R4_C-4_D2, W_R4_C-4_D3 | D1: неполное покрытие суток; D2: неполное покрытие суток (нарушение 0<C≤3000); D3: неполное покрытие суток (нарушение 0<C≤3000); После последнего пригодного месяца по таблице 2 I.G.: W_R4_C-4_D2, W_R4_C-4_D3"
2023-03,31,not_admitted_audit,"После последнего пригодного месяца по таблице 2 I.G.: W_R4_C-4_D2, W_R4_C-4_D3",2975,31,2975,31,2975,31,True,0,31,0,0,0,31,2,0,0,0,0,"D2: неполное покрытие суток (нарушение 0<C≤3000); D3: неполное покрытие суток (нарушение 0<C≤3000); После последнего пригодного месяца по таблице 2 I.G.: W_R4_C-4_D2, W_R4_C-4_D3 | D1: неполное окружение ±12 ч (служебные значения); D2: неполное покрытие суток (служебные значения, нарушение 0<C≤3000); D3: неполное покрытие суток (служебные значения, нарушение 0<C≤3000); После последнего пригодного месяца по таблице 2 I.G.: W_R4_C-4_D2, W_R4_C-4_D3 | D1: неполное покрытие суток (служебные значения); D2: неполное покрытие суток (служебные значения, нарушение 0<C≤3000); D3: неполное покрытие суток (служебные значения, нарушение 0<C≤3000); После последнего пригодного месяца по таблице 2 I.G.: W_R4_C-4_D2, W_R4_C-4_D3 | D1: неполное покрытие суток; D2: неполное покрытие суток (нарушение 0<C≤3000); D3: неполное покрытие суток (нарушение 0<C≤3000); После последнего пригодного месяца по таблице 2 I.G.: W_R4_C-4_D2, W_R4_C-4_D3 | D1: неполное окружение ±12 ч; D2: неполное покрытие суток (нарушение 0<C≤3000); D3: неполное покрытие суток (нарушение 0<C≤3000); После последнего пригодного месяца по таблице 2 I.G.: W_R4_C-4_D2, W_R4_C-4_D3"
2023-04,30,not_admitted_audit,"После последнего пригодного месяца по таблице 2 I.G.: W_R4_C-4_D2, W_R4_C-4_D3",2547,27,2547,27,2547,27,True,0,30,0,0,0,27,2,0,0,0,0,"D2: неполное покрытие суток (нарушение 0<C≤3000); D3: неполное покрытие суток (нарушение 0<C≤3000); После последнего пригодного месяца по таблице 2 I.G.: W_R4_C-4_D2, W_R4_C-4_D3 | D1: неполное окружение ±12 ч (служебные значения); D2: неполное покрытие суток (служебные значения, нарушение 0<C≤3000); D3: неполное покрытие суток (служебные значения, нарушение 0<C≤3000); После последнего пригодного месяца по таблице 2 I.G.: W_R4_C-4_D2, W_R4_C-4_D3 | D1: неполное покрытие суток (служебные значения); D2: неполное покрытие суток (служебные значения, нарушение 0<C≤3000); D3: неполное покрытие суток (служебные значения, нарушение 0<C≤3000); После последнего пригодного месяца по таблице 2 I.G.: W_R4_C-4_D2, W_R4_C-4_D3 | D1: неполное покрытие суток; D2: неполное покрытие суток (нарушение 0<C≤3000); D3: неполное покрытие суток (нарушение 0<C≤3000); После последнего пригодного месяца по таблице 2 I.G.: W_R4_C-4_D2, W_R4_C-4_D3 | D1: нет измерений суток; D2: нет измерений суток; D3: нет измерений суток; После последнего пригодного месяца по таблице 2 I.G.: W_R4_C-4_D2, W_R4_C-4_D3"
2023-05,31,not_admitted_audit,"После последнего пригодного месяца по таблице 2 I.G.: W_R4_C-4_D2, W_R4_C-4_D3",2839,30,2839,30,2839,30,True,0,31,0,0,0,30,2,0,0,0,0,"D1: нет измерений суток; D2: нет измерений суток; D3: нет измерений суток; После последнего пригодного месяца по таблице 2 I.G.: W_R4_C-4_D2, W_R4_C-4_D3 | D1: неполное покрытие суток; D2: неполное покрытие суток (нарушение 0<C≤3000); D3: неполное покрытие суток (нарушение 0<C≤3000); После последнего пригодного месяца по таблице 2 I.G.: W_R4_C-4_D2, W_R4_C-4_D3 | D2: неполное покрытие суток (нарушение 0<C≤3000); D3: неполное покрытие суток (нарушение 0<C≤3000); После последнего пригодного месяца по таблице 2 I.G.: W_R4_C-4_D2, W_R4_C-4_D3 | D1: неполное окружение ±12 ч (нарушение 0<C≤3000); D2: неполное покрытие суток (нарушение 0<C≤3000); D3: неполное покрытие суток (нарушение 0<C≤3000); После последнего пригодного месяца по таблице 2 I.G.: W_R4_C-4_D2, W_R4_C-4_D3 | D1: неполное покрытие суток (нарушение 0<C≤3000); D2: неполное покрытие суток (нарушение 0<C≤3000); D3: неполное покрытие суток (нарушение 0<C≤3000); После последнего пригодного месяца по таблице 2 I.G.: W_R4_C-4_D2, W_R4_C-4_D3 | D1: неполное окружение ±12 ч; D2: неполное покрытие суток (нарушение 0<C≤3000); D3: неполное покрытие суток (нарушение 0<C≤3000); После последнего пригодного месяца по таблице 2 I.G.: W_R4_C-4_D2, W_R4_C-4_D3 | D1: неполное окружение ±12 ч (служебные значения); D2: неполное покрытие суток (служебные значения, нарушение 0<C≤3000); D3: неполное покрытие суток (служебные значения, нарушение 0<C≤3000); После последнего пригодного месяца по таблице 2 I.G.: W_R4_C-4_D2, W_R4_C-4_D3 | D1: неполное покрытие суток (служебные значения); D2: неполное покрытие суток (служебные значения, нарушение 0<C≤3000); D3: неполное покрытие суток (служебные значения, нарушение 0<C≤3000); После последнего пригодного месяца по таблице 2 I.G.: W_R4_C-4_D2, W_R4_C-4_D3"
2023-06,30,not_admitted_audit,"После последнего пригодного месяца по таблице 2 I.G.: W_R4_C-4_D2, W_R4_C-4_D3",2871,30,2871,30,2871,30,True,0,30,0,0,0,30,0,0,0,0,0,"D2: неполное покрытие суток (нарушение 0<C≤3000); D3: неполное покрытие суток (нарушение 0<C≤3000); После последнего пригодного месяца по таблице 2 I.G.: W_R4_C-4_D2, W_R4_C-4_D3 | D1: неполное покрытие суток (нарушение 0<C≤3000); D2: неполное покрытие суток (нарушение 0<C≤3000); D3: неполное покрытие суток (нарушение 0<C≤3000); После последнего пригодного месяца по таблице 2 I.G.: W_R4_C-4_D2, W_R4_C-4_D3"
2023-07,31,not_admitted_audit,"После последнего пригодного месяца по таблице 2 I.G.: W_R4_C-4_D2, W_R4_C-4_D3, W_R4_C-4_D1",2964,31,2964,31,2964,31,True,0,31,0,0,0,31,0,0,0,0,0,"D1: неполное покрытие суток (нарушение 0<C≤3000); D2: неполное покрытие суток (нарушение 0<C≤3000); D3: неполное покрытие суток (нарушение 0<C≤3000); После последнего пригодного месяца по таблице 2 I.G.: W_R4_C-4_D2, W_R4_C-4_D3, W_R4_C-4_D1"
2023-08,31,not_admitted_audit,"После последнего пригодного месяца по таблице 2 I.G.: W_R4_C-4_D2, W_R4_C-4_D3, W_R4_C-4_D1",2975,31,2975,31,2975,31,True,0,31,0,0,0,31,0,0,0,0,0,"D1: неполное покрытие суток (нарушение 0<C≤3000); D2: неполное покрытие суток (нарушение 0<C≤3000); D3: неполное покрытие суток (нарушение 0<C≤3000); После последнего пригодного месяца по таблице 2 I.G.: W_R4_C-4_D2, W_R4_C-4_D3, W_R4_C-4_D1"
2023-09,30,not_admitted_audit,"После последнего пригодного месяца по таблице 2 I.G.: W_R4_C-4_D2, W_R4_C-4_D3, W_R4_C-4_D1",2880,30,2880,30,2880,30,True,0,30,0,0,0,30,2,0,0,0,0,"D1: неполное покрытие суток (нарушение 0<C≤3000); D2: неполное покрытие суток (нарушение 0<C≤3000); D3: неполное покрытие суток (нарушение 0<C≤3000); После последнего пригодного месяца по таблице 2 I.G.: W_R4_C-4_D2, W_R4_C-4_D3, W_R4_C-4_D1 | D1: неполное покрытие суток (служебные значения, нарушение 0<C≤3000); D2: неполное покрытие суток (служебные значения, нарушение 0<C≤3000); D3: неполное покрытие суток (служебные значения, нарушение 0<C≤3000); После последнего пригодного месяца по таблице 2 I.G.: W_R4_C-4_D2, W_R4_C-4_D3, W_R4_C-4_D1"
2023-10,31,not_admitted_audit,"После последнего пригодного месяца по таблице 2 I.G.: W_R4_C-4_D2, W_R4_C-4_D3, W_R4_C-4_D1",2976,31,2976,31,2976,31,True,0,31,0,0,0,31,5,0,0,0,0,"D1: неполное покрытие суток (нарушение 0<C≤3000); D2: неполное покрытие суток (нарушение 0<C≤3000); D3: неполное покрытие суток (нарушение 0<C≤3000); После последнего пригодного месяца по таблице 2 I.G.: W_R4_C-4_D2, W_R4_C-4_D3, W_R4_C-4_D1 | D1: неполное покрытие суток (служебные значения, нарушение 0<C≤3000); D2: неполное покрытие суток (служебные значения, нарушение 0<C≤3000); D3: неполное покрытие суток (служебные значения, нарушение 0<C≤3000); После последнего пригодного месяца по таблице 2 I.G.: W_R4_C-4_D2, W_R4_C-4_D3, W_R4_C-4_D1"
2023-11,30,not_admitted_audit,"После последнего пригодного месяца по таблице 2 I.G.: W_R4_C-4_D2, W_R4_C-4_D3, W_R4_C-4_D1",2859,30,2859,30,2859,30,True,0,30,0,0,0,30,2,0,0,0,0,"D1: неполное покрытие суток (нарушение 0<C≤3000); D2: неполное покрытие суток (нарушение 0<C≤3000); D3: неполное покрытие суток (нарушение 0<C≤3000); После последнего пригодного месяца по таблице 2 I.G.: W_R4_C-4_D2, W_R4_C-4_D3, W_R4_C-4_D1 | D1: неполное покрытие суток (служебные значения, нарушение 0<C≤3000); D2: неполное покрытие суток (служебные значения, нарушение 0<C≤3000); D3: неполное покрытие суток (служебные значения, нарушение 0<C≤3000); После последнего пригодного месяца по таблице 2 I.G.: W_R4_C-4_D2, W_R4_C-4_D3, W_R4_C-4_D1"
2023-12,31,not_admitted_audit,"После последнего пригодного месяца по таблице 2 I.G.: W_R4_C-4_D2, W_R4_C-4_D3, W_R4_C-4_D1",2976,31,2976,31,2976,31,True,0,31,0,0,0,31,6,0,0,0,0,"D1: неполное покрытие суток (нарушение 0<C≤3000); D2: неполное покрытие суток (нарушение 0<C≤3000); D3: неполное покрытие суток (нарушение 0<C≤3000); После последнего пригодного месяца по таблице 2 I.G.: W_R4_C-4_D2, W_R4_C-4_D3, W_R4_C-4_D1 | D1: неполное покрытие суток (служебные значения, нарушение 0<C≤3000); D2: неполное покрытие суток (служебные значения, нарушение 0<C≤3000); D3: неполное покрытие суток (служебные значения, нарушение 0<C≤3000); После последнего пригодного месяца по таблице 2 I.G.: W_R4_C-4_D2, W_R4_C-4_D3, W_R4_C-4_D1"
2024-01,31,not_admitted_audit,"После последнего пригодного месяца по таблице 2 I.G.: W_R4_C-4_D2, W_R4_C-4_D3, W_R4_C-4_D1",2976,31,2976,31,2976,31,True,0,31,0,0,0,31,0,0,0,0,0,"D1: неполное покрытие суток (нарушение 0<C≤3000); D2: неполное покрытие суток (нарушение 0<C≤3000); D3: неполное покрытие суток (нарушение 0<C≤3000); После последнего пригодного месяца по таблице 2 I.G.: W_R4_C-4_D2, W_R4_C-4_D3, W_R4_C-4_D1"
2024-02,29,not_admitted_audit,"После последнего пригодного месяца по таблице 2 I.G.: W_R4_C-4_D2, W_R4_C-4_D3, W_R4_C-4_D1",2784,29,2784,29,2784,29,True,0,29,0,0,0,29,2,0,0,0,0,"D1: неполное покрытие суток (нарушение 0<C≤3000); D2: неполное покрытие суток (нарушение 0<C≤3000); D3: неполное покрытие суток (нарушение 0<C≤3000); После последнего пригодного месяца по таблице 2 I.G.: W_R4_C-4_D2, W_R4_C-4_D3, W_R4_C-4_D1 | D1: неполное покрытие суток (служебные значения, нарушение 0<C≤3000); D2: неполное покрытие суток (служебные значения, нарушение 0<C≤3000); D3: неполное покрытие суток (служебные значения, нарушение 0<C≤3000); После последнего пригодного месяца по таблице 2 I.G.: W_R4_C-4_D2, W_R4_C-4_D3, W_R4_C-4_D1"
2024-03,31,not_admitted_audit,"После последнего пригодного месяца по таблице 2 I.G.: W_R4_C-4_D2, W_R4_C-4_D3, W_R4_C-4_D1",2974,31,2974,31,2974,31,True,0,31,0,0,0,31,2,0,0,0,0,"D1: неполное покрытие суток (нарушение 0<C≤3000); D2: неполное покрытие суток (нарушение 0<C≤3000); D3: неполное покрытие суток (нарушение 0<C≤3000); После последнего пригодного месяца по таблице 2 I.G.: W_R4_C-4_D2, W_R4_C-4_D3, W_R4_C-4_D1 | D1: неполное покрытие суток (служебные значения, нарушение 0<C≤3000); D2: неполное покрытие суток (служебные значения, нарушение 0<C≤3000); D3: неполное покрытие суток (служебные значения, нарушение 0<C≤3000); После последнего пригодного месяца по таблице 2 I.G.: W_R4_C-4_D2, W_R4_C-4_D3, W_R4_C-4_D1"
2024-04,30,not_admitted_audit,"После последнего пригодного месяца по таблице 2 I.G.: W_R4_C-4_D2, W_R4_C-4_D3, W_R4_C-4_D1",2880,30,2880,30,2880,30,True,0,30,0,0,0,30,4,0,0,0,0,"D1: неполное покрытие суток (нарушение 0<C≤3000); D2: неполное покрытие суток (нарушение 0<C≤3000); D3: неполное покрытие суток (нарушение 0<C≤3000); После последнего пригодного месяца по таблице 2 I.G.: W_R4_C-4_D2, W_R4_C-4_D3, W_R4_C-4_D1 | D1: неполное покрытие суток (служебные значения, нарушение 0<C≤3000); D2: неполное покрытие суток (служебные значения, нарушение 0<C≤3000); D3: неполное покрытие суток (служебные значения, нарушение 0<C≤3000); После последнего пригодного месяца по таблице 2 I.G.: W_R4_C-4_D2, W_R4_C-4_D3, W_R4_C-4_D1"
2024-05,31,not_admitted_audit,"После последнего пригодного месяца по таблице 2 I.G.: W_R4_C-4_D2, W_R4_C-4_D3, W_R4_C-4_D1",2975,31,2975,31,2975,31,True,0,31,0,0,0,31,2,0,0,0,0,"D1: неполное покрытие суток (нарушение 0<C≤3000); D2: неполное покрытие суток (нарушение 0<C≤3000); D3: неполное покрытие суток (нарушение 0<C≤3000); После последнего пригодного месяца по таблице 2 I.G.: W_R4_C-4_D2, W_R4_C-4_D3, W_R4_C-4_D1 | D1: неполное покрытие суток (служебные значения, нарушение 0<C≤3000); D2: неполное покрытие суток (служебные значения, нарушение 0<C≤3000); D3: неполное покрытие суток (служебные значения, нарушение 0<C≤3000); После последнего пригодного месяца по таблице 2 I.G.: W_R4_C-4_D2, W_R4_C-4_D3, W_R4_C-4_D1"
2024-06,30,not_admitted_audit,"После последнего пригодного месяца по таблице 2 I.G.: W_R4_C-4_D2, W_R4_C-4_D3, W_R4_C-4_D1",2880,30,2880,30,2880,30,True,0,30,0,0,0,30,0,0,0,0,0,"D1: неполное покрытие суток (нарушение 0<C≤3000); D2: неполное покрытие суток (нарушение 0<C≤3000); D3: неполное покрытие суток (нарушение 0<C≤3000); После последнего пригодного месяца по таблице 2 I.G.: W_R4_C-4_D2, W_R4_C-4_D3, W_R4_C-4_D1"
2024-07,31,not_admitted_audit,"После последнего пригодного месяца по таблице 2 I.G.: W_R4_C-4_D2, W_R4_C-4_D3, W_R4_C-4_D1",2976,31,2976,31,2976,31,True,0,31,0,0,0,31,0,0,0,0,0,"D1: неполное покрытие суток (нарушение 0<C≤3000); D2: неполное покрытие суток (нарушение 0<C≤3000); D3: неполное покрытие суток (нарушение 0<C≤3000); После последнего пригодного месяца по таблице 2 I.G.: W_R4_C-4_D2, W_R4_C-4_D3, W_R4_C-4_D1"
2024-08,31,not_admitted_audit,"После последнего пригодного месяца по таблице 2 I.G.: W_R4_C-4_D2, W_R4_C-4_D3, W_R4_C-4_D1",2971,31,2971,31,2971,31,True,0,31,0,0,0,31,0,0,0,0,0,"D1: неполное покрытие суток (нарушение 0<C≤3000); D2: неполное покрытие суток (нарушение 0<C≤3000); D3: неполное покрытие суток (нарушение 0<C≤3000); После последнего пригодного месяца по таблице 2 I.G.: W_R4_C-4_D2, W_R4_C-4_D3, W_R4_C-4_D1"
2024-09,30,not_admitted_audit,"После последнего пригодного месяца по таблице 2 I.G.: W_R4_C-4_D2, W_R4_C-4_D3, W_R4_C-4_D1",2880,30,2880,30,2880,30,True,0,30,0,0,0,30,0,0,0,0,0,"D1: неполное покрытие суток (нарушение 0<C≤3000); D2: неполное покрытие суток (нарушение 0<C≤3000); D3: неполное покрытие суток (нарушение 0<C≤3000); После последнего пригодного месяца по таблице 2 I.G.: W_R4_C-4_D2, W_R4_C-4_D3, W_R4_C-4_D1"
2024-10,31,not_admitted_audit,"После последнего пригодного месяца по таблице 2 I.G.: W_R4_C-4_D2, W_R4_C-4_D3, W_R4_C-4_D1",3428,31,3428,31,3428,31,True,0,31,0,8,0,31,0,0,0,0,0,"D1: неполное покрытие суток (нарушение 0<C≤3000); D2: неполное покрытие суток (нарушение 0<C≤3000); D3: неполное покрытие суток (нарушение 0<C≤3000); После последнего пригодного месяца по таблице 2 I.G.: W_R4_C-4_D2, W_R4_C-4_D3, W_R4_C-4_D1 | D1: неполное покрытие суток (нарушение 0<C≤3000); D2: неполное покрытие суток (нарушение 0<C≤3000); D3: неполное покрытие суток (нарушение 0<C≤3000); D1: повторные метки в трёхсуточном контексте; D2: повторные метки в трёхсуточном контексте; D3: повторные метки в трёхсуточном контексте; После последнего пригодного месяца по таблице 2 I.G.: W_R4_C-4_D2, W_R4_C-4_D3, W_R4_C-4_D1"
2024-11,30,not_admitted_audit,"После последнего пригодного месяца по таблице 2 I.G.: W_R4_C-4_D2, W_R4_C-4_D3, W_R4_C-4_D1",4966,30,4966,30,4966,30,True,0,30,0,30,0,30,0,0,0,0,0,"D1: неполное покрытие суток (нарушение 0<C≤3000); D2: неполное покрытие суток (нарушение 0<C≤3000); D3: неполное покрытие суток (нарушение 0<C≤3000); D1: повторные метки в трёхсуточном контексте; D2: повторные метки в трёхсуточном контексте; D3: повторные метки в трёхсуточном контексте; После последнего пригодного месяца по таблице 2 I.G.: W_R4_C-4_D2, W_R4_C-4_D3, W_R4_C-4_D1"
2024-12,31,not_admitted_audit,"После последнего пригодного месяца по таблице 2 I.G.: W_R4_C-4_D2, W_R4_C-4_D3, W_R4_C-4_D1",5162,31,5162,31,5162,31,True,0,31,0,31,0,31,0,0,0,0,0,"D1: неполное покрытие суток (нарушение 0<C≤3000); D2: неполное покрытие суток (нарушение 0<C≤3000); D3: неполное покрытие суток (нарушение 0<C≤3000); D1: повторные метки в трёхсуточном контексте; D2: повторные метки в трёхсуточном контексте; D3: повторные метки в трёхсуточном контексте; После последнего пригодного месяца по таблице 2 I.G.: W_R4_C-4_D2, W_R4_C-4_D3, W_R4_C-4_D1"
2025-01,31,not_admitted_audit,"После последнего пригодного месяца по таблице 2 I.G.: W_R4_C-4_D2, W_R4_C-4_D3, W_R4_C-4_D1",5187,31,5187,31,5187,31,True,0,31,0,31,0,31,0,0,0,0,0,"D1: неполное покрытие суток (нарушение 0<C≤3000); D2: неполное покрытие суток (нарушение 0<C≤3000); D3: неполное покрытие суток (нарушение 0<C≤3000); D1: повторные метки в трёхсуточном контексте; D2: повторные метки в трёхсуточном контексте; D3: повторные метки в трёхсуточном контексте; После последнего пригодного месяца по таблице 2 I.G.: W_R4_C-4_D2, W_R4_C-4_D3, W_R4_C-4_D1"
2025-02,28,not_admitted_audit,"После последнего пригодного месяца по таблице 2 I.G.: W_R4_C-4_D2, W_R4_C-4_D3, W_R4_C-4_D1",4685,28,4685,28,4685,28,True,0,28,0,28,0,28,0,0,0,0,0,"D1: неполное покрытие суток (нарушение 0<C≤3000); D2: неполное покрытие суток (нарушение 0<C≤3000); D3: неполное покрытие суток (нарушение 0<C≤3000); D1: повторные метки в трёхсуточном контексте; D2: повторные метки в трёхсуточном контексте; D3: повторные метки в трёхсуточном контексте; После последнего пригодного месяца по таблице 2 I.G.: W_R4_C-4_D2, W_R4_C-4_D3, W_R4_C-4_D1"
2025-03,31,not_admitted_audit,"После последнего пригодного месяца по таблице 2 I.G.: W_R4_C-4_D2, W_R4_C-4_D3, W_R4_C-4_D1",3727,31,3727,31,3727,31,True,0,31,0,11,0,31,0,0,0,0,0,"D1: неполное покрытие суток (нарушение 0<C≤3000); D2: неполное покрытие суток (нарушение 0<C≤3000); D3: неполное покрытие суток (нарушение 0<C≤3000); D1: повторные метки в трёхсуточном контексте; D2: повторные метки в трёхсуточном контексте; D3: повторные метки в трёхсуточном контексте; После последнего пригодного месяца по таблице 2 I.G.: W_R4_C-4_D2, W_R4_C-4_D3, W_R4_C-4_D1 | D1: неполное покрытие суток (нарушение 0<C≤3000); D2: неполное покрытие суток (нарушение 0<C≤3000); D3: неполное покрытие суток (нарушение 0<C≤3000); После последнего пригодного месяца по таблице 2 I.G.: W_R4_C-4_D2, W_R4_C-4_D3, W_R4_C-4_D1"
2025-04,30,not_admitted_audit,"После последнего пригодного месяца по таблице 2 I.G.: W_R4_C-4_D2, W_R4_C-4_D3, W_R4_C-4_D1",2880,30,2880,30,2880,30,True,0,30,0,0,0,30,0,0,0,0,0,"D1: неполное покрытие суток (нарушение 0<C≤3000); D2: неполное покрытие суток (нарушение 0<C≤3000); D3: неполное покрытие суток (нарушение 0<C≤3000); После последнего пригодного месяца по таблице 2 I.G.: W_R4_C-4_D2, W_R4_C-4_D3, W_R4_C-4_D1"
2025-05,31,not_admitted_audit,"После последнего пригодного месяца по таблице 2 I.G.: W_R4_C-4_D2, W_R4_C-4_D3, W_R4_C-4_D1",2976,31,2976,31,2976,31,True,0,31,0,0,0,31,0,0,0,0,0,"D1: неполное покрытие суток (нарушение 0<C≤3000); D2: неполное покрытие суток (нарушение 0<C≤3000); D3: неполное покрытие суток (нарушение 0<C≤3000); После последнего пригодного месяца по таблице 2 I.G.: W_R4_C-4_D2, W_R4_C-4_D3, W_R4_C-4_D1"
2025-06,30,not_admitted_audit,"После последнего пригодного месяца по таблице 2 I.G.: W_R4_C-4_D2, W_R4_C-4_D3, W_R4_C-4_D1",2880,30,2880,30,2880,30,True,0,30,0,0,0,30,0,0,0,0,0,"D1: неполное покрытие суток (нарушение 0<C≤3000); D2: неполное покрытие суток (нарушение 0<C≤3000); D3: неполное покрытие суток (нарушение 0<C≤3000); После последнего пригодного месяца по таблице 2 I.G.: W_R4_C-4_D2, W_R4_C-4_D3, W_R4_C-4_D1"
2025-07,31,not_admitted_audit,"После последнего пригодного месяца по таблице 2 I.G.: W_R4_C-4_D2, W_R4_C-4_D3, W_R4_C-4_D1",2976,31,2976,31,2976,31,True,0,31,0,0,0,31,0,0,0,0,0,"D1: неполное покрытие суток (нарушение 0<C≤3000); D2: неполное покрытие суток (нарушение 0<C≤3000); D3: неполное покрытие суток (нарушение 0<C≤3000); После последнего пригодного месяца по таблице 2 I.G.: W_R4_C-4_D2, W_R4_C-4_D3, W_R4_C-4_D1"
2025-08,31,not_admitted_audit,"После последнего пригодного месяца по таблице 2 I.G.: W_R4_C-4_D2, W_R4_C-4_D3, W_R4_C-4_D1",2976,31,2976,31,2976,31,True,0,31,0,0,0,31,0,0,0,0,0,"D1: неполное покрытие суток (нарушение 0<C≤3000); D2: неполное покрытие суток (нарушение 0<C≤3000); D3: неполное покрытие суток (нарушение 0<C≤3000); После последнего пригодного месяца по таблице 2 I.G.: W_R4_C-4_D2, W_R4_C-4_D3, W_R4_C-4_D1"
2025-09,30,not_admitted_audit,"После последнего пригодного месяца по таблице 2 I.G.: W_R4_C-4_D2, W_R4_C-4_D3, W_R4_C-4_D1",2880,30,2880,30,2880,30,True,0,30,0,0,0,30,0,0,0,0,0,"D1: неполное покрытие суток (нарушение 0<C≤3000); D2: неполное покрытие суток (нарушение 0<C≤3000); D3: неполное покрытие суток (нарушение 0<C≤3000); После последнего пригодного месяца по таблице 2 I.G.: W_R4_C-4_D2, W_R4_C-4_D3, W_R4_C-4_D1"
2025-10,31,not_admitted_audit,"После последнего пригодного месяца по таблице 2 I.G.: W_R4_C-4_D2, W_R4_C-4_D3, W_R4_C-4_D1",2976,31,2976,31,2976,31,True,0,31,0,0,0,31,0,0,0,0,0,"D1: неполное покрытие суток (нарушение 0<C≤3000); D2: неполное покрытие суток (нарушение 0<C≤3000); D3: неполное покрытие суток (нарушение 0<C≤3000); После последнего пригодного месяца по таблице 2 I.G.: W_R4_C-4_D2, W_R4_C-4_D3, W_R4_C-4_D1"
2025-11,30,not_admitted_audit,"После последнего пригодного месяца по таблице 2 I.G.: W_R4_C-4_D2, W_R4_C-4_D3, W_R4_C-4_D1",2880,30,2880,30,2880,30,True,0,30,0,0,0,30,0,0,0,0,0,"D1: неполное покрытие суток (нарушение 0<C≤3000); D2: неполное покрытие суток (нарушение 0<C≤3000); D3: неполное покрытие суток (нарушение 0<C≤3000); После последнего пригодного месяца по таблице 2 I.G.: W_R4_C-4_D2, W_R4_C-4_D3, W_R4_C-4_D1"
2025-12,31,not_admitted_audit,"После последнего пригодного месяца по таблице 2 I.G.: W_R4_C-4_D2, W_R4_C-4_D3, W_R4_C-4_D1",2976,31,2976,31,2976,31,True,0,31,0,0,0,31,0,0,0,0,0,"D1: неполное покрытие суток (нарушение 0<C≤3000); D2: неполное покрытие суток (нарушение 0<C≤3000); D3: неполное покрытие суток (нарушение 0<C≤3000); После последнего пригодного месяца по таблице 2 I.G.: W_R4_C-4_D2, W_R4_C-4_D3, W_R4_C-4_D1"
2026-01,31,not_admitted_audit,"После последнего пригодного месяца по таблице 2 I.G.: W_R4_C-4_D2, W_R4_C-4_D3, W_R4_C-4_D1",2976,31,2976,31,2976,31,True,0,31,0,0,0,31,0,0,0,0,0,"D1: неполное покрытие суток (нарушение 0<C≤3000); D2: неполное покрытие суток (нарушение 0<C≤3000); D3: неполное покрытие суток (нарушение 0<C≤3000); После последнего пригодного месяца по таблице 2 I.G.: W_R4_C-4_D2, W_R4_C-4_D3, W_R4_C-4_D1"
2026-02,28,not_admitted_audit,"После последнего пригодного месяца по таблице 2 I.G.: W_R4_C-4_D2, W_R4_C-4_D3, W_R4_C-4_D1",2688,28,2688,28,2688,28,True,0,28,0,0,0,28,2,0,0,0,0,"D1: неполное покрытие суток (нарушение 0<C≤3000); D2: неполное покрытие суток (нарушение 0<C≤3000); D3: неполное покрытие суток (нарушение 0<C≤3000); После последнего пригодного месяца по таблице 2 I.G.: W_R4_C-4_D2, W_R4_C-4_D3, W_R4_C-4_D1 | D1: неполное покрытие суток (служебные значения, нарушение 0<C≤3000); D2: неполное покрытие суток (служебные значения, нарушение 0<C≤3000); D3: неполное покрытие суток (служебные значения, нарушение 0<C≤3000); После последнего пригодного месяца по таблице 2 I.G.: W_R4_C-4_D2, W_R4_C-4_D3, W_R4_C-4_D1"
2026-03,31,not_admitted_audit,"После последнего пригодного месяца по таблице 2 I.G.: W_R4_C-4_D2, W_R4_C-4_D3, W_R4_C-4_D1",2972,31,2972,31,2972,31,True,0,31,0,0,0,31,3,0,0,0,0,"D1: неполное покрытие суток (нарушение 0<C≤3000); D2: неполное покрытие суток (нарушение 0<C≤3000); D3: неполное покрытие суток (нарушение 0<C≤3000); После последнего пригодного месяца по таблице 2 I.G.: W_R4_C-4_D2, W_R4_C-4_D3, W_R4_C-4_D1 | D1: неполное покрытие суток (служебные значения, нарушение 0<C≤3000); D2: неполное покрытие суток (служебные значения, нарушение 0<C≤3000); D3: неполное покрытие суток (служебные значения, нарушение 0<C≤3000); После последнего пригодного месяца по таблице 2 I.G.: W_R4_C-4_D2, W_R4_C-4_D3, W_R4_C-4_D1"
2026-04,30,not_admitted_audit,"После последнего пригодного месяца по таблице 2 I.G.: W_R4_C-4_D2, W_R4_C-4_D3, W_R4_C-4_D1",2880,30,2880,30,2880,30,True,0,30,0,0,0,30,5,0,0,0,0,"D1: неполное покрытие суток (служебные значения, нарушение 0<C≤3000); D2: неполное покрытие суток (служебные значения, нарушение 0<C≤3000); D3: неполное покрытие суток (служебные значения, нарушение 0<C≤3000); После последнего пригодного месяца по таблице 2 I.G.: W_R4_C-4_D2, W_R4_C-4_D3, W_R4_C-4_D1 | D1: неполное покрытие суток (нарушение 0<C≤3000); D2: неполное покрытие суток (нарушение 0<C≤3000); D3: неполное покрытие суток (нарушение 0<C≤3000); После последнего пригодного месяца по таблице 2 I.G.: W_R4_C-4_D2, W_R4_C-4_D3, W_R4_C-4_D1"
2026-05,31,not_admitted_audit,"После последнего пригодного месяца по таблице 2 I.G.: W_R4_C-4_D2, W_R4_C-4_D3, W_R4_C-4_D1",2976,31,2976,31,2976,31,True,0,31,0,0,0,31,4,0,0,0,0,"D1: неполное покрытие суток (нарушение 0<C≤3000); D2: неполное покрытие суток (нарушение 0<C≤3000); D3: неполное покрытие суток (нарушение 0<C≤3000); После последнего пригодного месяца по таблице 2 I.G.: W_R4_C-4_D2, W_R4_C-4_D3, W_R4_C-4_D1 | D1: неполное покрытие суток (служебные значения, нарушение 0<C≤3000); D2: неполное покрытие суток (служебные значения, нарушение 0<C≤3000); D3: неполное покрытие суток (служебные значения, нарушение 0<C≤3000); После последнего пригодного месяца по таблице 2 I.G.: W_R4_C-4_D2, W_R4_C-4_D3, W_R4_C-4_D1"
2026-06,30,unconfirmed,Месяц за пределами аудита; полного допуска нет,2880,30,2880,30,2880,30,True,0,30,0,0,0,30,4,0,0,0,0,"D1: неполное покрытие суток (нарушение 0<C≤3000); D2: неполное покрытие суток (нарушение 0<C≤3000); D3: неполное покрытие суток (нарушение 0<C≤3000); Месяц за пределами аудита; полного допуска нет | D1: неполное покрытие суток (служебные значения, нарушение 0<C≤3000); D2: неполное покрытие суток (служебные значения, нарушение 0<C≤3000); D3: неполное покрытие суток (служебные значения, нарушение 0<C≤3000); Месяц за пределами аудита; полного допуска нет"
2026-07,31,unconfirmed,Месяц за пределами аудита; полного допуска нет,2976,31,2976,31,2976,31,True,0,31,0,0,0,31,4,0,0,0,0,"D1: неполное покрытие суток (нарушение 0<C≤3000); D2: неполное покрытие суток (нарушение 0<C≤3000); D3: неполное покрытие суток (нарушение 0<C≤3000); Месяц за пределами аудита; полного допуска нет | D1: неполное покрытие суток (служебные значения, нарушение 0<C≤3000); D2: неполное покрытие суток (служебные значения, нарушение 0<C≤3000); D3: неполное покрытие суток (служебные значения, нарушение 0<C≤3000); Месяц за пределами аудита; полного допуска нет"
2026-08,31,unconfirmed,Месяц за пределами аудита; полного допуска нет,2976,31,2976,31,2976,31,True,0,31,0,0,0,31,6,0,0,0,0,"D1: неполное покрытие суток (нарушение 0<C≤3000); D2: неполное покрытие суток (нарушение 0<C≤3000); D3: неполное покрытие суток (нарушение 0<C≤3000); Месяц за пределами аудита; полного допуска нет | D1: неполное покрытие суток (служебные значения, нарушение 0<C≤3000); D2: неполное покрытие суток (служебные значения, нарушение 0<C≤3000); D3: неполное покрытие суток (служебные значения, нарушение 0<C≤3000); Месяц за пределами аудита; полного допуска нет"
2026-09,26,unconfirmed,Месяц за пределами аудита; полного допуска нет,2484,26,2484,26,2484,26,True,0,26,0,0,0,26,2,0,0,0,0,"D1: неполное покрытие суток (нарушение 0<C≤3000); D2: неполное покрытие суток (нарушение 0<C≤3000); D3: неполное покрытие суток (нарушение 0<C≤3000); Месяц за пределами аудита; полного допуска нет | D1: неполное покрытие суток (служебные значения, нарушение 0<C≤3000); D2: неполное покрытие суток (служебные значения, нарушение 0<C≤3000); D3: неполное покрытие суток (служебные значения, нарушение 0<C≤3000); Месяц за пределами аудита; полного допуска нет | D1: неполное покрытие суток (граница выбранного блока, нарушение 0<C≤3000); D2: неполное покрытие суток (граница выбранного блока, нарушение 0<C≤3000); D3: неполное покрытие суток (граница выбранного блока, нарушение 0<C≤3000); Месяц за пределами аудита; полного допуска нет"
