date,context_start,context_end_exclusive,D1_rows_day,D1_duplicate_extra_rows_context,D1_duplicate_rows_required,D1_service_rows_required,D1_range_rows_required,D1_approved_exclusion_rows_required,D1_constant_rows_required,D1_unresolved_constant_rows_required,D1_typical_step_seconds,D1_records,D1_window,D2_rows_day,D2_duplicate_extra_rows_context,D2_duplicate_rows_required,D2_service_rows_required,D2_range_rows_required,D2_approved_exclusion_rows_required,D2_constant_rows_required,D2_unresolved_constant_rows_required,D2_typical_step_seconds,D2_records,D2_window,D3_rows_day,D3_duplicate_extra_rows_context,D3_duplicate_rows_required,D3_service_rows_required,D3_range_rows_required,D3_approved_exclusion_rows_required,D3_constant_rows_required,D3_unresolved_constant_rows_required,D3_typical_step_seconds,D3_records,D3_window,common_records,common_window,category,blocking_reasons,decision_reasons,reason,calculation_status,calculation_error,H_D1,A_D1,R2_D1,phase_status_D1,H_D2,A_D2,R2_D2,phase_status_D2,H_D3,A_D3,R2_D3,phase_status_D3
2017-10-01,2017-10-01,2017-10-03,288,0,0,0,0,0,0,0,300.0,False,False,288,0,0,0,0,0,0,0,300.0,False,False,288,0,0,0,0,0,0,0,300.0,False,False,False,False,B,D1: неполное покрытие суток (граница выбранного блока); D2: неполное покрытие суток (граница выбранного блока); D3: неполное покрытие суток (граница выбранного блока),,D1: неполное покрытие суток (граница выбранного блока); D2: неполное покрытие суток (граница выбранного блока); D3: неполное покрытие суток (граница выбранного блока),skipped,,,,,,,,,,,,,
2017-10-02,2017-10-01,2017-10-04,288,0,0,0,0,0,0,0,300.0,True,True,288,0,0,0,0,0,0,0,300.0,True,True,288,0,0,0,0,0,0,0,300.0,True,True,True,True,A,,,Расчёт возможен по существующим правилам,computed,,16.336491442904872,24.216271047147465,0.8560327498363475,not_assessed,19.70021227970412,15.880918447108925,0.8096066552909518,not_assessed,0.020238473540137775,5.630453707352721,0.3150365840262026,not_assessed
2017-10-03,2017-10-02,2017-10-05,288,0,0,0,0,0,0,0,300.0,True,True,288,0,0,0,0,0,0,0,300.0,True,True,288,0,0,0,0,0,0,0,300.0,True,True,True,True,A,,,Расчёт возможен по существующим правилам,computed,,15.729520046333123,28.50825013365107,0.7970093291582456,not_assessed,19.49564767322173,24.053261921888488,0.8323830185011417,not_assessed,22.525655560196494,13.165673579657987,0.6647602222438829,not_assessed
2017-10-04,2017-10-03,2017-10-06,288,0,0,0,0,0,0,0,300.0,True,True,288,0,0,0,0,0,0,0,300.0,True,True,288,0,0,0,0,0,0,0,300.0,True,True,True,True,A,,,Расчёт возможен по существующим правилам,computed,,15.015017769836849,35.47799781207985,0.7656673303818782,not_assessed,18.35992355249151,38.08298029258205,0.8003419677868283,not_assessed,20.14581438581315,20.58864504486056,0.7160240298881677,not_assessed
2017-10-05,2017-10-04,2017-10-07,285,0,0,0,0,0,0,0,300.0,False,False,285,0,0,0,0,0,0,0,300.0,False,False,285,0,0,0,0,0,0,0,300.0,False,False,False,False,B,D1: неполное покрытие суток; D2: неполное покрытие суток; D3: неполное покрытие суток,,D1: неполное покрытие суток; D2: неполное покрытие суток; D3: неполное покрытие суток,skipped,,,,,,,,,,,,,
2017-10-06,2017-10-05,2017-10-08,288,0,0,0,0,0,0,0,300.0,True,False,288,0,0,0,0,0,0,0,300.0,True,False,288,0,0,0,0,0,0,0,300.0,True,False,True,False,B,D1: неполное окружение ±12 ч; D2: неполное окружение ±12 ч; D3: неполное окружение ±12 ч,,D1: неполное окружение ±12 ч; D2: неполное окружение ±12 ч; D3: неполное окружение ±12 ч,skipped,,,,,,,,,,,,,
2017-10-07,2017-10-06,2017-10-09,288,0,0,0,0,0,0,0,301.0,True,True,288,0,0,0,0,0,0,0,301.0,True,True,288,0,0,0,0,0,0,0,301.0,True,True,True,True,A,,,Расчёт возможен по существующим правилам,computed,,13.889823447697419,29.01869303959333,0.6949716382802227,not_assessed,18.274850587494775,27.332660185022323,0.8555527931907965,not_assessed,21.798761560709487,13.995452886066111,0.6816133784314391,not_assessed
2017-10-08,2017-10-07,2017-10-10,288,0,0,0,0,0,0,0,301.0,True,True,288,0,0,0,0,0,0,0,301.0,True,True,288,0,0,0,0,0,0,0,301.0,True,True,True,True,A,,,Расчёт возможен по существующим правилам,computed,,13.603708189763797,30.02407844932924,0.6921627980326996,not_assessed,17.989702078629996,27.08556052943863,0.8604249000095121,not_assessed,21.889961646498833,13.232441039833322,0.6723649127779878,not_assessed
2017-10-09,2017-10-08,2017-10-11,288,0,0,0,0,0,0,0,300.0,True,True,288,0,0,0,0,0,0,0,300.0,True,True,288,0,0,0,0,0,0,0,300.0,True,True,True,True,A,,,Расчёт возможен по существующим правилам,computed,,13.515263778748158,29.20808917008366,0.7488268780291019,not_assessed,17.83571464635236,26.786626937544025,0.8685114969348693,not_assessed,21.47965727534648,13.486550575391423,0.6815248439457631,not_assessed
2017-10-10,2017-10-09,2017-10-12,288,0,0,0,0,0,0,0,300.0,True,True,288,0,0,0,0,0,0,0,300.0,True,True,288,0,0,0,0,0,0,0,300.0,True,True,True,True,A,,,Расчёт возможен по существующим правилам,computed,,13.51632866072975,29.998031445578402,0.7589797643191114,not_assessed,17.94751235479046,27.44171087171136,0.8597148640336758,not_assessed,21.5038848884767,12.473154115271207,0.6903865828255569,not_assessed
2017-10-11,2017-10-10,2017-10-13,288,0,0,0,0,0,0,0,300.0,True,True,288,0,0,0,0,0,0,0,300.0,True,True,288,0,0,0,0,0,0,0,300.0,True,True,True,True,A,,,Расчёт возможен по существующим правилам,computed,,13.383279840726189,28.51606840542054,0.8051639247881692,not_assessed,17.907991215291627,26.037197856740505,0.8697016634059161,not_assessed,21.615960384254457,11.895632063955077,0.6161109057304521,not_assessed
2017-10-12,2017-10-11,2017-10-14,288,0,0,0,0,0,0,0,300.0,True,False,288,0,0,0,0,0,0,0,300.0,True,False,288,0,0,0,0,0,0,0,300.0,True,False,True,False,B,D1: неполное окружение ±12 ч; D2: неполное окружение ±12 ч; D3: неполное окружение ±12 ч,,D1: неполное окружение ±12 ч; D2: неполное окружение ±12 ч; D3: неполное окружение ±12 ч,skipped,,,,,,,,,,,,,
2017-10-13,2017-10-12,2017-10-15,214,0,0,0,0,0,0,0,300.0,False,False,214,0,0,0,0,0,0,0,300.0,False,False,214,0,0,0,0,0,0,0,300.0,False,False,False,False,B,D1: неполное покрытие суток; D2: неполное покрытие суток; D3: неполное покрытие суток,,D1: неполное покрытие суток; D2: неполное покрытие суток; D3: неполное покрытие суток,skipped,,,,,,,,,,,,,
2017-10-14,2017-10-13,2017-10-16,288,0,0,0,0,0,0,0,300.0,True,False,288,0,0,0,0,0,0,0,300.0,True,False,288,0,0,0,0,0,0,0,300.0,True,False,True,False,B,D1: неполное окружение ±12 ч; D2: неполное окружение ±12 ч; D3: неполное окружение ±12 ч,,D1: неполное окружение ±12 ч; D2: неполное окружение ±12 ч; D3: неполное окружение ±12 ч,skipped,,,,,,,,,,,,,
2017-10-15,2017-10-14,2017-10-17,288,0,0,0,0,0,0,0,300.0,True,True,288,0,0,0,0,0,0,0,300.0,True,True,288,0,0,0,0,0,0,0,300.0,True,True,True,True,A,,,Расчёт возможен по существующим правилам,computed,,13.895434996669355,26.207417252903717,0.776305861207709,not_assessed,18.371846484657283,24.882160998026357,0.864368484130388,not_assessed,22.100700908579118,13.575716081166886,0.6819124508769447,not_assessed
2017-10-16,2017-10-15,2017-10-18,288,0,0,0,0,0,0,0,300.0,True,True,288,0,0,0,0,0,0,0,300.0,True,True,288,0,0,0,0,0,0,0,300.0,True,True,True,True,A,,,Расчёт возможен по существующим правилам,computed,,13.316629252023457,26.338193481961046,0.7567518293859676,not_assessed,17.908309936967708,24.474471695285633,0.8284370585842062,not_assessed,21.61979349364714,12.292080993705147,0.6158028766189579,not_assessed
2017-10-17,2017-10-16,2017-10-19,288,0,0,0,0,0,0,0,300.0,True,True,288,0,0,0,0,0,0,0,300.0,True,True,288,0,0,0,0,0,0,0,300.0,True,True,True,True,A,,,Расчёт возможен по существующим правилам,computed,,13.740030533590643,18.90924896106469,0.6958441746025787,not_assessed,17.58624692211892,19.44512143487047,0.8228923919946731,not_assessed,21.643212723873507,11.01693073877979,0.5562703352715275,not_assessed
2017-10-18,2017-10-17,2017-10-20,288,0,0,0,0,0,0,0,300.0,True,True,288,0,0,0,0,0,0,0,300.0,True,True,288,0,0,0,0,0,0,0,300.0,True,True,True,True,A,,,Расчёт возможен по существующим правилам,computed,,13.488023388130012,23.7670563740219,0.7023978910562767,not_assessed,17.850842129799513,21.966440233669406,0.8048676243383655,not_assessed,21.07916521247044,11.466897118101507,0.565325137247131,not_assessed
2017-10-19,2017-10-18,2017-10-21,288,0,0,0,0,0,0,0,300.0,True,True,288,0,0,0,0,0,0,0,300.0,True,True,288,0,0,0,0,0,0,0,300.0,True,True,True,True,A,,,Расчёт возможен по существующим правилам,computed,,14.207766744972723,21.956066932503653,0.7600088424377736,not_assessed,17.87526332709253,19.482059111814696,0.8361202204269924,not_assessed,21.494038870242406,8.968859262402548,0.4524073978388602,not_assessed
2017-10-20,2017-10-19,2017-10-22,288,0,0,0,0,0,0,0,300.0,True,True,288,0,0,0,0,0,0,0,300.0,True,True,288,0,0,0,0,0,0,0,300.0,True,True,True,True,A,,,Расчёт возможен по существующим правилам,computed,,13.356126246164607,23.969588182707533,0.7503497786720321,not_assessed,17.896640729505076,21.213641314627772,0.7912547398674472,not_assessed,21.655815378502755,10.852948554226677,0.536708797744511,not_assessed
2017-10-21,2017-10-20,2017-10-23,288,0,0,0,0,0,0,0,300.0,True,True,288,0,0,0,0,0,0,0,300.0,True,True,288,0,0,0,0,0,0,0,300.0,True,True,True,True,A,,,Расчёт возможен по существующим правилам,computed,,13.553110347603948,24.143689824771847,0.758317009847797,not_assessed,18.093077900608556,21.578843044248213,0.8234496326403178,not_assessed,21.77456409038747,12.198406642813021,0.6008537928684803,not_assessed
2017-10-22,2017-10-21,2017-10-24,288,0,0,0,0,0,0,0,300.0,True,True,288,0,0,0,0,0,0,0,300.0,True,True,288,0,0,0,0,0,0,0,300.0,True,True,True,True,A,,,Расчёт возможен по существующим правилам,computed,,13.40763527473687,24.61659689075098,0.7692123149269395,not_assessed,17.931194369609557,23.702535269068363,0.8447373595817562,not_assessed,21.784665545441655,12.55999451492035,0.5909688705157055,not_assessed
2017-10-23,2017-10-22,2017-10-25,283,0,0,0,0,0,0,0,300.0,False,False,283,0,0,0,0,0,0,0,300.0,False,False,283,0,0,0,0,0,0,0,300.0,False,False,False,False,B,D1: неполное покрытие суток; D2: неполное покрытие суток; D3: неполное покрытие суток,,D1: неполное покрытие суток; D2: неполное покрытие суток; D3: неполное покрытие суток,skipped,,,,,,,,,,,,,
2017-10-24,2017-10-23,2017-10-26,288,0,0,0,0,0,0,0,300.0,True,False,288,0,0,0,0,0,0,0,300.0,True,False,288,0,0,0,0,0,0,0,300.0,True,False,True,False,B,D1: неполное окружение ±12 ч; D2: неполное окружение ±12 ч; D3: неполное окружение ±12 ч,,D1: неполное окружение ±12 ч; D2: неполное окружение ±12 ч; D3: неполное окружение ±12 ч,skipped,,,,,,,,,,,,,
2017-10-25,2017-10-24,2017-10-27,288,0,0,0,0,0,0,0,300.0,True,True,288,0,0,0,0,0,0,0,300.0,True,True,288,0,0,0,0,0,0,0,300.0,True,True,True,True,A,,,Расчёт возможен по существующим правилам,computed,,13.824127460447421,22.491441192127965,0.7040194508172369,not_assessed,18.099716620065493,21.927104720318347,0.8375701370271966,not_assessed,22.058872216666387,10.565389020406068,0.57479751620289,not_assessed
2017-10-26,2017-10-25,2017-10-28,288,0,0,0,0,0,0,0,300.0,True,True,288,0,0,0,0,0,0,0,300.0,True,True,288,0,0,0,0,0,0,0,300.0,True,True,True,True,A,,,Расчёт возможен по существующим правилам,computed,,13.890833188567779,23.815157399130577,0.6027374131871881,not_assessed,18.039155700564784,21.18677709528259,0.8225385257420191,not_assessed,22.020941767507257,11.46228696282259,0.5616814026368415,not_assessed
2017-10-27,2017-10-26,2017-10-29,288,0,0,0,0,0,0,0,300.0,True,True,288,0,0,0,0,0,0,0,300.0,True,True,288,0,0,0,0,0,0,0,300.0,True,True,True,True,A,,,Расчёт возможен по существующим правилам,computed,,14.380845485846164,22.878818361412755,0.7528110302235392,not_assessed,18.292543704305466,21.859588298877306,0.8295088790239986,not_assessed,22.187124679569116,10.63108487802018,0.5712338331061747,not_assessed
2017-10-28,2017-10-27,2017-10-30,288,0,0,0,0,0,0,0,300.0,True,True,288,0,0,0,0,0,0,0,300.0,True,True,288,0,0,0,0,0,0,0,300.0,True,True,True,True,A,,,Расчёт возможен по существующим правилам,computed,,14.056756780353785,20.605146524541794,0.7355817068108743,not_assessed,18.535619771367575,19.17954788696353,0.7933956587460466,not_assessed,22.394837318522047,10.88067428906403,0.5699317837824629,not_assessed
2017-10-29,2017-10-28,2017-10-31,288,0,0,0,0,0,0,0,300.0,True,True,288,0,0,0,0,0,0,0,300.0,True,True,288,0,0,0,0,0,0,0,300.0,True,True,True,True,A,,,Расчёт возможен по существующим правилам,computed,,13.918678958853938,21.928865139035604,0.6221242899364798,not_assessed,18.34291568064971,19.563260783006722,0.8025455501432804,not_assessed,21.985842355834528,10.187793271966195,0.4959280278506467,not_assessed
2017-10-30,2017-10-29,2017-11-01,288,0,0,0,0,0,0,0,300.0,True,True,288,0,0,0,0,0,0,0,300.0,True,True,288,0,0,0,0,0,0,0,300.0,True,True,True,True,A,,,Расчёт возможен по существующим правилам,computed,,14.21761084374343,16.67333273182192,0.6758452625699052,not_assessed,18.45899416398652,13.888313473640128,0.7502238912711336,not_assessed,22.884367088164552,7.481854728894893,0.36404337042045753,not_assessed
2017-10-31,2017-10-30,2017-11-02,288,0,0,0,0,0,0,0,300.0,True,True,288,0,0,0,0,0,0,0,300.0,True,True,288,0,0,0,0,0,0,0,300.0,True,True,True,True,A,,,Расчёт возможен по существующим правилам,computed,,13.567157444537525,18.309366847432358,0.6232559248371519,not_assessed,18.052967772316933,14.85250904053477,0.7338515284044049,not_assessed,22.116189183078177,7.801571626348382,0.40174345753819163,not_assessed
2017-11-01,2017-10-31,2017-11-03,288,0,0,0,0,0,0,0,300.0,True,True,288,0,0,0,0,0,0,0,300.0,True,True,288,0,0,0,0,0,0,0,300.0,True,True,True,True,A,,,Расчёт возможен по существующим правилам,computed,,13.675636845332171,22.368763611828395,0.6835738575208025,not_assessed,18.0986238932164,19.59856985057474,0.8137090267552166,not_assessed,21.87864782349443,10.546570177161657,0.5341319989482161,not_assessed
2017-11-02,2017-11-01,2017-11-04,281,0,0,0,0,0,0,0,300.0,False,False,281,0,0,0,0,0,0,0,300.0,False,False,281,0,0,0,0,0,0,0,300.0,False,False,False,False,B,D1: неполное покрытие суток; D2: неполное покрытие суток; D3: неполное покрытие суток,,D1: неполное покрытие суток; D2: неполное покрытие суток; D3: неполное покрытие суток,skipped,,,,,,,,,,,,,
2017-11-03,2017-11-02,2017-11-05,99,0,0,0,0,0,0,0,300.0,False,False,99,0,0,0,0,0,0,0,300.0,False,False,99,0,0,0,0,0,0,0,300.0,False,False,False,False,B,D1: неполное покрытие суток; D2: неполное покрытие суток; D3: неполное покрытие суток,,D1: неполное покрытие суток; D2: неполное покрытие суток; D3: неполное покрытие суток,skipped,,,,,,,,,,,,,
2017-11-04,2017-11-03,2017-11-06,288,0,0,0,0,0,0,0,300.0,True,False,288,0,0,0,0,0,0,0,300.0,True,False,288,0,0,0,0,0,0,0,300.0,True,False,True,False,B,D1: неполное окружение ±12 ч; D2: неполное окружение ±12 ч; D3: неполное окружение ±12 ч,,D1: неполное окружение ±12 ч; D2: неполное окружение ±12 ч; D3: неполное окружение ±12 ч,skipped,,,,,,,,,,,,,
2017-11-05,2017-11-04,2017-11-07,288,2,0,0,0,0,0,0,299.0,True,False,288,2,0,0,0,0,0,0,299.0,True,False,288,2,0,0,0,0,0,0,299.0,True,False,True,False,B,D1: неполное окружение ±12 ч; D2: неполное окружение ±12 ч; D3: неполное окружение ±12 ч,D1: повторные метки в трёхсуточном контексте; D2: повторные метки в трёхсуточном контексте; D3: повторные метки в трёхсуточном контексте,D1: неполное окружение ±12 ч; D2: неполное окружение ±12 ч; D3: неполное окружение ±12 ч; D1: повторные метки в трёхсуточном контексте; D2: повторные метки в трёхсуточном контексте; D3: повторные метки в трёхсуточном контексте,skipped,,,,,,,,,,,,,
2017-11-06,2017-11-05,2017-11-08,434,4,6,0,0,0,0,0,297.0,False,False,434,4,6,0,0,0,0,0,297.0,False,False,434,4,6,0,0,0,0,0,297.0,False,False,False,False,B,D1: неполное покрытие суток; D2: неполное покрытие суток; D3: неполное покрытие суток,D1: повторные метки в трёхсуточном контексте; D2: повторные метки в трёхсуточном контексте; D3: повторные метки в трёхсуточном контексте,D1: неполное покрытие суток; D2: неполное покрытие суток; D3: неполное покрытие суток; D1: повторные метки в трёхсуточном контексте; D2: повторные метки в трёхсуточном контексте; D3: повторные метки в трёхсуточном контексте,skipped,,,,,,,,,,,,,
2017-11-07,2017-11-06,2017-11-09,525,5,10,0,0,0,0,0,295.0,True,True,525,5,10,0,0,0,0,0,295.0,True,True,525,5,10,0,0,0,0,0,295.0,True,True,True,True,C,,D1: повторные метки в трёхсуточном контексте; D2: повторные метки в трёхсуточном контексте; D3: повторные метки в трёхсуточном контексте,D1: повторные метки в трёхсуточном контексте; D2: повторные метки в трёхсуточном контексте; D3: повторные метки в трёхсуточном контексте,skipped,,,,,,,,,,,,,
2017-11-08,2017-11-07,2017-11-10,522,5,6,0,0,0,0,0,295.0,True,True,522,5,6,0,0,0,0,0,295.0,True,True,522,5,6,0,0,0,0,0,295.0,True,True,True,True,C,,D1: повторные метки в трёхсуточном контексте; D2: повторные метки в трёхсуточном контексте; D3: повторные метки в трёхсуточном контексте,D1: повторные метки в трёхсуточном контексте; D2: повторные метки в трёхсуточном контексте; D3: повторные метки в трёхсуточном контексте,skipped,,,,,,,,,,,,,
2017-11-09,2017-11-08,2017-11-11,518,5,8,0,0,0,0,0,295.0,True,True,518,5,8,0,0,0,0,0,295.0,True,True,518,5,8,0,0,0,0,0,295.0,True,True,True,True,C,,D1: повторные метки в трёхсуточном контексте; D2: повторные метки в трёхсуточном контексте; D3: повторные метки в трёхсуточном контексте,D1: повторные метки в трёхсуточном контексте; D2: повторные метки в трёхсуточном контексте; D3: повторные метки в трёхсуточном контексте,skipped,,,,,,,,,,,,,
2017-11-10,2017-11-09,2017-11-12,527,8,12,0,0,0,0,0,295.0,True,True,527,7,12,0,0,0,0,0,295.0,True,True,527,7,12,0,0,0,0,0,295.0,True,True,True,True,C,,D1: повторные метки в трёхсуточном контексте; D2: повторные метки в трёхсуточном контексте; D3: повторные метки в трёхсуточном контексте,D1: повторные метки в трёхсуточном контексте; D2: повторные метки в трёхсуточном контексте; D3: повторные метки в трёхсуточном контексте,skipped,,,,,,,,,,,,,
2017-11-11,2017-11-10,2017-11-13,533,10,14,0,0,128,128,0,295.0,True,False,533,9,12,0,0,128,128,0,295.0,True,False,533,9,12,0,0,128,128,0,295.0,True,False,True,False,B,D1: неполное окружение ±12 ч (согласованное ноябрьское исключение); D2: неполное окружение ±12 ч (согласованное ноябрьское исключение); D3: неполное окружение ±12 ч (согласованное ноябрьское исключение),D1: повторные метки в трёхсуточном контексте; D2: повторные метки в трёхсуточном контексте; D3: повторные метки в трёхсуточном контексте,D1: неполное окружение ±12 ч (согласованное ноябрьское исключение); D2: неполное окружение ±12 ч (согласованное ноябрьское исключение); D3: неполное окружение ±12 ч (согласованное ноябрьское исключение); D1: повторные метки в трёхсуточном контексте; D2: повторные метки в трёхсуточном контексте; D3: повторные метки в трёхсуточном контексте,skipped,,,,,,,,,,,,,
2017-11-12,2017-11-11,2017-11-14,514,12,16,0,0,651,651,0,295.0,False,False,514,10,12,0,0,651,651,0,295.0,False,False,514,9,10,0,0,651,651,0,295.0,False,False,False,False,B,D1: неполное покрытие суток (согласованное ноябрьское исключение); D2: неполное покрытие суток (согласованное ноябрьское исключение); D3: неполное покрытие суток (согласованное ноябрьское исключение),D1: повторные метки в трёхсуточном контексте; D2: повторные метки в трёхсуточном контексте; D3: повторные метки в трёхсуточном контексте,D1: неполное покрытие суток (согласованное ноябрьское исключение); D2: неполное покрытие суток (согласованное ноябрьское исключение); D3: неполное покрытие суток (согласованное ноябрьское исключение); D1: повторные метки в трёхсуточном контексте; D2: повторные метки в трёхсуточном контексте; D3: повторные метки в трёхсуточном контексте,skipped,,,,,,,,,,,,,
2017-11-13,2017-11-12,2017-11-15,522,11,14,0,0,1045,1045,0,295.0,False,False,522,10,12,0,0,1045,1045,0,295.0,False,False,522,9,10,0,0,1045,1045,0,295.0,False,False,False,False,B,D1: неполное покрытие суток (согласованное ноябрьское исключение); D2: неполное покрытие суток (согласованное ноябрьское исключение); D3: неполное покрытие суток (согласованное ноябрьское исключение),D1: повторные метки в трёхсуточном контексте; D2: повторные метки в трёхсуточном контексте; D3: повторные метки в трёхсуточном контексте,D1: неполное покрытие суток (согласованное ноябрьское исключение); D2: неполное покрытие суток (согласованное ноябрьское исключение); D3: неполное покрытие суток (согласованное ноябрьское исключение); D1: повторные метки в трёхсуточном контексте; D2: повторные метки в трёхсуточном контексте; D3: повторные метки в трёхсуточном контексте,skipped,,,,,,,,,,,,,
2017-11-14,2017-11-13,2017-11-16,523,7,8,0,0,781,781,0,296.0,False,False,523,6,8,0,0,781,781,0,296.0,False,False,523,5,8,0,0,781,781,0,296.0,False,False,False,False,B,D1: неполное покрытие суток (согласованное ноябрьское исключение); D2: неполное покрытие суток (согласованное ноябрьское исключение); D3: неполное покрытие суток (согласованное ноябрьское исключение),D1: повторные метки в трёхсуточном контексте; D2: повторные метки в трёхсуточном контексте; D3: повторные метки в трёхсуточном контексте,D1: неполное покрытие суток (согласованное ноябрьское исключение); D2: неполное покрытие суток (согласованное ноябрьское исключение); D3: неполное покрытие суток (согласованное ноябрьское исключение); D1: повторные метки в трёхсуточном контексте; D2: повторные метки в трёхсуточном контексте; D3: повторные метки в трёхсуточном контексте,skipped,,,,,,,,,,,,,
2017-11-15,2017-11-14,2017-11-17,180,3,2,0,0,69,69,0,298.0,False,False,180,3,2,0,0,69,69,0,298.0,False,False,180,3,2,0,0,69,69,0,298.0,False,False,False,False,B,D1: неполное покрытие суток (согласованное ноябрьское исключение); D2: неполное покрытие суток (согласованное ноябрьское исключение); D3: неполное покрытие суток (согласованное ноябрьское исключение),D1: повторные метки в трёхсуточном контексте; D2: повторные метки в трёхсуточном контексте; D3: повторные метки в трёхсуточном контексте,D1: неполное покрытие суток (согласованное ноябрьское исключение); D2: неполное покрытие суток (согласованное ноябрьское исключение); D3: неполное покрытие суток (согласованное ноябрьское исключение); D1: повторные метки в трёхсуточном контексте; D2: повторные метки в трёхсуточном контексте; D3: повторные метки в трёхсуточном контексте,skipped,,,,,,,,,,,,,
2017-11-16,2017-11-15,2017-11-18,288,0,0,0,0,0,0,0,300.0,True,True,288,0,0,0,0,0,0,0,300.0,True,True,288,0,0,0,0,0,0,0,300.0,True,True,True,True,A,,,Расчёт возможен по существующим правилам,computed,,13.977004456289816,19.87054137056859,0.6978185768142413,not_assessed,18.506663248008216,19.39641196363316,0.8115231844930485,not_assessed,22.280545333109078,8.969756958406387,0.44119372300925785,not_assessed
2017-11-17,2017-11-16,2017-11-19,288,0,0,0,0,0,0,0,300.0,True,True,288,0,0,0,0,0,0,0,300.0,True,True,288,0,0,0,0,0,0,0,300.0,True,True,True,True,A,,,Расчёт возможен по существующим правилам,computed,,13.732773278433623,23.079128188889598,0.71901850329955,not_assessed,17.15641857485107,22.165123413246967,0.806989006863514,not_assessed,19.34074179514507,8.774848772314822,0.37849511196463004,not_assessed
2017-11-18,2017-11-17,2017-11-20,288,0,0,0,0,0,0,0,300.0,True,True,288,0,0,0,0,0,0,0,300.0,True,True,288,0,0,0,0,0,0,0,300.0,True,True,True,True,A,,,Расчёт возможен по существующим правилам,computed,,14.177293164387864,21.542069103492842,0.6320570767384054,not_assessed,17.844341787402534,20.787965511219006,0.850181447709611,not_assessed,19.867413262760294,8.934815059478847,0.456957065747422,not_assessed
2017-11-19,2017-11-18,2017-11-21,288,0,0,0,0,0,0,0,300.0,True,True,288,0,0,0,0,0,0,0,300.0,True,True,288,0,0,0,0,0,0,0,300.0,True,True,True,True,A,,,Расчёт возможен по существующим правилам,computed,,13.739149957071655,23.507462661134877,0.7352961415020098,not_assessed,17.406238521179848,20.132444950419597,0.7733017680748425,not_assessed,20.20258924551557,5.6242283876169,0.24261111512704314,not_assessed
2017-11-20,2017-11-19,2017-11-22,288,0,0,0,0,0,0,0,300.0,True,True,288,0,0,0,0,0,0,0,300.0,True,True,288,0,0,0,0,0,0,0,300.0,True,True,True,True,A,,,Расчёт возможен по существующим правилам,computed,,14.502617396910232,21.734862161905287,0.772785368708542,not_assessed,17.959890025716348,22.105964869298496,0.8542575799934201,not_assessed,20.39171654105987,9.123061811124318,0.4278158310068496,not_assessed
2017-11-21,2017-11-20,2017-11-23,288,0,0,0,0,0,0,0,300.0,True,True,288,0,0,0,0,0,0,0,300.0,True,True,288,0,0,0,0,0,0,0,300.0,True,True,True,True,A,,,Расчёт возможен по существующим правилам,computed,,14.46231706709592,26.529716459476518,0.7753055908410795,not_assessed,17.006572074380045,26.537257634198454,0.7869940057754252,not_assessed,17.580391082009594,11.903053546676402,0.48511997198503554,not_assessed
2017-11-22,2017-11-21,2017-11-24,288,0,0,0,0,0,0,0,300.0,True,True,288,0,0,0,0,0,0,0,300.0,True,True,288,0,0,0,0,0,0,0,300.0,True,True,True,True,A,,,Расчёт возможен по существующим правилам,computed,,13.830347839856843,20.52586714785487,0.6088883047635134,not_assessed,17.143179244532778,18.358262140684133,0.6587212659191669,not_assessed,20.062502889765057,5.377571713338954,0.13151908425528258,known_sensitive
2017-11-23,2017-11-22,2017-11-25,288,0,0,0,0,0,0,0,300.0,True,True,288,0,0,0,0,0,0,0,300.0,True,True,288,0,0,0,0,0,0,0,300.0,True,True,True,True,A,,,Расчёт возможен по существующим правилам,computed,,14.29825167051567,28.747404135848935,0.8243329159165387,not_assessed,17.154171630962455,26.61712226651229,0.8487450056492294,not_assessed,17.828292199086746,10.5398954541496,0.5191558053782626,not_assessed
2017-11-24,2017-11-23,2017-11-26,288,0,0,0,0,0,0,0,300.0,True,True,288,0,0,0,0,0,0,0,300.0,True,True,288,0,0,0,0,0,0,0,300.0,True,True,True,True,A,,,Расчёт возможен по существующим правилам,computed,,14.496926532388068,27.747680095035882,0.5940682824652732,not_assessed,17.141322662648605,25.385069404066744,0.8003878614330565,not_assessed,17.86079003860657,10.390012912369592,0.4292783231155918,not_assessed
2017-11-25,2017-11-24,2017-11-27,288,0,0,0,0,25,25,0,300.0,True,False,288,0,0,0,0,25,25,0,300.0,True,False,288,0,0,0,0,25,25,0,300.0,True,False,True,False,B,D1: неполное окружение ±12 ч (согласованное ноябрьское исключение); D2: неполное окружение ±12 ч (согласованное ноябрьское исключение); D3: неполное окружение ±12 ч (согласованное ноябрьское исключение),,D1: неполное окружение ±12 ч (согласованное ноябрьское исключение); D2: неполное окружение ±12 ч (согласованное ноябрьское исключение); D3: неполное окружение ±12 ч (согласованное ноябрьское исключение),skipped,,,,,,,,,,,,,
2017-11-26,2017-11-25,2017-11-28,279,0,0,0,0,25,25,0,300.0,False,False,279,0,0,0,0,25,25,0,300.0,False,False,279,0,0,0,0,25,25,0,300.0,False,False,False,False,B,D1: неполное покрытие суток (согласованное ноябрьское исключение); D2: неполное покрытие суток (согласованное ноябрьское исключение); D3: неполное покрытие суток (согласованное ноябрьское исключение),,D1: неполное покрытие суток (согласованное ноябрьское исключение); D2: неполное покрытие суток (согласованное ноябрьское исключение); D3: неполное покрытие суток (согласованное ноябрьское исключение),skipped,,,,,,,,,,,,,
2017-11-27,2017-11-26,2017-11-29,286,0,0,0,0,0,0,0,300.0,False,False,286,0,0,0,0,0,0,0,300.0,False,False,286,0,0,0,0,0,0,0,300.0,False,False,False,False,B,D1: неполное покрытие суток; D2: неполное покрытие суток; D3: неполное покрытие суток,,D1: неполное покрытие суток; D2: неполное покрытие суток; D3: неполное покрытие суток,skipped,,,,,,,,,,,,,
2017-11-28,2017-11-27,2017-11-30,288,0,0,0,0,0,0,0,300.0,True,True,288,0,0,0,0,0,0,0,300.0,True,True,288,0,0,0,0,0,0,0,300.0,True,True,True,True,A,,,Расчёт возможен по существующим правилам,computed,,14.689565877605173,24.7825966725163,0.6027399827468917,not_assessed,17.230605345176407,24.248216093429008,0.7610618343215163,not_assessed,18.39829085928551,9.971836194846885,0.44298567796793087,not_assessed
2017-11-29,2017-11-28,2017-12-01,288,2,0,0,0,0,0,0,299.0,True,True,288,2,0,0,0,0,0,0,299.0,True,True,288,2,0,0,0,0,0,0,299.0,True,True,True,True,C,,D1: повторные метки в трёхсуточном контексте; D2: повторные метки в трёхсуточном контексте; D3: повторные метки в трёхсуточном контексте,D1: повторные метки в трёхсуточном контексте; D2: повторные метки в трёхсуточном контексте; D3: повторные метки в трёхсуточном контексте,skipped,,,,,,,,,,,,,
2017-11-30,2017-11-29,2017-12-02,519,6,4,0,0,0,0,0,293.0,True,True,519,6,4,0,0,0,0,0,293.0,True,True,519,6,4,0,0,0,0,0,293.0,True,True,True,True,C,,D1: повторные метки в трёхсуточном контексте; D2: повторные метки в трёхсуточном контексте; D3: повторные метки в трёхсуточном контексте,D1: повторные метки в трёхсуточном контексте; D2: повторные метки в трёхсуточном контексте; D3: повторные метки в трёхсуточном контексте,skipped,,,,,,,,,,,,,
2017-12-01,2017-11-30,2017-12-03,749,10,14,3,0,0,0,0,5.0,False,False,749,10,14,3,0,0,0,0,5.0,False,False,749,10,14,3,0,0,0,0,5.0,False,False,False,False,B,D1: неполное покрытие суток (служебные значения); D2: неполное покрытие суток (служебные значения); D3: неполное покрытие суток (служебные значения),D1: повторные метки в трёхсуточном контексте; D2: повторные метки в трёхсуточном контексте; D3: повторные метки в трёхсуточном контексте,D1: неполное покрытие суток (служебные значения); D2: неполное покрытие суток (служебные значения); D3: неполное покрытие суток (служебные значения); D1: повторные метки в трёхсуточном контексте; D2: повторные метки в трёхсуточном контексте; D3: повторные метки в трёхсуточном контексте,skipped,,,,,,,,,,,,,
2017-12-02,2017-12-01,2017-12-04,775,13,20,3,0,0,0,0,4.0,False,False,775,13,20,3,0,0,0,0,4.0,False,False,775,13,20,3,0,0,0,0,4.0,False,False,False,False,B,D1: неполное покрытие суток (служебные значения); D2: неполное покрытие суток (служебные значения); D3: неполное покрытие суток (служебные значения),D1: повторные метки в трёхсуточном контексте; D2: повторные метки в трёхсуточном контексте; D3: повторные метки в трёхсуточном контексте,D1: неполное покрытие суток (служебные значения); D2: неполное покрытие суток (служебные значения); D3: неполное покрытие суток (служебные значения); D1: повторные метки в трёхсуточном контексте; D2: повторные метки в трёхсуточном контексте; D3: повторные метки в трёхсуточном контексте,skipped,,,,,,,,,,,,,
2017-12-03,2017-12-02,2017-12-05,788,16,24,0,0,0,0,0,4.0,False,False,788,16,24,0,0,0,0,0,4.0,False,False,788,16,24,0,0,0,0,0,4.0,False,False,False,False,B,D1: неполное покрытие суток; D2: неполное покрытие суток; D3: неполное покрытие суток,D1: повторные метки в трёхсуточном контексте; D2: повторные метки в трёхсуточном контексте; D3: повторные метки в трёхсуточном контексте,D1: неполное покрытие суток; D2: неполное покрытие суток; D3: неполное покрытие суток; D1: повторные метки в трёхсуточном контексте; D2: повторные метки в трёхсуточном контексте; D3: повторные метки в трёхсуточном контексте,skipped,,,,,,,,,,,,,
2017-12-04,2017-12-03,2017-12-06,754,23,32,0,0,0,0,0,4.0,False,False,754,22,30,0,0,0,0,0,4.0,False,False,754,21,28,0,0,0,0,0,4.0,False,False,False,False,B,D1: неполное покрытие суток; D2: неполное покрытие суток; D3: неполное покрытие суток,D1: повторные метки в трёхсуточном контексте; D2: повторные метки в трёхсуточном контексте; D3: повторные метки в трёхсуточном контексте,D1: неполное покрытие суток; D2: неполное покрытие суток; D3: неполное покрытие суток; D1: повторные метки в трёхсуточном контексте; D2: повторные метки в трёхсуточном контексте; D3: повторные метки в трёхсуточном контексте,skipped,,,,,,,,,,,,,
2017-12-05,2017-12-04,2017-12-07,637,18,28,0,0,0,0,0,290.5,False,False,637,17,26,0,0,0,0,0,290.0,False,False,637,16,24,0,0,0,0,0,290.0,False,False,False,False,B,D1: неполное покрытие суток; D2: неполное покрытие суток; D3: неполное покрытие суток,D1: повторные метки в трёхсуточном контексте; D2: повторные метки в трёхсуточном контексте; D3: повторные метки в трёхсуточном контексте,D1: неполное покрытие суток; D2: неполное покрытие суток; D3: неполное покрытие суток; D1: повторные метки в трёхсуточном контексте; D2: повторные метки в трёхсуточном контексте; D3: повторные метки в трёхсуточном контексте,skipped,,,,,,,,,,,,,
2017-12-06,2017-12-05,2017-12-08,300,11,10,0,0,0,0,0,297.0,False,False,300,10,10,0,0,0,0,0,297.0,False,False,300,9,10,0,0,0,0,0,297.0,False,False,False,False,B,D1: неполное покрытие суток; D2: неполное покрытие суток; D3: неполное покрытие суток,D1: повторные метки в трёхсуточном контексте; D2: повторные метки в трёхсуточном контексте; D3: повторные метки в трёхсуточном контексте,D1: неполное покрытие суток; D2: неполное покрытие суток; D3: неполное покрытие суток; D1: повторные метки в трёхсуточном контексте; D2: повторные метки в трёхсуточном контексте; D3: повторные метки в трёхсуточном контексте,skipped,,,,,,,,,,,,,
2017-12-07,2017-12-06,2017-12-09,279,0,0,0,0,0,0,0,300.0,False,False,279,0,0,0,0,0,0,0,300.0,False,False,279,0,0,0,0,0,0,0,300.0,False,False,False,False,B,D1: неполное покрытие суток; D2: неполное покрытие суток; D3: неполное покрытие суток,,D1: неполное покрытие суток; D2: неполное покрытие суток; D3: неполное покрытие суток,skipped,,,,,,,,,,,,,
2017-12-08,2017-12-07,2017-12-10,288,0,0,0,0,0,0,0,300.0,True,False,288,0,0,0,0,0,0,0,300.0,True,False,288,0,0,0,0,0,0,0,300.0,True,False,True,False,B,D1: неполное окружение ±12 ч; D2: неполное окружение ±12 ч; D3: неполное окружение ±12 ч,,D1: неполное окружение ±12 ч; D2: неполное окружение ±12 ч; D3: неполное окружение ±12 ч,skipped,,,,,,,,,,,,,
2017-12-09,2017-12-08,2017-12-11,288,0,0,0,0,0,0,0,300.0,True,True,288,0,0,0,0,0,0,0,300.0,True,True,288,0,0,0,0,0,0,0,300.0,True,True,True,True,A,,,Расчёт возможен по существующим правилам,computed,,15.026017525288335,21.070586804294262,0.7829003960083571,not_assessed,18.46829557279075,22.794377214683166,0.8615951274731749,not_assessed,20.82942653042422,10.586497121522399,0.5546701382504371,not_assessed
2017-12-10,2017-12-09,2017-12-12,288,0,0,0,0,0,0,0,300.0,True,True,288,0,0,0,0,0,0,0,300.0,True,True,288,0,0,0,0,0,0,0,300.0,True,True,True,True,A,,,Расчёт возможен по существующим правилам,computed,,14.932607311357382,15.216133216752189,0.7411798534208174,not_assessed,18.48255685819302,17.241723484531157,0.7915310005377195,not_assessed,20.90603972858456,8.861054688138172,0.4160534603645789,not_assessed
2017-12-11,2017-12-10,2017-12-13,288,0,0,0,0,0,0,0,300.0,True,True,288,0,0,0,0,0,0,0,300.0,True,True,288,0,0,0,0,0,0,0,300.0,True,True,True,True,A,,,Расчёт возможен по существующим правилам,computed,,14.9128549401913,16.52133699784638,0.7099660963734103,not_assessed,18.27282823723121,19.628200304695657,0.8170597461808361,not_assessed,19.678395860957355,9.81375193008577,0.5133198770167064,not_assessed
2017-12-12,2017-12-11,2017-12-14,288,0,0,0,0,0,0,0,300.0,True,True,288,0,0,0,0,0,0,0,300.0,True,True,288,0,0,0,0,0,0,0,300.0,True,True,True,True,A,,,Расчёт возможен по существующим правилам,computed,,14.922994496318292,8.477668417087976,0.5502177414444022,not_assessed,18.62836897543113,9.255655479631475,0.5709676607139926,not_assessed,21.946874921079658,4.488174122602566,0.17351278015452887,not_assessed
2017-12-13,2017-12-12,2017-12-15,288,0,0,0,0,0,0,0,300.0,True,True,288,0,0,0,0,0,0,0,300.0,True,True,288,0,0,0,0,0,0,0,300.0,True,True,True,True,A,,,Расчёт возможен по существующим правилам,computed,,15.194140603731778,16.416855022612086,0.6507844062424135,not_assessed,19.48410699675978,17.551516290568546,0.7341143876880749,not_assessed,22.07318517883906,10.223964263982923,0.49819201879908526,not_assessed
2017-12-14,2017-12-13,2017-12-16,288,0,0,0,0,0,0,0,300.0,True,True,288,0,0,0,0,0,0,0,300.0,True,True,288,0,0,0,0,0,0,0,300.0,True,True,True,True,A,,,Расчёт возможен по существующим правилам,computed,,14.948373747255605,20.464339265481346,0.753833261350062,not_assessed,18.65252631177342,21.205036610411007,0.8224393581872163,not_assessed,20.53945094568497,11.134339412172935,0.5719651250564827,not_assessed
2017-12-15,2017-12-14,2017-12-17,288,0,0,0,0,0,0,0,300.0,True,True,288,0,0,0,0,0,0,0,300.0,True,True,288,0,0,0,0,0,0,0,300.0,True,True,True,True,A,,,Расчёт возможен по существующим правилам,computed,,15.560952924662784,20.0598236097165,0.7893433750178129,not_assessed,18.697111180780617,24.865103337168982,0.8598519721091225,not_assessed,20.273360930469053,12.299363068985913,0.5872614723216851,not_assessed
2017-12-16,2017-12-15,2017-12-18,288,0,0,0,0,0,0,0,300.0,True,True,288,0,0,0,0,0,0,0,300.0,True,True,288,0,0,0,0,0,0,0,300.0,True,True,True,True,A,,,Расчёт возможен по существующим правилам,computed,,15.779117846704636,15.878495773103007,0.6726755604864469,not_assessed,18.71308276374899,18.958047440878122,0.8634011125747948,not_assessed,20.068612833867853,10.580397399739391,0.5664761674427086,not_assessed
2017-12-17,2017-12-16,2017-12-19,288,0,0,0,0,0,0,0,300.0,True,False,288,0,0,0,0,0,0,0,300.0,True,False,288,0,0,0,0,0,0,0,300.0,True,False,True,False,B,D1: неполное окружение ±12 ч; D2: неполное окружение ±12 ч; D3: неполное окружение ±12 ч,,D1: неполное окружение ±12 ч; D2: неполное окружение ±12 ч; D3: неполное окружение ±12 ч,skipped,,,,,,,,,,,,,
2017-12-18,2017-12-17,2017-12-20,238,0,0,0,0,0,0,0,300.0,False,False,238,0,0,0,0,0,0,0,300.0,False,False,238,0,0,0,0,0,0,0,300.0,False,False,False,False,B,D1: неполное покрытие суток; D2: неполное покрытие суток; D3: неполное покрытие суток,,D1: неполное покрытие суток; D2: неполное покрытие суток; D3: неполное покрытие суток,skipped,,,,,,,,,,,,,
2017-12-19,2017-12-18,2017-12-21,288,0,0,0,0,0,0,0,301.0,True,False,288,0,0,0,0,0,0,0,301.0,True,False,288,0,0,0,0,0,0,0,301.0,True,False,True,False,B,D1: неполное окружение ±12 ч; D2: неполное окружение ±12 ч; D3: неполное окружение ±12 ч,,D1: неполное окружение ±12 ч; D2: неполное окружение ±12 ч; D3: неполное окружение ±12 ч,skipped,,,,,,,,,,,,,
2017-12-20,2017-12-19,2017-12-22,182,0,0,1,2,0,93,93,301.0,False,False,182,0,0,1,2,0,93,93,301.0,False,False,182,0,0,1,2,0,93,93,301.0,False,False,False,False,B,"D1: неполное покрытие суток (служебные значения, нарушение 0<C≤3000); D2: неполное покрытие суток (служебные значения, нарушение 0<C≤3000); D3: неполное покрытие суток (служебные значения, нарушение 0<C≤3000)",D1: диагностический постоянный участок в окнах расчёта; D2: диагностический постоянный участок в окнах расчёта; D3: диагностический постоянный участок в окнах расчёта,"D1: неполное покрытие суток (служебные значения, нарушение 0<C≤3000); D2: неполное покрытие суток (служебные значения, нарушение 0<C≤3000); D3: неполное покрытие суток (служебные значения, нарушение 0<C≤3000); D1: диагностический постоянный участок в окнах расчёта; D2: диагностический постоянный участок в окнах расчёта; D3: диагностический постоянный участок в окнах расчёта",skipped,,,,,,,,,,,,,
2017-12-21,2017-12-20,2017-12-23,95,0,0,1,98,0,93,93,898.0,False,False,95,0,0,1,98,0,93,93,898.0,False,False,95,0,0,1,98,0,93,93,898.0,False,False,False,False,B,"D1: неполное покрытие суток (служебные значения, нарушение 0<C≤3000); D2: неполное покрытие суток (служебные значения, нарушение 0<C≤3000); D3: неполное покрытие суток (служебные значения, нарушение 0<C≤3000)",D1: диагностический постоянный участок в окнах расчёта; D2: диагностический постоянный участок в окнах расчёта; D3: диагностический постоянный участок в окнах расчёта,"D1: неполное покрытие суток (служебные значения, нарушение 0<C≤3000); D2: неполное покрытие суток (служебные значения, нарушение 0<C≤3000); D3: неполное покрытие суток (служебные значения, нарушение 0<C≤3000); D1: диагностический постоянный участок в окнах расчёта; D2: диагностический постоянный участок в окнах расчёта; D3: диагностический постоянный участок в окнах расчёта",skipped,,,,,,,,,,,,,
2017-12-22,2017-12-21,2017-12-24,96,0,0,0,191,0,0,0,900.0,False,False,96,0,0,0,191,0,0,0,900.0,False,False,96,0,0,0,191,0,0,0,900.0,False,False,False,False,B,D1: неполное покрытие суток (нарушение 0<C≤3000); D2: неполное покрытие суток (нарушение 0<C≤3000); D3: неполное покрытие суток (нарушение 0<C≤3000),,D1: неполное покрытие суток (нарушение 0<C≤3000); D2: неполное покрытие суток (нарушение 0<C≤3000); D3: неполное покрытие суток (нарушение 0<C≤3000),skipped,,,,,,,,,,,,,
2017-12-23,2017-12-22,2017-12-25,96,0,0,0,190,0,0,0,901.0,False,False,96,0,0,0,190,0,0,0,901.0,False,False,96,0,0,0,190,0,0,0,901.0,False,False,False,False,B,D1: неполное покрытие суток (нарушение 0<C≤3000); D2: неполное покрытие суток (нарушение 0<C≤3000); D3: неполное покрытие суток (нарушение 0<C≤3000),,D1: неполное покрытие суток (нарушение 0<C≤3000); D2: неполное покрытие суток (нарушение 0<C≤3000); D3: неполное покрытие суток (нарушение 0<C≤3000),skipped,,,,,,,,,,,,,
2017-12-24,2017-12-23,2017-12-26,96,0,0,0,191,0,0,0,901.0,False,False,96,0,0,0,191,0,0,0,901.0,False,False,96,0,0,0,191,0,0,0,901.0,False,False,False,False,B,D1: неполное покрытие суток (нарушение 0<C≤3000); D2: неполное покрытие суток (нарушение 0<C≤3000); D3: неполное покрытие суток (нарушение 0<C≤3000),,D1: неполное покрытие суток (нарушение 0<C≤3000); D2: неполное покрытие суток (нарушение 0<C≤3000); D3: неполное покрытие суток (нарушение 0<C≤3000),skipped,,,,,,,,,,,,,
2017-12-25,2017-12-24,2017-12-27,96,0,0,0,191,0,0,0,901.0,False,False,96,0,0,0,191,0,0,0,901.0,False,False,96,0,0,0,191,0,0,0,901.0,False,False,False,False,B,D1: неполное покрытие суток (нарушение 0<C≤3000); D2: неполное покрытие суток (нарушение 0<C≤3000); D3: неполное покрытие суток (нарушение 0<C≤3000),,D1: неполное покрытие суток (нарушение 0<C≤3000); D2: неполное покрытие суток (нарушение 0<C≤3000); D3: неполное покрытие суток (нарушение 0<C≤3000),skipped,,,,,,,,,,,,,
2017-12-26,2017-12-25,2017-12-28,96,0,0,1,189,0,0,0,901.0,False,False,96,0,0,1,189,0,0,0,901.0,False,False,96,0,0,1,189,0,0,0,901.0,False,False,False,False,B,"D1: неполное покрытие суток (служебные значения, нарушение 0<C≤3000); D2: неполное покрытие суток (служебные значения, нарушение 0<C≤3000); D3: неполное покрытие суток (служебные значения, нарушение 0<C≤3000)",,"D1: неполное покрытие суток (служебные значения, нарушение 0<C≤3000); D2: неполное покрытие суток (служебные значения, нарушение 0<C≤3000); D3: неполное покрытие суток (служебные значения, нарушение 0<C≤3000)",skipped,,,,,,,,,,,,,
2017-12-27,2017-12-26,2017-12-29,96,0,0,1,190,0,0,0,901.0,False,False,96,0,0,1,190,0,0,0,901.0,False,False,96,0,0,1,190,0,0,0,901.0,False,False,False,False,B,"D1: неполное покрытие суток (служебные значения, нарушение 0<C≤3000); D2: неполное покрытие суток (служебные значения, нарушение 0<C≤3000); D3: неполное покрытие суток (служебные значения, нарушение 0<C≤3000)",,"D1: неполное покрытие суток (служебные значения, нарушение 0<C≤3000); D2: неполное покрытие суток (служебные значения, нарушение 0<C≤3000); D3: неполное покрытие суток (служебные значения, нарушение 0<C≤3000)",skipped,,,,,,,,,,,,,
2017-12-28,2017-12-27,2017-12-30,96,0,0,0,191,0,0,0,900.0,False,False,96,0,0,0,191,0,0,0,900.0,False,False,96,0,0,0,191,0,0,0,900.0,False,False,False,False,B,D1: неполное покрытие суток (нарушение 0<C≤3000); D2: неполное покрытие суток (нарушение 0<C≤3000); D3: неполное покрытие суток (нарушение 0<C≤3000),,D1: неполное покрытие суток (нарушение 0<C≤3000); D2: неполное покрытие суток (нарушение 0<C≤3000); D3: неполное покрытие суток (нарушение 0<C≤3000),skipped,,,,,,,,,,,,,
2017-12-29,2017-12-28,2017-12-31,96,0,0,0,191,0,0,0,900.0,False,False,96,0,0,0,191,0,0,0,900.0,False,False,96,0,0,0,191,0,0,0,900.0,False,False,False,False,B,D1: неполное покрытие суток (нарушение 0<C≤3000); D2: неполное покрытие суток (нарушение 0<C≤3000); D3: неполное покрытие суток (нарушение 0<C≤3000),,D1: неполное покрытие суток (нарушение 0<C≤3000); D2: неполное покрытие суток (нарушение 0<C≤3000); D3: неполное покрытие суток (нарушение 0<C≤3000),skipped,,,,,,,,,,,,,
2017-12-30,2017-12-29,2018-01-01,96,0,0,0,192,0,0,0,900.0,False,False,96,0,0,0,192,0,0,0,900.0,False,False,96,0,0,0,192,0,0,0,900.0,False,False,False,False,B,D1: неполное покрытие суток (нарушение 0<C≤3000); D2: неполное покрытие суток (нарушение 0<C≤3000); D3: неполное покрытие суток (нарушение 0<C≤3000),,D1: неполное покрытие суток (нарушение 0<C≤3000); D2: неполное покрытие суток (нарушение 0<C≤3000); D3: неполное покрытие суток (нарушение 0<C≤3000),skipped,,,,,,,,,,,,,
2017-12-31,2017-12-30,2018-01-02,96,0,0,0,191,0,0,0,900.0,False,False,96,0,0,0,191,0,0,0,900.0,False,False,96,0,0,0,191,0,0,0,900.0,False,False,False,False,B,D1: неполное покрытие суток (нарушение 0<C≤3000); D2: неполное покрытие суток (нарушение 0<C≤3000); D3: неполное покрытие суток (нарушение 0<C≤3000),,D1: неполное покрытие суток (нарушение 0<C≤3000); D2: неполное покрытие суток (нарушение 0<C≤3000); D3: неполное покрытие суток (нарушение 0<C≤3000),skipped,,,,,,,,,,,,,
2018-01-01,2017-12-31,2018-01-03,96,0,0,0,191,0,0,0,900.0,False,False,96,0,0,0,191,0,0,0,900.0,False,False,96,0,0,0,191,0,0,0,900.0,False,False,False,False,B,D1: неполное покрытие суток (нарушение 0<C≤3000); D2: неполное покрытие суток (нарушение 0<C≤3000); D3: неполное покрытие суток (нарушение 0<C≤3000),,D1: неполное покрытие суток (нарушение 0<C≤3000); D2: неполное покрытие суток (нарушение 0<C≤3000); D3: неполное покрытие суток (нарушение 0<C≤3000),skipped,,,,,,,,,,,,,
2018-01-02,2018-01-01,2018-01-04,94,0,0,0,102,0,0,0,900.0,False,False,94,0,0,0,102,0,0,0,900.0,False,False,94,0,0,0,102,0,0,0,900.0,False,False,False,False,B,D1: неполное покрытие суток (нарушение 0<C≤3000); D2: неполное покрытие суток (нарушение 0<C≤3000); D3: неполное покрытие суток (нарушение 0<C≤3000),,D1: неполное покрытие суток (нарушение 0<C≤3000); D2: неполное покрытие суток (нарушение 0<C≤3000); D3: неполное покрытие суток (нарушение 0<C≤3000),skipped,,,,,,,,,,,,,
2018-01-03,2018-01-02,2018-01-05,96,0,0,0,6,0,0,0,901.0,True,False,96,0,0,0,6,0,0,0,901.0,True,False,96,0,0,0,6,0,0,0,901.0,True,False,True,False,B,D1: неполное окружение ±12 ч (нарушение 0<C≤3000); D2: неполное окружение ±12 ч (нарушение 0<C≤3000); D3: неполное окружение ±12 ч (нарушение 0<C≤3000),,D1: неполное окружение ±12 ч (нарушение 0<C≤3000); D2: неполное окружение ±12 ч (нарушение 0<C≤3000); D3: неполное окружение ±12 ч (нарушение 0<C≤3000),skipped,,,,,,,,,,,,,
2018-01-04,2018-01-03,2018-01-06,96,0,0,0,0,0,0,0,901.0,True,True,96,0,0,0,0,0,0,0,901.0,True,True,96,0,0,0,0,0,0,0,901.0,True,True,True,True,A,,,Расчёт возможен по существующим правилам,computed,,16.520530947117102,18.209472768879863,0.6366407964627722,not_assessed,19.348715969940226,28.149390192510385,0.8691285407295664,not_assessed,20.058257005475188,19.531366249468334,0.7835887737480798,not_assessed
2018-01-05,2018-01-04,2018-01-07,96,0,0,0,0,0,0,0,901.0,True,True,96,0,0,0,0,0,0,0,901.0,True,True,96,0,0,0,0,0,0,0,901.0,True,True,True,True,A,,,Расчёт возможен по существующим правилам,computed,,16.248997760939925,17.791710731165093,0.7809431393414833,not_assessed,19.116799843064868,26.253825068553027,0.7754552739302414,not_assessed,20.023183464738064,14.803693566599,0.5946727698979815,not_assessed
2018-01-06,2018-01-05,2018-01-08,96,0,0,0,0,0,0,0,900.0,True,True,96,0,0,0,0,0,0,0,900.0,True,True,96,0,0,0,0,0,0,0,900.0,True,True,True,True,A,,,Расчёт возможен по существующим правилам,computed,,15.090770134372262,12.48945444945016,0.6281235783156992,not_assessed,18.448959417824614,15.366212406533775,0.8081030958654324,not_assessed,21.015312248361944,7.552038963411645,0.3489436040260576,not_assessed
2018-01-07,2018-01-06,2018-01-09,96,0,0,0,0,0,0,0,900.0,True,True,96,0,0,0,0,0,0,0,900.0,True,True,96,0,0,0,0,0,0,0,900.0,True,True,True,True,A,,,Расчёт возможен по существующим правилам,computed,,15.427894129454668,10.810086399082016,0.5441755440242501,not_assessed,19.193128151667693,15.360004531743247,0.7859367527871114,not_assessed,21.935303152583316,8.638366143737965,0.45908579170223107,not_assessed
2018-01-08,2018-01-07,2018-01-10,96,0,0,0,0,0,0,0,900.0,True,True,96,0,0,0,0,0,0,0,900.0,True,True,96,0,0,0,0,0,0,0,900.0,True,True,True,True,A,,,Расчёт возможен по существующим правилам,computed,,17.787175030725376,16.901584676421617,0.5719603638277079,not_assessed,19.5952679549179,24.592814712806806,0.8660016833859213,not_assessed,20.776515393230618,13.807473343861236,0.6477677149007999,not_assessed
2018-01-09,2018-01-08,2018-01-11,96,0,0,1,0,0,0,0,900.0,False,False,96,0,0,1,0,0,0,0,900.0,False,False,96,0,0,1,0,0,0,0,900.0,False,False,False,False,B,D1: неполное покрытие суток (служебные значения); D2: неполное покрытие суток (служебные значения); D3: неполное покрытие суток (служебные значения),,D1: неполное покрытие суток (служебные значения); D2: неполное покрытие суток (служебные значения); D3: неполное покрытие суток (служебные значения),skipped,,,,,,,,,,,,,
2018-01-10,2018-01-09,2018-01-12,96,0,0,1,0,0,0,0,900.0,True,False,96,0,0,1,0,0,0,0,900.0,True,False,96,0,0,1,0,0,0,0,900.0,True,False,True,False,B,D1: неполное окружение ±12 ч (служебные значения); D2: неполное окружение ±12 ч (служебные значения); D3: неполное окружение ±12 ч (служебные значения),,D1: неполное окружение ±12 ч (служебные значения); D2: неполное окружение ±12 ч (служебные значения); D3: неполное окружение ±12 ч (служебные значения),skipped,,,,,,,,,,,,,
2018-01-11,2018-01-10,2018-01-13,96,0,0,0,0,0,0,0,900.0,True,True,96,0,0,0,0,0,0,0,900.0,True,True,96,0,0,0,0,0,0,0,900.0,True,True,True,True,A,,,Расчёт возможен по существующим правилам,computed,,19.72292810144393,8.604014558731503,0.37483342287215315,not_assessed,20.858538666572947,7.100361760370668,0.36843169209531634,not_assessed,21.138562428816126,3.7175255630944393,0.11313638988973551,not_assessed
2018-01-12,2018-01-11,2018-01-14,96,0,0,0,0,0,0,0,901.0,True,True,96,0,0,0,0,0,0,0,901.0,True,True,96,0,0,0,0,0,0,0,901.0,True,True,True,True,A,,,Расчёт возможен по существующим правилам,computed,,18.06892066872842,14.790498964776912,0.6916525053300071,not_assessed,20.752014566266286,6.096126543937388,0.5271276706775928,not_assessed,22.0281464255981,2.049525110506819,0.04903688184227184,not_assessed
2018-01-13,2018-01-12,2018-01-15,96,0,0,0,0,0,0,0,901.0,True,True,96,0,0,0,0,0,0,0,901.0,True,True,96,0,0,0,0,0,0,0,901.0,True,True,True,True,A,,,Расчёт возможен по существующим правилам,computed,,17.88454483357964,16.678823296726858,0.7768291068551884,not_assessed,21.77814315383632,9.008176785471033,0.6807031914409619,not_assessed,22.550383712775563,2.7151840116911994,0.1073594888864079,not_assessed
2018-01-14,2018-01-13,2018-01-16,96,0,0,0,0,0,0,0,901.0,True,True,96,0,0,0,0,0,0,0,901.0,True,True,96,0,0,0,0,0,0,0,901.0,True,True,True,True,A,,,Расчёт возможен по существующим правилам,computed,,17.932520912838523,21.194485989465676,0.7691057023889178,not_assessed,21.894493269544856,13.279719450258844,0.7936985437685029,not_assessed,23.14629372528224,6.831589446043326,0.36816957326701505,not_assessed
2018-01-15,2018-01-14,2018-01-17,96,0,0,0,0,0,0,0,901.0,True,True,96,0,0,0,0,0,0,0,901.0,True,True,96,0,0,0,0,0,0,0,901.0,True,True,True,True,A,,,Расчёт возможен по существующим правилам,computed,,17.507701288187086,25.230920837254125,0.8500875506771166,not_assessed,20.32212297666223,15.964797204462956,0.8270034815918128,not_assessed,20.179493535656988,7.405596741365352,0.41721254672402297,not_assessed
2018-01-16,2018-01-15,2018-01-18,96,0,0,0,0,0,0,0,901.0,True,True,96,0,0,0,0,0,0,0,901.0,True,True,96,0,0,0,0,0,0,0,901.0,True,True,True,True,A,,,Расчёт возможен по существующим правилам,computed,,17.17336215626673,20.487032960689984,0.7444037477895606,not_assessed,20.42505918306389,14.542548507865074,0.7333850326726579,not_assessed,21.365770573802923,9.437129098574172,0.45233141402445753,not_assessed
2018-01-17,2018-01-16,2018-01-19,96,0,0,0,0,0,0,0,901.0,True,True,96,0,0,0,0,0,0,0,901.0,True,True,96,0,0,0,0,0,0,0,901.0,True,True,True,True,A,,,Расчёт возможен по существующим правилам,computed,,17.31112729764492,33.50741462520532,0.8543806418164821,not_assessed,19.46633324178829,22.77820386265717,0.8787200351777454,not_assessed,19.077320226568055,13.405181125559803,0.6263430072496063,not_assessed
2018-01-18,2018-01-17,2018-01-20,96,0,0,0,0,0,0,0,901.0,True,True,96,0,0,0,0,0,0,0,901.0,True,True,96,0,0,0,0,0,0,0,901.0,True,True,True,True,A,,,Расчёт возможен по существующим правилам,computed,,16.966867266257616,36.68656157911539,0.8732511257041218,not_assessed,19.91731180149724,25.556734273946905,0.8802794859599248,not_assessed,20.25827622432916,13.230252620924745,0.6824619198649915,not_assessed
2018-01-19,2018-01-18,2018-01-21,96,0,0,0,0,0,0,0,901.0,True,True,96,0,0,0,0,0,0,0,901.0,True,True,96,0,0,0,0,0,0,0,901.0,True,True,True,True,A,,,Расчёт возможен по существующим правилам,computed,,16.605770087590983,31.586202426025263,0.8081323632186967,not_assessed,20.020060662006035,20.83033120336392,0.8435980270804423,not_assessed,21.27290983000258,8.91784105410545,0.46948507569223585,not_assessed
2018-01-20,2018-01-19,2018-01-22,96,0,0,0,0,0,0,0,901.0,True,True,96,0,0,0,0,0,0,0,901.0,True,True,96,0,0,0,0,0,0,0,901.0,True,True,True,True,A,,,Расчёт возможен по существующим правилам,computed,,13.826261228240957,12.422194983618041,0.6404344829748674,not_assessed,14.442530205715594,3.0223043139787285,0.10403147093606924,not_assessed,6.9305278790963945,3.217988916958703,0.09436790206381562,not_assessed
2018-01-21,2018-01-20,2018-01-23,96,0,0,0,0,0,0,0,901.0,True,True,96,0,0,0,0,0,0,0,901.0,True,True,96,0,0,0,0,0,0,0,901.0,True,True,True,True,A,,,Расчёт возможен по существующим правилам,computed,,16.049782447764873,34.771476764492434,0.710468833381814,not_assessed,18.592382685876384,18.39427578805039,0.7239165321082266,not_assessed,17.453828908299794,5.890649923566801,0.23069500197873372,not_assessed
2018-01-22,2018-01-21,2018-01-24,96,0,0,0,0,0,0,0,901.0,True,True,96,0,0,0,0,0,0,0,901.0,True,True,96,0,0,0,0,0,0,0,901.0,True,True,True,True,A,,,Расчёт возможен по существующим правилам,computed,,16.77272630303686,36.748051705906796,0.8196144500323805,not_assessed,19.894084417638638,21.448883095694764,0.7911582627157372,not_assessed,22.81761181971466,6.018531255250238,0.24765526295649898,not_assessed
2018-01-23,2018-01-22,2018-01-25,96,0,0,0,0,0,0,0,900.0,True,True,96,0,0,0,0,0,0,0,900.0,True,True,96,0,0,0,0,0,0,0,900.0,True,True,True,True,A,,,Расчёт возможен по существующим правилам,computed,,2.6503633527908574,62.05351545897995,0.6243734678802559,not_assessed,3.935876368159283,38.030857745567175,0.6903478701343851,not_assessed,6.3169167113452875,31.19895213494697,0.7985260536657219,not_assessed
2018-01-24,2018-01-23,2018-01-26,96,0,0,0,0,0,0,0,900.0,True,True,96,0,0,0,0,0,0,0,900.0,True,True,96,0,0,0,0,0,0,0,900.0,True,True,True,True,A,,,Расчёт возможен по существующим правилам,computed,,19.191204017076252,7.526737057522889,0.45663037821683405,not_assessed,0.3684006865439016,4.627593787037048,0.3372749459410034,not_assessed,4.718308083390767,3.8888329048965824,0.20295216660707194,not_assessed
2018-01-25,2018-01-24,2018-01-27,96,0,0,0,0,0,0,0,900.0,True,True,96,0,0,0,0,0,0,0,900.0,True,True,96,0,0,0,0,0,0,0,900.0,True,True,True,True,A,,,Расчёт возможен по существующим правилам,computed,,17.28861932827183,14.7954986734185,0.6730972342409046,not_assessed,22.014258912192012,2.1358051005462166,0.06655896110123916,not_assessed,7.7182160925922645,1.7954129352093584,0.029460135010905386,not_assessed
2018-01-26,2018-01-25,2018-01-28,96,0,0,0,0,0,0,0,901.0,True,True,96,0,0,0,0,0,0,0,901.0,True,True,96,0,0,0,0,0,0,0,901.0,True,True,True,True,A,,,Расчёт возможен по существующим правилам,computed,,17.078201905526875,17.286122474059795,0.7661136938720002,not_assessed,21.008459131452366,5.82092853155195,0.4399279393139257,not_assessed,13.197804779939469,0.3769082300089662,0.002021162518404007,not_assessed
2018-01-27,2018-01-26,2018-01-29,96,0,0,0,0,0,0,0,901.0,True,True,96,0,0,0,0,0,0,0,901.0,True,True,96,0,0,0,0,0,0,0,901.0,True,True,True,True,A,,,Расчёт возможен по существующим правилам,computed,,17.499687388278787,19.84572968682696,0.8164504593476934,not_assessed,21.977971597492857,9.630234397702486,0.5821297466516797,not_assessed,23.984078598110706,3.0145788273471785,0.09737468391664839,not_assessed
2018-01-28,2018-01-27,2018-01-30,96,0,0,0,0,0,0,0,901.0,True,True,96,0,0,0,0,0,0,0,901.0,True,True,96,0,0,0,0,0,0,0,901.0,True,True,True,True,A,,,Расчёт возможен по существующим правилам,computed,,16.95073264107367,22.243707781287668,0.8527162585418148,not_assessed,19.84804084140693,9.774758569393985,0.681381035699701,not_assessed,23.822074825722023,1.3039685876304719,0.022570771767378872,not_assessed
2018-01-29,2018-01-28,2018-01-31,96,0,0,0,0,0,0,0,901.0,True,True,96,0,0,0,0,0,0,0,901.0,True,True,96,0,0,0,0,0,0,0,901.0,True,True,True,True,A,,,Расчёт возможен по существующим правилам,computed,,16.85831136231823,26.315256849217516,0.8463870958824626,not_assessed,20.208393105692288,14.14069111360083,0.7668728106958554,not_assessed,20.694489060835796,2.688699687308173,0.0798845464631398,not_assessed
2018-01-30,2018-01-29,2018-02-01,96,0,0,0,0,0,0,0,901.0,True,True,96,0,0,0,0,0,0,0,901.0,True,True,96,0,0,0,0,0,0,0,901.0,True,True,True,True,A,,,Расчёт возможен по существующим правилам,computed,,16.64625707932463,31.21238546561655,0.8451649311901855,not_assessed,19.17018780876041,14.87816289214631,0.801040961845128,not_assessed,19.939338914538574,3.383224505750213,0.11880588367422051,not_assessed
2018-01-31,2018-01-30,2018-02-02,96,0,0,0,0,0,0,0,901.0,True,True,96,0,0,0,0,0,0,0,901.0,True,True,96,0,0,0,0,0,0,0,901.0,True,True,True,True,A,,,Расчёт возможен по существующим правилам,computed,,16.359648617367853,32.279890987580586,0.8484971022331822,not_assessed,19.760986262228855,15.162716111198538,0.8078534327394711,not_assessed,23.327487177717344,4.231436950953249,0.1730465025456499,not_assessed
2018-02-01,2018-01-31,2018-02-03,96,0,0,0,0,0,0,0,901.0,True,True,96,0,0,0,0,0,0,0,901.0,True,True,96,0,0,0,0,0,0,0,901.0,True,True,True,True,A,,,Расчёт возможен по существующим правилам,computed,,16.13077328987692,31.334485353186416,0.8541410430150747,not_assessed,19.973837493872292,14.36522217918297,0.8161449767909769,not_assessed,1.488600764048296,2.4620466972764534,0.08367394349892376,not_assessed
2018-02-02,2018-02-01,2018-02-04,96,0,0,0,0,0,0,0,901.0,True,True,96,0,0,0,0,0,0,0,901.0,True,True,96,0,0,0,0,0,0,0,901.0,True,True,True,True,A,,,Расчёт возможен по существующим правилам,computed,,16.358831854891676,23.2312389137095,0.8083540666864738,not_assessed,20.660042970646735,10.156592427168087,0.623744186292092,not_assessed,2.3311630010384254,4.536455096031332,0.2133146694916066,not_assessed
2018-02-03,2018-02-02,2018-02-05,96,0,0,0,0,0,0,0,901.0,True,True,96,0,0,0,0,0,0,0,901.0,True,True,96,0,0,0,0,0,0,0,901.0,True,True,True,True,A,,,Расчёт возможен по существующим правилам,computed,,15.833744294457576,27.69967949890547,0.7922888646935995,not_assessed,19.65539970187342,13.927842734874108,0.7342366701897007,not_assessed,1.9495171243280842,4.7461842668906025,0.1829787006960233,not_assessed
2018-02-04,2018-02-03,2018-02-06,96,0,0,0,0,0,0,0,900.0,True,True,96,0,0,0,0,0,0,0,900.0,True,True,96,0,0,0,0,0,0,0,900.0,True,True,True,True,A,,,Расчёт возможен по существующим правилам,computed,,15.789781318810862,26.436043630420848,0.7008326734362968,not_assessed,19.751516740617546,20.984072176195582,0.8750431369438195,not_assessed,23.956948057000567,7.707685591054561,0.3867393502229244,not_assessed
2018-02-05,2018-02-04,2018-02-07,96,0,0,0,0,0,0,0,900.0,True,True,96,0,0,0,0,0,0,0,900.0,True,True,96,0,0,0,0,0,0,0,900.0,True,True,True,True,A,,,Расчёт возможен по существующим правилам,computed,,15.343538727294899,25.652398687939765,0.6751535377520315,not_assessed,19.436258729954602,21.952510499817922,0.8679438864594695,not_assessed,23.657818515627717,9.721920070048892,0.5780682355020961,not_assessed
2018-02-06,2018-02-05,2018-02-08,96,0,0,0,0,0,0,0,900.0,True,True,96,0,0,0,0,0,0,0,900.0,True,True,96,0,0,0,0,0,0,0,900.0,True,True,True,True,A,,,Расчёт возможен по существующим правилам,computed,,2.6268606165861947,81.61938858852672,0.6254997352872943,not_assessed,4.009007731079732,49.71921344983448,0.6358063690156484,not_assessed,6.250850278481305,37.167647117334745,0.77585499672427,not_assessed
2018-02-07,2018-02-06,2018-02-09,96,0,0,0,0,0,0,0,900.0,True,True,96,0,0,0,0,0,0,0,900.0,True,True,96,0,0,0,0,0,0,0,900.0,True,True,True,True,A,,,Расчёт возможен по существующим правилам,computed,,17.569193424143503,11.094279100705236,0.56550147947194,not_assessed,0.8385031564567528,2.343779587523256,0.0752574741538935,not_assessed,7.385893435637259,6.182186628037492,0.2630812353906459,not_assessed
2018-02-08,2018-02-07,2018-02-10,96,0,0,0,0,0,0,0,901.0,True,True,96,0,0,0,0,0,0,0,901.0,True,True,96,0,0,0,0,0,0,0,900.5,True,True,True,True,A,,,Расчёт возможен по существующим правилам,computed,,17.385383376122174,25.71559125978051,0.8125248722340721,not_assessed,19.852567761896807,12.132945093528647,0.6581138109897106,not_assessed,17.715973589400264,4.684902586769207,0.2670350768479799,not_assessed
2018-02-09,2018-02-08,2018-02-11,95,0,0,0,0,0,0,0,900.5,False,False,95,0,0,0,0,0,0,0,900.5,False,False,95,0,0,0,0,0,0,0,900.5,False,False,False,False,B,D1: неполное покрытие суток; D2: неполное покрытие суток; D3: неполное покрытие суток,,D1: неполное покрытие суток; D2: неполное покрытие суток; D3: неполное покрытие суток,skipped,,,,,,,,,,,,,
2018-02-10,2018-02-09,2018-02-12,96,0,0,0,0,0,0,0,900.0,True,False,96,0,0,0,0,0,0,0,900.0,True,False,96,0,0,0,0,0,0,0,900.0,True,False,True,False,B,D1: неполное окружение ±12 ч; D2: неполное окружение ±12 ч; D3: неполное окружение ±12 ч,,D1: неполное окружение ±12 ч; D2: неполное окружение ±12 ч; D3: неполное окружение ±12 ч,skipped,,,,,,,,,,,,,
2018-02-11,2018-02-10,2018-02-13,96,0,0,0,0,0,0,0,900.0,True,True,96,0,0,0,0,0,0,0,900.0,True,True,96,0,0,0,0,0,0,0,900.0,True,True,True,True,A,,,Расчёт возможен по существующим правилам,computed,,16.946720475804803,26.70094120158128,0.8205285845755657,not_assessed,20.51963641559054,11.80753184772064,0.6931041686751797,not_assessed,0.4610699584164567,2.198366635988217,0.06666960123077281,not_assessed
2018-02-12,2018-02-11,2018-02-14,96,0,0,0,0,0,0,0,900.0,True,True,96,0,0,0,0,0,0,0,900.0,True,True,96,0,0,0,0,0,0,0,900.0,True,True,True,True,A,,,Расчёт возможен по существующим правилам,computed,,15.895904832611114,25.285331408295846,0.809790506680693,not_assessed,19.83166191609423,12.070068258010885,0.6674137388916124,not_assessed,23.89964446359062,4.272258827365528,0.22569508551425355,not_assessed
2018-02-13,2018-02-12,2018-02-15,96,0,0,0,0,0,0,0,900.0,True,True,96,0,0,0,0,0,0,0,900.0,True,True,96,0,0,0,0,0,0,0,900.0,True,True,True,True,A,,,Расчёт возможен по существующим правилам,computed,,16.381731717843632,35.851297540840726,0.8438992270472716,not_assessed,18.867092242337243,23.4034612412298,0.8593087123956014,not_assessed,19.180853468627152,10.997257343604558,0.5731984204401646,not_assessed
2018-02-14,2018-02-13,2018-02-16,96,0,0,0,0,0,0,0,900.0,True,True,96,0,0,0,0,0,0,0,900.0,True,True,96,0,0,0,0,0,0,0,900.0,True,True,True,True,A,,,Расчёт возможен по существующим правилам,computed,,15.277042282549834,18.30846889841078,0.8192034443476852,not_assessed,17.432612105641986,10.171774360136892,0.621149657780171,not_assessed,16.920525784372643,4.410859746555425,0.1832589755194487,not_assessed
2018-02-15,2018-02-14,2018-02-17,96,2,0,0,0,0,0,0,900.0,True,True,96,2,0,0,0,0,0,0,900.0,True,True,96,2,0,0,0,0,0,0,900.0,True,True,True,True,C,,D1: повторные метки в трёхсуточном контексте; D2: повторные метки в трёхсуточном контексте; D3: повторные метки в трёхсуточном контексте,D1: повторные метки в трёхсуточном контексте; D2: повторные метки в трёхсуточном контексте; D3: повторные метки в трёхсуточном контексте,skipped,,,,,,,,,,,,,
2018-02-16,2018-02-15,2018-02-18,104,2,4,0,0,0,27,27,900.0,False,False,104,2,4,0,0,0,27,27,900.0,False,False,104,2,4,0,0,0,27,27,900.0,False,False,False,False,B,D1: неполное покрытие суток; D2: неполное покрытие суток; D3: неполное покрытие суток,D1: повторные метки в трёхсуточном контексте; D1: диагностический постоянный участок в окнах расчёта; D2: повторные метки в трёхсуточном контексте; D2: диагностический постоянный участок в окнах расчёта; D3: повторные метки в трёхсуточном контексте; D3: диагностический постоянный участок в окнах расчёта,D1: неполное покрытие суток; D2: неполное покрытие суток; D3: неполное покрытие суток; D1: повторные метки в трёхсуточном контексте; D1: диагностический постоянный участок в окнах расчёта; D2: повторные метки в трёхсуточном контексте; D2: диагностический постоянный участок в окнах расчёта; D3: повторные метки в трёхсуточном контексте; D3: диагностический постоянный участок в окнах расчёта,skipped,,,,,,,,,,,,,
2018-02-17,2018-02-16,2018-02-19,96,2,4,0,0,0,27,27,900.0,True,False,96,2,4,0,0,0,27,27,900.0,True,False,96,2,4,0,0,0,27,27,900.0,True,False,True,False,B,D1: неполное окружение ±12 ч; D2: неполное окружение ±12 ч; D3: неполное окружение ±12 ч,D1: повторные метки в трёхсуточном контексте; D1: диагностический постоянный участок в окнах расчёта; D2: повторные метки в трёхсуточном контексте; D2: диагностический постоянный участок в окнах расчёта; D3: повторные метки в трёхсуточном контексте; D3: диагностический постоянный участок в окнах расчёта,D1: неполное окружение ±12 ч; D2: неполное окружение ±12 ч; D3: неполное окружение ±12 ч; D1: повторные метки в трёхсуточном контексте; D1: диагностический постоянный участок в окнах расчёта; D2: повторные метки в трёхсуточном контексте; D2: диагностический постоянный участок в окнах расчёта; D3: повторные метки в трёхсуточном контексте; D3: диагностический постоянный участок в окнах расчёта,skipped,,,,,,,,,,,,,
2018-02-18,2018-02-17,2018-02-20,96,0,0,0,0,0,0,0,900.0,True,True,96,0,0,0,0,0,0,0,900.0,True,True,96,0,0,0,0,0,0,0,900.0,True,True,True,True,A,,,Расчёт возможен по существующим правилам,computed,,15.176138729959572,31.13884349187208,0.8481327160797705,not_assessed,18.81333940275597,15.921139857176708,0.7959340000125636,not_assessed,21.39059057450474,3.7510558623219987,0.16759290390731596,not_assessed
2018-02-19,2018-02-18,2018-02-21,96,0,0,0,0,0,0,0,900.0,True,True,96,0,0,0,0,0,0,0,900.0,True,True,96,0,0,0,0,0,0,0,900.0,True,True,True,True,A,,,Расчёт возможен по существующим правилам,computed,,15.287469019642502,27.92938395013939,0.77066310646294,not_assessed,19.195287020815044,15.894937340285466,0.7832148521742442,not_assessed,22.923668502109813,7.042705480936786,0.37623178291231385,not_assessed
2018-02-20,2018-02-19,2018-02-22,96,0,0,0,0,0,0,0,900.0,True,True,96,0,0,0,0,0,0,0,900.0,True,True,96,0,0,0,0,0,0,0,900.0,True,True,True,True,A,,,Расчёт возможен по существующим правилам,computed,,16.52361012269277,28.160279710930585,0.8239140621112357,not_assessed,20.086213921726166,15.8228011982808,0.7535749727854444,not_assessed,23.224208518996313,6.581076925810772,0.4620234443599046,not_assessed
2018-02-21,2018-02-20,2018-02-23,96,0,0,0,0,0,0,0,900.0,True,True,96,0,0,0,0,0,0,0,900.0,True,True,96,0,0,0,0,0,0,0,900.0,True,True,True,True,A,,,Расчёт возможен по существующим правилам,computed,,15.98204954551211,35.02243014663777,0.7976733365513717,not_assessed,19.653413031380943,20.59052512998824,0.8436448369570594,not_assessed,23.817785368284635,7.2294446034398945,0.3761498312678103,not_assessed
2018-02-22,2018-02-21,2018-02-24,96,0,0,0,0,0,0,0,900.0,True,True,96,0,0,0,0,0,0,0,900.0,True,True,96,0,0,0,0,0,0,0,900.0,True,True,True,True,A,,,Расчёт возможен по существующим правилам,computed,,15.240957750682806,33.39047262876092,0.7543212761720526,not_assessed,19.21174254220339,25.74756948312744,0.8254466413174222,not_assessed,23.05502593767836,10.192162905232287,0.5870803963157634,not_assessed
2018-02-23,2018-02-22,2018-02-25,96,0,0,0,0,0,0,0,900.0,True,True,96,0,0,0,0,0,0,0,900.0,True,True,96,0,0,0,0,0,0,0,900.0,True,True,True,True,A,,,Расчёт возможен по существующим правилам,computed,,14.5221561916455,33.98979457981602,0.7970590601627763,not_assessed,18.556181969658237,25.857868555995832,0.871113677021744,not_assessed,22.485175311612018,10.980486246132152,0.6189481148602493,not_assessed
2018-02-24,2018-02-23,2018-02-26,96,0,0,0,0,0,0,0,900.0,True,True,96,0,0,0,0,0,0,0,900.0,True,True,96,0,0,0,0,0,0,0,900.0,True,True,True,True,A,,,Расчёт возможен по существующим правилам,computed,,14.512443819729846,32.03235434089714,0.7943327885643295,not_assessed,18.759982505266983,26.970187202839462,0.8950768404356608,not_assessed,22.39764839004515,12.822076317843278,0.6854157745129027,not_assessed
2018-02-25,2018-02-24,2018-02-27,96,0,0,0,0,0,0,0,900.0,True,True,96,0,0,0,0,0,0,0,900.0,True,True,96,0,0,0,0,0,0,0,900.0,True,True,True,True,A,,,Расчёт возможен по существующим правилам,computed,,14.339096972495684,34.295457637920805,0.8161076339424156,not_assessed,19.03972103565071,28.597219850726773,0.901818055523534,not_assessed,22.648409409503525,11.753532216700517,0.6410324451770024,not_assessed
2018-02-26,2018-02-25,2018-02-28,96,0,0,0,0,0,0,0,900.0,True,False,96,0,0,0,0,0,0,0,900.0,True,False,96,0,0,0,0,0,0,0,900.0,True,False,True,False,B,D1: неполное окружение ±12 ч; D2: неполное окружение ±12 ч; D3: неполное окружение ±12 ч,,D1: неполное окружение ±12 ч; D2: неполное окружение ±12 ч; D3: неполное окружение ±12 ч,skipped,,,,,,,,,,,,,
2018-02-27,2018-02-26,2018-03-01,85,0,0,0,0,0,0,0,900.0,False,False,85,0,0,0,0,0,0,0,900.0,False,False,85,0,0,0,0,0,0,0,900.0,False,False,False,False,B,D1: неполное покрытие суток; D2: неполное покрытие суток; D3: неполное покрытие суток,,D1: неполное покрытие суток; D2: неполное покрытие суток; D3: неполное покрытие суток,skipped,,,,,,,,,,,,,
2018-02-28,2018-02-27,2018-03-02,93,0,0,0,0,0,0,0,900.0,False,False,93,0,0,0,0,0,0,0,900.0,False,False,93,0,0,0,0,0,0,0,900.0,False,False,False,False,B,D1: неполное покрытие суток; D2: неполное покрытие суток; D3: неполное покрытие суток,,D1: неполное покрытие суток; D2: неполное покрытие суток; D3: неполное покрытие суток,skipped,,,,,,,,,,,,,
2018-03-01,2018-02-28,2018-03-03,96,0,0,0,0,0,0,0,900.0,True,True,96,0,0,0,0,0,0,0,900.0,True,True,96,0,0,0,0,0,0,0,900.0,True,True,True,True,A,,,Расчёт возможен по существующим правилам,computed,,14.72338341279996,38.45295805575584,0.776841446492186,not_assessed,18.968760133836717,33.029386669562996,0.9065285876544813,not_assessed,22.080793798068893,16.21859917763393,0.6810837548646725,not_assessed
2018-03-02,2018-03-01,2018-03-04,96,0,0,0,0,0,0,0,900.0,True,True,96,0,0,0,0,0,0,0,900.0,True,True,96,0,0,0,0,0,0,0,900.0,True,True,True,True,A,,,Расчёт возможен по существующим правилам,computed,,14.114999483174193,39.47410771396861,0.8128222168808656,not_assessed,18.50212998124616,35.68772682807783,0.9125193152411523,not_assessed,21.79954854932976,18.02980011287401,0.7990219188525012,not_assessed
2018-03-03,2018-03-02,2018-03-05,96,0,0,0,0,0,0,0,900.0,True,True,96,0,0,0,0,0,0,0,900.0,True,True,96,0,0,0,0,0,0,0,900.0,True,True,True,True,A,,,Расчёт возможен по существующим правилам,computed,,13.798623824865233,33.49851433599599,0.816090778156094,not_assessed,18.217964108379313,31.268883353118543,0.8944868437308967,not_assessed,22.121939863594044,12.151564679953495,0.6130788959097198,not_assessed
2018-03-04,2018-03-03,2018-03-06,96,0,0,0,0,0,0,0,900.0,True,True,96,0,0,0,0,0,0,0,900.0,True,True,96,0,0,0,0,0,0,0,900.0,True,True,True,True,A,,,Расчёт возможен по существующим правилам,computed,,13.706962021845165,35.58065054118109,0.7902917234663802,not_assessed,17.85899613534246,29.168518057542205,0.860716993665269,not_assessed,21.300653758419593,11.153901753891356,0.5525365441275002,not_assessed
2018-03-05,2018-03-04,2018-03-07,96,0,0,0,0,0,0,0,900.0,True,True,96,0,0,0,0,0,0,0,900.0,True,True,96,0,0,0,0,0,0,0,900.0,True,True,True,True,A,,,Расчёт возможен по существующим правилам,computed,,14.091676136856263,39.72996935729696,0.8035847836399228,not_assessed,17.68796666537057,34.64698650199036,0.9144935703999821,not_assessed,20.793969381276924,12.36445551177602,0.6222168762404321,not_assessed
2018-03-06,2018-03-05,2018-03-08,96,0,0,0,0,0,0,0,900.0,True,True,96,0,0,0,0,0,0,0,900.0,True,True,96,0,0,0,0,0,0,0,900.0,True,True,True,True,A,,,Расчёт возможен по существующим правилам,computed,,14.577083400260934,39.03843945064148,0.572367708027279,not_assessed,18.696675947322774,29.664511929766377,0.8593732119400126,not_assessed,22.11434922414335,15.64268540658818,0.7208738800524301,not_assessed
2018-03-07,2018-03-06,2018-03-09,96,0,0,0,0,0,0,0,900.0,True,True,96,0,0,0,0,0,0,0,900.0,True,True,96,0,0,0,0,0,0,0,900.0,True,True,True,True,A,,,Расчёт возможен по существующим правилам,computed,,13.807159307030137,28.067112203897118,0.5406362296844136,not_assessed,18.112484403678266,22.187890372233845,0.8575618615020577,not_assessed,21.983624099035538,10.686281971681057,0.5901258663081836,not_assessed
2018-03-08,2018-03-07,2018-03-10,95,0,0,0,0,0,0,0,900.0,False,False,95,0,0,0,0,0,0,0,900.0,False,False,95,0,0,0,0,0,0,0,900.0,False,False,False,False,B,D1: неполное покрытие суток; D2: неполное покрытие суток; D3: неполное покрытие суток,,D1: неполное покрытие суток; D2: неполное покрытие суток; D3: неполное покрытие суток,skipped,,,,,,,,,,,,,
2018-03-09,2018-03-08,2018-03-11,96,0,0,0,0,0,0,0,900.0,True,False,96,0,0,0,0,0,0,0,900.0,True,False,96,0,0,0,0,0,0,0,900.0,True,False,True,False,B,D1: неполное окружение ±12 ч; D2: неполное окружение ±12 ч; D3: неполное окружение ±12 ч,,D1: неполное окружение ±12 ч; D2: неполное окружение ±12 ч; D3: неполное окружение ±12 ч,skipped,,,,,,,,,,,,,
2018-03-10,2018-03-09,2018-03-12,96,0,0,1,0,0,0,0,900.0,False,False,96,0,0,1,0,0,0,0,900.0,False,False,96,0,0,1,0,0,0,0,900.0,False,False,False,False,B,D1: неполное покрытие суток (служебные значения); D2: неполное покрытие суток (служебные значения); D3: неполное покрытие суток (служебные значения),,D1: неполное покрытие суток (служебные значения); D2: неполное покрытие суток (служебные значения); D3: неполное покрытие суток (служебные значения),skipped,,,,,,,,,,,,,
2018-03-11,2018-03-10,2018-03-13,96,0,0,1,0,0,0,0,900.0,True,False,96,0,0,1,0,0,0,0,900.0,True,False,96,0,0,1,0,0,0,0,900.0,True,False,True,False,B,D1: неполное окружение ±12 ч (служебные значения); D2: неполное окружение ±12 ч (служебные значения); D3: неполное окружение ±12 ч (служебные значения),,D1: неполное окружение ±12 ч (служебные значения); D2: неполное окружение ±12 ч (служебные значения); D3: неполное окружение ±12 ч (служебные значения),skipped,,,,,,,,,,,,,
2018-03-12,2018-03-11,2018-03-14,97,0,0,0,0,0,0,0,900.0,False,False,97,0,0,0,0,0,0,0,900.0,False,False,97,0,0,0,0,0,0,0,900.0,False,False,False,False,B,D1: неполное покрытие суток; D2: неполное покрытие суток; D3: неполное покрытие суток,,D1: неполное покрытие суток; D2: неполное покрытие суток; D3: неполное покрытие суток,skipped,,,,,,,,,,,,,
2018-03-13,2018-03-12,2018-03-15,96,0,0,0,0,0,0,0,900.0,True,False,96,0,0,0,0,0,0,0,900.0,True,False,96,0,0,0,0,0,0,0,900.0,True,False,True,False,B,D1: неполное окружение ±12 ч; D2: неполное окружение ±12 ч; D3: неполное окружение ±12 ч,,D1: неполное окружение ±12 ч; D2: неполное окружение ±12 ч; D3: неполное окружение ±12 ч,skipped,,,,,,,,,,,,,
2018-03-14,2018-03-13,2018-03-16,95,0,0,0,0,0,0,0,900.0,False,False,95,0,0,0,0,0,0,0,900.0,False,False,95,0,0,0,0,0,0,0,900.0,False,False,False,False,B,D1: неполное покрытие суток; D2: неполное покрытие суток; D3: неполное покрытие суток,,D1: неполное покрытие суток; D2: неполное покрытие суток; D3: неполное покрытие суток,skipped,,,,,,,,,,,,,
2018-03-15,2018-03-14,2018-03-17,96,0,0,0,0,0,0,0,900.0,True,True,96,0,0,0,0,0,0,0,900.0,True,True,96,0,0,0,0,0,0,0,900.0,True,True,True,True,A,,,Расчёт возможен по существующим правилам,computed,,15.749375374108524,21.69754963301246,0.6352722470380983,not_assessed,19.821308241304088,24.012039090014003,0.7065313345232549,not_assessed,22.376151767282458,15.579487975339589,0.6073409000882217,not_assessed
2018-03-16,2018-03-15,2018-03-18,96,0,0,0,0,0,0,0,899.0,True,True,96,0,0,0,0,0,0,0,899.0,True,True,96,0,0,0,0,0,0,0,899.0,True,True,True,True,A,,,Расчёт возможен по существующим правилам,computed,,14.47851508519247,26.09509863831714,0.8446151751098798,not_assessed,18.460874238306175,29.1917592600059,0.88412251127187,not_assessed,21.08630337448081,16.499233755751696,0.7457265531295344,not_assessed
2018-03-17,2018-03-16,2018-03-19,96,0,0,0,0,0,0,0,899.0,True,True,96,0,0,0,0,0,0,0,899.0,True,True,96,0,0,0,0,0,0,0,899.0,True,True,True,True,A,,,Расчёт возможен по существующим правилам,computed,,14.423255469135322,29.915510518793138,0.8104072098178079,not_assessed,18.59895131940794,34.160454004624725,0.88777565656326,not_assessed,20.969213364349628,21.117463392642065,0.8234865460751349,not_assessed
2018-03-18,2018-03-17,2018-03-20,96,0,0,0,0,0,0,0,899.0,True,True,96,0,0,0,0,0,0,0,899.0,True,True,96,0,0,0,0,0,0,0,899.0,True,True,True,True,A,,,Расчёт возможен по существующим правилам,computed,,14.944391387325297,24.627610448348435,0.798117724788153,not_assessed,18.65150454278318,26.346179739088385,0.8872007634315485,not_assessed,21.067672982428864,15.084340419265228,0.7137737369928223,not_assessed
2018-03-19,2018-03-18,2018-03-21,96,0,0,0,0,0,0,0,899.5,True,True,96,0,0,0,0,0,0,0,899.5,True,True,96,0,0,0,0,0,0,0,899.5,True,True,True,True,A,,,Расчёт возможен по существующим правилам,computed,,14.924626147964851,39.96569004832064,0.8586255304084669,not_assessed,18.18523066975858,44.97307025474276,0.9345995097795509,not_assessed,19.666955818831823,24.596240661292196,0.8170292276691462,not_assessed
2018-03-20,2018-03-19,2018-03-22,95,0,0,0,0,0,0,0,900.0,False,False,95,0,0,0,0,0,0,0,900.0,False,False,95,0,0,0,0,0,0,0,900.0,False,False,False,False,B,D1: неполное покрытие суток; D2: неполное покрытие суток; D3: неполное покрытие суток,,D1: неполное покрытие суток; D2: неполное покрытие суток; D3: неполное покрытие суток,skipped,,,,,,,,,,,,,
2018-03-21,2018-03-20,2018-03-23,96,0,0,0,0,0,0,0,900.0,True,False,96,0,0,0,0,0,0,0,900.0,True,False,96,0,0,0,0,0,0,0,900.0,True,False,True,False,B,D1: неполное окружение ±12 ч; D2: неполное окружение ±12 ч; D3: неполное окружение ±12 ч,,D1: неполное окружение ±12 ч; D2: неполное окружение ±12 ч; D3: неполное окружение ±12 ч,skipped,,,,,,,,,,,,,
2018-03-22,2018-03-21,2018-03-24,96,0,0,0,0,0,0,0,900.0,True,True,96,0,0,0,0,0,0,0,900.0,True,True,96,0,0,0,0,0,0,0,900.0,True,True,True,True,A,,,Расчёт возможен по существующим правилам,computed,,13.817922282445686,21.542897524191588,0.747768157707414,not_assessed,17.32455785467329,24.024816493328217,0.8412421119323888,not_assessed,20.2437494104101,13.61488144843709,0.6139715897608513,not_assessed
2018-03-23,2018-03-22,2018-03-25,96,0,0,0,0,0,0,0,900.0,True,True,96,0,0,0,0,0,0,0,900.0,True,True,96,0,0,0,0,0,0,0,900.0,True,True,True,True,A,,,Расчёт возможен по существующим правилам,computed,,12.864530322719297,9.830193928363109,0.3328960724696567,not_assessed,18.647358931655088,16.182630800341865,0.7201224765301731,not_assessed,22.613577095649298,8.520651162914138,0.43569366587166225,not_assessed
2018-03-24,2018-03-23,2018-03-26,96,0,0,0,0,0,0,0,900.0,True,True,96,0,0,0,0,0,0,0,900.0,True,True,96,0,0,0,0,0,0,0,900.0,True,True,True,True,A,,,Расчёт возможен по существующим правилам,computed,,21.12773479192813,1.6966344004234877,0.009700551684006742,not_assessed,18.579058747376827,11.892814771433356,0.5075526453538974,not_assessed,21.321446813315216,7.524031829428203,0.23882594506453791,not_assessed
2018-03-25,2018-03-24,2018-03-27,96,0,0,0,0,0,0,0,900.0,True,True,96,0,0,0,0,0,0,0,900.0,True,True,96,0,0,0,0,0,0,0,900.0,True,True,True,True,A,,,Расчёт возможен по существующим правилам,computed,,13.390986362349866,18.05401701451777,0.3332802612309199,not_assessed,17.73053380493512,22.670450368468092,0.8019529470154259,not_assessed,19.94407853836194,14.660951126526296,0.6969573037081749,not_assessed
2018-03-26,2018-03-25,2018-03-28,96,0,0,0,0,0,0,0,900.0,True,True,96,0,0,0,0,0,0,0,900.0,True,True,96,0,0,0,0,0,0,0,900.0,True,True,True,True,A,,,Расчёт возможен по существующим правилам,computed,,13.753652054728997,28.93889134836294,0.5049314618576768,not_assessed,17.565206147022685,35.173694190657194,0.8670184153878593,not_assessed,19.35373757406113,20.396271390941973,0.8174408557259216,not_assessed
2018-03-27,2018-03-26,2018-03-29,96,0,0,0,0,0,0,0,900.0,True,True,96,0,0,0,0,0,0,0,900.0,True,True,96,0,0,0,0,0,0,0,900.0,True,True,True,True,A,,,Расчёт возможен по существующим правилам,computed,,15.137722718201838,28.39239288564297,0.7324525416886514,not_assessed,18.763371461837856,31.641803074686912,0.8727963012371327,not_assessed,20.942850432318934,18.332626288173504,0.687192528399104,not_assessed
2018-03-28,2018-03-27,2018-03-30,94,0,0,0,0,0,0,0,900.0,False,False,94,0,0,0,0,0,0,0,900.0,False,False,94,0,0,0,0,0,0,0,900.0,False,False,False,False,B,D1: неполное покрытие суток; D2: неполное покрытие суток; D3: неполное покрытие суток,,D1: неполное покрытие суток; D2: неполное покрытие суток; D3: неполное покрытие суток,skipped,,,,,,,,,,,,,
2018-03-29,2018-03-28,2018-03-31,96,0,0,0,0,0,0,0,900.0,True,False,96,0,0,0,0,0,0,0,900.0,True,False,96,0,0,0,0,0,0,0,900.0,True,False,True,False,B,D1: неполное окружение ±12 ч; D2: неполное окружение ±12 ч; D3: неполное окружение ±12 ч,,D1: неполное окружение ±12 ч; D2: неполное окружение ±12 ч; D3: неполное окружение ±12 ч,skipped,,,,,,,,,,,,,
2018-03-30,2018-03-29,2018-04-01,96,0,0,0,0,0,0,0,900.0,True,True,96,0,0,0,0,0,0,0,900.0,True,True,96,0,0,0,0,0,0,0,900.0,True,True,True,True,A,,,Расчёт возможен по существующим правилам,computed,,13.92043445540037,28.846871829780543,0.8246611612236137,not_assessed,17.95116593208119,33.185007167551916,0.8732760205052219,not_assessed,20.510764046074605,17.06632994510359,0.6566208433792134,not_assessed
2018-03-31,2018-03-30,2018-04-02,96,0,0,0,0,0,0,0,900.0,True,True,96,0,0,0,0,0,0,0,900.0,True,True,96,0,0,0,0,0,0,0,900.0,True,True,True,True,A,,,Расчёт возможен по существующим правилам,computed,,13.393645860156838,24.01937769989186,0.7937063360322,not_assessed,17.889223012691808,25.309205919263295,0.8700059323831192,not_assessed,20.976835164042537,13.670552742645173,0.6917258710352295,not_assessed
2018-04-01,2018-03-31,2018-04-03,95,0,0,0,0,0,0,0,901.0,False,False,95,0,0,0,0,0,0,0,901.0,False,False,95,0,0,0,0,0,0,0,901.0,False,False,False,False,B,D1: неполное покрытие суток; D2: неполное покрытие суток; D3: неполное покрытие суток,,D1: неполное покрытие суток; D2: неполное покрытие суток; D3: неполное покрытие суток,skipped,,,,,,,,,,,,,
2018-04-02,2018-04-01,2018-04-04,96,0,0,0,0,0,0,0,900.5,True,False,96,0,0,0,0,0,0,0,900.5,True,False,96,0,0,0,0,0,0,0,900.5,True,False,True,False,B,D1: неполное окружение ±12 ч; D2: неполное окружение ±12 ч; D3: неполное окружение ±12 ч,,D1: неполное окружение ±12 ч; D2: неполное окружение ±12 ч; D3: неполное окружение ±12 ч,skipped,,,,,,,,,,,,,
2018-04-03,2018-04-02,2018-04-05,96,0,0,0,0,0,0,0,900.0,True,True,96,0,0,0,0,0,0,0,900.0,True,True,96,0,0,0,0,0,0,0,900.0,True,True,True,True,A,,,Расчёт возможен по существующим правилам,computed,,13.856385841102549,24.598273659303324,0.8267015241951186,not_assessed,18.093800651763225,26.541039889454897,0.8538793641474289,not_assessed,20.931300696329014,15.16340065572336,0.6912000489490664,not_assessed
2018-04-04,2018-04-03,2018-04-06,96,0,0,0,0,0,0,0,900.0,True,True,96,0,0,0,0,0,0,0,900.0,True,True,96,0,0,0,0,0,0,0,900.0,True,True,True,True,A,,,Расчёт возможен по существующим правилам,computed,,13.449453972770275,24.442278388632474,0.7774545412774675,not_assessed,17.867218407067696,27.428179837650575,0.8658825728436919,not_assessed,20.828795265489667,14.496882139391419,0.6751499277322963,not_assessed
2018-04-05,2018-04-04,2018-04-07,96,0,0,0,0,0,0,0,900.0,True,True,96,0,0,0,0,0,0,0,900.0,True,True,96,0,0,0,0,0,0,0,900.0,True,True,True,True,A,,,Расчёт возможен по существующим правилам,computed,,13.553220822025375,23.535522323304757,0.7669070750812702,not_assessed,18.03928951739354,26.886769424151506,0.7808813770433667,not_assessed,21.030303134640867,13.462320254676131,0.5551177385745812,not_assessed
2018-04-06,2018-04-05,2018-04-08,96,0,0,0,0,0,0,0,900.0,True,True,96,0,0,0,0,0,0,0,900.0,True,True,96,0,0,0,0,0,0,0,900.0,True,True,True,True,A,,,Расчёт возможен по существующим правилам,computed,,13.557669066936862,22.416548000642052,0.778653618983352,not_assessed,18.20398565051598,27.54691108541262,0.8702335491267524,not_assessed,20.924892596092434,17.69926126279574,0.7167315030732067,not_assessed
2018-04-07,2018-04-06,2018-04-09,96,0,0,0,0,0,0,0,900.0,True,True,96,0,0,0,0,0,0,0,900.0,True,True,96,0,0,0,0,0,0,0,900.0,True,True,True,True,A,,,Расчёт возможен по существующим правилам,computed,,14.116077757462143,23.29960459918716,0.7696114635323017,not_assessed,17.6883267789706,33.66186758633516,0.8120629489647855,not_assessed,19.53079016618988,19.948423925869548,0.7575178542809312,not_assessed
2018-04-08,2018-04-07,2018-04-10,96,0,0,0,0,0,0,0,900.0,True,True,96,0,0,0,0,0,0,0,900.0,True,True,96,0,0,0,0,0,0,0,900.0,True,True,True,True,A,,,Расчёт возможен по существующим правилам,computed,,14.039466063868863,21.883467898300843,0.7504244266390064,not_assessed,18.17097441004151,31.26623655964445,0.8570486150103215,not_assessed,20.190146870204885,18.719170460839422,0.7413269380944058,not_assessed
2018-04-09,2018-04-08,2018-04-11,96,0,0,0,0,0,0,0,900.0,True,True,96,0,0,0,0,0,0,0,900.0,True,True,96,0,0,0,0,0,0,0,900.0,True,True,True,True,A,,,Расчёт возможен по существующим правилам,computed,,13.944011516616948,28.182117066466198,0.7765307534213056,not_assessed,17.729382096206308,36.8484225027018,0.8791238177300723,not_assessed,19.59805944359113,20.627098536063688,0.7285706245629754,not_assessed
2018-04-10,2018-04-09,2018-04-12,96,0,0,0,0,0,0,0,900.0,True,True,96,0,0,0,0,0,0,0,900.0,True,True,96,0,0,0,0,0,0,0,900.0,True,True,True,True,A,,,Расчёт возможен по существующим правилам,computed,,13.5591346679651,23.155448553011883,0.7534386465072538,not_assessed,17.72378129988625,31.979943695703632,0.8879864724988878,not_assessed,19.798663696844287,16.930966040874438,0.7158056508597392,not_assessed
2018-04-11,2018-04-10,2018-04-13,96,0,0,0,0,0,0,0,900.0,True,True,96,0,0,0,0,0,0,0,900.0,True,True,96,0,0,0,0,0,0,0,900.0,True,True,True,True,A,,,Расчёт возможен по существующим правилам,computed,,13.409916283826423,20.968258850746313,0.7291392119111204,not_assessed,17.442375868330014,29.019887283414327,0.8663835869640726,not_assessed,20.007051137332315,17.48129616236455,0.7423532991141933,not_assessed
2018-04-12,2018-04-11,2018-04-14,96,0,0,0,0,0,0,0,900.0,True,True,96,0,0,0,0,0,0,0,900.0,True,True,96,0,0,0,0,0,0,0,900.0,True,True,True,True,A,,,Расчёт возможен по существующим правилам,computed,,12.897727317223376,23.354170483748746,0.8068280120632505,not_assessed,17.006542524945864,25.339733142981164,0.7798282317194338,not_assessed,19.86840663256304,12.087921189502493,0.4574005897980886,not_assessed
2018-04-13,2018-04-12,2018-04-15,96,0,0,0,0,0,0,0,900.0,True,True,96,0,0,0,0,0,0,0,900.0,True,True,96,0,0,0,0,0,0,0,900.0,True,True,True,True,A,,,Расчёт возможен по существующим правилам,computed,,14.015468972566048,25.850269127323752,0.7772777578366865,not_assessed,17.593223192719,33.236601174144745,0.7867308037271128,not_assessed,19.360926241269272,18.676203153606252,0.6613441225189038,not_assessed
2018-04-14,2018-04-13,2018-04-16,96,0,0,0,0,0,0,0,900.0,True,True,96,0,0,0,0,0,0,0,900.0,True,True,96,0,0,0,0,0,0,0,900.0,True,True,True,True,A,,,Расчёт возможен по существующим правилам,computed,,14.027163430624833,27.732256781324402,0.5582881073590061,not_assessed,17.790728957006124,32.28581242833518,0.87439998380116,not_assessed,19.669795880064367,16.269909608346136,0.5461849404053511,not_assessed
2018-04-15,2018-04-14,2018-04-17,96,0,0,0,0,0,0,0,900.0,True,True,96,0,0,0,0,0,0,0,900.0,True,True,96,0,0,0,0,0,0,0,900.0,True,True,True,True,A,,,Расчёт возможен по существующим правилам,computed,,14.029712780717961,26.119950654991033,0.7513835605426024,not_assessed,17.92572505693076,37.13721232377874,0.923077275843113,not_assessed,19.704441396959318,21.218577730935923,0.764252817238187,not_assessed
2018-04-16,2018-04-15,2018-04-18,96,0,0,0,0,0,0,0,900.0,True,True,96,0,0,0,0,0,0,0,900.0,True,True,96,0,0,0,0,0,0,0,900.0,True,True,True,True,A,,,Расчёт возможен по существующим правилам,computed,,14.637637405461637,19.955410236340594,0.6660983422742166,not_assessed,17.80041372430981,30.741273087452207,0.9116610692650428,not_assessed,19.99911246274688,17.181268415769278,0.7209994034846661,not_assessed
2018-04-17,2018-04-16,2018-04-19,96,0,0,0,0,0,0,0,900.0,True,True,96,0,0,0,0,0,0,0,900.0,True,True,96,0,0,0,0,0,0,0,900.0,True,True,True,True,A,,,Расчёт возможен по существующим правилам,computed,,3.244625346311992,91.53012661718031,0.679323090263397,not_assessed,5.086149181620134,55.04612233602663,0.6722993159791443,not_assessed,7.266025637565397,44.902521650156395,0.7187231988296366,not_assessed
2018-04-18,2018-04-17,2018-04-20,96,0,0,0,0,0,0,0,900.0,True,True,96,0,0,0,0,0,0,0,900.0,True,True,96,0,0,0,0,0,0,0,900.0,True,True,True,True,A,,,Расчёт возможен по существующим правилам,computed,,17.21793924398188,24.89822129398239,0.7514767875531324,not_assessed,18.563983663743343,15.113551229464031,0.7759041837165634,not_assessed,14.655554210565082,8.119503187290533,0.32248382617565785,not_assessed
2018-04-19,2018-04-18,2018-04-21,96,0,0,0,0,0,0,0,900.0,True,True,96,0,0,0,0,0,0,0,900.0,True,True,96,0,0,0,0,0,0,0,900.0,True,True,True,True,A,,,Расчёт возможен по существующим правилам,computed,,15.989283648436794,32.76654059403238,0.8082830269452964,not_assessed,17.71214502799054,15.646733283383906,0.6975761255249336,not_assessed,14.14535724007028,6.407334159473144,0.2603343753848377,not_assessed
2018-04-20,2018-04-19,2018-04-22,96,0,0,0,0,0,0,0,900.0,True,True,96,0,0,0,0,0,0,0,900.0,True,True,96,0,0,0,0,0,0,0,900.0,True,True,True,True,A,,,Расчёт возможен по существующим правилам,computed,,16.30124333882455,35.141740239301924,0.8019498945027631,not_assessed,19.324101543665016,19.528664390266492,0.7476678101756069,not_assessed,19.760470198132182,3.475642297080235,0.10259321122058085,not_assessed
2018-04-21,2018-04-20,2018-04-23,96,0,0,0,0,0,0,0,900.0,True,True,96,0,0,0,0,0,0,0,900.0,True,True,96,0,0,0,0,0,0,0,900.0,True,True,True,True,A,,,Расчёт возможен по существующим правилам,computed,,15.630783313993932,37.33519091910709,0.8442481665210461,not_assessed,18.770935009109852,17.811237569872592,0.7720990296205618,not_assessed,2.4422867744979158,1.0932807281402814,0.010149810152636496,not_assessed
2018-04-22,2018-04-21,2018-04-24,96,0,0,0,0,0,0,0,900.0,True,True,96,0,0,0,0,0,0,0,900.0,True,True,96,0,0,0,0,0,0,0,900.0,True,True,True,True,A,,,Расчёт возможен по существующим правилам,computed,,15.629783981822957,38.81105053667077,0.8296727953234364,not_assessed,19.440054946921833,25.61695837920195,0.798797051723944,not_assessed,23.717469043465123,9.735718837213337,0.4407389621377632,not_assessed
2018-04-23,2018-04-22,2018-04-25,96,0,0,0,0,0,0,0,900.0,True,True,96,0,0,0,0,0,0,0,900.0,True,True,96,0,0,0,0,0,0,0,900.0,True,True,True,True,A,,,Расчёт возможен по существующим правилам,computed,,13.93680769717576,37.71059316805685,0.7741790164168776,not_assessed,18.310851892876858,27.35145340372579,0.8232233455238115,not_assessed,23.35534400213236,13.387524563610558,0.602392258069385,not_assessed
2018-04-24,2018-04-23,2018-04-26,96,0,0,0,0,0,0,0,900.0,True,True,96,0,0,0,0,0,0,0,900.0,True,True,96,0,0,0,0,0,0,0,900.0,True,True,True,True,A,,,Расчёт возможен по существующим правилам,computed,,13.873252495343612,37.77261528380005,0.7846345279293415,not_assessed,18.325860478294537,34.43288566259717,0.8612629125036936,not_assessed,22.154794309543515,17.54763063557666,0.7570972783628451,not_assessed
2018-04-25,2018-04-24,2018-04-27,96,0,0,0,0,0,0,0,900.0,True,True,96,0,0,0,0,0,0,0,900.0,True,True,96,0,0,0,0,0,0,0,900.0,True,True,True,True,A,,,Расчёт возможен по существующим правилам,computed,,13.547560151779338,33.75692864388067,0.8296588013496982,not_assessed,17.97847495707679,30.519534471383935,0.8684332249005835,not_assessed,21.59384928503455,13.94020782786062,0.6444318357844785,not_assessed
2018-04-26,2018-04-25,2018-04-28,96,0,0,0,0,0,0,0,900.0,True,True,96,0,0,0,0,0,0,0,900.0,True,True,96,0,0,0,0,0,0,0,900.0,True,True,True,True,A,,,Расчёт возможен по существующим правилам,computed,,13.146363113474603,29.986490403385144,0.8021212529473161,not_assessed,17.39321744071089,21.233950570004467,0.8259110439253905,not_assessed,22.189957925535726,11.201832533401895,0.5317636086801423,not_assessed
2018-04-27,2018-04-26,2018-04-29,96,0,0,0,0,0,0,0,900.0,True,True,96,0,0,0,0,0,0,0,900.0,True,True,96,0,0,0,0,0,0,0,900.0,True,True,True,True,A,,,Расчёт возможен по существующим правилам,computed,,12.84122055547732,29.294229395332952,0.6802288283665945,not_assessed,17.616786876545525,24.060090581351535,0.801295924827387,not_assessed,22.02004116501405,13.490918480672235,0.6570597077368354,not_assessed
2018-04-28,2018-04-27,2018-04-30,96,0,0,0,0,0,0,0,900.0,True,True,96,0,0,0,0,0,0,0,900.0,True,True,96,0,0,0,0,0,0,0,900.0,True,True,True,True,A,,,Расчёт возможен по существующим правилам,computed,,13.183427331512407,32.87359928141824,0.778799844989561,not_assessed,17.731477488886068,26.44651294828595,0.8291547790796239,not_assessed,22.43452750011477,13.244186859723206,0.5954881912687648,not_assessed
2018-04-29,2018-04-28,2018-05-01,96,0,0,0,0,0,0,0,900.0,True,True,96,0,0,0,0,0,0,0,900.0,True,True,96,0,0,0,0,0,0,0,900.0,True,True,True,True,A,,,Расчёт возможен по существующим правилам,computed,,13.44058934067461,35.012139816876555,0.8265863512023842,not_assessed,17.642361990980305,28.79132888097818,0.8782087681473234,not_assessed,21.831693365711544,14.905666037698577,0.6557795956596353,not_assessed
2018-04-30,2018-04-29,2018-05-02,96,0,0,0,0,0,0,0,900.0,True,True,96,0,0,0,0,0,0,0,900.0,True,True,96,0,0,0,0,0,0,0,900.0,True,True,True,True,A,,,Расчёт возможен по существующим правилам,computed,,13.458056337410408,29.94397209272793,0.7604126432263009,not_assessed,17.851412165079793,27.24948766718933,0.8662173589107357,not_assessed,22.125225350401852,15.21955125246725,0.6749118081123433,not_assessed
2018-05-01,2018-04-30,2018-05-03,96,0,0,0,0,0,0,0,900.0,True,True,96,0,0,0,0,0,0,0,900.0,True,True,96,0,0,0,0,0,0,0,900.0,True,True,True,True,A,,,Расчёт возможен по существующим правилам,computed,,3.5232147525804742,89.22739610688801,0.6671079406323066,not_assessed,4.887372891204383,58.34799642569382,0.6876487726900627,not_assessed,6.3087044096384375,41.80246646041279,0.7655213346140192,not_assessed
2018-05-02,2018-05-01,2018-05-04,96,0,0,0,0,0,0,0,900.0,True,True,96,0,0,0,0,0,0,0,900.0,True,True,96,0,0,0,0,0,0,0,900.0,True,True,True,True,A,,,Расчёт возможен по существующим правилам,computed,,17.742408091515596,9.40361173671274,0.5260938891654446,not_assessed,19.1453298523861,3.6875275504763656,0.12274053415681885,not_assessed,4.71315021511198,0.5615710964573516,0.0020335701101510395,not_assessed
2018-05-03,2018-05-02,2018-05-05,96,0,0,0,0,0,0,0,900.0,True,True,96,0,0,0,0,0,0,0,900.0,True,True,96,0,0,0,0,0,0,0,900.0,True,True,True,True,A,,,Расчёт возможен по существующим правилам,computed,,16.9833094446573,23.365903700961123,0.7144198247462269,not_assessed,21.283221085239724,9.150509057339884,0.45938799292827703,not_assessed,5.486394037297091,3.207452090126761,0.07741789797884113,not_assessed
2018-05-04,2018-05-03,2018-05-06,96,0,0,0,0,0,0,0,900.0,True,True,96,0,0,0,0,0,0,0,900.0,True,True,96,0,0,0,0,0,0,0,900.0,True,True,True,True,A,,,Расчёт возможен по существующим правилам,computed,,15.930884403506825,36.10666719876757,0.7928630118647801,not_assessed,18.05612361059999,16.520040977272075,0.635795833527272,not_assessed,13.068746490045289,6.556962464500964,0.17517548444170605,not_assessed
2018-05-05,2018-05-04,2018-05-07,96,0,0,0,0,0,0,0,900.0,True,True,96,0,0,0,0,0,0,0,900.0,True,True,96,0,0,0,0,0,0,0,900.0,True,True,True,True,A,,,Расчёт возможен по существующим правилам,computed,,16.74494745066609,31.765323936132944,0.8727562106655941,not_assessed,20.031271175806758,18.21348710737629,0.7742904279185118,not_assessed,0.5819998374771501,5.3238995631109365,0.2465747162615024,not_assessed
2018-05-06,2018-05-05,2018-05-08,96,0,0,0,0,0,0,0,900.0,True,True,96,0,0,0,0,0,0,0,900.0,True,True,96,0,0,0,0,0,0,0,900.0,True,True,True,True,A,,,Расчёт возможен по существующим правилам,computed,,15.562193018197483,37.727946348731436,0.7783076925664754,not_assessed,19.144779860379266,31.231271600269828,0.8357220389470336,not_assessed,21.998591826015254,13.309435253652682,0.6219133579084815,not_assessed
2018-05-07,2018-05-06,2018-05-09,96,0,0,0,0,0,0,0,900.0,True,True,96,0,0,0,0,0,0,0,900.0,True,True,96,0,0,0,0,0,0,0,900.0,True,True,True,True,A,,,Расчёт возможен по существующим правилам,computed,,14.551116651950025,33.519563358002145,0.47408948726613154,not_assessed,18.072591214031377,24.628980863878873,0.9032886623301514,not_assessed,21.09440507296557,7.609470388425964,0.38172726133412427,not_assessed
2018-05-08,2018-05-07,2018-05-10,96,0,0,0,0,0,0,0,900.0,True,True,96,0,0,0,0,0,0,0,900.0,True,True,96,0,0,0,0,0,0,0,900.0,True,True,True,True,A,,,Расчёт возможен по существующим правилам,computed,,13.778364611069536,37.04932298808065,0.7944587793906434,not_assessed,18.71931501516849,31.41359266722155,0.8493445787506899,not_assessed,22.168849725918946,18.319013280268557,0.724821296419784,not_assessed
2018-05-09,2018-05-08,2018-05-11,96,0,0,0,0,0,0,0,900.0,True,True,96,0,0,0,0,0,0,0,900.0,True,True,96,0,0,0,0,0,0,0,900.0,True,True,True,True,A,,,Расчёт возможен по существующим правилам,computed,,15.978263196733177,38.11674176468678,0.24278538260238136,not_assessed,17.968288768237446,39.1799534297899,0.9119969241528728,not_assessed,21.40975394918366,17.634607438260854,0.7098146734520845,not_assessed
2018-05-10,2018-05-09,2018-05-12,96,0,0,0,0,0,0,0,900.0,True,True,96,0,0,0,0,0,0,0,900.0,True,True,96,0,0,0,0,0,0,0,900.0,True,True,True,True,A,,,Расчёт возможен по существующим правилам,computed,,14.236028196764272,43.81811914931441,0.5633040092198452,not_assessed,17.64379046062038,36.00172097498352,0.9190369120281031,not_assessed,21.086431165474377,14.478160787072278,0.6476175373644029,not_assessed
2018-05-11,2018-05-10,2018-05-13,96,0,0,0,0,0,0,0,900.0,True,True,96,0,0,0,0,0,0,0,900.0,True,True,96,0,0,0,0,0,0,0,900.0,True,True,True,True,A,,,Расчёт возможен по существующим правилам,computed,,13.381287011296264,33.885401725236804,0.7937044028734154,not_assessed,18.279445317074316,32.949886234331295,0.8968088610410259,not_assessed,21.895869322148,18.97924120825003,0.7253387241094176,not_assessed
2018-05-12,2018-05-11,2018-05-14,96,0,0,0,0,0,0,0,900.0,True,True,96,0,0,0,0,0,0,0,900.0,True,True,96,0,0,0,0,0,0,0,900.0,True,True,True,True,A,,,Расчёт возможен по существующим правилам,computed,,13.45526930344244,36.9544913301432,0.6129432041530406,not_assessed,17.132305464732923,36.485950673099076,0.8637742706834346,not_assessed,19.317094819724346,15.977391121312587,0.6160643669287683,not_assessed
2018-05-13,2018-05-12,2018-05-15,96,0,0,0,0,0,0,0,900.0,True,True,96,0,0,0,0,0,0,0,900.0,True,True,96,0,0,0,0,0,0,0,900.0,True,True,True,True,A,,,Расчёт возможен по существующим правилам,computed,,13.081027695127679,32.118772693517485,0.4575874195375039,not_assessed,17.913202020342386,32.71799670947029,0.9123556824559058,not_assessed,21.39185361556084,17.289126371834673,0.6583365760582295,not_assessed
2018-05-14,2018-05-13,2018-05-16,96,0,0,0,0,0,0,0,900.0,True,True,96,0,0,0,0,0,0,0,900.0,True,True,96,0,0,0,0,0,0,0,900.0,True,True,True,True,A,,,Расчёт возможен по существующим правилам,computed,,13.695990687168905,33.98815710529557,0.5589049913595966,not_assessed,18.05378270527233,35.74468387268237,0.9271255781854405,not_assessed,21.07994391766953,19.776305420580226,0.7730906614470912,not_assessed
2018-05-15,2018-05-14,2018-05-17,96,0,0,0,0,0,0,0,900.0,True,True,96,0,0,0,0,0,0,0,900.0,True,True,96,0,0,0,0,0,0,0,900.0,True,True,True,True,A,,,Расчёт возможен по существующим правилам,computed,,3.3580321026687803,83.28765564913469,0.6749924296374339,not_assessed,4.844146679783124,49.11522079879612,0.6038230770799606,not_assessed,6.382303468981136,41.36216628688069,0.6739128982976144,not_assessed
2018-05-16,2018-05-15,2018-05-18,92,0,0,0,0,0,0,0,900.0,False,False,92,0,0,0,0,0,0,0,900.0,False,False,92,0,0,0,0,0,0,0,900.0,False,False,False,False,B,D1: неполное покрытие суток; D2: неполное покрытие суток; D3: неполное покрытие суток,,D1: неполное покрытие суток; D2: неполное покрытие суток; D3: неполное покрытие суток,skipped,,,,,,,,,,,,,
2018-05-17,2018-05-16,2018-05-19,96,0,0,0,0,0,0,0,900.0,True,False,96,0,0,0,0,0,0,0,900.0,True,False,96,0,0,0,0,0,0,0,900.0,True,False,True,False,B,D1: неполное окружение ±12 ч; D2: неполное окружение ±12 ч; D3: неполное окружение ±12 ч,,D1: неполное окружение ±12 ч; D2: неполное окружение ±12 ч; D3: неполное окружение ±12 ч,skipped,,,,,,,,,,,,,
2018-05-18,2018-05-17,2018-05-20,96,0,0,0,0,0,0,0,900.0,True,True,96,0,0,0,0,0,0,0,900.0,True,True,96,0,0,0,0,0,0,0,900.0,True,True,True,True,A,,,Расчёт возможен по существующим правилам,computed,,16.045062434177105,33.76368086859718,0.7437976454291908,not_assessed,19.486912645543693,14.50470969486663,0.6857299434284967,not_assessed,23.959760871086395,3.967583319913093,0.12365578542999311,not_assessed
2018-05-19,2018-05-18,2018-05-21,96,0,0,0,0,0,0,0,900.0,True,True,96,0,0,0,0,0,0,0,900.0,True,True,96,0,0,0,0,0,0,0,900.0,True,True,True,True,A,,,Расчёт возможен по существующим правилам,computed,,16.584942293002623,40.80339817270267,0.789576075198392,not_assessed,19.722125231344243,25.467213667791533,0.8358297470599876,not_assessed,23.838482510309106,9.530859352349461,0.36561482956551394,not_assessed
2018-05-20,2018-05-19,2018-05-22,96,0,0,0,0,0,0,0,900.0,True,True,96,0,0,0,0,0,0,0,900.0,True,True,96,0,0,0,0,0,0,0,900.0,True,True,True,True,A,,,Расчёт возможен по существующим правилам,computed,,14.516022326993216,40.98130943117166,0.6924901988632592,not_assessed,18.718076660530446,34.40779328038061,0.8957210555916607,not_assessed,21.62149785520289,12.725911710950186,0.5574740771036724,not_assessed
2018-05-21,2018-05-20,2018-05-23,96,0,0,0,0,0,0,0,900.0,True,True,96,0,0,0,0,0,0,0,900.0,True,True,96,0,0,0,0,0,0,0,900.0,True,True,True,True,A,,,Расчёт возможен по существующим правилам,computed,,14.106465775667603,38.516210257859086,0.6472323523494148,not_assessed,18.076479883107687,36.14531651384296,0.890077040151014,not_assessed,21.652008966459405,17.615574227151665,0.7466001362214415,not_assessed
2018-05-22,2018-05-21,2018-05-24,96,0,0,0,0,0,0,0,900.0,True,True,96,0,0,0,0,0,0,0,900.0,True,True,96,0,0,0,0,0,0,0,900.0,True,True,True,True,A,,,Расчёт возможен по существующим правилам,computed,,13.62314852549147,36.694292943606506,0.5586188888466105,not_assessed,18.35133568012343,32.53414544554888,0.8467919545717568,not_assessed,22.837727238948023,17.534359182844092,0.6910707545586552,not_assessed
2018-05-23,2018-05-22,2018-05-25,96,0,0,0,0,0,0,0,900.0,True,True,96,0,0,0,0,0,0,0,900.0,True,True,96,0,0,0,0,0,0,0,900.0,True,True,True,True,A,,,Расчёт возможен по существующим правилам,computed,,13.790799426516747,34.46870049910258,0.5967098011304846,not_assessed,18.378436213802914,36.519136808875054,0.8914839357889228,not_assessed,22.176609940240645,22.803783519908574,0.845513168460627,not_assessed
2018-05-24,2018-05-23,2018-05-26,96,0,0,0,0,0,0,0,900.0,True,True,96,0,0,0,0,0,0,0,900.0,True,True,96,0,0,0,0,0,0,0,900.0,True,True,True,True,A,,,Расчёт возможен по существующим правилам,computed,,13.768106334741807,38.23158845214057,0.7644881614992829,not_assessed,17.996030787600862,38.41796223200581,0.8819805834687285,not_assessed,21.09586765216248,21.563871017038945,0.7666571893652562,not_assessed
2018-05-25,2018-05-24,2018-05-27,96,0,0,0,0,0,0,0,900.0,True,True,96,0,0,0,0,0,0,0,900.0,True,True,96,0,0,0,0,0,0,0,900.0,True,True,True,True,A,,,Расчёт возможен по существующим правилам,computed,,13.620083954092342,38.18480971956553,0.8045126294816685,not_assessed,17.968625610907395,37.64956519977634,0.9036497546257142,not_assessed,21.07940274377429,22.18510536306622,0.810669916739384,not_assessed
2018-05-26,2018-05-25,2018-05-28,96,0,0,0,0,0,0,0,900.0,True,True,96,0,0,0,0,0,0,0,900.0,True,True,96,0,0,0,0,0,0,0,900.0,True,True,True,True,A,,,Расчёт возможен по существующим правилам,computed,,13.644133579117645,26.682735211921173,0.6998579609380323,not_assessed,18.444614718194977,26.88689958363829,0.8733072679669783,not_assessed,21.876665267463295,17.224167706308737,0.7443082280039348,not_assessed
2018-05-27,2018-05-26,2018-05-29,96,0,0,0,0,0,0,0,900.0,True,True,96,0,0,0,0,0,0,0,900.0,True,True,96,0,0,0,0,0,0,0,900.0,True,True,True,True,A,,,Расчёт возможен по существующим правилам,computed,,13.609500610918904,33.66869511185776,0.6797136052367176,not_assessed,18.121986957091433,33.77637436203377,0.9095921180130784,not_assessed,21.26480533356569,18.527659504264356,0.7449153603973645,not_assessed
2018-05-28,2018-05-27,2018-05-30,96,0,0,0,0,0,0,0,900.0,True,True,96,0,0,0,0,0,0,0,900.0,True,True,96,0,0,0,0,0,0,0,900.0,True,True,True,True,A,,,Расчёт возможен по существующим правилам,computed,,13.528360868236772,35.477145102815314,0.7305240423463502,not_assessed,17.696149353166298,36.31504196861996,0.9199228217696047,not_assessed,20.925727399981696,19.03071072319703,0.7401232313879538,not_assessed
2018-05-29,2018-05-28,2018-05-31,96,0,0,0,0,0,0,0,900.0,True,True,96,0,0,0,0,0,0,0,900.0,True,True,96,0,0,0,0,0,0,0,900.0,True,True,True,True,A,,,Расчёт возможен по существующим правилам,computed,,13.558247100084362,36.418766924962036,0.736953000979568,not_assessed,17.67836860629596,37.12642826598544,0.9044007037958085,not_assessed,20.71710994327523,18.8466552870142,0.7722317844759987,not_assessed
2018-05-30,2018-05-29,2018-06-01,96,0,0,0,0,0,0,0,900.0,True,True,96,0,0,0,0,0,0,0,900.0,True,True,96,0,0,0,0,0,0,0,900.0,True,True,True,True,A,,,Расчёт возможен по существующим правилам,computed,,13.843897062574351,31.651423508780205,0.6938110574977696,not_assessed,18.224014070777017,37.663135260920846,0.9226158924283412,not_assessed,21.042672975689385,23.2723930955162,0.8207364042470412,not_assessed
2018-05-31,2018-05-30,2018-06-02,96,0,0,0,0,0,0,0,900.0,True,True,96,0,0,0,0,0,0,0,900.0,True,True,96,0,0,0,0,0,0,0,900.0,True,True,True,True,A,,,Расчёт возможен по существующим правилам,computed,,13.033249931221444,31.961680714436255,0.7068017441837258,not_assessed,17.970730492500564,31.070031929060445,0.8459743462980709,not_assessed,21.712217503454205,18.37154448235398,0.6454562721551066,not_assessed
2018-06-01,2018-05-31,2018-06-03,96,0,0,0,0,0,0,0,900.0,True,True,96,0,0,0,0,0,0,0,900.0,True,True,96,0,0,0,0,0,0,0,900.0,True,True,True,True,A,,,Расчёт возможен по существующим правилам,computed,,12.422659269203638,24.394844536884577,0.5261298119900961,not_assessed,18.421975395672227,28.021812239191483,0.8813229614621868,not_assessed,22.671713149565065,18.764906296960287,0.6428702757091042,not_assessed
2018-06-02,2018-06-01,2018-06-04,96,0,0,0,0,0,0,0,900.0,True,True,96,0,0,0,0,0,0,0,900.0,True,True,96,0,0,0,0,0,0,0,900.0,True,True,True,True,A,,,Расчёт возможен по существующим правилам,computed,,13.01322219251481,24.28941987198767,0.624783928627633,not_assessed,18.312721343856204,26.427805378131435,0.8114346774124375,not_assessed,22.227127649859025,18.094665615407155,0.6928132229120952,not_assessed
2018-06-03,2018-06-02,2018-06-05,96,0,0,0,0,0,0,0,900.0,True,True,96,0,0,0,0,0,0,0,900.0,True,True,96,0,0,0,0,0,0,0,900.0,True,True,True,True,A,,,Расчёт возможен по существующим правилам,computed,,12.76204136590997,32.40531256289879,0.6234707853576296,not_assessed,17.03450755191275,31.086271377662896,0.8295730923040217,not_assessed,20.480298525519274,12.426004708188893,0.4499504445073099,not_assessed
2018-06-04,2018-06-03,2018-06-06,96,0,0,0,0,0,0,0,900.0,True,True,96,0,0,0,0,0,0,0,900.0,True,True,96,0,0,0,0,0,0,0,900.0,True,True,True,True,A,,,Расчёт возможен по существующим правилам,computed,,12.40442532960413,28.59651810948604,0.5923044025294331,not_assessed,18.00183060741991,22.584151678731068,0.7905148645146123,not_assessed,23.076319078350977,14.239825133955538,0.4737595013193432,not_assessed
2018-06-05,2018-06-04,2018-06-07,96,0,0,0,0,0,0,0,900.0,True,True,96,0,0,0,0,0,0,0,900.0,True,True,96,0,0,0,0,0,0,0,900.0,True,True,True,True,A,,,Расчёт возможен по существующим правилам,computed,,12.06132056712092,28.312526840448133,0.5800780912937957,not_assessed,17.157331460698693,20.701342900950635,0.7620429005714606,not_assessed,22.690916772854827,10.13923187908479,0.42014136876764674,not_assessed
2018-06-06,2018-06-05,2018-06-08,96,0,0,0,0,0,0,0,900.0,True,True,96,0,0,0,0,0,0,0,900.0,True,True,96,0,0,0,0,0,0,0,900.0,True,True,True,True,A,,,Расчёт возможен по существующим правилам,computed,,12.036097837869793,24.61041945382777,0.5569282601542831,not_assessed,18.485638383573864,16.914062055708804,0.7383918873062327,not_assessed,23.6745546122599,15.819483206054667,0.6176040835861563,not_assessed
2018-06-07,2018-06-06,2018-06-09,96,0,0,0,0,0,0,0,900.0,True,True,96,0,0,0,0,0,0,0,900.0,True,True,96,0,0,0,0,0,0,0,900.0,True,True,True,True,A,,,Расчёт возможен по существующим правилам,computed,,12.671727684857915,24.878078104307548,0.6474111704961159,not_assessed,18.08534391924583,23.370602428122048,0.7953590104413961,not_assessed,22.04282731321147,15.813050343071481,0.5359169009340095,not_assessed
2018-06-08,2018-06-07,2018-06-10,96,0,0,0,0,0,0,0,900.0,True,True,96,0,0,0,0,0,0,0,900.0,True,True,96,0,0,0,0,0,0,0,900.0,True,True,True,True,A,,,Расчёт возможен по существующим правилам,computed,,14.521413780948823,21.122856469476375,0.5137566583270488,not_assessed,18.564476034210912,33.620002253061315,0.8525863150739804,not_assessed,21.2156704729214,23.879420288502292,0.6958291256461693,not_assessed
2018-06-09,2018-06-08,2018-06-11,96,0,0,0,0,0,0,0,900.0,True,True,96,0,0,0,0,0,0,0,900.0,True,True,96,0,0,0,0,0,0,0,900.0,True,True,True,True,A,,,Расчёт возможен по существующим правилам,computed,,14.958721421958652,27.112707146808358,0.4798515766063204,not_assessed,18.700909913934495,33.02682731254615,0.8496353984452751,not_assessed,20.897187249494923,24.32045417013834,0.7104467340855563,not_assessed
2018-06-10,2018-06-09,2018-06-12,96,0,0,0,0,0,0,0,900.0,True,True,96,0,0,0,0,0,0,0,900.0,True,True,96,0,0,0,0,0,0,0,900.0,True,True,True,True,A,,,Расчёт возможен по существующим правилам,computed,,13.685143125356014,22.08481041305085,0.5749452872188667,not_assessed,18.403595947617575,28.211007528373372,0.7967565484432665,not_assessed,21.121148694444702,18.906346043010487,0.6719743816214652,not_assessed
2018-06-11,2018-06-10,2018-06-13,96,0,0,0,0,0,0,0,900.0,True,False,96,0,0,0,0,0,0,0,900.0,True,False,96,0,0,0,0,0,0,0,900.0,True,False,True,False,B,D1: неполное окружение ±12 ч; D2: неполное окружение ±12 ч; D3: неполное окружение ±12 ч,,D1: неполное окружение ±12 ч; D2: неполное окружение ±12 ч; D3: неполное окружение ±12 ч,skipped,,,,,,,,,,,,,
2018-06-12,2018-06-11,2018-06-14,57,0,0,0,0,0,0,0,899.0,False,False,57,0,0,0,0,0,0,0,899.0,False,False,57,0,0,0,0,0,0,0,899.0,False,False,False,False,B,D1: неполное покрытие суток; D2: неполное покрытие суток; D3: неполное покрытие суток,,D1: неполное покрытие суток; D2: неполное покрытие суток; D3: неполное покрытие суток,skipped,,,,,,,,,,,,,
2018-06-13,2018-06-12,2018-06-15,207,2,4,0,0,0,0,0,4.5,False,False,207,2,4,0,0,0,0,0,4.5,False,False,207,2,4,0,0,0,0,0,4.5,False,False,False,False,B,D1: неполное покрытие суток; D2: неполное покрытие суток; D3: неполное покрытие суток,D1: повторные метки в трёхсуточном контексте; D2: повторные метки в трёхсуточном контексте; D3: повторные метки в трёхсуточном контексте,D1: неполное покрытие суток; D2: неполное покрытие суток; D3: неполное покрытие суток; D1: повторные метки в трёхсуточном контексте; D2: повторные метки в трёхсуточном контексте; D3: повторные метки в трёхсуточном контексте,skipped,,,,,,,,,,,,,
2018-06-14,2018-06-13,2018-06-16,329,2,4,0,0,0,0,0,3.0,False,False,329,2,4,0,0,0,0,0,3.0,False,False,329,2,4,0,0,0,0,0,3.0,False,False,False,False,B,D1: неполное покрытие суток; D2: неполное покрытие суток; D3: неполное покрытие суток,D1: повторные метки в трёхсуточном контексте; D2: повторные метки в трёхсуточном контексте; D3: повторные метки в трёхсуточном контексте,D1: неполное покрытие суток; D2: неполное покрытие суток; D3: неполное покрытие суток; D1: повторные метки в трёхсуточном контексте; D2: повторные метки в трёхсуточном контексте; D3: повторные метки в трёхсуточном контексте,skipped,,,,,,,,,,,,,
2018-06-15,2018-06-14,2018-06-17,332,4,2,0,0,0,0,0,3.0,False,False,332,4,2,0,0,0,0,0,3.0,False,False,332,3,0,0,0,0,0,0,3.0,False,False,False,False,B,D1: неполное покрытие суток; D2: неполное покрытие суток; D3: неполное покрытие суток,D1: повторные метки в трёхсуточном контексте; D2: повторные метки в трёхсуточном контексте; D3: повторные метки в трёхсуточном контексте,D1: неполное покрытие суток; D2: неполное покрытие суток; D3: неполное покрытие суток; D1: повторные метки в трёхсуточном контексте; D2: повторные метки в трёхсуточном контексте; D3: повторные метки в трёхсуточном контексте,skipped,,,,,,,,,,,,,
2018-06-16,2018-06-15,2018-06-18,334,4,8,0,0,0,0,0,3.0,False,False,334,4,8,0,0,0,0,0,3.0,False,False,334,3,6,0,0,0,0,0,3.0,False,False,False,False,B,D1: неполное покрытие суток; D2: неполное покрытие суток; D3: неполное покрытие суток,D1: повторные метки в трёхсуточном контексте; D2: повторные метки в трёхсуточном контексте; D3: повторные метки в трёхсуточном контексте,D1: неполное покрытие суток; D2: неполное покрытие суток; D3: неполное покрытие суток; D1: повторные метки в трёхсуточном контексте; D2: повторные метки в трёхсуточном контексте; D3: повторные метки в трёхсуточном контексте,skipped,,,,,,,,,,,,,
2018-06-17,2018-06-16,2018-06-19,335,4,6,0,0,0,0,0,3.0,False,False,335,4,6,0,0,0,0,0,3.0,False,False,335,3,6,0,0,0,0,0,3.0,False,False,False,False,B,D1: неполное покрытие суток; D2: неполное покрытие суток; D3: неполное покрытие суток,D1: повторные метки в трёхсуточном контексте; D2: повторные метки в трёхсуточном контексте; D3: повторные метки в трёхсуточном контексте,D1: неполное покрытие суток; D2: неполное покрытие суток; D3: неполное покрытие суток; D1: повторные метки в трёхсуточном контексте; D2: повторные метки в трёхсуточном контексте; D3: повторные метки в трёхсуточном контексте,skipped,,,,,,,,,,,,,
2018-06-18,2018-06-17,2018-06-20,204,2,0,0,0,0,0,0,5.0,False,False,204,2,0,0,0,0,0,0,5.0,False,False,204,2,0,0,0,0,0,0,5.5,False,False,False,False,B,D1: неполное покрытие суток; D2: неполное покрытие суток; D3: неполное покрытие суток,D1: повторные метки в трёхсуточном контексте; D2: повторные метки в трёхсуточном контексте; D3: повторные метки в трёхсуточном контексте,D1: неполное покрытие суток; D2: неполное покрытие суток; D3: неполное покрытие суток; D1: повторные метки в трёхсуточном контексте; D2: повторные метки в трёхсуточном контексте; D3: повторные метки в трёхсуточном контексте,skipped,,,,,,,,,,,,,
2018-06-19,2018-06-18,2018-06-21,96,0,0,0,0,0,0,0,899.0,True,True,96,0,0,0,0,0,0,0,899.0,True,True,96,0,0,0,0,0,0,0,899.0,True,True,True,True,A,,,Расчёт возможен по существующим правилам,computed,,12.511291111411309,29.75897065403332,0.3495963908338452,not_assessed,18.22974159924435,13.815087472541201,0.5972477233917083,not_assessed,1.510943797177316,14.63460806374648,0.6518533496471421,not_assessed
2018-06-20,2018-06-19,2018-06-22,96,0,0,0,0,0,0,0,900.0,True,True,96,0,0,0,0,0,0,0,900.0,True,True,96,0,0,0,0,0,0,0,900.0,True,True,True,True,A,,,Расчёт возможен по существующим правилам,computed,,11.666054549553067,25.753705534964492,0.6534484088930448,not_assessed,17.48850214411471,16.376035921058094,0.716575459272383,not_assessed,0.7735743468252474,11.546656200009739,0.5254923715762243,not_assessed
2018-06-21,2018-06-20,2018-06-23,96,0,0,0,2,0,0,0,900.0,False,False,96,0,0,0,0,0,0,0,900.0,True,True,96,0,0,0,0,0,0,0,900.0,True,True,False,False,B,D1: неполное покрытие суток (нарушение 0<C≤3000),,D1: неполное покрытие суток (нарушение 0<C≤3000),skipped,,,,,,,,,,,,,
2018-06-22,2018-06-21,2018-06-24,96,0,0,0,2,0,0,0,900.0,False,False,96,0,0,0,0,0,0,0,900.0,False,False,96,0,0,0,0,0,0,0,900.0,False,False,False,False,B,D1: неполное покрытие суток (нарушение 0<C≤3000); D2: неполное покрытие суток; D3: неполное покрытие суток,,D1: неполное покрытие суток (нарушение 0<C≤3000); D2: неполное покрытие суток; D3: неполное покрытие суток,skipped,,,,,,,,,,,,,
2018-06-23,2018-06-22,2018-06-25,96,0,0,0,0,0,0,0,900.0,True,False,96,0,0,0,0,0,0,0,900.0,True,False,96,0,0,0,0,0,0,0,900.0,True,False,True,False,B,D1: неполное окружение ±12 ч; D2: неполное окружение ±12 ч; D3: неполное окружение ±12 ч,,D1: неполное окружение ±12 ч; D2: неполное окружение ±12 ч; D3: неполное окружение ±12 ч,skipped,,,,,,,,,,,,,
2018-06-24,2018-06-23,2018-06-26,96,0,0,0,0,0,0,0,900.0,True,True,96,0,0,0,0,0,0,0,900.0,True,True,96,0,0,0,0,0,0,0,900.0,True,True,True,True,A,,,Расчёт возможен по существующим правилам,computed,,16.00193462406179,27.09175482400412,0.8147430762339412,not_assessed,20.692370672425053,12.52982391934163,0.649629280786611,not_assessed,1.214937337660965,6.787243489904575,0.30697419653590097,not_assessed
2018-06-25,2018-06-24,2018-06-27,96,0,0,0,0,0,0,0,900.0,True,True,96,0,0,0,0,0,0,0,900.0,True,True,96,0,0,0,0,0,0,0,900.0,True,True,True,True,A,,,Расчёт возможен по существующим правилам,computed,,16.523938622389338,39.36792000173324,0.8799829319154476,not_assessed,19.3825698123536,28.687607642393747,0.8571324077117551,not_assessed,21.55837323633485,12.27920542645755,0.6201306847511145,not_assessed
2018-06-26,2018-06-25,2018-06-28,96,0,0,0,0,0,0,0,900.0,True,True,96,0,0,0,0,0,0,0,900.0,True,True,96,0,0,0,0,0,0,0,900.0,True,True,True,True,A,,,Расчёт возможен по существующим правилам,computed,,15.057328607511556,31.276116305731662,0.7880640706527845,not_assessed,18.889605217294594,27.473751259602313,0.8969515812047653,not_assessed,22.305003038092764,14.34216099300566,0.7046985473863541,not_assessed
2018-06-27,2018-06-26,2018-06-29,96,0,0,0,0,0,0,0,900.0,True,True,96,0,0,0,0,0,0,0,900.0,True,True,96,0,0,0,0,0,0,0,900.0,True,True,True,True,A,,,Расчёт возможен по существующим правилам,computed,,14.037382852130147,36.126776268983555,0.7966254979753159,not_assessed,18.66727997993315,31.570755103980506,0.8781647600696433,not_assessed,22.09656019159501,17.123128948720733,0.762184934292583,not_assessed
2018-06-28,2018-06-27,2018-06-30,96,0,0,0,0,0,0,0,900.0,True,True,96,0,0,0,0,0,0,0,900.0,True,True,96,0,0,0,0,0,0,0,900.0,True,True,True,True,A,,,Расчёт возможен по существующим правилам,computed,,13.653756785590152,37.94098268255311,0.7966798098399512,not_assessed,18.18540128732363,32.51385145631564,0.9182270406152906,not_assessed,21.925848065800764,18.18317830048445,0.7450909342766299,not_assessed
2018-06-29,2018-06-28,2018-07-01,96,0,0,0,0,0,0,0,900.0,True,True,96,0,0,0,0,0,0,0,900.0,True,True,96,0,0,0,0,0,0,0,900.0,True,True,True,True,A,,,Расчёт возможен по существующим правилам,computed,,13.383913223603178,32.709381030736104,0.6919743312449622,not_assessed,18.360529697733327,26.89464246705778,0.8596044128580548,not_assessed,22.555701171018118,16.486008938515514,0.7220999641735825,not_assessed
2018-06-30,2018-06-29,2018-07-02,96,0,0,1,0,0,0,0,900.0,True,False,96,0,0,1,0,0,0,0,900.0,True,False,96,0,0,1,0,0,0,0,900.0,True,False,True,False,B,D1: неполное окружение ±12 ч (служебные значения); D2: неполное окружение ±12 ч (служебные значения); D3: неполное окружение ±12 ч (служебные значения),,D1: неполное окружение ±12 ч (служебные значения); D2: неполное окружение ±12 ч (служебные значения); D3: неполное окружение ±12 ч (служебные значения),skipped,,,,,,,,,,,,,
2018-07-01,2018-06-30,2018-07-03,96,0,0,1,0,0,0,0,900.0,False,False,96,0,0,1,0,0,0,0,900.0,False,False,96,0,0,1,0,0,0,0,900.0,False,False,False,False,B,D1: неполное покрытие суток (служебные значения); D2: неполное покрытие суток (служебные значения); D3: неполное покрытие суток (служебные значения),,D1: неполное покрытие суток (служебные значения); D2: неполное покрытие суток (служебные значения); D3: неполное покрытие суток (служебные значения),skipped,,,,,,,,,,,,,
2018-07-02,2018-07-01,2018-07-04,96,0,0,0,0,0,0,0,900.0,True,False,96,0,0,0,0,0,0,0,900.0,True,False,96,0,0,0,0,0,0,0,900.0,True,False,True,False,B,D1: неполное окружение ±12 ч; D2: неполное окружение ±12 ч; D3: неполное окружение ±12 ч,,D1: неполное окружение ±12 ч; D2: неполное окружение ±12 ч; D3: неполное окружение ±12 ч,skipped,,,,,,,,,,,,,
2018-07-03,2018-07-02,2018-07-05,95,0,0,0,0,0,0,0,900.0,False,False,95,0,0,0,0,0,0,0,900.0,False,False,95,0,0,0,0,0,0,0,900.0,False,False,False,False,B,D1: неполное покрытие суток; D2: неполное покрытие суток; D3: неполное покрытие суток,,D1: неполное покрытие суток; D2: неполное покрытие суток; D3: неполное покрытие суток,skipped,,,,,,,,,,,,,
2018-07-04,2018-07-03,2018-07-06,96,0,0,0,0,0,0,0,900.0,True,False,96,0,0,0,0,0,0,0,900.0,True,False,96,0,0,0,0,0,0,0,900.0,True,False,True,False,B,D1: неполное окружение ±12 ч; D2: неполное окружение ±12 ч; D3: неполное окружение ±12 ч,,D1: неполное окружение ±12 ч; D2: неполное окружение ±12 ч; D3: неполное окружение ±12 ч,skipped,,,,,,,,,,,,,
2018-07-05,2018-07-04,2018-07-07,96,0,0,0,0,0,0,0,900.0,True,True,96,0,0,0,0,0,0,0,900.0,True,True,96,0,0,0,0,0,0,0,900.0,True,True,True,True,A,,,Расчёт возможен по существующим правилам,computed,,15.770035983223858,23.695609980043276,0.7266688679809801,not_assessed,19.232106450311072,10.784912483597989,0.6533069453642777,not_assessed,23.91331661534795,3.650930616797938,0.17510524716322617,not_assessed
2018-07-06,2018-07-05,2018-07-08,96,0,0,0,0,0,0,0,900.0,True,True,96,0,0,0,0,0,0,0,900.0,True,True,96,0,0,0,0,0,0,0,900.0,True,True,True,True,A,,,Расчёт возможен по существующим правилам,computed,,16.194541198451496,25.080653453076156,0.7447415480034674,not_assessed,19.387650904051796,14.852949465964247,0.7154053834810543,not_assessed,23.911008967542998,6.8891566330659675,0.39968267070645125,not_assessed
2018-07-07,2018-07-06,2018-07-09,96,0,0,0,0,0,0,0,900.0,True,True,96,0,0,0,0,0,0,0,900.0,True,True,96,0,0,0,0,0,0,0,900.0,True,True,True,True,A,,,Расчёт возможен по существующим правилам,computed,,17.617836261945065,26.74854721713326,0.7737369531888371,not_assessed,20.316715845885152,20.645854154536067,0.8623914726148387,not_assessed,23.548531304970584,13.409218964376965,0.6020644846002011,not_assessed
2018-07-08,2018-07-07,2018-07-10,96,0,0,0,0,0,0,0,900.0,True,True,96,0,0,0,0,0,0,0,900.0,True,True,96,0,0,0,0,0,0,0,900.0,True,True,True,True,A,,,Расчёт возможен по существующим правилам,computed,,16.109653212970983,31.864412639409892,0.6709989724988069,not_assessed,18.51881938193484,30.03631917007427,0.8509149572309609,not_assessed,19.88530968098069,15.65516367415371,0.6952473279997056,not_assessed
2018-07-09,2018-07-08,2018-07-11,96,0,0,0,0,0,0,0,900.0,True,True,96,0,0,0,0,0,0,0,900.0,True,True,96,0,0,0,0,0,0,0,900.0,True,True,True,True,A,,,Расчёт возможен по существующим правилам,computed,,14.462392284576937,28.878612570294035,0.7157710735751199,not_assessed,17.56136900132516,24.85448598782174,0.855577171416147,not_assessed,20.213844631040818,10.682446068895144,0.4770911149605378,not_assessed
2018-07-10,2018-07-09,2018-07-12,96,0,0,0,0,0,0,0,900.0,True,True,96,0,0,0,0,0,0,0,900.0,True,True,96,0,0,0,0,0,0,0,900.0,True,True,True,True,A,,,Расчёт возможен по существующим правилам,computed,,13.462196509421586,10.427113438140761,0.6062792802100259,not_assessed,17.00652429887726,8.007112525895849,0.5447299896039148,not_assessed,23.154223903926727,3.811007440701868,0.15272076606788554,not_assessed
2018-07-11,2018-07-10,2018-07-13,95,0,0,0,0,0,0,0,900.0,False,False,95,0,0,0,0,0,0,0,900.0,False,False,95,0,0,0,0,0,0,0,900.0,False,False,False,False,B,D1: неполное покрытие суток; D2: неполное покрытие суток; D3: неполное покрытие суток,,D1: неполное покрытие суток; D2: неполное покрытие суток; D3: неполное покрытие суток,skipped,,,,,,,,,,,,,
2018-07-12,2018-07-11,2018-07-14,96,0,0,0,0,0,0,0,900.0,True,False,96,0,0,0,0,0,0,0,900.0,True,False,96,0,0,0,0,0,0,0,900.0,True,False,True,False,B,D1: неполное окружение ±12 ч; D2: неполное окружение ±12 ч; D3: неполное окружение ±12 ч,,D1: неполное окружение ±12 ч; D2: неполное окружение ±12 ч; D3: неполное окружение ±12 ч,skipped,,,,,,,,,,,,,
2018-07-13,2018-07-12,2018-07-15,96,0,0,0,0,0,0,0,900.0,True,True,96,0,0,0,0,0,0,0,900.0,True,True,96,0,0,0,0,0,0,0,900.0,True,True,True,True,A,,,Расчёт возможен по существующим правилам,computed,,14.008605932402624,23.960969156801767,0.7148678972373981,not_assessed,17.42576863910708,19.0899472088229,0.8248865134374402,not_assessed,21.74072939594732,8.434288211393143,0.42250075006926147,not_assessed
2018-07-14,2018-07-13,2018-07-16,96,0,0,0,0,0,0,0,900.0,True,True,96,0,0,0,0,0,0,0,900.0,True,True,96,0,0,0,0,0,0,0,900.0,True,True,True,True,A,,,Расчёт возможен по существующим правилам,computed,,16.979865487911045,13.464027167364788,0.4834090768356708,not_assessed,20.022299802017784,17.636430120597836,0.7704141671232426,not_assessed,22.039821465605623,12.133847031584232,0.5943341958516131,not_assessed
2018-07-15,2018-07-14,2018-07-17,96,0,0,0,0,0,0,0,900.0,True,True,96,0,0,0,0,0,0,0,900.0,True,True,96,0,0,0,0,0,0,0,900.0,True,True,True,True,A,,,Расчёт возможен по существующим правилам,computed,,15.945244479949679,28.659646936350224,0.5821570135518719,not_assessed,19.28191212626846,25.3954669344148,0.620894319188163,not_assessed,20.536146046573684,9.601809059373153,0.2888333901679607,not_assessed
2018-07-16,2018-07-15,2018-07-18,96,0,0,0,0,0,0,0,900.0,True,True,96,0,0,0,0,0,0,0,900.0,True,True,96,0,0,0,0,0,0,0,900.0,True,True,True,True,A,,,Расчёт возможен по существующим правилам,computed,,13.819052640439947,32.509764792549255,0.7329954663232268,not_assessed,17.57432124517964,35.71131249051182,0.8356596616099995,not_assessed,20.172617421295662,21.330340975740054,0.721464309088438,not_assessed
2018-07-17,2018-07-16,2018-07-19,96,0,0,0,0,0,0,0,900.0,True,True,96,0,0,0,0,0,0,0,900.0,True,True,96,0,0,0,0,0,0,0,900.0,True,True,True,True,A,,,Расчёт возможен по существующим правилам,computed,,14.090176811889918,29.564336813832114,0.7028512117831487,not_assessed,18.676805801287326,36.82230880954249,0.8697042411475134,not_assessed,21.552211444764854,23.729946192156227,0.7401831012335665,not_assessed
2018-07-18,2018-07-17,2018-07-20,96,0,0,0,0,0,0,0,900.0,True,True,96,0,0,0,0,0,0,0,900.0,True,True,96,0,0,0,0,0,0,0,900.0,True,True,True,True,A,,,Расчёт возможен по существующим правилам,computed,,14.35239129074198,34.75453151895675,0.6449348744332465,not_assessed,18.013521583938616,44.13761016161398,0.9062428124247535,not_assessed,20.468347750357562,26.890491033291006,0.85359387475799,not_assessed
2018-07-19,2018-07-18,2018-07-21,96,0,0,0,0,0,0,0,900.0,True,True,96,0,0,0,0,0,0,0,900.0,True,True,96,0,0,0,0,0,0,0,900.0,True,True,True,True,A,,,Расчёт возможен по существующим правилам,computed,,12.84133561236545,27.18934302354941,0.5486287989667444,not_assessed,17.920531470764935,26.41289865569007,0.9110425753112464,not_assessed,22.45848400115602,20.464427663951028,0.7508718622028785,not_assessed
2018-07-20,2018-07-19,2018-07-22,101,0,0,0,0,0,0,0,900.0,True,True,101,0,0,0,0,0,0,0,900.0,True,True,101,0,0,0,0,0,0,0,900.0,True,True,True,True,A,,,Расчёт возможен по существующим правилам,computed,,11.84417064877775,16.109498483983003,0.4255814152641786,not_assessed,17.702746405070357,16.214981344781197,0.6424266518189261,not_assessed,22.141309850326444,13.535337130250806,0.5466001128219549,not_assessed
2018-07-21,2018-07-20,2018-07-23,96,0,0,0,0,0,0,0,900.0,True,True,96,0,0,0,0,0,0,0,900.0,True,True,96,0,0,0,0,0,0,0,900.0,True,True,True,True,A,,,Расчёт возможен по существующим правилам,computed,,12.16877785486802,32.038407290166646,0.5208409158869189,not_assessed,17.623997476707334,30.40189654240984,0.8941855195826367,not_assessed,20.046084193702264,15.099196797741506,0.6751100177027316,not_assessed
2018-07-22,2018-07-21,2018-07-24,96,0,0,0,0,0,0,0,900.0,True,True,96,0,0,0,0,0,0,0,900.0,True,True,96,0,0,0,0,0,0,0,900.0,True,True,True,True,A,,,Расчёт возможен по существующим правилам,computed,,13.464057369544493,26.69744382667353,0.5951078932389673,not_assessed,18.393242050447007,34.032649360488456,0.8568509496916651,not_assessed,21.280542325225266,22.329467641755794,0.8094788558815653,not_assessed
2018-07-23,2018-07-22,2018-07-25,96,0,0,0,0,0,0,0,900.0,True,True,96,0,0,0,0,0,0,0,900.0,True,True,96,0,0,0,0,0,0,0,900.0,True,True,True,True,A,,,Расчёт возможен по существующим правилам,computed,,13.291638046312658,28.48008994889644,0.7781124130186713,not_assessed,18.328598480687894,34.17026893470215,0.914872477388383,not_assessed,21.399806609502075,22.533985471892017,0.817608674548526,not_assessed
2018-07-24,2018-07-23,2018-07-26,96,0,0,0,0,0,0,0,900.0,True,True,96,0,0,0,0,0,0,0,900.0,True,True,96,0,0,0,0,0,0,0,900.0,True,True,True,True,A,,,Расчёт возможен по существующим правилам,computed,,12.776590844247947,18.399964812444743,0.7225130202449804,not_assessed,18.087247579415116,23.29689648141216,0.8873921229819608,not_assessed,21.96822506934636,15.814038894238907,0.6893801653399596,not_assessed
2018-07-25,2018-07-24,2018-07-27,96,0,0,0,0,0,0,0,900.0,True,True,96,0,0,0,0,0,0,0,900.0,True,True,96,0,0,0,0,0,0,0,900.0,True,True,True,True,A,,,Расчёт возможен по существующим правилам,computed,,13.528662501814381,21.49148929648603,0.7036180815037256,not_assessed,18.351753979947954,29.68713340783346,0.7977727111645044,not_assessed,21.08632779395903,19.63404264050358,0.7098130437257646,not_assessed
2018-07-26,2018-07-25,2018-07-28,96,0,0,0,0,0,0,0,900.0,True,True,96,0,0,0,0,0,0,0,900.0,True,True,96,0,0,0,0,0,0,0,900.0,True,True,True,True,A,,,Расчёт возможен по существующим правилам,computed,,13.847751714381697,23.638293102251293,0.7486890048459014,not_assessed,18.315903868600095,28.66285145891489,0.855155748445215,not_assessed,20.616903586065085,16.877269806288144,0.7386894838712222,not_assessed
2018-07-27,2018-07-26,2018-07-29,96,0,0,3,0,0,0,0,900.0,False,False,96,0,0,3,0,0,0,0,900.0,False,False,96,0,0,3,0,0,0,0,900.0,False,False,False,False,B,D1: неполное покрытие суток (служебные значения); D2: неполное покрытие суток (служебные значения); D3: неполное покрытие суток (служебные значения),,D1: неполное покрытие суток (служебные значения); D2: неполное покрытие суток (служебные значения); D3: неполное покрытие суток (служебные значения),skipped,,,,,,,,,,,,,
2018-07-28,2018-07-27,2018-07-30,96,0,0,5,0,0,58,58,900.0,False,False,96,0,0,5,0,0,58,58,900.0,False,False,96,0,0,5,0,0,58,58,900.0,False,False,False,False,B,D1: неполное покрытие суток (служебные значения); D2: неполное покрытие суток (служебные значения); D3: неполное покрытие суток (служебные значения),D1: диагностический постоянный участок в окнах расчёта; D2: диагностический постоянный участок в окнах расчёта; D3: диагностический постоянный участок в окнах расчёта,D1: неполное покрытие суток (служебные значения); D2: неполное покрытие суток (служебные значения); D3: неполное покрытие суток (служебные значения); D1: диагностический постоянный участок в окнах расчёта; D2: диагностический постоянный участок в окнах расчёта; D3: диагностический постоянный участок в окнах расчёта,skipped,,,,,,,,,,,,,
2018-07-29,2018-07-28,2018-07-31,96,0,0,5,0,0,149,149,900.0,False,False,96,0,0,5,0,0,149,149,900.0,False,False,96,0,0,5,0,0,149,149,900.0,False,False,False,False,B,D1: неполное покрытие суток (служебные значения); D2: неполное покрытие суток (служебные значения); D3: неполное покрытие суток (служебные значения),D1: диагностический постоянный участок в окнах расчёта; D2: диагностический постоянный участок в окнах расчёта; D3: диагностический постоянный участок в окнах расчёта,D1: неполное покрытие суток (служебные значения); D2: неполное покрытие суток (служебные значения); D3: неполное покрытие суток (служебные значения); D1: диагностический постоянный участок в окнах расчёта; D2: диагностический постоянный участок в окнах расчёта; D3: диагностический постоянный участок в окнах расчёта,skipped,,,,,,,,,,,,,
2018-07-30,2018-07-29,2018-08-01,96,0,0,3,0,0,185,185,900.0,True,False,96,0,0,3,0,0,185,185,900.0,True,False,96,0,0,3,0,0,185,185,900.0,True,False,True,False,B,D1: неполное окружение ±12 ч (служебные значения); D2: неполное окружение ±12 ч (служебные значения); D3: неполное окружение ±12 ч (служебные значения),D1: диагностический постоянный участок в окнах расчёта; D2: диагностический постоянный участок в окнах расчёта; D3: диагностический постоянный участок в окнах расчёта,D1: неполное окружение ±12 ч (служебные значения); D2: неполное окружение ±12 ч (служебные значения); D3: неполное окружение ±12 ч (служебные значения); D1: диагностический постоянный участок в окнах расчёта; D2: диагностический постоянный участок в окнах расчёта; D3: диагностический постоянный участок в окнах расчёта,skipped,,,,,,,,,,,,,
2018-07-31,2018-07-30,2018-08-02,96,0,0,0,0,0,190,190,900.0,True,True,96,0,0,0,0,0,190,190,900.0,True,True,96,0,0,0,0,0,190,190,900.0,True,True,True,True,C,,D1: диагностический постоянный участок в окнах расчёта; D2: диагностический постоянный участок в окнах расчёта; D3: диагностический постоянный участок в окнах расчёта,D1: диагностический постоянный участок в окнах расчёта; D2: диагностический постоянный участок в окнах расчёта; D3: диагностический постоянный участок в окнах расчёта,skipped,,,,,,,,,,,,,
2018-08-01,2018-07-31,2018-08-03,96,0,0,0,0,0,191,191,900.0,True,True,96,0,0,0,0,0,191,191,900.0,True,True,96,0,0,0,0,0,191,191,900.0,True,True,True,True,C,,D1: диагностический постоянный участок в окнах расчёта; D2: диагностический постоянный участок в окнах расчёта; D3: диагностический постоянный участок в окнах расчёта,D1: диагностический постоянный участок в окнах расчёта; D2: диагностический постоянный участок в окнах расчёта; D3: диагностический постоянный участок в окнах расчёта,skipped,,,,,,,,,,,,,
2018-08-02,2018-08-01,2018-08-04,96,0,0,0,0,0,190,190,900.0,True,True,96,0,0,0,0,0,190,190,900.0,True,True,96,0,0,0,0,0,190,190,900.0,True,True,True,True,C,,D1: диагностический постоянный участок в окнах расчёта; D2: диагностический постоянный участок в окнах расчёта; D3: диагностический постоянный участок в окнах расчёта,D1: диагностический постоянный участок в окнах расчёта; D2: диагностический постоянный участок в окнах расчёта; D3: диагностический постоянный участок в окнах расчёта,skipped,,,,,,,,,,,,,
2018-08-03,2018-08-02,2018-08-05,96,0,0,0,0,0,190,190,900.0,True,True,96,0,0,0,0,0,190,190,900.0,True,True,96,0,0,0,0,0,190,190,900.0,True,True,True,True,C,,D1: диагностический постоянный участок в окнах расчёта; D2: диагностический постоянный участок в окнах расчёта; D3: диагностический постоянный участок в окнах расчёта,D1: диагностический постоянный участок в окнах расчёта; D2: диагностический постоянный участок в окнах расчёта; D3: диагностический постоянный участок в окнах расчёта,skipped,,,,,,,,,,,,,
2018-08-04,2018-08-03,2018-08-06,96,0,0,0,0,0,190,190,900.0,True,True,96,0,0,0,0,0,190,190,900.0,True,True,96,0,0,0,0,0,190,190,900.0,True,True,True,True,C,,D1: диагностический постоянный участок в окнах расчёта; D2: диагностический постоянный участок в окнах расчёта; D3: диагностический постоянный участок в окнах расчёта,D1: диагностический постоянный участок в окнах расчёта; D2: диагностический постоянный участок в окнах расчёта; D3: диагностический постоянный участок в окнах расчёта,skipped,,,,,,,,,,,,,
2018-08-05,2018-08-04,2018-08-07,96,0,0,2,0,0,188,188,900.0,False,False,96,0,0,2,0,0,188,188,900.0,False,False,96,0,0,2,0,0,188,188,900.0,False,False,False,False,B,D1: неполное покрытие суток (служебные значения); D2: неполное покрытие суток (служебные значения); D3: неполное покрытие суток (служебные значения),D1: диагностический постоянный участок в окнах расчёта; D2: диагностический постоянный участок в окнах расчёта; D3: диагностический постоянный участок в окнах расчёта,D1: неполное покрытие суток (служебные значения); D2: неполное покрытие суток (служебные значения); D3: неполное покрытие суток (служебные значения); D1: диагностический постоянный участок в окнах расчёта; D2: диагностический постоянный участок в окнах расчёта; D3: диагностический постоянный участок в окнах расчёта,skipped,,,,,,,,,,,,,
2018-08-06,2018-08-05,2018-08-08,96,0,0,4,0,0,183,183,900.0,False,False,96,0,0,4,0,0,183,183,900.0,False,False,96,0,0,4,0,0,183,183,900.0,False,False,False,False,B,D1: неполное покрытие суток (служебные значения); D2: неполное покрытие суток (служебные значения); D3: неполное покрытие суток (служебные значения),D1: диагностический постоянный участок в окнах расчёта; D2: диагностический постоянный участок в окнах расчёта; D3: диагностический постоянный участок в окнах расчёта,D1: неполное покрытие суток (служебные значения); D2: неполное покрытие суток (служебные значения); D3: неполное покрытие суток (служебные значения); D1: диагностический постоянный участок в окнах расчёта; D2: диагностический постоянный участок в окнах расчёта; D3: диагностический постоянный участок в окнах расчёта,skipped,,,,,,,,,,,,,
2018-08-07,2018-08-06,2018-08-09,96,0,0,3,0,0,184,184,900.0,False,False,96,0,0,3,0,0,184,184,900.0,False,False,96,0,0,3,0,0,184,184,900.0,False,False,False,False,B,D1: неполное покрытие суток (служебные значения); D2: неполное покрытие суток (служебные значения); D3: неполное покрытие суток (служебные значения),D1: диагностический постоянный участок в окнах расчёта; D2: диагностический постоянный участок в окнах расчёта; D3: диагностический постоянный участок в окнах расчёта,D1: неполное покрытие суток (служебные значения); D2: неполное покрытие суток (служебные значения); D3: неполное покрытие суток (служебные значения); D1: диагностический постоянный участок в окнах расчёта; D2: диагностический постоянный участок в окнах расчёта; D3: диагностический постоянный участок в окнах расчёта,skipped,,,,,,,,,,,,,
2018-08-08,2018-08-07,2018-08-10,96,0,0,3,0,0,188,188,900.0,True,False,96,0,0,3,0,0,188,188,900.0,True,False,96,0,0,3,0,0,188,188,900.0,True,False,True,False,B,D1: неполное окружение ±12 ч (служебные значения); D2: неполное окружение ±12 ч (служебные значения); D3: неполное окружение ±12 ч (служебные значения),D1: диагностический постоянный участок в окнах расчёта; D2: диагностический постоянный участок в окнах расчёта; D3: диагностический постоянный участок в окнах расчёта,D1: неполное окружение ±12 ч (служебные значения); D2: неполное окружение ±12 ч (служебные значения); D3: неполное окружение ±12 ч (служебные значения); D1: диагностический постоянный участок в окнах расчёта; D2: диагностический постоянный участок в окнах расчёта; D3: диагностический постоянный участок в окнах расчёта,skipped,,,,,,,,,,,,,
2018-08-09,2018-08-08,2018-08-11,96,0,0,2,0,0,188,188,900.0,False,False,96,0,0,2,0,0,188,188,900.0,False,False,96,0,0,2,0,0,188,188,900.0,False,False,False,False,B,D1: неполное покрытие суток (служебные значения); D2: неполное покрытие суток (служебные значения); D3: неполное покрытие суток (служебные значения),D1: диагностический постоянный участок в окнах расчёта; D2: диагностический постоянный участок в окнах расчёта; D3: диагностический постоянный участок в окнах расчёта,D1: неполное покрытие суток (служебные значения); D2: неполное покрытие суток (служебные значения); D3: неполное покрытие суток (служебные значения); D1: диагностический постоянный участок в окнах расчёта; D2: диагностический постоянный участок в окнах расчёта; D3: диагностический постоянный участок в окнах расчёта,skipped,,,,,,,,,,,,,
2018-08-10,2018-08-09,2018-08-12,96,0,0,7,0,0,183,183,900.0,False,False,96,0,0,7,0,0,183,183,900.0,False,False,96,0,0,7,0,0,183,183,900.0,False,False,False,False,B,D1: неполное покрытие суток (служебные значения); D2: неполное покрытие суток (служебные значения); D3: неполное покрытие суток (служебные значения),D1: диагностический постоянный участок в окнах расчёта; D2: диагностический постоянный участок в окнах расчёта; D3: диагностический постоянный участок в окнах расчёта,D1: неполное покрытие суток (служебные значения); D2: неполное покрытие суток (служебные значения); D3: неполное покрытие суток (служебные значения); D1: диагностический постоянный участок в окнах расчёта; D2: диагностический постоянный участок в окнах расчёта; D3: диагностический постоянный участок в окнах расчёта,skipped,,,,,,,,,,,,,
2018-08-11,2018-08-10,2018-08-13,96,0,0,8,0,0,183,183,900.0,False,False,96,0,0,8,0,0,183,183,900.0,False,False,96,0,0,8,0,0,183,183,900.0,False,False,False,False,B,D1: неполное покрытие суток (служебные значения); D2: неполное покрытие суток (служебные значения); D3: неполное покрытие суток (служебные значения),D1: диагностический постоянный участок в окнах расчёта; D2: диагностический постоянный участок в окнах расчёта; D3: диагностический постоянный участок в окнах расчёта,D1: неполное покрытие суток (служебные значения); D2: неполное покрытие суток (служебные значения); D3: неполное покрытие суток (служебные значения); D1: диагностический постоянный участок в окнах расчёта; D2: диагностический постоянный участок в окнах расчёта; D3: диагностический постоянный участок в окнах расчёта,skipped,,,,,,,,,,,,,
2018-08-12,2018-08-11,2018-08-14,96,0,0,1,0,0,189,189,900.0,True,False,96,0,0,1,0,0,189,189,900.0,True,False,96,0,0,1,0,0,189,189,900.0,True,False,True,False,B,D1: неполное окружение ±12 ч (служебные значения); D2: неполное окружение ±12 ч (служебные значения); D3: неполное окружение ±12 ч (служебные значения),D1: диагностический постоянный участок в окнах расчёта; D2: диагностический постоянный участок в окнах расчёта; D3: диагностический постоянный участок в окнах расчёта,D1: неполное окружение ±12 ч (служебные значения); D2: неполное окружение ±12 ч (служебные значения); D3: неполное окружение ±12 ч (служебные значения); D1: диагностический постоянный участок в окнах расчёта; D2: диагностический постоянный участок в окнах расчёта; D3: диагностический постоянный участок в окнах расчёта,skipped,,,,,,,,,,,,,
2018-08-13,2018-08-12,2018-08-15,96,0,0,0,0,0,190,190,900.0,True,True,96,0,0,0,0,0,190,190,900.0,True,True,96,0,0,0,0,0,190,190,900.0,True,True,True,True,C,,D1: диагностический постоянный участок в окнах расчёта; D2: диагностический постоянный участок в окнах расчёта; D3: диагностический постоянный участок в окнах расчёта,D1: диагностический постоянный участок в окнах расчёта; D2: диагностический постоянный участок в окнах расчёта; D3: диагностический постоянный участок в окнах расчёта,skipped,,,,,,,,,,,,,
2018-08-14,2018-08-13,2018-08-16,96,0,0,0,0,0,117,117,900.0,True,True,96,0,0,0,0,0,117,117,900.0,True,True,96,0,0,0,0,0,117,117,900.0,True,True,True,True,C,,D1: диагностический постоянный участок в окнах расчёта; D2: диагностический постоянный участок в окнах расчёта; D3: диагностический постоянный участок в окнах расчёта,D1: диагностический постоянный участок в окнах расчёта; D2: диагностический постоянный участок в окнах расчёта; D3: диагностический постоянный участок в окнах расчёта,skipped,,,,,,,,,,,,,
2018-08-15,2018-08-14,2018-08-17,95,0,0,0,0,0,21,21,900.0,False,False,95,0,0,0,0,0,21,21,900.0,False,False,95,0,0,0,0,0,21,21,900.0,False,False,False,False,B,D1: неполное покрытие суток; D2: неполное покрытие суток; D3: неполное покрытие суток,D1: диагностический постоянный участок в окнах расчёта; D2: диагностический постоянный участок в окнах расчёта; D3: диагностический постоянный участок в окнах расчёта,D1: неполное покрытие суток; D2: неполное покрытие суток; D3: неполное покрытие суток; D1: диагностический постоянный участок в окнах расчёта; D2: диагностический постоянный участок в окнах расчёта; D3: диагностический постоянный участок в окнах расчёта,skipped,,,,,,,,,,,,,
2018-08-16,2018-08-15,2018-08-18,96,0,0,0,0,0,0,0,900.0,True,False,96,0,0,0,0,0,0,0,900.0,True,False,96,0,0,0,0,0,0,0,900.0,True,False,True,False,B,D1: неполное окружение ±12 ч; D2: неполное окружение ±12 ч; D3: неполное окружение ±12 ч,,D1: неполное окружение ±12 ч; D2: неполное окружение ±12 ч; D3: неполное окружение ±12 ч,skipped,,,,,,,,,,,,,
2018-08-17,2018-08-16,2018-08-19,96,0,0,0,0,0,0,0,900.0,True,True,96,0,0,0,0,0,0,0,900.0,True,True,96,0,0,0,0,0,0,0,900.0,True,True,True,True,A,,,Расчёт возможен по существующим правилам,computed,,14.417983951806617,30.946301829101664,0.7808906059532992,not_assessed,18.386589758654612,29.187673266146813,0.8567246938467276,not_assessed,21.23247633962764,13.291122961042143,0.7023725370634426,not_assessed
2018-08-18,2018-08-17,2018-08-20,96,0,0,0,0,0,0,0,900.0,True,True,96,0,0,0,0,0,0,0,900.0,True,True,96,0,0,0,0,0,0,0,900.0,True,True,True,True,A,,,Расчёт возможен по существующим правилам,computed,,14.572501810406886,30.85980765385148,0.7634343028651058,not_assessed,18.461796421355707,37.38067428576454,0.8892408577672641,not_assessed,20.524083366431526,20.680911328451934,0.7791661483231328,not_assessed
2018-08-19,2018-08-18,2018-08-21,96,0,0,0,0,0,0,0,900.0,True,True,96,0,0,0,0,0,0,0,900.0,True,True,96,0,0,0,0,0,0,0,900.0,True,True,True,True,A,,,Расчёт возможен по существующим правилам,computed,,13.881522357252043,33.424572380842214,0.7433858530015287,not_assessed,18.095700619095968,37.395692191935396,0.7955789247892963,not_assessed,20.898945859016866,20.73665017571687,0.728718522847466,not_assessed
2018-08-20,2018-08-19,2018-08-22,96,0,0,0,0,0,0,0,900.0,True,True,96,0,0,0,0,0,0,0,900.0,True,True,96,0,0,0,0,0,0,0,900.0,True,True,True,True,A,,,Расчёт возможен по существующим правилам,computed,,13.972775958885657,32.23731279452537,0.7495989788749526,not_assessed,17.919518413216924,35.37448398580343,0.8026976139762119,not_assessed,20.705018672391848,18.294192752140695,0.6565071693004824,not_assessed
2018-08-21,2018-08-20,2018-08-23,96,0,0,0,0,0,0,0,900.0,True,True,96,0,0,0,0,0,0,0,900.0,True,True,96,0,0,0,0,0,0,0,900.0,True,True,True,True,A,,,Расчёт возможен по существующим правилам,computed,,3.6658650991268233,79.12991416388256,0.671351910554813,not_assessed,5.247698254774063,46.602223479577205,0.6318876956782589,not_assessed,6.846298458761221,34.96475336818713,0.653302943659688,not_assessed
2018-08-22,2018-08-21,2018-08-24,97,0,0,0,0,0,0,0,900.0,True,False,97,0,0,0,0,0,0,0,900.0,True,False,97,0,0,0,0,0,0,0,900.0,True,False,True,False,B,D1: неполное окружение ±12 ч; D2: неполное окружение ±12 ч; D3: неполное окружение ±12 ч,,D1: неполное окружение ±12 ч; D2: неполное окружение ±12 ч; D3: неполное окружение ±12 ч,skipped,,,,,,,,,,,,,
2018-08-23,2018-08-22,2018-08-25,96,0,0,0,0,0,0,0,900.0,False,False,96,0,0,0,0,0,0,0,900.0,False,False,96,0,0,0,0,0,0,0,900.0,False,False,False,False,B,D1: неполное покрытие суток; D2: неполное покрытие суток; D3: неполное покрытие суток,,D1: неполное покрытие суток; D2: неполное покрытие суток; D3: неполное покрытие суток,skipped,,,,,,,,,,,,,
2018-08-24,2018-08-23,2018-08-26,96,0,0,0,0,0,0,0,900.0,True,True,96,0,0,0,0,0,0,0,900.0,True,True,96,0,0,0,0,0,0,0,900.0,True,True,True,True,A,,,Расчёт возможен по существующим правилам,computed,,16.257010465014314,24.64304099069023,0.8131943100720612,not_assessed,17.59190435385055,14.247338283383522,0.7113413540100025,not_assessed,16.568342103151867,7.1141188550622045,0.36885946941795655,not_assessed
2018-08-25,2018-08-24,2018-08-27,96,0,0,0,0,0,0,0,900.0,True,True,96,0,0,0,0,0,0,0,900.0,True,True,96,0,0,0,0,0,0,0,900.0,True,True,True,True,A,,,Расчёт возможен по существующим правилам,computed,,15.770688031907843,20.95120032801281,0.7968102710179161,not_assessed,19.49275040451974,10.064043919294292,0.6676369986389625,not_assessed,23.86064680929527,5.017396797850734,0.30875229146218,not_assessed
2018-08-26,2018-08-25,2018-08-28,96,0,0,0,0,0,0,0,900.0,True,True,96,0,0,0,0,0,0,0,900.0,True,True,96,0,0,0,0,0,0,0,900.0,True,True,True,True,A,,,Расчёт возможен по существующим правилам,computed,,15.7669041039761,25.495318508229527,0.8082978895467275,not_assessed,19.504879112010432,13.001085493472571,0.6840250739628811,not_assessed,21.86146018825421,5.81371614471086,0.2795414048731796,not_assessed
2018-08-27,2018-08-26,2018-08-29,96,0,0,0,0,0,0,0,900.0,True,True,96,0,0,0,0,0,0,0,900.0,True,True,96,0,0,0,0,0,0,0,900.0,True,True,True,True,A,,,Расчёт возможен по существующим правилам,computed,,17.19874662961287,27.112271005101114,0.85246806334949,not_assessed,20.13241213337024,17.558222590752575,0.8280279422742582,not_assessed,23.60494235684208,4.470724891278352,0.1948417382922042,not_assessed
2018-08-28,2018-08-27,2018-08-30,96,0,0,0,0,0,0,0,900.0,True,True,96,0,0,0,0,0,0,0,900.0,True,True,96,0,0,0,0,0,0,0,900.0,True,True,True,True,A,,,Расчёт возможен по существующим правилам,computed,,3.386651871144942,46.14000344870312,0.5971700421743671,not_assessed,5.056532088872063,25.285924049150555,0.6933472342011914,not_assessed,7.195127029334185,19.013334465055472,0.5849686985762755,not_assessed
2018-08-29,2018-08-28,2018-08-31,96,0,0,0,0,0,0,0,900.0,True,True,96,0,0,0,0,0,0,0,900.0,True,True,96,0,0,0,0,0,0,0,900.0,True,True,True,True,A,,,Расчёт возможен по существующим правилам,computed,,17.5787230126749,16.70431412879956,0.7357318522206245,not_assessed,20.91299129733164,7.499119734610831,0.47632456952235824,not_assessed,0.7970198112900755,1.5345224177128833,0.025630240841046037,not_assessed
2018-08-30,2018-08-29,2018-09-01,96,0,0,0,0,0,0,0,900.0,True,True,96,0,0,0,0,0,0,0,900.0,True,True,96,0,0,0,0,0,0,0,900.0,True,True,True,True,A,,,Расчёт возможен по существующим правилам,computed,,17.140544119848617,23.218665286217846,0.7794009736417047,not_assessed,18.07867817281653,16.325688941684145,0.6543724579576684,not_assessed,17.3374985187875,10.871674137617003,0.4081815445149901,not_assessed
2018-08-31,2018-08-30,2018-09-02,96,0,0,0,0,0,0,0,900.0,True,True,96,0,0,0,0,0,0,0,900.0,True,True,96,0,0,0,0,0,0,0,900.0,True,True,True,True,A,,,Расчёт возможен по существующим правилам,computed,,16.27989439184532,24.6422375709276,0.8129008094787974,not_assessed,18.85822077632785,12.899546402669415,0.6979443565454548,not_assessed,18.81444265003445,3.0265654392658528,0.10109455577763315,not_assessed
2018-09-01,2018-08-31,2018-09-03,96,0,0,0,0,0,0,0,900.0,True,True,96,0,0,0,0,0,0,0,900.0,True,True,96,0,0,0,0,0,0,0,900.0,True,True,True,True,A,,,Расчёт возможен по существующим правилам,computed,,16.791918246001185,21.63469873417978,0.7168819421466834,not_assessed,20.610644050139296,16.18223023451286,0.746777465671209,not_assessed,23.17714386144945,10.91741820489243,0.5583303249963247,not_assessed
2018-09-02,2018-09-01,2018-09-04,96,0,0,0,0,0,0,0,900.0,True,True,96,0,0,0,0,0,0,0,900.0,True,True,96,0,0,0,0,0,0,0,900.0,True,True,True,True,A,,,Расчёт возможен по существующим правилам,computed,,17.456454798529496,24.41262644335219,0.8035626102871789,not_assessed,19.976149292974327,16.192584357590313,0.7115988753939627,not_assessed,22.63837512668774,6.252889613990831,0.2946122007271632,not_assessed
2018-09-03,2018-09-02,2018-09-05,96,0,0,0,0,0,0,0,900.0,True,True,96,0,0,0,0,0,0,0,900.0,True,True,96,0,0,0,0,0,0,0,900.0,True,True,True,True,A,,,Расчёт возможен по существующим правилам,computed,,16.220781149828078,30.45849937989462,0.7941668867958998,not_assessed,19.389739314891152,17.030113816680814,0.7586422855675051,not_assessed,2.4189604913971716,7.872389622785626,0.3517980314829273,not_assessed
2018-09-04,2018-09-03,2018-09-06,93,0,0,0,0,0,0,0,900.0,False,False,93,0,0,0,0,0,0,0,900.0,False,False,93,0,0,0,0,0,0,0,900.0,False,False,False,False,B,D1: неполное покрытие суток; D2: неполное покрытие суток; D3: неполное покрытие суток,,D1: неполное покрытие суток; D2: неполное покрытие суток; D3: неполное покрытие суток,skipped,,,,,,,,,,,,,
2018-09-05,2018-09-04,2018-09-07,96,0,0,3,0,0,0,0,900.0,False,False,96,0,0,3,0,0,0,0,900.0,False,False,96,0,0,3,0,0,0,0,900.0,False,False,False,False,B,D1: неполное покрытие суток (служебные значения); D2: неполное покрытие суток (служебные значения); D3: неполное покрытие суток (служебные значения),,D1: неполное покрытие суток (служебные значения); D2: неполное покрытие суток (служебные значения); D3: неполное покрытие суток (служебные значения),skipped,,,,,,,,,,,,,
2018-09-06,2018-09-05,2018-09-08,96,0,0,3,0,0,0,0,900.0,False,False,96,0,0,3,0,0,0,0,900.0,False,False,96,0,0,3,0,0,0,0,900.0,False,False,False,False,B,D1: неполное покрытие суток (служебные значения); D2: неполное покрытие суток (служебные значения); D3: неполное покрытие суток (служебные значения),,D1: неполное покрытие суток (служебные значения); D2: неполное покрытие суток (служебные значения); D3: неполное покрытие суток (служебные значения),skipped,,,,,,,,,,,,,
2018-09-07,2018-09-06,2018-09-09,96,0,0,0,0,0,0,0,900.0,True,True,96,0,0,0,0,0,0,0,900.0,True,True,96,0,0,0,0,0,0,0,900.0,True,True,True,True,A,,,Расчёт возможен по существующим правилам,computed,,13.633731738885585,28.33207542123029,0.7818343481641414,not_assessed,17.993309440136716,27.71980508546624,0.8766801793316755,not_assessed,21.887884260564952,13.846975859168692,0.6630131960849597,not_assessed
2018-09-08,2018-09-07,2018-09-10,96,0,0,0,0,0,0,0,900.0,True,True,96,0,0,0,0,0,0,0,900.0,True,True,96,0,0,0,0,0,0,0,900.0,True,True,True,True,A,,,Расчёт возможен по существующим правилам,computed,,13.76684998591576,29.14739383199988,0.7880952685930259,not_assessed,18.14113608066964,26.8317896733722,0.8820074851774892,not_assessed,21.667403108549202,14.225277829451388,0.7082098680796689,not_assessed
2018-09-09,2018-09-08,2018-09-11,96,0,0,0,0,0,0,0,900.0,True,True,96,0,0,0,0,0,0,0,900.0,True,True,96,0,0,0,0,0,0,0,900.0,True,True,True,True,A,,,Расчёт возможен по существующим правилам,computed,,13.375098050047706,28.160572499772435,0.7442908259607093,not_assessed,18.045562326387305,26.311992973340892,0.8927075634425189,not_assessed,21.8101809561497,14.222147580438344,0.7162808540269576,not_assessed
2018-09-10,2018-09-09,2018-09-12,96,0,0,1,0,0,19,19,900.0,False,False,96,0,0,1,0,0,19,19,900.0,False,False,96,0,0,1,0,0,19,19,900.0,False,False,False,False,B,D1: неполное покрытие суток (служебные значения); D2: неполное покрытие суток (служебные значения); D3: неполное покрытие суток (служебные значения),D1: диагностический постоянный участок в окнах расчёта; D2: диагностический постоянный участок в окнах расчёта; D3: диагностический постоянный участок в окнах расчёта,D1: неполное покрытие суток (служебные значения); D2: неполное покрытие суток (служебные значения); D3: неполное покрытие суток (служебные значения); D1: диагностический постоянный участок в окнах расчёта; D2: диагностический постоянный участок в окнах расчёта; D3: диагностический постоянный участок в окнах расчёта,skipped,,,,,,,,,,,,,
2018-09-11,2018-09-10,2018-09-13,87,0,0,1,0,0,96,96,900.0,False,False,87,0,0,1,0,0,96,96,900.0,False,False,87,0,0,1,0,0,96,96,900.0,False,False,False,False,B,D1: неполное покрытие суток (служебные значения); D2: неполное покрытие суток (служебные значения); D3: неполное покрытие суток (служебные значения),D1: диагностический постоянный участок в окнах расчёта; D2: диагностический постоянный участок в окнах расчёта; D3: диагностический постоянный участок в окнах расчёта,D1: неполное покрытие суток (служебные значения); D2: неполное покрытие суток (служебные значения); D3: неполное покрытие суток (служебные значения); D1: диагностический постоянный участок в окнах расчёта; D2: диагностический постоянный участок в окнах расчёта; D3: диагностический постоянный участок в окнах расчёта,skipped,,,,,,,,,,,,,
2018-09-12,2018-09-11,2018-09-14,96,0,0,0,0,0,76,76,900.0,True,True,96,0,0,0,0,0,76,76,900.0,True,True,96,0,0,0,0,0,76,76,900.0,True,True,True,True,C,,D1: диагностический постоянный участок в окнах расчёта; D2: диагностический постоянный участок в окнах расчёта; D3: диагностический постоянный участок в окнах расчёта,D1: диагностический постоянный участок в окнах расчёта; D2: диагностический постоянный участок в окнах расчёта; D3: диагностический постоянный участок в окнах расчёта,skipped,,,,,,,,,,,,,
2018-09-13,2018-09-12,2018-09-15,96,0,0,0,0,0,0,0,900.0,True,True,96,0,0,0,0,0,0,0,900.0,True,True,96,0,0,0,0,0,0,0,900.0,True,True,True,True,A,,,Расчёт возможен по существующим правилам,computed,,16.53790222859103,20.102542356343022,0.7686023040016472,not_assessed,20.414316432105057,10.746840640423928,0.6500395891020676,not_assessed,1.5841598842088223,5.222124076037966,0.2614835514293409,not_assessed
2018-09-14,2018-09-13,2018-09-16,96,0,0,0,0,0,0,0,900.0,True,True,96,0,0,0,0,0,0,0,900.0,True,True,96,0,0,0,0,0,0,0,900.0,True,True,True,True,A,,,Расчёт возможен по существующим правилам,computed,,15.866832310011821,21.44172456998424,0.7500526705907217,not_assessed,20.115847398788972,10.25936880967426,0.7062603784826031,not_assessed,0.6328192079269489,5.170622807775961,0.2627305746712605,not_assessed
2018-09-15,2018-09-14,2018-09-17,96,0,0,0,0,0,0,0,900.0,True,True,96,0,0,0,0,0,0,0,900.0,True,True,96,0,0,0,0,0,0,0,900.0,True,True,True,True,A,,,Расчёт возможен по существующим правилам,computed,,15.957740781494271,18.971269243838247,0.6917648467040183,not_assessed,19.75944881847292,11.183532446080703,0.6221784595717901,not_assessed,0.02722411878375839,5.449683959170155,0.25322414850569286,not_assessed
2018-09-16,2018-09-15,2018-09-18,96,0,0,0,0,0,0,0,900.0,True,True,96,0,0,0,0,0,0,0,900.0,True,True,96,0,0,0,0,0,0,0,900.0,True,True,True,True,A,,,Расчёт возможен по существующим правилам,computed,,16.21879686692428,22.560808919092068,0.6950613783613263,not_assessed,19.716035036701683,14.079714717292314,0.7160493033725388,not_assessed,23.579866123249005,6.122488098200898,0.2416714832624537,not_assessed
2018-09-17,2018-09-16,2018-09-19,96,0,0,0,0,0,0,0,900.0,True,True,96,0,0,0,0,0,0,0,900.0,True,True,96,0,0,0,0,0,0,0,900.0,True,True,True,True,A,,,Расчёт возможен по существующим правилам,computed,,17.082299954496687,30.818794649020077,0.8515212305120429,not_assessed,19.704548577454545,21.46883927683961,0.849341737027113,not_assessed,23.178648102206477,8.60367775813332,0.4953447881102836,not_assessed
2018-09-18,2018-09-17,2018-09-20,96,0,0,1,0,0,54,54,900.0,False,False,96,0,0,1,0,0,54,54,900.0,False,False,96,0,0,1,0,0,54,54,900.0,False,False,False,False,B,D1: неполное покрытие суток (служебные значения); D2: неполное покрытие суток (служебные значения); D3: неполное покрытие суток (служебные значения),D1: диагностический постоянный участок в окнах расчёта; D2: диагностический постоянный участок в окнах расчёта; D3: диагностический постоянный участок в окнах расчёта,D1: неполное покрытие суток (служебные значения); D2: неполное покрытие суток (служебные значения); D3: неполное покрытие суток (служебные значения); D1: диагностический постоянный участок в окнах расчёта; D2: диагностический постоянный участок в окнах расчёта; D3: диагностический постоянный участок в окнах расчёта,skipped,,,,,,,,,,,,,
2018-09-19,2018-09-18,2018-09-21,95,0,0,1,0,0,54,54,900.0,False,False,95,0,0,1,0,0,54,54,900.0,False,False,95,0,0,1,0,0,54,54,900.0,False,False,False,False,B,D1: неполное покрытие суток (служебные значения); D2: неполное покрытие суток (служебные значения); D3: неполное покрытие суток (служебные значения),D1: диагностический постоянный участок в окнах расчёта; D2: диагностический постоянный участок в окнах расчёта; D3: диагностический постоянный участок в окнах расчёта,D1: неполное покрытие суток (служебные значения); D2: неполное покрытие суток (служебные значения); D3: неполное покрытие суток (служебные значения); D1: диагностический постоянный участок в окнах расчёта; D2: диагностический постоянный участок в окнах расчёта; D3: диагностический постоянный участок в окнах расчёта,skipped,,,,,,,,,,,,,
2018-09-20,2018-09-19,2018-09-22,96,0,0,0,0,0,0,0,900.0,True,True,96,0,0,0,0,0,0,0,900.0,True,True,96,0,0,0,0,0,0,0,900.0,True,True,True,True,A,,,Расчёт возможен по существующим правилам,computed,,15.250900891699384,35.064914432102825,0.7320334492048024,not_assessed,18.84217252472331,25.761152439245368,0.844241976584123,not_assessed,21.450412989982212,11.85925395406011,0.583101871165254,not_assessed
2018-09-21,2018-09-20,2018-09-23,96,0,0,0,0,0,0,0,900.0,True,True,96,0,0,0,0,0,0,0,900.0,True,True,96,0,0,0,0,0,0,0,900.0,True,True,True,True,A,,,Расчёт возможен по существующим правилам,computed,,14.44688871458597,35.56898294470282,0.7812054096685401,not_assessed,18.582829252569187,31.37770739508261,0.8656213299450839,not_assessed,22.32945652580265,16.034071977650893,0.6908634176637303,not_assessed
2018-09-22,2018-09-21,2018-09-24,96,0,0,0,0,0,0,0,900.0,True,True,96,0,0,0,0,0,0,0,900.0,True,True,96,0,0,0,0,0,0,0,900.0,True,True,True,True,A,,,Расчёт возможен по существующим правилам,computed,,13.471847783398843,31.940887305089838,0.7826907855386117,not_assessed,17.975791363740818,29.248642173398476,0.8599070361131914,not_assessed,21.540036852847752,14.5515101345278,0.6994974611796054,not_assessed
2018-09-23,2018-09-22,2018-09-25,96,0,0,0,0,0,0,0,900.0,True,True,96,0,0,0,0,0,0,0,900.0,True,True,96,0,0,0,0,0,0,0,900.0,True,True,True,True,A,,,Расчёт возможен по существующим правилам,computed,,13.407417011576975,33.17414765080861,0.8034126189870265,not_assessed,18.085020656150036,28.283367261007356,0.8870754070326092,not_assessed,21.728640609383252,11.979616138512256,0.6404327738313866,not_assessed
2018-09-24,2018-09-23,2018-09-26,96,1,0,0,0,0,0,0,899.0,True,False,96,1,0,0,0,0,0,0,899.0,True,False,96,1,0,0,0,0,0,0,899.0,True,False,True,False,B,D1: неполное окружение ±12 ч; D2: неполное окружение ±12 ч; D3: неполное окружение ±12 ч,D1: повторные метки в трёхсуточном контексте; D2: повторные метки в трёхсуточном контексте; D3: повторные метки в трёхсуточном контексте,D1: неполное окружение ±12 ч; D2: неполное окружение ±12 ч; D3: неполное окружение ±12 ч; D1: повторные метки в трёхсуточном контексте; D2: повторные метки в трёхсуточном контексте; D3: повторные метки в трёхсуточном контексте,skipped,,,,,,,,,,,,,
2018-09-25,2018-09-24,2018-09-27,207,5,6,0,0,0,0,0,5.0,False,False,207,4,6,0,0,0,0,0,5.0,False,False,207,4,6,0,0,0,0,0,5.0,False,False,False,False,B,D1: неполное покрытие суток; D2: неполное покрытие суток; D3: неполное покрытие суток,D1: повторные метки в трёхсуточном контексте; D2: повторные метки в трёхсуточном контексте; D3: повторные метки в трёхсуточном контексте,D1: неполное покрытие суток; D2: неполное покрытие суток; D3: неполное покрытие суток; D1: повторные метки в трёхсуточном контексте; D2: повторные метки в трёхсуточном контексте; D3: повторные метки в трёхсуточном контексте,skipped,,,,,,,,,,,,,
2018-09-26,2018-09-25,2018-09-28,323,11,16,0,0,0,0,0,3.0,False,False,323,9,14,0,0,0,0,0,3.0,False,False,323,9,14,0,0,0,0,0,3.0,False,False,False,False,B,D1: неполное покрытие суток; D2: неполное покрытие суток; D3: неполное покрытие суток,D1: повторные метки в трёхсуточном контексте; D2: повторные метки в трёхсуточном контексте; D3: повторные метки в трёхсуточном контексте,D1: неполное покрытие суток; D2: неполное покрытие суток; D3: неполное покрытие суток; D1: повторные метки в трёхсуточном контексте; D2: повторные метки в трёхсуточном контексте; D3: повторные метки в трёхсуточном контексте,skipped,,,,,,,,,,,,,
2018-09-27,2018-09-26,2018-09-29,324,13,22,0,0,0,0,0,3.0,False,False,324,11,18,0,0,0,0,0,3.0,False,False,324,11,18,0,0,0,0,0,3.0,False,False,False,False,B,D1: неполное покрытие суток; D2: неполное покрытие суток; D3: неполное покрытие суток,D1: повторные метки в трёхсуточном контексте; D2: повторные метки в трёхсуточном контексте; D3: повторные метки в трёхсуточном контексте,D1: неполное покрытие суток; D2: неполное покрытие суток; D3: неполное покрытие суток; D1: повторные метки в трёхсуточном контексте; D2: повторные метки в трёхсуточном контексте; D3: повторные метки в трёхсуточном контексте,skipped,,,,,,,,,,,,,
2018-09-28,2018-09-27,2018-09-30,206,9,12,0,0,0,0,0,5.0,False,False,206,8,10,0,0,0,0,0,5.0,False,False,206,8,10,0,0,0,0,0,5.0,False,False,False,False,B,D1: неполное покрытие суток; D2: неполное покрытие суток; D3: неполное покрытие суток,D1: повторные метки в трёхсуточном контексте; D2: повторные метки в трёхсуточном контексте; D3: повторные метки в трёхсуточном контексте,D1: неполное покрытие суток; D2: неполное покрытие суток; D3: неполное покрытие суток; D1: повторные метки в трёхсуточном контексте; D2: повторные метки в трёхсуточном контексте; D3: повторные метки в трёхсуточном контексте,skipped,,,,,,,,,,,,,
2018-09-29,2018-09-28,2018-10-01,96,3,0,0,0,0,0,0,899.0,True,True,96,3,0,0,0,0,0,0,899.0,True,True,96,3,0,0,0,0,0,0,899.0,True,True,True,True,C,,D1: повторные метки в трёхсуточном контексте; D2: повторные метки в трёхсуточном контексте; D3: повторные метки в трёхсуточном контексте,D1: повторные метки в трёхсуточном контексте; D2: повторные метки в трёхсуточном контексте; D3: повторные метки в трёхсуточном контексте,skipped,,,,,,,,,,,,,
2018-09-30,2018-09-29,2018-10-02,96,0,0,0,0,0,0,0,900.0,True,True,96,0,0,0,0,0,0,0,900.0,True,True,96,0,0,0,0,0,0,0,900.0,True,True,True,True,A,,,Расчёт возможен по существующим правилам,computed,,15.188439667130377,22.69307041311352,0.7342855617299323,not_assessed,18.81910426873589,13.58308144745801,0.705898538217848,not_assessed,23.46812236995398,5.30292755532923,0.2585172924570702,not_assessed
2018-10-01,2018-09-30,2018-10-03,96,0,0,0,0,0,0,0,900.0,True,True,96,0,0,0,0,0,0,0,900.0,True,True,96,0,0,0,0,0,0,0,900.0,True,True,True,True,A,,,Расчёт возможен по существующим правилам,computed,,16.362966733089632,4.624789565662409,0.2322203013349573,not_assessed,20.068720740128246,3.9506271208350294,0.2858100827996486,not_assessed,2.267128690429006,1.1219061584451226,0.016864879874329386,not_assessed
2018-10-02,2018-10-01,2018-10-04,96,0,0,0,0,0,0,0,900.0,True,True,96,0,0,0,0,0,0,0,900.0,True,True,96,0,0,0,0,0,0,0,900.0,True,True,True,True,A,,,Расчёт возможен по существующим правилам,computed,,14.540190844766231,13.690027958113644,0.6815107762251192,not_assessed,17.668346513191423,8.014276697961519,0.49217849227224797,not_assessed,21.560692298015283,3.626446478826949,0.13595413768724174,not_assessed
2018-10-03,2018-10-02,2018-10-05,96,0,0,0,0,0,0,0,900.0,True,True,96,0,0,0,0,0,0,0,900.0,True,True,96,0,0,0,0,0,0,0,900.0,True,True,True,True,A,,,Расчёт возможен по существующим правилам,computed,,15.49753569550035,25.24641116819217,0.8166919375704014,not_assessed,18.92698485408832,14.24984111815605,0.7768980636892233,not_assessed,23.35255009015368,6.1560720441183925,0.27590496023807654,not_assessed
2018-10-04,2018-10-03,2018-10-06,96,0,0,0,0,0,0,0,900.0,True,True,96,0,0,0,0,0,0,0,900.0,True,True,96,0,0,0,0,0,0,0,900.0,True,True,True,True,A,,,Расчёт возможен по существующим правилам,computed,,16.40694390163047,30.384204614950495,0.8152592032521826,not_assessed,19.300272002196085,20.09869361907647,0.8614406447211765,not_assessed,23.114594732357148,9.622729831689169,0.5258433056255956,not_assessed
2018-10-05,2018-10-04,2018-10-07,96,0,0,0,0,0,0,0,900.0,True,True,96,0,0,0,0,0,0,0,900.0,True,True,96,0,0,0,0,0,0,0,900.0,True,True,True,True,A,,,Расчёт возможен по существующим правилам,computed,,15.35633300894683,34.82902834698146,0.7473063692109306,not_assessed,18.716876700013028,26.14981820014893,0.8234155217838471,not_assessed,22.664937905285694,12.930716351567588,0.6017008693979697,not_assessed
2018-10-06,2018-10-05,2018-10-08,96,0,0,0,0,0,0,0,900.0,True,True,96,0,0,0,0,0,0,0,900.0,True,True,96,0,0,0,0,0,0,0,900.0,True,True,True,True,A,,,Расчёт возможен по существующим правилам,computed,,14.211951261737712,29.81828752380293,0.7191126130102317,not_assessed,18.2641109136193,25.609256453757403,0.8444289912931008,not_assessed,22.060028762885235,12.076707884077386,0.5966276021984049,not_assessed
2018-10-07,2018-10-06,2018-10-09,96,0,0,0,0,0,0,0,900.0,True,True,96,0,0,0,0,0,0,0,900.0,True,True,96,0,0,0,0,0,0,0,900.0,True,True,True,True,A,,,Расчёт возможен по существующим правилам,computed,,14.16501593336044,18.148625829249116,0.7272849207870165,not_assessed,18.066724755310844,14.9900788635851,0.7599367873546672,not_assessed,22.411689894676748,7.133413458527195,0.36923672929804485,not_assessed
2018-10-08,2018-10-07,2018-10-10,96,0,0,0,0,0,0,0,900.0,True,True,96,0,0,0,0,0,0,0,900.0,True,True,96,0,0,0,0,0,0,0,900.0,True,True,True,True,A,,,Расчёт возможен по существующим правилам,computed,,14.687444857492624,21.600154835567896,0.6586680065468247,not_assessed,18.29513343642986,19.469968999170902,0.8437413163225047,not_assessed,21.48659464960045,8.680417457902688,0.48392743560611806,not_assessed
2018-10-09,2018-10-08,2018-10-11,96,0,0,0,0,0,0,0,900.0,True,True,96,0,0,0,0,0,0,0,900.0,True,True,96,0,0,0,0,0,0,0,900.0,True,True,True,True,A,,,Расчёт возможен по существующим правилам,computed,,3.678213894505682,77.70836678570763,0.677219114055694,not_assessed,5.253988126103462,49.58772905479993,0.6978444245893753,not_assessed,7.198246980813523,36.87488048981128,0.7705907703217605,not_assessed
2018-10-10,2018-10-09,2018-10-12,96,0,0,0,0,0,0,0,900.0,True,True,96,0,0,0,0,0,0,0,900.0,True,True,96,0,0,0,0,0,0,0,900.0,True,True,True,True,A,,,Расчёт возможен по существующим правилам,computed,,16.90063420745794,12.827178504796349,0.6500851217443224,not_assessed,22.368287106153076,6.791990910100052,0.4955959624432624,not_assessed,4.374692790444799,1.4986542201304007,0.03742741301282082,not_assessed
2018-10-11,2018-10-10,2018-10-13,93,0,0,0,0,0,0,0,900.0,False,False,93,0,0,0,0,0,0,0,900.0,False,False,93,0,0,0,0,0,0,0,900.0,False,False,False,False,B,D1: неполное покрытие суток; D2: неполное покрытие суток; D3: неполное покрытие суток,,D1: неполное покрытие суток; D2: неполное покрытие суток; D3: неполное покрытие суток,skipped,,,,,,,,,,,,,
2018-10-12,2018-10-11,2018-10-14,96,0,0,1,0,0,0,0,900.0,False,False,96,0,0,1,0,0,0,0,900.0,False,False,96,0,0,1,0,0,0,0,900.0,False,False,False,False,B,D1: неполное покрытие суток (служебные значения); D2: неполное покрытие суток (служебные значения); D3: неполное покрытие суток (служебные значения),,D1: неполное покрытие суток (служебные значения); D2: неполное покрытие суток (служебные значения); D3: неполное покрытие суток (служебные значения),skipped,,,,,,,,,,,,,
2018-10-13,2018-10-12,2018-10-15,96,0,0,4,0,0,0,0,900.0,False,False,96,0,0,4,0,0,0,0,900.0,False,False,96,0,0,4,0,0,0,0,900.0,False,False,False,False,B,D1: неполное покрытие суток (служебные значения); D2: неполное покрытие суток (служебные значения); D3: неполное покрытие суток (служебные значения),,D1: неполное покрытие суток (служебные значения); D2: неполное покрытие суток (служебные значения); D3: неполное покрытие суток (служебные значения),skipped,,,,,,,,,,,,,
2018-10-14,2018-10-13,2018-10-16,96,0,0,3,0,0,0,0,900.0,False,False,96,0,0,3,0,0,0,0,900.0,False,False,96,0,0,3,0,0,0,0,900.0,False,False,False,False,B,D1: неполное покрытие суток (служебные значения); D2: неполное покрытие суток (служебные значения); D3: неполное покрытие суток (служебные значения),,D1: неполное покрытие суток (служебные значения); D2: неполное покрытие суток (служебные значения); D3: неполное покрытие суток (служебные значения),skipped,,,,,,,,,,,,,
2018-10-15,2018-10-14,2018-10-17,96,0,0,0,0,0,0,0,900.0,True,True,96,0,0,0,0,0,0,0,900.0,True,True,96,0,0,0,0,0,0,0,900.0,True,True,True,True,A,,,Расчёт возможен по существующим правилам,computed,,15.679044402377789,24.612821940277517,0.7782828253363587,not_assessed,20.3909291179309,12.102475281431353,0.7373609497332454,not_assessed,1.060430749983301,5.871793543539133,0.3101069736372889,not_assessed
2018-10-16,2018-10-15,2018-10-18,96,0,0,1,0,0,0,0,900.0,False,False,96,0,0,1,0,0,0,0,900.0,False,False,96,0,0,1,0,0,0,0,900.0,False,False,False,False,B,D1: неполное покрытие суток (служебные значения); D2: неполное покрытие суток (служебные значения); D3: неполное покрытие суток (служебные значения),,D1: неполное покрытие суток (служебные значения); D2: неполное покрытие суток (служебные значения); D3: неполное покрытие суток (служебные значения),skipped,,,,,,,,,,,,,
2018-10-17,2018-10-16,2018-10-19,96,0,0,6,0,0,0,0,900.0,False,False,96,0,0,6,0,0,0,0,900.0,False,False,96,0,0,6,0,0,0,0,900.0,False,False,False,False,B,D1: неполное покрытие суток (служебные значения); D2: неполное покрытие суток (служебные значения); D3: неполное покрытие суток (служебные значения),,D1: неполное покрытие суток (служебные значения); D2: неполное покрытие суток (служебные значения); D3: неполное покрытие суток (служебные значения),skipped,,,,,,,,,,,,,
2018-10-18,2018-10-17,2018-10-20,96,0,0,5,0,0,0,0,900.0,False,False,96,0,0,5,0,0,0,0,900.0,False,False,96,0,0,5,0,0,0,0,900.0,False,False,False,False,B,D1: неполное покрытие суток (служебные значения); D2: неполное покрытие суток (служебные значения); D3: неполное покрытие суток (служебные значения),,D1: неполное покрытие суток (служебные значения); D2: неполное покрытие суток (служебные значения); D3: неполное покрытие суток (служебные значения),skipped,,,,,,,,,,,,,
2018-10-19,2018-10-18,2018-10-21,96,0,0,0,0,0,0,0,900.0,True,True,96,0,0,0,0,0,0,0,900.0,True,True,96,0,0,0,0,0,0,0,900.0,True,True,True,True,A,,,Расчёт возможен по существующим правилам,computed,,15.734405119738371,30.360453819591335,0.8468341449654797,not_assessed,19.881133079714964,16.14061496690064,0.7949555656632061,not_assessed,23.43234937360671,6.927528897611812,0.34560856825121,not_assessed
2018-10-20,2018-10-19,2018-10-22,96,0,0,1,0,0,0,0,900.0,False,False,96,0,0,1,0,0,0,0,900.0,False,False,96,0,0,1,0,0,0,0,900.0,False,False,False,False,B,D1: неполное покрытие суток (служебные значения); D2: неполное покрытие суток (служебные значения); D3: неполное покрытие суток (служебные значения),,D1: неполное покрытие суток (служебные значения); D2: неполное покрытие суток (служебные значения); D3: неполное покрытие суток (служебные значения),skipped,,,,,,,,,,,,,
2018-10-21,2018-10-20,2018-10-23,96,0,0,1,0,0,0,0,900.0,True,False,96,0,0,1,0,0,0,0,900.0,True,False,96,0,0,1,0,0,0,0,900.0,True,False,True,False,B,D1: неполное окружение ±12 ч (служебные значения); D2: неполное окружение ±12 ч (служебные значения); D3: неполное окружение ±12 ч (служебные значения),,D1: неполное окружение ±12 ч (служебные значения); D2: неполное окружение ±12 ч (служебные значения); D3: неполное окружение ±12 ч (служебные значения),skipped,,,,,,,,,,,,,
2018-10-22,2018-10-21,2018-10-24,96,0,0,0,0,0,0,0,900.0,True,True,96,0,0,0,0,0,0,0,900.0,True,True,96,0,0,0,0,0,0,0,900.0,True,True,True,True,A,,,Расчёт возможен по существующим правилам,computed,,16.009910059340108,20.908692010170363,0.7216828002671978,not_assessed,18.800466777276284,13.469223643684499,0.7217998539817735,not_assessed,22.91428841880012,5.133281084980598,0.29645423728417597,not_assessed
2018-10-23,2018-10-22,2018-10-25,96,0,0,0,0,0,0,0,900.0,True,True,96,0,0,0,0,0,0,0,900.0,True,True,96,0,0,0,0,0,0,0,900.0,True,True,True,True,A,,,Расчёт возможен по существующим правилам,computed,,3.825813063319287,64.80592743091734,0.7096495918326412,not_assessed,5.570948437343458,42.15893667411832,0.7528899232687288,not_assessed,7.29295786894944,24.631204391723625,0.7355976761243399,not_assessed
2018-10-24,2018-10-23,2018-10-26,96,0,0,0,0,0,0,0,900.0,True,True,96,0,0,0,0,0,0,0,900.0,True,True,96,0,0,0,0,0,0,0,900.0,True,True,True,True,A,,,Расчёт возможен по существующим правилам,computed,,17.61828668944329,10.010372174979901,0.6144507319821253,not_assessed,21.087893962170117,4.006731826921897,0.2947938467674346,not_assessed,3.9069087677342824,0.4571850734843348,0.002501439500713021,not_assessed
2018-10-25,2018-10-24,2018-10-27,96,0,0,0,0,0,0,0,900.0,True,True,96,0,0,0,0,0,0,0,900.0,True,True,96,0,0,0,0,0,0,0,900.0,True,True,True,True,A,,,Расчёт возможен по существующим правилам,computed,,17.010472409649704,13.794395909574458,0.7151502987893272,not_assessed,21.609765779570992,7.70148315579826,0.5962246877168125,not_assessed,4.551777810970126,2.2898656545772367,0.07347146478467259,not_assessed
2018-10-26,2018-10-25,2018-10-28,96,0,0,0,0,0,0,0,900.0,True,True,96,0,0,0,0,0,0,0,900.0,True,True,96,0,0,0,0,0,0,0,900.0,True,True,True,True,A,,,Расчёт возможен по существующим правилам,computed,,16.75215046934258,18.357422996357624,0.8091084624774049,not_assessed,20.381168326618095,8.737198706400102,0.5708245763379368,not_assessed,1.9362438951480716,2.943685364272313,0.10940049965784471,not_assessed
2018-10-27,2018-10-26,2018-10-29,96,0,0,1,0,0,0,0,900.0,False,False,96,0,0,1,0,0,0,0,900.0,False,False,96,0,0,1,0,0,0,0,900.0,False,False,False,False,B,D1: неполное покрытие суток (служебные значения); D2: неполное покрытие суток (служебные значения); D3: неполное покрытие суток (служебные значения),,D1: неполное покрытие суток (служебные значения); D2: неполное покрытие суток (служебные значения); D3: неполное покрытие суток (служебные значения),skipped,,,,,,,,,,,,,
2018-10-28,2018-10-27,2018-10-30,96,0,0,1,0,0,0,0,900.0,True,False,96,0,0,1,0,0,0,0,900.0,True,False,96,0,0,1,0,0,0,0,900.0,True,False,True,False,B,D1: неполное окружение ±12 ч (служебные значения); D2: неполное окружение ±12 ч (служебные значения); D3: неполное окружение ±12 ч (служебные значения),,D1: неполное окружение ±12 ч (служебные значения); D2: неполное окружение ±12 ч (служебные значения); D3: неполное окружение ±12 ч (служебные значения),skipped,,,,,,,,,,,,,
2018-10-29,2018-10-28,2018-10-31,96,0,0,0,0,0,0,0,900.0,True,True,96,0,0,0,0,0,0,0,900.0,True,True,96,0,0,0,0,0,0,0,900.0,True,True,True,True,A,,,Расчёт возможен по существующим правилам,computed,,15.779489655813308,20.044864973397736,0.7941246334509638,not_assessed,19.514728778971204,10.37404671883195,0.6310720938289889,not_assessed,0.10149170707678094,3.7034715138993493,0.1482620251464135,not_assessed
2018-10-30,2018-10-29,2018-11-01,96,0,0,0,0,0,0,0,900.0,True,True,96,0,0,0,0,0,0,0,900.0,True,True,96,0,0,0,0,0,0,0,900.0,True,True,True,True,A,,,Расчёт возможен по существующим правилам,computed,,16.268548526822347,18.734705315458733,0.7732863477956309,not_assessed,19.80749860305091,10.762311037141322,0.6827787040058907,not_assessed,23.64145418948886,3.445365047282992,0.14059898423984563,not_assessed
2018-10-31,2018-10-30,2018-11-02,96,0,0,0,0,0,0,0,900.0,True,True,96,0,0,0,0,0,0,0,900.0,True,True,96,0,0,0,0,0,0,0,900.0,True,True,True,True,A,,,Расчёт возможен по существующим правилам,computed,,15.827175779160614,23.309710092971148,0.8159836508040581,not_assessed,19.181064471987813,10.835200517821445,0.6027242499639499,not_assessed,23.94723582253374,3.3047473576534485,0.10923664969207503,not_assessed
2018-11-01,2018-10-31,2018-11-03,96,0,0,0,0,0,0,0,900.0,True,True,96,0,0,0,0,0,0,0,900.0,True,True,96,0,0,0,0,0,0,0,900.0,True,True,True,True,A,,,Расчёт возможен по существующим правилам,computed,,15.945835132909435,23.658685594999778,0.8578360377415499,not_assessed,19.57991763866923,13.205649738164219,0.740260685798394,not_assessed,23.764007491500376,6.294867137579962,0.38292927137732957,not_assessed
2018-11-02,2018-11-01,2018-11-04,96,0,0,0,0,0,0,0,900.0,True,True,96,0,0,0,0,0,0,0,900.0,True,True,96,0,0,0,0,0,0,0,900.0,True,True,True,True,A,,,Расчёт возможен по существующим правилам,computed,,15.838435147962851,28.182963998693403,0.8596578490873897,not_assessed,19.40530329154573,14.777116012243805,0.7679814987537588,not_assessed,23.409397381862224,4.552531601990782,0.21958177752775188,not_assessed
2018-11-03,2018-11-02,2018-11-05,96,0,0,0,0,0,0,0,900.0,True,True,96,0,0,0,0,0,0,0,900.0,True,True,96,0,0,0,0,0,0,0,900.0,True,True,True,True,A,,,Расчёт возможен по существующим правилам,computed,,15.633874604941028,27.913684321530383,0.8375950031275348,not_assessed,19.276868659898213,14.949732956837053,0.7682250342456567,not_assessed,0.3678592570057859,6.464553549460426,0.2672587294556138,not_assessed
2018-11-04,2018-11-03,2018-11-06,96,0,0,0,0,0,0,0,900.0,True,True,96,0,0,0,0,0,0,0,900.0,True,True,96,0,0,0,0,0,0,0,900.0,True,True,True,True,A,,,Расчёт возможен по существующим правилам,computed,,15.622396366767232,30.1991539678706,0.7271837943565937,not_assessed,19.166789052191778,17.705457237153066,0.7937729674026369,not_assessed,23.674332729322316,8.47471843307997,0.4444392522024039,not_assessed
2018-11-05,2018-11-04,2018-11-07,86,0,0,0,0,0,31,31,900.0,False,False,86,0,0,0,0,0,31,31,900.0,False,False,86,0,0,0,0,0,31,31,900.0,False,False,False,False,B,D1: неполное покрытие суток; D2: неполное покрытие суток; D3: неполное покрытие суток,D1: диагностический постоянный участок в окнах расчёта; D2: диагностический постоянный участок в окнах расчёта; D3: диагностический постоянный участок в окнах расчёта,D1: неполное покрытие суток; D2: неполное покрытие суток; D3: неполное покрытие суток; D1: диагностический постоянный участок в окнах расчёта; D2: диагностический постоянный участок в окнах расчёта; D3: диагностический постоянный участок в окнах расчёта,skipped,,,,,,,,,,,,,
2018-11-06,2018-11-05,2018-11-08,89,0,0,0,0,0,136,136,900.0,False,False,89,0,0,0,0,0,136,136,900.0,False,False,89,0,0,0,0,0,136,136,900.0,False,False,False,False,B,D1: неполное покрытие суток; D2: неполное покрытие суток; D3: неполное покрытие суток,D1: диагностический постоянный участок в окнах расчёта; D2: диагностический постоянный участок в окнах расчёта; D3: диагностический постоянный участок в окнах расчёта,D1: неполное покрытие суток; D2: неполное покрытие суток; D3: неполное покрытие суток; D1: диагностический постоянный участок в окнах расчёта; D2: диагностический постоянный участок в окнах расчёта; D3: диагностический постоянный участок в окнах расчёта,skipped,,,,,,,,,,,,,
2018-11-07,2018-11-06,2018-11-09,96,0,0,0,0,0,112,112,900.0,True,True,96,0,0,0,0,0,112,112,900.0,True,True,96,0,0,0,0,0,112,112,900.0,True,True,True,True,C,,D1: диагностический постоянный участок в окнах расчёта; D2: диагностический постоянный участок в окнах расчёта; D3: диагностический постоянный участок в окнах расчёта,D1: диагностический постоянный участок в окнах расчёта; D2: диагностический постоянный участок в окнах расчёта; D3: диагностический постоянный участок в окнах расчёта,skipped,,,,,,,,,,,,,
2018-11-08,2018-11-07,2018-11-10,96,0,0,0,0,0,16,16,900.0,True,True,96,0,0,0,0,0,16,16,900.0,True,True,96,0,0,0,0,0,16,16,900.0,True,True,True,True,C,,D1: диагностический постоянный участок в окнах расчёта; D2: диагностический постоянный участок в окнах расчёта; D3: диагностический постоянный участок в окнах расчёта,D1: диагностический постоянный участок в окнах расчёта; D2: диагностический постоянный участок в окнах расчёта; D3: диагностический постоянный участок в окнах расчёта,skipped,,,,,,,,,,,,,
2018-11-09,2018-11-08,2018-11-11,96,0,0,0,0,0,0,0,900.0,True,True,96,0,0,0,0,0,0,0,900.0,True,True,96,0,0,0,0,0,0,0,900.0,True,True,True,True,A,,,Расчёт возможен по существующим правилам,computed,,16.691379468934564,16.763093836708716,0.7462732489855564,not_assessed,21.040906828923507,8.371007384402674,0.59552150111929,not_assessed,2.0894502733401445,1.7236896510366149,0.04728593137991255,not_assessed
2018-11-10,2018-11-09,2018-11-12,96,0,0,1,0,0,68,68,900.0,False,False,96,0,0,1,0,0,68,68,900.0,False,False,96,0,0,1,0,0,68,68,900.0,False,False,False,False,B,D1: неполное покрытие суток (служебные значения); D2: неполное покрытие суток (служебные значения); D3: неполное покрытие суток (служебные значения),D1: диагностический постоянный участок в окнах расчёта; D2: диагностический постоянный участок в окнах расчёта; D3: диагностический постоянный участок в окнах расчёта,D1: неполное покрытие суток (служебные значения); D2: неполное покрытие суток (служебные значения); D3: неполное покрытие суток (служебные значения); D1: диагностический постоянный участок в окнах расчёта; D2: диагностический постоянный участок в окнах расчёта; D3: диагностический постоянный участок в окнах расчёта,skipped,,,,,,,,,,,,,
2018-11-11,2018-11-10,2018-11-13,96,0,0,1,0,0,165,165,900.0,True,False,96,0,0,1,0,0,165,165,900.0,True,False,96,0,0,1,0,0,165,165,900.0,True,False,True,False,B,D1: неполное окружение ±12 ч (служебные значения); D2: неполное окружение ±12 ч (служебные значения); D3: неполное окружение ±12 ч (служебные значения),D1: диагностический постоянный участок в окнах расчёта; D2: диагностический постоянный участок в окнах расчёта; D3: диагностический постоянный участок в окнах расчёта,D1: неполное окружение ±12 ч (служебные значения); D2: неполное окружение ±12 ч (служебные значения); D3: неполное окружение ±12 ч (служебные значения); D1: диагностический постоянный участок в окнах расчёта; D2: диагностический постоянный участок в окнах расчёта; D3: диагностический постоянный участок в окнах расчёта,skipped,,,,,,,,,,,,,
2018-11-12,2018-11-11,2018-11-14,96,0,0,0,0,0,191,191,900.0,True,True,96,0,0,0,0,0,191,191,900.0,True,True,96,0,0,0,0,0,191,191,900.0,True,True,True,True,C,,D1: диагностический постоянный участок в окнах расчёта; D2: диагностический постоянный участок в окнах расчёта; D3: диагностический постоянный участок в окнах расчёта,D1: диагностический постоянный участок в окнах расчёта; D2: диагностический постоянный участок в окнах расчёта; D3: диагностический постоянный участок в окнах расчёта,skipped,,,,,,,,,,,,,
2018-11-13,2018-11-12,2018-11-15,96,0,0,0,10,0,180,180,900.0,True,False,96,0,0,0,10,0,180,180,900.0,True,False,96,0,0,0,10,0,180,180,900.0,True,False,True,False,B,D1: неполное окружение ±12 ч (нарушение 0<C≤3000); D2: неполное окружение ±12 ч (нарушение 0<C≤3000); D3: неполное окружение ±12 ч (нарушение 0<C≤3000),D1: диагностический постоянный участок в окнах расчёта; D2: диагностический постоянный участок в окнах расчёта; D3: диагностический постоянный участок в окнах расчёта,D1: неполное окружение ±12 ч (нарушение 0<C≤3000); D2: неполное окружение ±12 ч (нарушение 0<C≤3000); D3: неполное окружение ±12 ч (нарушение 0<C≤3000); D1: диагностический постоянный участок в окнах расчёта; D2: диагностический постоянный участок в окнах расчёта; D3: диагностический постоянный участок в окнах расчёта,skipped,,,,,,,,,,,,,
2018-11-14,2018-11-13,2018-11-16,96,0,0,0,106,0,84,84,900.0,False,False,96,0,0,0,106,0,84,84,900.0,False,False,96,0,0,0,106,0,84,84,900.0,False,False,False,False,B,D1: неполное покрытие суток (нарушение 0<C≤3000); D2: неполное покрытие суток (нарушение 0<C≤3000); D3: неполное покрытие суток (нарушение 0<C≤3000),D1: диагностический постоянный участок в окнах расчёта; D2: диагностический постоянный участок в окнах расчёта; D3: диагностический постоянный участок в окнах расчёта,D1: неполное покрытие суток (нарушение 0<C≤3000); D2: неполное покрытие суток (нарушение 0<C≤3000); D3: неполное покрытие суток (нарушение 0<C≤3000); D1: диагностический постоянный участок в окнах расчёта; D2: диагностический постоянный участок в окнах расчёта; D3: диагностический постоянный участок в окнах расчёта,skipped,,,,,,,,,,,,,
2018-11-15,2018-11-14,2018-11-17,96,0,0,0,190,0,0,0,899.0,False,False,96,0,0,0,190,0,0,0,899.0,False,False,96,0,0,0,190,0,0,0,899.0,False,False,False,False,B,D1: неполное покрытие суток (нарушение 0<C≤3000); D2: неполное покрытие суток (нарушение 0<C≤3000); D3: неполное покрытие суток (нарушение 0<C≤3000),,D1: неполное покрытие суток (нарушение 0<C≤3000); D2: неполное покрытие суток (нарушение 0<C≤3000); D3: неполное покрытие суток (нарушение 0<C≤3000),skipped,,,,,,,,,,,,,
2018-11-16,2018-11-15,2018-11-18,96,0,0,0,190,0,0,0,898.0,False,False,96,0,0,0,190,0,0,0,898.0,False,False,96,0,0,0,190,0,0,0,898.0,False,False,False,False,B,D1: неполное покрытие суток (нарушение 0<C≤3000); D2: неполное покрытие суток (нарушение 0<C≤3000); D3: неполное покрытие суток (нарушение 0<C≤3000),,D1: неполное покрытие суток (нарушение 0<C≤3000); D2: неполное покрытие суток (нарушение 0<C≤3000); D3: неполное покрытие суток (нарушение 0<C≤3000),skipped,,,,,,,,,,,,,
2018-11-17,2018-11-16,2018-11-19,96,0,0,0,190,0,0,0,897.0,False,False,96,0,0,0,190,0,0,0,897.0,False,False,96,0,0,0,190,0,0,0,897.0,False,False,False,False,B,D1: неполное покрытие суток (нарушение 0<C≤3000); D2: неполное покрытие суток (нарушение 0<C≤3000); D3: неполное покрытие суток (нарушение 0<C≤3000),,D1: неполное покрытие суток (нарушение 0<C≤3000); D2: неполное покрытие суток (нарушение 0<C≤3000); D3: неполное покрытие суток (нарушение 0<C≤3000),skipped,,,,,,,,,,,,,
2018-11-18,2018-11-17,2018-11-20,96,0,0,0,191,0,0,0,898.0,False,False,96,0,0,0,191,0,0,0,898.0,False,False,96,0,0,0,191,0,0,0,898.0,False,False,False,False,B,D1: неполное покрытие суток (нарушение 0<C≤3000); D2: неполное покрытие суток (нарушение 0<C≤3000); D3: неполное покрытие суток (нарушение 0<C≤3000),,D1: неполное покрытие суток (нарушение 0<C≤3000); D2: неполное покрытие суток (нарушение 0<C≤3000); D3: неполное покрытие суток (нарушение 0<C≤3000),skipped,,,,,,,,,,,,,
2018-11-19,2018-11-18,2018-11-21,96,0,0,0,190,0,0,0,899.0,False,False,96,0,0,0,190,0,0,0,899.0,False,False,96,0,0,0,190,0,0,0,899.0,False,False,False,False,B,D1: неполное покрытие суток (нарушение 0<C≤3000); D2: неполное покрытие суток (нарушение 0<C≤3000); D3: неполное покрытие суток (нарушение 0<C≤3000),,D1: неполное покрытие суток (нарушение 0<C≤3000); D2: неполное покрытие суток (нарушение 0<C≤3000); D3: неполное покрытие суток (нарушение 0<C≤3000),skipped,,,,,,,,,,,,,
2018-11-20,2018-11-19,2018-11-22,96,0,0,0,96,0,0,0,900.0,False,False,96,0,0,0,96,0,0,0,900.0,False,False,96,0,0,0,96,0,0,0,900.0,False,False,False,False,B,D1: неполное покрытие суток (нарушение 0<C≤3000); D2: неполное покрытие суток (нарушение 0<C≤3000); D3: неполное покрытие суток (нарушение 0<C≤3000),,D1: неполное покрытие суток (нарушение 0<C≤3000); D2: неполное покрытие суток (нарушение 0<C≤3000); D3: неполное покрытие суток (нарушение 0<C≤3000),skipped,,,,,,,,,,,,,
2018-11-21,2018-11-20,2018-11-23,96,0,0,0,0,0,0,0,900.0,True,False,96,0,0,0,0,0,0,0,900.0,True,False,96,0,0,0,0,0,0,0,900.0,True,False,True,False,B,D1: неполное окружение ±12 ч; D2: неполное окружение ±12 ч; D3: неполное окружение ±12 ч,,D1: неполное окружение ±12 ч; D2: неполное окружение ±12 ч; D3: неполное окружение ±12 ч,skipped,,,,,,,,,,,,,
2018-11-22,2018-11-21,2018-11-24,96,0,0,0,0,0,0,0,900.0,True,True,96,0,0,0,0,0,0,0,900.0,True,True,96,0,0,0,0,0,0,0,900.0,True,True,True,True,A,,,Расчёт возможен по существующим правилам,computed,,19.340470428857866,3.1999117342519243,0.15784759303785267,not_assessed,22.76729161885725,2.0096582047258678,0.08169631466082627,not_assessed,5.512543250714935,2.6491497499836214,0.11391756631972616,not_assessed
2018-11-23,2018-11-22,2018-11-25,96,0,0,0,0,0,0,0,900.0,True,True,96,0,0,0,0,0,0,0,900.0,True,True,96,0,0,0,0,0,0,0,900.0,True,True,True,True,A,,,Расчёт возможен по существующим правилам,computed,,17.714891110953104,12.687026918303125,0.6299179865281261,not_assessed,21.683852653445424,6.219251569983313,0.4660438715198928,not_assessed,2.861377000322641,2.1916277672872897,0.06429899997771893,not_assessed
2018-11-24,2018-11-23,2018-11-26,96,0,0,0,0,0,0,0,900.0,True,True,96,0,0,0,0,0,0,0,900.0,True,True,96,0,0,0,0,0,0,0,900.0,True,True,True,True,A,,,Расчёт возможен по существующим правилам,computed,,16.98420005179861,15.93408717115889,0.7533471926157657,not_assessed,21.349124971944622,7.09923750694028,0.5647855943594793,not_assessed,1.9335445128908624,2.9197704239743816,0.12436418513741865,not_assessed
2018-11-25,2018-11-24,2018-11-27,96,0,0,2,0,0,0,0,900.0,False,False,96,0,0,2,0,0,0,0,900.0,False,False,96,0,0,2,0,0,0,0,900.0,False,False,False,False,B,D1: неполное покрытие суток (служебные значения); D2: неполное покрытие суток (служебные значения); D3: неполное покрытие суток (служебные значения),,D1: неполное покрытие суток (служебные значения); D2: неполное покрытие суток (служебные значения); D3: неполное покрытие суток (служебные значения),skipped,,,,,,,,,,,,,
2018-11-26,2018-11-25,2018-11-28,96,0,0,2,0,0,0,0,900.0,True,False,96,0,0,2,0,0,0,0,900.0,True,False,96,0,0,2,0,0,0,0,900.0,True,False,True,False,B,D1: неполное окружение ±12 ч (служебные значения); D2: неполное окружение ±12 ч (служебные значения); D3: неполное окружение ±12 ч (служебные значения),,D1: неполное окружение ±12 ч (служебные значения); D2: неполное окружение ±12 ч (служебные значения); D3: неполное окружение ±12 ч (служебные значения),skipped,,,,,,,,,,,,,
2018-11-27,2018-11-26,2018-11-29,96,0,0,0,0,0,0,0,900.0,True,True,96,0,0,0,0,0,0,0,900.0,True,True,96,0,0,0,0,0,0,0,900.0,True,True,True,True,A,,,Расчёт возможен по существующим правилам,computed,,17.013917337932362,17.04319849965802,0.7870589812600334,not_assessed,21.13889054879055,9.596894074479644,0.6355861455295155,not_assessed,1.4088305272510153,1.8987626117332495,0.05047658419211465,not_assessed
2018-11-28,2018-11-27,2018-11-30,96,1,0,1,0,0,0,0,900.0,False,False,96,1,0,1,0,0,0,0,900.0,False,False,96,1,0,1,0,0,0,0,900.0,False,False,False,False,B,D1: неполное покрытие суток (служебные значения); D2: неполное покрытие суток (служебные значения); D3: неполное покрытие суток (служебные значения),D1: повторные метки в трёхсуточном контексте; D2: повторные метки в трёхсуточном контексте; D3: повторные метки в трёхсуточном контексте,D1: неполное покрытие суток (служебные значения); D2: неполное покрытие суток (служебные значения); D3: неполное покрытие суток (служебные значения); D1: повторные метки в трёхсуточном контексте; D2: повторные метки в трёхсуточном контексте; D3: повторные метки в трёхсуточном контексте,skipped,,,,,,,,,,,,,
2018-11-29,2018-11-28,2018-12-01,130,3,4,1,0,0,0,0,899.0,True,False,130,3,4,1,0,0,0,0,899.0,True,False,130,2,4,1,0,0,0,0,899.0,True,False,True,False,B,D1: неполное окружение ±12 ч (служебные значения); D2: неполное окружение ±12 ч (служебные значения); D3: неполное окружение ±12 ч (служебные значения),D1: повторные метки в трёхсуточном контексте; D2: повторные метки в трёхсуточном контексте; D3: повторные метки в трёхсуточном контексте,D1: неполное окружение ±12 ч (служебные значения); D2: неполное окружение ±12 ч (служебные значения); D3: неполное окружение ±12 ч (служебные значения); D1: повторные метки в трёхсуточном контексте; D2: повторные метки в трёхсуточном контексте; D3: повторные метки в трёхсуточном контексте,skipped,,,,,,,,,,,,,
2018-11-30,2018-11-29,2018-12-02,173,4,8,0,0,0,0,0,897.0,True,True,173,4,8,0,0,0,0,0,897.0,True,True,173,3,6,0,0,0,0,0,897.0,True,True,True,True,C,,D1: повторные метки в трёхсуточном контексте; D2: повторные метки в трёхсуточном контексте; D3: повторные метки в трёхсуточном контексте,D1: повторные метки в трёхсуточном контексте; D2: повторные метки в трёхсуточном контексте; D3: повторные метки в трёхсуточном контексте,skipped,,,,,,,,,,,,,
2018-12-01,2018-11-30,2018-12-03,176,3,4,0,0,0,0,0,896.0,True,True,176,3,4,0,0,0,0,0,896.0,True,True,176,2,2,0,0,0,0,0,896.0,True,True,True,True,C,,D1: повторные метки в трёхсуточном контексте; D2: повторные метки в трёхсуточном контексте; D3: повторные метки в трёхсуточном контексте,D1: повторные метки в трёхсуточном контексте; D2: повторные метки в трёхсуточном контексте; D3: повторные метки в трёхсуточном контексте,skipped,,,,,,,,,,,,,
2018-12-02,2018-12-01,2018-12-04,180,2,2,0,0,0,0,0,896.0,True,True,180,2,2,0,0,0,0,0,896.0,True,True,180,2,2,0,0,0,0,0,896.0,True,True,True,True,C,,D1: повторные метки в трёхсуточном контексте; D2: повторные метки в трёхсуточном контексте; D3: повторные метки в трёхсуточном контексте,D1: повторные метки в трёхсуточном контексте; D2: повторные метки в трёхсуточном контексте; D3: повторные метки в трёхсуточном контексте,skipped,,,,,,,,,,,,,
2018-12-03,2018-12-02,2018-12-05,170,3,2,0,0,0,0,0,896.0,True,True,170,3,2,0,0,0,0,0,896.0,True,True,170,3,2,0,0,0,0,0,896.0,True,True,True,True,C,,D1: повторные метки в трёхсуточном контексте; D2: повторные метки в трёхсуточном контексте; D3: повторные метки в трёхсуточном контексте,D1: повторные метки в трёхсуточном контексте; D2: повторные метки в трёхсуточном контексте; D3: повторные метки в трёхсуточном контексте,skipped,,,,,,,,,,,,,
2018-12-04,2018-12-03,2018-12-06,171,4,6,0,0,0,0,0,897.0,True,True,171,4,6,0,0,0,0,0,897.0,True,True,171,4,6,0,0,0,0,0,897.0,True,True,True,True,C,,D1: повторные метки в трёхсуточном контексте; D2: повторные метки в трёхсуточном контексте; D3: повторные метки в трёхсуточном контексте,D1: повторные метки в трёхсуточном контексте; D2: повторные метки в трёхсуточном контексте; D3: повторные метки в трёхсуточном контексте,skipped,,,,,,,,,,,,,
2018-12-05,2018-12-04,2018-12-07,123,3,6,0,0,0,0,0,899.0,True,True,123,3,6,0,0,0,0,0,899.0,True,True,123,3,6,0,0,0,0,0,899.0,True,True,True,True,C,,D1: повторные метки в трёхсуточном контексте; D2: повторные метки в трёхсуточном контексте; D3: повторные метки в трёхсуточном контексте,D1: повторные метки в трёхсуточном контексте; D2: повторные метки в трёхсуточном контексте; D3: повторные метки в трёхсуточном контексте,skipped,,,,,,,,,,,,,
2018-12-06,2018-12-05,2018-12-08,96,1,0,0,0,0,0,0,900.0,True,True,96,1,0,0,0,0,0,0,900.0,True,True,96,1,0,0,0,0,0,0,900.0,True,True,True,True,C,,D1: повторные метки в трёхсуточном контексте; D2: повторные метки в трёхсуточном контексте; D3: повторные метки в трёхсуточном контексте,D1: повторные метки в трёхсуточном контексте; D2: повторные метки в трёхсуточном контексте; D3: повторные метки в трёхсуточном контексте,skipped,,,,,,,,,,,,,
2018-12-07,2018-12-06,2018-12-09,96,0,0,0,0,0,0,0,900.0,True,True,96,0,0,0,0,0,0,0,900.0,True,True,96,0,0,0,0,0,0,0,900.0,True,True,True,True,A,,,Расчёт возможен по существующим правилам,computed,,15.570682645793564,2.369475106732502,0.07132511080790072,not_assessed,22.54139912190667,0.9779567220913481,0.023066026780975468,not_assessed,8.71603659812813,0.04155530480114143,3.8284687241207926e-05,not_assessed
2018-12-08,2018-12-07,2018-12-10,96,0,0,0,0,0,0,0,900.0,True,True,96,0,0,0,0,0,0,0,900.0,True,True,96,0,0,0,0,0,0,0,900.0,True,True,True,True,A,,,Расчёт возможен по существующим правилам,computed,,17.48797639748416,11.513129234621827,0.208693953290777,not_assessed,22.82389843274057,6.134843470872263,0.48142954664203774,not_assessed,3.7089466667440267,2.111944658057252,0.07984162551559304,not_assessed
2018-12-09,2018-12-08,2018-12-11,96,0,0,0,0,0,0,0,900.0,True,True,96,0,0,0,0,0,0,0,900.0,True,True,96,0,0,0,0,0,0,0,900.0,True,True,True,True,A,,,Расчёт возможен по существующим правилам,computed,,17.013361702433784,13.364090638212984,0.7538984748781621,not_assessed,21.460545152976774,4.814469375717065,0.4237911807555199,not_assessed,3.0458542815409655,2.397346891024848,0.0752569325395056,not_assessed
2018-12-10,2018-12-09,2018-12-12,96,0,0,0,0,0,0,0,900.0,True,True,96,0,0,0,0,0,0,0,900.0,True,True,96,0,0,0,0,0,0,0,900.0,True,True,True,True,A,,,Расчёт возможен по существующим правилам,computed,,17.382348807051866,12.57880613743292,0.7169990276998468,not_assessed,22.488727465879695,5.037998689046943,0.42516628278006097,not_assessed,5.010719459553168,1.5999955573230162,0.04034804479037246,not_assessed
2018-12-11,2018-12-10,2018-12-13,96,0,0,0,0,0,0,0,900.0,True,True,96,0,0,0,0,0,0,0,900.0,True,True,96,0,0,0,0,0,0,0,900.0,True,True,True,True,A,,,Расчёт возможен по существующим правилам,computed,,16.848317111888363,13.335135977803898,0.7472416056281445,not_assessed,21.99422232001223,5.50590063546449,0.39756120217504265,not_assessed,4.145338732097871,1.4991614638361674,0.029578130126923785,not_assessed
2018-12-12,2018-12-11,2018-12-14,96,0,0,0,0,0,0,0,900.0,True,True,96,0,0,0,0,0,0,0,900.0,True,True,96,0,0,0,0,0,0,0,900.0,True,True,True,True,A,,,Расчёт возможен по существующим правилам,computed,,17.019903612873403,13.557710743943094,0.6930134758050897,not_assessed,21.4924583374093,5.967399288734318,0.4426246193383787,not_assessed,2.93098148208687,1.187001636079475,0.0216291862664435,not_assessed
2018-12-13,2018-12-12,2018-12-15,96,0,0,0,0,0,0,0,900.0,True,True,96,0,0,0,0,0,0,0,900.0,True,True,96,0,0,0,0,0,0,0,900.0,True,True,True,True,A,,,Расчёт возможен по существующим правилам,computed,,17.277641859000227,16.19939186492015,0.7510344969123692,not_assessed,21.862835729756092,7.081926172833864,0.4918414758910392,not_assessed,3.6959552018939696,2.5623665587063478,0.10517666465684217,not_assessed
2018-12-14,2018-12-13,2018-12-16,96,0,0,0,0,0,0,0,900.0,True,True,96,0,0,0,0,0,0,0,900.0,True,True,96,0,0,0,0,0,0,0,900.0,True,True,True,True,A,,,Расчёт возможен по существующим правилам,computed,,16.79794586890643,15.698582066639972,0.7815672187171042,not_assessed,21.388898999136313,6.866505396518847,0.4245292998554876,not_assessed,2.158621811945156,2.8408933232829985,0.12430166405049159,not_assessed
2018-12-15,2018-12-14,2018-12-17,96,0,0,0,0,0,0,0,900.0,True,True,96,0,0,0,0,0,0,0,900.0,True,True,96,0,0,0,0,0,0,0,900.0,True,True,True,True,A,,,Расчёт возможен по существующим правилам,computed,,16.82798920596327,8.189816505157065,0.53144877731555,not_assessed,22.193150369972628,4.93659345631906,0.2842176228550717,not_assessed,1.6706889540817,1.646939391736924,0.041221887753771225,not_assessed
2018-12-16,2018-12-15,2018-12-18,96,0,0,2,0,0,0,0,900.0,True,False,96,0,0,2,0,0,0,0,900.0,True,False,96,0,0,2,0,0,0,0,900.0,True,False,True,False,B,D1: неполное окружение ±12 ч (служебные значения); D2: неполное окружение ±12 ч (служебные значения); D3: неполное окружение ±12 ч (служебные значения),,D1: неполное окружение ±12 ч (служебные значения); D2: неполное окружение ±12 ч (служебные значения); D3: неполное окружение ±12 ч (служебные значения),skipped,,,,,,,,,,,,,
2018-12-17,2018-12-16,2018-12-19,96,0,0,2,0,0,0,0,900.0,False,False,96,0,0,2,0,0,0,0,900.0,False,False,96,0,0,2,0,0,0,0,900.0,False,False,False,False,B,D1: неполное покрытие суток (служебные значения); D2: неполное покрытие суток (служебные значения); D3: неполное покрытие суток (служебные значения),,D1: неполное покрытие суток (служебные значения); D2: неполное покрытие суток (служебные значения); D3: неполное покрытие суток (служебные значения),skipped,,,,,,,,,,,,,
2018-12-18,2018-12-17,2018-12-20,96,0,0,0,0,0,0,0,900.0,True,True,96,0,0,0,0,0,0,0,900.0,True,True,96,0,0,0,0,0,0,0,900.0,True,True,True,True,A,,,Расчёт возможен по существующим правилам,computed,,16.72792239680819,22.34313507530808,0.7580736461140767,not_assessed,20.487720608859483,10.442776428265079,0.6232008519628227,not_assessed,0.8824483658370571,3.2791142646097193,0.13798398691150726,not_assessed
2018-12-19,2018-12-18,2018-12-21,96,0,0,0,0,0,0,0,900.0,True,True,96,0,0,0,0,0,0,0,900.0,True,True,96,0,0,0,0,0,0,0,900.0,True,True,True,True,A,,,Расчёт возможен по существующим правилам,computed,,16.76646043843887,26.80576923650656,0.76406586714481,not_assessed,20.664407603761152,13.078527048381645,0.7320271470972554,not_assessed,0.7606565963994796,4.57175122685364,0.266963140233092,not_assessed
2018-12-20,2018-12-19,2018-12-22,85,0,0,0,0,0,0,0,900.0,False,False,85,0,0,0,0,0,0,0,900.0,False,False,85,0,0,0,0,0,0,0,900.0,False,False,False,False,B,D1: неполное покрытие суток; D2: неполное покрытие суток; D3: неполное покрытие суток,,D1: неполное покрытие суток; D2: неполное покрытие суток; D3: неполное покрытие суток,skipped,,,,,,,,,,,,,
2018-12-21,2018-12-20,2018-12-23,96,0,0,1,0,0,0,0,900.0,True,False,96,0,0,1,0,0,0,0,900.0,True,False,96,0,0,1,0,0,0,0,900.0,True,False,True,False,B,D1: неполное окружение ±12 ч (служебные значения); D2: неполное окружение ±12 ч (служебные значения); D3: неполное окружение ±12 ч (служебные значения),,D1: неполное окружение ±12 ч (служебные значения); D2: неполное окружение ±12 ч (служебные значения); D3: неполное окружение ±12 ч (служебные значения),skipped,,,,,,,,,,,,,
2018-12-22,2018-12-21,2018-12-24,96,0,0,2,0,0,0,0,900.0,False,False,96,0,0,2,0,0,0,0,900.0,False,False,96,0,0,2,0,0,0,0,900.0,False,False,False,False,B,D1: неполное покрытие суток (служебные значения); D2: неполное покрытие суток (служебные значения); D3: неполное покрытие суток (служебные значения),,D1: неполное покрытие суток (служебные значения); D2: неполное покрытие суток (служебные значения); D3: неполное покрытие суток (служебные значения),skipped,,,,,,,,,,,,,
2018-12-23,2018-12-22,2018-12-25,96,0,0,1,0,0,0,0,900.0,True,False,96,0,0,1,0,0,0,0,900.0,True,False,96,0,0,1,0,0,0,0,900.0,True,False,True,False,B,D1: неполное окружение ±12 ч (служебные значения); D2: неполное окружение ±12 ч (служебные значения); D3: неполное окружение ±12 ч (служебные значения),,D1: неполное окружение ±12 ч (служебные значения); D2: неполное окружение ±12 ч (служебные значения); D3: неполное окружение ±12 ч (служебные значения),skipped,,,,,,,,,,,,,
2018-12-24,2018-12-23,2018-12-26,96,0,0,1,0,0,0,0,900.0,True,False,96,0,0,1,0,0,0,0,900.0,True,False,96,0,0,1,0,0,0,0,900.0,True,False,True,False,B,D1: неполное окружение ±12 ч (служебные значения); D2: неполное окружение ±12 ч (служебные значения); D3: неполное окружение ±12 ч (служебные значения),,D1: неполное окружение ±12 ч (служебные значения); D2: неполное окружение ±12 ч (служебные значения); D3: неполное окружение ±12 ч (служебные значения),skipped,,,,,,,,,,,,,
2018-12-25,2018-12-24,2018-12-27,96,0,0,1,0,0,0,0,900.0,False,False,96,0,0,1,0,0,0,0,900.0,False,False,96,0,0,1,0,0,0,0,900.0,False,False,False,False,B,D1: неполное покрытие суток (служебные значения); D2: неполное покрытие суток (служебные значения); D3: неполное покрытие суток (служебные значения),,D1: неполное покрытие суток (служебные значения); D2: неполное покрытие суток (служебные значения); D3: неполное покрытие суток (служебные значения),skipped,,,,,,,,,,,,,
2018-12-26,2018-12-25,2018-12-28,96,0,0,1,0,0,0,0,900.0,False,False,96,0,0,1,0,0,0,0,900.0,False,False,96,0,0,1,0,0,0,0,900.0,False,False,False,False,B,D1: неполное покрытие суток (служебные значения); D2: неполное покрытие суток (служебные значения); D3: неполное покрытие суток (служебные значения),,D1: неполное покрытие суток (служебные значения); D2: неполное покрытие суток (служебные значения); D3: неполное покрытие суток (служебные значения),skipped,,,,,,,,,,,,,
2018-12-27,2018-12-26,2018-12-29,96,0,0,1,0,0,0,0,900.0,True,False,96,0,0,1,0,0,0,0,900.0,True,False,96,0,0,1,0,0,0,0,900.0,True,False,True,False,B,D1: неполное окружение ±12 ч (служебные значения); D2: неполное окружение ±12 ч (служебные значения); D3: неполное окружение ±12 ч (служебные значения),,D1: неполное окружение ±12 ч (служебные значения); D2: неполное окружение ±12 ч (служебные значения); D3: неполное окружение ±12 ч (служебные значения),skipped,,,,,,,,,,,,,
2018-12-28,2018-12-27,2018-12-30,96,0,0,0,0,0,0,0,900.0,True,True,96,0,0,0,0,0,0,0,900.0,True,True,96,0,0,0,0,0,0,0,900.0,True,True,True,True,A,,,Расчёт возможен по существующим правилам,computed,,15.456387358041741,22.71982289719043,0.7278801971438582,not_assessed,19.12807938857184,16.24744475113475,0.7831414677642912,not_assessed,22.827854512227553,5.649538722466543,0.32367817929614096,not_assessed
2018-12-29,2018-12-28,2018-12-31,96,0,0,0,0,0,0,0,900.0,True,True,96,0,0,0,0,0,0,0,900.0,True,True,96,0,0,0,0,0,0,0,900.0,True,True,True,True,A,,,Расчёт возможен по существующим правилам,computed,,15.733760628657048,26.51177702684593,0.7435726837468235,not_assessed,19.68475360062922,19.790887018694264,0.807933922504278,not_assessed,23.533405073866337,7.673715868503308,0.3841378872162289,not_assessed
2018-12-30,2018-12-29,2019-01-01,96,0,0,0,0,0,0,0,900.0,True,True,96,0,0,0,0,0,0,0,900.0,True,True,96,0,0,0,0,0,0,0,900.0,True,True,True,True,A,,,Расчёт возможен по существующим правилам,computed,,15.336575674610629,26.08079348955975,0.7972628399102856,not_assessed,19.613626749155216,18.901279193620272,0.8347982458467491,not_assessed,23.106937589040054,8.311058997200377,0.42721312953072665,not_assessed
2018-12-31,2018-12-30,2019-01-02,96,0,0,0,0,0,0,0,900.0,True,True,96,0,0,0,0,0,0,0,900.0,True,True,96,0,0,0,0,0,0,0,900.0,True,True,True,True,A,,,Расчёт возможен по существующим правилам,computed,,13.508892106303746,12.569879156755354,0.6305648101295496,not_assessed,18.559212770168074,7.985863057143133,0.5460534817428748,not_assessed,23.77015836451228,3.806840416768669,0.13413926918051144,not_assessed
2019-01-01,2018-12-31,2019-01-03,96,0,0,0,0,0,0,0,900.0,True,True,96,0,0,0,0,0,0,0,900.0,True,True,96,0,0,0,0,0,0,0,900.0,True,True,True,True,A,,,Расчёт возможен по существующим правилам,computed,,15.790783332840832,21.70271537974086,0.673487331621361,not_assessed,19.725702013896544,16.615652403786676,0.7385690993986598,not_assessed,22.105812058837905,5.290862459386485,0.2420182952469475,not_assessed
2019-01-02,2019-01-01,2019-01-04,96,0,0,0,0,0,0,0,900.0,True,True,96,0,0,0,0,0,0,0,900.0,True,True,96,0,0,0,0,0,0,0,900.0,True,True,True,True,A,,,Расчёт возможен по существующим правилам,computed,,15.989905900929335,16.779514180275896,0.771388284084314,not_assessed,19.851731725351762,12.348811921564483,0.7365388183444086,not_assessed,0.7829045730468427,5.731097229159299,0.3131528720273663,not_assessed
2019-01-03,2019-01-02,2019-01-05,96,0,0,0,0,0,0,0,900.0,True,True,96,0,0,0,0,0,0,0,900.0,True,True,96,0,0,0,0,0,0,0,900.0,True,True,True,True,A,,,Расчёт возможен по существующим правилам,computed,,15.859126536664728,26.035044516920152,0.712265713298994,not_assessed,19.998819876097492,19.91590578028097,0.8181808233880068,not_assessed,23.186426944367195,8.635169768181628,0.5146348340529379,not_assessed
2019-01-04,2019-01-03,2019-01-06,96,0,0,0,0,0,0,0,900.0,True,True,96,0,0,0,0,0,0,0,900.0,True,True,96,0,0,0,0,0,0,0,900.0,True,True,True,True,A,,,Расчёт возможен по существующим правилам,computed,,15.542043481145393,27.315328720975526,0.7613927559982682,not_assessed,19.68935587809097,22.450924174762978,0.8499460183814224,not_assessed,23.14824129723523,10.49599720165692,0.5179063007585516,not_assessed
2019-01-05,2019-01-04,2019-01-07,96,0,0,0,0,0,0,0,900.0,True,True,96,0,0,0,0,0,0,0,900.0,True,True,96,0,0,0,0,0,0,0,900.0,True,True,True,True,A,,,Расчёт возможен по существующим правилам,computed,,14.983850245674926,20.659802171294338,0.7801046455556817,not_assessed,18.819565325794436,16.280433949801562,0.8124402606592066,not_assessed,23.74329149123945,7.312943853698007,0.40018313637118086,not_assessed
2019-01-06,2019-01-05,2019-01-08,96,0,0,0,0,0,0,0,900.0,True,True,96,0,0,0,0,0,0,0,900.0,True,True,96,0,0,0,0,0,0,0,900.0,True,True,True,True,A,,,Расчёт возможен по существующим правилам,computed,,15.671908589884088,6.567911528727731,0.41469741819762085,not_assessed,20.1724224670778,4.6117484537138616,0.27742819058702195,not_assessed,1.6191125197746337,2.3471591467510047,0.05843383122423973,not_assessed
2019-01-07,2019-01-06,2019-01-09,96,0,0,0,0,0,0,0,899.0,True,True,96,0,0,0,0,0,0,0,899.0,True,True,96,0,0,0,0,0,0,0,899.0,True,True,True,True,A,,,Расчёт возможен по существующим правилам,computed,,15.362737192590235,24.52571698821674,0.6891270234356225,not_assessed,19.46731558776678,20.33595207708279,0.82126241986708,not_assessed,22.889512060821342,8.80815103011872,0.43676642181512293,not_assessed
2019-01-08,2019-01-07,2019-01-10,96,0,0,0,0,0,0,0,900.0,True,True,96,0,0,0,0,0,0,0,900.0,True,True,96,0,0,0,0,0,0,0,900.0,True,True,True,True,A,,,Расчёт возможен по существующим правилам,computed,,15.39750678725616,26.906007037763423,0.79319195704085,not_assessed,19.49121003186905,22.35688266011731,0.8165350022125757,not_assessed,23.129717372528773,11.844047427769121,0.6453592059635649,not_assessed
2019-01-09,2019-01-08,2019-01-11,96,0,0,1,0,0,0,0,900.0,True,False,96,0,0,1,0,0,0,0,900.0,True,False,96,0,0,1,0,0,0,0,900.0,True,False,True,False,B,D1: неполное окружение ±12 ч (служебные значения); D2: неполное окружение ±12 ч (служебные значения); D3: неполное окружение ±12 ч (служебные значения),,D1: неполное окружение ±12 ч (служебные значения); D2: неполное окружение ±12 ч (служебные значения); D3: неполное окружение ±12 ч (служебные значения),skipped,,,,,,,,,,,,,
2019-01-10,2019-01-09,2019-01-12,96,0,0,4,0,0,0,0,900.0,False,False,96,0,0,4,0,0,0,0,900.0,False,False,96,0,0,4,0,0,0,0,900.0,False,False,False,False,B,D1: неполное покрытие суток (служебные значения); D2: неполное покрытие суток (служебные значения); D3: неполное покрытие суток (служебные значения),,D1: неполное покрытие суток (служебные значения); D2: неполное покрытие суток (служебные значения); D3: неполное покрытие суток (служебные значения),skipped,,,,,,,,,,,,,
2019-01-11,2019-01-10,2019-01-13,96,0,0,3,0,0,0,0,900.0,False,False,96,0,0,3,0,0,0,0,900.0,False,False,96,0,0,3,0,0,0,0,900.0,False,False,False,False,B,D1: неполное покрытие суток (служебные значения); D2: неполное покрытие суток (служебные значения); D3: неполное покрытие суток (служебные значения),,D1: неполное покрытие суток (служебные значения); D2: неполное покрытие суток (служебные значения); D3: неполное покрытие суток (служебные значения),skipped,,,,,,,,,,,,,
2019-01-12,2019-01-11,2019-01-14,96,0,0,0,0,0,0,0,900.0,True,False,96,0,0,0,0,0,0,0,900.0,True,False,96,0,0,0,0,0,0,0,900.0,True,False,True,False,B,D1: неполное окружение ±12 ч; D2: неполное окружение ±12 ч; D3: неполное окружение ±12 ч,,D1: неполное окружение ±12 ч; D2: неполное окружение ±12 ч; D3: неполное окружение ±12 ч,skipped,,,,,,,,,,,,,
2019-01-13,2019-01-12,2019-01-15,96,0,0,0,0,0,0,0,900.0,True,True,96,0,0,0,0,0,0,0,900.0,True,True,96,0,0,0,0,0,0,0,900.0,True,True,True,True,A,,,Расчёт возможен по существующим правилам,computed,,14.717661945125082,17.944430360394353,0.6757745833715176,not_assessed,19.334878881482993,14.161159954541407,0.7223349714310212,not_assessed,22.275098033156027,8.057917226410222,0.41805205045501515,not_assessed
2019-01-14,2019-01-13,2019-01-16,96,0,0,2,0,0,0,0,900.0,False,False,96,0,0,2,0,0,0,0,900.0,False,False,96,0,0,2,0,0,0,0,900.0,False,False,False,False,B,D1: неполное покрытие суток (служебные значения); D2: неполное покрытие суток (служебные значения); D3: неполное покрытие суток (служебные значения),,D1: неполное покрытие суток (служебные значения); D2: неполное покрытие суток (служебные значения); D3: неполное покрытие суток (служебные значения),skipped,,,,,,,,,,,,,
2019-01-15,2019-01-14,2019-01-17,96,0,0,2,0,0,0,0,900.0,True,False,96,0,0,2,0,0,0,0,900.0,True,False,96,0,0,2,0,0,0,0,900.0,True,False,True,False,B,D1: неполное окружение ±12 ч (служебные значения); D2: неполное окружение ±12 ч (служебные значения); D3: неполное окружение ±12 ч (служебные значения),,D1: неполное окружение ±12 ч (служебные значения); D2: неполное окружение ±12 ч (служебные значения); D3: неполное окружение ±12 ч (служебные значения),skipped,,,,,,,,,,,,,
2019-01-16,2019-01-15,2019-01-18,96,0,0,1,0,0,0,0,900.0,True,False,96,0,0,1,0,0,0,0,900.0,True,False,96,0,0,1,0,0,0,0,900.0,True,False,True,False,B,D1: неполное окружение ±12 ч (служебные значения); D2: неполное окружение ±12 ч (служебные значения); D3: неполное окружение ±12 ч (служебные значения),,D1: неполное окружение ±12 ч (служебные значения); D2: неполное окружение ±12 ч (служебные значения); D3: неполное окружение ±12 ч (служебные значения),skipped,,,,,,,,,,,,,
2019-01-17,2019-01-16,2019-01-19,96,0,0,1,0,0,0,0,900.0,False,False,96,0,0,1,0,0,0,0,900.0,False,False,96,0,0,1,0,0,0,0,900.0,False,False,False,False,B,D1: неполное покрытие суток (служебные значения); D2: неполное покрытие суток (служебные значения); D3: неполное покрытие суток (служебные значения),,D1: неполное покрытие суток (служебные значения); D2: неполное покрытие суток (служебные значения); D3: неполное покрытие суток (служебные значения),skipped,,,,,,,,,,,,,
2019-01-18,2019-01-17,2019-01-20,96,0,0,0,0,0,0,0,900.0,True,True,96,0,0,0,0,0,0,0,900.0,True,True,96,0,0,0,0,0,0,0,900.0,True,True,True,True,A,,,Расчёт возможен по существующим правилам,computed,,17.357561655715088,18.327948787122658,0.7852656330678478,not_assessed,21.536524479948987,9.524106440101805,0.6248832877520731,not_assessed,3.886189286453033,4.010028010984292,0.18793202890098637,not_assessed
2019-01-19,2019-01-18,2019-01-21,96,0,0,0,0,0,0,0,900.0,True,True,96,0,0,0,0,0,0,0,900.0,True,True,96,0,0,0,0,0,0,0,900.0,True,True,True,True,A,,,Расчёт возможен по существующим правилам,computed,,17.70780878409193,24.89044742228152,0.8194629187458589,not_assessed,21.243816487440956,13.582268231124283,0.7819873967967127,not_assessed,1.7926907119495865,4.538454444848622,0.18829617160210466,not_assessed
2019-01-20,2019-01-19,2019-01-22,96,0,0,0,0,0,0,0,900.0,True,True,96,0,0,0,0,0,0,0,900.0,True,True,96,0,0,0,0,0,0,0,900.0,True,True,True,True,A,,,Расчёт возможен по существующим правилам,computed,,17.03749521944719,27.25213705544593,0.8305960431383564,not_assessed,20.66710551873351,13.839522423170994,0.6997700059011371,not_assessed,1.7418343815489625,4.078898650617661,0.17458422530747053,not_assessed
2019-01-21,2019-01-20,2019-01-23,96,0,0,5,0,0,0,0,900.0,False,False,96,0,0,5,0,0,0,0,900.0,False,False,96,0,0,5,0,0,0,0,900.0,False,False,False,False,B,D1: неполное покрытие суток (служебные значения); D2: неполное покрытие суток (служебные значения); D3: неполное покрытие суток (служебные значения),,D1: неполное покрытие суток (служебные значения); D2: неполное покрытие суток (служебные значения); D3: неполное покрытие суток (служебные значения),skipped,,,,,,,,,,,,,
2019-01-22,2019-01-21,2019-01-24,96,0,0,5,0,0,0,0,900.0,True,False,96,0,0,5,0,0,0,0,900.0,True,False,96,0,0,5,0,0,0,0,900.0,True,False,True,False,B,D1: неполное окружение ±12 ч (служебные значения); D2: неполное окружение ±12 ч (служебные значения); D3: неполное окружение ±12 ч (служебные значения),,D1: неполное окружение ±12 ч (служебные значения); D2: неполное окружение ±12 ч (служебные значения); D3: неполное окружение ±12 ч (служебные значения),skipped,,,,,,,,,,,,,
2019-01-23,2019-01-22,2019-01-25,96,0,0,8,0,0,0,0,900.0,False,False,96,0,0,8,0,0,0,0,900.0,False,False,96,0,0,8,0,0,0,0,900.0,False,False,False,False,B,D1: неполное покрытие суток (служебные значения); D2: неполное покрытие суток (служебные значения); D3: неполное покрытие суток (служебные значения),,D1: неполное покрытие суток (служебные значения); D2: неполное покрытие суток (служебные значения); D3: неполное покрытие суток (служебные значения),skipped,,,,,,,,,,,,,
2019-01-24,2019-01-23,2019-01-26,96,0,0,11,0,0,0,0,900.0,False,False,96,0,0,11,0,0,0,0,900.0,False,False,96,0,0,11,0,0,0,0,900.0,False,False,False,False,B,D1: неполное покрытие суток (служебные значения); D2: неполное покрытие суток (служебные значения); D3: неполное покрытие суток (служебные значения),,D1: неполное покрытие суток (служебные значения); D2: неполное покрытие суток (служебные значения); D3: неполное покрытие суток (служебные значения),skipped,,,,,,,,,,,,,
2019-01-25,2019-01-24,2019-01-27,96,0,0,10,0,0,0,0,900.0,False,False,96,0,0,10,0,0,0,0,900.0,False,False,96,0,0,10,0,0,0,0,900.0,False,False,False,False,B,D1: неполное покрытие суток (служебные значения); D2: неполное покрытие суток (служебные значения); D3: неполное покрытие суток (служебные значения),,D1: неполное покрытие суток (служебные значения); D2: неполное покрытие суток (служебные значения); D3: неполное покрытие суток (служебные значения),skipped,,,,,,,,,,,,,
2019-01-26,2019-01-25,2019-01-28,96,0,0,7,0,0,0,0,900.0,True,False,96,0,0,7,0,0,0,0,900.0,True,False,96,0,0,7,0,0,0,0,900.0,True,False,True,False,B,D1: неполное окружение ±12 ч (служебные значения); D2: неполное окружение ±12 ч (служебные значения); D3: неполное окружение ±12 ч (служебные значения),,D1: неполное окружение ±12 ч (служебные значения); D2: неполное окружение ±12 ч (служебные значения); D3: неполное окружение ±12 ч (служебные значения),skipped,,,,,,,,,,,,,
2019-01-27,2019-01-26,2019-01-29,96,0,0,0,0,0,0,0,900.0,True,True,96,0,0,0,0,0,0,0,900.0,True,True,96,0,0,0,0,0,0,0,900.0,True,True,True,True,A,,,Расчёт возможен по существующим правилам,computed,,16.528649111460467,38.914259801799666,0.8828934369898687,not_assessed,20.295826767799607,22.625718204004205,0.8731763614726499,not_assessed,0.6288281597123324,9.811516750210686,0.5437886783970002,not_assessed
2019-01-28,2019-01-27,2019-01-30,96,0,0,0,0,0,0,0,900.0,True,True,96,0,0,0,0,0,0,0,900.0,True,True,96,0,0,0,0,0,0,0,900.0,True,True,True,True,A,,,Расчёт возможен по существующим правилам,computed,,17.152593503050753,32.09763187178065,0.8440169860050507,not_assessed,20.049084698091644,18.567347356901955,0.8760996406470749,not_assessed,0.15811152954388774,6.669290950913146,0.39048012319800396,not_assessed
2019-01-29,2019-01-28,2019-01-31,96,0,0,1,0,0,0,0,900.0,False,False,96,0,0,1,0,0,0,0,900.0,False,False,96,0,0,1,0,0,0,0,900.0,False,False,False,False,B,D1: неполное покрытие суток (служебные значения); D2: неполное покрытие суток (служебные значения); D3: неполное покрытие суток (служебные значения),,D1: неполное покрытие суток (служебные значения); D2: неполное покрытие суток (служебные значения); D3: неполное покрытие суток (служебные значения),skipped,,,,,,,,,,,,,
2019-01-30,2019-01-29,2019-02-01,96,0,0,1,0,0,0,0,900.0,True,False,96,0,0,1,0,0,0,0,900.0,True,False,96,0,0,1,0,0,0,0,900.0,True,False,True,False,B,D1: неполное окружение ±12 ч (служебные значения); D2: неполное окружение ±12 ч (служебные значения); D3: неполное окружение ±12 ч (служебные значения),,D1: неполное окружение ±12 ч (служебные значения); D2: неполное окружение ±12 ч (служебные значения); D3: неполное окружение ±12 ч (служебные значения),skipped,,,,,,,,,,,,,
2019-01-31,2019-01-30,2019-02-02,96,0,0,0,0,0,0,0,900.0,True,True,96,0,0,0,0,0,0,0,900.0,True,True,96,0,0,0,0,0,0,0,900.0,True,True,True,True,A,,,Расчёт возможен по существующим правилам,computed,,17.667771765895974,15.65830305442129,0.7140559968729885,not_assessed,21.409712084725864,7.830978123638401,0.5530341098542463,not_assessed,2.3721527784376586,3.741504645908231,0.13521521360943134,not_assessed
2019-02-01,2019-01-31,2019-02-03,96,0,0,1,0,0,0,0,900.0,False,False,96,0,0,1,0,0,0,0,900.0,False,False,96,0,0,1,0,0,0,0,900.0,False,False,False,False,B,D1: неполное покрытие суток (служебные значения); D2: неполное покрытие суток (служебные значения); D3: неполное покрытие суток (служебные значения),,D1: неполное покрытие суток (служебные значения); D2: неполное покрытие суток (служебные значения); D3: неполное покрытие суток (служебные значения),skipped,,,,,,,,,,,,,
2019-02-02,2019-02-01,2019-02-04,96,0,0,1,0,0,0,0,900.0,True,False,96,0,0,1,0,0,0,0,900.0,True,False,96,0,0,1,0,0,0,0,900.0,True,False,True,False,B,D1: неполное окружение ±12 ч (служебные значения); D2: неполное окружение ±12 ч (служебные значения); D3: неполное окружение ±12 ч (служебные значения),,D1: неполное окружение ±12 ч (служебные значения); D2: неполное окружение ±12 ч (служебные значения); D3: неполное окружение ±12 ч (служебные значения),skipped,,,,,,,,,,,,,
2019-02-03,2019-02-02,2019-02-05,96,0,0,5,0,0,0,0,900.0,False,False,96,0,0,5,0,0,0,0,900.0,False,False,96,0,0,5,0,0,0,0,900.0,False,False,False,False,B,D1: неполное покрытие суток (служебные значения); D2: неполное покрытие суток (служебные значения); D3: неполное покрытие суток (служебные значения),,D1: неполное покрытие суток (служебные значения); D2: неполное покрытие суток (служебные значения); D3: неполное покрытие суток (служебные значения),skipped,,,,,,,,,,,,,
2019-02-04,2019-02-03,2019-02-06,96,0,0,6,0,0,0,0,900.0,True,False,96,0,0,6,0,0,0,0,900.0,True,False,96,0,0,6,0,0,0,0,900.0,True,False,True,False,B,D1: неполное окружение ±12 ч (служебные значения); D2: неполное окружение ±12 ч (служебные значения); D3: неполное окружение ±12 ч (служебные значения),,D1: неполное окружение ±12 ч (служебные значения); D2: неполное окружение ±12 ч (служебные значения); D3: неполное окружение ±12 ч (служебные значения),skipped,,,,,,,,,,,,,
2019-02-05,2019-02-04,2019-02-07,96,0,0,6,0,0,0,0,900.0,False,False,96,0,0,6,0,0,0,0,900.0,False,False,96,0,0,6,0,0,0,0,900.0,False,False,False,False,B,D1: неполное покрытие суток (служебные значения); D2: неполное покрытие суток (служебные значения); D3: неполное покрытие суток (служебные значения),,D1: неполное покрытие суток (служебные значения); D2: неполное покрытие суток (служебные значения); D3: неполное покрытие суток (служебные значения),skipped,,,,,,,,,,,,,
2019-02-06,2019-02-05,2019-02-08,96,0,0,3,0,0,0,0,900.0,True,False,96,0,0,3,0,0,0,0,900.0,True,False,96,0,0,3,0,0,0,0,900.0,True,False,True,False,B,D1: неполное окружение ±12 ч (служебные значения); D2: неполное окружение ±12 ч (служебные значения); D3: неполное окружение ±12 ч (служебные значения),,D1: неполное окружение ±12 ч (служебные значения); D2: неполное окружение ±12 ч (служебные значения); D3: неполное окружение ±12 ч (служебные значения),skipped,,,,,,,,,,,,,
2019-02-07,2019-02-06,2019-02-09,96,0,0,0,0,0,0,0,900.0,True,True,96,0,0,0,0,0,0,0,900.0,True,True,96,0,0,0,0,0,0,0,900.0,True,True,True,True,A,,,Расчёт возможен по существующим правилам,computed,,17.0221140661492,31.921272213722457,0.8407614700677648,not_assessed,20.760267614545437,16.852211416725307,0.7876375553010069,not_assessed,1.7636323821530988,3.9242105244867145,0.17876241015162664,not_assessed
2019-02-08,2019-02-07,2019-02-10,96,0,0,0,0,0,0,0,900.0,True,True,96,0,0,0,0,0,0,0,900.0,True,True,96,0,0,0,0,0,0,0,900.0,True,True,True,True,A,,,Расчёт возможен по существующим правилам,computed,,16.94135604481235,39.61972560001251,0.8697606937505022,not_assessed,20.432428903029635,19.40537426690721,0.8325946858588099,not_assessed,1.150678941739539,7.8354310143393695,0.47445704944471245,not_assessed
2019-02-09,2019-02-08,2019-02-11,96,0,0,0,0,0,0,0,900.0,True,True,96,0,0,0,0,0,0,0,900.0,True,True,96,0,0,0,0,0,0,0,900.0,True,True,True,True,A,,,Расчёт возможен по существующим правилам,computed,,15.517898383998963,20.470650260990045,0.8287112869988409,not_assessed,19.577131237086657,9.504078467602326,0.5687393111277281,not_assessed,1.6649419712055602,5.33851974167448,0.2953996554839716,not_assessed
2019-02-10,2019-02-09,2019-02-12,96,0,0,0,0,0,0,0,900.0,True,True,96,0,0,0,0,0,0,0,900.0,True,True,96,0,0,0,0,0,0,0,900.0,True,True,True,True,A,,,Расчёт возможен по существующим правилам,computed,,17.007828084355793,26.522392064073333,0.8292020853473026,not_assessed,20.036623813249967,14.865923245505247,0.7425881903331945,not_assessed,0.42578807423892284,5.786419314393813,0.3425726836425792,not_assessed
2019-02-11,2019-02-10,2019-02-13,96,0,0,0,0,0,0,0,900.0,True,True,96,0,0,0,0,0,0,0,900.0,True,True,96,0,0,0,0,0,0,0,900.0,True,True,True,True,A,,,Расчёт возможен по существующим правилам,computed,,16.603811820859868,35.259864599970115,0.8635088116025031,not_assessed,19.99879810427699,18.04488560337723,0.8076575968253332,not_assessed,0.548239358864489,7.134659547068335,0.40512960491040195,not_assessed
2019-02-12,2019-02-11,2019-02-14,96,0,0,0,0,0,0,0,900.0,True,True,96,0,0,0,0,0,0,0,900.0,True,True,96,0,0,0,0,0,0,0,900.0,True,True,True,True,A,,,Расчёт возможен по существующим правилам,computed,,3.2169346814506232,46.061085953565374,0.5919028879280217,not_assessed,4.5776040598905,32.68144452697009,0.6324941792230553,not_assessed,6.7249068933400675,26.98379646403548,0.8089782227107558,not_assessed
2019-02-13,2019-02-12,2019-02-15,96,0,0,0,0,0,0,0,900.0,True,True,96,0,0,0,0,0,0,0,900.0,True,True,96,0,0,0,0,0,0,0,900.0,True,True,True,True,A,,,Расчёт возможен по существующим правилам,computed,,17.69342611429435,8.069898932721975,0.5282578816563546,not_assessed,23.04222914359571,4.213096885150748,0.33440467868884716,not_assessed,5.413921052127937,2.003718917106525,0.05983608660958206,not_assessed
2019-02-14,2019-02-13,2019-02-16,96,0,0,0,0,0,0,0,900.0,True,True,96,0,0,0,0,0,0,0,900.0,True,True,96,0,0,0,0,0,0,0,900.0,True,True,True,True,A,,,Расчёт возможен по существующим правилам,computed,,16.484677752841986,4.594006033520616,0.36493568138289534,not_assessed,21.22820979272832,2.6783832322892,0.181369590227917,not_assessed,5.937188004130618,0.14901234249476777,0.00035016888258598833,not_assessed
2019-02-15,2019-02-14,2019-02-17,96,0,0,0,0,0,0,0,900.0,True,True,96,0,0,0,0,0,0,0,900.0,True,True,96,0,0,0,0,0,0,0,900.0,True,True,True,True,A,,,Расчёт возможен по существующим правилам,computed,,17.872795402938365,11.041723221999892,0.6112564414804751,not_assessed,21.363146971040027,4.547412005401373,0.24633262632742026,not_assessed,1.8251302070547837,1.5236041147479744,0.045960376552995785,not_assessed
2019-02-16,2019-02-15,2019-02-18,96,0,0,0,0,0,0,0,900.0,True,True,96,0,0,0,0,0,0,0,900.0,True,True,96,0,0,0,0,0,0,0,900.0,True,True,True,True,A,,,Расчёт возможен по существующим правилам,computed,,17.438163641412338,11.543149037455274,0.6994610710955307,not_assessed,21.964246604128046,5.035969001437704,0.36176564465114003,not_assessed,0.01562514096875007,1.3331150518449137,0.024042679594905247,not_assessed
2019-02-17,2019-02-16,2019-02-19,96,0,0,0,0,0,0,0,900.0,True,True,96,0,0,0,0,0,0,0,900.0,True,True,96,0,0,0,0,0,0,0,900.0,True,True,True,True,A,,,Расчёт возможен по существующим правилам,computed,,16.421464684957375,18.57236818444452,0.742089234449565,not_assessed,20.395404075253598,8.38886635193472,0.5870866088807913,not_assessed,23.219954371320235,2.5322587134969665,0.0930873986925167,not_assessed
2019-02-18,2019-02-17,2019-02-20,96,0,0,0,0,0,0,0,900.0,True,True,96,0,0,0,0,0,0,0,900.0,True,True,96,0,0,0,0,0,0,0,900.0,True,True,True,True,A,,,Расчёт возможен по существующим правилам,computed,,15.65047649399582,8.05279642178387,0.6342236857155208,not_assessed,21.80019044729701,2.2454983956009635,0.11588993294719152,not_assessed,4.595533762056798,1.9462497105342547,0.04122770159547973,not_assessed
2019-02-19,2019-02-18,2019-02-21,96,0,0,0,0,0,0,0,900.0,True,True,96,0,0,0,0,0,0,0,900.0,True,True,96,0,0,0,0,0,0,0,900.0,True,True,True,True,A,,,Расчёт возможен по существующим правилам,computed,,17.319907211487713,17.53314751004347,0.658283366398194,not_assessed,20.897711651430296,9.46577433619823,0.5846315284951179,not_assessed,0.9036966661036269,2.2039424353649517,0.05025603647290755,not_assessed
2019-02-20,2019-02-19,2019-02-22,96,0,0,0,0,0,30,30,900.0,True,True,96,0,0,0,0,0,30,30,900.0,True,True,96,0,0,0,0,0,31,31,900.0,True,True,True,True,C,,D1: диагностический постоянный участок в окнах расчёта; D2: диагностический постоянный участок в окнах расчёта; D3: диагностический постоянный участок в окнах расчёта,D1: диагностический постоянный участок в окнах расчёта; D2: диагностический постоянный участок в окнах расчёта; D3: диагностический постоянный участок в окнах расчёта,skipped,,,,,,,,,,,,,
2019-02-21,2019-02-20,2019-02-23,93,0,0,0,0,0,33,33,900.0,False,False,93,0,0,0,0,0,33,33,900.0,False,False,93,0,0,0,0,0,34,34,900.0,False,False,False,False,B,D1: неполное покрытие суток; D2: неполное покрытие суток; D3: неполное покрытие суток,D1: диагностический постоянный участок в окнах расчёта; D2: диагностический постоянный участок в окнах расчёта; D3: диагностический постоянный участок в окнах расчёта,D1: неполное покрытие суток; D2: неполное покрытие суток; D3: неполное покрытие суток; D1: диагностический постоянный участок в окнах расчёта; D2: диагностический постоянный участок в окнах расчёта; D3: диагностический постоянный участок в окнах расчёта,skipped,,,,,,,,,,,,,
2019-02-22,2019-02-21,2019-02-24,96,0,0,0,0,0,1,1,900.0,True,False,96,0,0,0,0,0,1,1,900.0,True,False,96,0,0,0,0,0,1,1,900.0,True,False,True,False,B,D1: неполное окружение ±12 ч; D2: неполное окружение ±12 ч; D3: неполное окружение ±12 ч,D1: диагностический постоянный участок в окнах расчёта; D2: диагностический постоянный участок в окнах расчёта; D3: диагностический постоянный участок в окнах расчёта,D1: неполное окружение ±12 ч; D2: неполное окружение ±12 ч; D3: неполное окружение ±12 ч; D1: диагностический постоянный участок в окнах расчёта; D2: диагностический постоянный участок в окнах расчёта; D3: диагностический постоянный участок в окнах расчёта,skipped,,,,,,,,,,,,,
2019-02-23,2019-02-22,2019-02-25,96,0,0,0,0,0,0,0,900.0,True,True,96,0,0,0,0,0,0,0,900.0,True,True,96,0,0,0,0,0,0,0,900.0,True,True,True,True,A,,,Расчёт возможен по существующим правилам,computed,,16.985825441913764,33.8163225371762,0.816889672423463,not_assessed,20.497267736691832,15.03494323171746,0.7215215723840664,not_assessed,1.1525751769457147,2.850210078132539,0.15766769329673336,not_assessed
2019-02-24,2019-02-23,2019-02-26,96,0,0,0,0,0,0,0,900.0,True,True,96,0,0,0,0,0,0,0,900.0,True,True,96,0,0,0,0,0,0,0,900.0,True,True,True,True,A,,,Расчёт возможен по существующим правилам,computed,,16.74046599898002,39.254989126749265,0.8848508183195708,not_assessed,20.50484385069059,18.380650236433112,0.8469025969324406,not_assessed,1.1530248426448266,6.3662428338160115,0.40757915698516645,not_assessed
2019-02-25,2019-02-24,2019-02-27,96,0,0,1,0,0,0,0,900.0,True,False,96,0,0,1,0,0,0,0,900.0,True,False,96,0,0,1,0,0,0,0,900.0,True,False,True,False,B,D1: неполное окружение ±12 ч (служебные значения); D2: неполное окружение ±12 ч (служебные значения); D3: неполное окружение ±12 ч (служебные значения),,D1: неполное окружение ±12 ч (служебные значения); D2: неполное окружение ±12 ч (служебные значения); D3: неполное окружение ±12 ч (служебные значения),skipped,,,,,,,,,,,,,
2019-02-26,2019-02-25,2019-02-28,96,0,0,2,0,0,0,0,900.0,False,False,96,0,0,2,0,0,0,0,900.0,False,False,96,0,0,2,0,0,0,0,900.0,False,False,False,False,B,D1: неполное покрытие суток (служебные значения); D2: неполное покрытие суток (служебные значения); D3: неполное покрытие суток (служебные значения),,D1: неполное покрытие суток (служебные значения); D2: неполное покрытие суток (служебные значения); D3: неполное покрытие суток (служебные значения),skipped,,,,,,,,,,,,,
2019-02-27,2019-02-26,2019-03-01,96,0,0,1,0,0,0,0,900.0,False,False,96,0,0,1,0,0,0,0,900.0,False,False,96,0,0,1,0,0,0,0,900.0,False,False,False,False,B,D1: неполное покрытие суток (служебные значения); D2: неполное покрытие суток (служебные значения); D3: неполное покрытие суток (служебные значения),,D1: неполное покрытие суток (служебные значения); D2: неполное покрытие суток (служебные значения); D3: неполное покрытие суток (служебные значения),skipped,,,,,,,,,,,,,
2019-02-28,2019-02-27,2019-03-02,96,0,0,0,0,0,0,0,900.0,True,True,96,0,0,0,0,0,0,0,900.0,True,True,96,0,0,0,0,0,0,0,900.0,True,True,True,True,A,,,Расчёт возможен по существующим правилам,computed,,17.337482595821726,25.084132987908752,0.8124684405741427,not_assessed,21.270039060301862,10.280240603091928,0.6775093869060989,not_assessed,1.763631371932178,3.8871262418389843,0.19309532487987935,not_assessed
2019-03-01,2019-02-28,2019-03-03,96,0,0,0,0,0,0,0,900.0,True,True,96,0,0,0,0,0,0,0,900.0,True,True,96,0,0,0,0,0,0,0,900.0,True,True,True,True,A,,,Расчёт возможен по существующим правилам,computed,,16.4488469005071,30.902200353630207,0.8122571025054914,not_assessed,20.27612356136035,13.832937937844243,0.8092894440694607,not_assessed,2.207847671612467,4.440457564843008,0.1420639975261816,not_assessed
2019-03-02,2019-03-01,2019-03-04,96,0,0,0,0,0,0,0,900.0,True,True,96,0,0,0,0,0,0,0,900.0,True,True,96,0,0,0,0,0,0,0,900.0,True,True,True,True,A,,,Расчёт возможен по существующим правилам,computed,,16.001929878637572,22.88055200153632,0.7877976035963264,not_assessed,20.112401364334158,11.207110311593814,0.6980993430945952,not_assessed,1.116530267763221,4.693302613056689,0.2733234971118479,not_assessed
2019-03-03,2019-03-02,2019-03-05,96,0,0,0,0,0,0,0,900.0,True,True,96,0,0,0,0,0,0,0,900.0,True,True,96,0,0,0,0,0,0,0,900.0,True,True,True,True,A,,,Расчёт возможен по существующим правилам,computed,,16.28149533105634,33.997039841404636,0.7973742755957764,not_assessed,19.993106037690254,17.824110511561937,0.7808772905093204,not_assessed,0.3051647090105993,5.061285915742377,0.2141595055075901,not_assessed
2019-03-04,2019-03-03,2019-03-06,96,0,0,0,0,0,0,0,900.0,True,True,96,0,0,0,0,0,0,0,900.0,True,True,96,0,0,0,0,0,0,0,900.0,True,True,True,True,A,,,Расчёт возможен по существующим правилам,computed,,16.276238439923397,40.70142617197273,0.8559326133175255,not_assessed,19.756430829814988,21.617402020445077,0.8385803605013062,not_assessed,0.37421888573644607,9.454631208128333,0.5373771668965466,not_assessed
2019-03-05,2019-03-04,2019-03-07,96,0,0,0,0,0,0,0,900.0,True,True,96,0,0,0,0,0,0,0,900.0,True,True,96,0,0,0,0,0,0,0,900.0,True,True,True,True,A,,,Расчёт возможен по существующим правилам,computed,,16.54187154737325,42.40690699289687,0.8883441596226167,not_assessed,19.929275837742953,24.059091514820775,0.8792359233540393,not_assessed,0.09808413012917018,9.896738183544922,0.5372408029024549,not_assessed
2019-03-06,2019-03-05,2019-03-08,96,0,0,1,0,0,0,0,900.0,True,False,96,0,0,1,0,0,0,0,900.0,True,False,96,0,0,1,0,0,0,0,900.0,True,False,True,False,B,D1: неполное окружение ±12 ч (служебные значения); D2: неполное окружение ±12 ч (служебные значения); D3: неполное окружение ±12 ч (служебные значения),,D1: неполное окружение ±12 ч (служебные значения); D2: неполное окружение ±12 ч (служебные значения); D3: неполное окружение ±12 ч (служебные значения),skipped,,,,,,,,,,,,,
2019-03-07,2019-03-06,2019-03-09,96,0,0,1,0,0,0,0,900.0,False,False,96,0,0,1,0,0,0,0,900.0,False,False,96,0,0,1,0,0,0,0,900.0,False,False,False,False,B,D1: неполное покрытие суток (служебные значения); D2: неполное покрытие суток (служебные значения); D3: неполное покрытие суток (служебные значения),,D1: неполное покрытие суток (служебные значения); D2: неполное покрытие суток (служебные значения); D3: неполное покрытие суток (служебные значения),skipped,,,,,,,,,,,,,
2019-03-08,2019-03-07,2019-03-10,96,0,0,0,0,0,0,0,900.0,True,True,96,0,0,0,0,0,0,0,900.0,True,True,96,0,0,0,0,0,0,0,900.0,True,True,True,True,A,,,Расчёт возможен по существующим правилам,computed,,15.184446769411641,10.500516086704765,0.6643289971110541,not_assessed,19.4770447024243,8.498833510134222,0.6020575815962279,not_assessed,23.868501422224714,2.9895610764764333,0.09712336706853231,not_assessed
2019-03-09,2019-03-08,2019-03-11,96,0,0,0,0,0,0,0,900.0,True,True,96,0,0,0,0,0,0,0,900.0,True,True,96,0,0,0,0,0,0,0,900.0,True,True,True,True,A,,,Расчёт возможен по существующим правилам,computed,,14.49738569456998,28.459845427166293,0.6949191371117949,not_assessed,18.4132801843527,20.199176209862035,0.8275816737599299,not_assessed,22.546542861637214,9.951656742587524,0.5184503436417109,not_assessed
2019-03-10,2019-03-09,2019-03-12,96,0,0,0,0,0,0,0,900.0,True,True,96,0,0,0,0,0,0,0,900.0,True,True,96,0,0,0,0,0,0,0,900.0,True,True,True,True,A,,,Расчёт возможен по существующим правилам,computed,,14.120843584192892,28.46152381144989,0.7660421799108281,not_assessed,18.654696907378817,25.900853367054953,0.8619123276111437,not_assessed,22.280931220128515,13.460957420930832,0.6281266640747628,not_assessed
2019-03-11,2019-03-10,2019-03-13,96,0,0,0,0,0,11,11,900.0,True,False,96,0,0,0,0,0,11,11,900.0,True,False,96,0,0,0,0,0,11,11,900.0,True,False,True,False,B,D1: неполное окружение ±12 ч; D2: неполное окружение ±12 ч; D3: неполное окружение ±12 ч,D1: диагностический постоянный участок в окнах расчёта; D2: диагностический постоянный участок в окнах расчёта; D3: диагностический постоянный участок в окнах расчёта,D1: неполное окружение ±12 ч; D2: неполное окружение ±12 ч; D3: неполное окружение ±12 ч; D1: диагностический постоянный участок в окнах расчёта; D2: диагностический постоянный участок в окнах расчёта; D3: диагностический постоянный участок в окнах расчёта,skipped,,,,,,,,,,,,,
2019-03-12,2019-03-11,2019-03-14,93,0,0,0,0,0,11,11,900.0,False,False,93,0,0,0,0,0,11,11,900.0,False,False,93,0,0,0,0,0,11,11,900.0,False,False,False,False,B,D1: неполное покрытие суток; D2: неполное покрытие суток; D3: неполное покрытие суток,D1: диагностический постоянный участок в окнах расчёта; D2: диагностический постоянный участок в окнах расчёта; D3: диагностический постоянный участок в окнах расчёта,D1: неполное покрытие суток; D2: неполное покрытие суток; D3: неполное покрытие суток; D1: диагностический постоянный участок в окнах расчёта; D2: диагностический постоянный участок в окнах расчёта; D3: диагностический постоянный участок в окнах расчёта,skipped,,,,,,,,,,,,,
2019-03-13,2019-03-12,2019-03-15,96,0,0,0,0,0,0,0,900.0,True,True,96,0,0,0,0,0,0,0,900.0,True,True,96,0,0,0,0,0,0,0,900.0,True,True,True,True,A,,,Расчёт возможен по существующим правилам,computed,,16.370509925251007,15.78978072056237,0.6409669651545633,not_assessed,19.901246857899153,12.497520728576001,0.6633347817717301,not_assessed,23.364805414441456,4.867178732928122,0.2048122530382651,not_assessed
2019-03-14,2019-03-13,2019-03-16,96,0,0,0,0,0,0,0,900.0,True,True,96,0,0,0,0,0,0,0,900.0,True,True,96,0,0,0,0,0,0,0,900.0,True,True,True,True,A,,,Расчёт возможен по существующим правилам,computed,,14.530563676096989,37.204770806293006,0.7779475135159303,not_assessed,19.071443572340286,29.84668707342693,0.8631406625545465,not_assessed,22.201356553844406,15.233887286650726,0.6753687165368928,not_assessed
2019-03-15,2019-03-14,2019-03-17,96,0,0,0,0,0,0,0,900.0,True,True,96,0,0,0,0,0,0,0,900.0,True,True,96,0,0,0,0,0,0,0,900.0,True,True,True,True,A,,,Расчёт возможен по существующим правилам,computed,,13.913485431052196,32.45511472848012,0.8467609247086969,not_assessed,18.38445337133405,26.790143562378514,0.8934679195175712,not_assessed,22.29203385152251,14.513200220319655,0.6572441723993789,not_assessed
2019-03-16,2019-03-15,2019-03-18,96,0,0,0,0,0,0,0,900.0,True,True,96,0,0,0,0,0,0,0,900.0,True,True,96,0,0,0,0,0,0,0,900.0,True,True,True,True,A,,,Расчёт возможен по существующим правилам,computed,,13.601944710000543,30.354790070079716,0.8089363617199437,not_assessed,18.33875569238241,27.36952106299836,0.8906990728447483,not_assessed,21.909006947851925,11.963584859147284,0.6000188896868418,not_assessed
2019-03-17,2019-03-16,2019-03-19,96,0,0,0,0,0,0,0,900.0,True,True,96,0,0,0,0,0,0,0,900.0,True,True,96,0,0,0,0,0,0,0,900.0,True,True,True,True,A,,,Расчёт возможен по существующим правилам,computed,,13.656704481741905,31.751851759363042,0.7818822359130944,not_assessed,18.15766299011165,28.085269507987086,0.8646072893594026,not_assessed,21.957936177405536,14.002865825483157,0.6442553955642274,not_assessed
2019-03-18,2019-03-17,2019-03-20,96,0,0,0,0,0,0,0,900.0,True,True,96,0,0,0,0,0,0,0,900.0,True,True,96,0,0,0,0,0,0,0,900.0,True,True,True,True,A,,,Расчёт возможен по существующим правилам,computed,,13.92068476021916,28.862951340737695,0.8255281883904155,not_assessed,18.389349955404146,27.030041897168022,0.8935988471881116,not_assessed,22.193456106054786,14.77152290817459,0.7453944991385707,not_assessed
2019-03-19,2019-03-18,2019-03-21,96,0,0,0,0,0,0,0,900.0,True,True,96,0,0,0,0,0,0,0,900.0,True,True,96,0,0,0,0,0,0,0,900.0,True,True,True,True,A,,,Расчёт возможен по существующим правилам,computed,,13.704384732993107,29.441118407589755,0.8249884018194221,not_assessed,18.285034797537204,26.230164209345478,0.8655106265932317,not_assessed,22.09497406770607,12.684247287957893,0.6353193659847123,not_assessed
2019-03-20,2019-03-19,2019-03-22,96,0,0,0,0,0,0,0,900.0,True,True,96,0,0,0,0,0,0,0,900.0,True,True,96,0,0,0,0,0,0,0,900.0,True,True,True,True,A,,,Расчёт возможен по существующим правилам,computed,,13.890355890175448,28.09159200498557,0.8167234782231262,not_assessed,18.122060981324104,23.946829732374177,0.8526893091542358,not_assessed,22.162490294118758,12.433499144398938,0.6709412378381958,not_assessed
2019-03-21,2019-03-20,2019-03-23,96,0,0,0,0,0,0,0,900.0,True,True,96,0,0,0,0,0,0,0,900.0,True,True,96,0,0,0,0,0,0,0,900.0,True,True,True,True,A,,,Расчёт возможен по существующим правилам,computed,,12.867495070695993,20.571986827893618,0.7918331618444312,not_assessed,17.69599436946676,17.34068022704721,0.8191228944339926,not_assessed,22.493839069263807,9.572089954584008,0.5637261381990932,not_assessed
2019-03-22,2019-03-21,2019-03-24,96,0,0,0,0,0,0,0,900.0,True,True,96,0,0,0,0,0,0,0,900.0,True,True,96,0,0,0,0,0,0,0,900.0,True,True,True,True,A,,,Расчёт возможен по существующим правилам,computed,,13.714456397768867,30.841591467850737,0.7484253700214789,not_assessed,18.45582667145901,30.49208917208305,0.881697221032288,not_assessed,21.981936662141216,17.51858253020924,0.736176755883553,not_assessed
2019-03-23,2019-03-22,2019-03-25,96,0,0,0,0,0,0,0,900.0,True,True,96,0,0,0,0,0,0,0,900.0,True,True,96,0,0,0,0,0,0,0,900.0,True,True,True,True,A,,,Расчёт возможен по существующим правилам,computed,,13.811143382383046,33.84471802340801,0.7998302893025871,not_assessed,18.50823751636459,32.52941548216233,0.8965973080169658,not_assessed,21.840269920429044,18.682888742689055,0.8042525071478127,not_assessed
2019-03-24,2019-03-23,2019-03-26,96,0,0,0,0,0,0,0,900.0,True,True,96,0,0,0,0,0,0,0,900.0,True,True,96,0,0,0,0,0,0,0,900.0,True,True,True,True,A,,,Расчёт возможен по существующим правилам,computed,,13.746818721083644,32.42912630320582,0.8216958081961805,not_assessed,18.183376583661953,33.229240787782686,0.9049394471839407,not_assessed,21.738391460382772,17.445901817459667,0.790624283266755,not_assessed
2019-03-25,2019-03-24,2019-03-27,96,0,0,0,0,0,0,0,900.0,True,True,96,0,0,0,0,0,0,0,900.0,True,True,96,0,0,0,0,0,0,0,900.0,True,True,True,True,A,,,Расчёт возможен по существующим правилам,computed,,13.513382709855337,31.358502770259545,0.8313744849176525,not_assessed,18.2290230037268,29.862209771844803,0.8974650635446776,not_assessed,21.93418994201488,17.614684236568852,0.7469254443694748,not_assessed
2019-03-26,2019-03-25,2019-03-28,96,0,0,0,0,0,0,0,900.0,True,True,96,0,0,0,0,0,0,0,900.0,True,True,96,0,0,0,0,0,0,0,900.0,True,True,True,True,A,,,Расчёт возможен по существующим правилам,computed,,13.152297182249505,24.234556126331206,0.7818533534632176,not_assessed,18.002022958070537,27.068923081917887,0.846278099767984,not_assessed,21.443350914480344,13.366653335828664,0.6976077502232421,not_assessed
2019-03-27,2019-03-26,2019-03-29,96,0,0,0,0,0,0,0,900.0,True,True,96,0,0,0,0,0,0,0,900.0,True,True,96,0,0,0,0,0,0,0,900.0,True,True,True,True,A,,,Расчёт возможен по существующим правилам,computed,,13.216057682253094,17.57255523753841,0.752904650996739,not_assessed,17.99752631218822,16.64020116057649,0.8414744319818008,not_assessed,22.260076734359174,8.669278631259854,0.43992222604523146,not_assessed
2019-03-28,2019-03-27,2019-03-30,96,0,0,0,0,0,0,0,900.0,True,True,96,0,0,0,0,0,0,0,900.0,True,True,96,0,0,0,0,0,0,0,900.0,True,True,True,True,A,,,Расчёт возможен по существующим правилам,computed,,13.034710938872893,21.64490349187881,0.7704585456150101,not_assessed,18.186225653464938,22.377700135771768,0.8587772426992567,not_assessed,21.43843317979638,13.441251031212893,0.6424409468456592,not_assessed
2019-03-29,2019-03-28,2019-03-31,96,0,0,0,0,0,0,0,900.0,True,True,96,0,0,0,0,0,0,0,900.0,True,True,96,0,0,0,0,0,0,0,900.0,True,True,True,True,A,,,Расчёт возможен по существующим правилам,computed,,13.668129483748015,25.178801663287746,0.7996270280466541,not_assessed,18.403966086970563,25.80087205187894,0.8819846178864442,not_assessed,21.998559903992238,15.137246011162897,0.7186599052842408,not_assessed
2019-03-30,2019-03-29,2019-04-01,96,0,0,0,0,0,0,0,900.0,True,True,96,0,0,0,0,0,0,0,900.0,True,True,96,0,0,0,0,0,0,0,900.0,True,True,True,True,A,,,Расчёт возможен по существующим правилам,computed,,13.970480109179787,27.120464313856438,0.7991475547870052,not_assessed,18.708896145407603,29.368619432507966,0.9227021069945872,not_assessed,22.055365016381064,16.58263373006293,0.7141821276303321,not_assessed
2019-03-31,2019-03-30,2019-04-02,96,0,0,0,0,0,0,0,900.0,True,True,96,0,0,0,0,0,0,0,900.0,True,True,96,0,0,0,0,0,0,0,900.0,True,True,True,True,A,,,Расчёт возможен по существующим правилам,computed,,13.610643627586708,26.510165017051783,0.8406511479148628,not_assessed,18.372576125374593,29.102064349643168,0.9034627825704034,not_assessed,21.813297114379527,17.294700559509028,0.7389305986479942,not_assessed
2019-04-01,2019-03-31,2019-04-03,96,0,0,0,0,0,0,0,900.0,True,True,96,0,0,0,0,0,0,0,900.0,True,True,96,0,0,0,0,0,0,0,900.0,True,True,True,True,A,,,Расчёт возможен по существующим правилам,computed,,13.94634761245638,23.610615875668095,0.8349681464587894,not_assessed,18.63986054870589,23.279207457337513,0.8846228210437921,not_assessed,22.59614883630437,12.543381162136537,0.6557524580396205,not_assessed
2019-04-02,2019-04-01,2019-04-04,96,0,0,0,0,0,0,0,900.0,True,True,96,0,0,0,0,0,0,0,900.0,True,True,96,0,0,0,0,0,0,0,900.0,True,True,True,True,A,,,Расчёт возможен по существующим правилам,computed,,13.151650309057308,26.697128772509842,0.8098418205938464,not_assessed,18.2264127357742,26.764699245307693,0.8964239236054578,not_assessed,21.850197120481017,16.322966181785276,0.7347912655158191,not_assessed
2019-04-03,2019-04-02,2019-04-05,96,0,0,0,0,0,0,0,900.0,True,True,96,0,0,0,0,0,0,0,900.0,True,True,96,0,0,0,0,0,0,0,900.0,True,True,True,True,A,,,Расчёт возможен по существующим правилам,computed,,13.665301255116875,24.37042366168154,0.8224584297938651,not_assessed,18.442311308013313,23.962028932040383,0.8402645921382869,not_assessed,21.77353906768028,12.411326014321148,0.6227707477203401,not_assessed
2019-04-04,2019-04-03,2019-04-06,96,0,0,0,0,0,0,0,900.0,True,True,96,0,0,0,0,0,0,0,900.0,True,True,96,0,0,0,0,0,0,0,900.0,True,True,True,True,A,,,Расчёт возможен по существующим правилам,computed,,13.674996802442342,23.76741931765384,0.8021607215586473,not_assessed,18.560094000959868,24.12173885017886,0.8829377886720536,not_assessed,22.473875565718206,11.815683133064077,0.5923250939699924,not_assessed
2019-04-05,2019-04-04,2019-04-07,96,0,0,0,0,0,0,0,900.0,True,True,96,0,0,0,0,0,0,0,900.0,True,True,96,0,0,0,0,0,0,0,900.0,True,True,True,True,A,,,Расчёт возможен по существующим правилам,computed,,13.697520139077069,22.975477666038156,0.8130615147109334,not_assessed,18.551775940903624,23.351424403092278,0.8634750737757447,not_assessed,21.999326044679236,12.738810828890042,0.6567958759243642,not_assessed
2019-04-06,2019-04-05,2019-04-08,96,0,0,0,0,0,0,0,900.0,True,True,96,0,0,0,0,0,0,0,900.0,True,True,96,0,0,0,0,0,0,0,900.0,True,True,True,True,A,,,Расчёт возможен по существующим правилам,computed,,13.546291605725928,22.265694144680438,0.8306613427284293,not_assessed,18.312319094497155,22.17159497399447,0.8867277321348044,not_assessed,22.75433498802764,12.6262497252957,0.6419850936427713,not_assessed
2019-04-07,2019-04-06,2019-04-09,96,0,0,0,0,0,0,0,900.0,True,True,96,0,0,0,0,0,0,0,900.0,True,True,96,0,0,0,0,0,0,0,900.0,True,True,True,True,A,,,Расчёт возможен по существующим правилам,computed,,13.363378121194572,26.103804432333607,0.8058974710869826,not_assessed,18.08127938356036,26.989068236781097,0.8861819557154866,not_assessed,21.81631467425749,14.761462902852466,0.7172139695906863,not_assessed
2019-04-08,2019-04-07,2019-04-10,96,0,0,0,0,0,0,0,900.0,True,True,96,0,0,0,0,0,0,0,900.0,True,True,96,0,0,0,0,0,0,0,900.0,True,True,True,True,A,,,Расчёт возможен по существующим правилам,computed,,13.466617598824897,27.570961691023086,0.8323827620055496,not_assessed,18.167624061076022,28.93586274087119,0.8863313386348396,not_assessed,21.76043244033605,17.301660161227833,0.7587947828508416,not_assessed
2019-04-09,2019-04-08,2019-04-11,96,0,0,0,0,0,0,0,900.0,True,True,96,0,0,0,0,0,0,0,900.0,True,True,96,0,0,0,0,0,0,0,900.0,True,True,True,True,A,,,Расчёт возможен по существующим правилам,computed,,13.077526725841087,21.219222694739468,0.77350604312971,not_assessed,17.994495634547725,22.708141204451202,0.8544753779649015,not_assessed,21.603474511156843,13.444479001188608,0.6807785998110018,not_assessed
2019-04-10,2019-04-09,2019-04-12,96,0,0,0,0,0,0,0,900.0,True,True,96,0,0,0,0,0,0,0,900.0,True,True,96,0,0,0,0,0,0,0,900.0,True,True,True,True,A,,,Расчёт возможен по существующим правилам,computed,,13.063653946451401,22.052048260813873,0.7655201074425633,not_assessed,17.81884712597415,19.87167613727142,0.8368523097227987,not_assessed,20.844900865928466,11.807706257140879,0.5656955980131315,not_assessed
2019-04-11,2019-04-10,2019-04-13,96,0,0,0,0,0,0,0,900.0,True,True,96,0,0,0,0,0,0,0,900.0,True,True,96,0,0,0,0,0,0,0,900.0,True,True,True,True,A,,,Расчёт возможен по существующим правилам,computed,,13.192054197580072,26.41600067469049,0.8185480888610002,not_assessed,17.846567982432983,23.873781661271522,0.8387518269460552,not_assessed,21.24951362348788,12.314031895273146,0.6196117132464749,not_assessed
2019-04-12,2019-04-11,2019-04-14,96,0,0,0,0,0,0,0,900.0,True,True,96,0,0,0,0,0,0,0,900.0,True,True,96,0,0,0,0,0,0,0,900.0,True,True,True,True,A,,,Расчёт возможен по существующим правилам,computed,,14.187204822800831,15.302526785102376,0.7277980121653436,not_assessed,18.525981220671795,16.73451605783397,0.7798634190741063,not_assessed,21.857862878000674,8.509017736352085,0.5129804578280772,not_assessed
2019-04-13,2019-04-12,2019-04-15,96,0,0,0,0,0,0,0,900.0,True,True,96,0,0,0,0,0,0,0,900.0,True,True,96,0,0,0,0,0,0,0,900.0,True,True,True,True,A,,,Расчёт возможен по существующим правилам,computed,,13.808119969114523,24.265086220775984,0.7818464274915612,not_assessed,18.599664774650403,26.221179013559038,0.8755357769704023,not_assessed,21.73746104416078,13.139547789579977,0.6873371719398922,not_assessed
2019-04-14,2019-04-13,2019-04-16,96,0,0,0,0,0,0,0,900.0,True,True,96,0,0,0,0,0,0,0,900.0,True,True,96,0,0,0,0,0,0,0,900.0,True,True,True,True,A,,,Расчёт возможен по существующим правилам,computed,,13.36579556756354,25.09223085239336,0.8208149395805042,not_assessed,18.406442999594194,27.784471096868728,0.884230236027207,not_assessed,22.18079111268449,17.611832187174482,0.7479476860662654,not_assessed
2019-04-15,2019-04-14,2019-04-17,96,0,0,0,0,0,0,0,900.0,True,True,96,0,0,0,0,0,0,0,900.0,True,True,96,0,0,0,0,0,0,0,900.0,True,True,True,True,A,,,Расчёт возможен по существующим правилам,computed,,12.599762937741405,21.248203695443745,0.8036221830923633,not_assessed,18.039888135671717,25.703376626344735,0.8564144365809815,not_assessed,21.598083228707974,16.98837769591431,0.7825470674042655,not_assessed
2019-04-16,2019-04-15,2019-04-18,96,0,0,0,0,0,0,0,900.0,True,True,96,0,0,0,0,0,0,0,900.0,True,True,96,0,0,0,0,0,0,0,900.0,True,True,True,True,A,,,Расчёт возможен по существующим правилам,computed,,12.131679653785609,18.331426972622552,0.6998705049988678,not_assessed,17.01965809182739,19.52675270241336,0.7858560533600705,not_assessed,20.79304193019769,10.187623744206572,0.4929854989592798,not_assessed
2019-04-17,2019-04-16,2019-04-19,96,0,0,0,0,0,0,0,900.0,True,True,96,0,0,0,0,0,0,0,900.0,True,True,96,0,0,0,0,0,0,0,900.0,True,True,True,True,A,,,Расчёт возможен по существующим правилам,computed,,13.989718436999627,16.728403121900108,0.6857729767271687,not_assessed,18.811728475635093,18.150363150729465,0.8009008595017688,not_assessed,22.035236787554105,10.364863404279715,0.43336624507630017,not_assessed
2019-04-18,2019-04-17,2019-04-20,96,0,0,0,0,0,0,0,900.0,True,False,96,0,0,0,0,0,0,0,900.0,True,False,96,0,0,0,0,0,0,0,900.0,True,False,True,False,B,D1: неполное окружение ±12 ч; D2: неполное окружение ±12 ч; D3: неполное окружение ±12 ч,,D1: неполное окружение ±12 ч; D2: неполное окружение ±12 ч; D3: неполное окружение ±12 ч,skipped,,,,,,,,,,,,,
2019-04-19,2019-04-18,2019-04-21,94,0,0,0,0,0,0,0,900.0,False,False,94,0,0,0,0,0,0,0,900.0,False,False,94,0,0,0,0,0,0,0,900.0,False,False,False,False,B,D1: неполное покрытие суток; D2: неполное покрытие суток; D3: неполное покрытие суток,,D1: неполное покрытие суток; D2: неполное покрытие суток; D3: неполное покрытие суток,skipped,,,,,,,,,,,,,
2019-04-20,2019-04-19,2019-04-22,96,0,0,0,0,0,0,0,900.0,True,True,96,0,0,0,0,0,0,0,900.0,True,True,96,0,0,0,0,0,0,0,900.0,True,True,True,True,A,,,Расчёт возможен по существующим правилам,computed,,12.759738883210915,20.367601009052557,0.7917763002711133,not_assessed,18.06094270880446,24.70195149754881,0.8213604693034788,not_assessed,21.728065045328123,14.038739023819286,0.6448592198637582,not_assessed
2019-04-21,2019-04-20,2019-04-23,96,0,0,0,0,0,0,0,900.0,True,True,96,0,0,0,0,0,0,0,900.0,True,True,96,0,0,0,0,0,0,0,900.0,True,True,True,True,A,,,Расчёт возможен по существующим правилам,computed,,12.489126128406598,21.77241136616535,0.8182897660569279,not_assessed,17.864061084698257,21.586617308604257,0.8312775886211498,not_assessed,21.880049134252733,11.792065016484294,0.5565469010875821,not_assessed
2019-04-22,2019-04-21,2019-04-24,96,1,0,0,0,0,0,0,900.0,True,True,96,1,0,0,0,0,0,0,900.0,True,True,96,1,0,0,0,0,0,0,900.0,True,True,True,True,C,,D1: повторные метки в трёхсуточном контексте; D2: повторные метки в трёхсуточном контексте; D3: повторные метки в трёхсуточном контексте,D1: повторные метки в трёхсуточном контексте; D2: повторные метки в трёхсуточном контексте; D3: повторные метки в трёхсуточном контексте,skipped,,,,,,,,,,,,,
2019-04-23,2019-04-22,2019-04-25,128,2,4,0,0,0,0,0,899.0,True,True,128,1,2,0,0,0,0,0,899.0,True,True,128,1,2,0,0,0,0,0,899.0,True,True,True,True,C,,D1: повторные метки в трёхсуточном контексте; D2: повторные метки в трёхсуточном контексте; D3: повторные метки в трёхсуточном контексте,D1: повторные метки в трёхсуточном контексте; D2: повторные метки в трёхсуточном контексте; D3: повторные метки в трёхсуточном контексте,skipped,,,,,,,,,,,,,
2019-04-24,2019-04-23,2019-04-26,125,2,4,0,0,0,0,0,899.0,True,True,125,1,2,0,0,0,0,0,899.0,True,True,125,1,2,0,0,0,0,0,899.0,True,True,True,True,C,,D1: повторные метки в трёхсуточном контексте; D2: повторные метки в трёхсуточном контексте; D3: повторные метки в трёхсуточном контексте,D1: повторные метки в трёхсуточном контексте; D2: повторные метки в трёхсуточном контексте; D3: повторные метки в трёхсуточном контексте,skipped,,,,,,,,,,,,,
2019-04-25,2019-04-24,2019-04-27,90,1,0,0,0,0,0,0,900.0,False,False,90,0,0,0,0,0,0,0,900.0,False,False,90,0,0,0,0,0,0,0,900.0,False,False,False,False,B,D1: неполное покрытие суток; D2: неполное покрытие суток; D3: неполное покрытие суток,D1: повторные метки в трёхсуточном контексте,D1: неполное покрытие суток; D2: неполное покрытие суток; D3: неполное покрытие суток; D1: повторные метки в трёхсуточном контексте,skipped,,,,,,,,,,,,,
2019-04-26,2019-04-25,2019-04-28,95,0,0,0,0,0,0,0,900.0,False,False,95,0,0,0,0,0,0,0,900.0,False,False,95,0,0,0,0,0,0,0,900.0,False,False,False,False,B,D1: неполное покрытие суток; D2: неполное покрытие суток; D3: неполное покрытие суток,,D1: неполное покрытие суток; D2: неполное покрытие суток; D3: неполное покрытие суток,skipped,,,,,,,,,,,,,
2019-04-27,2019-04-26,2019-04-29,96,0,0,0,0,0,0,0,900.0,True,True,96,0,0,0,0,0,0,0,900.0,True,True,96,0,0,0,0,0,0,0,900.0,True,True,True,True,A,,,Расчёт возможен по существующим правилам,computed,,16.0164532549274,40.336970049683515,0.8718160960803101,not_assessed,19.49635922181531,25.4317693764049,0.8982184785019174,not_assessed,23.701030180488207,12.203369978977127,0.5785436714327337,not_assessed
2019-04-28,2019-04-27,2019-04-30,96,0,0,0,0,0,0,0,900.0,True,True,96,0,0,0,0,0,0,0,900.0,True,True,96,0,0,0,0,0,0,0,900.0,True,True,True,True,A,,,Расчёт возможен по существующим правилам,computed,,14.866280680521372,36.46846056526337,0.7813479898012587,not_assessed,18.824871506836097,30.232221508556712,0.890324203849591,not_assessed,22.07948389309848,13.882336176320734,0.634476119083325,not_assessed
2019-04-29,2019-04-28,2019-05-01,96,0,0,0,0,0,0,0,900.0,True,True,96,0,0,0,0,0,0,0,900.0,True,True,96,0,0,0,0,0,0,0,900.0,True,True,True,True,A,,,Расчёт возможен по существующим правилам,computed,,14.319972162481651,16.001135192502506,0.7763499289169256,not_assessed,18.054422759494187,13.170577262887862,0.7427998636027018,not_assessed,22.636033812754924,7.004660840302839,0.3497548351011581,not_assessed
2019-04-30,2019-04-29,2019-05-02,96,0,0,0,0,0,0,0,900.0,True,True,96,0,0,0,0,0,0,0,900.0,True,True,96,0,0,0,0,0,0,0,900.0,True,True,True,True,A,,,Расчёт возможен по существующим правилам,computed,,14.157763004124853,35.04366912409338,0.7988563464739551,not_assessed,18.5561351131793,29.964709421560798,0.8801687142466132,not_assessed,22.138575322298355,16.219361211038688,0.6659883853831494,not_assessed
2019-05-01,2019-04-30,2019-05-03,96,0,0,0,0,0,0,0,900.0,True,True,96,0,0,0,0,0,0,0,900.0,True,True,96,0,0,0,0,0,0,0,900.0,True,True,True,True,A,,,Расчёт возможен по существующим правилам,computed,,13.75390329053877,35.25235447468489,0.8352263223462494,not_assessed,18.432471977576878,30.90110357027549,0.8962913442413478,not_assessed,22.00375190628095,16.92320227150375,0.7630182841469088,not_assessed
2019-05-02,2019-05-01,2019-05-04,96,0,0,0,0,0,0,0,900.0,True,True,96,0,0,0,0,0,0,0,900.0,True,True,96,0,0,0,0,0,0,0,900.0,True,True,True,True,A,,,Расчёт возможен по существующим правилам,computed,,14.075019649300426,21.046116618642365,0.8250477048366175,not_assessed,18.307746374384664,19.820913082182013,0.8597748095186313,not_assessed,22.55938048826102,13.555879367604334,0.6906077284646222,not_assessed
2019-05-03,2019-05-02,2019-05-05,96,0,0,0,0,0,0,0,900.0,True,True,96,0,0,0,0,0,0,0,900.0,True,True,96,0,0,0,0,0,0,0,900.0,True,True,True,True,A,,,Расчёт возможен по существующим правилам,computed,,13.772411623221942,29.771403891053815,0.8184186438651401,not_assessed,18.576673997382102,24.348433254993797,0.8867839645502225,not_assessed,21.715681854691226,11.493316222034519,0.6122515232845571,not_assessed
2019-05-04,2019-05-03,2019-05-06,96,0,0,0,0,0,0,0,900.0,True,True,96,0,0,0,0,0,0,0,900.0,True,True,96,0,0,0,0,0,0,0,900.0,True,True,True,True,A,,,Расчёт возможен по существующим правилам,computed,,13.29416512937153,35.01090109433483,0.8296722044729175,not_assessed,18.267516937980602,30.76304033719801,0.9025327296737475,not_assessed,21.981013941466003,16.90850315162002,0.7525722632495903,not_assessed
2019-05-05,2019-05-04,2019-05-07,96,0,0,0,0,0,0,0,900.0,True,True,96,0,0,0,0,0,0,0,900.0,True,True,96,0,0,0,0,0,0,0,900.0,True,True,True,True,A,,,Расчёт возможен по существующим правилам,computed,,13.2480665358748,32.269877955889605,0.8306873238721713,not_assessed,17.869033034833382,32.56088405431905,0.8990486816518036,not_assessed,21.88479173993724,15.591378834029937,0.6244847573676524,not_assessed
2019-05-06,2019-05-05,2019-05-08,96,0,0,0,0,0,0,0,900.0,True,True,96,0,0,0,0,0,0,0,900.0,True,True,96,0,0,0,0,0,0,0,900.0,True,True,True,True,A,,,Расчёт возможен по существующим правилам,computed,,13.437369300877496,24.200161951073618,0.72840084038107,not_assessed,17.797432560716693,25.787569628336854,0.9158496309492545,not_assessed,21.86223492550809,12.812645649402679,0.698938460199007,not_assessed
2019-05-07,2019-05-06,2019-05-09,96,0,0,0,0,0,0,0,900.0,True,True,96,0,0,0,0,0,0,0,900.0,True,True,96,0,0,0,0,0,0,0,900.0,True,True,True,True,A,,,Расчёт возможен по существующим правилам,computed,,3.5562105686820464,66.11115682579204,0.6283513287260322,not_assessed,5.1938947887632905,44.4683109880661,0.6604495128048349,not_assessed,6.599669878708043,39.125096463516904,0.7928835730638997,not_assessed
2019-05-08,2019-05-07,2019-05-10,96,0,0,0,0,0,0,0,900.0,True,True,96,0,0,0,0,0,0,0,900.0,True,True,96,0,0,0,0,0,0,0,900.0,True,True,True,True,A,,,Расчёт возможен по существующим правилам,computed,,17.19924700077382,26.231077329369395,0.792868916308216,not_assessed,21.310176448125965,14.449668081197162,0.7851489111063366,not_assessed,1.968080160404312,6.075446590087005,0.3441499594894064,not_assessed
2019-05-09,2019-05-08,2019-05-11,96,0,0,0,0,0,0,0,900.0,True,True,96,0,0,0,0,0,0,0,900.0,True,True,96,0,0,0,0,0,0,0,900.0,True,True,True,True,A,,,Расчёт возможен по существующим правилам,computed,,14.846254302156064,22.66048985997392,0.7682561620666476,not_assessed,18.954081141721673,10.593713364772384,0.6407337865790775,not_assessed,0.29302887342846357,4.702330370322742,0.20411595937468663,not_assessed
2019-05-10,2019-05-09,2019-05-12,96,0,0,0,0,0,0,0,900.0,True,True,96,0,0,0,0,0,0,0,900.0,True,True,96,0,0,0,0,0,0,0,900.0,True,True,True,True,A,,,Расчёт возможен по существующим правилам,computed,,16.5557213128966,34.07587459485736,0.7808344871146617,not_assessed,20.174700456609788,19.14086938843265,0.801871062322097,not_assessed,23.495620823728466,6.9157600783936655,0.3830100320677422,not_assessed
2019-05-11,2019-05-10,2019-05-13,96,0,0,0,0,0,0,0,900.0,True,True,96,0,0,0,0,0,0,0,900.0,True,True,96,0,0,0,0,0,0,0,900.0,True,True,True,True,A,,,Расчёт возможен по существующим правилам,computed,,15.990488272245328,43.637984213655756,0.8913224764313618,not_assessed,19.877677172136696,22.52253494255607,0.8625033019187001,not_assessed,0.13212758162078997,8.886590457088765,0.5435290331384315,not_assessed
2019-05-12,2019-05-11,2019-05-14,96,0,0,0,0,0,0,0,900.0,True,True,96,0,0,0,0,0,0,0,900.0,True,True,96,0,0,0,0,0,0,0,900.0,True,True,True,True,A,,,Расчёт возможен по существующим правилам,computed,,14.972158818602693,40.16880469424922,0.8336433168958934,not_assessed,18.450257401343357,20.95169556606618,0.854619560030827,not_assessed,23.60413835845228,9.092385903592268,0.5233150802053494,not_assessed
2019-05-13,2019-05-12,2019-05-15,96,0,0,0,0,0,0,0,900.0,True,True,96,0,0,0,0,0,0,0,900.0,True,True,96,0,0,0,0,0,0,0,900.0,True,True,True,True,A,,,Расчёт возможен по существующим правилам,computed,,16.44375898379004,33.44417918047681,0.9062984363591661,not_assessed,19.663707749472678,21.098816503122087,0.8643047775258391,not_assessed,23.35163237702401,10.09494788971242,0.5527974150212076,not_assessed
2019-05-14,2019-05-13,2019-05-16,96,0,0,0,0,0,0,0,900.0,True,True,96,0,0,0,0,0,0,0,900.0,True,True,96,0,0,0,0,0,0,0,900.0,True,True,True,True,A,,,Расчёт возможен по существующим правилам,computed,,15.74708616535417,31.275497178819567,0.7785948966926609,not_assessed,19.60303150681777,23.155796249376568,0.8512332796422291,not_assessed,22.54478022699092,8.8457493458547,0.47049366931272196,not_assessed
2019-05-15,2019-05-14,2019-05-17,96,0,0,0,0,0,0,0,900.0,True,True,96,0,0,0,0,0,0,0,900.0,True,True,96,0,0,0,0,0,0,0,900.0,True,True,True,True,A,,,Расчёт возможен по существующим правилам,computed,,14.145873305858967,31.415290278820848,0.7338489761615234,not_assessed,18.589573594077706,26.363533635805325,0.8517588306749271,not_assessed,22.322412300308315,12.05167338296011,0.605500780481167,not_assessed
2019-05-16,2019-05-15,2019-05-18,96,0,0,0,0,0,0,0,900.0,True,True,96,0,0,0,0,0,0,0,900.0,True,True,96,0,0,0,0,0,0,0,900.0,True,True,True,True,A,,,Расчёт возможен по существующим правилам,computed,,13.827743511936928,30.197778561735216,0.8232591350747176,not_assessed,18.240926718466635,24.196991330343508,0.8743165579655097,not_assessed,22.587425006321425,11.734799732218363,0.6445152928919994,not_assessed
2019-05-17,2019-05-16,2019-05-19,96,0,0,0,0,0,0,0,900.0,True,True,96,0,0,0,0,0,0,0,900.0,True,True,96,0,0,0,0,0,0,0,900.0,True,True,True,True,A,,,Расчёт возможен по существующим правилам,computed,,13.976829316320757,29.614354417325856,0.8022753937382331,not_assessed,18.39082214977441,26.999125721943244,0.8783517216100332,not_assessed,21.670009365635487,14.09755613765529,0.6774310055731341,not_assessed
2019-05-18,2019-05-17,2019-05-20,96,0,0,0,0,0,0,0,900.0,True,True,96,0,0,0,0,0,0,0,900.0,True,True,96,0,0,0,0,0,0,0,900.0,True,True,True,True,A,,,Расчёт возможен по существующим правилам,computed,,13.792018806698854,31.722279781856734,0.8294463316267059,not_assessed,18.319812636021734,27.85646451153049,0.8816171130247793,not_assessed,22.067974020142646,12.231115830465354,0.6535648939246318,not_assessed
2019-05-19,2019-05-18,2019-05-21,96,0,0,0,0,0,0,0,900.0,True,True,96,0,0,0,0,0,0,0,900.0,True,True,96,0,0,0,0,0,0,0,900.0,True,True,True,True,A,,,Расчёт возможен по существующим правилам,computed,,12.86909127468494,24.76761340768053,0.8596884656456705,not_assessed,17.83741757365116,19.480433006236673,0.856903701870483,not_assessed,21.951039816306846,10.776768499262952,0.5748177462247648,not_assessed
2019-05-20,2019-05-19,2019-05-22,96,0,0,0,0,0,0,0,900.0,True,True,96,0,0,0,0,0,0,0,900.0,True,True,96,0,0,0,0,0,0,0,900.0,True,True,True,True,A,,,Расчёт возможен по существующим правилам,computed,,14.138542954940952,17.649378999272937,0.7332315715058079,not_assessed,17.700680280038853,15.57717144616588,0.8039329308567092,not_assessed,22.050607324193596,8.141891147801886,0.4325763110665687,not_assessed
2019-05-21,2019-05-20,2019-05-23,96,0,0,0,0,0,0,0,900.0,True,True,96,0,0,0,0,0,0,0,900.0,True,True,96,0,0,0,0,0,0,0,900.0,True,True,True,True,A,,,Расчёт возможен по существующим правилам,computed,,3.33642681496602,52.749901995522436,0.5432700837848321,not_assessed,4.879231614619842,33.836170998894694,0.5788251027903083,not_assessed,6.6481343553867935,24.128704051218826,0.6607225519651927,not_assessed
2019-05-22,2019-05-21,2019-05-24,96,0,0,0,0,0,0,0,900.0,True,True,96,0,0,0,0,0,0,0,900.0,True,True,96,0,0,0,0,0,0,0,900.0,True,True,True,True,A,,,Расчёт возможен по существующим правилам,computed,,16.826283532794044,38.13834528748652,0.851418701179907,not_assessed,20.688442729709227,16.29453017980485,0.7813849383574766,not_assessed,1.6471304004168577,3.845006982643495,0.17704872688620676,not_assessed
2019-05-23,2019-05-22,2019-05-25,96,0,0,0,0,0,0,0,900.0,True,True,96,0,0,0,0,0,0,0,900.0,True,True,96,0,0,0,0,0,0,0,900.0,True,True,True,True,A,,,Расчёт возможен по существующим правилам,computed,,16.260296090317333,49.268194081944856,0.8805209334408838,not_assessed,19.81996663512717,21.371114411487678,0.8715290192530625,not_assessed,1.2716111212496444,5.971016889188966,0.27927729686705927,not_assessed
2019-05-24,2019-05-23,2019-05-26,96,0,0,0,0,0,0,0,900.0,True,True,96,0,0,0,0,0,0,0,900.0,True,True,96,0,0,0,0,0,0,0,900.0,True,True,True,True,A,,,Расчёт возможен по существующим правилам,computed,,16.254383855819068,57.749320159591356,0.8893287182598743,not_assessed,19.695364719401795,30.899591929842774,0.8861595025670388,not_assessed,23.560142247882215,13.055919543766958,0.6849550484452609,not_assessed
2019-05-25,2019-05-24,2019-05-27,96,0,0,0,0,0,0,0,900.0,True,True,96,0,0,0,0,0,0,0,900.0,True,True,96,0,0,0,0,0,0,0,900.0,True,True,True,True,A,,,Расчёт возможен по существующим правилам,computed,,15.840522597807048,50.20751480353681,0.8816903101623749,not_assessed,19.465418679988442,31.111318218832775,0.9072341060610961,not_assessed,23.01066881786742,13.318703060531904,0.7095406900372854,not_assessed
2019-05-26,2019-05-25,2019-05-28,96,0,0,0,0,0,0,0,900.0,True,True,96,0,0,0,0,0,0,0,900.0,True,True,96,0,0,0,0,0,0,0,900.0,True,True,True,True,A,,,Расчёт возможен по существующим правилам,computed,,14.930730409507309,39.26781110006687,0.8153476348907519,not_assessed,18.981825303657118,30.99031368301283,0.8770070013922021,not_assessed,22.45245098900846,16.268934047463784,0.7340100112935318,not_assessed
2019-05-27,2019-05-26,2019-05-29,96,0,0,0,0,0,0,0,900.0,True,True,96,0,0,0,0,0,0,0,900.0,True,True,96,0,0,0,0,0,0,0,900.0,True,True,True,True,A,,,Расчёт возможен по существующим правилам,computed,,14.310595758185201,36.89652805086849,0.8382339948468244,not_assessed,18.678713482233825,31.27516433546247,0.893257042548849,not_assessed,22.15025089877129,15.505875538704,0.6883890042174291,not_assessed
2019-05-28,2019-05-27,2019-05-30,96,0,0,0,0,0,0,0,900.0,True,True,96,0,0,0,0,0,0,0,900.0,True,True,96,0,0,0,0,0,0,0,900.0,True,True,True,True,A,,,Расчёт возможен по существующим правилам,computed,,13.5772678516657,34.37016649795615,0.8328123856939039,not_assessed,17.994572769886986,28.075252340193742,0.8782792851986637,not_assessed,22.105267003689722,16.133353589816373,0.6826299074378075,not_assessed
2019-05-29,2019-05-28,2019-05-31,96,0,0,0,0,0,0,0,900.0,True,True,96,0,0,0,0,0,0,0,900.0,True,True,96,0,0,0,0,0,0,0,900.0,True,True,True,True,A,,,Расчёт возможен по существующим правилам,computed,,13.788289850253339,38.5047949785269,0.8217600038051454,not_assessed,18.34420662713789,35.37339798365808,0.8918352622477768,not_assessed,21.490585676137584,19.18693298806553,0.8278755096748369,not_assessed
2019-05-30,2019-05-29,2019-06-01,96,0,0,0,0,0,0,0,900.0,True,True,96,0,0,0,0,0,0,0,900.0,True,True,96,0,0,0,0,0,0,0,900.0,True,True,True,True,A,,,Расчёт возможен по существующим правилам,computed,,13.361132074053831,38.57602577455925,0.8785730417515953,not_assessed,18.098194016964236,35.69126124926057,0.9113040739992521,not_assessed,21.850267861827096,21.809085446384262,0.8375677167904569,not_assessed
2019-05-31,2019-05-30,2019-06-02,96,0,0,0,0,0,0,0,899.0,True,True,96,0,0,0,0,0,0,0,899.0,True,True,96,0,0,0,0,0,0,0,899.0,True,True,True,True,A,,,Расчёт возможен по существующим правилам,computed,,13.014576997571895,34.93880148194349,0.8575319975097538,not_assessed,17.91669737162983,33.943674057085566,0.8997621199172702,not_assessed,21.60275051744078,19.787012169502958,0.8038484016709139,not_assessed
2019-06-01,2019-05-31,2019-06-03,96,0,0,0,0,0,0,0,899.0,True,True,96,0,0,0,0,0,0,0,899.0,True,True,96,0,0,0,0,0,0,0,899.0,True,True,True,True,A,,,Расчёт возможен по существующим правилам,computed,,12.773614578439004,31.1699881735835,0.8487766161856052,not_assessed,17.87662454871051,31.543917569799714,0.8888305513589849,not_assessed,21.67893173625068,17.048467035250233,0.765762999403008,not_assessed
2019-06-02,2019-06-01,2019-06-04,96,0,0,0,0,0,0,0,900.0,True,True,96,0,0,0,0,0,0,0,900.0,True,True,96,0,0,0,0,0,0,0,900.0,True,True,True,True,A,,,Расчёт возможен по существующим правилам,computed,,12.509605304564227,31.49536122795711,0.8522834615350732,not_assessed,17.78917865874896,29.360439609057693,0.8663577710147586,not_assessed,21.603024568646283,18.752115125673264,0.7831734216711456,not_assessed
2019-06-03,2019-06-02,2019-06-05,96,0,0,0,0,0,0,0,900.0,True,True,96,0,0,0,0,0,0,0,900.0,True,True,96,0,0,0,0,0,0,0,900.0,True,True,True,True,A,,,Расчёт возможен по существующим правилам,computed,,12.782431790560693,30.70999923420728,0.8156818300788169,not_assessed,17.908004203254304,29.968708096706596,0.8934187180710665,not_assessed,21.531139698461928,16.481574511963185,0.7117301068655202,not_assessed
2019-06-04,2019-06-03,2019-06-06,96,0,0,0,0,0,0,0,900.0,True,True,96,0,0,0,0,0,0,0,900.0,True,True,96,0,0,0,0,0,0,0,900.0,True,True,True,True,A,,,Расчёт возможен по существующим правилам,computed,,12.598502813472805,28.75356985898858,0.8639984125989567,not_assessed,17.638821364273735,29.125160661933776,0.8938881273842163,not_assessed,21.181243600569058,15.768150510986247,0.72995604650688,not_assessed
2019-06-05,2019-06-04,2019-06-07,96,0,0,0,0,0,0,0,900.0,True,True,96,0,0,0,0,0,0,0,900.0,True,True,96,0,0,0,0,0,0,0,900.0,True,True,True,True,A,,,Расчёт возможен по существующим правилам,computed,,12.894941676020267,29.4294997978861,0.853886827233681,not_assessed,17.703048159263513,29.89701245566647,0.8841014845163351,not_assessed,21.576634937648272,18.00562593869137,0.757529306445301,not_assessed
2019-06-06,2019-06-05,2019-06-08,96,0,0,0,0,0,0,0,900.0,True,True,96,0,0,0,0,0,0,0,900.0,True,True,96,0,0,0,0,0,0,0,900.0,True,True,True,True,A,,,Расчёт возможен по существующим правилам,computed,,12.550956051985368,27.72480255891189,0.83436576491595,not_assessed,18.007350165025766,28.35746460714152,0.8856571508713713,not_assessed,21.441595019383513,17.13273130599026,0.7259173832865284,not_assessed
2019-06-07,2019-06-06,2019-06-09,96,0,0,0,0,0,0,0,900.0,True,True,96,0,0,0,0,0,0,0,900.0,True,True,96,0,0,0,0,0,0,0,900.0,True,True,True,True,A,,,Расчёт возможен по существующим правилам,computed,,12.565328743464633,27.848613186616515,0.8489533262102745,not_assessed,17.749136429000107,27.438545204827278,0.895386776114262,not_assessed,21.333069397191647,17.0691177197409,0.7499892218573054,not_assessed
2019-06-08,2019-06-07,2019-06-10,96,0,0,1,0,0,0,0,900.0,False,False,96,0,0,1,0,0,0,0,900.0,False,False,96,0,0,1,0,0,0,0,900.0,False,False,False,False,B,D1: неполное покрытие суток (служебные значения); D2: неполное покрытие суток (служебные значения); D3: неполное покрытие суток (служебные значения),,D1: неполное покрытие суток (служебные значения); D2: неполное покрытие суток (служебные значения); D3: неполное покрытие суток (служебные значения),skipped,,,,,,,,,,,,,
2019-06-09,2019-06-08,2019-06-11,96,0,0,1,0,0,0,0,900.0,True,False,96,0,0,1,0,0,0,0,900.0,True,False,96,0,0,1,0,0,0,0,900.0,True,False,True,False,B,D1: неполное окружение ±12 ч (служебные значения); D2: неполное окружение ±12 ч (служебные значения); D3: неполное окружение ±12 ч (служебные значения),,D1: неполное окружение ±12 ч (служебные значения); D2: неполное окружение ±12 ч (служебные значения); D3: неполное окружение ±12 ч (служебные значения),skipped,,,,,,,,,,,,,
2019-06-10,2019-06-09,2019-06-12,96,0,0,0,0,0,0,0,900.0,True,True,96,0,0,0,0,0,0,0,900.0,True,True,96,0,0,0,0,0,0,0,900.0,True,True,True,True,A,,,Расчёт возможен по существующим правилам,computed,,12.496831759346598,23.86596429261733,0.8244700363333337,not_assessed,18.02789206013587,24.39894251703997,0.8566698115991802,not_assessed,21.050656495933605,13.94529991486431,0.6737920088135815,not_assessed
2019-06-11,2019-06-10,2019-06-13,96,0,0,0,0,0,0,0,900.0,True,True,96,0,0,0,0,0,0,0,900.0,True,True,96,0,0,0,0,0,0,0,900.0,True,True,True,True,A,,,Расчёт возможен по существующим правилам,computed,,13.05256498784255,24.849485896037848,0.8389194893731552,not_assessed,17.987957400351505,27.343508516964075,0.8965905169722279,not_assessed,21.416058102566883,16.594912286001573,0.7412122133195119,not_assessed
2019-06-12,2019-06-11,2019-06-14,96,0,0,0,0,0,0,0,900.0,True,True,96,0,0,0,0,0,0,0,900.0,True,True,96,0,0,0,0,0,0,0,900.0,True,True,True,True,A,,,Расчёт возможен по существующим правилам,computed,,12.452694238062016,25.95209254939001,0.8402491290915962,not_assessed,17.78493880426192,25.71826680126025,0.8755799518327188,not_assessed,21.60425672834303,15.54600779157507,0.7193481785562215,not_assessed
2019-06-13,2019-06-12,2019-06-15,96,0,0,0,0,0,0,0,900.0,True,True,96,0,0,0,0,0,0,0,900.0,True,True,96,0,0,0,0,0,0,0,900.0,True,True,True,True,A,,,Расчёт возможен по существующим правилам,computed,,12.342363166627383,24.170022844816284,0.7852638787704114,not_assessed,17.210324766784726,23.490350415537005,0.7956305089226817,not_assessed,20.30550233314277,11.709119424291593,0.4093272166613129,not_assessed
2019-06-14,2019-06-13,2019-06-16,96,0,0,0,0,0,0,0,900.0,True,True,96,0,0,0,0,0,0,0,900.0,True,True,96,0,0,0,0,0,0,0,900.0,True,True,True,True,A,,,Расчёт возможен по существующим правилам,computed,,12.716078196502037,22.927847146697157,0.7935051646136483,not_assessed,18.403904585993825,27.617450047787038,0.8494264296370556,not_assessed,21.084472683278886,19.643168112598765,0.7474583326927069,not_assessed
2019-06-15,2019-06-14,2019-06-17,96,0,0,0,0,0,0,0,900.0,True,True,96,0,0,0,0,0,0,0,900.0,True,True,96,0,0,0,0,0,0,0,900.0,True,True,True,True,A,,,Расчёт возможен по существующим правилам,computed,,12.820949320197036,27.545422381936344,0.8647041561677951,not_assessed,17.33862810517457,29.16849180572453,0.8799045770957001,not_assessed,20.320347393656625,15.317291481124272,0.6328398219660111,not_assessed
2019-06-16,2019-06-15,2019-06-18,96,0,0,0,0,0,0,0,900.0,True,True,96,0,0,0,0,0,0,0,900.0,True,True,96,0,0,0,0,0,0,0,900.0,True,True,True,True,A,,,Расчёт возможен по существующим правилам,computed,,12.80085333108566,29.163597468116425,0.7943866591062169,not_assessed,17.248654236606207,30.98666611657151,0.8442633618248754,not_assessed,19.6258028016858,17.979790269172057,0.6686008141234667,not_assessed
2019-06-17,2019-06-16,2019-06-19,96,0,0,0,0,0,69,69,900.0,True,True,96,0,0,0,0,0,69,69,900.0,True,True,96,0,0,0,0,0,69,69,900.0,True,True,True,True,C,,D1: диагностический постоянный участок в окнах расчёта; D2: диагностический постоянный участок в окнах расчёта; D3: диагностический постоянный участок в окнах расчёта,D1: диагностический постоянный участок в окнах расчёта; D2: диагностический постоянный участок в окнах расчёта; D3: диагностический постоянный участок в окнах расчёта,skipped,,,,,,,,,,,,,
2019-06-18,2019-06-17,2019-06-20,96,0,0,0,0,0,69,69,900.0,True,True,96,0,0,0,0,0,69,69,900.0,True,True,96,0,0,0,0,0,69,69,900.0,True,True,True,True,C,,D1: диагностический постоянный участок в окнах расчёта; D2: диагностический постоянный участок в окнах расчёта; D3: диагностический постоянный участок в окнах расчёта,D1: диагностический постоянный участок в окнах расчёта; D2: диагностический постоянный участок в окнах расчёта; D3: диагностический постоянный участок в окнах расчёта,skipped,,,,,,,,,,,,,
2019-06-19,2019-06-18,2019-06-21,96,0,0,0,0,0,0,0,900.0,True,True,96,0,0,0,0,0,0,0,900.0,True,True,96,0,0,0,0,0,0,0,900.0,True,True,True,True,A,,,Расчёт возможен по существующим правилам,computed,,13.786520442350943,13.388152564692964,0.5537420998681488,not_assessed,18.220329536697207,17.136584012852744,0.5867220278332017,not_assessed,22.233462420472677,13.049813723083739,0.45332119275892313,not_assessed
2019-06-20,2019-06-19,2019-06-22,96,0,0,0,0,0,0,0,900.0,True,True,96,0,0,0,0,0,0,0,900.0,True,True,96,0,0,0,0,0,0,0,900.0,True,True,True,True,A,,,Расчёт возможен по существующим правилам,computed,,13.735948565996893,22.25145772499509,0.7154961127586832,not_assessed,15.264030731775035,14.066217842529975,0.7042707765139643,not_assessed,13.069997675640867,0.4459979079818947,0.0012935457802553119,not_assessed
2019-06-21,2019-06-20,2019-06-23,96,0,0,0,0,0,0,0,900.0,True,True,96,0,0,0,0,0,0,0,900.0,True,True,96,0,0,0,0,0,0,0,900.0,True,True,True,True,A,,,Расчёт возможен по существующим правилам,computed,,13.482765147185354,39.30049195096223,0.8569793469553967,not_assessed,17.010295638287737,22.18927322526321,0.8438201916223266,not_assessed,20.319723521291696,7.839021225034374,0.36779228074863046,not_assessed
2019-06-22,2019-06-21,2019-06-24,96,0,0,0,0,0,0,0,900.0,True,True,96,0,0,0,0,0,0,0,900.0,True,True,96,0,0,0,0,0,0,0,900.0,True,True,True,True,A,,,Расчёт возможен по существующим правилам,computed,,13.054906406031742,30.93508195542656,0.8377058985048645,not_assessed,17.974621367764726,28.91892868320962,0.9137662853202898,not_assessed,21.543766264294995,16.777592876568793,0.7293542752571531,not_assessed
2019-06-23,2019-06-22,2019-06-25,96,0,0,0,0,0,0,0,900.0,True,True,96,0,0,0,0,0,0,0,900.0,True,True,96,0,0,0,0,0,0,0,900.0,True,True,True,True,A,,,Расчёт возможен по существующим правилам,computed,,13.080799074664476,25.581987490234578,0.7716409238891893,not_assessed,18.430888253144268,25.95231859832637,0.8698377753185846,not_assessed,21.77037108863711,19.105784053456755,0.7302870279785872,not_assessed
2019-06-24,2019-06-23,2019-06-26,96,0,0,0,0,0,0,0,900.0,True,True,96,0,0,0,0,0,0,0,900.0,True,True,96,0,0,0,0,0,0,0,900.0,True,True,True,True,A,,,Расчёт возможен по существующим правилам,computed,,14.745663543180303,24.972399257925403,0.8437682397071555,not_assessed,17.593655282673225,26.911176555142923,0.8446666273207707,not_assessed,19.837600725558715,13.601874691184852,0.5340830694225633,not_assessed
2019-06-25,2019-06-24,2019-06-27,96,0,0,0,0,0,0,0,900.0,True,True,96,0,0,0,0,0,0,0,900.0,True,True,96,0,0,0,0,0,0,0,900.0,True,True,True,True,A,,,Расчёт возможен по существующим правилам,computed,,14.343012868442969,39.79805932513475,0.7553628604337438,not_assessed,17.993303010942288,26.783251827626014,0.8490304849209702,not_assessed,21.61558857291287,11.615759270113811,0.5503856739294308,not_assessed
2019-06-26,2019-06-25,2019-06-28,96,0,0,0,0,0,0,0,900.0,True,True,96,0,0,0,0,0,0,0,900.0,True,True,96,0,0,0,0,0,0,0,900.0,True,True,True,True,A,,,Расчёт возможен по существующим правилам,computed,,13.702212464518198,34.9652337868421,0.7709245655889098,not_assessed,18.42779766834856,25.586154771841063,0.7410534194770324,not_assessed,22.63697384452991,19.46378118066333,0.693546157660255,not_assessed
2019-06-27,2019-06-26,2019-06-29,96,0,0,0,0,0,0,0,900.0,True,True,96,0,0,0,0,0,0,0,900.0,True,True,96,0,0,0,0,0,0,0,900.0,True,True,True,True,A,,,Расчёт возможен по существующим правилам,computed,,16.362682118752154,50.605458633433294,0.9132827271476991,not_assessed,18.874109121641986,29.076851279896232,0.8758311115760263,not_assessed,21.533761817867354,14.157820687830123,0.6614916459026212,not_assessed
2019-06-28,2019-06-27,2019-06-30,96,0,0,0,0,0,85,85,900.0,True,True,96,0,0,0,0,0,85,85,900.0,True,True,96,0,0,0,0,0,85,85,900.0,True,True,True,True,C,,D1: диагностический постоянный участок в окнах расчёта; D2: диагностический постоянный участок в окнах расчёта; D3: диагностический постоянный участок в окнах расчёта,D1: диагностический постоянный участок в окнах расчёта; D2: диагностический постоянный участок в окнах расчёта; D3: диагностический постоянный участок в окнах расчёта,skipped,,,,,,,,,,,,,
2019-06-29,2019-06-28,2019-07-01,96,0,0,0,0,0,182,182,900.0,True,True,96,0,0,0,0,0,182,182,900.0,True,True,96,0,0,0,0,0,182,182,900.0,True,True,True,True,C,,D1: диагностический постоянный участок в окнах расчёта; D2: диагностический постоянный участок в окнах расчёта; D3: диагностический постоянный участок в окнах расчёта,D1: диагностический постоянный участок в окнах расчёта; D2: диагностический постоянный участок в окнах расчёта; D3: диагностический постоянный участок в окнах расчёта,skipped,,,,,,,,,,,,,
2019-06-30,2019-06-29,2019-07-02,96,0,0,0,0,0,190,190,900.0,True,True,96,0,0,0,0,0,190,190,900.0,True,True,96,0,0,0,0,0,190,190,900.0,True,True,True,True,C,,D1: диагностический постоянный участок в окнах расчёта; D2: диагностический постоянный участок в окнах расчёта; D3: диагностический постоянный участок в окнах расчёта,D1: диагностический постоянный участок в окнах расчёта; D2: диагностический постоянный участок в окнах расчёта; D3: диагностический постоянный участок в окнах расчёта,skipped,,,,,,,,,,,,,
2019-07-01,2019-06-30,2019-07-03,96,0,0,0,0,0,186,186,900.0,True,True,96,0,0,0,0,0,186,186,900.0,True,True,96,0,0,0,0,0,186,186,900.0,True,True,True,True,C,,D1: диагностический постоянный участок в окнах расчёта; D2: диагностический постоянный участок в окнах расчёта; D3: диагностический постоянный участок в окнах расчёта,D1: диагностический постоянный участок в окнах расчёта; D2: диагностический постоянный участок в окнах расчёта; D3: диагностический постоянный участок в окнах расчёта,skipped,,,,,,,,,,,,,
2019-07-02,2019-07-01,2019-07-04,96,0,0,0,0,0,90,90,900.0,True,True,96,0,0,0,0,0,90,90,900.0,True,True,96,0,0,0,0,0,90,90,900.0,True,True,True,True,C,,D1: диагностический постоянный участок в окнах расчёта; D2: диагностический постоянный участок в окнах расчёта; D3: диагностический постоянный участок в окнах расчёта,D1: диагностический постоянный участок в окнах расчёта; D2: диагностический постоянный участок в окнах расчёта; D3: диагностический постоянный участок в окнах расчёта,skipped,,,,,,,,,,,,,
2019-07-03,2019-07-02,2019-07-05,96,0,0,0,0,0,0,0,900.0,True,True,96,0,0,0,0,0,0,0,900.0,True,True,96,0,0,0,0,0,0,0,900.0,True,True,True,True,A,,,Расчёт возможен по существующим правилам,computed,,15.925906383123706,50.28146097030329,0.8834905200441003,not_assessed,19.461946731583183,27.94714617868573,0.8968021811547467,not_assessed,22.969402290852237,11.821353748927045,0.6014344514759005,not_assessed
2019-07-04,2019-07-03,2019-07-06,96,0,0,0,0,0,0,0,900.0,True,True,96,0,0,0,0,0,0,0,900.0,True,True,96,0,0,0,0,0,0,0,900.0,True,True,True,True,A,,,Расчёт возможен по существующим правилам,computed,,15.685282376525233,53.79183243487423,0.8972299937681396,not_assessed,19.227655146122096,30.224512909059925,0.8995126458606083,not_assessed,23.14618352543661,13.067281030839675,0.6931885772163273,not_assessed
2019-07-05,2019-07-04,2019-07-07,96,0,0,0,0,0,0,0,900.0,True,True,96,0,0,0,0,0,0,0,900.0,True,True,96,0,0,0,0,0,0,0,900.0,True,True,True,True,A,,,Расчёт возможен по существующим правилам,computed,,15.719878459942244,64.65719287290526,0.8551133327201368,not_assessed,19.249016388236175,31.819948854846462,0.8818043494626628,not_assessed,23.38174333025635,12.988221106493743,0.6418616641302171,not_assessed
2019-07-06,2019-07-05,2019-07-08,96,0,0,0,0,0,0,0,900.0,True,True,96,0,0,0,0,0,0,0,900.0,True,True,96,0,0,0,0,0,0,0,900.0,True,True,True,True,A,,,Расчёт возможен по существующим правилам,computed,,15.491573611766981,48.36588357762457,0.8771993067893483,not_assessed,19.185199738357642,20.164206822234227,0.8260786135452503,not_assessed,0.2050809515851896,11.349324620963403,0.551830386777671,not_assessed
2019-07-07,2019-07-06,2019-07-09,96,0,0,0,0,0,0,0,900.0,True,True,96,0,0,0,0,0,0,0,900.0,True,True,96,0,0,0,0,0,0,0,900.0,True,True,True,True,A,,,Расчёт возможен по существующим правилам,computed,,15.625680141470868,42.456541719881315,0.8690978830038426,not_assessed,19.000443668438553,22.31107870726637,0.8846043073768681,not_assessed,22.975105616899555,9.375350016142653,0.396936845097019,not_assessed
2019-07-08,2019-07-07,2019-07-10,96,0,0,0,0,0,0,0,900.0,True,True,96,0,0,0,0,0,0,0,900.0,True,True,96,0,0,0,0,0,0,0,900.0,True,True,True,True,A,,,Расчёт возможен по существующим правилам,computed,,13.724651487968792,19.497510381415236,0.45276665943003525,not_assessed,5.976290656883167,8.837727271715844,0.22624085280108308,not_assessed,23.466096822320537,4.770097006476651,0.1837007393257798,not_assessed
2019-07-09,2019-07-08,2019-07-11,96,0,0,0,0,0,0,0,900.0,True,True,96,0,0,0,0,0,0,0,900.0,True,True,96,0,0,0,0,0,0,0,900.0,True,True,True,True,A,,,Расчёт возможен по существующим правилам,computed,,16.778140590705743,46.73988992672975,0.9173307277532643,not_assessed,20.630735526297695,21.111660983800984,0.8220822889314409,not_assessed,23.889524975652648,9.398511295991181,0.5517077008526047,not_assessed
2019-07-10,2019-07-09,2019-07-12,96,0,0,0,0,0,0,0,900.0,True,True,96,0,0,0,0,0,0,0,900.0,True,True,96,0,0,0,0,0,0,0,900.0,True,True,True,True,A,,,Расчёт возможен по существующим правилам,computed,,16.38047018046638,49.63763627196795,0.8718919249609304,not_assessed,20.108116098686736,26.165542153836615,0.8913989839435109,not_assessed,0.2509839414650791,9.90182851723125,0.5430656864247904,not_assessed
2019-07-11,2019-07-10,2019-07-13,96,0,0,0,0,0,0,0,900.0,True,True,96,0,0,0,0,0,0,0,900.0,True,True,96,0,0,0,0,0,0,0,900.0,True,True,True,True,A,,,Расчёт возможен по существующим правилам,computed,,15.006731887972213,36.96034070839041,0.7852994840785408,not_assessed,18.51749597066324,17.62716372608445,0.8028803589098016,not_assessed,23.3028869183087,7.6267399106409,0.38785977064471144,not_assessed
2019-07-12,2019-07-11,2019-07-14,96,0,0,0,0,0,0,0,900.0,True,True,96,0,0,0,0,0,0,0,900.0,True,True,96,0,0,0,0,0,0,0,900.0,True,True,True,True,A,,,Расчёт возможен по существующим правилам,computed,,15.622520305165938,26.69795986040496,0.8672761563904492,not_assessed,19.006027056425932,13.532899477284662,0.7589234893937391,not_assessed,23.025292445285608,4.130650537758044,0.1764201507902864,not_assessed
2019-07-13,2019-07-12,2019-07-15,96,0,0,0,0,0,0,0,900.0,True,True,96,0,0,0,0,0,0,0,900.0,True,True,96,0,0,0,0,0,0,0,900.0,True,True,True,True,A,,,Расчёт возможен по существующим правилам,computed,,15.442157926026269,45.60386714929142,0.7595396941296191,not_assessed,18.982632379816827,23.382409224267754,0.799866444938401,not_assessed,22.626506713902636,10.022386235278464,0.5201718899715826,not_assessed
2019-07-14,2019-07-13,2019-07-16,96,0,0,0,0,0,0,0,900.0,True,True,96,0,0,0,0,0,0,0,900.0,True,True,96,0,0,0,0,0,0,0,900.0,True,True,True,True,A,,,Расчёт возможен по существующим правилам,computed,,15.278076947003418,55.0633935552424,0.8828890486829502,not_assessed,18.57283413559956,31.915264686793677,0.9060436599175398,not_assessed,22.293833850406795,13.448970660289971,0.6665683840429084,not_assessed
2019-07-15,2019-07-14,2019-07-17,96,0,0,0,0,0,0,0,900.0,True,True,96,0,0,0,0,0,0,0,900.0,True,True,96,0,0,0,0,0,0,0,900.0,True,True,True,True,A,,,Расчёт возможен по существующим правилам,computed,,15.8745922210295,47.946262769621754,0.8829762738029079,not_assessed,18.787551247335983,29.561214838812422,0.8800206502907172,not_assessed,22.474542155616525,13.780391528459557,0.6213177282303701,not_assessed
2019-07-16,2019-07-15,2019-07-18,96,0,0,0,0,0,0,0,900.0,True,True,96,0,0,0,0,0,0,0,900.0,True,True,96,0,0,0,0,0,0,0,900.0,True,True,True,True,A,,,Расчёт возможен по существующим правилам,computed,,16.243688681117938,45.28674117330399,0.8772378271246514,not_assessed,19.407719247091304,25.183088899456546,0.8852036791942248,not_assessed,23.01092428335533,11.842387796409039,0.6264976165673803,not_assessed
2019-07-17,2019-07-16,2019-07-19,96,0,0,0,0,0,0,0,900.0,True,True,96,0,0,0,0,0,0,0,900.0,True,True,96,0,0,0,0,0,0,0,900.0,True,True,True,True,A,,,Расчёт возможен по существующим правилам,computed,,16.42043693297138,35.4535816036373,0.8892998126055677,not_assessed,19.578717235506538,20.433071963545096,0.8486348782040793,not_assessed,23.379091004704485,9.925863323482302,0.5659720928090668,not_assessed
2019-07-18,2019-07-17,2019-07-20,96,0,0,0,0,0,0,0,900.0,True,True,96,0,0,0,0,0,0,0,900.0,True,True,96,0,0,0,0,0,0,0,900.0,True,True,True,True,A,,,Расчёт возможен по существующим правилам,computed,,15.244691710233955,42.99899228162381,0.816963648846885,not_assessed,18.578462311368792,25.33816981387239,0.839536193857114,not_assessed,22.490564158065837,11.506808096752014,0.6528513543898887,not_assessed
2019-07-19,2019-07-18,2019-07-21,96,0,0,0,0,0,0,0,900.0,True,True,96,0,0,0,0,0,0,0,900.0,True,True,96,0,0,0,0,0,0,0,900.0,True,True,True,True,A,,,Расчёт возможен по существующим правилам,computed,,16.244502497727964,47.79206665565295,0.871352355289884,not_assessed,19.231951805337548,27.53121738097628,0.8817653676982771,not_assessed,22.563490590250606,9.010439026541373,0.5812438226681748,not_assessed
2019-07-20,2019-07-19,2019-07-22,96,0,0,0,0,0,0,0,900.0,True,True,96,0,0,0,0,0,0,0,900.0,True,True,96,0,0,0,0,0,0,0,900.0,True,True,True,True,A,,,Расчёт возможен по существующим правилам,computed,,15.38295527844093,64.65157241005616,0.7843920407513796,not_assessed,18.520923126655433,31.485622361800676,0.7177509782304607,not_assessed,22.218359073192463,12.51536236104455,0.5704976067998007,not_assessed
2019-07-21,2019-07-20,2019-07-23,96,0,0,0,0,0,0,0,900.0,True,True,96,0,0,0,0,0,0,0,900.0,True,True,96,0,0,0,0,0,0,0,900.0,True,True,True,True,A,,,Расчёт возможен по существующим правилам,computed,,16.049154103668158,59.60803886637641,0.912982435774688,not_assessed,19.14258903931105,28.040997942635602,0.8226475283109176,not_assessed,23.06320678250792,10.241298241115283,0.47270573920369574,not_assessed
2019-07-22,2019-07-21,2019-07-24,96,0,0,0,0,0,0,0,900.0,True,True,96,0,0,0,0,0,0,0,900.0,True,True,96,0,0,0,0,0,0,0,900.0,True,True,True,True,A,,,Расчёт возможен по существующим правилам,computed,,16.311284461225895,42.21225812481774,0.8104482692701211,not_assessed,19.71160279216795,22.46548605426767,0.8524834904578402,not_assessed,23.98080071880518,10.683456430519106,0.5770603069949262,not_assessed
2019-07-23,2019-07-22,2019-07-25,96,0,0,0,0,0,0,0,900.0,True,True,96,0,0,0,0,0,0,0,900.0,True,True,96,0,0,0,0,0,0,0,900.0,True,True,True,True,A,,,Расчёт возможен по существующим правилам,computed,,15.484914826879717,49.355670105180366,0.833171434130445,not_assessed,19.096584854184805,26.903100208392384,0.879852800641309,not_assessed,23.019799817247485,11.338506195381438,0.5798576551050985,not_assessed
2019-07-24,2019-07-23,2019-07-26,96,0,0,0,0,0,0,0,900.0,True,True,96,0,0,0,0,0,0,0,900.0,True,True,96,0,0,0,0,0,0,0,900.0,True,True,True,True,A,,,Расчёт возможен по существующим правилам,computed,,15.699424230438003,54.32859137779249,0.8635769204341085,not_assessed,18.638936477587905,26.250327852132596,0.8629218447100043,not_assessed,22.397074674281193,10.94753572342291,0.6192235926430572,not_assessed
2019-07-25,2019-07-24,2019-07-27,96,0,0,1,0,0,0,0,900.0,True,False,96,0,0,1,0,0,0,0,900.0,True,False,96,0,0,1,0,0,0,0,900.0,True,False,True,False,B,D1: неполное окружение ±12 ч (служебные значения); D2: неполное окружение ±12 ч (служебные значения); D3: неполное окружение ±12 ч (служебные значения),,D1: неполное окружение ±12 ч (служебные значения); D2: неполное окружение ±12 ч (служебные значения); D3: неполное окружение ±12 ч (служебные значения),skipped,,,,,,,,,,,,,
2019-07-26,2019-07-25,2019-07-28,96,0,0,1,0,0,0,0,900.0,False,False,96,0,0,1,0,0,0,0,900.0,False,False,96,0,0,1,0,0,0,0,900.0,False,False,False,False,B,D1: неполное покрытие суток (служебные значения); D2: неполное покрытие суток (служебные значения); D3: неполное покрытие суток (служебные значения),,D1: неполное покрытие суток (служебные значения); D2: неполное покрытие суток (служебные значения); D3: неполное покрытие суток (служебные значения),skipped,,,,,,,,,,,,,
2019-07-27,2019-07-26,2019-07-29,93,0,0,1,0,0,0,0,900.0,False,False,93,0,0,1,0,0,0,0,900.0,False,False,93,0,0,1,0,0,0,0,900.0,False,False,False,False,B,D1: неполное покрытие суток (служебные значения); D2: неполное покрытие суток (служебные значения); D3: неполное покрытие суток (служебные значения),,D1: неполное покрытие суток (служебные значения); D2: неполное покрытие суток (служебные значения); D3: неполное покрытие суток (служебные значения),skipped,,,,,,,,,,,,,
2019-07-28,2019-07-27,2019-07-30,96,0,0,1,0,0,0,0,900.0,True,False,96,0,0,1,0,0,0,0,900.0,True,False,96,0,0,1,0,0,0,0,900.0,True,False,True,False,B,D1: неполное окружение ±12 ч (служебные значения); D2: неполное окружение ±12 ч (служебные значения); D3: неполное окружение ±12 ч (служебные значения),,D1: неполное окружение ±12 ч (служебные значения); D2: неполное окружение ±12 ч (служебные значения); D3: неполное окружение ±12 ч (служебные значения),skipped,,,,,,,,,,,,,
2019-07-29,2019-07-28,2019-07-31,96,0,0,0,0,0,0,0,900.0,True,True,96,0,0,0,0,0,0,0,900.0,True,True,96,0,0,0,0,0,0,0,900.0,True,True,True,True,A,,,Расчёт возможен по существующим правилам,computed,,16.46731974643668,52.61412291342422,0.87168830034218,not_assessed,19.618363611394916,27.05037437664047,0.8830565534816563,not_assessed,21.906006678888033,8.140098765102346,0.425068666709597,not_assessed
2019-07-30,2019-07-29,2019-08-01,96,0,0,0,0,0,3,3,900.0,True,True,96,0,0,0,0,0,3,3,900.0,True,True,96,0,0,0,0,0,3,3,900.0,True,True,True,True,C,,D1: диагностический постоянный участок в окнах расчёта; D2: диагностический постоянный участок в окнах расчёта; D3: диагностический постоянный участок в окнах расчёта,D1: диагностический постоянный участок в окнах расчёта; D2: диагностический постоянный участок в окнах расчёта; D3: диагностический постоянный участок в окнах расчёта,skipped,,,,,,,,,,,,,
2019-07-31,2019-07-30,2019-08-02,96,0,0,0,0,0,87,87,900.0,True,True,96,0,0,0,0,0,87,87,900.0,True,True,96,0,0,0,0,0,87,87,900.0,True,True,True,True,C,,D1: диагностический постоянный участок в окнах расчёта; D2: диагностический постоянный участок в окнах расчёта; D3: диагностический постоянный участок в окнах расчёта,D1: диагностический постоянный участок в окнах расчёта; D2: диагностический постоянный участок в окнах расчёта; D3: диагностический постоянный участок в окнах расчёта,skipped,,,,,,,,,,,,,
2019-08-01,2019-07-31,2019-08-03,96,0,0,0,0,0,82,82,900.0,True,True,96,0,0,0,0,0,82,82,900.0,True,True,96,0,0,0,0,0,82,82,900.0,True,True,True,True,C,,D1: диагностический постоянный участок в окнах расчёта; D2: диагностический постоянный участок в окнах расчёта; D3: диагностический постоянный участок в окнах расчёта,D1: диагностический постоянный участок в окнах расчёта; D2: диагностический постоянный участок в окнах расчёта; D3: диагностический постоянный участок в окнах расчёта,skipped,,,,,,,,,,,,,
2019-08-02,2019-08-01,2019-08-04,96,0,0,0,0,0,0,0,900.0,True,True,96,0,0,0,0,0,0,0,900.0,True,True,96,0,0,0,0,0,0,0,900.0,True,True,True,True,A,,,Расчёт возможен по существующим правилам,computed,,15.559799377861781,41.59522897022442,0.8469309129731879,not_assessed,19.345066290839085,21.237413876584938,0.855859944216484,not_assessed,23.601890221218362,9.604085883746224,0.5684478435420538,not_assessed
2019-08-03,2019-08-02,2019-08-05,96,0,0,0,0,0,0,0,900.0,True,True,96,0,0,0,0,0,0,0,900.0,True,True,96,0,0,0,0,0,0,0,900.0,True,True,True,True,A,,,Расчёт возможен по существующим правилам,computed,,15.816785407438656,38.303552036907256,0.862747086956734,not_assessed,19.149751941071777,18.966791913874268,0.8362262242098492,not_assessed,21.742159695849082,9.364061896555903,0.4586602462533397,not_assessed
2019-08-04,2019-08-03,2019-08-06,96,0,0,0,0,0,0,0,900.0,True,True,96,0,0,0,0,0,0,0,900.0,True,True,96,0,0,0,0,0,0,0,900.0,True,True,True,True,A,,,Расчёт возможен по существующим правилам,computed,,16.11147567507322,46.128397155353625,0.9003069521560862,not_assessed,20.057080165960052,23.482520362140843,0.8462827525761858,not_assessed,23.366559933920747,8.294055557780204,0.4035118003338781,not_assessed
2019-08-05,2019-08-04,2019-08-07,96,0,0,0,0,0,0,0,900.0,True,True,96,0,0,0,0,0,0,0,900.0,True,True,96,0,0,0,0,0,0,0,900.0,True,True,True,True,A,,,Расчёт возможен по существующим правилам,computed,,15.78008311123154,53.58532525972256,0.8068994812291569,not_assessed,19.65871135879099,28.659148510897083,0.8523975421720253,not_assessed,23.654491595680486,12.911227279734604,0.6473294350875503,not_assessed
2019-08-06,2019-08-05,2019-08-08,96,0,0,0,0,0,0,0,900.0,True,True,96,0,0,0,0,0,0,0,900.0,True,True,96,0,0,0,0,0,0,0,900.0,True,True,True,True,A,,,Расчёт возможен по существующим правилам,computed,,15.98521157897895,38.13530268652297,0.8170418251846899,not_assessed,19.68412228994994,19.61185617213416,0.8068323511194847,not_assessed,0.010821759034112376,9.77851843289828,0.5792135741431024,not_assessed
2019-08-07,2019-08-06,2019-08-09,96,0,0,0,0,0,0,0,900.0,True,True,96,0,0,0,0,0,0,0,900.0,True,True,96,0,0,0,0,0,0,0,900.0,True,True,True,True,A,,,Расчёт возможен по существующим правилам,computed,,16.009316666843432,36.940643160963745,0.8663689047730758,not_assessed,19.023575740423944,19.189938360615336,0.8193229799131824,not_assessed,22.279106714231947,10.530082138531887,0.556674275478549,not_assessed
2019-08-08,2019-08-07,2019-08-10,96,0,0,0,0,0,0,0,900.0,True,True,96,0,0,0,0,0,0,0,900.0,True,True,96,0,0,0,0,0,0,0,900.0,True,True,True,True,A,,,Расчёт возможен по существующим правилам,computed,,15.245875850600731,33.93388748980032,0.8672448765939487,not_assessed,19.003369505005807,16.070914535706724,0.7641707063588448,not_assessed,22.76082635788502,7.6719753791490275,0.40704558318159856,not_assessed
2019-08-09,2019-08-08,2019-08-11,96,0,0,0,0,0,0,0,900.0,True,True,96,0,0,0,0,0,0,0,900.0,True,True,96,0,0,0,0,0,0,0,900.0,True,True,True,True,A,,,Расчёт возможен по существующим правилам,computed,,17.229828194062545,37.11762593761813,0.8521104806056365,not_assessed,20.461128561475707,19.143171995987363,0.8362043119250021,not_assessed,0.37574192428488185,7.5510916155908365,0.34292775711924295,not_assessed
2019-08-10,2019-08-09,2019-08-12,96,0,0,0,0,0,0,0,900.0,True,True,96,0,0,0,0,0,0,0,900.0,True,True,96,0,0,0,0,0,0,0,900.0,True,True,True,True,A,,,Расчёт возможен по существующим правилам,computed,,14.54265555253174,24.478544333874076,0.7049037484832668,not_assessed,18.554418304928568,9.968136245328468,0.504296847774691,not_assessed,23.393749371055957,5.464167785051723,0.22970022468066953,not_assessed
2019-08-11,2019-08-10,2019-08-13,96,0,0,0,0,0,0,0,900.0,True,True,96,0,0,0,0,0,0,0,900.0,True,True,96,0,0,0,0,0,0,0,900.0,True,True,True,True,A,,,Расчёт возможен по существующим правилам,computed,,16.113111700573615,43.133500972923315,0.8049342378543342,not_assessed,19.183435054734588,23.05545831549204,0.80820794780205,not_assessed,22.165117180544648,9.58961239994312,0.4875783364702925,not_assessed
2019-08-12,2019-08-11,2019-08-14,96,0,0,0,0,0,0,0,900.0,True,True,96,0,0,0,0,0,0,0,900.0,True,True,96,0,0,0,0,0,0,0,900.0,True,True,True,True,A,,,Расчёт возможен по существующим правилам,computed,,15.921094498394133,40.351093866688636,0.9043092129823564,not_assessed,19.73951096965341,21.909086194176844,0.8486109178941652,not_assessed,22.830749523684467,11.129161418965532,0.5477946366831026,not_assessed
2019-08-13,2019-08-12,2019-08-15,96,0,0,0,0,0,0,0,900.0,True,True,96,0,0,0,0,0,0,0,900.0,True,True,96,0,0,0,0,0,0,0,900.0,True,True,True,True,A,,,Расчёт возможен по существующим правилам,computed,,14.599686991398874,39.79960070060817,0.7826506788558879,not_assessed,18.23136064764059,21.807617026363378,0.8325966619334279,not_assessed,21.979764354036913,10.085061817494031,0.5261766819632167,not_assessed
2019-08-14,2019-08-13,2019-08-16,96,0,0,0,0,0,0,0,900.0,True,True,96,0,0,0,0,0,0,0,900.0,True,True,96,0,0,0,0,0,0,0,900.0,True,True,True,True,A,,,Расчёт возможен по существующим правилам,computed,,14.628831645392948,34.70381735973443,0.8042326739394774,not_assessed,18.415687649577123,23.14347561371357,0.8873103675130433,not_assessed,21.44076035876516,12.205672298348285,0.6438757394272389,not_assessed
2019-08-15,2019-08-14,2019-08-17,96,0,0,0,0,0,0,0,900.0,True,True,96,0,0,0,0,0,0,0,900.0,True,True,96,0,0,0,0,0,0,0,900.0,True,True,True,True,A,,,Расчёт возможен по существующим правилам,computed,,14.222646233030128,29.24298589144799,0.7957625039078731,not_assessed,18.547634414598182,24.917732601977978,0.8472037140282587,not_assessed,21.833925637328928,12.079271752934503,0.5680754143157507,not_assessed
2019-08-16,2019-08-15,2019-08-18,96,0,0,0,0,0,0,0,900.0,True,True,96,0,0,0,0,0,0,0,900.0,True,True,96,0,0,0,0,0,0,0,900.0,True,True,True,True,A,,,Расчёт возможен по существующим правилам,computed,,10.407001642912782,32.466090462936364,0.5288328613955658,not_assessed,16.055193113407462,14.947458963204808,0.6160564183370341,not_assessed,21.691648930521723,9.21957407982903,0.5040620804107008,not_assessed
2019-08-17,2019-08-16,2019-08-19,96,0,0,0,0,0,0,0,900.0,True,True,96,0,0,0,0,0,0,0,900.0,True,True,96,0,0,0,0,0,0,0,900.0,True,True,True,True,A,,,Расчёт возможен по существующим правилам,computed,,16.30609816188413,45.592726737497486,0.8050409478025797,not_assessed,19.6848576521992,25.409313407816878,0.86656479035779,not_assessed,22.750989083254808,8.547035703458315,0.43336384730015176,not_assessed
2019-08-18,2019-08-17,2019-08-20,96,0,0,0,0,0,0,0,900.0,True,True,96,0,0,0,0,0,0,0,900.0,True,True,96,0,0,0,0,0,0,0,900.0,True,True,True,True,A,,,Расчёт возможен по существующим правилам,computed,,15.880375497669194,43.865566446565886,0.8661243512121399,not_assessed,19.51418695231951,22.589893960925753,0.834035491410418,not_assessed,23.425507219861174,9.233897208487562,0.4486791147446978,not_assessed
2019-08-19,2019-08-18,2019-08-21,96,0,0,0,0,0,0,0,900.0,True,True,96,0,0,0,0,0,0,0,900.0,True,True,96,0,0,0,0,0,0,0,900.0,True,True,True,True,A,,,Расчёт возможен по существующим правилам,computed,,15.512469756063453,46.44598438524991,0.8644173742025159,not_assessed,19.226667318548095,27.620421171979757,0.865083739165734,not_assessed,23.014089008184502,10.911376772202518,0.5581554261901522,not_assessed
2019-08-20,2019-08-19,2019-08-22,96,0,0,0,0,0,0,0,900.0,True,True,96,0,0,0,0,0,0,0,900.0,True,True,96,0,0,0,0,0,0,0,900.0,True,True,True,True,A,,,Расчёт возможен по существующим правилам,computed,,15.125484322406576,40.94914857220053,0.8161115671660673,not_assessed,18.679208059294268,27.581175693717647,0.8528595152552862,not_assessed,22.57724015394038,14.698547463588216,0.7221074647403721,not_assessed
2019-08-21,2019-08-20,2019-08-23,96,0,0,0,0,0,0,0,900.0,True,True,96,0,0,0,0,0,0,0,900.0,True,True,96,0,0,0,0,0,0,0,900.0,True,True,True,True,A,,,Расчёт возможен по существующим правилам,computed,,14.454637882338828,35.43337624792901,0.8357798231638771,not_assessed,18.53384316817787,28.133891966881624,0.8975569891237578,not_assessed,21.953803157731382,13.629256575871178,0.6101765104542558,not_assessed
2019-08-22,2019-08-21,2019-08-24,96,0,0,0,0,0,0,0,900.0,True,True,96,0,0,0,0,0,0,0,900.0,True,True,96,0,0,0,0,0,0,0,900.0,True,True,True,True,A,,,Расчёт возможен по существующим правилам,computed,,14.073253960192115,28.733632619612713,0.7409244944798385,not_assessed,18.379208779555608,26.47427964336596,0.8582318097291635,not_assessed,22.361549583113646,14.56643033043166,0.6776619745015291,not_assessed
2019-08-23,2019-08-22,2019-08-25,96,0,0,0,0,0,0,0,901.0,True,True,96,0,0,0,0,0,0,0,901.0,True,True,96,0,0,0,0,0,0,0,901.0,True,True,True,True,A,,,Расчёт возможен по существующим правилам,computed,,13.788140391396547,30.83543550788819,0.8049348214698626,not_assessed,17.972578509326066,27.165888669093395,0.8849374026270959,not_assessed,21.627762693618127,15.184604480661228,0.676583337451367,not_assessed
2019-08-24,2019-08-23,2019-08-26,96,0,0,0,0,0,0,0,901.0,True,True,96,0,0,0,0,0,0,0,901.0,True,True,96,0,0,0,0,0,0,0,901.0,True,True,True,True,A,,,Расчёт возможен по существующим правилам,computed,,13.621431759149667,30.207219020861793,0.8258401856582084,not_assessed,17.979307806338323,26.599138173082824,0.8941084760932654,not_assessed,21.69837047000253,13.612904896977826,0.6359298514488918,not_assessed
2019-08-25,2019-08-24,2019-08-27,96,0,0,0,0,0,0,0,902.0,True,True,96,0,0,0,0,0,0,0,902.0,True,True,96,0,0,0,0,0,0,0,902.0,True,True,True,True,A,,,Расчёт возможен по существующим правилам,computed,,13.891627997551433,27.864976529095777,0.7777157717007421,not_assessed,18.292762838709393,25.409238942700046,0.8570859053050766,not_assessed,22.16043788556073,15.045271883862615,0.736347890251057,not_assessed
2019-08-26,2019-08-25,2019-08-28,96,0,0,0,0,0,0,0,902.0,True,True,96,0,0,0,0,0,0,0,902.0,True,True,96,0,0,0,0,0,0,0,902.0,True,True,True,True,A,,,Расчёт возможен по существующим правилам,computed,,13.357940420103684,32.53944614530877,0.822245196090539,not_assessed,17.69222072995999,30.28538176915843,0.8941804493920098,not_assessed,21.84748284606136,18.00500019243491,0.7363499055616107,not_assessed
2019-08-27,2019-08-26,2019-08-29,96,0,0,0,0,0,0,0,902.0,True,True,96,0,0,0,0,0,0,0,902.0,True,True,96,0,0,0,0,0,0,0,902.0,True,True,True,True,A,,,Расчёт возможен по существующим правилам,computed,,2.5089132771132703,14.517572101056414,0.20641745533487,not_assessed,0.9082915228848406,10.65386482437583,0.28266719600851864,not_assessed,4.495354421081787,15.056100919027884,0.6743992863686497,not_assessed
2019-08-28,2019-08-27,2019-08-30,96,0,0,0,0,0,0,0,902.0,True,True,96,0,0,0,0,0,0,0,902.0,True,True,96,0,0,0,0,0,0,0,902.0,True,True,True,True,A,,,Расчёт возможен по существующим правилам,computed,,15.309186042599299,37.80030003583403,0.7660397540279301,not_assessed,19.238369630988423,18.527039249986206,0.7799689634764067,not_assessed,23.45988114701834,8.737890089474556,0.407212724471294,not_assessed
2019-08-29,2019-08-28,2019-08-31,96,0,0,0,0,0,0,0,902.0,True,True,96,0,0,0,0,0,0,0,902.0,True,True,96,0,0,0,0,0,0,0,902.0,True,True,True,True,A,,,Расчёт возможен по существующим правилам,computed,,15.573305626890818,44.81013964890122,0.8579055998023368,not_assessed,18.89291761032319,24.752375930009308,0.874564738296175,not_assessed,22.496967491625863,9.422675855463996,0.4870761012209335,not_assessed
2019-08-30,2019-08-29,2019-09-01,96,0,0,0,0,0,0,0,902.0,True,True,96,0,0,0,0,0,0,0,902.0,True,True,96,0,0,0,0,0,0,0,902.0,True,True,True,True,A,,,Расчёт возможен по существующим правилам,computed,,15.373587511953312,39.74341240331597,0.8680766776133572,not_assessed,18.61146121905727,21.26690181418082,0.8501211375058472,not_assessed,22.964078940033477,8.841964956162563,0.4910061472624241,not_assessed
2019-08-31,2019-08-30,2019-09-02,96,0,0,0,0,0,0,0,902.0,True,True,96,0,0,0,0,0,0,0,902.0,True,True,96,0,0,0,0,0,0,0,902.0,True,True,True,True,A,,,Расчёт возможен по существующим правилам,computed,,15.245202457628238,34.56598230834228,0.8284647360312729,not_assessed,18.989916965850558,21.319888273600306,0.8276296084235203,not_assessed,22.566924493508978,9.384674559314506,0.5083774508239893,not_assessed
2019-09-01,2019-08-31,2019-09-03,96,0,0,0,0,0,0,0,902.0,True,True,96,0,0,0,0,0,0,0,902.0,True,True,96,0,0,0,0,0,0,0,902.0,True,True,True,True,A,,,Расчёт возможен по существующим правилам,computed,,14.56885804644743,27.672222001679515,0.7440858492672779,not_assessed,18.297564742717462,21.42167806527791,0.807237530617879,not_assessed,22.129453123922286,10.114238270640362,0.4985598765499861,not_assessed
2019-09-02,2019-09-01,2019-09-04,96,0,0,0,0,0,0,0,902.0,True,True,96,0,0,0,0,0,0,0,902.0,True,True,96,0,0,0,0,0,0,0,902.0,True,True,True,True,A,,,Расчёт возможен по существующим правилам,computed,,14.47267928370259,18.4250654873167,0.6809267058131967,not_assessed,18.191256890741897,16.953169454540003,0.7853569324122776,not_assessed,21.57361970884055,9.229780809577791,0.539514606875271,not_assessed
2019-09-03,2019-09-02,2019-09-05,96,0,0,0,0,0,0,0,902.0,True,True,96,0,0,0,0,0,0,0,902.0,True,True,96,0,0,0,0,0,0,0,902.0,True,True,True,True,A,,,Расчёт возможен по существующим правилам,computed,,12.949909011750341,25.240182423731678,0.6304933984228247,not_assessed,17.133406300550945,21.454640201599485,0.7082026267232617,not_assessed,21.348473282523564,10.163813752128345,0.5359756585615727,not_assessed
2019-09-04,2019-09-03,2019-09-06,96,0,0,0,0,0,0,0,902.0,True,True,96,0,0,0,0,0,0,0,902.0,True,True,96,0,0,0,0,0,0,0,902.0,True,True,True,True,A,,,Расчёт возможен по существующим правилам,computed,,13.281252770335813,26.748654000646013,0.7303761298174208,not_assessed,17.78236054668458,24.66874590468935,0.8536508572575205,not_assessed,21.336194937627084,11.914244058131539,0.6027693699975597,not_assessed
2019-09-05,2019-09-04,2019-09-07,96,0,0,0,0,0,0,0,902.0,True,True,96,0,0,0,0,0,0,0,902.0,True,True,96,0,0,0,0,0,0,0,902.0,True,True,True,True,A,,,Расчёт возможен по существующим правилам,computed,,12.806547978107035,26.36440816743347,0.7156468097850447,not_assessed,17.496142118447544,25.34694132205979,0.8397081988626156,not_assessed,21.11437394682334,10.869743144238821,0.5676162592026295,not_assessed
2019-09-06,2019-09-05,2019-09-08,96,0,0,0,0,0,0,0,902.0,True,True,96,0,0,0,0,0,0,0,902.0,True,True,96,0,0,0,0,0,0,0,902.0,True,True,True,True,A,,,Расчёт возможен по существующим правилам,computed,,14.159361432745314,22.246312862884295,0.7722038848167029,not_assessed,18.14174386007121,20.046451394331147,0.8300387555317914,not_assessed,21.859811906138997,9.154624484781086,0.46722430748705335,not_assessed
2019-09-07,2019-09-06,2019-09-09,96,0,0,0,0,0,0,0,902.0,True,True,96,0,0,0,0,0,0,0,902.0,True,True,96,0,0,0,0,0,0,0,902.0,True,True,True,True,A,,,Расчёт возможен по существующим правилам,computed,,13.559472428504778,26.123325316169023,0.7762013070317535,not_assessed,18.12647898463073,22.9184924559829,0.8639607279218757,not_assessed,21.61976120150241,13.205110272033208,0.6392148811428039,not_assessed
2019-09-08,2019-09-07,2019-09-10,96,0,0,0,0,0,0,0,903.0,True,True,96,0,0,0,0,0,0,0,903.0,True,True,96,0,0,0,0,0,0,0,903.0,True,True,True,True,A,,,Расчёт возможен по существующим правилам,computed,,12.92064418002051,26.311720587194074,0.781925583720033,not_assessed,17.76162552112641,23.521484066887783,0.8436446277148189,not_assessed,21.493001798422505,12.9381142192606,0.6256896824263951,not_assessed
2019-09-09,2019-09-08,2019-09-11,96,0,0,0,0,0,0,0,902.0,True,True,96,0,0,0,0,0,0,0,902.0,True,True,96,0,0,0,0,0,0,0,902.0,True,True,True,True,A,,,Расчёт возможен по существующим правилам,computed,,13.014824196064946,25.993595539404737,0.802763320480639,not_assessed,17.550178412356853,23.03234118102352,0.8438589062348854,not_assessed,21.452087551870118,16.079639901785782,0.7151022071286497,not_assessed
2019-09-10,2019-09-09,2019-09-12,96,0,0,0,0,0,0,0,902.0,True,True,96,0,0,0,0,0,0,0,902.0,True,True,96,0,0,0,0,0,0,0,902.0,True,True,True,True,A,,,Расчёт возможен по существующим правилам,computed,,12.891328359829986,26.554904165529962,0.7968902813100555,not_assessed,17.637378524997857,23.110209435424103,0.849504287194256,not_assessed,20.860260478661043,14.415079834700244,0.6339244813875604,not_assessed
2019-09-11,2019-09-10,2019-09-13,94,0,0,0,0,0,0,0,903.0,False,False,94,0,0,0,0,0,0,0,903.0,False,False,94,0,0,0,0,0,0,0,903.0,False,False,False,False,B,D1: неполное покрытие суток; D2: неполное покрытие суток; D3: неполное покрытие суток,,D1: неполное покрытие суток; D2: неполное покрытие суток; D3: неполное покрытие суток,skipped,,,,,,,,,,,,,
2019-09-12,2019-09-11,2019-09-14,96,0,0,0,0,0,0,0,904.0,True,False,96,0,0,0,0,0,0,0,904.0,True,False,96,0,0,0,0,0,0,0,904.0,True,False,True,False,B,D1: неполное окружение ±12 ч; D2: неполное окружение ±12 ч; D3: неполное окружение ±12 ч,,D1: неполное окружение ±12 ч; D2: неполное окружение ±12 ч; D3: неполное окружение ±12 ч,skipped,,,,,,,,,,,,,
2019-09-13,2019-09-12,2019-09-15,96,0,0,1,0,0,0,0,904.0,False,False,96,0,0,1,0,0,0,0,904.0,False,False,96,0,0,1,0,0,0,0,904.0,False,False,False,False,B,D1: неполное покрытие суток (служебные значения); D2: неполное покрытие суток (служебные значения); D3: неполное покрытие суток (служебные значения),,D1: неполное покрытие суток (служебные значения); D2: неполное покрытие суток (служебные значения); D3: неполное покрытие суток (служебные значения),skipped,,,,,,,,,,,,,
2019-09-14,2019-09-13,2019-09-16,93,0,0,1,0,0,0,0,904.0,False,False,93,0,0,1,0,0,0,0,904.0,False,False,93,0,0,1,0,0,0,0,904.0,False,False,False,False,B,D1: неполное покрытие суток (служебные значения); D2: неполное покрытие суток (служебные значения); D3: неполное покрытие суток (служебные значения),,D1: неполное покрытие суток (служебные значения); D2: неполное покрытие суток (служебные значения); D3: неполное покрытие суток (служебные значения),skipped,,,,,,,,,,,,,
2019-09-15,2019-09-14,2019-09-17,96,0,0,0,0,0,0,0,904.0,True,False,96,0,0,0,0,0,0,0,904.0,True,False,96,0,0,0,0,0,0,0,904.0,True,False,True,False,B,D1: неполное окружение ±12 ч; D2: неполное окружение ±12 ч; D3: неполное окружение ±12 ч,,D1: неполное окружение ±12 ч; D2: неполное окружение ±12 ч; D3: неполное окружение ±12 ч,skipped,,,,,,,,,,,,,
2019-09-16,2019-09-15,2019-09-18,95,0,0,0,0,0,0,0,903.0,False,False,95,0,0,0,0,0,0,0,903.0,False,False,95,0,0,0,0,0,0,0,903.0,False,False,False,False,B,D1: неполное покрытие суток; D2: неполное покрытие суток; D3: неполное покрытие суток,,D1: неполное покрытие суток; D2: неполное покрытие суток; D3: неполное покрытие суток,skipped,,,,,,,,,,,,,
2019-09-17,2019-09-16,2019-09-19,96,0,0,0,0,0,0,0,900.0,True,True,96,0,0,0,0,0,0,0,900.0,True,True,96,0,0,0,0,0,0,0,900.0,True,True,True,True,A,,,Расчёт возможен по существующим правилам,computed,,12.776278391033895,27.237559627910294,0.7966072869173164,not_assessed,17.486567635084572,25.711085003241195,0.855133666591824,not_assessed,20.44971856821714,14.740886329551378,0.6384504610951349,not_assessed
2019-09-18,2019-09-17,2019-09-20,96,0,0,0,0,0,0,0,900.0,True,True,96,0,0,0,0,0,0,0,900.0,True,True,96,0,0,0,0,0,0,0,900.0,True,True,True,True,A,,,Расчёт возможен по существующим правилам,computed,,12.946460916865963,27.056392008813027,0.7991001897282238,not_assessed,17.808783291598694,25.621980241662477,0.8726059073054052,not_assessed,21.408388993383944,13.941051093180292,0.6902789928050213,not_assessed
2019-09-19,2019-09-18,2019-09-21,96,0,0,0,0,0,0,0,900.0,True,False,96,0,0,0,0,0,0,0,900.0,True,False,96,0,0,0,0,0,0,0,900.0,True,False,True,False,B,D1: неполное окружение ±12 ч; D2: неполное окружение ±12 ч; D3: неполное окружение ±12 ч,,D1: неполное окружение ±12 ч; D2: неполное окружение ±12 ч; D3: неполное окружение ±12 ч,skipped,,,,,,,,,,,,,
2019-09-20,2019-09-19,2019-09-22,84,0,0,0,0,0,0,0,900.0,False,False,84,0,0,0,0,0,0,0,900.0,False,False,84,0,0,0,0,0,0,0,900.0,False,False,False,False,B,D1: неполное покрытие суток; D2: неполное покрытие суток; D3: неполное покрытие суток,,D1: неполное покрытие суток; D2: неполное покрытие суток; D3: неполное покрытие суток,skipped,,,,,,,,,,,,,
2019-09-21,2019-09-20,2019-09-23,96,0,0,0,0,0,0,0,900.0,True,True,96,0,0,0,0,0,0,0,900.0,True,True,96,0,0,0,0,0,0,0,900.0,True,True,True,True,A,,,Расчёт возможен по существующим правилам,computed,,12.794009327562522,26.21124392158193,0.8235107634549128,not_assessed,18.013326131718777,24.27026580134638,0.8719338260831297,not_assessed,21.289586970414398,13.161899928940443,0.6963094708036022,not_assessed
2019-09-22,2019-09-21,2019-09-24,96,0,0,0,0,0,0,0,900.0,True,True,96,0,0,0,0,0,0,0,900.0,True,True,96,0,0,0,0,0,0,0,900.0,True,True,True,True,A,,,Расчёт возможен по существующим правилам,computed,,12.7784496533458,20.434497548618126,0.7344955773842116,not_assessed,17.750940340290008,20.332911139886278,0.8069190703707,not_assessed,20.7583240084454,9.15830069692443,0.4783358681527826,not_assessed
2019-09-23,2019-09-22,2019-09-25,96,0,0,0,0,0,0,0,900.0,True,True,96,0,0,0,0,0,0,0,900.0,True,True,96,0,0,0,0,0,0,0,900.0,True,True,True,True,A,,,Расчёт возможен по существующим правилам,computed,,13.063975704478146,21.3966537015418,0.6561052090997522,not_assessed,17.702776190126542,20.332224704468445,0.7706429754625306,not_assessed,21.506337557154133,11.076435023890728,0.5262193318300625,not_assessed
2019-09-24,2019-09-23,2019-09-26,96,0,0,0,0,0,0,0,900.0,True,True,96,0,0,0,0,0,0,0,900.0,True,True,96,0,0,0,0,0,0,0,900.0,True,True,True,True,A,,,Расчёт возможен по существующим правилам,computed,,15.883524414975415,11.320938090537135,0.5643224989917297,not_assessed,20.199767603581613,10.594815146020252,0.5023305819199985,not_assessed,0.4376618198135075,6.04357572706317,0.3194848372999969,not_assessed
2019-09-25,2019-09-24,2019-09-27,96,0,0,0,0,0,0,0,900.0,True,True,96,0,0,0,0,0,0,0,900.0,True,True,96,0,0,0,0,0,0,0,900.0,True,True,True,True,A,,,Расчёт возможен по существующим правилам,computed,,14.832594896665533,14.622188615516201,0.7282178939685657,not_assessed,19.254596787400807,13.760765382251483,0.7870225388949357,not_assessed,22.618119279320904,6.427633039170513,0.3773820786045805,not_assessed
2019-09-26,2019-09-25,2019-09-28,96,0,0,0,0,0,0,0,900.0,True,True,96,0,0,0,0,0,0,0,900.0,True,True,96,0,0,0,0,0,0,0,900.0,True,True,True,True,A,,,Расчёт возможен по существующим правилам,computed,,12.87872025958609,26.593746941930753,0.7635095569836252,not_assessed,17.665612440876856,20.714512648100026,0.7837996481114047,not_assessed,21.298323960205657,13.457683613009205,0.7236085956910123,not_assessed
2019-09-27,2019-09-26,2019-09-29,96,0,0,0,0,0,0,0,900.0,True,True,96,0,0,0,0,0,0,0,900.0,True,True,96,0,0,0,0,0,0,0,900.0,True,True,True,True,A,,,Расчёт возможен по существующим правилам,computed,,13.596301901825125,20.70565135276416,0.7482426877021473,not_assessed,18.4310865622039,18.22540096100203,0.8245233413601192,not_assessed,21.418403785361782,10.964857764225755,0.534025393838847,not_assessed
2019-09-28,2019-09-27,2019-09-30,96,0,0,0,0,0,0,0,900.0,True,True,96,0,0,0,0,0,0,0,900.0,True,True,96,0,0,0,0,0,0,0,900.0,True,True,True,True,A,,,Расчёт возможен по существующим правилам,computed,,13.037574314940406,24.595616832757294,0.7797200114772662,not_assessed,18.072427075165578,22.238690900416877,0.8553621596245368,not_assessed,21.079243107243084,11.845379237780909,0.6273745428443507,not_assessed
2019-09-29,2019-09-28,2019-10-01,96,0,0,0,0,0,0,0,900.0,True,True,96,0,0,0,0,0,0,0,900.0,True,True,96,0,0,0,0,0,0,0,900.0,True,True,True,True,A,,,Расчёт возможен по существующим правилам,computed,,12.753678247246786,20.31773400524748,0.7820579823294435,not_assessed,17.868224375657658,21.632251225381378,0.8569649786032607,not_assessed,21.486353299525987,10.207409545521328,0.5635436063383861,not_assessed
2019-09-30,2019-09-29,2019-10-02,96,0,0,0,0,0,0,0,900.0,True,True,96,0,0,0,0,0,0,0,900.0,True,True,96,0,0,0,0,0,0,0,900.0,True,True,True,True,A,,,Расчёт возможен по существующим правилам,computed,,12.982144407391743,21.22466568143594,0.7203819860518637,not_assessed,17.851755022462193,22.027254807974955,0.886310413427651,not_assessed,21.648246784672935,13.266099172197336,0.6671958636345241,not_assessed
2019-10-01,2019-09-30,2019-10-03,96,0,0,0,0,0,0,0,900.0,True,True,96,0,0,0,0,0,0,0,900.0,True,True,96,0,0,0,0,0,0,0,900.0,True,True,True,True,A,,,Расчёт возможен по существующим правилам,computed,,12.496308768908975,22.137371345027113,0.7795807584635693,not_assessed,17.68251518357835,21.93513973756627,0.8188448556896397,not_assessed,21.412509349519237,12.406530443831395,0.6337072398838098,not_assessed
2019-10-02,2019-10-01,2019-10-04,96,0,0,0,0,0,0,0,900.0,True,True,96,0,0,0,0,0,0,0,900.0,True,True,96,0,0,0,0,0,0,0,900.0,True,True,True,True,A,,,Расчёт возможен по существующим правилам,computed,,12.84544154480149,20.99665197755184,0.8337443850114417,not_assessed,18.1422606932816,22.167966823324353,0.8561136307237044,not_assessed,21.64375912069903,13.904759924111808,0.7313101750306523,not_assessed
2019-10-03,2019-10-02,2019-10-05,96,0,0,0,0,0,0,0,900.0,True,True,96,0,0,0,0,0,0,0,900.0,True,True,96,0,0,0,0,0,0,0,900.0,True,True,True,True,A,,,Расчёт возможен по существующим правилам,computed,,12.932573987110773,19.646709345096617,0.7508682057547982,not_assessed,17.731836267425024,19.82767961958637,0.846360065342943,not_assessed,21.843019832656886,13.522532342730251,0.5669531025209305,not_assessed
2019-10-04,2019-10-03,2019-10-06,96,0,0,0,0,0,0,0,900.0,True,True,96,0,0,0,0,0,0,0,900.0,True,True,96,0,0,0,0,0,0,0,900.0,True,True,True,True,A,,,Расчёт возможен по существующим правилам,computed,,12.500240450925393,21.465276415235298,0.7515229749143192,not_assessed,17.91144946041021,20.41442197518428,0.8188658419429327,not_assessed,21.073100197339745,12.663122385975335,0.6457320733251578,not_assessed
2019-10-05,2019-10-04,2019-10-07,96,0,0,0,0,0,0,0,900.0,True,True,96,0,0,0,0,0,0,0,900.0,True,True,96,0,0,0,0,0,0,0,900.0,True,True,True,True,A,,,Расчёт возможен по существующим правилам,computed,,12.91531228275865,19.886802438399013,0.7563129750094034,not_assessed,17.883280398930946,20.61214209058879,0.8527526394710971,not_assessed,21.07122354949189,11.400654634348747,0.6457217584917594,not_assessed
2019-10-06,2019-10-05,2019-10-08,96,0,0,0,0,0,0,0,900.0,True,True,96,0,0,0,0,0,0,0,900.0,True,True,96,0,0,0,0,0,0,0,900.0,True,True,True,True,A,,,Расчёт возможен по существующим правилам,computed,,13.09813259894859,20.040833719748935,0.7556166137364724,not_assessed,17.74570907615338,21.196060666291736,0.8430922908083043,not_assessed,21.138840871131016,12.691639905974872,0.5767456447713064,not_assessed
2019-10-07,2019-10-06,2019-10-09,96,0,0,0,0,0,0,0,900.0,True,True,96,0,0,0,0,0,0,0,900.0,True,True,96,0,0,0,0,0,0,0,900.0,True,True,True,True,A,,,Расчёт возможен по существующим правилам,computed,,12.902122297695568,19.85134481432558,0.7554211715947421,not_assessed,17.874798759245593,21.355529846762696,0.846386684001338,not_assessed,21.359099656224775,13.63560780630461,0.6105814718833833,not_assessed
2019-10-08,2019-10-07,2019-10-10,96,0,0,0,0,0,0,0,900.0,True,True,96,0,0,0,0,0,0,0,900.0,True,True,96,0,0,0,0,0,0,0,900.0,True,True,True,True,A,,,Расчёт возможен по существующим правилам,computed,,12.714202165890931,17.90112860607039,0.7197567589609147,not_assessed,17.91480502809289,18.73674180591162,0.779086365308185,not_assessed,21.4249401892175,9.958644993141121,0.4964768935051944,not_assessed
2019-10-09,2019-10-08,2019-10-11,96,0,0,0,0,0,0,0,900.0,True,True,96,0,0,0,0,0,0,0,900.0,True,True,96,0,0,0,0,0,0,0,900.0,True,True,True,True,A,,,Расчёт возможен по существующим правилам,computed,,12.50005360695016,20.20212864214921,0.7702880204229562,not_assessed,17.860237257751937,17.986499157596437,0.7956949611192977,not_assessed,21.440873546942026,11.931007211126133,0.6093787590011666,not_assessed
2019-10-10,2019-10-09,2019-10-12,96,0,0,0,0,0,0,0,900.0,True,True,96,0,0,0,0,0,0,0,900.0,True,True,96,0,0,0,0,0,0,0,900.0,True,True,True,True,A,,,Расчёт возможен по существующим правилам,computed,,13.096090358753504,16.787132391804732,0.7030316605000285,not_assessed,17.858069623569804,19.895381416372416,0.8170221995072748,not_assessed,21.397845124871367,10.925946300470864,0.5007419566652087,not_assessed
2019-10-11,2019-10-10,2019-10-13,96,0,0,0,0,0,0,0,900.0,True,True,96,0,0,0,0,0,0,0,900.0,True,True,96,0,0,0,0,0,0,0,900.0,True,True,True,True,A,,,Расчёт возможен по существующим правилам,computed,,13.57333772846029,17.887219587066408,0.7249063248540122,not_assessed,18.327235842541242,19.3191141270841,0.8224007585330815,not_assessed,22.177296891859474,11.369329449804804,0.5157075070270581,not_assessed
2019-10-12,2019-10-11,2019-10-14,96,0,0,0,0,0,0,0,900.0,True,True,96,0,0,0,0,0,0,0,900.0,True,True,96,0,0,0,0,0,0,0,900.0,True,True,True,True,A,,,Расчёт возможен по существующим правилам,computed,,13.012959285287433,19.34136348811286,0.7510909912032606,not_assessed,18.153959606846342,17.952388400078497,0.8041410503258889,not_assessed,21.251693358034377,10.966687966550039,0.5187439723110332,not_assessed
2019-10-13,2019-10-12,2019-10-15,96,0,0,0,0,0,0,0,900.0,True,True,96,0,0,0,0,0,0,0,900.0,True,True,96,0,0,0,0,0,0,0,900.0,True,True,True,True,A,,,Расчёт возможен по существующим правилам,computed,,13.113515470532942,17.79540742556581,0.7187943215078498,not_assessed,17.816495376972398,18.10615927575723,0.7919927557460689,not_assessed,21.570392819727616,10.196228326162998,0.5974772694613937,not_assessed
2019-10-14,2019-10-13,2019-10-16,96,0,0,0,0,0,0,0,900.0,True,True,96,0,0,0,0,0,0,0,900.0,True,True,96,0,0,0,0,0,0,0,900.0,True,True,True,True,A,,,Расчёт возможен по существующим правилам,computed,,13.74113368117467,13.681340455594642,0.5535217830950061,not_assessed,17.539848210182992,17.03284022975423,0.8197832996293108,not_assessed,21.006317331769466,9.752578524962782,0.46301952687872006,not_assessed
2019-10-15,2019-10-14,2019-10-17,96,0,0,0,0,0,0,0,900.0,True,True,96,0,0,0,0,0,0,0,900.0,True,True,96,0,0,0,0,0,0,0,900.0,True,True,True,True,A,,,Расчёт возможен по существующим правилам,computed,,1.9859934968540212,50.71120830896348,0.5511880846704753,not_assessed,4.199963223160393,20.911356149210143,0.5500865778397087,not_assessed,5.15310181157105,21.9524490739476,0.6582225217715214,not_assessed
2019-10-16,2019-10-15,2019-10-18,96,0,0,0,0,0,0,0,900.0,True,True,96,0,0,0,0,0,0,0,900.0,True,True,96,0,0,0,0,0,0,0,900.0,True,True,True,True,A,,,Расчёт возможен по существующим правилам,computed,,16.273164736410116,38.099107136494695,0.8095460120447324,not_assessed,20.187982553827144,18.680423318809922,0.7817667788547821,not_assessed,23.85519125089552,8.142856092989726,0.40246716399077076,not_assessed
2019-10-17,2019-10-16,2019-10-19,96,0,0,0,0,0,0,0,900.0,True,True,96,0,0,0,0,0,0,0,900.0,True,True,96,0,0,0,0,0,0,0,900.0,True,True,True,True,A,,,Расчёт возможен по существующим правилам,computed,,15.475206628937608,40.47334217933255,0.8437952562137947,not_assessed,19.080851076698128,20.977992349308764,0.8549590686642068,not_assessed,22.405144602997083,8.92106309751073,0.5018900855461699,not_assessed
2019-10-18,2019-10-17,2019-10-20,96,0,0,0,0,0,0,0,900.0,True,True,96,0,0,0,0,0,0,0,900.0,True,True,96,0,0,0,0,0,0,0,900.0,True,True,True,True,A,,,Расчёт возможен по существующим правилам,computed,,15.87177424942737,34.15409523413738,0.8649984321469157,not_assessed,19.604462925626578,18.839556911375844,0.8501927820325914,not_assessed,23.677354518112256,8.017171413978284,0.41793487803637164,not_assessed
2019-10-19,2019-10-18,2019-10-21,96,0,0,0,0,0,0,0,900.0,True,True,96,0,0,0,0,0,0,0,900.0,True,True,96,0,0,0,0,0,0,0,900.0,True,True,True,True,A,,,Расчёт возможен по существующим правилам,computed,,15.40227867973621,42.966437797066376,0.8617643204991827,not_assessed,19.05557065648076,24.443081908919716,0.882449158815377,not_assessed,23.27454156145129,10.127316083595195,0.5963437579790827,not_assessed
2019-10-20,2019-10-19,2019-10-22,96,0,0,0,0,0,0,0,900.0,True,True,96,0,0,0,0,0,0,0,900.0,True,True,96,0,0,0,0,0,0,0,900.0,True,True,True,True,A,,,Расчёт возможен по существующим правилам,computed,,15.253662734272071,42.476056914884595,0.8677535351573089,not_assessed,18.886892986940232,22.87361428688726,0.885486529812709,not_assessed,22.88426842881111,9.604020227396376,0.4879649471422959,not_assessed
2019-10-21,2019-10-20,2019-10-23,96,0,0,0,0,0,0,0,900.0,True,True,96,0,0,0,0,0,0,0,900.0,True,True,96,0,0,0,0,0,0,0,900.0,True,True,True,True,A,,,Расчёт возможен по существующим правилам,computed,,15.248339413070969,42.39365100199566,0.8682979690681374,not_assessed,19.06512341006666,23.09092714156475,0.85609721387026,not_assessed,22.516054345029925,10.113247747122404,0.6122676291338465,not_assessed
2019-10-22,2019-10-21,2019-10-24,96,0,0,0,0,0,0,0,900.0,True,True,96,0,0,0,0,0,0,0,900.0,True,True,96,0,0,0,0,0,0,0,900.0,True,True,True,True,A,,,Расчёт возможен по существующим правилам,computed,,15.521653762972145,36.18214419253633,0.8250674181856745,not_assessed,18.98658994666232,22.28615507359329,0.8637244477648826,not_assessed,22.85125742935243,10.642099209993432,0.5401578758657377,not_assessed
2019-10-23,2019-10-22,2019-10-25,96,0,0,0,0,0,0,0,900.0,True,True,96,0,0,0,0,0,0,0,900.0,True,True,96,0,0,0,0,0,0,0,900.0,True,True,True,True,A,,,Расчёт возможен по существующим правилам,computed,,14.921877953938598,31.283325008247314,0.810326017723784,not_assessed,18.841874271595564,22.550193879146065,0.8522760947535332,not_assessed,22.319602966031404,10.748734365190739,0.583190523871843,not_assessed
2019-10-24,2019-10-23,2019-10-26,96,0,0,0,0,0,0,0,900.0,True,True,96,0,0,0,0,0,0,0,900.0,True,True,96,0,0,0,0,0,0,0,900.0,True,True,True,True,A,,,Расчёт возможен по существующим правилам,computed,,13.936778430530405,28.2422003337027,0.7486667411736889,not_assessed,18.633624157113488,23.06098129854648,0.8134871047324164,not_assessed,22.674974611319886,11.306269252959664,0.633846560894924,not_assessed
2019-10-25,2019-10-24,2019-10-27,96,0,0,0,0,0,0,0,900.0,True,True,96,0,0,0,0,0,0,0,900.0,True,True,96,0,0,0,0,0,0,0,900.0,True,True,True,True,A,,,Расчёт возможен по существующим правилам,computed,,13.49427450662297,32.167180312131144,0.8096563496317928,not_assessed,17.937606629468537,24.84443524989148,0.8775379541865316,not_assessed,21.93938665982508,11.345161271057027,0.5895579233888569,not_assessed
2019-10-26,2019-10-25,2019-10-28,96,0,0,0,0,0,0,0,900.0,True,True,96,0,0,0,0,0,0,0,900.0,True,True,96,0,0,0,0,0,0,0,900.0,True,True,True,True,A,,,Расчёт возможен по существующим правилам,computed,,13.918178521031809,30.562101263438915,0.8138989027796832,not_assessed,18.180931595008094,24.293884484636077,0.8553121796999055,not_assessed,21.442171003299023,10.5285365302351,0.5110684999378783,not_assessed
2019-10-27,2019-10-26,2019-10-29,96,0,0,0,0,0,0,0,900.0,True,True,96,0,0,0,0,0,0,0,900.0,True,True,96,0,0,0,0,0,0,0,900.0,True,True,True,True,A,,,Расчёт возможен по существующим правилам,computed,,13.050943083320568,26.434738388741877,0.7841657728876785,not_assessed,17.734757420584405,21.11682162664086,0.8480149785265649,not_assessed,22.408074716525395,9.75895705566308,0.5430540218645401,not_assessed
2019-10-28,2019-10-27,2019-10-30,96,0,0,0,0,0,0,0,900.0,True,True,96,0,0,0,0,0,0,0,900.0,True,True,96,0,0,0,0,0,0,0,900.0,True,True,True,True,A,,,Расчёт возможен по существующим правилам,computed,,13.724393704549469,25.70419256803832,0.7803979711564127,not_assessed,18.171544808120537,21.121801667641776,0.8421855877013699,not_assessed,21.835925745319475,11.108376913683339,0.5317171760078327,not_assessed
2019-10-29,2019-10-28,2019-10-31,96,0,0,0,0,0,0,0,900.0,True,True,96,0,0,0,0,0,0,0,900.0,True,True,96,0,0,0,0,0,0,0,900.0,True,True,True,True,A,,,Расчёт возможен по существующим правилам,computed,,3.078611698154119,39.07999685095828,0.4871498977913652,not_assessed,4.874534010361021,26.38402100367194,0.5276553137779711,not_assessed,6.001712616781471,19.091084752302432,0.7312432901224126,not_assessed
2019-10-30,2019-10-29,2019-11-01,96,0,0,0,0,0,0,0,900.0,True,True,96,0,0,0,0,0,0,0,900.0,True,True,96,0,0,0,0,0,0,0,900.0,True,True,True,True,A,,,Расчёт возможен по существующим правилам,computed,,16.795482297293916,24.22954612508877,0.8035573349341512,not_assessed,20.72531793125913,10.423402842416689,0.6041146288503763,not_assessed,0.901963138729046,4.205634881122696,0.17639777801541845,not_assessed
2019-10-31,2019-10-30,2019-11-02,96,0,0,0,0,0,0,0,900.0,True,True,96,0,0,0,0,0,0,0,900.0,True,True,96,0,0,0,0,0,0,0,900.0,True,True,True,True,A,,,Расчёт возможен по существующим правилам,computed,,15.880309166165992,29.690219879960782,0.8490552712872226,not_assessed,20.069654529752288,13.644734087675774,0.7561611539697782,not_assessed,23.93669807850338,4.8491952163038246,0.2369886127756612,not_assessed
2019-11-01,2019-10-31,2019-11-03,96,0,0,0,0,0,0,0,900.0,True,True,96,0,0,0,0,0,0,0,900.0,True,True,96,0,0,0,0,0,0,0,900.0,True,True,True,True,A,,,Расчёт возможен по существующим правилам,computed,,15.847060629699591,35.54092864918599,0.8506162359768179,not_assessed,20.020702890448735,17.159242994343888,0.801237502292552,not_assessed,0.2647321886686706,7.1221424370971,0.38941495663365844,not_assessed
2019-11-02,2019-11-01,2019-11-04,96,0,0,0,0,0,0,0,900.0,True,True,96,0,0,0,0,0,0,0,900.0,True,True,96,0,0,0,0,0,0,0,900.0,True,True,True,True,A,,,Расчёт возможен по существующим правилам,computed,,15.632976306556992,34.74560114765044,0.8415588659348493,not_assessed,19.67889614758858,16.864366649151766,0.8163815945555534,not_assessed,23.13886652092789,6.798283758537164,0.3971750679234983,not_assessed
2019-11-03,2019-11-02,2019-11-05,96,0,0,0,0,0,0,0,900.0,True,True,96,0,0,0,0,0,0,0,900.0,True,True,96,0,0,0,0,0,0,0,900.0,True,True,True,True,A,,,Расчёт возможен по существующим правилам,computed,,15.198388979205859,27.36387162339509,0.8324307447787314,not_assessed,19.300358577993478,13.179059033130624,0.7688121750810388,not_assessed,23.23635470720871,5.377233142868195,0.2656461000454521,not_assessed
2019-11-04,2019-11-03,2019-11-06,96,0,0,0,0,0,0,0,900.0,True,True,96,0,0,0,0,0,0,0,900.0,True,True,96,0,0,0,0,0,0,0,900.0,True,True,True,True,A,,,Расчёт возможен по существующим правилам,computed,,14.859874171753434,28.0368062671785,0.797280621913641,not_assessed,18.875279756641774,14.520692598844413,0.811189422285681,not_assessed,22.46474521525546,3.9752027952571694,0.15644902111272085,not_assessed
2019-11-05,2019-11-04,2019-11-07,96,0,0,0,0,0,0,0,900.0,True,True,96,0,0,0,0,0,0,0,900.0,True,True,96,0,0,0,0,0,0,0,900.0,True,True,True,True,A,,,Расчёт возможен по существующим правилам,computed,,14.674720775026465,28.124499765596155,0.7836561795739858,not_assessed,18.65991718652964,15.236154296909401,0.7255469558961032,not_assessed,22.37350995186274,5.343102796091846,0.24100769976304126,not_assessed
2019-11-06,2019-11-05,2019-11-08,96,0,0,0,0,0,0,0,900.0,True,True,96,0,0,0,0,0,0,0,900.0,True,True,96,0,0,0,0,0,0,0,900.0,True,True,True,True,A,,,Расчёт возможен по существующим правилам,computed,,15.147855008280454,21.53878569959091,0.8132131690192923,not_assessed,18.592156775031143,10.878924556808629,0.6609365116039014,not_assessed,21.430131563545626,4.740108485318841,0.24001332187172375,not_assessed
2019-11-07,2019-11-06,2019-11-09,96,0,0,1,0,0,0,0,900.0,False,False,96,0,0,1,0,0,0,0,900.0,False,False,96,0,0,1,0,0,0,0,900.0,False,False,False,False,B,D1: неполное покрытие суток (служебные значения); D2: неполное покрытие суток (служебные значения); D3: неполное покрытие суток (служебные значения),,D1: неполное покрытие суток (служебные значения); D2: неполное покрытие суток (служебные значения); D3: неполное покрытие суток (служебные значения),skipped,,,,,,,,,,,,,
2019-11-08,2019-11-07,2019-11-10,96,0,0,1,0,0,0,0,900.0,True,False,96,0,0,1,0,0,0,0,900.0,True,False,96,0,0,1,0,0,0,0,900.0,True,False,True,False,B,D1: неполное окружение ±12 ч (служебные значения); D2: неполное окружение ±12 ч (служебные значения); D3: неполное окружение ±12 ч (служебные значения),,D1: неполное окружение ±12 ч (служебные значения); D2: неполное окружение ±12 ч (служебные значения); D3: неполное окружение ±12 ч (служебные значения),skipped,,,,,,,,,,,,,
2019-11-09,2019-11-08,2019-11-11,96,0,0,0,0,0,0,0,900.0,True,True,96,0,0,0,0,0,0,0,900.0,True,True,96,0,0,0,0,0,0,0,900.0,True,True,True,True,A,,,Расчёт возможен по существующим правилам,computed,,14.66005163127012,22.070640042759518,0.7420564305864222,not_assessed,18.02617309959163,12.344442511715966,0.6574076630513647,not_assessed,21.470454110278258,3.9338010282320033,0.12750149653535237,not_assessed
2019-11-10,2019-11-09,2019-11-12,96,0,0,0,0,0,0,0,900.0,True,True,96,0,0,0,0,0,0,0,900.0,True,True,96,0,0,0,0,0,0,0,900.0,True,True,True,True,A,,,Расчёт возможен по существующим правилам,computed,,14.971654629992235,24.21880405494102,0.6616574942605535,not_assessed,18.534962136858603,14.364954155872597,0.6876036551984273,not_assessed,22.60273214078781,6.391721241906231,0.3198674955311772,not_assessed
2019-11-11,2019-11-10,2019-11-13,96,0,0,0,0,0,0,0,900.0,True,True,96,0,0,0,0,0,0,0,900.0,True,True,96,0,0,0,0,0,0,0,900.0,True,True,True,True,A,,,Расчёт возможен по существующим правилам,computed,,15.218635597085482,23.936363136220024,0.7276509465112262,not_assessed,18.42118507859317,14.676565185247822,0.7035023407229519,not_assessed,22.946583408888845,5.1857278672104155,0.2605641487325444,not_assessed
2019-11-12,2019-11-11,2019-11-14,96,0,0,0,0,0,0,0,900.0,True,True,96,0,0,0,0,0,0,0,900.0,True,True,96,0,0,0,0,0,0,0,900.0,True,True,True,True,A,,,Расчёт возможен по существующим правилам,computed,,2.942517948705194,30.520191364897727,0.5565121214479448,not_assessed,4.741039875713885,24.441382750933805,0.6532714473513044,not_assessed,5.205110311823081,14.102339969334897,0.5936614686692964,not_assessed
2019-11-13,2019-11-12,2019-11-15,96,0,0,0,0,0,0,0,900.0,True,True,96,0,0,0,0,0,0,0,900.0,True,True,96,0,0,0,0,0,0,0,900.0,True,True,True,True,A,,,Расчёт возможен по существующим правилам,computed,,16.689905588511643,24.217114971377416,0.778672338863597,not_assessed,21.217633001297546,9.545216870957901,0.5662454571148583,not_assessed,0.175707336261387,4.174584351448691,0.1824523737140562,not_assessed
2019-11-14,2019-11-13,2019-11-16,96,0,0,0,0,0,0,0,900.0,True,True,96,0,0,0,0,0,0,0,900.0,True,True,96,0,0,0,0,0,0,0,900.0,True,True,True,True,A,,,Расчёт возможен по существующим правилам,computed,,16.28725828180523,29.926917604905906,0.8333680328242825,not_assessed,20.177971149140934,11.72382125881477,0.6916773976077448,not_assessed,0.6783158284243654,2.2807163158113557,0.0969758892978142,not_assessed
2019-11-15,2019-11-14,2019-11-17,96,0,0,0,0,0,0,0,900.0,True,True,96,0,0,0,0,0,0,0,900.0,True,True,96,0,0,0,0,0,0,0,900.0,True,True,True,True,A,,,Расчёт возможен по существующим правилам,computed,,15.95070571473612,23.656134306155614,0.7452046202141402,not_assessed,19.90263380561121,10.85992224528153,0.6188815818819954,not_assessed,23.244828054981156,3.4215073136615413,0.12484391505005443,not_assessed
2019-11-16,2019-11-15,2019-11-18,96,0,0,0,0,0,0,0,900.0,True,True,96,0,0,0,0,0,0,0,900.0,True,True,96,0,0,0,0,0,0,0,900.0,True,True,True,True,A,,,Расчёт возможен по существующим правилам,computed,,16.871218375377897,21.664172062220764,0.7080438348521922,not_assessed,20.222433742693926,9.05915410417453,0.49301172951554384,not_assessed,1.8672058831765954,4.509636469011579,0.16243584757616747,not_assessed
2019-11-17,2019-11-16,2019-11-19,96,0,0,0,0,0,0,0,900.0,True,True,96,0,0,0,0,0,0,0,900.0,True,True,96,0,0,0,0,0,0,0,900.0,True,True,True,True,A,,,Расчёт возможен по существующим правилам,computed,,15.664327166201684,23.227334251440336,0.7939693413264566,not_assessed,19.630094937528646,9.250846094408217,0.591438238179416,not_assessed,23.930705956778105,4.990716919726157,0.2964848674702979,not_assessed
2019-11-18,2019-11-17,2019-11-20,96,0,0,0,0,0,0,0,900.0,True,True,96,0,0,0,0,0,0,0,900.0,True,True,96,0,0,0,0,0,0,0,900.0,True,True,True,True,A,,,Расчёт возможен по существующим правилам,computed,,15.693880432871344,28.284215300190684,0.758655671984965,not_assessed,19.30454826702554,14.219334826019184,0.760478342842648,not_assessed,23.368277742690214,4.575557937450775,0.19417360290381136,not_assessed
2019-11-19,2019-11-18,2019-11-21,96,0,0,0,0,0,0,0,900.0,True,True,96,0,0,0,0,0,0,0,900.0,True,True,96,0,0,0,0,0,0,0,900.0,True,True,True,True,A,,,Расчёт возможен по существующим правилам,computed,,14.476683922527332,13.968644276248726,0.629295353253236,not_assessed,18.453022898866863,7.559999947540232,0.5094842317368815,not_assessed,0.06156985702281553,3.3307836305997656,0.15600266837034904,not_assessed
2019-11-20,2019-11-19,2019-11-22,96,0,0,0,0,0,0,0,900.0,True,True,96,0,0,0,0,0,0,0,900.0,True,True,96,0,0,0,0,0,0,0,900.0,True,True,True,True,A,,,Расчёт возможен по существующим правилам,computed,,16.24229627047903,10.840819367238547,0.5879919939107313,not_assessed,19.48921753327477,5.790060452220425,0.40288357838094346,not_assessed,1.5271716637992507,1.2763048481837906,0.03162424070684988,not_assessed
2019-11-21,2019-11-20,2019-11-23,96,0,0,0,0,0,0,0,900.0,True,True,96,0,0,0,0,0,0,0,900.0,True,True,96,0,0,0,0,0,0,0,900.0,True,True,True,True,A,,,Расчёт возможен по существующим правилам,computed,,14.815451903005977,14.733852696069171,0.5960517233873746,not_assessed,18.93751253356834,6.34450003215557,0.47213641697827546,not_assessed,23.80526221999606,1.791869152808999,0.04077866083564197,not_assessed
2019-11-22,2019-11-21,2019-11-24,96,0,0,0,0,0,0,0,900.0,True,True,96,0,0,0,0,0,0,0,900.0,True,True,96,0,0,0,0,0,0,0,900.0,True,True,True,True,A,,,Расчёт возможен по существующим правилам,computed,,15.610566953165042,25.198500626940188,0.8069306638067233,not_assessed,19.561572242305452,12.223330292533634,0.721764478439642,not_assessed,23.642049032696878,2.3128396789431473,0.076893147650263,not_assessed
2019-11-23,2019-11-22,2019-11-25,96,0,0,0,0,0,0,0,900.0,True,True,96,0,0,0,0,0,0,0,900.0,True,True,96,0,0,0,0,0,0,0,900.0,True,True,True,True,A,,,Расчёт возможен по существующим правилам,computed,,15.641547883919424,29.36298479950259,0.8191630211548439,not_assessed,19.183949732653275,13.427993104436883,0.7523912283767025,not_assessed,0.21441171018882327,4.8595205273653175,0.2691924009686285,not_assessed
2019-11-24,2019-11-23,2019-11-26,96,0,0,0,0,0,0,0,900.0,True,True,96,0,0,0,0,0,0,0,900.0,True,True,96,0,0,0,0,0,0,0,900.0,True,True,True,True,A,,,Расчёт возможен по существующим правилам,computed,,15.979595390274477,29.293893466752365,0.7708177268842757,not_assessed,19.869751722923297,14.606442019130494,0.7586786572718227,not_assessed,23.9794611065057,6.401750534624425,0.4031749727362044,not_assessed
2019-11-25,2019-11-24,2019-11-27,96,0,0,0,0,0,0,0,900.0,True,True,96,0,0,0,0,0,0,0,900.0,True,True,96,0,0,0,0,0,0,0,900.0,True,True,True,True,A,,,Расчёт возможен по существующим правилам,computed,,15.324508838718865,21.26462150299122,0.8018825787926015,not_assessed,19.217369503023253,11.427816751359606,0.7015426237037677,not_assessed,22.456052425394947,4.030050468147136,0.15091991469430155,not_assessed
2019-11-26,2019-11-25,2019-11-28,96,0,0,0,0,0,0,0,900.0,True,True,96,0,0,0,0,0,0,0,900.0,True,True,96,0,0,0,0,0,0,0,900.0,True,True,True,True,A,,,Расчёт возможен по существующим правилам,computed,,15.13399659587286,26.284176467399462,0.7561913277581405,not_assessed,19.056637476453762,12.900750591148148,0.6560025407960142,not_assessed,22.559738076562308,5.252012741758971,0.251003146087303,not_assessed
2019-11-27,2019-11-26,2019-11-29,96,0,0,0,0,0,0,0,900.0,True,True,96,0,0,0,0,0,0,0,900.0,True,True,96,0,0,0,0,0,0,0,900.0,True,True,True,True,A,,,Расчёт возможен по существующим правилам,computed,,14.71138140450095,15.269096291474375,0.7547085554408088,not_assessed,17.74340630857789,8.536966765811059,0.5088719595395217,not_assessed,23.51129563167467,3.4887917990484687,0.15992492101473899,not_assessed
2019-11-28,2019-11-27,2019-11-30,96,0,0,0,0,0,0,0,900.0,True,True,96,0,0,0,0,0,0,0,900.0,True,True,96,0,0,0,0,0,0,0,900.0,True,True,True,True,A,,,Расчёт возможен по существующим правилам,computed,,15.606473385116947,12.191949436576605,0.6013982422025117,not_assessed,18.474449737367145,7.81252784320386,0.49944784943257603,not_assessed,23.314364189308243,2.531006232570134,0.0961932223151335,not_assessed
2019-11-29,2019-11-28,2019-12-01,96,0,0,0,0,0,0,0,900.0,True,True,96,0,0,0,0,0,0,0,900.0,True,True,96,0,0,0,0,0,0,0,900.0,True,True,True,True,A,,,Расчёт возможен по существующим правилам,computed,,19.273428849082123,5.741377759187504,0.2885745551388207,not_assessed,22.600254528628767,2.11715736533876,0.08179310132857653,not_assessed,1.5885906240020207,2.355956158548731,0.06934603065202638,not_assessed
2019-11-30,2019-11-29,2019-12-02,96,0,0,0,0,0,0,0,900.0,True,True,96,0,0,0,0,0,0,0,900.0,True,True,96,0,0,0,0,0,0,0,900.0,True,True,True,True,A,,,Расчёт возможен по существующим правилам,computed,,15.631826386812946,26.004496476770132,0.6752996959862023,not_assessed,19.60631103287917,13.137948064177772,0.6666601272665269,not_assessed,21.605148126288363,4.317252019859301,0.20594022207302787,not_assessed
2019-12-01,2019-11-30,2019-12-03,96,0,0,0,0,0,0,0,900.0,True,True,96,0,0,0,0,0,0,0,900.0,True,True,96,0,0,0,0,0,0,0,900.0,True,True,True,True,A,,,Расчёт возможен по существующим правилам,computed,,15.942141922527957,28.828697805176894,0.7448554271340856,not_assessed,19.47458615822877,14.911500765498218,0.7674463367004404,not_assessed,22.791982495384236,5.598158873210068,0.2390725676648796,not_assessed
2019-12-02,2019-12-01,2019-12-04,96,0,0,0,0,0,0,0,900.0,True,True,96,0,0,0,0,0,0,0,900.0,True,True,96,0,0,0,0,0,0,0,900.0,True,True,True,True,A,,,Расчёт возможен по существующим правилам,computed,,15.449819485177892,27.351503974869537,0.7817144775993647,not_assessed,19.231520571140322,14.05705228113191,0.7253113628476675,not_assessed,22.840445138409336,6.624462738896375,0.36928994223364353,not_assessed
2019-12-03,2019-12-02,2019-12-05,96,0,0,0,0,0,0,0,900.0,True,True,96,0,0,0,0,0,0,0,900.0,True,True,96,0,0,0,0,0,0,0,900.0,True,True,True,True,A,,,Расчёт возможен по существующим правилам,computed,,15.041389276496986,25.261930809642283,0.7470969807871599,not_assessed,18.953679180424434,12.660397591477324,0.6809904655518768,not_assessed,22.474365515452476,6.089427537443804,0.2915851263534256,not_assessed
2019-12-04,2019-12-03,2019-12-06,96,0,0,0,0,0,0,0,900.0,True,True,96,0,0,0,0,0,0,0,900.0,True,True,96,0,0,0,0,0,0,0,900.0,True,True,True,True,A,,,Расчёт возможен по существующим правилам,computed,,15.017309295753202,24.348863584909495,0.7480383401420526,not_assessed,18.8883155605338,13.214210230116224,0.7400388541410314,not_assessed,21.347495348786367,4.562994733373622,0.19332920562471156,not_assessed
2019-12-05,2019-12-04,2019-12-07,96,0,0,0,0,0,0,0,900.0,True,True,96,0,0,0,0,0,0,0,900.0,True,True,96,0,0,0,0,0,0,0,900.0,True,True,True,True,A,,,Расчёт возможен по существующим правилам,computed,,15.753460412791032,27.91636841720904,0.7297679063681353,not_assessed,18.932957442663955,15.291024760900106,0.7484935396652392,not_assessed,22.92972511904627,6.969227865352961,0.332643136002594,not_assessed
2019-12-06,2019-12-05,2019-12-08,96,0,0,0,0,0,0,0,900.0,True,True,96,0,0,0,0,0,0,0,900.0,True,True,96,0,0,0,0,0,0,0,900.0,True,True,True,True,A,,,Расчёт возможен по существующим правилам,computed,,15.038570700800404,25.405025988371378,0.7621610562766141,not_assessed,18.50846495403578,16.031063739515034,0.7693961645608334,not_assessed,22.32363611377451,5.906787445485174,0.2994808874290391,not_assessed
2019-12-07,2019-12-06,2019-12-09,96,0,0,0,0,0,0,0,900.0,True,True,96,0,0,0,0,0,0,0,900.0,True,True,96,0,0,0,0,0,0,0,900.0,True,True,True,True,A,,,Расчёт возможен по существующим правилам,computed,,15.089592353633712,20.53913910701016,0.6449216968253628,not_assessed,18.288679639200133,12.535108341791437,0.693677644738188,not_assessed,22.470185720701657,6.283269400337139,0.29377412481292475,not_assessed
2019-12-08,2019-12-07,2019-12-10,96,0,0,0,0,0,0,0,900.0,True,True,96,0,0,0,0,0,0,0,900.0,True,True,96,0,0,0,0,0,0,0,900.0,True,True,True,True,A,,,Расчёт возможен по существующим правилам,computed,,13.95929225920475,9.025437606038576,0.5862410508034528,not_assessed,17.002193086016135,5.046964671072474,0.2795845224728515,not_assessed,21.921246158323694,4.0312783177446,0.16936490716877584,not_assessed
2019-12-09,2019-12-08,2019-12-11,96,0,0,0,0,0,0,0,900.0,True,True,96,0,0,0,0,0,0,0,900.0,True,True,96,0,0,0,0,0,0,0,900.0,True,True,True,True,A,,,Расчёт возможен по существующим правилам,computed,,15.743209288226964,8.794196783435638,0.4459821104766216,not_assessed,20.132332938382405,6.76942847482879,0.43179232903180087,not_assessed,23.62915213803705,2.361655136627777,0.06385266730115546,not_assessed
2019-12-10,2019-12-09,2019-12-12,96,0,0,0,0,0,0,0,900.0,True,True,96,0,0,0,0,0,0,0,900.0,True,True,96,0,0,0,0,0,0,0,900.0,True,True,True,True,A,,,Расчёт возможен по существующим правилам,computed,,15.363009104412633,27.83869406151406,0.7117101161307451,not_assessed,18.87589505285272,16.343520220193305,0.8385670903880506,not_assessed,22.179201047176566,6.85968155047668,0.3490311059645339,not_assessed
2019-12-11,2019-12-10,2019-12-13,96,0,0,0,0,0,0,0,900.0,True,True,96,0,0,0,0,0,0,0,900.0,True,True,96,0,0,0,0,0,0,0,900.0,True,True,True,True,A,,,Расчёт возможен по существующим правилам,computed,,14.778489825176994,26.57499226674501,0.7489568534416129,not_assessed,18.52000825540745,17.026502266702106,0.755837192047403,not_assessed,22.83738713708094,7.196577984409865,0.30874281869090026,not_assessed
2019-12-12,2019-12-11,2019-12-14,96,0,0,0,0,0,0,0,900.0,True,True,96,0,0,0,0,0,0,0,900.0,True,True,96,0,0,0,0,0,0,0,900.0,True,True,True,True,A,,,Расчёт возможен по существующим правилам,computed,,15.13522994576952,23.36579299417973,0.7475676273948879,not_assessed,18.75081351970795,17.38490996559127,0.7938440590546084,not_assessed,23.376710039816516,8.15886110121778,0.4245344897101,not_assessed
2019-12-13,2019-12-12,2019-12-15,96,0,0,0,0,0,0,0,900.0,True,True,96,0,0,0,0,0,0,0,900.0,True,True,96,0,0,0,0,0,0,0,900.0,True,True,True,True,A,,,Расчёт возможен по существующим правилам,computed,,14.532333380845246,20.146127294067597,0.757892468140779,not_assessed,18.31163989929329,14.594509602122525,0.7862394204701466,not_assessed,22.860974681885914,8.67326485180753,0.5408112798616196,not_assessed
2019-12-14,2019-12-13,2019-12-16,96,0,0,0,0,0,0,0,900.0,True,True,96,0,0,0,0,0,0,0,900.0,True,True,96,0,0,0,0,0,0,0,900.0,True,True,True,True,A,,,Расчёт возможен по существующим правилам,computed,,13.709442857101852,17.616546135020503,0.6800644548061786,not_assessed,18.4071719897581,13.030505923982174,0.7179367300195745,not_assessed,22.83453100819767,6.557824564250825,0.31517095830416864,not_assessed
2019-12-15,2019-12-14,2019-12-17,96,0,0,0,0,0,0,0,900.0,True,True,96,0,0,0,0,0,0,0,900.0,True,True,96,0,0,0,0,0,0,0,900.0,True,True,True,True,A,,,Расчёт возможен по существующим правилам,computed,,13.911138065164552,15.09086766840647,0.692916339592121,not_assessed,18.597298341626406,13.230791391397608,0.6884889525215996,not_assessed,22.433056021795693,7.66994465633743,0.4164090658023947,not_assessed
2019-12-16,2019-12-15,2019-12-18,96,0,0,0,0,0,0,0,900.0,True,True,96,0,0,0,0,0,0,0,900.0,True,True,96,0,0,0,0,0,0,0,900.0,True,True,True,True,A,,,Расчёт возможен по существующим правилам,computed,,14.288891460136918,19.264396056747934,0.6863201360696722,not_assessed,18.902931760160055,16.95974503684899,0.7212525435244372,not_assessed,22.410026511642364,8.494306644886414,0.44822428697327177,not_assessed
2019-12-17,2019-12-16,2019-12-19,96,0,0,0,0,0,0,0,900.0,True,True,96,0,0,0,0,0,0,0,900.0,True,True,96,0,0,0,0,0,0,0,900.0,True,True,True,True,A,,,Расчёт возможен по существующим правилам,computed,,14.465190356298015,24.337663250281707,0.7109863420826337,not_assessed,18.515681428217913,18.490789188005603,0.7686477724024717,not_assessed,23.014042823440292,9.707373305362873,0.5116522702463997,not_assessed
2019-12-18,2019-12-17,2019-12-20,96,0,0,0,0,0,0,0,900.0,True,True,96,0,0,0,0,0,0,0,900.0,True,True,96,0,0,0,0,0,0,0,900.0,True,True,True,True,A,,,Расчёт возможен по существующим правилам,computed,,14.643529369039138,22.7295282894422,0.7702434768625452,not_assessed,19.079038743587155,17.845704508624326,0.8230479555842127,not_assessed,22.233815533317916,9.886991309441342,0.5116135148467293,not_assessed
2019-12-19,2019-12-18,2019-12-21,96,0,0,0,0,0,0,0,900.0,True,True,96,0,0,0,0,0,0,0,900.0,True,True,96,0,0,0,0,0,0,0,900.0,True,True,True,True,A,,,Расчёт возможен по существующим правилам,computed,,14.53884809581206,21.276879704300676,0.7693962792511023,not_assessed,18.802584557673057,16.98142999392168,0.7669097132779946,not_assessed,22.64424288549004,9.062046315461036,0.4614440044929803,not_assessed
2019-12-20,2019-12-19,2019-12-22,96,0,0,0,0,0,0,0,900.0,True,True,96,0,0,0,0,0,0,0,900.0,True,True,96,0,0,0,0,0,0,0,900.0,True,True,True,True,A,,,Расчёт возможен по существующим правилам,computed,,14.605127366253367,21.44016361497889,0.727707740142157,not_assessed,18.771470039984784,16.10795565564384,0.760952325976952,not_assessed,22.870791388693554,9.705476386797823,0.4776382663571155,not_assessed
2019-12-21,2019-12-20,2019-12-23,96,0,0,0,0,0,0,0,900.0,True,True,96,0,0,0,0,0,0,0,900.0,True,True,96,0,0,0,0,0,0,0,900.0,True,True,True,True,A,,,Расчёт возможен по существующим правилам,computed,,14.520446976459338,17.99040033717478,0.7197823587143406,not_assessed,18.59420098812243,14.530505319509443,0.7427132816381485,not_assessed,21.743320623849055,7.626909274785215,0.41843267996000577,not_assessed
2019-12-22,2019-12-21,2019-12-24,96,0,0,0,0,0,0,0,900.0,True,True,96,0,0,0,0,0,0,0,900.0,True,True,96,0,0,0,0,0,0,0,900.0,True,True,True,True,A,,,Расчёт возможен по существующим правилам,computed,,15.565137838780485,12.466510718965392,0.3773083095019236,not_assessed,19.159569361386378,14.806496453628226,0.6853493577863677,not_assessed,22.42098956041299,7.743493206284691,0.42227016078446145,not_assessed
2019-12-23,2019-12-22,2019-12-25,96,0,0,0,0,0,0,0,900.0,True,True,96,0,0,0,0,0,0,0,900.0,True,True,96,0,0,0,0,0,0,0,900.0,True,True,True,True,A,,,Расчёт возможен по существующим правилам,computed,,0.9171118810476092,60.18143586113828,0.608610203541496,not_assessed,2.546297889227393,35.750682033148124,0.680466225324551,not_assessed,4.217578116826337,19.39379296318283,0.7070935610796308,not_assessed
2019-12-24,2019-12-23,2019-12-26,96,0,0,0,0,0,0,0,900.0,True,True,96,0,0,0,0,0,0,0,900.0,True,True,96,0,0,0,0,0,0,0,900.0,True,True,True,True,A,,,Расчёт возможен по существующим правилам,computed,,18.252838483426828,10.095731903466962,0.4645589175593945,not_assessed,21.70665402344287,5.1121135368595985,0.3103780467160182,not_assessed,2.3565188063117373,2.0676637897250862,0.06006048717155865,not_assessed
2019-12-25,2019-12-24,2019-12-27,96,0,0,0,0,0,0,0,900.0,True,True,96,0,0,0,0,0,0,0,900.0,True,True,96,0,0,0,0,0,0,0,900.0,True,True,True,True,A,,,Расчёт возможен по существующим правилам,computed,,17.4018187803378,22.616641381062042,0.7665823428620846,not_assessed,20.921814785579546,10.156708347950978,0.5945231720430799,not_assessed,1.5695113402493979,2.5574879609708643,0.0773528273518026,not_assessed
2019-12-26,2019-12-25,2019-12-28,96,0,0,0,0,0,0,0,900.0,True,True,96,0,0,0,0,0,0,0,900.0,True,True,96,0,0,0,0,0,0,0,900.0,True,True,True,True,A,,,Расчёт возможен по существующим правилам,computed,,16.82139284784801,36.791130603282625,0.7857973407092979,not_assessed,20.418254321299052,17.276535889527,0.8151509284023974,not_assessed,0.4605812256931538,7.6424213601234285,0.43994107110676617,not_assessed
2019-12-27,2019-12-26,2019-12-29,96,0,0,0,0,0,0,0,900.0,True,True,96,0,0,0,0,0,0,0,900.0,True,True,96,0,0,0,0,0,0,0,900.0,True,True,True,True,A,,,Расчёт возможен по существующим правилам,computed,,16.371948538686578,16.965554053580146,0.8356428723402219,not_assessed,20.52448528131944,8.975646626253305,0.6200452509498247,not_assessed,2.258728549369176,4.747548429497628,0.16934360076435662,not_assessed
2019-12-28,2019-12-27,2019-12-30,96,0,0,0,0,0,0,0,900.0,True,True,96,0,0,0,0,0,0,0,900.0,True,True,96,0,0,0,0,0,0,0,900.0,True,True,True,True,A,,,Расчёт возможен по существующим правилам,computed,,16.724404953474796,12.08542244244642,0.6696166281546952,not_assessed,19.199690811127923,5.485997475456321,0.2942965392920939,not_assessed,1.0093382951316552,2.6929060268084397,0.08173715012513694,not_assessed
2019-12-29,2019-12-28,2019-12-31,96,0,0,0,0,0,0,0,900.0,True,True,96,0,0,0,0,0,0,0,900.0,True,True,96,0,0,0,0,0,0,0,900.0,True,True,True,True,A,,,Расчёт возможен по существующим правилам,computed,,16.69781649843114,36.99576538947678,0.7995242657598481,not_assessed,20.350576712899738,18.88289471332245,0.8211921802760621,not_assessed,22.575221224344777,6.3238807422967405,0.36479916973314086,not_assessed
2019-12-30,2019-12-29,2020-01-01,96,0,0,0,0,0,0,0,900.0,True,True,96,0,0,0,0,0,0,0,900.0,True,True,96,0,0,0,0,0,0,0,900.0,True,True,True,True,A,,,Расчёт возможен по существующим правилам,computed,,16.363070053856454,26.570914250967892,0.837768752803105,not_assessed,20.226020883706063,13.131663274534919,0.7226486978717794,not_assessed,0.2900907090859008,6.575866715730016,0.329701454264121,not_assessed
2019-12-31,2019-12-30,2020-01-02,96,0,0,0,0,0,0,0,900.0,True,True,96,0,0,0,0,0,0,0,900.0,True,True,96,0,0,0,0,0,0,0,900.0,True,True,True,True,A,,,Расчёт возможен по существующим правилам,computed,,3.5695668441511716,30.35467957809778,0.4081885985778564,not_assessed,5.568123684679439,21.78035517822096,0.5332288127881729,not_assessed,7.826971746541358,21.50921524332469,0.7695158427522293,not_assessed
2020-01-01,2019-12-31,2020-01-03,96,0,0,0,0,0,0,0,900.0,True,True,96,0,0,0,0,0,0,0,900.0,True,True,96,0,0,0,0,0,0,0,900.0,True,True,True,True,A,,,Расчёт возможен по существующим правилам,computed,,17.445747621825802,29.778991666137596,0.7633014973989322,not_assessed,21.041028981709246,14.267090008680055,0.8070398733240522,not_assessed,2.774444541932094,2.859933104937898,0.08499785778596447,not_assessed
2020-01-02,2020-01-01,2020-01-04,96,0,0,0,0,0,0,0,900.0,True,True,96,0,0,0,0,0,0,0,900.0,True,True,96,0,0,0,0,0,0,0,900.0,True,True,True,True,A,,,Расчёт возможен по существующим правилам,computed,,17.268767276096266,31.591480136688403,0.8241848270737364,not_assessed,21.01589381712133,13.003751315889193,0.7121027874584247,not_assessed,1.2246327060921143,3.8679890671242068,0.20989033996539752,not_assessed
2020-01-03,2020-01-02,2020-01-05,96,0,0,0,0,0,0,0,900.0,True,True,96,0,0,0,0,0,0,0,900.0,True,True,96,0,0,0,0,0,0,0,900.0,True,True,True,True,A,,,Расчёт возможен по существующим правилам,computed,,17.206426167551975,30.346385027515446,0.8418628836479846,not_assessed,21.394893931026793,15.295369332357035,0.7867022926014112,not_assessed,0.7667802036236914,6.913430616512624,0.35147387096975247,not_assessed
2020-01-04,2020-01-03,2020-01-06,96,0,0,0,0,0,0,0,900.0,True,True,96,0,0,0,0,0,0,0,900.0,True,True,96,0,0,0,0,0,0,0,900.0,True,True,True,True,A,,,Расчёт возможен по существующим правилам,computed,,16.993353658236728,33.97129091330563,0.8442582818050582,not_assessed,20.659868134541437,15.773240123295489,0.791387353406569,not_assessed,1.0413718839856994,6.418833881067332,0.3353971820633972,not_assessed
2020-01-05,2020-01-04,2020-01-07,96,0,0,0,0,0,0,0,900.0,True,True,96,0,0,0,0,0,0,0,900.0,True,True,96,0,0,0,0,0,0,0,900.0,True,True,True,True,A,,,Расчёт возможен по существующим правилам,computed,,17.070695100201437,33.93719699662618,0.8310447439594538,not_assessed,20.467175907848876,17.156217380114178,0.7999356210871128,not_assessed,0.8462408936977744,8.287413595003978,0.5567678181269434,not_assessed
2020-01-06,2020-01-05,2020-01-08,96,0,0,0,0,0,0,0,900.0,True,True,96,0,0,0,0,0,0,0,900.0,True,True,96,0,0,0,0,0,0,0,900.0,True,True,True,True,A,,,Расчёт возможен по существующим правилам,computed,,17.125690050937703,33.11786759548156,0.8279412063152184,not_assessed,20.655530700237883,16.764524682328727,0.7802609267485816,not_assessed,23.814683037271806,6.35258991899695,0.37234734987993034,not_assessed
2020-01-07,2020-01-06,2020-01-09,96,0,0,0,0,0,0,0,900.0,True,True,96,0,0,0,0,0,0,0,900.0,True,True,96,0,0,0,0,0,0,0,900.0,True,True,True,True,A,,,Расчёт возможен по существующим правилам,computed,,16.70407654462331,32.20414110255282,0.8019856254406936,not_assessed,20.313831951231872,15.561593716068971,0.791592547705743,not_assessed,0.055099599682019544,4.721465681194429,0.22861718615176085,not_assessed
2020-01-08,2020-01-07,2020-01-10,96,0,0,0,0,0,0,0,900.0,True,True,96,0,0,0,0,0,0,0,900.0,True,True,96,0,0,0,0,0,0,0,900.0,True,True,True,True,A,,,Расчёт возможен по существующим правилам,computed,,16.292311540428848,27.415113875766625,0.7924580361030655,not_assessed,19.698441489820468,14.391042685693005,0.7861789233312957,not_assessed,23.646974005753478,5.210691328049387,0.2710520342784256,not_assessed
2020-01-09,2020-01-08,2020-01-11,96,0,0,0,0,0,0,0,900.0,True,True,96,0,0,0,0,0,0,0,900.0,True,True,96,0,0,0,0,0,0,0,900.0,True,True,True,True,A,,,Расчёт возможен по существующим правилам,computed,,16.15328334739191,15.900105014761657,0.7668419175297176,not_assessed,19.285876886222894,8.137652019775615,0.47186133179543244,not_assessed,0.23045510528732438,2.879836308339826,0.082916010568436,not_assessed
2020-01-10,2020-01-09,2020-01-12,96,0,0,0,0,0,0,0,900.0,True,True,96,0,0,0,0,0,0,0,900.0,True,True,96,0,0,0,0,0,0,0,900.0,True,True,True,True,A,,,Расчёт возможен по существующим правилам,computed,,15.0919499380314,38.78385963456235,0.5957108860234404,not_assessed,19.15813665144044,16.25410021912176,0.7545633098567222,not_assessed,21.994622407980103,6.42671851172596,0.39365571904306873,not_assessed
2020-01-11,2020-01-10,2020-01-13,96,0,0,0,0,0,0,0,900.0,True,True,96,0,0,0,0,0,0,0,900.0,True,True,96,0,0,0,0,0,0,0,900.0,True,True,True,True,A,,,Расчёт возможен по существующим правилам,computed,,16.712875753199565,33.18210904695791,0.8680295199444585,not_assessed,20.3273754862787,14.76552049651883,0.7513577431275118,not_assessed,1.7374917993437866,5.134041034436254,0.249281178710965,not_assessed
2020-01-12,2020-01-11,2020-01-14,96,0,0,0,0,0,0,0,900.0,True,True,96,0,0,0,0,0,0,0,900.0,True,True,96,0,0,0,0,0,0,0,900.0,True,True,True,True,A,,,Расчёт возможен по существующим правилам,computed,,16.62023015474854,31.717754429584417,0.844572914312589,not_assessed,20.482167301705093,15.320764195686754,0.776651651613457,not_assessed,0.7351743057056246,6.846015373044537,0.3807414564451781,not_assessed
2020-01-13,2020-01-12,2020-01-15,96,0,0,0,0,0,0,0,900.0,True,True,96,0,0,0,0,0,0,0,900.0,True,True,96,0,0,0,0,0,0,0,900.0,True,True,True,True,A,,,Расчёт возможен по существующим правилам,computed,,15.566885534433082,13.138972199145584,0.4646465687596961,not_assessed,20.419367990843305,12.377733856899146,0.7620076561487172,not_assessed,2.9971246295497136,6.10334768357198,0.28667858309107375,not_assessed
2020-01-14,2020-01-13,2020-01-16,96,0,0,0,0,0,0,0,900.0,True,True,96,0,0,0,0,0,0,0,900.0,True,True,96,0,0,0,0,0,0,0,900.0,True,True,True,True,A,,,Расчёт возможен по существующим правилам,computed,,16.020998415877166,14.417578099969766,0.5094452333205554,not_assessed,20.21822747730972,11.950473915991864,0.6930616850779319,not_assessed,2.728350279685968,8.157952652614357,0.42183539770989176,not_assessed
2020-01-15,2020-01-14,2020-01-17,96,0,0,1,0,0,0,0,900.0,False,False,96,0,0,1,0,0,0,0,900.0,False,False,96,0,0,1,0,0,0,0,900.0,False,False,False,False,B,D1: неполное покрытие суток (служебные значения); D2: неполное покрытие суток (служебные значения); D3: неполное покрытие суток (служебные значения),,D1: неполное покрытие суток (служебные значения); D2: неполное покрытие суток (служебные значения); D3: неполное покрытие суток (служебные значения),skipped,,,,,,,,,,,,,
2020-01-16,2020-01-15,2020-01-18,96,0,0,3,0,0,0,0,900.0,False,False,96,0,0,3,0,0,0,0,900.0,False,False,96,0,0,3,0,0,0,0,900.0,False,False,False,False,B,D1: неполное покрытие суток (служебные значения); D2: неполное покрытие суток (служебные значения); D3: неполное покрытие суток (служебные значения),,D1: неполное покрытие суток (служебные значения); D2: неполное покрытие суток (служебные значения); D3: неполное покрытие суток (служебные значения),skipped,,,,,,,,,,,,,
2020-01-17,2020-01-16,2020-01-19,96,0,0,2,0,0,0,0,900.0,True,False,96,0,0,2,0,0,0,0,900.0,True,False,96,0,0,2,0,0,0,0,900.0,True,False,True,False,B,D1: неполное окружение ±12 ч (служебные значения); D2: неполное окружение ±12 ч (служебные значения); D3: неполное окружение ±12 ч (служебные значения),,D1: неполное окружение ±12 ч (служебные значения); D2: неполное окружение ±12 ч (служебные значения); D3: неполное окружение ±12 ч (служебные значения),skipped,,,,,,,,,,,,,
2020-01-18,2020-01-17,2020-01-20,96,0,0,0,0,0,0,0,900.0,True,True,96,0,0,0,0,0,0,0,900.0,True,True,96,0,0,0,0,0,0,0,900.0,True,True,True,True,A,,,Расчёт возможен по существующим правилам,computed,,16.689972130043262,34.208162796315165,0.8310442597508861,not_assessed,20.49713387871369,16.160833777564015,0.7790765573671374,not_assessed,1.849785870949129,5.681856589569449,0.2952390679618264,not_assessed
2020-01-19,2020-01-18,2020-01-21,96,0,0,0,0,0,0,0,900.0,True,True,96,0,0,0,0,0,0,0,900.0,True,True,96,0,0,0,0,0,0,0,900.0,True,True,True,True,A,,,Расчёт возможен по существующим правилам,computed,,16.235909981746964,37.290883533995384,0.7993242900328174,not_assessed,19.855518589276627,17.188285126866543,0.7728331242518842,not_assessed,0.02319653701284464,7.088569508549674,0.37411995523235486,not_assessed
2020-01-20,2020-01-19,2020-01-22,96,0,0,0,0,0,0,0,900.0,True,True,96,0,0,0,0,0,0,0,900.0,True,True,96,0,0,0,0,0,0,0,900.0,True,True,True,True,A,,,Расчёт возможен по существующим правилам,computed,,11.948747515140473,8.8654349750569,0.3164644545209,not_assessed,19.758334854619353,5.231813700817774,0.32792984778795453,not_assessed,0.8421723990753849,4.828623028649162,0.21478434149914916,not_assessed
2020-01-21,2020-01-20,2020-01-23,96,0,0,0,0,0,0,0,900.0,True,True,96,0,0,0,0,0,0,0,900.0,True,True,96,0,0,0,0,0,0,0,900.0,True,True,True,True,A,,,Расчёт возможен по существующим правилам,computed,,12.910127787910342,3.756378825948405,0.11291154995162167,not_assessed,20.736667597264475,4.419735032528978,0.23105687831980692,not_assessed,3.7479055921422213,5.321475162344857,0.26927356171829553,not_assessed
2020-01-22,2020-01-21,2020-01-24,96,0,0,0,0,0,0,0,900.0,True,True,96,0,0,0,0,0,0,0,900.0,True,True,96,0,0,0,0,0,0,0,900.0,True,True,True,True,A,,,Расчёт возможен по существующим правилам,computed,,17.436403424749695,18.46433305432717,0.7959513403659995,not_assessed,20.738191731750625,10.254546111620172,0.6258935868378418,not_assessed,0.7554338703766513,4.839915872708309,0.3198429662758976,not_assessed
2020-01-23,2020-01-22,2020-01-25,96,0,0,0,0,0,0,0,900.0,True,True,96,0,0,0,0,0,0,0,900.0,True,True,96,0,0,0,0,0,0,0,900.0,True,True,True,True,A,,,Расчёт возможен по существующим правилам,computed,,17.280761710888534,39.37762578931196,0.8595388055651225,not_assessed,20.912189709961176,19.42290812134895,0.8095354244936995,not_assessed,1.4631638284060777,6.589496223959689,0.28528189746470556,not_assessed
2020-01-24,2020-01-23,2020-01-26,96,0,0,0,0,0,0,0,900.0,True,True,96,0,0,0,0,0,0,0,900.0,True,True,96,0,0,0,0,0,0,0,900.0,True,True,True,True,A,,,Расчёт возможен по существующим правилам,computed,,16.50785792923728,30.1187535908461,0.8681900265786764,not_assessed,20.761783322296075,15.228580686409172,0.75974239161485,not_assessed,1.0455607551104036,7.203981478494901,0.4113078919159604,not_assessed
2020-01-25,2020-01-24,2020-01-27,96,0,0,0,0,0,0,0,900.0,True,True,96,0,0,0,0,0,0,0,900.0,True,True,96,0,0,0,0,0,0,0,900.0,True,True,True,True,A,,,Расчёт возможен по существующим правилам,computed,,15.887361031260514,35.8833951445943,0.7680817628178801,not_assessed,19.790847917789076,15.314561072281293,0.7982910378112782,not_assessed,23.39961235350563,4.347314784260779,0.2287173404931696,not_assessed
2020-01-26,2020-01-25,2020-01-28,96,0,0,0,0,0,0,0,900.0,True,True,96,0,0,0,0,0,0,0,900.0,True,True,96,0,0,0,0,0,0,0,900.0,True,True,True,True,A,,,Расчёт возможен по существующим правилам,computed,,16.371296124112362,41.17739216095788,0.8597633947683911,not_assessed,19.96738553083278,20.522816330573388,0.8311978366589476,not_assessed,23.583679258127596,7.214709389476756,0.3827397636705321,not_assessed
2020-01-27,2020-01-26,2020-01-29,96,0,0,0,0,0,0,0,900.0,True,True,96,0,0,0,0,0,0,0,900.0,True,True,96,0,0,0,0,0,0,0,900.0,True,True,True,True,A,,,Расчёт возможен по существующим правилам,computed,,16.313678360971544,15.847616744426249,0.55575596712312,not_assessed,19.840028504569162,13.674810857350755,0.8257604534930103,not_assessed,1.5942782874092825,5.808459111654445,0.32905131243638175,not_assessed
2020-01-28,2020-01-27,2020-01-30,96,0,0,0,0,0,0,0,900.0,True,True,96,0,0,0,0,0,0,0,900.0,True,True,96,0,0,0,0,0,0,0,900.0,True,True,True,True,A,,,Расчёт возможен по существующим правилам,computed,,16.42850726635778,27.858443448855088,0.8144066615115031,not_assessed,20.261026369301305,16.38127285376002,0.798161303184725,not_assessed,1.2828260123388355,9.522507196345968,0.4593383932230931,not_assessed
2020-01-29,2020-01-28,2020-01-31,96,0,0,0,0,0,0,0,900.0,True,True,96,0,0,0,0,0,0,0,900.0,True,True,96,0,0,0,0,0,0,0,900.0,True,True,True,True,A,,,Расчёт возможен по существующим правилам,computed,,16.610719028667944,48.3159991073985,0.8367251460857681,not_assessed,20.159715290789155,22.013412991513515,0.861589581168986,not_assessed,23.6945711780935,8.93859228804041,0.4760475361566424,not_assessed
2020-01-30,2020-01-29,2020-02-01,96,0,0,0,0,0,0,0,900.0,True,True,96,0,0,0,0,0,0,0,900.0,True,True,96,0,0,0,0,0,0,0,900.0,True,True,True,True,A,,,Расчёт возможен по существующим правилам,computed,,16.597173099106158,47.78619909670518,0.891948302915756,not_assessed,20.32665697278451,21.79624751274145,0.8770204503422603,not_assessed,0.9653991938457027,5.535571056902793,0.2940345190887612,not_assessed
2020-01-31,2020-01-30,2020-02-02,96,0,0,0,0,0,0,0,900.0,True,True,96,0,0,0,0,0,0,0,900.0,True,True,96,0,0,0,0,0,0,0,900.0,True,True,True,True,A,,,Расчёт возможен по существующим правилам,computed,,16.74139949245993,29.64928149154131,0.8869575548756876,not_assessed,20.53176521855672,17.490863671169677,0.8119983229159067,not_assessed,0.935067805327341,8.655334073996121,0.5077432007079659,not_assessed
2020-02-01,2020-01-31,2020-02-03,96,0,0,0,0,0,0,0,900.0,True,True,96,0,0,0,0,0,0,0,900.0,True,True,96,0,0,0,0,0,0,0,900.0,True,True,True,True,A,,,Расчёт возможен по существующим правилам,computed,,16.37987752767032,41.872081146530974,0.8197876278259879,not_assessed,19.8925272644937,20.12195493863013,0.8450096290029862,not_assessed,23.112974228004987,6.449972121856208,0.4312536747484842,not_assessed
2020-02-02,2020-02-01,2020-02-04,96,0,0,0,0,0,0,0,900.0,True,True,96,0,0,0,0,0,0,0,900.0,True,True,96,0,0,0,0,0,0,0,900.0,True,True,True,True,A,,,Расчёт возможен по существующим правилам,computed,,16.07715017765429,45.87561442180289,0.8234901934928573,not_assessed,19.755281242191135,22.75052358769067,0.8473507949439795,not_assessed,23.27423245580718,8.689513826843857,0.4768928706649862,not_assessed
2020-02-03,2020-02-02,2020-02-05,96,0,0,0,0,0,0,0,900.0,True,True,96,0,0,0,0,0,0,0,900.0,True,True,96,0,0,0,0,0,0,0,900.0,True,True,True,True,A,,,Расчёт возможен по существующим правилам,computed,,15.286460052724607,34.73386923765925,0.7895163285837634,not_assessed,19.057086642135094,17.488346476141835,0.7545410130932368,not_assessed,23.11746019727574,8.466944249235485,0.4552875094762796,not_assessed
2020-02-04,2020-02-03,2020-02-06,96,0,0,0,0,0,0,0,900.0,True,True,96,0,0,0,0,0,0,0,900.0,True,True,96,0,0,0,0,0,0,0,900.0,True,True,True,True,A,,,Расчёт возможен по существующим правилам,computed,,17.32150444403408,16.66456277761885,0.4880903892757077,not_assessed,21.42152330172747,9.797726117659048,0.4071077870798103,not_assessed,0.5336962935863085,7.7012386800947175,0.3640830109755028,not_assessed
2020-02-05,2020-02-04,2020-02-07,96,0,0,0,0,0,0,0,900.0,True,True,96,0,0,0,0,0,0,0,900.0,True,True,96,0,0,0,0,0,0,0,900.0,True,True,True,True,A,,,Расчёт возможен по существующим правилам,computed,,16.316924089292154,39.58249093245368,0.8432271068391692,not_assessed,20.500394360391915,18.711622800405426,0.8314695145835821,not_assessed,0.6803299692608165,8.136195476713004,0.4508486089203635,not_assessed
2020-02-06,2020-02-05,2020-02-08,96,0,0,1,0,0,0,0,900.0,False,False,96,0,0,1,0,0,0,0,900.0,False,False,96,0,0,1,0,0,0,0,900.0,False,False,False,False,B,D1: неполное покрытие суток (служебные значения); D2: неполное покрытие суток (служебные значения); D3: неполное покрытие суток (служебные значения),,D1: неполное покрытие суток (служебные значения); D2: неполное покрытие суток (служебные значения); D3: неполное покрытие суток (служебные значения),skipped,,,,,,,,,,,,,
2020-02-07,2020-02-06,2020-02-09,96,0,0,1,0,0,0,0,900.0,True,False,96,0,0,1,0,0,0,0,900.0,True,False,96,0,0,1,0,0,0,0,900.0,True,False,True,False,B,D1: неполное окружение ±12 ч (служебные значения); D2: неполное окружение ±12 ч (служебные значения); D3: неполное окружение ±12 ч (служебные значения),,D1: неполное окружение ±12 ч (служебные значения); D2: неполное окружение ±12 ч (служебные значения); D3: неполное окружение ±12 ч (служебные значения),skipped,,,,,,,,,,,,,
2020-02-08,2020-02-07,2020-02-10,96,0,0,0,0,0,0,0,900.0,True,True,96,0,0,0,0,0,0,0,900.0,True,True,96,0,0,0,0,0,0,0,900.0,True,True,True,True,A,,,Расчёт возможен по существующим правилам,computed,,15.850261357821847,44.93677714602078,0.8375119102433048,not_assessed,19.12412605423124,22.55979288343899,0.8409247443802554,not_assessed,22.570116198160488,7.9965505358387725,0.3949016863784741,not_assessed
2020-02-09,2020-02-08,2020-02-11,96,0,0,0,0,0,0,0,900.0,True,True,96,0,0,0,0,0,0,0,900.0,True,True,96,0,0,0,0,0,0,0,900.0,True,True,True,True,A,,,Расчёт возможен по существующим правилам,computed,,15.781641357682732,36.3763528445167,0.8162523481272603,not_assessed,19.25337512057969,20.33689625778554,0.8379080409091826,not_assessed,23.251953337824624,6.788182561504901,0.3525794750401956,not_assessed
2020-02-10,2020-02-09,2020-02-12,96,0,0,0,0,0,0,0,900.0,True,True,96,0,0,0,0,0,0,0,900.0,True,True,96,0,0,0,0,0,0,0,900.0,True,True,True,True,A,,,Расчёт возможен по существующим правилам,computed,,14.769164497249315,34.57707478125094,0.7206021501328699,not_assessed,18.100512547911553,19.28284819806867,0.8080473604941232,not_assessed,22.572581954538556,8.81988049026701,0.48270831913130685,not_assessed
2020-02-11,2020-02-10,2020-02-13,96,0,0,0,0,0,0,0,900.0,True,True,96,0,0,0,0,0,0,0,900.0,True,True,96,0,0,0,0,0,0,0,900.0,True,True,True,True,A,,,Расчёт возможен по существующим правилам,computed,,14.841666997852617,21.822524362895926,0.6699240003704631,not_assessed,18.05474908114046,11.892388074957983,0.6770886069305957,not_assessed,21.18501317115292,5.1060296787466,0.2342190992204476,not_assessed
2020-02-12,2020-02-11,2020-02-14,96,0,0,0,0,0,0,0,900.0,True,True,96,0,0,0,0,0,0,0,900.0,True,True,96,0,0,0,0,0,0,0,900.0,True,True,True,True,A,,,Расчёт возможен по существующим правилам,computed,,15.70628008616252,45.051874302795916,0.7629370229876639,not_assessed,19.003925258218466,24.387225507027278,0.8243569079927617,not_assessed,22.052448061857834,10.469664763684086,0.553012624136854,not_assessed
2020-02-13,2020-02-12,2020-02-15,96,0,0,0,0,0,0,0,900.0,True,True,96,0,0,0,0,0,0,0,900.0,True,True,96,0,0,0,0,0,0,0,900.0,True,True,True,True,A,,,Расчёт возможен по существующим правилам,computed,,15.559770654897884,51.954379243501144,0.8476585697186949,not_assessed,18.922476581636754,27.78213127608915,0.8862983581334881,not_assessed,22.11481992236934,10.946169881912947,0.586638923121747,not_assessed
2020-02-14,2020-02-13,2020-02-16,96,0,0,0,0,0,0,0,900.0,True,True,96,0,0,0,0,0,0,0,900.0,True,True,96,0,0,0,0,0,0,0,900.0,True,True,True,True,A,,,Расчёт возможен по существующим правилам,computed,,14.997529182628286,39.828078125157546,0.7869723714997136,not_assessed,18.377529758020394,20.066585946310987,0.7845404389745154,not_assessed,21.867496708790714,9.986110443917688,0.5405059592816507,not_assessed
2020-02-15,2020-02-14,2020-02-17,96,0,0,0,0,0,0,0,900.0,True,True,96,0,0,0,0,0,0,0,900.0,True,True,96,0,0,0,0,0,0,0,900.0,True,True,True,True,A,,,Расчёт возможен по существующим правилам,computed,,14.761312680272662,39.91664469536542,0.7620160577707595,not_assessed,18.317894000594617,22.109921858974115,0.8280889311629647,not_assessed,21.860187738679283,10.978993052620272,0.5520091299664258,not_assessed
2020-02-16,2020-02-15,2020-02-18,96,0,0,0,0,0,0,0,900.0,True,True,96,0,0,0,0,0,0,0,900.0,True,True,96,0,0,0,0,0,0,0,900.0,True,True,True,True,A,,,Расчёт возможен по существующим правилам,computed,,14.100199974724418,33.21026794256508,0.7471280932627167,not_assessed,17.941586775785513,21.33376955739186,0.8311607711937773,not_assessed,22.071595978983556,8.773040388441897,0.5063540436019839,not_assessed
2020-02-17,2020-02-16,2020-02-19,96,0,0,0,0,0,0,0,900.0,True,True,96,0,0,0,0,0,0,0,900.0,True,True,96,0,0,0,0,0,0,0,900.0,True,True,True,True,A,,,Расчёт возможен по существующим правилам,computed,,13.983804636960343,26.81468296086505,0.7699257131390882,not_assessed,18.0173038157466,19.991579675849998,0.8226758830139825,not_assessed,22.152197273390836,9.156589944475577,0.49555335026104375,not_assessed
2020-02-18,2020-02-17,2020-02-20,96,0,0,0,0,0,0,0,900.0,True,True,96,0,0,0,0,0,0,0,900.0,True,True,96,0,0,0,0,0,0,0,900.0,True,True,True,True,A,,,Расчёт возможен по существующим правилам,computed,,20.9652379981179,22.104710558803458,0.3088796722848727,not_assessed,23.660392597401277,10.134548527719273,0.2929502710393501,not_assessed,3.7052381633348226,9.997119013643879,0.5051004408619555,not_assessed
2020-02-19,2020-02-18,2020-02-21,96,0,0,0,0,0,0,0,900.0,True,True,96,0,0,0,0,0,0,0,900.0,True,True,96,0,0,0,0,0,0,0,900.0,True,True,True,True,A,,,Расчёт возможен по существующим правилам,computed,,16.48566648480472,49.375228530570176,0.8167956203797726,not_assessed,20.405898476902863,20.817318974556443,0.8646654050723726,not_assessed,0.5191721301085556,6.112931604766138,0.30049863983362723,not_assessed
2020-02-20,2020-02-19,2020-02-22,96,0,0,0,0,0,0,0,900.0,True,True,96,0,0,0,0,0,0,0,900.0,True,True,96,0,0,0,0,0,0,0,900.0,True,True,True,True,A,,,Расчёт возможен по существующим правилам,computed,,15.822749256452814,52.42563573737505,0.8162078360761723,not_assessed,19.48105579983338,22.720039377610746,0.863800838234581,not_assessed,0.35505164213770496,6.402946891222889,0.30055431668485033,not_assessed
2020-02-21,2020-02-20,2020-02-23,96,0,0,0,0,0,0,0,900.0,True,True,96,0,0,0,0,0,0,0,900.0,True,True,96,0,0,0,0,0,0,0,900.0,True,True,True,True,A,,,Расчёт возможен по существующим правилам,computed,,15.97586333105297,26.248136042246216,0.7960807817248442,not_assessed,19.547570999641447,13.689008703456246,0.7845821808425988,not_assessed,0.692999109335951,4.805998491124866,0.24512445421437024,not_assessed
2020-02-22,2020-02-21,2020-02-24,96,0,0,0,0,0,0,0,900.0,True,True,96,0,0,0,0,0,0,0,900.0,True,True,96,0,0,0,0,0,0,0,900.0,True,True,True,True,A,,,Расчёт возможен по существующим правилам,computed,,17.22437024308508,10.609672451838447,0.6343382672588052,not_assessed,19.67494700263174,4.191378201914835,0.2366035064666676,not_assessed,0.7598379086134385,2.4696698584799828,0.07241583865245405,not_assessed
2020-02-23,2020-02-22,2020-02-25,96,0,0,0,0,0,0,0,900.0,True,True,96,0,0,0,0,0,0,0,900.0,True,True,96,0,0,0,0,0,0,0,900.0,True,True,True,True,A,,,Расчёт возможен по существующим правилам,computed,,15.320348389002653,25.004424145189233,0.6921221816618957,not_assessed,18.91920017912268,11.676846821407423,0.6652672294192279,not_assessed,22.10129196370424,3.584202768519004,0.1313443563992277,not_assessed
2020-02-24,2020-02-23,2020-02-26,96,0,0,0,0,0,0,0,900.0,True,True,96,0,0,0,0,0,0,0,900.0,True,True,96,0,0,0,0,0,0,0,900.0,True,True,True,True,A,,,Расчёт возможен по существующим правилам,computed,,16.165497675476903,52.31237299481455,0.8094070718468672,not_assessed,19.28334674901489,27.218794734923858,0.8581767401585408,not_assessed,22.992146765877624,10.890243823250088,0.5722992023480393,not_assessed
2020-02-25,2020-02-24,2020-02-27,96,0,0,0,0,0,0,0,900.0,True,True,96,0,0,0,0,0,0,0,900.0,True,True,96,0,0,0,0,0,0,0,900.0,True,True,True,True,A,,,Расчёт возможен по существующим правилам,computed,,15.53708336917633,48.99501349089763,0.8481736950648366,not_assessed,18.89766899890968,25.2494202101762,0.8804595206113324,not_assessed,22.830278739697537,9.930051616742116,0.6401172436841267,not_assessed
2020-02-26,2020-02-25,2020-02-28,96,0,0,0,0,0,0,0,900.0,True,True,96,0,0,0,0,0,0,0,900.0,True,True,96,0,0,0,0,0,0,0,900.0,True,True,True,True,A,,,Расчёт возможен по существующим правилам,computed,,15.831669901721048,51.94380748882195,0.86768292404439,not_assessed,19.32169120412142,26.956722759354314,0.8584137299908021,not_assessed,22.67466848558608,9.845751413834208,0.542687282417535,not_assessed
2020-02-27,2020-02-26,2020-02-29,96,0,0,0,0,0,0,0,900.0,True,True,96,0,0,0,0,0,0,0,900.0,True,True,96,0,0,0,0,0,0,0,900.0,True,True,True,True,A,,,Расчёт возможен по существующим правилам,computed,,15.392634266744253,52.36137205311294,0.8077291404765333,not_assessed,18.633324261452074,27.56625415954827,0.8825428049522364,not_assessed,23.312110449544583,10.214954079300634,0.568501210116339,not_assessed
2020-02-28,2020-02-27,2020-03-01,96,0,0,0,0,0,0,0,900.0,True,True,96,0,0,0,0,0,0,0,900.0,True,True,96,0,0,0,0,0,0,0,900.0,True,True,True,True,A,,,Расчёт возможен по существующим правилам,computed,,15.252904777607794,38.52075283333436,0.8546594242794789,not_assessed,18.514137596408172,20.506639672868126,0.8035622036586252,not_assessed,22.90063245151854,8.642063143322595,0.5422991847566894,not_assessed
2020-02-29,2020-02-28,2020-03-02,96,0,0,0,0,0,0,0,900.0,True,True,96,0,0,0,0,0,0,0,900.0,True,True,96,0,0,0,0,0,0,0,900.0,True,True,True,True,A,,,Расчёт возможен по существующим правилам,computed,,14.686887773078357,37.818213863809504,0.762677773803172,not_assessed,17.936507751831712,20.58406849695685,0.8556079193820583,not_assessed,22.114854058387344,8.782837866890098,0.4911130327291382,not_assessed
2020-03-01,2020-02-29,2020-03-03,96,0,0,0,0,0,0,0,900.0,True,True,96,0,0,0,0,0,0,0,900.0,True,True,96,0,0,0,0,0,0,0,900.0,True,True,True,True,A,,,Расчёт возможен по существующим правилам,computed,,14.760126862957414,30.003675073636437,0.7240634890031125,not_assessed,18.366725976679295,17.65876901860704,0.774633534918536,not_assessed,21.377624199317808,6.8544436545216465,0.351094275563798,not_assessed
2020-03-02,2020-03-01,2020-03-04,96,0,0,0,0,0,0,0,900.0,True,True,96,0,0,0,0,0,0,0,900.0,True,True,96,0,0,0,0,0,0,0,900.0,True,True,True,True,A,,,Расчёт возможен по существующим правилам,computed,,14.268933700012516,35.21545908466631,0.7224414954290808,not_assessed,17.70897387870915,22.364159339552995,0.816874092194589,not_assessed,21.091206719790833,10.355420914440773,0.5592005237330397,not_assessed
2020-03-03,2020-03-02,2020-03-05,96,0,0,0,0,0,0,0,900.0,True,True,96,0,0,0,0,0,0,0,900.0,True,True,96,0,0,0,0,0,0,0,900.0,True,True,True,True,A,,,Расчёт возможен по существующим правилам,computed,,14.800854578676049,25.373309839423637,0.7364673409779837,not_assessed,18.10509702585474,16.260272475822987,0.763572850309647,not_assessed,21.919179579976156,8.774065897072422,0.415305351353516,not_assessed
2020-03-04,2020-03-03,2020-03-06,96,0,0,0,0,0,0,0,900.0,True,True,96,0,0,0,0,0,0,0,900.0,True,True,96,0,0,0,0,0,0,0,900.0,True,True,True,True,A,,,Расчёт возможен по существующим правилам,computed,,14.331079929216433,34.53208977573791,0.8030214939815972,not_assessed,18.56502536179238,25.79230093094231,0.8481634704335046,not_assessed,21.431299083165435,12.196906172120622,0.6108767521047744,not_assessed
2020-03-05,2020-03-04,2020-03-07,96,0,0,0,0,0,0,0,900.0,True,True,96,0,0,0,0,0,0,0,900.0,True,True,96,0,0,0,0,0,0,0,900.0,True,True,True,True,A,,,Расчёт возможен по существующим правилам,computed,,13.783193394060339,31.94946731590357,0.7962766121643695,not_assessed,18.281348109855358,25.38996662271262,0.8464679963227775,not_assessed,21.598752773911826,11.877224942653712,0.6291638907756216,not_assessed
2020-03-06,2020-03-05,2020-03-08,96,0,0,0,0,0,0,0,900.0,True,True,96,0,0,0,0,0,0,0,900.0,True,True,96,0,0,0,0,0,0,0,900.0,True,True,True,True,A,,,Расчёт возможен по существующим правилам,computed,,13.680165739080522,29.954044406193447,0.7995706800707211,not_assessed,18.169976061542357,24.775887218213068,0.8599740245197824,not_assessed,21.8664882340801,14.024474467716274,0.671738790738974,not_assessed
2020-03-07,2020-03-06,2020-03-09,96,0,0,0,0,0,0,0,900.0,True,True,96,0,0,0,0,0,0,0,900.0,True,True,96,0,0,0,0,0,0,0,900.0,True,True,True,True,A,,,Расчёт возможен по существующим правилам,computed,,13.776833515858716,30.41599262243164,0.7728756736303966,not_assessed,18.065063027680647,24.830560616680653,0.8714676802435952,not_assessed,21.40679353356589,12.309248496856123,0.6530054108207686,not_assessed
2020-03-08,2020-03-07,2020-03-10,96,0,0,0,0,0,0,0,900.0,True,True,96,0,0,0,0,0,0,0,900.0,True,True,96,0,0,0,0,0,0,0,900.0,True,True,True,True,A,,,Расчёт возможен по существующим правилам,computed,,14.220163807091932,18.095538187316247,0.739868201709892,not_assessed,18.737802629460496,14.631330871040385,0.8122750670005952,not_assessed,22.5605620948652,7.120915964992535,0.3801073758198288,not_assessed
2020-03-09,2020-03-08,2020-03-11,96,0,0,0,0,0,0,0,900.0,True,True,96,0,0,0,0,0,0,0,900.0,True,True,96,0,0,0,0,0,0,0,900.0,True,True,True,True,A,,,Расчёт возможен по существующим правилам,computed,,13.11561544603679,28.751301686945748,0.7085422547158285,not_assessed,17.79586340992045,22.140539701670455,0.7876163914795589,not_assessed,21.610867037339645,10.853317499802415,0.5038937144820868,not_assessed
2020-03-10,2020-03-09,2020-03-12,96,0,0,0,0,0,0,0,900.0,True,True,96,0,0,0,0,0,0,0,900.0,True,True,96,0,0,0,0,0,0,0,900.0,True,True,True,True,A,,,Расчёт возможен по существующим правилам,computed,,13.062666009408105,11.632056525522302,0.6100044991315716,not_assessed,16.250755128931182,12.089508473845305,0.7271923802472989,not_assessed,21.861432453123083,7.84554020832858,0.4066392765863669,not_assessed
2020-03-11,2020-03-10,2020-03-13,96,0,0,0,0,0,0,0,900.0,True,True,96,0,0,0,0,0,0,0,900.0,True,True,96,0,0,0,0,0,0,0,900.0,True,True,True,True,A,,,Расчёт возможен по существующим правилам,computed,,13.14785786949459,16.264987988253154,0.7063454081847119,not_assessed,17.93966982598331,12.433582533063579,0.7049251285869853,not_assessed,20.896779523058377,5.651068804516579,0.2777815334072292,not_assessed
2020-03-12,2020-03-11,2020-03-14,96,0,0,0,0,0,0,0,900.0,True,True,96,0,0,0,0,0,0,0,900.0,True,True,96,0,0,0,0,0,0,0,900.0,True,True,True,True,A,,,Расчёт возможен по существующим правилам,computed,,13.039124877130117,9.092383897138292,0.4861802478650721,not_assessed,16.60925073821003,7.747819734079234,0.6023708688302432,not_assessed,23.369327944041576,3.5415316589151833,0.12023583784808334,not_assessed
2020-03-13,2020-03-12,2020-03-15,96,0,0,0,0,0,0,0,900.0,True,True,96,0,0,0,0,0,0,0,900.0,True,True,96,0,0,0,0,0,0,0,900.0,True,True,True,True,A,,,Расчёт возможен по существующим правилам,computed,,13.11438429313458,19.01317784677163,0.5463552839818109,not_assessed,17.40815940071303,14.826513950390735,0.732537812293711,not_assessed,20.453134055687844,9.633763787008284,0.5054653183869838,not_assessed
2020-03-14,2020-03-13,2020-03-16,96,0,0,0,0,0,0,0,900.0,True,True,96,0,0,0,0,0,0,0,900.0,True,True,96,0,0,0,0,0,0,0,900.0,True,True,True,True,A,,,Расчёт возможен по существующим правилам,computed,,13.502223273199625,26.7668762503186,0.7291265981027577,not_assessed,18.035508467206448,22.91909895697012,0.8503394402550178,not_assessed,21.43249144372793,13.819324939532095,0.6526057948033672,not_assessed
2020-03-15,2020-03-14,2020-03-17,96,0,0,0,0,0,0,0,900.0,True,True,96,0,0,0,0,0,0,0,900.0,True,True,96,0,0,0,0,0,0,0,900.0,True,True,True,True,A,,,Расчёт возможен по существующим правилам,computed,,13.421998683335136,30.605498834698608,0.8227391452958556,not_assessed,18.171806748630157,25.254236131574455,0.8886353195648009,not_assessed,22.032119955659113,14.58265489053993,0.6991689896528677,not_assessed
2020-03-16,2020-03-15,2020-03-18,96,0,0,0,0,0,0,0,900.0,True,True,96,0,0,0,0,0,0,0,900.0,True,True,96,0,0,0,0,0,0,0,900.0,True,True,True,True,A,,,Расчёт возможен по существующим правилам,computed,,13.13452213055686,30.32306648997554,0.8108975372661764,not_assessed,18.100723156889178,24.207332079970378,0.8553120223662755,not_assessed,21.26974924066664,14.45161392382108,0.6867926392904421,not_assessed
2020-03-17,2020-03-16,2020-03-19,96,0,0,0,0,0,0,0,900.0,True,True,96,0,0,0,0,0,0,0,900.0,True,True,96,0,0,0,0,0,0,0,900.0,True,True,True,True,A,,,Расчёт возможен по существующим правилам,computed,,13.337829873126827,27.433069673137858,0.7965829218395799,not_assessed,18.13468292889346,23.154461102265564,0.8866459485590457,not_assessed,21.713334636126937,12.04067732602338,0.5999310783588476,not_assessed
2020-03-18,2020-03-17,2020-03-20,96,0,0,0,0,0,0,0,900.0,True,True,96,0,0,0,0,0,0,0,900.0,True,True,96,0,0,0,0,0,0,0,900.0,True,True,True,True,A,,,Расчёт возможен по существующим правилам,computed,,12.673013781809653,16.637159220409917,0.7680665770156271,not_assessed,17.52108703357642,12.121945015523561,0.6577802146114551,not_assessed,23.267869916508452,6.651639078222526,0.3117013927032516,not_assessed
2020-03-19,2020-03-18,2020-03-21,96,0,0,0,0,0,0,0,900.0,True,True,96,0,0,0,0,0,0,0,900.0,True,True,96,0,0,0,0,0,0,0,900.0,True,True,True,True,A,,,Расчёт возможен по существующим правилам,computed,,13.439889639802717,24.71621120736684,0.7042545595387881,not_assessed,17.904756269109818,19.432088210887606,0.8160254926170865,not_assessed,21.62907573661641,11.888937916111038,0.6035342981060754,not_assessed
2020-03-20,2020-03-19,2020-03-22,96,0,0,0,0,0,0,0,900.0,True,True,96,0,0,0,0,0,0,0,900.0,True,True,96,0,0,0,0,0,0,0,900.0,True,True,True,True,A,,,Расчёт возможен по существующим правилам,computed,,13.197835817053067,30.76024501455757,0.804604616445955,not_assessed,17.85062375950396,23.43619332549938,0.7823162412333529,not_assessed,21.43042083115617,12.613140499605496,0.6006249772818558,not_assessed
2020-03-21,2020-03-20,2020-03-23,96,0,0,0,0,0,0,0,900.0,True,True,96,0,0,0,0,0,0,0,900.0,True,True,96,0,0,0,0,0,0,0,900.0,True,True,True,True,A,,,Расчёт возможен по существующим правилам,computed,,13.03776199067152,31.33735676830886,0.8209104697098135,not_assessed,17.90235291045599,25.420406791937275,0.8232563010130854,not_assessed,21.51317526197604,13.391886547290268,0.6711780145105233,not_assessed
2020-03-22,2020-03-21,2020-03-24,96,0,0,0,0,0,0,0,900.0,True,True,96,0,0,0,0,0,0,0,900.0,True,True,96,0,0,0,0,0,0,0,900.0,True,True,True,True,A,,,Расчёт возможен по существующим правилам,computed,,12.950282026732882,27.770424854218337,0.7931435074636978,not_assessed,17.85933678654555,24.80886272790597,0.512652581294422,not_assessed,21.17335832017016,12.719513798368315,0.6352819022911573,not_assessed
2020-03-23,2020-03-22,2020-03-25,96,0,0,0,0,0,0,0,900.0,True,True,96,0,0,0,0,0,0,0,900.0,True,True,96,0,0,0,0,0,0,0,900.0,True,True,True,True,A,,,Расчёт возможен по существующим правилам,computed,,12.715573645579175,28.11847038699164,0.8319909122164733,not_assessed,17.45481281522906,24.941071986783328,0.8523781804644632,not_assessed,21.315132686319153,13.547051375736974,0.6312175914573249,not_assessed
2020-03-24,2020-03-23,2020-03-26,96,0,0,0,0,0,0,0,900.0,True,True,96,0,0,0,0,0,0,0,900.0,True,True,96,0,0,0,0,0,0,0,900.0,True,True,True,True,A,,,Расчёт возможен по существующим правилам,computed,,13.067622423027565,29.954591859421875,0.8470907371823353,not_assessed,17.879267920200714,25.134057451170854,0.8759242984937399,not_assessed,21.596559221931365,12.755020554738623,0.6529287624506145,not_assessed
2020-03-25,2020-03-24,2020-03-27,96,0,0,0,0,0,0,0,900.0,True,True,96,0,0,0,0,0,0,0,900.0,True,True,96,0,0,0,0,0,0,0,900.0,True,True,True,True,A,,,Расчёт возможен по существующим правилам,computed,,12.75032207619057,26.51735634384228,0.7709483115794464,not_assessed,17.741965383843706,23.827291348238845,0.8468803973971035,not_assessed,21.969595883129273,13.45672043050273,0.67211432847739,not_assessed
2020-03-26,2020-03-25,2020-03-28,96,0,0,0,0,0,0,0,900.0,True,False,96,0,0,0,0,0,0,0,900.0,True,False,96,0,0,0,0,0,0,0,900.0,True,False,True,False,B,D1: неполное окружение ±12 ч; D2: неполное окружение ±12 ч; D3: неполное окружение ±12 ч,,D1: неполное окружение ±12 ч; D2: неполное окружение ±12 ч; D3: неполное окружение ±12 ч,skipped,,,,,,,,,,,,,
2020-03-27,2020-03-26,2020-03-29,93,0,0,0,0,0,0,0,900.0,False,False,93,0,0,0,0,0,0,0,900.0,False,False,93,0,0,0,0,0,0,0,900.0,False,False,False,False,B,D1: неполное покрытие суток; D2: неполное покрытие суток; D3: неполное покрытие суток,,D1: неполное покрытие суток; D2: неполное покрытие суток; D3: неполное покрытие суток,skipped,,,,,,,,,,,,,
2020-03-28,2020-03-27,2020-03-30,96,0,0,0,0,0,0,0,900.0,True,True,96,0,0,0,0,0,0,0,900.0,True,True,96,0,0,0,0,0,0,0,900.0,True,True,True,True,A,,,Расчёт возможен по существующим правилам,computed,,13.14410007672153,29.57575692839065,0.8104441731810406,not_assessed,18.157180149234808,26.655255499382257,0.8869354744967834,not_assessed,21.75251483063824,14.866577241110642,0.6843865193657637,not_assessed
2020-03-29,2020-03-28,2020-03-31,96,0,0,0,0,0,0,0,900.0,True,True,96,0,0,0,0,0,0,0,900.0,True,True,96,0,0,0,0,0,0,0,900.0,True,True,True,True,A,,,Расчёт возможен по существующим правилам,computed,,13.378386181320543,25.076970313450786,0.8454703736575699,not_assessed,17.8324215271074,22.437340181300303,0.8925430806902424,not_assessed,21.856405180527542,12.567552412278475,0.6070751422604928,not_assessed
2020-03-30,2020-03-29,2020-04-01,96,0,0,0,0,0,0,0,900.0,True,True,96,0,0,0,0,0,0,0,900.0,True,True,96,0,0,0,0,0,0,0,900.0,True,True,True,True,A,,,Расчёт возможен по существующим правилам,computed,,13.302408598670974,28.424596963351995,0.828291770787106,not_assessed,18.24487305320055,26.07580710945419,0.8866666896918415,not_assessed,21.40827556171038,14.248927628831666,0.670449148535798,not_assessed
2020-03-31,2020-03-30,2020-04-02,96,0,0,0,0,0,0,0,900.0,True,True,96,0,0,0,0,0,0,0,900.0,True,True,96,0,0,0,0,0,0,0,900.0,True,True,True,True,A,,,Расчёт возможен по существующим правилам,computed,,12.861746955921822,22.835643912186196,0.8265246788736564,not_assessed,17.78686817774011,18.80436217722708,0.8398900263780693,not_assessed,21.787917479641855,10.113457743690889,0.5247627170467547,not_assessed
2020-04-01,2020-03-31,2020-04-03,96,0,0,0,0,0,0,0,900.0,True,True,96,0,0,0,0,0,0,0,900.0,True,True,96,0,0,0,0,0,0,0,900.0,True,True,True,True,A,,,Расчёт возможен по существующим правилам,computed,,12.938717107867054,22.693312666477404,0.7994064064201372,not_assessed,17.943488629774386,21.84049516708259,0.8533517409154069,not_assessed,21.45054495336263,12.194128973629237,0.653808421724673,not_assessed
2020-04-02,2020-04-01,2020-04-04,96,0,0,0,0,0,0,0,900.0,True,True,96,0,0,0,0,0,0,0,900.0,True,True,96,0,0,0,0,0,0,0,900.0,True,True,True,True,A,,,Расчёт возможен по существующим правилам,computed,,13.193248980854914,23.61641890404495,0.8163069994264396,not_assessed,17.537244625317264,23.537791711370968,0.8607380593450715,not_assessed,20.769438175565373,13.942326557285107,0.6418628922387383,not_assessed
2020-04-03,2020-04-02,2020-04-05,96,0,0,0,0,0,0,0,900.0,True,True,96,0,0,0,0,0,0,0,900.0,True,True,96,0,0,0,0,0,0,0,900.0,True,True,True,True,A,,,Расчёт возможен по существующим правилам,computed,,13.071230884528674,24.673099874950644,0.8089072115281336,not_assessed,17.967941588861887,23.418315565043095,0.8801786757589898,not_assessed,20.983620125783332,12.14503505109334,0.6595099785332619,not_assessed
2020-04-04,2020-04-03,2020-04-06,96,0,0,0,0,0,0,0,900.0,True,True,96,0,0,0,0,0,0,0,900.0,True,True,96,0,0,0,0,0,0,0,900.0,True,True,True,True,A,,,Расчёт возможен по существующим правилам,computed,,13.081255143612628,24.172428920811768,0.8123009015527022,not_assessed,17.460495796669953,23.47663485825056,0.8471603086312468,not_assessed,21.222415694905656,12.662464418501203,0.6992417887609408,not_assessed
2020-04-05,2020-04-04,2020-04-07,96,0,0,0,0,0,0,0,900.0,True,True,96,0,0,0,0,0,0,0,900.0,True,True,96,0,0,0,0,0,0,0,900.0,True,True,True,True,A,,,Расчёт возможен по существующим правилам,computed,,12.814242985432175,24.613259216917182,0.7959193313542107,not_assessed,17.77214657282248,20.846532414086315,0.8716002801524823,not_assessed,21.55816186465251,12.663127820684595,0.622703993487616,not_assessed
2020-04-06,2020-04-05,2020-04-08,96,0,0,0,0,0,0,0,900.0,True,True,96,0,0,0,0,0,0,0,900.0,True,True,96,0,0,0,0,0,0,0,900.0,True,True,True,True,A,,,Расчёт возможен по существующим правилам,computed,,12.656596009958237,25.66371834023497,0.8009141580676339,not_assessed,17.751300164636916,22.78454192621628,0.8316972461475804,not_assessed,21.31968405631252,12.735916470340506,0.6165433189823863,not_assessed
2020-04-07,2020-04-06,2020-04-09,96,0,0,0,0,0,0,0,900.0,True,True,96,0,0,0,0,0,0,0,900.0,True,True,96,0,0,0,0,0,0,0,900.0,True,True,True,True,A,,,Расчёт возможен по существующим правилам,computed,,12.526818564389401,25.30514675781167,0.7605069649826153,not_assessed,17.505681842292134,22.227616922951047,0.8182076196947734,not_assessed,21.50020391067778,13.112232211506804,0.6182792070076867,not_assessed
2020-04-08,2020-04-07,2020-04-10,96,0,0,0,0,0,0,0,900.0,True,True,96,0,0,0,0,0,0,0,900.0,True,True,96,0,0,0,0,0,0,0,900.0,True,True,True,True,A,,,Расчёт возможен по существующим правилам,computed,,13.010553583231,20.20493829017845,0.7062475075002161,not_assessed,17.74994597525464,19.4406521768216,0.8573790591695168,not_assessed,20.85204586759156,10.891433303752521,0.5593830117312311,not_assessed
2020-04-09,2020-04-08,2020-04-11,96,0,0,0,0,0,0,0,900.0,True,True,96,0,0,0,0,0,0,0,900.0,True,True,96,0,0,0,0,0,0,0,900.0,True,True,True,True,A,,,Расчёт возможен по существующим правилам,computed,,12.865761004416408,25.915310007344043,0.8034482170990846,not_assessed,18.04290244741662,23.3966028614009,0.8692033739551246,not_assessed,21.17712208119251,12.595544720425442,0.6205699620486136,not_assessed
2020-04-10,2020-04-09,2020-04-12,96,0,0,0,0,0,0,0,900.0,True,True,96,0,0,0,0,0,0,0,900.0,True,True,96,0,0,0,0,0,0,0,900.0,True,True,True,True,A,,,Расчёт возможен по существующим правилам,computed,,12.962995994672529,26.76323398381773,0.8483721356660519,not_assessed,17.826227500218362,24.50180202948363,0.897342756541311,not_assessed,20.998854823537492,12.73753488883026,0.6236376698021453,not_assessed
2020-04-11,2020-04-10,2020-04-13,96,0,0,0,0,0,0,0,900.0,True,True,96,0,0,0,0,0,0,0,900.0,True,True,96,0,0,0,0,0,0,0,900.0,True,True,True,True,A,,,Расчёт возможен по существующим правилам,computed,,12.656459802360589,18.393831599395362,0.7699072187247376,not_assessed,17.41144782774861,16.175748962855973,0.7905430667616989,not_assessed,21.217170443258798,8.24893544641352,0.4709354909258454,not_assessed
2020-04-12,2020-04-11,2020-04-14,96,0,0,0,0,0,0,0,900.0,True,True,96,0,0,0,0,0,0,0,900.0,True,True,96,0,0,0,0,0,0,0,900.0,True,True,True,True,A,,,Расчёт возможен по существующим правилам,computed,,12.796210513005695,22.37544051795721,0.7919717777066467,not_assessed,17.897466062201097,21.2836581541431,0.8562311783490059,not_assessed,21.17137260920436,9.992633472713656,0.5025843874242839,not_assessed
2020-04-13,2020-04-12,2020-04-15,96,0,0,0,0,0,0,0,900.0,True,True,96,0,0,0,0,0,0,0,900.0,True,True,96,0,0,0,0,0,0,0,900.0,True,True,True,True,A,,,Расчёт возможен по существующим правилам,computed,,12.750033555996037,22.995777226799742,0.8199417539160193,not_assessed,17.62411708646123,20.43756034821069,0.8425995149306349,not_assessed,22.00602710544501,10.47268472652093,0.5545127071304713,not_assessed
2020-04-14,2020-04-13,2020-04-16,96,0,0,0,0,0,0,0,900.0,True,True,96,0,0,0,0,0,0,0,900.0,True,True,96,0,0,0,0,0,0,0,900.0,True,True,True,True,A,,,Расчёт возможен по существующим правилам,computed,,12.886429884854612,24.85064821617042,0.8064828083364695,not_assessed,18.176457991027682,23.47178980160098,0.8542197368439486,not_assessed,21.358805947569397,14.328497299349037,0.7100400619135803,not_assessed
2020-04-15,2020-04-14,2020-04-17,96,0,0,0,0,0,0,0,900.0,True,True,96,0,0,0,0,0,0,0,900.0,True,True,96,0,0,0,0,0,0,0,900.0,True,True,True,True,A,,,Расчёт возможен по существующим правилам,computed,,13.026054721161742,24.122870512909863,0.8171657236761405,not_assessed,18.088448532314985,24.15710199273699,0.8637832389121668,not_assessed,20.903664655449056,13.493994112517285,0.6680875168565238,not_assessed
2020-04-16,2020-04-15,2020-04-18,96,0,0,0,0,0,0,0,900.0,True,True,96,0,0,0,0,0,0,0,900.0,True,True,96,0,0,0,0,0,0,0,900.0,True,True,True,True,A,,,Расчёт возможен по существующим правилам,computed,,12.89616037699372,24.434655944914883,0.8353629504520215,not_assessed,17.875164104391878,24.16056668857916,0.8616543888458327,not_assessed,20.995183534183532,15.131607262689911,0.7521936415345462,not_assessed
2020-04-17,2020-04-16,2020-04-19,96,0,0,0,0,0,0,0,900.0,True,True,96,0,0,0,0,0,0,0,900.0,True,True,96,0,0,0,0,0,0,0,900.0,True,True,True,True,A,,,Расчёт возможен по существующим правилам,computed,,12.50492986965592,20.967763772982664,0.7782881140471333,not_assessed,17.61622371496415,18.966607131350656,0.8604153939933951,not_assessed,21.071814178815174,12.630824752331486,0.7101850972950072,not_assessed
2020-04-18,2020-04-17,2020-04-20,96,0,0,0,0,0,0,0,900.0,True,False,96,0,0,0,0,0,0,0,900.0,True,False,96,0,0,0,0,0,0,0,900.0,True,False,True,False,B,D1: неполное окружение ±12 ч; D2: неполное окружение ±12 ч; D3: неполное окружение ±12 ч,,D1: неполное окружение ±12 ч; D2: неполное окружение ±12 ч; D3: неполное окружение ±12 ч,skipped,,,,,,,,,,,,,
2020-04-19,2020-04-18,2020-04-21,93,0,0,0,0,0,0,0,900.0,False,False,93,0,0,0,0,0,0,0,900.0,False,False,93,0,0,0,0,0,0,0,900.0,False,False,False,False,B,D1: неполное покрытие суток; D2: неполное покрытие суток; D3: неполное покрытие суток,,D1: неполное покрытие суток; D2: неполное покрытие суток; D3: неполное покрытие суток,skipped,,,,,,,,,,,,,
2020-04-20,2020-04-19,2020-04-22,96,0,0,0,0,0,0,0,900.0,True,True,96,0,0,0,0,0,0,0,900.0,True,True,96,0,0,0,0,0,0,0,900.0,True,True,True,True,A,,,Расчёт возможен по существующим правилам,computed,,13.068378313678695,20.089809060912163,0.7963052240112427,not_assessed,17.953607337999294,23.126503437088623,0.8800367139452893,not_assessed,21.737760189947902,13.396036994881388,0.7064805589854425,not_assessed
2020-04-21,2020-04-20,2020-04-23,96,0,0,0,0,0,0,0,900.0,True,True,96,0,0,0,0,0,0,0,900.0,True,True,96,0,0,0,0,0,0,0,900.0,True,True,True,True,A,,,Расчёт возможен по существующим правилам,computed,,21.516767008569172,37.8218587763737,0.43170673999551357,not_assessed,19.93234536639003,22.646870708276627,0.8260345631246704,not_assessed,0.5059186967338493,15.057057307277654,0.5974290676058134,not_assessed
2020-04-22,2020-04-21,2020-04-24,96,0,0,0,0,0,0,0,900.0,True,True,96,0,0,0,0,0,0,0,900.0,True,True,96,0,0,0,0,0,0,0,900.0,True,True,True,True,A,,,Расчёт возможен по существующим правилам,computed,,16.428863116984072,88.49530475280689,0.8328713731277977,not_assessed,19.76569876521547,44.49927143380864,0.9096396470154632,not_assessed,23.46017597057084,17.450039169489436,0.7464529888877143,not_assessed
2020-04-23,2020-04-22,2020-04-25,96,0,0,0,0,0,0,0,900.0,True,True,96,0,0,0,0,0,0,0,900.0,True,True,96,0,0,0,0,0,0,0,900.0,True,True,True,True,A,,,Расчёт возможен по существующим правилам,computed,,15.608578878247245,86.98578063776478,0.8735146823063087,not_assessed,18.960749486656287,44.46589111608373,0.9082133385546177,not_assessed,22.595462783735364,18.948731865596894,0.7416141034663668,not_assessed
2020-04-24,2020-04-23,2020-04-26,96,0,0,0,0,0,0,0,900.0,True,True,96,0,0,0,0,0,0,0,900.0,True,True,96,0,0,0,0,0,0,0,900.0,True,True,True,True,A,,,Расчёт возможен по существующим правилам,computed,,15.329492995385317,79.61862525784383,0.8884022452798073,not_assessed,18.411032855885576,43.182826071960164,0.9197052412513658,not_assessed,21.891312118251218,18.596489825530803,0.7819806894250171,not_assessed
2020-04-25,2020-04-24,2020-04-27,96,0,0,0,0,0,0,0,900.0,True,True,96,0,0,0,0,0,0,0,900.0,True,True,96,0,0,0,0,0,0,0,900.0,True,True,True,True,A,,,Расчёт возможен по существующим правилам,computed,,14.972379319398193,72.35803557009464,0.8729791307464827,not_assessed,18.167730342421443,39.993316791719145,0.91305129176966,not_assessed,21.526484454383144,16.97298089321529,0.788649614819616,not_assessed
2020-04-26,2020-04-25,2020-04-28,96,0,0,0,0,0,0,0,900.0,True,True,96,0,0,0,0,0,0,0,900.0,True,True,96,0,0,0,0,0,0,0,900.0,True,True,True,True,A,,,Расчёт возможен по существующим правилам,computed,,13.778270746402685,51.94634609191752,0.8461091855857432,not_assessed,17.6934050718107,29.74236126492813,0.8940357070710937,not_assessed,21.475676899582453,13.331322200819406,0.6982011450572886,not_assessed
2020-04-27,2020-04-26,2020-04-29,96,0,0,0,0,0,0,0,900.0,True,True,96,0,0,0,0,0,0,0,900.0,True,True,96,0,0,0,0,0,0,0,900.0,True,True,True,True,A,,,Расчёт возможен по существующим правилам,computed,,13.893475192906552,33.64989973128097,0.8635268244046158,not_assessed,18.30585881177446,25.61921105503628,0.8946559923233708,not_assessed,21.863275829615336,13.287649704871061,0.6335332865425966,not_assessed
2020-04-28,2020-04-27,2020-04-30,96,0,0,0,0,0,0,0,900.0,True,True,96,0,0,0,0,0,0,0,900.0,True,True,96,0,0,0,0,0,0,0,900.0,True,True,True,True,A,,,Расчёт возможен по существующим правилам,computed,,14.02339106027993,34.14842718326867,0.8248626526134855,not_assessed,18.32306800065097,29.1141902862369,0.8862376680127126,not_assessed,21.862639297732205,15.790041594148239,0.7231705674591142,not_assessed
2020-04-29,2020-04-28,2020-05-01,96,0,0,0,0,0,0,0,900.0,True,True,96,0,0,0,0,0,0,0,900.0,True,True,96,0,0,0,0,0,0,0,900.0,True,True,True,True,A,,,Расчёт возможен по существующим правилам,computed,,13.409117678188606,35.10660488853971,0.8614143207650216,not_assessed,18.010290266842965,30.673569537661432,0.8978630522780793,not_assessed,21.38511777315858,17.002081917970745,0.7790594228831614,not_assessed
2020-04-30,2020-04-29,2020-05-02,96,0,0,0,0,0,0,0,900.0,True,True,96,0,0,0,1,0,0,0,900.0,True,False,96,0,0,0,0,0,0,0,900.0,True,True,True,False,B,D2: неполное окружение ±12 ч (нарушение 0<C≤3000),,D2: неполное окружение ±12 ч (нарушение 0<C≤3000),skipped,,,,,,,,,,,,,
2020-05-01,2020-04-30,2020-05-03,96,0,0,0,0,0,0,0,900.0,True,True,96,0,0,0,1,0,0,0,900.0,False,False,96,0,0,0,0,0,0,0,900.0,True,True,False,False,B,D2: неполное покрытие суток (нарушение 0<C≤3000),,D2: неполное покрытие суток (нарушение 0<C≤3000),skipped,,,,,,,,,,,,,
2020-05-02,2020-05-01,2020-05-04,96,0,0,0,0,0,0,0,900.0,True,True,96,0,0,0,0,0,0,0,900.0,True,True,96,0,0,0,0,0,0,0,900.0,True,True,True,True,A,,,Расчёт возможен по существующим правилам,computed,,13.35595865229641,29.00392053795552,0.8210228983026301,not_assessed,17.53552853288406,31.313820275652812,0.8983509949119926,not_assessed,21.409646997541806,14.709174445592824,0.7405864734068661,not_assessed
2020-05-03,2020-05-02,2020-05-05,96,0,0,0,0,0,0,0,900.0,True,True,96,0,0,0,0,0,0,0,900.0,True,True,96,0,0,0,0,0,0,0,900.0,True,True,True,True,A,,,Расчёт возможен по существующим правилам,computed,,13.318626692620617,31.48734128430348,0.826123410795062,not_assessed,18.477816055015737,29.95860629453272,0.24669019207360554,not_assessed,21.38639333262811,14.555586635056194,0.6745741038966087,not_assessed
2020-05-04,2020-05-03,2020-05-06,96,0,0,1,0,0,0,0,900.0,True,False,96,0,0,1,0,0,0,0,900.0,True,False,96,0,0,1,0,0,0,0,900.0,True,False,True,False,B,D1: неполное окружение ±12 ч (служебные значения); D2: неполное окружение ±12 ч (служебные значения); D3: неполное окружение ±12 ч (служебные значения),,D1: неполное окружение ±12 ч (служебные значения); D2: неполное окружение ±12 ч (служебные значения); D3: неполное окружение ±12 ч (служебные значения),skipped,,,,,,,,,,,,,
2020-05-05,2020-05-04,2020-05-07,96,0,0,1,0,0,0,0,900.0,False,False,96,0,0,1,0,0,0,0,900.0,False,False,96,0,0,1,0,0,0,0,900.0,False,False,False,False,B,D1: неполное покрытие суток (служебные значения); D2: неполное покрытие суток (служебные значения); D3: неполное покрытие суток (служебные значения),,D1: неполное покрытие суток (служебные значения); D2: неполное покрытие суток (служебные значения); D3: неполное покрытие суток (служебные значения),skipped,,,,,,,,,,,,,
2020-05-06,2020-05-05,2020-05-08,96,0,0,0,0,0,0,0,900.0,True,True,96,0,0,0,0,0,0,0,900.0,True,True,96,0,0,0,0,0,0,0,900.0,True,True,True,True,A,,,Расчёт возможен по существующим правилам,computed,,15.581470350534602,95.83333689232683,0.8714552293869117,not_assessed,18.847514876623777,47.761675978424414,0.9247020427507268,not_assessed,22.53180659983986,20.758692061192605,0.8108851143799156,not_assessed
2020-05-07,2020-05-06,2020-05-09,96,0,0,0,0,0,0,0,900.0,True,True,96,0,0,0,0,0,0,0,900.0,True,True,96,0,0,0,0,0,0,0,900.0,True,True,True,True,A,,,Расчёт возможен по существующим правилам,computed,,15.17962049495908,91.84929023904158,0.8915917848382819,not_assessed,18.272260641273494,47.484832163469584,0.9148173076425291,not_assessed,21.75046619912426,20.849264759861526,0.8123104667918337,not_assessed
2020-05-08,2020-05-07,2020-05-10,96,0,0,0,0,0,0,0,900.0,True,True,96,0,0,0,0,0,0,0,900.0,True,True,96,0,0,0,0,0,0,0,900.0,True,True,True,True,A,,,Расчёт возможен по существующим правилам,computed,,14.296477017834523,62.32537441753219,0.8567189334686145,not_assessed,17.29378351256813,33.15581143944894,0.8932020371268072,not_assessed,21.186971449311045,14.350542235738246,0.6693021090531986,not_assessed
2020-05-09,2020-05-08,2020-05-11,96,0,0,0,0,0,0,0,900.0,True,True,96,0,0,0,0,0,0,0,900.0,True,True,96,0,0,0,0,0,0,0,900.0,True,True,True,True,A,,,Расчёт возможен по существующим правилам,computed,,15.143364171557812,71.36360925207605,0.8636268291065529,not_assessed,18.005210172905393,41.57502169601923,0.9057291327585135,not_assessed,20.780158821726634,16.736970027291107,0.727702467736365,not_assessed
2020-05-10,2020-05-09,2020-05-12,96,0,0,0,0,0,0,0,900.0,True,True,96,0,0,0,0,0,0,0,900.0,True,True,96,0,0,0,0,0,0,0,900.0,True,True,True,True,A,,,Расчёт возможен по существующим правилам,computed,,13.91066182628014,34.09209269190577,0.8194383810439648,not_assessed,17.23185899503584,20.031342280028703,0.8293884813114171,not_assessed,21.92561978923365,8.27222835351205,0.42230598762881744,not_assessed
2020-05-11,2020-05-10,2020-05-13,96,0,0,0,0,0,0,0,900.0,True,True,96,0,0,0,0,0,0,0,900.0,True,True,96,0,0,0,0,0,0,0,900.0,True,True,True,True,A,,,Расчёт возможен по существующим правилам,computed,,13.348856562563906,57.132999867836105,0.7437806065767771,not_assessed,17.092005161429967,32.58427033244533,0.8750862128615469,not_assessed,20.125275876992617,15.369153167368745,0.6895151026290371,not_assessed
2020-05-12,2020-05-11,2020-05-14,96,0,0,0,0,0,0,0,900.0,True,False,96,0,0,0,0,0,0,0,900.0,True,False,96,0,0,0,0,0,0,0,900.0,True,False,True,False,B,D1: неполное окружение ±12 ч; D2: неполное окружение ±12 ч; D3: неполное окружение ±12 ч,,D1: неполное окружение ±12 ч; D2: неполное окружение ±12 ч; D3: неполное окружение ±12 ч,skipped,,,,,,,,,,,,,
2020-05-13,2020-05-12,2020-05-15,88,0,0,1,0,0,0,0,900.0,False,False,88,0,0,1,0,0,0,0,900.0,False,False,88,0,0,1,0,0,0,0,900.0,False,False,False,False,B,D1: неполное покрытие суток (служебные значения); D2: неполное покрытие суток (служебные значения); D3: неполное покрытие суток (служебные значения),,D1: неполное покрытие суток (служебные значения); D2: неполное покрытие суток (служебные значения); D3: неполное покрытие суток (служебные значения),skipped,,,,,,,,,,,,,
2020-05-14,2020-05-13,2020-05-16,96,0,0,1,0,0,0,0,900.0,False,False,96,0,0,1,0,0,0,0,900.0,False,False,96,0,0,1,0,0,0,0,900.0,False,False,False,False,B,D1: неполное покрытие суток (служебные значения); D2: неполное покрытие суток (служебные значения); D3: неполное покрытие суток (служебные значения),,D1: неполное покрытие суток (служебные значения); D2: неполное покрытие суток (служебные значения); D3: неполное покрытие суток (служебные значения),skipped,,,,,,,,,,,,,
2020-05-15,2020-05-14,2020-05-17,96,0,0,0,0,0,0,0,900.0,True,True,96,0,0,0,0,0,0,0,900.0,True,True,96,0,0,0,0,0,0,0,900.0,True,True,True,True,A,,,Расчёт возможен по существующим правилам,computed,,13.43119058843986,37.55563289919193,0.7889863841012237,not_assessed,17.775877456338318,29.34878970610404,0.8649590870666835,not_assessed,21.01198459121435,15.027774432208998,0.6427554134627407,not_assessed
2020-05-16,2020-05-15,2020-05-18,96,0,0,0,0,0,0,0,900.0,True,True,96,0,0,0,0,0,0,0,900.0,True,True,96,0,0,0,0,0,0,0,900.0,True,True,True,True,A,,,Расчёт возможен по существующим правилам,computed,,13.268687548489462,35.419503132293706,0.8176785683385278,not_assessed,18.014564478852236,29.74852152430519,0.8705757326431266,not_assessed,21.762176288720173,15.064501730647391,0.7246523455334176,not_assessed
2020-05-17,2020-05-16,2020-05-19,96,0,0,0,0,0,0,0,900.0,True,True,96,0,0,0,0,0,0,0,900.0,True,True,96,0,0,0,0,0,0,0,900.0,True,True,True,True,A,,,Расчёт возможен по существующим правилам,computed,,13.340116903806477,34.23541698998228,0.8091949774130048,not_assessed,18.033290952196626,29.311639201955995,0.8556018203131036,not_assessed,21.817703153428045,16.0197946518927,0.6354571843508603,not_assessed
2020-05-18,2020-05-17,2020-05-20,96,0,0,0,0,0,0,0,900.0,True,True,96,0,0,0,0,0,0,0,900.0,True,True,96,0,0,0,0,0,0,0,900.0,True,True,True,True,A,,,Расчёт возможен по существующим правилам,computed,,13.117731653279114,34.1194337252941,0.8280809507536427,not_assessed,17.6127601956128,29.767612643863142,0.8966649916564143,not_assessed,21.486603259966568,17.41673068748926,0.7666256447634932,not_assessed
2020-05-19,2020-05-18,2020-05-21,96,0,0,0,0,0,0,0,900.0,True,True,96,0,0,0,0,0,0,0,900.0,True,True,96,0,0,0,0,0,0,0,900.0,True,True,True,True,A,,,Расчёт возможен по существующим правилам,computed,,17.181754508368414,73.56842798845818,0.818704339943469,not_assessed,19.648090422495443,69.21037545719938,0.834865013736199,not_assessed,22.627170070016412,33.0587952447327,0.7380710722973678,not_assessed
2020-05-20,2020-05-19,2020-05-22,96,0,0,0,0,0,0,0,900.0,True,True,96,0,0,0,0,0,0,0,900.0,True,True,96,0,0,0,0,0,0,0,900.0,True,True,True,True,A,,,Расчёт возможен по существующим правилам,computed,,15.80527332504092,97.26490971091668,0.8257933989558939,not_assessed,19.22155936939341,50.233010254111754,0.915016964811727,not_assessed,23.056851274258793,24.29894369322476,0.8326037256772469,not_assessed
2020-05-21,2020-05-20,2020-05-23,96,0,0,0,0,0,0,0,900.0,True,True,96,0,0,0,0,0,0,0,900.0,True,True,96,0,0,0,0,0,0,0,900.0,True,True,True,True,A,,,Расчёт возможен по существующим правилам,computed,,15.422451273526706,100.24693846527698,0.8671019140114831,not_assessed,18.514804258512143,51.03932155676927,0.914790285116655,not_assessed,21.982806161678923,21.181139388590438,0.8113272012137069,not_assessed
2020-05-22,2020-05-21,2020-05-24,96,0,0,0,0,0,0,0,900.0,True,True,96,0,0,0,0,0,0,0,900.0,True,True,96,0,0,0,0,0,0,0,900.0,True,True,True,True,A,,,Расчёт возможен по существующим правилам,computed,,15.422632181590645,91.33947452900762,0.8814903632393379,not_assessed,18.43059214830847,49.13975108744534,0.9199468633295466,not_assessed,22.125041731049606,19.316641211086505,0.756407864988327,not_assessed
2020-05-23,2020-05-22,2020-05-25,96,0,0,0,0,0,0,0,900.0,True,True,96,0,0,0,0,0,0,0,900.0,True,True,96,0,0,0,0,0,0,0,900.0,True,True,True,True,A,,,Расчёт возможен по существующим правилам,computed,,14.79206796464557,78.69424442613787,0.8355967330064212,not_assessed,18.09513590278914,40.814578586417724,0.8863933057942142,not_assessed,21.786830578807994,19.77009831707542,0.7686970593587384,not_assessed
2020-05-24,2020-05-23,2020-05-26,96,0,0,0,0,0,0,0,900.0,True,True,96,0,0,0,0,0,0,0,900.0,True,True,96,0,0,0,0,0,0,0,900.0,True,True,True,True,A,,,Расчёт возможен по существующим правилам,computed,,14.015150463027396,57.103912652861496,0.8220157243440032,not_assessed,17.828381857076288,33.979308509211485,0.8877889770270379,not_assessed,21.7227405018048,16.85601950070484,0.7051095539358541,not_assessed
2020-05-25,2020-05-24,2020-05-27,96,0,0,0,0,0,0,0,900.0,True,True,96,0,0,0,0,0,0,0,900.0,True,True,96,0,0,0,0,0,0,0,900.0,True,True,True,True,A,,,Расчёт возможен по существующим правилам,computed,,14.098347063689484,45.299864461710165,0.8600072346826908,not_assessed,18.263459874658537,32.56150739802928,0.889738405193997,not_assessed,21.465779133917525,15.009904543879417,0.6767741530956765,not_assessed
2020-05-26,2020-05-25,2020-05-28,96,0,0,0,0,0,0,0,900.0,True,True,96,0,0,0,0,0,0,0,900.0,True,True,96,0,0,0,0,0,0,0,900.0,True,True,True,True,A,,,Расчёт возможен по существующим правилам,computed,,13.975382726977362,39.68187572356734,0.814694184562593,not_assessed,18.37247583237283,35.0532943893319,0.790951217014149,not_assessed,22.066455646395863,15.827248880615869,0.7725531158405672,not_assessed
2020-05-27,2020-05-26,2020-05-29,96,0,0,0,0,0,0,0,900.0,True,True,96,0,0,0,0,0,0,0,900.0,True,True,96,0,0,0,0,0,0,0,900.0,True,True,True,True,A,,,Расчёт возможен по существующим правилам,computed,,13.711117653127351,39.17096727620638,0.8304766590186494,not_assessed,17.949991389960182,32.66599904122592,0.892241808119228,not_assessed,21.75382466983175,17.78036543838188,0.7700536749477884,not_assessed
2020-05-28,2020-05-27,2020-05-30,96,0,0,0,0,0,0,0,900.0,True,True,96,0,0,0,0,0,0,0,900.0,True,True,96,0,0,0,0,0,0,0,900.0,True,True,True,True,A,,,Расчёт возможен по существующим правилам,computed,,13.658174308782188,37.44607453891763,0.8247927592662647,not_assessed,17.8964403258825,32.10907317608323,0.9077577932998712,not_assessed,21.473673129879234,18.21318027774194,0.7699042826428424,not_assessed
2020-05-29,2020-05-28,2020-05-31,96,0,0,1,0,0,0,0,900.0,False,False,96,0,0,1,0,0,0,0,900.0,False,False,96,0,0,1,0,0,0,0,900.0,False,False,False,False,B,D1: неполное покрытие суток (служебные значения); D2: неполное покрытие суток (служебные значения); D3: неполное покрытие суток (служебные значения),,D1: неполное покрытие суток (служебные значения); D2: неполное покрытие суток (служебные значения); D3: неполное покрытие суток (служебные значения),skipped,,,,,,,,,,,,,
2020-05-30,2020-05-29,2020-06-01,96,0,0,1,0,0,0,0,900.0,True,False,96,0,0,1,0,0,0,0,900.0,True,False,96,0,0,1,0,0,0,0,900.0,True,False,True,False,B,D1: неполное окружение ±12 ч (служебные значения); D2: неполное окружение ±12 ч (служебные значения); D3: неполное окружение ±12 ч (служебные значения),,D1: неполное окружение ±12 ч (служебные значения); D2: неполное окружение ±12 ч (служебные значения); D3: неполное окружение ±12 ч (служебные значения),skipped,,,,,,,,,,,,,
2020-05-31,2020-05-30,2020-06-02,96,0,0,0,0,0,0,0,900.0,True,True,96,0,0,0,0,0,0,0,900.0,True,True,96,0,0,0,0,0,0,0,900.0,True,True,True,True,A,,,Расчёт возможен по существующим правилам,computed,,12.85603962514987,28.889057354308523,0.7298069187190332,not_assessed,17.175566081955825,25.448106240302067,0.819872945830008,not_assessed,20.575321343119818,11.812122404410058,0.5783286498937046,not_assessed
2020-06-01,2020-05-31,2020-06-03,96,0,0,0,0,0,0,0,900.0,True,True,96,0,0,0,0,0,0,0,900.0,True,True,96,0,0,0,0,0,0,0,900.0,True,True,True,True,A,,,Расчёт возможен по существующим правилам,computed,,12.481633436330089,29.59200814757936,0.7369475238203739,not_assessed,16.721720815774248,24.34517211638833,0.8255291103075094,not_assessed,20.751136525316557,14.22860252551072,0.721756453206363,not_assessed
2020-06-02,2020-06-01,2020-06-04,96,0,0,1,0,0,0,0,900.0,False,False,96,0,0,1,0,0,0,0,900.0,False,False,96,0,0,1,0,0,0,0,900.0,False,False,False,False,B,D1: неполное покрытие суток (служебные значения); D2: неполное покрытие суток (служебные значения); D3: неполное покрытие суток (служебные значения),,D1: неполное покрытие суток (служебные значения); D2: неполное покрытие суток (служебные значения); D3: неполное покрытие суток (служебные значения),skipped,,,,,,,,,,,,,
2020-06-03,2020-06-02,2020-06-05,96,0,0,1,0,0,0,0,900.0,True,False,96,0,0,1,0,0,0,0,900.0,True,False,96,0,0,1,0,0,0,0,900.0,True,False,True,False,B,D1: неполное окружение ±12 ч (служебные значения); D2: неполное окружение ±12 ч (служебные значения); D3: неполное окружение ±12 ч (служебные значения),,D1: неполное окружение ±12 ч (служебные значения); D2: неполное окружение ±12 ч (служебные значения); D3: неполное окружение ±12 ч (служебные значения),skipped,,,,,,,,,,,,,
2020-06-04,2020-06-03,2020-06-06,96,0,0,0,0,0,0,0,900.0,True,True,96,0,0,0,0,0,0,0,900.0,True,True,96,0,0,0,0,0,0,0,900.0,True,True,True,True,A,,,Расчёт возможен по существующим правилам,computed,,14.865430756588403,80.92999865265935,0.868267401609022,not_assessed,18.137716355358414,44.23716062676262,0.9075347561898993,not_assessed,21.748275239384903,21.403155951846703,0.7680015796874371,not_assessed
2020-06-05,2020-06-04,2020-06-07,96,0,0,0,0,0,0,0,900.0,True,True,96,0,0,0,0,0,0,0,900.0,True,True,96,0,0,0,0,0,0,0,900.0,True,True,True,True,A,,,Расчёт возможен по существующим правилам,computed,,14.802341055890736,38.825656518785244,0.8451311563915731,not_assessed,17.76770562756959,21.237807845408643,0.8364331207381142,not_assessed,22.016008713978685,10.204195687458203,0.5488937767564055,not_assessed
2020-06-06,2020-06-05,2020-06-08,96,0,0,0,0,0,0,0,900.0,True,True,96,0,0,0,0,0,0,0,900.0,True,True,96,0,0,0,0,0,0,0,900.0,True,True,True,True,A,,,Расчёт возможен по существующим правилам,computed,,15.249182541525784,71.62469073849587,0.7885596445136549,not_assessed,18.327228823634293,38.27791850479272,0.8631307701605071,not_assessed,21.13113047924175,15.727207957817727,0.6528980546096503,not_assessed
2020-06-07,2020-06-06,2020-06-09,96,0,0,0,0,0,0,0,900.0,True,True,96,0,0,0,0,0,0,0,900.0,True,True,96,0,0,0,0,0,0,0,900.0,True,True,True,True,A,,,Расчёт возможен по существующим правилам,computed,,14.009550858782331,67.60296303006872,0.8314641768237827,not_assessed,17.566546474739017,35.348128785415355,0.8801375190231732,not_assessed,21.185069196548476,15.619237248327762,0.7470618044690218,not_assessed
2020-06-08,2020-06-07,2020-06-10,96,0,0,0,0,0,0,0,900.0,True,True,96,0,0,0,0,0,0,0,900.0,True,True,96,0,0,0,0,0,0,0,900.0,True,True,True,True,A,,,Расчёт возможен по существующим правилам,computed,,13.757815131956637,45.483365871942866,0.8611918060827244,not_assessed,17.750061213980608,30.801879441185793,0.8820545373568358,not_assessed,21.45209738799534,16.256857906382656,0.7419757385753771,not_assessed
2020-06-09,2020-06-08,2020-06-11,96,0,0,0,0,0,0,0,900.0,True,True,96,0,0,0,0,0,0,0,900.0,True,True,96,0,0,0,0,0,0,0,900.0,True,True,True,True,A,,,Расчёт возможен по существующим правилам,computed,,14.11783182110635,43.55911145630832,0.8603927777368423,not_assessed,18.516719239697984,33.98000841121761,0.8785489188334926,not_assessed,21.960346116404608,18.34185638604662,0.7854348515775069,not_assessed
2020-06-10,2020-06-09,2020-06-12,96,0,0,0,0,0,0,0,900.0,True,True,96,0,0,0,0,0,0,0,900.0,True,True,96,0,0,0,0,0,0,0,900.0,True,True,True,True,A,,,Расчёт возможен по существующим правилам,computed,,13.78270774437474,39.26006939749331,0.8361106027979276,not_assessed,18.09840409790747,32.684496001661394,0.8840334951680248,not_assessed,21.77981623927787,16.966358064210933,0.7121882332035312,not_assessed
2020-06-11,2020-06-10,2020-06-13,96,0,0,0,0,0,0,0,900.0,True,True,96,0,0,0,0,0,0,0,900.0,True,True,96,0,0,0,0,0,0,0,900.0,True,True,True,True,A,,,Расчёт возможен по существующим правилам,computed,,13.737523577854311,36.48824042656815,0.7955384573322322,not_assessed,18.064795536709372,32.166131279769594,0.8753561904182288,not_assessed,21.393218587457582,17.12845362513009,0.7931012762580624,not_assessed
2020-06-12,2020-06-11,2020-06-14,96,0,0,0,0,0,0,0,900.0,True,True,96,0,0,0,0,0,0,0,900.0,True,True,96,0,0,0,0,0,0,0,900.0,True,True,True,True,A,,,Расчёт возможен по существующим правилам,computed,,13.495089263915617,34.38533408781161,0.8386257388712051,not_assessed,17.867733316383987,29.556025613568174,0.890471333292526,not_assessed,21.74969523166086,15.071537481297533,0.6967844339687664,not_assessed
2020-06-13,2020-06-12,2020-06-15,96,0,0,0,0,0,0,0,900.0,True,True,96,0,0,0,0,0,0,0,900.0,True,True,96,0,0,0,0,0,0,0,900.0,True,True,True,True,A,,,Расчёт возможен по существующим правилам,computed,,13.608154683383635,35.047968746875625,0.8321536790052203,not_assessed,18.277220856232574,29.905912579679747,0.6612995025334512,not_assessed,21.834310811658796,18.271372355121304,0.7936150090483178,not_assessed
2020-06-14,2020-06-13,2020-06-16,96,0,0,0,0,0,0,0,900.0,True,True,96,0,0,0,0,0,0,0,900.0,True,True,96,0,0,0,0,0,0,0,900.0,True,True,True,True,A,,,Расчёт возможен по существующим правилам,computed,,13.703552279201269,34.9084077278463,0.8379776430587266,not_assessed,18.119225554773394,29.54334302705879,0.8976956727707186,not_assessed,21.74101619191371,15.70878980751987,0.7141678537618301,not_assessed
2020-06-15,2020-06-14,2020-06-17,96,0,0,0,0,0,0,0,900.0,True,True,96,0,0,0,0,0,0,0,900.0,True,True,96,0,0,0,0,0,0,0,900.0,True,True,True,True,A,,,Расчёт возможен по существующим правилам,computed,,13.54962393299244,32.167686751657136,0.8305181244819644,not_assessed,18.825996827006335,34.32760272643089,0.42165916178444907,not_assessed,22.34210478854292,18.763110568983514,0.7962130767417798,not_assessed
2020-06-16,2020-06-15,2020-06-18,96,0,0,0,0,0,0,0,900.0,True,True,96,0,0,0,0,0,0,0,900.0,True,True,96,0,0,0,0,0,0,0,900.0,True,True,True,True,A,,,Расчёт возможен по существующим правилам,computed,,13.263397568890932,32.839907550579966,0.8535787648195126,not_assessed,17.662990426092716,30.608124764528768,0.36768865551845265,not_assessed,21.538063968076912,15.273761504530153,0.690870151837442,not_assessed
2020-06-17,2020-06-16,2020-06-19,96,0,0,0,0,0,0,0,900.0,True,True,96,0,0,0,0,0,0,0,900.0,True,True,96,0,0,0,0,0,0,0,900.0,True,True,True,True,A,,,Расчёт возможен по существующим правилам,computed,,13.292839131121681,33.38108833981615,0.8560598473146214,not_assessed,18.500682940757926,35.46481547770866,0.35282379432050714,not_assessed,21.90476997216539,16.23764196188667,0.6641097156334075,not_assessed
2020-06-18,2020-06-17,2020-06-20,96,0,0,0,0,0,0,0,900.0,True,True,96,0,0,0,0,0,0,0,900.0,True,True,96,0,0,0,0,0,0,0,900.0,True,True,True,True,A,,,Расчёт возможен по существующим правилам,computed,,13.294815549014285,32.85715251935545,0.8598109985107895,not_assessed,18.354218313539857,25.707634687650774,0.202634372527141,not_assessed,21.593189751881013,16.926094225000103,0.7827311332928868,not_assessed
2020-06-19,2020-06-18,2020-06-21,96,0,0,0,0,0,0,0,900.0,True,True,96,0,0,0,0,0,0,0,900.0,True,True,96,0,0,0,0,0,0,0,900.0,True,True,True,True,A,,,Расчёт возможен по существующим правилам,computed,,13.416153827678924,30.83968527018958,0.8552479983453889,not_assessed,18.154181980831545,24.979970284442256,0.5873333522231623,not_assessed,21.481471047523453,13.421739298923729,0.6810891969160185,not_assessed
2020-06-20,2020-06-19,2020-06-22,96,0,0,0,0,0,0,0,900.0,True,True,96,0,0,0,0,0,0,0,900.0,True,True,96,0,0,0,0,0,0,0,900.0,True,True,True,True,A,,,Расчёт возможен по существующим правилам,computed,,13.488808795859175,30.80632210633102,0.8454655276791059,not_assessed,18.703448998192663,30.680049034128345,0.2322632607448748,not_assessed,21.581703256339004,14.521878467945317,0.6699843176731619,not_assessed
2020-06-21,2020-06-20,2020-06-23,96,0,0,0,0,0,0,0,900.0,True,True,96,0,0,0,0,0,0,0,900.0,True,True,96,0,0,0,0,0,0,0,900.0,True,True,True,True,A,,,Расчёт возможен по существующим правилам,computed,,13.751408714830152,28.136661489234182,0.8296692617730721,not_assessed,17.34764306107632,22.250009011740964,0.24583928288590906,not_assessed,21.773163654964023,13.482831195861715,0.6737250426086769,not_assessed
2020-06-22,2020-06-21,2020-06-24,96,0,0,0,0,0,0,0,900.0,True,True,96,0,0,0,0,0,0,0,900.0,True,True,96,0,0,0,0,0,0,0,900.0,True,True,True,True,A,,,Расчёт возможен по существующим правилам,computed,,12.96171593916547,29.758081238146435,0.8629039471416468,not_assessed,18.7061418260681,21.303169577811037,0.2605751882600177,not_assessed,21.49491187206556,14.80079151953996,0.7182465495125825,not_assessed
2020-06-23,2020-06-22,2020-06-25,96,0,0,0,0,0,0,0,900.0,True,True,96,0,0,0,0,0,0,0,900.0,True,True,96,0,0,0,0,0,0,0,900.0,True,True,True,True,A,,,Расчёт возможен по существующим правилам,computed,,13.176101087061147,30.90553518499712,0.8639772728137362,not_assessed,18.63153813629878,11.663883705766612,0.02906461635171398,not_assessed,21.325799580387702,14.233913791841916,0.689989281972991,not_assessed
2020-06-24,2020-06-23,2020-06-26,96,0,0,0,0,0,0,0,900.0,True,True,96,0,0,0,1,0,0,0,900.0,False,False,96,0,0,0,0,0,0,0,900.0,True,True,False,False,B,D2: неполное покрытие суток (нарушение 0<C≤3000),,D2: неполное покрытие суток (нарушение 0<C≤3000),skipped,,,,,,,,,,,,,
2020-06-25,2020-06-24,2020-06-27,96,0,0,0,0,0,0,0,900.0,True,True,96,0,0,0,2,0,0,0,900.0,True,False,96,0,0,0,0,0,0,0,900.0,True,True,True,False,B,D2: неполное окружение ±12 ч (нарушение 0<C≤3000),,D2: неполное окружение ±12 ч (нарушение 0<C≤3000),skipped,,,,,,,,,,,,,
2020-06-26,2020-06-25,2020-06-28,96,0,0,0,0,0,0,0,900.0,True,True,96,0,0,0,1,0,0,0,900.0,False,False,96,0,0,0,0,0,0,0,900.0,True,True,False,False,B,D2: неполное покрытие суток (нарушение 0<C≤3000),,D2: неполное покрытие суток (нарушение 0<C≤3000),skipped,,,,,,,,,,,,,
2020-06-27,2020-06-26,2020-06-29,96,0,0,0,0,0,0,0,900.0,True,True,96,0,0,0,0,0,0,0,900.0,True,True,96,0,0,0,0,0,0,0,900.0,True,True,True,True,A,,,Расчёт возможен по существующим правилам,computed,,13.093893852200866,26.447242070063545,0.8074279830978348,not_assessed,17.965776299066434,23.561241071909894,0.8294814329986382,not_assessed,21.012985076766796,12.790624769060758,0.5567000287552935,not_assessed
2020-06-28,2020-06-27,2020-06-30,96,0,0,0,0,0,0,0,900.0,True,True,96,0,0,0,0,0,0,0,900.0,True,True,96,0,0,0,0,0,0,0,900.0,True,True,True,True,A,,,Расчёт возможен по существующим правилам,computed,,13.01201064187157,23.93091106756701,0.8089688910102394,not_assessed,17.61938239055296,23.61677845704149,0.7042349937479512,not_assessed,21.650498661114298,15.18555981777183,0.7003165395416129,not_assessed
2020-06-29,2020-06-28,2020-07-01,96,0,0,0,0,0,0,0,900.0,True,True,96,0,0,0,0,0,0,0,900.0,True,True,96,0,0,0,0,0,0,0,900.0,True,True,True,True,A,,,Расчёт возможен по существующим правилам,computed,,12.938563039473351,25.820397593026126,0.8442378194831031,not_assessed,19.80657565784942,31.765440174270804,0.07476605710726292,not_assessed,21.16329045176154,13.247854609617193,0.6707306189604328,not_assessed
2020-06-30,2020-06-29,2020-07-02,96,0,0,0,0,0,0,0,900.0,True,True,96,0,0,0,0,0,0,0,900.0,True,True,96,0,0,0,0,0,0,0,900.0,True,True,True,True,A,,,Расчёт возможен по существующим правилам,computed,,12.876177771077455,25.941990400826175,0.8570414640049561,not_assessed,18.51991418274238,23.73356284273211,0.15418197137199152,not_assessed,21.846454078547357,13.60356638771349,0.6161983092898013,not_assessed
2020-07-01,2020-06-30,2020-07-03,96,0,0,0,0,0,0,0,900.0,True,True,96,0,0,0,0,0,0,0,900.0,True,True,96,0,0,0,0,0,0,0,900.0,True,True,True,True,A,,,Расчёт возможен по существующим правилам,computed,,12.750338084512437,26.185995046426616,0.8576548944811474,not_assessed,18.552901368101928,26.87917646879579,0.3993936901570967,not_assessed,21.501394245488527,14.143790062901322,0.7094827608929519,not_assessed
2020-07-02,2020-07-01,2020-07-04,96,0,0,0,0,0,31,31,900.0,True,False,96,0,0,0,0,0,31,31,900.0,True,False,96,0,0,0,0,0,31,31,900.0,True,False,True,False,B,D1: неполное окружение ±12 ч; D2: неполное окружение ±12 ч; D3: неполное окружение ±12 ч,D1: диагностический постоянный участок в окнах расчёта; D2: диагностический постоянный участок в окнах расчёта; D3: диагностический постоянный участок в окнах расчёта,D1: неполное окружение ±12 ч; D2: неполное окружение ±12 ч; D3: неполное окружение ±12 ч; D1: диагностический постоянный участок в окнах расчёта; D2: диагностический постоянный участок в окнах расчёта; D3: диагностический постоянный участок в окнах расчёта,skipped,,,,,,,,,,,,,
2020-07-03,2020-07-02,2020-07-05,93,0,0,0,0,0,31,31,900.0,False,False,93,0,0,0,0,0,31,31,900.0,False,False,93,0,0,0,0,0,31,31,900.0,False,False,False,False,B,D1: неполное покрытие суток; D2: неполное покрытие суток; D3: неполное покрытие суток,D1: диагностический постоянный участок в окнах расчёта; D2: диагностический постоянный участок в окнах расчёта; D3: диагностический постоянный участок в окнах расчёта,D1: неполное покрытие суток; D2: неполное покрытие суток; D3: неполное покрытие суток; D1: диагностический постоянный участок в окнах расчёта; D2: диагностический постоянный участок в окнах расчёта; D3: диагностический постоянный участок в окнах расчёта,skipped,,,,,,,,,,,,,
2020-07-04,2020-07-03,2020-07-06,94,0,0,0,0,0,0,0,900.0,False,False,94,0,0,0,0,0,0,0,900.0,False,False,94,0,0,0,0,0,0,0,900.0,False,False,False,False,B,D1: неполное покрытие суток; D2: неполное покрытие суток; D3: неполное покрытие суток,,D1: неполное покрытие суток; D2: неполное покрытие суток; D3: неполное покрытие суток,skipped,,,,,,,,,,,,,
2020-07-05,2020-07-04,2020-07-07,96,0,0,0,0,0,0,0,900.0,True,False,96,0,0,0,0,0,0,0,900.0,True,False,96,0,0,0,0,0,0,0,900.0,True,False,True,False,B,D1: неполное окружение ±12 ч; D2: неполное окружение ±12 ч; D3: неполное окружение ±12 ч,,D1: неполное окружение ±12 ч; D2: неполное окружение ±12 ч; D3: неполное окружение ±12 ч,skipped,,,,,,,,,,,,,
2020-07-06,2020-07-05,2020-07-08,96,0,0,0,0,0,0,0,900.0,True,True,96,0,0,0,0,0,0,0,900.0,True,True,96,0,0,0,0,0,0,0,900.0,True,True,True,True,A,,,Расчёт возможен по существующим правилам,computed,,13.052698691886215,23.112640143372175,0.8294637919245254,not_assessed,17.137956404084136,21.704091032993084,0.44617478309297687,not_assessed,20.979743023527142,14.237968064234208,0.6882261276031276,not_assessed
2020-07-07,2020-07-06,2020-07-09,96,0,0,0,0,0,0,0,900.0,True,True,96,0,0,0,0,0,0,0,900.0,True,True,96,0,0,0,0,0,0,0,900.0,True,True,True,True,A,,,Расчёт возможен по существующим правилам,computed,,13.029476027998601,22.822139813869484,0.7981660129212839,not_assessed,2.0036131449388996,10.861611309396594,0.00823841196197661,not_assessed,21.74112945561027,13.585394511481132,0.7185072129160468,not_assessed
2020-07-08,2020-07-07,2020-07-10,96,0,0,2,0,0,0,0,900.0,True,False,96,0,0,2,0,0,0,0,900.0,True,False,96,0,0,2,0,0,0,0,900.0,True,False,True,False,B,D1: неполное окружение ±12 ч (служебные значения); D2: неполное окружение ±12 ч (служебные значения); D3: неполное окружение ±12 ч (служебные значения),,D1: неполное окружение ±12 ч (служебные значения); D2: неполное окружение ±12 ч (служебные значения); D3: неполное окружение ±12 ч (служебные значения),skipped,,,,,,,,,,,,,
2020-07-09,2020-07-08,2020-07-11,96,0,0,4,0,0,0,0,900.0,False,False,96,0,0,4,0,0,0,0,900.0,False,False,96,0,0,4,0,0,0,0,900.0,False,False,False,False,B,D1: неполное покрытие суток (служебные значения); D2: неполное покрытие суток (служебные значения); D3: неполное покрытие суток (служебные значения),,D1: неполное покрытие суток (служебные значения); D2: неполное покрытие суток (служебные значения); D3: неполное покрытие суток (служебные значения),skipped,,,,,,,,,,,,,
2020-07-10,2020-07-09,2020-07-12,96,0,0,2,0,0,0,0,900.0,False,False,96,0,0,2,0,0,0,0,900.0,False,False,96,0,0,2,0,0,0,0,900.0,False,False,False,False,B,D1: неполное покрытие суток (служебные значения); D2: неполное покрытие суток (служебные значения); D3: неполное покрытие суток (служебные значения),,D1: неполное покрытие суток (служебные значения); D2: неполное покрытие суток (служебные значения); D3: неполное покрытие суток (служебные значения),skipped,,,,,,,,,,,,,
2020-07-11,2020-07-10,2020-07-13,96,0,0,0,0,0,0,0,900.0,True,True,96,0,0,0,0,0,0,0,900.0,True,True,96,0,0,0,0,0,0,0,900.0,True,True,True,True,A,,,Расчёт возможен по существующим правилам,computed,,12.498017946801586,19.311692208523848,0.7866378177398932,not_assessed,16.857299791737766,18.98628944490898,0.2960030772557898,not_assessed,21.533502930387645,12.785234730374176,0.6675641441569329,not_assessed
2020-07-12,2020-07-11,2020-07-14,96,0,0,3,0,0,0,0,900.0,True,False,96,0,0,3,0,0,0,0,900.0,True,False,96,0,0,3,0,0,0,0,900.0,True,False,True,False,B,D1: неполное окружение ±12 ч (служебные значения); D2: неполное окружение ±12 ч (служебные значения); D3: неполное окружение ±12 ч (служебные значения),,D1: неполное окружение ±12 ч (служебные значения); D2: неполное окружение ±12 ч (служебные значения); D3: неполное окружение ±12 ч (служебные значения),skipped,,,,,,,,,,,,,
2020-07-13,2020-07-12,2020-07-15,96,0,0,3,0,0,0,0,900.0,False,False,96,0,0,3,0,0,0,0,900.0,False,False,96,0,0,3,0,0,0,0,900.0,False,False,False,False,B,D1: неполное покрытие суток (служебные значения); D2: неполное покрытие суток (служебные значения); D3: неполное покрытие суток (служебные значения),,D1: неполное покрытие суток (служебные значения); D2: неполное покрытие суток (служебные значения); D3: неполное покрытие суток (служебные значения),skipped,,,,,,,,,,,,,
2020-07-14,2020-07-13,2020-07-16,96,0,0,0,0,0,0,0,900.0,True,True,96,0,0,0,0,0,0,0,900.0,True,True,96,0,0,0,0,0,0,0,900.0,True,True,True,True,A,,,Расчёт возможен по существующим правилам,computed,,12.796474329795679,18.909700191347646,0.7395707291059472,not_assessed,18.147341353608432,19.913487645560007,0.8312578175244062,not_assessed,21.64889261509961,12.282185932556173,0.6608223757036891,not_assessed
2020-07-15,2020-07-14,2020-07-17,96,0,0,0,0,0,0,0,900.0,True,True,96,0,0,0,0,0,0,0,900.0,True,True,96,0,0,0,0,0,0,0,900.0,True,True,True,True,A,,,Расчёт возможен по существующим правилам,computed,,12.151886565872367,19.063242317460602,0.7360800949215496,not_assessed,17.01172458244651,18.43897395373341,0.8195836810334622,not_assessed,21.0364465889338,11.24705802943013,0.537998491140885,not_assessed
2020-07-16,2020-07-15,2020-07-18,96,0,0,0,0,0,0,0,900.0,True,True,96,0,0,0,0,0,0,0,900.0,True,True,96,0,0,0,0,0,0,0,900.0,True,True,True,True,A,,,Расчёт возможен по существующим правилам,computed,,12.9316270302392,18.53292599020986,0.7361814210978816,not_assessed,18.164964461070916,19.29744086947331,0.8784764674452625,not_assessed,21.668452495533998,9.72862610921428,0.4088387287238544,not_assessed
2020-07-17,2020-07-16,2020-07-19,96,0,0,0,0,0,0,0,900.0,True,True,96,0,0,0,0,0,0,0,900.0,True,True,96,0,0,0,0,0,0,0,900.0,True,True,True,True,A,,,Расчёт возможен по существующим правилам,computed,,12.454713306667207,19.072777087573858,0.8082004455963091,not_assessed,17.332099294088668,17.86901747287813,0.8379045717428746,not_assessed,21.579658652431803,9.851439579623001,0.5227905915721497,not_assessed
2020-07-18,2020-07-17,2020-07-20,96,0,0,0,0,0,0,0,900.0,True,True,96,0,0,0,0,0,0,0,900.0,True,True,96,0,0,0,0,0,0,0,900.0,True,True,True,True,A,,,Расчёт возможен по существующим правилам,computed,,12.745032635190729,16.840976587675875,0.6660943643005475,not_assessed,17.058188047064533,16.701537852762268,0.830553139806307,not_assessed,20.013518602352995,8.927871733095769,0.5024110312015848,not_assessed
2020-07-19,2020-07-18,2020-07-21,96,0,0,0,0,0,0,0,900.0,True,True,96,0,0,0,0,0,0,0,900.0,True,True,96,0,0,0,0,0,0,0,900.0,True,True,True,True,A,,,Расчёт возможен по существующим правилам,computed,,13.728807776943068,15.194389412178401,0.6983319937403597,not_assessed,18.147428140482912,14.95767560393976,0.7878469461886608,not_assessed,21.18003679573643,8.323495085573654,0.4544383615602573,not_assessed
2020-07-20,2020-07-19,2020-07-22,96,0,0,0,0,0,0,0,900.0,True,True,96,0,0,0,0,0,0,0,900.0,True,True,96,0,0,0,0,0,0,0,900.0,True,True,True,True,A,,,Расчёт возможен по существующим правилам,computed,,13.419711175810885,20.142328608486782,0.7025492557420041,not_assessed,18.20566348597759,17.06085901473716,0.729219501516768,not_assessed,21.946856661649885,9.233564856097798,0.48997911075744804,not_assessed
2020-07-21,2020-07-20,2020-07-23,96,0,0,0,0,0,0,0,900.0,True,True,96,0,0,0,0,0,0,0,900.0,True,True,96,0,0,0,0,0,0,0,900.0,True,True,True,True,A,,,Расчёт возможен по существующим правилам,computed,,12.8004808949245,18.130192789975812,0.7848609611717656,not_assessed,17.387774295083872,14.803262730152724,0.7527587221078536,not_assessed,21.452482529239933,10.501486326845036,0.5298868966187513,not_assessed
2020-07-22,2020-07-21,2020-07-24,96,0,0,1,0,0,0,0,900.0,True,False,96,0,0,1,0,0,0,0,900.0,True,False,96,0,0,1,0,0,0,0,900.0,True,False,True,False,B,D1: неполное окружение ±12 ч (служебные значения); D2: неполное окружение ±12 ч (служебные значения); D3: неполное окружение ±12 ч (служебные значения),,D1: неполное окружение ±12 ч (служебные значения); D2: неполное окружение ±12 ч (служебные значения); D3: неполное окружение ±12 ч (служебные значения),skipped,,,,,,,,,,,,,
2020-07-23,2020-07-22,2020-07-25,96,0,0,9,0,0,0,0,900.0,False,False,96,0,0,9,1,0,0,0,900.0,False,False,96,0,0,9,0,0,0,0,900.0,False,False,False,False,B,"D1: неполное покрытие суток (служебные значения); D2: неполное покрытие суток (служебные значения, нарушение 0<C≤3000); D3: неполное покрытие суток (служебные значения)",,"D1: неполное покрытие суток (служебные значения); D2: неполное покрытие суток (служебные значения, нарушение 0<C≤3000); D3: неполное покрытие суток (служебные значения)",skipped,,,,,,,,,,,,,
2020-07-24,2020-07-23,2020-07-26,96,0,0,7,0,0,0,0,900.0,True,False,96,0,0,7,2,0,0,0,900.0,False,False,96,0,0,7,0,0,0,0,900.0,True,False,False,False,B,"D1: неполное окружение ±12 ч (служебные значения); D2: неполное покрытие суток (служебные значения, нарушение 0<C≤3000); D3: неполное окружение ±12 ч (служебные значения)",,"D1: неполное окружение ±12 ч (служебные значения); D2: неполное покрытие суток (служебные значения, нарушение 0<C≤3000); D3: неполное окружение ±12 ч (служебные значения)",skipped,,,,,,,,,,,,,
2020-07-25,2020-07-24,2020-07-27,96,0,0,0,0,0,0,0,900.0,True,True,96,0,0,0,1,0,0,0,900.0,True,False,96,0,0,0,0,0,0,0,900.0,True,True,True,False,B,D2: неполное окружение ±12 ч (нарушение 0<C≤3000),,D2: неполное окружение ±12 ч (нарушение 0<C≤3000),skipped,,,,,,,,,,,,,
2020-07-26,2020-07-25,2020-07-28,96,0,0,0,0,0,0,0,900.0,True,True,96,0,0,0,0,0,0,0,900.0,True,True,96,0,0,0,0,0,0,0,900.0,True,True,True,True,A,,,Расчёт возможен по существующим правилам,computed,,15.489054067294433,95.95096213736781,0.8013925403393264,not_assessed,18.629062307688997,49.83823142134249,0.759717784942385,not_assessed,21.614260398126138,24.131150777061173,0.8258208352916607,not_assessed
2020-07-27,2020-07-26,2020-07-29,96,0,0,0,0,0,0,0,900.0,True,True,96,0,0,0,0,0,0,0,900.0,True,True,96,0,0,0,0,0,0,0,900.0,True,True,True,True,A,,,Расчёт возможен по существующим правилам,computed,,15.080518063032958,69.30821460806779,0.837154239625877,not_assessed,18.219197151262943,35.57111179409164,0.8743822065983142,not_assessed,21.741572592415235,15.274108697392577,0.7059755995681511,not_assessed
2020-07-28,2020-07-27,2020-07-30,96,0,0,0,0,0,0,0,900.0,True,True,96,0,0,0,0,0,0,0,900.0,True,True,96,0,0,0,0,0,0,0,900.0,True,True,True,True,A,,,Расчёт возможен по существующим правилам,computed,,14.20164449344231,43.023849308085616,0.7386538628853798,not_assessed,17.134505212245372,25.530105092261916,0.830332554200468,not_assessed,21.098404116615214,11.788002202488142,0.5522128776564277,not_assessed
2020-07-29,2020-07-28,2020-07-31,96,0,0,0,0,0,0,0,900.0,True,True,96,0,0,0,0,0,0,0,900.0,True,True,96,0,0,0,0,0,0,0,900.0,True,True,True,True,A,,,Расчёт возможен по существующим правилам,computed,,14.704135822356331,81.5859859208105,0.7355466958339553,not_assessed,18.066230094029525,43.56036493913962,0.8337064275384064,not_assessed,21.140108051546772,19.708734635518056,0.7069617254329053,not_assessed
2020-07-30,2020-07-29,2020-08-01,96,0,0,0,0,0,0,0,900.0,True,True,96,0,0,0,0,0,0,0,900.0,True,True,96,0,0,0,0,0,0,0,900.0,True,True,True,True,A,,,Расчёт возможен по существующим правилам,computed,,13.537332743704818,63.4933669781779,0.8510400324030466,not_assessed,17.617160100905082,38.913674164806515,0.9060407462772682,not_assessed,21.142520384720335,19.097602806476267,0.7855932089492967,not_assessed
2020-07-31,2020-07-30,2020-08-02,96,0,0,0,0,0,0,0,900.0,True,True,96,0,0,0,0,0,0,0,900.0,True,True,96,0,0,0,0,0,0,0,900.0,True,True,True,True,A,,,Расчёт возможен по существующим правилам,computed,,14.23784663270898,44.51262142348479,0.8617527270545665,not_assessed,18.198269528637194,35.99873066973784,0.8855632672857083,not_assessed,21.403522108446985,17.83129853945999,0.7639455433249984,not_assessed
2020-08-01,2020-07-31,2020-08-03,96,0,0,0,0,0,0,0,900.0,True,True,96,0,0,0,0,0,0,0,900.0,True,True,96,0,0,0,0,0,0,0,900.0,True,True,True,True,A,,,Расчёт возможен по существующим правилам,computed,,14.21886938943361,38.56263627072929,0.8300051903288586,not_assessed,18.11938711094707,29.952114631100685,0.7257277200354121,not_assessed,21.8053952858807,15.423933135552462,0.6866328635061374,not_assessed
2020-08-02,2020-08-01,2020-08-04,96,0,0,0,0,0,0,0,900.0,True,True,96,0,0,0,0,0,0,0,900.0,True,True,96,0,0,0,0,0,0,0,900.0,True,True,True,True,A,,,Расчёт возможен по существующим правилам,computed,,14.258421251820241,32.23959482226568,0.8106625047509549,not_assessed,20.03503474733482,27.531227049410887,0.13327186287256798,not_assessed,21.984646696567783,14.466077287966026,0.6492998754578073,not_assessed
2020-08-03,2020-08-02,2020-08-05,96,0,0,0,0,0,0,0,900.0,True,True,96,0,0,0,0,0,0,0,900.0,True,True,96,0,0,0,0,0,0,0,900.0,True,True,True,True,A,,,Расчёт возможен по существующим правилам,computed,,13.119347760050116,30.447147913430335,0.8006858984976692,not_assessed,17.56401368289395,23.593457300002054,0.8417649090437491,not_assessed,21.37441216632008,12.300479388747267,0.5704541223058086,not_assessed
2020-08-04,2020-08-03,2020-08-06,96,0,0,0,0,0,0,0,900.0,True,True,96,0,0,0,0,0,0,0,900.0,True,True,96,0,0,0,0,0,0,0,900.0,True,True,True,True,A,,,Расчёт возможен по существующим правилам,computed,,14.103841989904375,33.330686108451786,0.7830080556536221,not_assessed,18.171731431057154,29.527651954556063,0.8618056633543123,not_assessed,21.62666769196908,14.894554691407563,0.6536166366029457,not_assessed
2020-08-05,2020-08-04,2020-08-07,96,0,0,0,0,0,0,0,900.0,True,True,96,0,0,0,0,0,0,0,900.0,True,True,96,0,0,0,0,0,0,0,900.0,True,True,True,True,A,,,Расчёт возможен по существующим правилам,computed,,13.616942178719844,33.71040499292847,0.8374084770920645,not_assessed,18.146644630241713,28.118904419675637,0.8777294322075126,not_assessed,22.129654808205796,16.7203252332345,0.7571361233502459,not_assessed
2020-08-06,2020-08-05,2020-08-08,96,0,0,0,0,0,0,0,900.0,True,True,96,0,0,0,0,0,0,0,900.0,True,True,96,0,0,0,0,0,0,0,900.0,True,True,True,True,A,,,Расчёт возможен по существующим правилам,computed,,13.416777133848369,35.65637439625488,0.847913556660628,not_assessed,17.859064385655213,29.108324639671554,0.8997041628735618,not_assessed,21.293211594312954,15.62852793556429,0.7289885036215111,not_assessed
2020-08-07,2020-08-06,2020-08-09,96,0,0,0,0,0,0,0,900.0,True,True,96,0,0,0,0,0,0,0,900.0,True,True,96,0,0,0,0,0,0,0,900.0,True,True,True,True,A,,,Расчёт возможен по существующим правилам,computed,,13.584093796221063,34.95494701400493,0.8073591935822572,not_assessed,17.870214903746238,28.005073334881587,0.8792164943330529,not_assessed,22.08421334766287,14.90215226900328,0.7057484107525465,not_assessed
2020-08-08,2020-08-07,2020-08-10,96,0,0,0,0,0,0,0,900.0,True,True,96,0,0,0,0,0,0,0,900.0,True,True,96,0,0,0,0,0,0,0,900.0,True,True,True,True,A,,,Расчёт возможен по существующим правилам,computed,,13.940138180891811,31.893605645109428,0.806088721566592,not_assessed,18.08156538854306,27.613728911223188,0.8968866117991122,not_assessed,21.428533164157308,13.69858014231843,0.6440103660477416,not_assessed
2020-08-09,2020-08-08,2020-08-11,96,0,0,0,0,0,0,0,900.0,True,True,96,0,0,0,0,0,0,0,900.0,True,True,96,0,0,0,0,0,0,0,900.0,True,True,True,True,A,,,Расчёт возможен по существующим правилам,computed,,13.896482800040713,32.47973162571125,0.8268378098292444,not_assessed,18.35577018676168,27.422654395781684,0.8739619675660208,not_assessed,22.091406657773906,15.541618730272367,0.7431170411944306,not_assessed
2020-08-10,2020-08-09,2020-08-12,96,0,0,0,0,0,0,0,900.0,True,True,96,0,0,0,0,0,0,0,900.0,True,True,96,0,0,0,0,0,0,0,900.0,True,True,True,True,A,,,Расчёт возможен по существующим правилам,computed,,13.827135068987818,31.81278878647272,0.8227742618626546,not_assessed,18.220137511445696,27.267805019590217,0.9019467492724811,not_assessed,21.584875377080174,14.063562338043972,0.6842529463819498,not_assessed
2020-08-11,2020-08-10,2020-08-13,96,0,0,0,0,0,0,0,900.0,True,True,96,0,0,0,0,0,0,0,900.0,True,True,96,0,0,0,0,0,0,0,900.0,True,True,True,True,A,,,Расчёт возможен по существующим правилам,computed,,13.631418804076079,31.822888054551573,0.8199416199863993,not_assessed,17.72460652793392,29.029888333944005,0.801757416150589,not_assessed,21.87590646673411,15.295129288964759,0.6864874782582122,not_assessed
2020-08-12,2020-08-11,2020-08-14,96,0,0,0,0,0,0,0,900.0,True,True,96,0,0,0,0,0,0,0,900.0,True,True,96,0,0,0,0,0,0,0,900.0,True,True,True,True,A,,,Расчёт возможен по существующим правилам,computed,,13.674780291123836,29.952620993863746,0.8080968495551654,not_assessed,18.209324491609983,26.497780459793596,0.8492816502862314,not_assessed,21.733810133313707,13.786444368569764,0.6049801146798914,not_assessed
2020-08-13,2020-08-12,2020-08-15,96,0,0,0,0,0,0,0,900.0,True,True,96,0,0,0,0,0,0,0,900.0,True,True,96,0,0,0,0,0,0,0,900.0,True,True,True,True,A,,,Расчёт возможен по существующим правилам,computed,,12.982244145174972,26.408948721244023,0.7856073098333947,not_assessed,17.297186028786005,22.599564272100153,0.8859576681739196,not_assessed,21.460824788636707,11.228161772680647,0.5791274350554615,not_assessed
2020-08-14,2020-08-13,2020-08-16,96,0,0,0,0,0,0,0,900.0,True,True,96,0,0,0,0,0,0,0,900.0,True,True,96,0,0,0,0,0,0,0,900.0,True,True,True,True,A,,,Расчёт возможен по существующим правилам,computed,,13.284845629061186,26.01235580991298,0.7914939158030275,not_assessed,17.847310402285146,24.499997326342395,0.8556094550692117,not_assessed,21.154145999533092,14.326944117491099,0.69289942462964,not_assessed
2020-08-15,2020-08-14,2020-08-17,96,0,0,0,0,0,0,0,900.0,True,True,96,0,0,0,0,0,0,0,900.0,True,True,96,0,0,0,0,0,0,0,900.0,True,True,True,True,A,,,Расчёт возможен по существующим правилам,computed,,13.621989094135431,28.112776369361278,0.7952103365359954,not_assessed,18.22164750385282,26.867169554617902,0.861065269543669,not_assessed,21.49147169765022,16.737263341427358,0.7028657876951155,not_assessed
2020-08-16,2020-08-15,2020-08-18,96,0,0,0,0,0,0,0,900.0,True,True,96,0,0,0,0,0,0,0,900.0,True,True,96,0,0,0,0,0,0,0,900.0,True,True,True,True,A,,,Расчёт возможен по существующим правилам,computed,,12.668952584119557,26.87266801483981,0.7185914051967808,not_assessed,16.810382194790513,23.62659878394351,0.8315494600808409,not_assessed,20.33272061529714,12.224546442715159,0.5915232592065354,not_assessed
2020-08-17,2020-08-16,2020-08-19,96,0,0,0,0,0,0,0,900.0,True,True,96,0,0,0,0,0,0,0,900.0,True,True,96,0,0,0,0,0,0,0,900.0,True,True,True,True,A,,,Расчёт возможен по существующим правилам,computed,,12.892723742132622,29.519733078514534,0.8059551136137119,not_assessed,17.47485886263573,24.85460549371464,0.8402814879283468,not_assessed,21.084309431568787,15.131138287872837,0.6526845461946607,not_assessed
2020-08-18,2020-08-17,2020-08-20,96,0,0,0,0,0,0,0,900.0,True,True,96,0,0,0,0,0,0,0,900.0,True,True,96,0,0,0,0,0,0,0,900.0,True,True,True,True,A,,,Расчёт возможен по существующим правилам,computed,,9.5579446521896,30.0507454567756,0.2686838266552761,not_assessed,12.505732967217394,23.451122496919844,0.25582371812415095,not_assessed,19.28095365759262,14.191550044466995,0.3861706230830374,not_assessed
2020-08-19,2020-08-18,2020-08-21,96,0,0,0,0,0,0,0,900.0,True,True,96,0,0,0,0,0,0,0,900.0,True,True,96,0,0,0,0,0,0,0,900.0,True,True,True,True,A,,,Расчёт возможен по существующим правилам,computed,,15.80675991454162,60.14379221986762,0.8103031042587764,not_assessed,19.213880249636382,28.385938699653277,0.8391550997184384,not_assessed,22.245403586231774,10.817807587377791,0.49850053912835,not_assessed
2020-08-20,2020-08-19,2020-08-22,96,0,0,0,0,0,0,0,900.0,True,True,96,0,0,0,0,0,0,0,900.0,True,True,96,0,0,0,0,0,0,0,900.0,True,True,True,True,A,,,Расчёт возможен по существующим правилам,computed,,14.972826609648676,60.888249889853,0.7978217458916348,not_assessed,18.47621540151113,31.670443724906185,0.8524657436206791,not_assessed,22.437692797804647,13.62913431663539,0.6403979723930078,not_assessed
2020-08-21,2020-08-20,2020-08-23,96,0,0,0,0,0,0,0,900.0,True,True,96,0,0,0,0,0,0,0,900.0,True,True,96,0,0,0,0,0,0,0,900.0,True,True,True,True,A,,,Расчёт возможен по существующим правилам,computed,,15.234974689017017,53.40611555330715,0.8013973675714691,not_assessed,18.443351660705954,29.21072720203893,0.8436842179943627,not_assessed,21.92158311299433,12.89730875245353,0.606180500943398,not_assessed
2020-08-22,2020-08-21,2020-08-24,96,0,0,0,0,0,0,0,900.0,True,True,96,0,0,0,0,0,0,0,900.0,True,True,96,0,0,0,0,0,0,0,900.0,True,True,True,True,A,,,Расчёт возможен по существующим правилам,computed,,14.564235402870592,58.68714196108516,0.7938157282507052,not_assessed,17.85057824956608,30.912731923911686,0.8608056741795481,not_assessed,21.609352679337903,15.239416880528848,0.6688750964945662,not_assessed
2020-08-23,2020-08-22,2020-08-25,96,0,0,0,0,0,0,0,900.0,True,True,96,0,0,0,0,0,0,0,900.0,True,True,96,0,0,0,0,0,0,0,900.0,True,True,True,True,A,,,Расчёт возможен по существующим правилам,computed,,13.416362488697215,52.95755926125945,0.7915440543114,not_assessed,17.38388868824209,29.03945019763618,0.8710421740083066,not_assessed,21.246850709028447,16.130816815162426,0.7522642253434353,not_assessed
2020-08-24,2020-08-23,2020-08-26,96,0,0,0,0,0,0,0,900.0,True,True,96,0,0,0,0,0,0,0,900.0,True,True,96,0,0,0,0,0,0,0,900.0,True,True,True,True,A,,,Расчёт возможен по существующим правилам,computed,,13.65301972247224,21.468782273151742,0.7444098381295982,not_assessed,17.5699705061589,15.579989657414052,0.7851117758786007,not_assessed,21.405722348278843,6.831340104946335,0.3539019026790001,not_assessed
2020-08-25,2020-08-24,2020-08-27,96,0,0,0,0,0,0,0,900.0,True,True,96,0,0,0,0,0,0,0,900.0,True,True,96,0,0,0,0,0,0,0,900.0,True,True,True,True,A,,,Расчёт возможен по существующим правилам,computed,,13.530021176814904,21.366517802616652,0.6361848356081852,not_assessed,18.07219321278548,16.232171622847822,0.7532047756021959,not_assessed,21.458649065375994,8.775767306746788,0.424415552471582,not_assessed
2020-08-26,2020-08-25,2020-08-28,96,0,0,0,0,0,0,0,900.0,True,True,96,0,0,0,0,0,0,0,900.0,True,True,96,0,0,0,0,0,0,0,900.0,True,True,True,True,A,,,Расчёт возможен по существующим правилам,computed,,13.799092627629511,17.36504340233321,0.6651742781042062,not_assessed,17.891795171561697,14.351803418913482,0.7349759754536893,not_assessed,21.965421609369844,7.52997260040258,0.3608481304090465,not_assessed
2020-08-27,2020-08-26,2020-08-29,96,0,0,0,0,0,0,0,900.0,True,True,96,0,0,0,0,0,0,0,900.0,True,True,96,0,0,0,0,0,0,0,900.0,True,True,True,True,A,,,Расчёт возможен по существующим правилам,computed,,12.984922196768508,28.346859533782332,0.688150886754564,not_assessed,17.66880276560118,21.557080309608043,0.7315155308968373,not_assessed,22.292336239727323,10.930757647771586,0.4648510225306808,not_assessed
2020-08-28,2020-08-27,2020-08-30,96,0,0,0,0,0,0,0,900.0,True,True,96,0,0,0,0,0,0,0,900.0,True,True,96,0,0,0,0,0,0,0,900.0,True,True,True,True,A,,,Расчёт возможен по существующим правилам,computed,,12.778418750856599,29.410134204425685,0.7106693566224112,not_assessed,17.230596109381324,24.33454115481414,0.8047774137636234,not_assessed,20.809305146750415,12.860876564687208,0.5592269651411022,not_assessed
2020-08-29,2020-08-28,2020-08-31,96,0,0,0,0,0,0,0,900.0,True,True,96,0,0,0,0,0,0,0,900.0,True,True,96,0,0,0,0,0,0,0,900.0,True,True,True,True,A,,,Расчёт возможен по существующим правилам,computed,,13.50475244419506,30.21057826556768,0.7205977604519215,not_assessed,18.035953891472733,26.087513273103216,0.8353612612287125,not_assessed,21.23380373912986,13.231533445657263,0.5907725259027319,not_assessed
2020-08-30,2020-08-29,2020-09-01,96,0,0,0,0,0,0,0,900.0,True,True,96,0,0,0,0,0,0,0,900.0,True,True,96,0,0,0,0,0,0,0,900.0,True,True,True,True,A,,,Расчёт возможен по существующим правилам,computed,,13.562091771696176,30.308733063145525,0.7875150493125289,not_assessed,17.83946302404656,25.65300492078307,0.8327731214903121,not_assessed,21.867904690570978,13.4848260375628,0.6726381668670713,not_assessed
2020-08-31,2020-08-30,2020-09-01,96,0,0,0,0,0,0,0,900.0,False,False,96,0,0,0,0,0,0,0,900.0,False,False,96,0,0,0,0,0,0,0,900.0,False,False,False,False,B,D1: неполное покрытие суток (граница выбранного блока); D2: неполное покрытие суток (граница выбранного блока); D3: неполное покрытие суток (граница выбранного блока),,D1: неполное покрытие суток (граница выбранного блока); D2: неполное покрытие суток (граница выбранного блока); D3: неполное покрытие суток (граница выбранного блока),skipped,,,,,,,,,,,,,
